neighborhood-range,tolerance,init-sd,enable-movement?,responsiveness,polarization,moran-i-ideology
4,0.05,0.2,true,0.25,0.03840614869545893,-0.007902361609912534
4,0.05,0.2,true,0.25,0.043690259483848734,0.02928511805866404
4,0.1,0.2,true,0.25,0.03926618329703749,-0.007489135506067504
4,0.05,0.2,true,0.25,0.04888055155427811,0.07800765124718766
4,0.15,0.2,true,0.25,0.040291338702134354,0.0020532777117493227
4,0.05,0.2,true,0.25,0.054126195526969394,0.08947447124099112
4,0.1,0.2,true,0.25,0.044825013207702685,0.04638200588200533
4,0.05,0.2,true,0.25,0.06036902111383586,0.13109130776663025
4,0.1,0.2,true,0.25,0.049443468510649735,0.08098915839399294
4,0.15,0.2,true,0.25,0.04522376546059824,0.04784374751298986
4,0.05,0.2,true,0.25,0.06524115457776347,0.1974821506156945
4,0.1,0.2,true,0.25,0.05510033987922903,0.10700521926597305
4,0.05,0.2,true,0.25,0.06983145678762706,0.27994148909028205
4,0.15,0.2,true,0.25,0.0499489923114968,0.06686430835736246
4,0.1,0.2,true,0.25,0.06003766123551453,0.15721186985957167
4,0.05,0.2,true,0.25,0.07391288105383265,0.37525055507024185
4,0.15,0.2,true,0.25,0.05387515845289208,0.12808877602685223
4,0.05,0.2,true,0.25,0.07782950099385441,0.46716367687058113
4,0.1,0.2,true,0.25,0.06451007527524862,0.2279163065291475
4,0.05,0.2,true,0.25,0.08158766223443094,0.4868595976045311
4,0.15,0.2,true,0.25,0.0585400284471838,0.14412693694098191
4,0.1,0.2,true,0.25,0.06879456359887678,0.26428309894983076
4,0.05,0.2,true,0.25,0.08435105645570536,0.5138907302271329
4,0.15,0.2,true,0.25,0.06263384991443609,0.23753591658429338
4,0.1,0.2,true,0.25,0.07336103458673345,0.37289223900369345
4,0.05,0.2,true,0.25,0.0868880818749194,0.5474732067833762
4,0.1,0.2,true,0.25,0.07633147414904895,0.45371825701593704
4,0.15,0.2,true,0.25,0.06633825094976199,0.2941424477125673
4,0.05,0.2,true,0.25,0.08971668094069675,0.5442025733600382
4,0.1,0.2,true,0.25,0.07954128578708163,0.47086800624620667
4,0.05,0.2,true,0.25,0.0917532873303166,0.55406980876099
4,0.15,0.2,true,0.25,0.06975338165580086,0.2879086372754617
4,0.1,0.2,true,0.25,0.08234618152757434,0.514477876417066
4,0.15,0.2,true,0.25,0.07321877965067776,0.3615802240459808
4,0.05,0.2,true,0.25,0.09360014431397372,0.5781136890032669
4,0.05,0.2,true,0.25,0.09559846352111712,0.6526381796803771
4,0.1,0.2,true,0.25,0.08516257258321591,0.4701955966652671
4,0.15,0.2,true,0.25,0.07565053894725443,0.42755270550202806
4,0.05,0.2,true,0.25,0.09720269879960623,0.6314369451107713
4,0.15,0.2,true,0.25,0.0784550576925395,0.41263607317256407
4,0.1,0.2,true,0.25,0.08794407941655934,0.5387453668996004
4,0.05,0.2,true,0.25,0.09925443258247134,0.6413274918824184
4,0.1,0.2,true,0.25,0.091041968863889,0.585259025470707
4,0.15,0.2,true,0.25,0.08058642333920182,0.5073197724340373
4,0.05,0.2,true,0.25,0.10104313558112515,0.7094923414060117
4,0.1,0.2,true,0.25,0.09377464909126754,0.5741334556482235
4,0.15,0.2,true,0.25,0.08187827920932005,0.5659667004525435
4,0.05,0.2,true,0.25,0.10242948122078879,0.7142842282540146
4,0.1,0.2,true,0.25,0.09629219632741058,0.6105298370630923
4,0.15,0.2,true,0.25,0.08361311229446289,0.5739035294039995
4,0.05,0.2,true,0.25,0.10396302405078232,0.6983805508849905
4,0.1,0.2,true,0.25,0.09872400551085757,0.6665455514793043
4,0.15,0.2,true,0.25,0.08496441001547522,0.5607809459596219
4,0.05,0.2,true,0.25,0.10595301011000215,0.7000575145943341
4,0.1,0.2,true,0.25,0.10019980381163922,0.6924937452728963
4,0.15,0.2,true,0.25,0.08638937600828338,0.6790162286829508
4,0.05,0.2,true,0.25,0.10752749851246649,0.7875462087841667
4,0.15,0.2,true,0.25,0.08766986147782856,0.7292561053205143
4,0.1,0.2,true,0.25,0.10272012990079776,0.6972622655666335
4,0.05,0.2,true,0.25,0.10932036045746725,0.7924603235482244
4,0.05,0.2,true,0.25,0.11143595694364056,0.8211059772019834
4,0.15,0.2,true,0.25,0.0893020081456343,0.7361635698154687
4,0.1,0.2,true,0.25,0.10446256167245385,0.7407905569596731
4,0.05,0.2,true,0.25,0.1130187016255582,0.8470680369051199
4,0.15,0.2,true,0.25,0.09025984075696361,0.7498240339028731
4,0.1,0.2,true,0.25,0.10625927342238649,0.790160705598372
4,0.05,0.2,true,0.25,0.11547227092055141,0.8244739073426602
4,0.15,0.2,true,0.25,0.09130084735574773,0.782615010696424
4,0.1,0.2,true,0.25,0.10819116707551689,0.8480550597106096
4,0.05,0.2,true,0.25,0.1174042579858243,0.8453377297763467
4,0.15,0.2,true,0.25,0.0921392254993908,0.8242470919425955
4,0.1,0.2,true,0.25,0.11039591514906796,0.8354388055951851
4,0.05,0.2,true,0.25,0.11905976112437093,0.8544861299295289
4,0.15,0.2,true,0.25,0.0929772809183588,0.8334390602088781
4,0.1,0.2,true,0.25,0.11140740763027757,0.8685276302093695
4,0.05,0.2,true,0.25,0.12120768584573026,0.847118043286214
4,0.15,0.2,true,0.25,0.09396205440539854,0.8744668182825567
4,0.1,0.2,true,0.25,0.11283793243567987,0.8677448609858834
4,0.05,0.2,true,0.25,0.12370315595430613,0.8805118528001513
4,0.15,0.2,true,0.25,0.09503638247460924,0.880927104806048
4,0.1,0.2,true,0.25,0.11430011829282982,0.9029608564515984
4,0.05,0.2,true,0.25,0.12517154019310858,0.8758185551150172
4,0.15,0.2,true,0.25,0.0955628638575599,0.9319021203987817
4,0.1,0.2,true,0.25,0.11616492433731793,0.9017862477893286
4,0.05,0.2,true,0.25,0.1274426973532231,0.8785478112491427
4,0.15,0.2,true,0.25,0.0962768256351984,0.9578778462381823
4,0.05,0.2,true,0.25,0.12947410208750268,0.8674265294271886
4,0.1,0.2,true,0.25,0.11800306451512588,0.9172923482325046
4,0.15,0.2,true,0.25,0.09707383936242343,0.9637308476867945
4,0.05,0.2,true,0.25,0.13112498228673056,0.895712329019351
4,0.1,0.2,true,0.25,0.11947015542006117,0.8950460982535406
4,0.15,0.2,true,0.25,0.0976629969174161,0.937212339730906
4,0.05,0.2,true,0.25,0.1328724413261567,0.9191232855532359
4,0.1,0.2,true,0.25,0.12052863930255907,0.9036413539124707
4,0.15,0.2,true,0.25,0.09783873685499016,0.9834054679829781
4,0.05,0.2,true,0.25,0.13438984441080354,0.9579371257591419
4,0.15,0.2,true,0.25,0.09799554846242307,0.980763749784774
4,0.1,0.2,true,0.25,0.12183010149645641,0.929648402392963
4,0.05,0.2,true,0.25,0.136164760630027,0.9309639332869548
4,0.15,0.2,true,0.25,0.09883308383226459,1.0011654184655865
4,0.1,0.2,true,0.25,0.12338754189102495,0.923453297863952
4,0.05,0.2,true,0.25,0.13785281206890887,0.9713315009030726
4,0.15,0.2,true,0.25,0.09949047971154065,1.002007090377411
4,0.1,0.2,true,0.25,0.12467245152396719,0.9204603076565891
4,0.15,0.2,true,0.25,0.09957619186673401,1.0058132743653811
4,0.05,0.2,true,0.25,0.13966589722609385,0.9563434717728626
4,0.1,0.2,true,0.25,0.12594329305295235,0.9360359397553054
4,0.05,0.2,true,0.25,0.14101496552128806,0.978596178987631
4,0.15,0.2,true,0.25,0.0998788525506513,1.0069758578399457
4,0.1,0.2,true,0.25,0.12745402055402452,0.9539581806322868
4,0.05,0.2,true,0.25,0.14252023199119637,0.975755278807759
4,0.15,0.2,true,0.25,0.10028181920018536,1.0074580053630535
4,0.1,0.2,true,0.25,0.12877720550452174,0.9722861442513292
4,0.05,0.2,true,0.25,0.144378722868427,0.9957240833492881
4,0.15,0.2,true,0.25,0.10019821396782255,1.0037815602615745
4,0.05,0.2,true,0.25,0.14630194584056203,0.9850766757006706
4,0.15,0.2,true,0.25,0.10029410486387291,1.029672308168989
4,0.1,0.2,true,0.25,0.1301101442862145,0.983610389580216
4,0.05,0.2,true,0.25,0.14754455410026882,0.9776915642778695
4,0.15,0.2,true,0.25,0.10054986036250739,1.020735368652138
4,0.1,0.2,true,0.25,0.13146137558586013,0.9933384367497706
4,0.05,0.2,true,0.25,0.14902658443057842,0.9572495925346238
4,0.15,0.2,true,0.25,0.10099774215656956,1.0254596250920118
4,0.1,0.2,true,0.25,0.13255655936782096,0.9857599906416644
4,0.05,0.2,true,0.25,0.15090827946896282,0.9694349475834322
4,0.15,0.2,true,0.25,0.10136275753736868,1.0315797811267082
4,0.1,0.2,true,0.25,0.13393692626642867,0.9997023684676966
4,0.05,0.2,true,0.25,0.15307773678462397,0.9635695819832251
4,0.15,0.2,true,0.25,0.10133500047893866,1.0132406059877146
4,0.1,0.2,true,0.25,0.13472259815614926,0.9987698734754323
4,0.05,0.2,true,0.25,0.15417675280442938,0.9864615707682249
4,0.15,0.2,true,0.25,0.10155507814827856,1.0287250356172934
4,0.1,0.2,true,0.25,0.1355689740166293,0.9864821318936984
4,0.15,0.2,true,0.25,0.10179011289644493,1.0135945519593934
4,0.05,0.2,true,0.25,0.15570571813476303,0.9823691228268948
4,0.1,0.2,true,0.25,0.1368719071652878,0.994969857720548
4,0.15,0.2,true,0.25,0.10196084873438872,1.0307577989215642
4,0.05,0.2,true,0.25,0.15695922903861353,0.9934292351780277
4,0.1,0.2,true,0.25,0.137482660725792,0.9975072775736429
4,0.15,0.2,true,0.25,0.1020395785740899,1.0115082152522128
4,0.05,0.2,true,0.25,0.15854473588357917,1.0123061990412006
4,0.15,0.2,true,0.25,0.10219492414276923,1.0171788445792758
4,0.1,0.2,true,0.25,0.13813263274910575,0.9788341458414024
4,0.05,0.2,true,0.25,0.16000766654623289,1.018428659930537
4,0.05,0.2,true,0.25,0.1613879971843981,1.0045971295413956
4,0.15,0.2,true,0.25,0.10219123040049186,1.0222980433629778
4,0.1,0.2,true,0.25,0.13888146507683236,0.9953223768305913
4,0.05,0.2,true,0.25,0.1623943497287077,1.0273011222900612
4,0.1,0.2,true,0.25,0.13970153927657405,1.0007572794885666
4,0.15,0.2,true,0.25,0.10234205836025237,1.0478833733877022
4,0.05,0.2,true,0.25,0.16363282948625296,1.0129073408092113
4,0.1,0.2,true,0.25,0.14105142213812893,0.9994795656821153
4,0.15,0.2,true,0.25,0.1025179847208795,1.0402239448273258
4,0.05,0.2,true,0.25,0.16546972588579023,0.9984013276616632
4,0.15,0.2,true,0.25,0.10279088671865526,1.0352647921373577
4,0.1,0.2,true,0.25,0.14172649729369335,0.9855519301830061
4,0.15,0.2,true,0.25,0.1031323407632557,1.0320467558090114
4,0.05,0.2,true,0.25,0.1663969994211153,1.025080576802082
4,0.1,0.2,true,0.25,0.14283609475735165,1.0050768899171016
4,0.15,0.2,true,0.25,0.10335249162231071,1.0155090007979657
4,0.05,0.2,true,0.25,0.16798883196867842,1.0069027533346602
4,0.1,0.2,true,0.25,0.1436137099680854,0.989249898433535
4,0.15,0.2,true,0.25,0.10370740599474457,1.0117978289781853
4,0.05,0.2,true,0.25,0.16979312829640192,1.0180627376035343
4,0.1,0.2,true,0.25,0.1442397466732463,1.0070981291890526
4,0.15,0.2,true,0.25,0.10387418717550088,1.038197428978208
4,0.05,0.2,true,0.25,0.17041567103076452,1.0335530344933799
4,0.1,0.2,true,0.25,0.14502194849227015,1.015361743079491
4,0.15,0.2,true,0.25,0.10412044364271786,1.0497426413382052
4,0.05,0.2,true,0.25,0.17165781268729854,1.0246495396834252
4,0.1,0.2,true,0.25,0.14577019610886582,1.0187322499329763
4,0.15,0.2,true,0.25,0.10411252863411306,1.03573735513741
4,0.05,0.2,true,0.25,0.1729240592884334,1.016075985541651
4,0.1,0.2,true,0.25,0.146472458405522,1.0289102986647691
4,0.15,0.2,true,0.25,0.10418877487879535,1.0415616432555954
4,0.05,0.2,true,0.25,0.1741171540574853,1.0158455274173206
4,0.1,0.2,true,0.25,0.1473126186640947,1.0163007941114175
4,0.15,0.2,true,0.25,0.10429578766514931,1.0430793847967827
4,0.05,0.2,true,0.25,0.17538348452165398,1.0229498067568508
4,0.1,0.2,true,0.25,0.14817576985189804,1.025571765416284
4,0.05,0.2,true,0.25,0.1764719318467582,1.019670885164205
4,0.15,0.2,true,0.25,0.10457208543480116,1.0311784117200373
4,0.05,0.2,true,0.25,0.1773190456584102,1.0213194579934057
4,0.1,0.2,true,0.25,0.14904244128133703,1.0289517087522762
4,0.15,0.2,true,0.25,0.1045689650722403,1.0369618163288707
4,0.05,0.2,true,0.25,0.17840395596879458,1.0274264111347557
4,0.1,0.2,true,0.25,0.14958051184944016,1.0186461920149856
4,0.15,0.2,true,0.25,0.10458826814147412,1.043178792605273
4,0.05,0.2,true,0.25,0.1793829884972852,1.0225065142556349
4,0.15,0.2,true,0.25,0.10460750693043586,1.0437874720835336
4,0.1,0.2,true,0.25,0.15005749226926493,1.0262482233581303
4,0.15,0.2,true,0.25,0.10476073243474328,1.0447354536334297
4,0.05,0.2,true,0.25,0.18028108445349567,1.038126145622959
4,0.1,0.2,true,0.25,0.1507644676809972,1.0093818507202872
4,0.05,0.2,true,0.25,0.18160615192538437,1.0383508721100085
4,0.15,0.2,true,0.25,0.1050544468569586,1.0444283904662255
4,0.1,0.2,true,0.25,0.15132617403159865,1.0257400904662137
4,0.05,0.2,true,0.25,0.18252807185121137,1.0333419577100296
4,0.15,0.2,true,0.25,0.10512283372332784,1.047689324881639
4,0.1,0.2,true,0.25,0.1523320013470369,1.0313873533177698
4,0.05,0.2,true,0.25,0.1834843824382662,1.0304855332671008
4,0.15,0.2,true,0.25,0.10517459961869965,1.0502450703623678
4,0.1,0.2,true,0.25,0.15360757039025552,1.0333066520588525
4,0.05,0.2,true,0.25,0.18428291024110646,1.0428270230616323
4,0.15,0.2,true,0.25,0.10506860956672208,1.0497782593778735
4,0.05,0.2,true,0.25,0.18531341706764917,1.0463217950121968
4,0.1,0.2,true,0.25,0.15421291200000678,1.0233907624044511
4,0.15,0.2,true,0.25,0.10509378656526637,1.0539137902638729
4,0.05,0.2,true,0.25,0.18672913530664562,1.0375505277853059
4,0.15,0.2,true,0.25,0.10498716441893866,1.0537107684954432
4,0.1,0.2,true,0.25,0.15503045837988952,1.034571103559983
4,0.05,0.2,true,0.25,0.18762421209575722,1.025816063502701
4,0.15,0.2,true,0.25,0.10501649654018529,1.0507595994460888
4,0.1,0.2,true,0.25,0.15560606012655806,1.0313727596807296
4,0.05,0.2,true,0.25,0.18854510780421121,1.034911500477751
4,0.15,0.2,true,0.25,0.10496013452664218,1.0414018431599559
4,0.1,0.2,true,0.25,0.15622480990258225,1.0336430673028292
4,0.15,0.2,true,0.25,0.10497110562157554,1.0558158961637105
4,0.05,0.2,true,0.25,0.18928408374390812,1.0313503515426001
4,0.1,0.2,true,0.25,0.15718952082147206,1.0243849394022104
4,0.05,0.2,true,0.25,0.19033471721602355,1.0380655877093932
4,0.15,0.2,true,0.25,0.10505899093043779,1.0567587921195252
4,0.05,0.2,true,0.25,0.19127445545319918,1.0325935663622148
4,0.1,0.2,true,0.25,0.1577214629095309,1.0227085106727576
4,0.15,0.2,true,0.25,0.10511320781860745,1.0557793472798231
4,0.05,0.2,true,0.25,0.19245603102716932,1.0459038848878648
4,0.1,0.2,true,0.25,0.15854677329168868,1.0168849260928352
4,0.15,0.2,true,0.25,0.10516685033881021,1.055424734093994
4,0.05,0.2,true,0.25,0.1933867851483508,1.040292535012243
4,0.1,0.2,true,0.25,0.15922741780477023,1.0265377410580232
4,0.15,0.2,true,0.25,0.10513378234494472,1.0489553963467029
4,0.05,0.2,true,0.25,0.19428843141767632,1.0380196881235075
4,0.15,0.2,true,0.25,0.10522386179929079,1.0480142303091444
4,0.1,0.2,true,0.25,0.16010019554800947,1.0241439567601074
4,0.05,0.2,true,0.25,0.19545656122636448,1.0432260038877974
4,0.15,0.2,true,0.25,0.10517386469055982,1.0459159262239799
4,0.1,0.2,true,0.25,0.16076567487349472,1.033793730086236
4,0.05,0.2,true,0.25,0.19649595628770594,1.041795469370682
4,0.15,0.2,true,0.25,0.1052553303103078,1.0331608803855248
4,0.1,0.2,true,0.25,0.1616793548263831,1.0388959788880572
4,0.15,0.2,true,0.25,0.10535089794171794,1.0358950599065824
4,0.05,0.2,true,0.25,0.19723198177711526,1.0377658274891544
4,0.1,0.2,true,0.25,0.16237958149214549,1.0327465805533698
4,0.15,0.2,true,0.25,0.10541397585617063,1.0372178639679008
4,0.05,0.2,true,0.25,0.19802867741100147,1.043427351613874
4,0.1,0.2,true,0.25,0.1629594520033828,1.0372456574899163
4,0.15,0.2,true,0.25,0.10540788089065867,1.0440280353160405
4,0.05,0.2,true,0.25,0.1991766878101212,1.044076048286243
4,0.1,0.2,true,0.25,0.16342636115889564,1.028421606477321
4,0.15,0.2,true,0.25,0.10542940455238935,1.045459399145409
4,0.05,0.2,true,0.25,0.20017542047678466,1.048748802082803
4,0.1,0.2,true,0.25,0.16422118696720864,1.0291295527265791
4,0.15,0.2,true,0.25,0.10546017279512504,1.048477827462016
4,0.05,0.2,true,0.25,0.20075024305051906,1.0300440435011806
4,0.1,0.2,true,0.25,0.16508436887507533,1.0156503727968904
4,0.15,0.2,true,0.25,0.10547205142430571,1.0433139285959043
4,0.05,0.2,true,0.25,0.20170120528802768,1.0327038395939774
4,0.1,0.2,true,0.25,0.16543641237915582,1.02435270667967
4,0.15,0.2,true,0.25,0.10547576224863413,1.0419067132799158
4,0.05,0.2,true,0.25,0.20273529944879015,1.0353124904312208
4,0.15,0.2,true,0.25,0.10540803470687544,1.0532472848120624
4,0.1,0.2,true,0.25,0.16598674908778613,1.02806229310304
4,0.05,0.2,true,0.25,0.20327208393394006,1.0409369692063564
4,0.15,0.2,true,0.25,0.10555782488427311,1.0519747239137927
4,0.1,0.2,true,0.25,0.16633924241161557,1.0428231451859808
4,0.05,0.2,true,0.25,0.20388845485729787,1.042641087538279
4,0.15,0.2,true,0.25,0.10568663077424036,1.0516491568934903
4,0.1,0.2,true,0.25,0.16698998242912422,1.034992408885058
4,0.05,0.2,true,0.25,0.20452217917590162,1.040835238637365
4,0.15,0.2,true,0.25,0.10567078074094223,1.0586885819367793
4,0.1,0.2,true,0.25,0.16736992561160102,1.0499817344741187
4,0.05,0.2,true,0.25,0.2052513661163691,1.0318320634835798
4,0.15,0.2,true,0.25,0.1056086224982381,1.0575207932744035
4,0.1,0.2,true,0.25,0.1680140906861712,1.0543002411425695
4,0.05,0.2,true,0.25,0.20577311268670023,1.035267785514435
4,0.15,0.2,true,0.25,0.1057243011759404,1.0472495023257737
4,0.1,0.2,true,0.25,0.16834918406444085,1.036156370598004
4,0.05,0.2,true,0.25,0.206799007715645,1.029797202793209
4,0.15,0.2,true,0.25,0.10579527541903881,1.0598258232764322
4,0.1,0.2,true,0.25,0.1687370518658235,1.0508442925727495
4,0.05,0.2,true,0.25,0.20751620852026137,1.0306621481119274
4,0.15,0.2,true,0.25,0.10580590425163698,1.053716246274985
4,0.05,0.2,true,0.25,0.2080710566116844,1.0343983556125547
4,0.1,0.2,true,0.25,0.1689590951724022,1.0437077906672663
4,0.15,0.2,true,0.25,0.1057189333142886,1.052727799854902
4,0.05,0.2,true,0.25,0.20902900365468538,1.0305912306100693
4,0.1,0.2,true,0.25,0.16947613035781706,1.05273817096743
4,0.15,0.2,true,0.25,0.10566969718125219,1.0506042523256311
4,0.05,0.2,true,0.25,0.20942883914794572,1.020033617054419
4,0.1,0.2,true,0.25,0.16999752340889399,1.0376785748446222
4,0.15,0.2,true,0.25,0.10574963123547852,1.055979994870715
4,0.05,0.2,true,0.25,0.20979015215306349,1.0293004279535702
4,0.1,0.2,true,0.25,0.17040929963001195,1.0462493174166583
4,0.15,0.2,true,0.25,0.10569286832559709,1.047215603265495
4,0.05,0.2,true,0.25,0.21024195102100368,1.0313745116612414
4,0.1,0.2,true,0.25,0.1708412022188087,1.0453149800504493
4,0.15,0.2,true,0.25,0.10579572846843999,1.0446456720457584
4,0.05,0.2,true,0.25,0.2104840607824415,1.0304824341390697
4,0.1,0.2,true,0.25,0.17134296270640906,1.0365275265379323
4,0.15,0.2,true,0.25,0.10574090918160785,1.0471955480552602
4,0.05,0.2,true,0.25,0.2111277214890092,1.0358671936930188
4,0.1,0.2,true,0.25,0.17165166209280777,1.0330360817173456
4,0.15,0.2,true,0.25,0.1057248262851874,1.0518804062786462
4,0.05,0.2,true,0.25,0.2116152670169101,1.0460379869071383
4,0.1,0.2,true,0.25,0.1720535649441158,1.036751150012353
4,0.15,0.2,true,0.25,0.10571517471853395,1.0510092480650326
4,0.1,0.2,true,0.25,0.1724368895642353,1.0429557085293226
4,0.05,0.2,true,0.25,0.21227612838112694,1.0331549681333747
4,0.15,0.2,true,0.25,0.10567825903515829,1.0474998284008858
4,0.05,0.2,true,0.25,0.21269220140386838,1.0309869866585886
4,0.1,0.2,true,0.25,0.17303793048706131,1.0465767112305284
4,0.15,0.2,true,0.25,0.10566784066297247,1.0456797262912096
4,0.05,0.2,true,0.25,0.21333798472308474,1.0256015856403098
4,0.15,0.2,true,0.25,0.10566790625447353,1.0414068941741306
4,0.1,0.2,true,0.25,0.17345324920258834,1.0391297333454723
4,0.05,0.2,true,0.25,0.21383309731932756,1.038031062163646
4,0.15,0.2,true,0.25,0.10563393551920304,1.046434767444421
4,0.1,0.2,true,0.25,0.17353899661108557,1.0487322767634546
4,0.05,0.2,true,0.25,0.21478674100375802,1.036008774849259
4,0.15,0.2,true,0.25,0.10562366337450216,1.0424326231870236
4,0.1,0.2,true,0.25,0.17387519129943427,1.0532536819557445
4,0.05,0.2,true,0.25,0.21529180196653347,1.0224617400615248
4,0.15,0.2,true,0.25,0.10575401967998534,1.0409580748299576
4,0.05,0.2,true,0.25,0.21593096855084704,1.0361165250004392
4,0.15,0.2,true,0.25,0.10575267075101391,1.0419045681762713
4,0.1,0.2,true,0.25,0.174286102560169,1.0523418276267846
4,0.15,0.2,true,0.25,0.10579841701127278,1.0454506149512284
4,0.05,0.2,true,0.25,0.21663345331761794,1.0336686354284008
4,0.1,0.2,true,0.25,0.1743626652615123,1.0533361948533955
4,0.15,0.2,true,0.25,0.10571898288809486,1.046739102896872
4,0.05,0.2,true,0.25,0.21689605540632245,1.0333094055246164
4,0.1,0.2,true,0.25,0.17477672963653382,1.0552709452496918
4,0.15,0.2,true,0.25,0.10562611586034346,1.0462647890236105
4,0.05,0.2,true,0.25,0.21765896542242097,1.0364251204599901
4,0.1,0.2,true,0.25,0.1749190257844419,1.0533571536801882
4,0.15,0.2,true,0.25,0.1056115870867011,1.0454626767727673
4,0.05,0.2,true,0.25,0.2183244040672169,1.0315571133616455
4,0.1,0.2,true,0.25,0.1752299877570147,1.0608113728937851
4,0.15,0.2,true,0.25,0.10557869030854443,1.0385697281295982
4,0.05,0.2,true,0.25,0.2188919184894915,1.039870493326993
4,0.1,0.2,true,0.25,0.1754146868061754,1.0537342621300652
4,0.15,0.2,true,0.25,0.1056053540523487,1.040304917150454
4,0.05,0.2,true,0.25,0.21937864192969592,1.0369088481975535
4,0.1,0.2,true,0.25,0.17567892281527736,1.049722634602302
4,0.15,0.2,true,0.25,0.10554082855390165,1.0389578661240497
4,0.05,0.2,true,0.25,0.22002747884787596,1.028709406894685
4,0.15,0.2,true,0.25,0.10550530296043051,1.0411749630307392
4,0.1,0.2,true,0.25,0.17587788823165132,1.0466585917729343
4,0.05,0.2,true,0.25,0.22068292339419615,1.028794484684697
4,0.15,0.2,true,0.25,0.10547583686587615,1.0425221039968477
4,0.1,0.2,true,0.25,0.17610181494484786,1.0438619091696073
4,0.05,0.2,true,0.25,0.22121087475603812,1.027532910785608
4,0.15,0.2,true,0.25,0.10543748561851976,1.0409594488338785
4,0.05,0.2,true,0.25,0.22159993274849435,1.0263833579105799
4,0.1,0.2,true,0.25,0.17653506526077972,1.0471104809746823
4,0.15,0.2,true,0.25,0.10538515803040993,1.0407714599585993
4,0.1,0.2,true,0.25,0.17686145559634336,1.0599094942344591
4,0.05,0.2,true,0.25,0.22206640442774228,1.0244043089977812
4,0.15,0.2,true,0.25,0.10531487058757572,1.0448528803952484
4,0.1,0.2,true,0.25,0.1771349594174629,1.0554450929966712
4,0.05,0.2,true,0.25,0.2225284685814517,1.0243828674246465
4,0.15,0.2,true,0.25,0.10531402002671708,1.0416991200377004
4,0.05,0.2,true,0.25,0.22293254966019943,1.0328747955574895
4,0.1,0.2,true,0.25,0.17742993578582505,1.0556244850211056
4,0.15,0.2,true,0.25,0.10523998241470214,1.0466729115378457
4,0.05,0.2,true,0.25,0.22325970189676553,1.0313235579821967
4,0.1,0.2,true,0.25,0.17755433577644822,1.058752099195648
4,0.15,0.2,true,0.25,0.10521112627758958,1.0489071118152251
4,0.05,0.2,true,0.25,0.22383672070639238,1.032830221783994
4,0.1,0.2,true,0.25,0.1778524332809866,1.052595753493609
4,0.15,0.2,true,0.25,0.10519230882030903,1.0498014900084294
4,0.05,0.2,true,0.25,0.22433761363423033,1.02314367292383
4,0.1,0.2,true,0.25,0.17800251012710536,1.0495520382247996
4,0.15,0.2,true,0.25,0.10515821062920855,1.047602596330891
4,0.05,0.2,true,0.25,0.22476880206781363,1.036656713877714
4,0.1,0.2,true,0.25,0.17807744863558836,1.0487691562554498
4,0.15,0.2,true,0.25,0.10512868766316374,1.0493816021488587
4,0.05,0.2,true,0.25,0.2253689921021043,1.032546410062553
4,0.15,0.2,true,0.25,0.10507264915675503,1.0491035649302674
4,0.1,0.2,true,0.25,0.17811742703181077,1.060027233331577
4,0.05,0.2,true,0.25,0.22555715015100167,1.0351563372554453
4,0.15,0.2,true,0.25,0.10503184490070709,1.0467545909843727
4,0.1,0.2,true,0.25,0.17854694670932905,1.0520236752193912
4,0.05,0.2,true,0.25,0.22575741971785113,1.0350123571485974
4,0.15,0.2,true,0.25,0.10501318681340192,1.0474735379190436
4,0.1,0.2,true,0.25,0.17880657052371968,1.0505059246542854
4,0.05,0.2,true,0.25,0.22611647202167887,1.0310648307788306
4,0.15,0.2,true,0.25,0.10499206998311629,1.0466382521173696
4,0.05,0.2,true,0.25,0.2261412879189387,1.0320297516935735
4,0.1,0.2,true,0.25,0.17897497709141252,1.0414753375549943
4,0.15,0.2,true,0.25,0.10496374641270859,1.0457244951670526
4,0.1,0.2,true,0.25,0.17916641535635205,1.05455556579107
4,0.05,0.2,true,0.25,0.22632676152101386,1.031936326573433
4,0.15,0.2,true,0.25,0.10495262071685445,1.0428905983700107
4,0.05,0.2,true,0.25,0.22664973238049307,1.032716421332602
4,0.1,0.2,true,0.25,0.17971613768383624,1.0488870440048141
4,0.15,0.2,true,0.25,0.1049121563940208,1.0439222804931954
4,0.05,0.2,true,0.25,0.22695709795302654,1.0374051333410266
4,0.1,0.2,true,0.25,0.1800571309805274,1.0525849036880428
4,0.15,0.2,true,0.25,0.10492056883439184,1.0422224411197452
4,0.05,0.2,true,0.25,0.22725193038273178,1.0325938017705956
4,0.1,0.2,true,0.25,0.18046959149806807,1.050249283261655
4,0.15,0.2,true,0.25,0.1049164312614445,1.04384610698787
4,0.05,0.2,true,0.25,0.22754684414641746,1.032032677743962
4,0.1,0.2,true,0.25,0.1808984401581334,1.0476017366510884
4,0.15,0.2,true,0.25,0.10497722312124928,1.0412420989894833
4,0.05,0.2,true,0.25,0.22815019587907712,1.0283033019048036
4,0.1,0.2,true,0.25,0.18098427474230266,1.0491007700301445
4,0.15,0.2,true,0.25,0.10496175145392504,1.0446973566673223
4,0.05,0.2,true,0.25,0.22853219773289918,1.026084022821663
4,0.1,0.2,true,0.25,0.1809692728289314,1.0546356899309652
4,0.15,0.2,true,0.25,0.10494042492116695,1.045079127917643
4,0.05,0.2,true,0.25,0.2290130655309115,1.0216586537600643
4,0.15,0.2,true,0.25,0.10495774850857545,1.0435505028743977
4,0.1,0.2,true,0.25,0.18133718007565056,1.0525633909331078
4,0.05,0.2,true,0.25,0.22916644667902833,1.02375255514783
4,0.15,0.2,true,0.25,0.10495895144173747,1.0398441144144306
4,0.05,0.2,true,0.25,0.22922123412006548,1.0318205167385996
4,0.1,0.2,true,0.25,0.18157733436061396,1.0554848048898828
4,0.15,0.2,true,0.25,0.10497098243290827,1.0440521726599563
4,0.05,0.2,true,0.25,0.22933365392669275,1.0288935226311082
4,0.1,0.2,true,0.25,0.18195583367236975,1.0528015801621267
4,0.15,0.2,true,0.25,0.10499363942321162,1.0447201532269843
4,0.05,0.2,true,0.25,0.2294706225318428,1.0307453945430967
4,0.1,0.2,true,0.25,0.18222467227001907,1.0536987807660834
4,0.15,0.2,true,0.25,0.1050256283521144,1.0410758033395746
4,0.05,0.2,true,0.25,0.22974750862209514,1.0285590429059412
4,0.1,0.2,true,0.25,0.18256211876979261,1.052146386092219
4,0.15,0.2,true,0.25,0.10504108223773183,1.0344562957309813
4,0.05,0.2,true,0.25,0.23004953488241212,1.0272986494048224
4,0.1,0.2,true,0.25,0.1828304426434284,1.052806717505658
4,0.15,0.2,true,0.25,0.10499114082084329,1.036609961947382
4,0.05,0.2,true,0.25,0.2302302149667102,1.0253800057673883
4,0.1,0.2,true,0.25,0.18307213110950013,1.049947277535869
4,0.15,0.2,true,0.25,0.10501809781427025,1.0388677532409347
4,0.05,0.2,true,0.25,0.23046145728770276,1.0262374561453687
4,0.15,0.2,true,0.25,0.10501404569992742,1.0386538147893367
4,0.1,0.2,true,0.25,0.18326768845955912,1.0545379419888974
4,0.05,0.2,true,0.25,0.23064294774463664,1.0189564269628326
4,0.1,0.2,true,0.25,0.1836751394933211,1.0572795352407323
4,0.05,0.2,true,0.25,0.23064321982432173,1.0291237666257964
4,0.15,0.2,true,0.25,0.10504698814557649,1.0380037666410653
4,0.05,0.2,true,0.25,0.23103522540439447,1.0244054779403198
4,0.15,0.2,true,0.25,0.10502773534597941,1.036450668630664
4,0.1,0.2,true,0.25,0.18403457806889906,1.0575728676421705
4,0.05,0.2,true,0.25,0.23143156637445017,1.0233318318828728
4,0.15,0.2,true,0.25,0.10501623213727448,1.0432246487049244
4,0.1,0.2,true,0.25,0.18417865964281532,1.0616981122264406
4,0.05,0.2,true,0.25,0.23173978536963735,1.0260790481302557
4,0.15,0.2,true,0.25,0.1050190207346426,1.0431450898175545
4,0.1,0.2,true,0.25,0.1844941939262993,1.0536295253379737
4,0.05,0.2,true,0.25,0.2322105876548012,1.0316448188734249
4,0.15,0.2,true,0.25,0.10501791106385377,1.0439898657981128
4,0.1,0.2,true,0.25,0.1848682939367745,1.0508976698259216
4,0.05,0.2,true,0.25,0.23243993383668446,1.0311766664743436
4,0.15,0.2,true,0.25,0.10501412155835158,1.0386669579406145
4,0.1,0.2,true,0.25,0.18498753585044705,1.0538362953517861
4,0.05,0.2,true,0.25,0.23277911952672078,1.0265485463172437
4,0.15,0.2,true,0.25,0.10497142971446495,1.0427016134559866
4,0.1,0.2,true,0.25,0.18512120651216682,1.0584268185992842
4,0.05,0.2,true,0.25,0.23282560876169872,1.0298473565430395
4,0.15,0.2,true,0.25,0.10499060043899604,1.0352710774222877
4,0.05,0.2,true,0.25,0.23290106010415484,1.0342458820973959
4,0.1,0.2,true,0.25,0.18518290784019356,1.0562345117702336
4,0.15,0.2,true,0.25,0.10498714448906037,1.0431865383330778
4,0.05,0.2,true,0.25,0.23337061283609284,1.0246659912362872
4,0.15,0.2,true,0.25,0.10496451689018933,1.0385018053359276
4,0.1,0.2,true,0.25,0.18529371257535615,1.0574497131621479
4,0.05,0.2,true,0.25,0.23342873098075867,1.0257142561226589
4,0.15,0.2,true,0.25,0.10497739733325481,1.040144108786048
4,0.1,0.2,true,0.25,0.18547377780198096,1.0530473971558874
4,0.05,0.2,true,0.25,0.23367949307027114,1.0202794567942421
4,0.15,0.2,true,0.25,0.10498561786815849,1.0411303444146927
4,0.1,0.2,true,0.25,0.1857329979378891,1.0465046333697536
4,0.05,0.2,true,0.25,0.23405797174667473,1.0202797856652737
4,0.15,0.2,true,0.25,0.10499782783840131,1.0438862991277453
4,0.1,0.2,true,0.25,0.18564169737589675,1.059250861722612
4,0.05,0.2,true,0.25,0.2340963362613044,1.024337696470244
4,0.15,0.2,true,0.25,0.1049567260639687,1.04296295232423
4,0.1,0.2,true,0.25,0.1858249525356545,1.054032524698793
4,0.05,0.2,true,0.25,0.2341742822897108,1.024322698699972
4,0.15,0.2,true,0.25,0.10497332385613038,1.0427335515457485
4,0.1,0.2,true,0.25,0.18592891821893784,1.0521768193779855
4,0.05,0.2,true,0.25,0.23413744777047016,1.0221388250676968
4,0.15,0.2,true,0.25,0.10494444456267692,1.042119485298932
4,0.05,0.2,true,0.25,0.2342799763410813,1.0305330585047705
4,0.1,0.2,true,0.25,0.18603644160427266,1.058139314326613
4,0.15,0.2,true,0.25,0.10493319472995782,1.0424418131271533
4,0.05,0.2,true,0.25,0.2344752638914623,1.02683893618905
4,0.1,0.2,true,0.25,0.18625498049468353,1.0579013937499635
4,0.15,0.2,true,0.25,0.10490019604327536,1.043323503464158
4,0.05,0.2,true,0.25,0.23449461566866925,1.0252940143390148
4,0.1,0.2,true,0.25,0.18645698202539257,1.0588828834492496
4,0.15,0.2,true,0.25,0.10492531561212223,1.0385720815081423
4,0.05,0.2,true,0.25,0.23463163606388968,1.0271851900497089
4,0.1,0.2,true,0.25,0.1865128357490646,1.0532636701657165
4,0.15,0.2,true,0.25,0.10489199393177284,1.0393483630907285
4,0.05,0.2,true,0.25,0.2348326160510254,1.0248231365966143
4,0.1,0.2,true,0.25,0.18666271616955854,1.052740527713389
4,0.15,0.2,true,0.25,0.10487461044542688,1.0401323203122637
4,0.05,0.2,true,0.25,0.23490878771928492,1.0265736471314795
4,0.1,0.2,true,0.25,0.18658176024418516,1.0559146864891353
4,0.15,0.2,true,0.25,0.1048941315155427,1.039928113656097
4,0.05,0.2,true,0.25,0.23500262447534767,1.0269771583624676
4,0.1,0.2,true,0.25,0.1867259527943853,1.0574823715657702
4,0.05,0.2,true,0.25,0.23503903510426666,1.026124483111517
4,0.15,0.2,true,0.25,0.1048873420948338,1.0411137874345284
4,0.1,0.2,true,0.25,0.18700087768547405,1.0551872303185028
4,0.05,0.2,true,0.25,0.2354395103197926,1.021960214381396
4,0.15,0.2,true,0.25,0.10484450691370929,1.042467658636003
4,0.1,0.2,true,0.25,0.18707937316618672,1.0573322545393975
4,0.05,0.2,true,0.25,0.23554295320504884,1.0198010386254812
4,0.15,0.2,true,0.25,0.10483308654752035,1.0430582210416526
4,0.1,0.2,true,0.25,0.1871344368322995,1.055972895839429
4,0.05,0.2,true,0.25,0.23590049684162284,1.0195639269376284
4,0.15,0.2,true,0.25,0.10480802083172898,1.0436377500586107
4,0.1,0.2,true,0.25,0.1870485743028853,1.0521107490456456
4,0.05,0.2,true,0.25,0.2363053278306276,1.0199565125783034
4,0.15,0.2,true,0.25,0.1048026445092447,1.0447356380179176
4,0.05,0.2,true,0.25,0.23633181881883453,1.0180122374917804
4,0.1,0.2,true,0.25,0.18723897302923684,1.058520368885048
4,0.15,0.2,true,0.25,0.1047968284562629,1.0447766970483152
4,0.05,0.2,true,0.25,0.23647371460804248,1.0234573690469118
4,0.1,0.2,true,0.25,0.18748179174703986,1.055723644279656
4,0.15,0.2,true,0.25,0.10478055988144604,1.0445638713230678
4,0.05,0.2,true,0.25,0.23666708827799218,1.0208807692659974
4,0.1,0.2,true,0.25,0.1879004435794578,1.0499578238207714
4,0.15,0.2,true,0.25,0.10477375143563025,1.0439550753238276
4,0.05,0.2,true,0.25,0.23688655353491136,1.0198274124992361
4,0.1,0.2,true,0.25,0.18814780968638642,1.043119606813449
4,0.15,0.2,true,0.25,0.1047521289445064,1.0436008887440946
4,0.05,0.2,true,0.25,0.2369392972294267,1.019843414955248
4,0.15,0.2,true,0.25,0.10474661957913162,1.044102426530604
4,0.1,0.2,true,0.25,0.18820792525000346,1.0571493840149677
4,0.05,0.2,true,0.25,0.2370541237431531,1.0220719019390847
4,0.15,0.2,true,0.25,0.1047365627174592,1.0433536240792083
4,0.1,0.2,true,0.25,0.18836363017019153,1.056883088452913
4,0.05,0.2,true,0.25,0.23739044784938337,1.014363221813118
4,0.15,0.2,true,0.25,0.10470325940592895,1.0434208723990304
4,0.1,0.2,true,0.25,0.1883327743198499,1.0562870730319476
4,0.05,0.2,true,0.25,0.23748793310003335,1.019721650738927
4,0.15,0.2,true,0.25,0.10468879997810036,1.0434334210404392
4,0.1,0.2,true,0.25,0.18837513101621806,1.0541441588404337
4,0.05,0.2,true,0.25,0.23794313342624132,1.0190592936004932
4,0.15,0.2,true,0.25,0.10467913308334384,1.0434629022481743
4,0.1,0.2,true,0.25,0.18851120299009946,1.0530773836066858
4,0.05,0.2,true,0.25,0.23810380520196836,1.0190271240468014
4,0.15,0.2,true,0.25,0.10465367667799842,1.0434415925998743
4,0.1,0.2,true,0.25,0.1885665998810072,1.05396937827257
4,0.05,0.2,true,0.25,0.23831439703555338,1.019431996748355
4,0.15,0.2,true,0.25,0.10462889081906568,1.043172090866566
4,0.1,0.2,true,0.25,0.18867540024334475,1.0548818683341146
4,0.05,0.2,true,0.25,0.23845931436871623,1.0144369281118768
4,0.15,0.2,true,0.25,0.10462163350522181,1.0431912715788387
4,0.1,0.2,true,0.25,0.18871397877676419,1.0579171252049675
4,0.05,0.2,true,0.25,0.23846309358604958,1.02229969910794
4,0.15,0.2,true,0.25,0.10460497224967416,1.0432137427095882
4,0.1,0.2,true,0.25,0.1887543863177007,1.0592972395737377
4,0.05,0.2,true,0.25,0.23860474294154752,1.0193034714223408
4,0.15,0.2,true,0.25,0.10458304384390717,1.043237386444391
4,0.1,0.2,true,0.25,0.18887584955086925,1.0586597313308692
4,0.05,0.2,true,0.25,0.23862625044406047,1.0166022901549674
4,0.15,0.2,true,0.25,0.10456264321966718,1.0432772596532545
4,0.1,0.2,true,0.25,0.1890932630152046,1.0604911118781353
4,0.05,0.2,true,0.25,0.23893898564222585,1.0162919415505784
4,0.15,0.2,true,0.25,0.10455472567756899,1.0432918538062264
4,0.1,0.2,true,0.25,0.189201276435569,1.0596328770849508
4,0.05,0.2,true,0.25,0.23913823581647803,1.0216644515912325
4,0.15,0.2,true,0.25,0.10454962898990082,1.0432627278796003
4,0.05,0.2,true,0.25,0.239128529595448,1.0184058488141268
4,0.1,0.2,true,0.25,0.1892351921180777,1.0639564345905632
4,0.15,0.2,true,0.25,0.1045383655549215,1.043295900240329
4,0.05,0.2,true,0.25,0.23905627902448703,1.015930635686695
4,0.1,0.2,true,0.25,0.18933581412445816,1.061350843318408
4,0.15,0.2,true,0.25,0.10453289976886872,1.0432943677737652
4,0.1,0.2,true,0.25,0.18947155403147628,1.0609542234814948
4,0.15,0.2,true,0.25,0.1045133231742009,1.0433195146420848
4,0.1,0.2,true,0.25,0.1895263020539698,1.0633933853166828
4,0.15,0.2,true,0.25,0.10448754787004727,1.0433281368247547
4,0.1,0.2,true,0.25,0.189735850160405,1.0544049158314783
4,0.15,0.2,true,0.25,0.1044790482084377,1.0433484622797884
4,0.1,0.2,true,0.25,0.1898438363517411,1.0543777258586888
4,0.15,0.2,true,0.25,0.10447254852894418,1.0433472573726985
4,0.1,0.2,true,0.25,0.189874782561365,1.0564638125388521
4,0.15,0.2,true,0.25,0.1044681584102296,1.0433418344587126
4,0.1,0.2,true,0.25,0.1900030219281369,1.0527823643474217
4,0.15,0.2,true,0.25,0.10446266308015376,1.0433795252860527
4,0.1,0.2,true,0.25,0.19004231193878354,1.0533245111653524
4,0.15,0.2,true,0.25,0.10445066228957477,1.0433699078781082
4,0.1,0.2,true,0.25,0.19004698583428478,1.0484745965076792
4,0.1,0.2,true,0.25,0.19020923533610984,1.0549651091359522
4,0.1,0.2,true,0.25,0.1904459946580443,1.0526593435876272
4,0.1,0.2,true,0.25,0.19069995804890422,1.046778155609684
4,0.1,0.2,true,0.25,0.19085037233872257,1.049960296412843
4,0.1,0.2,true,0.25,0.1909650038407674,1.0569213807218412
4,0.1,0.2,true,0.25,0.19117554169960455,1.0582182124538322
4,0.1,0.2,true,0.25,0.1913733271187824,1.058442765161488
4,0.1,0.2,true,0.25,0.19149774329588615,1.0554253891637995
4,0.1,0.2,true,0.25,0.19156359037907214,1.0572759555622144
4,0.1,0.2,true,0.25,0.1915656598146384,1.0513812452525366
4,0.1,0.2,true,0.25,0.19171440998816175,1.0579094835334892
4,0.1,0.2,true,0.25,0.19182867200964154,1.0570530057317393
4,0.1,0.2,true,0.25,0.19182642767654315,1.0573002610216005
4,0.2,0.2,true,0.25,0.041351172262127006,0.0025518315405019393
4,0.2,0.2,true,0.25,0.04512976511167462,0.06600207033234992
4,0.2,0.2,true,0.25,0.04896582854845344,0.10304745332229799
4,0.2,0.2,true,0.25,0.05415506330523153,0.08742093750609196
4,0.2,0.2,true,0.25,0.05831054248218069,0.12614626694108164
4,0.2,0.2,true,0.25,0.06104040556679903,0.20604486621170254
4,0.2,0.2,true,0.25,0.06363457024699458,0.28655956901648477
4,0.2,0.2,true,0.25,0.06576587355794858,0.3165715050820723
4,0.2,0.2,true,0.25,0.06776035434628881,0.38685390625907107
4,0.25,0.2,true,0.25,0.041074046594351266,-0.0025943751436890085
4,0.2,0.2,true,0.25,0.06978184142882911,0.4441817065241568
4,0.25,0.2,true,0.25,0.04403038598177317,0.05810800073895454
4,0.2,0.2,true,0.25,0.07135622287438205,0.5045146879034531
4,0.25,0.2,true,0.25,0.04564380781440158,0.1152288500485824
4,0.2,0.2,true,0.25,0.07299318224558052,0.5556424867128352
4,0.25,0.2,true,0.25,0.04824170912881155,0.16705803668061642
4,0.2,0.2,true,0.25,0.07362636213490296,0.5405771971546799
4,0.25,0.2,true,0.25,0.050555120407702624,0.21918147987911132
4,0.2,0.2,true,0.25,0.07501196456415682,0.5554747816120184
4,0.25,0.2,true,0.25,0.05186458285806877,0.25238219682076407
4,0.2,0.2,true,0.25,0.0760555369465123,0.6033193376248486
4,0.25,0.2,true,0.25,0.052489997663512554,0.354185261961748
4,0.2,0.2,true,0.25,0.07688735318115687,0.6406045227669932
4,0.25,0.2,true,0.25,0.05315487308189364,0.36459844606323527
4,0.25,0.2,true,0.25,0.0537215178430423,0.3861310200219141
4,0.2,0.2,true,0.25,0.0768268549972193,0.673805615028517
4,0.25,0.2,true,0.25,0.053890600487443055,0.3884856771030085
4,0.2,0.2,true,0.25,0.07738533728311514,0.7373291156248739
4,0.25,0.2,true,0.25,0.05340866851856237,0.45874333972750736
4,0.2,0.2,true,0.25,0.07761167344391938,0.8032889482893882
4,0.25,0.2,true,0.25,0.0532089262221799,0.48024533212252773
4,0.2,0.2,true,0.25,0.07783751242028301,0.7736587925536965
4,0.25,0.2,true,0.25,0.05312590605045121,0.46461126728364904
4,0.2,0.2,true,0.25,0.07820445321802684,0.8053200480048299
4,0.25,0.2,true,0.25,0.053119848286105005,0.5311170864743513
4,0.2,0.2,true,0.25,0.07883250438970617,0.8424295038094675
4,0.25,0.2,true,0.25,0.0529219753868323,0.5174353795053928
4,0.2,0.2,true,0.25,0.07908634957453288,0.8735797976583223
4,0.25,0.2,true,0.25,0.05254219624731501,0.5862275904680224
4,0.3,0.2,true,0.25,0.03713799861834738,0.0071264166698010315
4,0.25,0.2,true,0.25,0.05221716635717136,0.6088025410559021
4,0.2,0.2,true,0.25,0.07896443269135425,0.9134740511169357
4,0.3,0.2,true,0.25,0.0382699461000118,0.12099236308404065
4,0.25,0.2,true,0.25,0.0517208118947624,0.5867287901374938
4,0.2,0.2,true,0.25,0.0794221094465719,0.8951400368180182
4,0.3,0.2,true,0.25,0.03859222093724427,0.18202534292232408
4,0.25,0.2,true,0.25,0.051305781834991494,0.6265847474690208
4,0.2,0.2,true,0.25,0.07976029000994292,0.8912654604661593
4,0.3,0.2,true,0.25,0.03888407626958805,0.24287548581800866
4,0.25,0.2,true,0.25,0.0506753238147366,0.6663438100255179
4,0.2,0.2,true,0.25,0.07973575377948956,0.91955637352685
4,0.25,0.2,true,0.25,0.04994204467566547,0.681960582237293
4,0.3,0.2,true,0.25,0.038589083879867404,0.30853350686711917
4,0.2,0.2,true,0.25,0.07962854659157158,0.9321981401987364
4,0.25,0.2,true,0.25,0.04959579907556569,0.6959748934790535
4,0.3,0.2,true,0.25,0.03881572983047972,0.30377070843939724
4,0.2,0.2,true,0.25,0.07939645805933346,0.9555324477063245
4,0.25,0.2,true,0.25,0.049363472598915555,0.7463468303750531
4,0.2,0.2,true,0.25,0.07926884424503214,0.9708714111095267
4,0.3,0.2,true,0.25,0.03870958801620263,0.4439688673900956
4,0.25,0.2,true,0.25,0.04891501764834652,0.78222745675266
4,0.3,0.2,true,0.25,0.03826440527913767,0.4551873965834134
4,0.2,0.2,true,0.25,0.07923521021399547,0.9787712292720748
4,0.25,0.2,true,0.25,0.04867246164401076,0.8058556323685239
4,0.2,0.2,true,0.25,0.07925986773640661,0.9900282211381809
4,0.3,0.2,true,0.25,0.037581850284993765,0.4730386723691642
4,0.25,0.2,true,0.25,0.047943736484884855,0.8109783048122786
4,0.2,0.2,true,0.25,0.07911670747031864,0.9783107786349328
4,0.3,0.2,true,0.25,0.037251529085387036,0.4797729879120087
4,0.25,0.2,true,0.25,0.047661138182026455,0.8175404624313654
4,0.2,0.2,true,0.25,0.07910918240121005,0.9761140211064245
4,0.3,0.2,true,0.25,0.0368730960104587,0.5565186023216144
4,0.25,0.2,true,0.25,0.04723137684413441,0.8301776433689009
4,0.2,0.2,true,0.25,0.078970818404965,0.9863589880127727
4,0.3,0.2,true,0.25,0.036049282228720295,0.5941340164952842
4,0.25,0.2,true,0.25,0.04723654473681842,0.8542203463927593
4,0.2,0.2,true,0.25,0.07860223377837831,0.9839868249410217
4,0.3,0.2,true,0.25,0.035351282097971004,0.6017247216854638
4,0.25,0.2,true,0.25,0.046872034091200714,0.8658223761245939
4,0.2,0.2,true,0.25,0.07871142383620817,0.9789798182346869
4,0.25,0.2,true,0.25,0.04659178308627092,0.8788832001197399
4,0.3,0.2,true,0.25,0.03465487172780486,0.5451878399287486
4,0.2,0.2,true,0.25,0.0788081693708781,0.9745420855255392
4,0.25,0.2,true,0.25,0.04638831946525094,0.8940780002901325
4,0.3,0.2,true,0.25,0.03402888409547557,0.6316480209889405
4,0.2,0.2,true,0.25,0.07885178967904877,0.9857436297793349
4,0.25,0.2,true,0.25,0.046148597614113586,0.9020409811379166
4,0.3,0.2,true,0.25,0.03348372489949291,0.6185309182408896
4,0.2,0.2,true,0.25,0.07896676719254224,0.9890467804150924
4,0.25,0.2,true,0.25,0.04618820275015668,0.9104284859507664
4,0.3,0.2,true,0.25,0.033067756763393304,0.6682144980340535
4,0.25,0.2,true,0.25,0.04582151700727899,0.9394083446843696
4,0.2,0.2,true,0.25,0.07904435581793788,0.9960988500474897
4,0.3,0.2,true,0.25,0.032271840886414285,0.6411255562808893
4,0.25,0.2,true,0.25,0.04570313002687332,0.918772975282432
4,0.2,0.2,true,0.25,0.07905815059043586,0.9910744475053963
4,0.3,0.2,true,0.25,0.03167156041977198,0.6790320752378198
4,0.25,0.2,true,0.25,0.04563960910746578,0.9477764850696876
4,0.2,0.2,true,0.25,0.07889860841712397,1.0088473393971893
4,0.3,0.2,true,0.25,0.03140419354755345,0.7239841807201715
4,0.25,0.2,true,0.25,0.04574663725773545,0.944382724397521
4,0.2,0.2,true,0.25,0.07881179718340173,1.0062303867822322
4,0.3,0.2,true,0.25,0.030931467338128894,0.7265991404744593
4,0.25,0.2,true,0.25,0.045417142010091824,0.9379248198252971
4,0.2,0.2,true,0.25,0.07879749163934045,0.9880926562041095
4,0.3,0.2,true,0.25,0.030682164557654667,0.748572946254755
4,0.25,0.2,true,0.25,0.04534161707433163,0.9442611179465441
4,0.3,0.2,true,0.25,0.030224016479723646,0.7493499488569123
4,0.2,0.2,true,0.25,0.07873057125593362,0.9904440300837511
4,0.25,0.2,true,0.25,0.04525647301986584,0.9442730304316825
4,0.3,0.2,true,0.25,0.029742937780383626,0.76953810963481
4,0.2,0.2,true,0.25,0.07869410509394466,0.9867065603488095
4,0.25,0.2,true,0.25,0.04516410076191692,0.9604076193835226
4,0.3,0.2,true,0.25,0.029236103733535076,0.7796051169505345
4,0.2,0.2,true,0.25,0.07877694882652396,0.9953276410691316
4,0.25,0.2,true,0.25,0.04501691351964443,0.9509899417360785
4,0.3,0.2,true,0.25,0.028715791335194866,0.7953690543702694
4,0.2,0.2,true,0.25,0.07890176204691081,1.005273349718558
4,0.25,0.2,true,0.25,0.04484978265571915,0.9529051566319677
4,0.3,0.2,true,0.25,0.02830213086442804,0.8330397596628611
4,0.2,0.2,true,0.25,0.07869485544696485,1.0165515224464707
4,0.25,0.2,true,0.25,0.04450703614523266,0.9665688348072361
4,0.3,0.2,true,0.25,0.027740107468285535,0.8372016573131296
4,0.2,0.2,true,0.25,0.07857322207594872,1.0126564506005666
4,0.25,0.2,true,0.25,0.04434649125561115,0.9698469079137103
4,0.3,0.2,true,0.25,0.027424391564920648,0.8462669129891661
4,0.25,0.2,true,0.25,0.04424620062486234,0.9712300861332179
4,0.2,0.2,true,0.25,0.0785241423244578,1.0113365127090153
4,0.25,0.2,true,0.25,0.04413413287883654,0.9835386042128054
4,0.3,0.2,true,0.25,0.0269767124027584,0.8812596641314374
4,0.2,0.2,true,0.25,0.07853928210549183,1.0179687966236506
4,0.25,0.2,true,0.25,0.0438716758022505,0.9719541861301799
4,0.3,0.2,true,0.25,0.02668304414061633,0.87819853927614
4,0.2,0.2,true,0.25,0.07840307807081023,1.0145251040493566
4,0.25,0.2,true,0.25,0.04378379059825793,0.9839178193307881
4,0.3,0.2,true,0.25,0.026420065754460605,0.8610918100889847
4,0.2,0.2,true,0.25,0.07818732724538438,1.0171481482626137
4,0.25,0.2,true,0.25,0.04349878174218669,0.9863865127953261
4,0.3,0.2,true,0.25,0.02629537058662953,0.9100146988089695
4,0.2,0.2,true,0.25,0.07816061228092866,1.0211802748535346
4,0.25,0.2,true,0.25,0.04324255567401947,0.9874993291023693
4,0.3,0.2,true,0.25,0.025940060962584374,0.900261677861252
4,0.2,0.2,true,0.25,0.07824591282109873,1.01875449151044
4,0.25,0.2,true,0.25,0.04298865429442104,0.9941558791780857
4,0.3,0.2,true,0.25,0.025520535862150764,0.9179521106452678
4,0.2,0.2,true,0.25,0.0781790390926768,1.0248363552896784
4,0.3,0.2,true,0.25,0.025102785924191424,0.9250442345681741
4,0.25,0.2,true,0.25,0.04288661732639841,0.9769532025711016
4,0.2,0.2,true,0.25,0.07812650496642694,1.016921105740977
4,0.3,0.2,true,0.25,0.02474701161317343,0.9532958337124009
4,0.25,0.2,true,0.25,0.042690881439505515,0.9862599084904777
4,0.2,0.2,true,0.25,0.07808814610292843,1.0166023177799075
4,0.25,0.2,true,0.25,0.04237611811063973,0.9962636964126476
4,0.3,0.2,true,0.25,0.024478584555675927,0.9655141108878946
4,0.2,0.2,true,0.25,0.07811130109194456,1.0123002667452554
4,0.25,0.2,true,0.25,0.042242441644152987,0.997505368338294
4,0.3,0.2,true,0.25,0.02425686625751211,0.9682695760701451
4,0.25,0.2,true,0.25,0.04216691805516284,0.9966358875044309
4,0.2,0.2,true,0.25,0.07799407371113119,1.0195750904177914
4,0.3,0.2,true,0.25,0.024047885490598244,0.9927435820749075
4,0.25,0.2,true,0.25,0.0420350840241072,1.0015887853172147
4,0.3,0.2,true,0.25,0.02371636547202269,1.0100679154730765
4,0.2,0.2,true,0.25,0.07780661339278297,1.0171496523354415
4,0.25,0.2,true,0.25,0.04192595860701074,0.9975953678335457
4,0.2,0.2,true,0.25,0.07779699714483565,1.0146083242191544
4,0.3,0.2,true,0.25,0.023382504824113297,1.0016397510881245
4,0.25,0.2,true,0.25,0.0419091103405147,0.9909688662013922
4,0.2,0.2,true,0.25,0.07768749822278943,1.0238909275337034
4,0.3,0.2,true,0.25,0.023203558642091077,1.0118466345896011
4,0.25,0.2,true,0.25,0.041805870697064325,0.9887874251839591
4,0.3,0.2,true,0.25,0.022930045802846473,1.0162422296115232
4,0.2,0.2,true,0.25,0.07773454670666857,1.0139933041833877
4,0.25,0.2,true,0.25,0.041465196688153974,0.9915761124934969
4,0.3,0.2,true,0.25,0.02257596959383073,1.0148688246030146
4,0.2,0.2,true,0.25,0.07765421152786778,1.0122395135708155
4,0.25,0.2,true,0.25,0.04124056513422372,0.9969607646319874
4,0.3,0.2,true,0.25,0.02260480033184821,1.0152729455980178
4,0.2,0.2,true,0.25,0.07756064163765271,1.0168195573339662
4,0.25,0.2,true,0.25,0.04122772291918011,0.9968817957122891
4,0.2,0.2,true,0.25,0.07741175698316811,1.02335374088408
4,0.3,0.2,true,0.25,0.02241571268128604,1.0094822302493687
4,0.25,0.2,true,0.25,0.0410662058207237,0.9982640118633637
4,0.2,0.2,true,0.25,0.07728449111185219,1.0184939811119273
4,0.3,0.2,true,0.25,0.02228789102716878,1.014190108199425
4,0.25,0.2,true,0.25,0.04104271789200499,0.9954585384715099
4,0.2,0.2,true,0.25,0.07714607649065428,1.0160393256751155
4,0.3,0.2,true,0.25,0.021965003584978705,1.0197212680781693
4,0.25,0.2,true,0.25,0.04108582070467989,0.99185949574398
4,0.2,0.2,true,0.25,0.07706909102780896,1.0205221106206208
4,0.3,0.2,true,0.25,0.021672292151451743,1.028549871747001
4,0.25,0.2,true,0.25,0.04093760392880309,0.9905504356634394
4,0.2,0.2,true,0.25,0.0771336253456399,1.0246996867308171
4,0.3,0.2,true,0.25,0.021516951144948733,1.0162340570330635
4,0.25,0.2,true,0.25,0.04081212267940831,0.9876899121556555
4,0.2,0.2,true,0.25,0.07711542095614883,1.0235235655742034
4,0.25,0.2,true,0.25,0.04071034943457099,0.9890929833319754
4,0.3,0.2,true,0.25,0.021417741351160275,1.0273599232214898
4,0.2,0.2,true,0.25,0.07706658258497467,1.0202313783025363
4,0.25,0.2,true,0.25,0.040692202427805045,0.9946229421830721
4,0.3,0.2,true,0.25,0.021211550611062654,1.0260116577144933
4,0.2,0.2,true,0.25,0.07702172619209346,1.020835787570013
4,0.25,0.2,true,0.25,0.04052234766696442,0.9939023465801504
4,0.2,0.2,true,0.25,0.07694576810511257,1.0198193606634403
4,0.3,0.2,true,0.25,0.0210660672930544,1.0284118223107286
4,0.25,0.2,true,0.25,0.040542382476467215,0.9936508991664647
4,0.2,0.2,true,0.25,0.07689480450912778,1.014899537457452
4,0.3,0.2,true,0.25,0.02089357750025606,1.0280995117703193
4,0.25,0.2,true,0.25,0.040463132643101064,0.9941535164078501
4,0.2,0.2,true,0.25,0.07673126643616082,1.0238568212488224
4,0.3,0.2,true,0.25,0.02078186289835301,1.0272603677321215
4,0.25,0.2,true,0.25,0.04041536792123262,0.9948075925734089
4,0.2,0.2,true,0.25,0.07667095451606841,1.0210870657304623
4,0.3,0.2,true,0.25,0.020600194817772383,1.0338000899110413
4,0.25,0.2,true,0.25,0.040256743720891955,0.995739392508263
4,0.2,0.2,true,0.25,0.07654069780381881,1.0185596807018182
4,0.3,0.2,true,0.25,0.020404428461419637,1.0343717124959306
4,0.25,0.2,true,0.25,0.040164075016639364,0.9958586942737538
4,0.2,0.2,true,0.25,0.07651659515028764,1.0203628302646006
4,0.3,0.2,true,0.25,0.020295866329741157,1.022875152956629
4,0.25,0.2,true,0.25,0.04011729089564694,0.9962941898300055
4,0.2,0.2,true,0.25,0.0764928407272427,1.0140228623935825
4,0.3,0.2,true,0.25,0.020211807976511436,1.0271539534422525
4,0.25,0.2,true,0.25,0.04003154344939965,0.9964055664273893
4,0.2,0.2,true,0.25,0.0766015261853353,1.0147798861321131
4,0.3,0.2,true,0.25,0.020000834601998762,1.0324787582675476
4,0.25,0.2,true,0.25,0.04005796338773596,0.9959724738960276
4,0.2,0.2,true,0.25,0.07655355025471144,1.0181898651059726
4,0.3,0.2,true,0.25,0.019839023945081184,1.040004589395069
4,0.25,0.2,true,0.25,0.03993775673264929,0.9960184918038095
4,0.2,0.2,true,0.25,0.0764906045818641,1.015259552189301
4,0.3,0.2,true,0.25,0.019644325899351493,1.0426382569153576
4,0.25,0.2,true,0.25,0.03977889626918345,0.9953729905715113
4,0.2,0.2,true,0.25,0.07637762682081177,1.0230376465122073
4,0.3,0.2,true,0.25,0.019417260554279402,1.042107918274504
4,0.25,0.2,true,0.25,0.039701853244244245,0.9939886983973485
4,0.2,0.2,true,0.25,0.07625372642008885,1.0186817696089854
4,0.3,0.2,true,0.25,0.019276891993021013,1.0425079146513996
4,0.2,0.2,true,0.25,0.07628971401688092,1.0180746823657119
4,0.25,0.2,true,0.25,0.039672323821376636,0.9942804264750603
4,0.3,0.2,true,0.25,0.019231040809129945,1.041265734815858
4,0.2,0.2,true,0.25,0.07628298674822975,1.0151360425279297
4,0.25,0.2,true,0.25,0.03963103895528412,0.9938201547987315
4,0.2,0.2,true,0.25,0.07628041129336638,1.015287220887225
4,0.3,0.2,true,0.25,0.019152669267057672,1.0417221436303221
4,0.25,0.2,true,0.25,0.03963431998620294,0.9935510171242298
4,0.2,0.2,true,0.25,0.07618449361582094,1.0171696117116438
4,0.25,0.2,true,0.25,0.03953817519995745,0.9936434043065894
4,0.3,0.2,true,0.25,0.019054379290556145,1.041613337775185
4,0.2,0.2,true,0.25,0.0760844875396551,1.0198375218622393
4,0.25,0.2,true,0.25,0.039596921435004616,0.9925353875616686
4,0.3,0.2,true,0.25,0.01894911116333881,1.0411828961628793
4,0.2,0.2,true,0.25,0.07599801881309962,1.0141822128145677
4,0.25,0.2,true,0.25,0.039476688597506644,0.9922972628402328
4,0.3,0.2,true,0.25,0.01881495024119145,1.0430738232471992
4,0.2,0.2,true,0.25,0.07593420594582105,1.0197968927217465
4,0.25,0.2,true,0.25,0.03949194818655271,0.9921110382887192
4,0.3,0.2,true,0.25,0.018643119766962903,1.0439362130588332
4,0.2,0.2,true,0.25,0.07592014200756507,1.020760557512786
4,0.25,0.2,true,0.25,0.0393139846487187,0.9923769441779702
4,0.3,0.2,true,0.25,0.018486671025700913,1.0441675554345682
4,0.2,0.2,true,0.25,0.07579679247171064,1.0194464737585232
4,0.25,0.2,true,0.25,0.039171290455485126,0.9921522405980231
4,0.2,0.2,true,0.25,0.07574436122008057,1.021332109382794
4,0.3,0.2,true,0.25,0.018268102333136107,1.0453044167812535
4,0.25,0.2,true,0.25,0.039072047510548547,0.9921423104186737
4,0.2,0.2,true,0.25,0.07571388264901603,1.0214917296686739
4,0.3,0.2,true,0.25,0.01813182545461215,1.0456787245212666
4,0.25,0.2,true,0.25,0.038987154818442955,0.9917438080090304
4,0.2,0.2,true,0.25,0.07565457635526625,1.0215567091060969
4,0.25,0.2,true,0.25,0.038889925701722554,0.9918743273414816
4,0.3,0.2,true,0.25,0.018005064513527073,1.0448045002508644
4,0.25,0.2,true,0.25,0.038833818231260836,0.9922342355687098
4,0.2,0.2,true,0.25,0.07567354717066539,1.021985427578384
4,0.3,0.2,true,0.25,0.0178958573057391,1.0454730516249913
4,0.2,0.2,true,0.25,0.07557298482089196,1.0231626480231788
4,0.25,0.2,true,0.25,0.03868844486217081,0.9925234433165016
4,0.3,0.2,true,0.25,0.01774962313586812,1.0456957428279945
4,0.2,0.2,true,0.25,0.07550444782569145,1.0167667673052243
4,0.25,0.2,true,0.25,0.03857794022539402,0.9923278163330053
4,0.3,0.2,true,0.25,0.017739649170030958,1.045639036907964
4,0.2,0.2,true,0.25,0.07547843273848796,1.0156394668099482
4,0.25,0.2,true,0.25,0.03853040913206372,0.9924238733491935
4,0.3,0.2,true,0.25,0.01759699276805029,1.046646769372344
4,0.2,0.2,true,0.25,0.07534990581231513,1.0194607424898512
4,0.25,0.2,true,0.25,0.038441572126206525,0.992101340533316
4,0.3,0.2,true,0.25,0.017323358660447728,1.048506234685185
4,0.2,0.2,true,0.25,0.07525155703188556,1.0182484527843105
4,0.25,0.2,true,0.25,0.03841429699523465,0.9915715703793795
4,0.3,0.2,true,0.25,0.017162732998153334,1.0482142331721938
4,0.2,0.2,true,0.25,0.07517262017178908,1.018370754721914
4,0.25,0.2,true,0.25,0.038205361923918414,0.9917265551012289
4,0.3,0.2,true,0.25,0.017079096673964612,1.0473768294832742
4,0.2,0.2,true,0.25,0.07508551174045272,1.016380393091379
4,0.25,0.2,true,0.25,0.038212674705743514,0.9911256407596472
4,0.3,0.2,true,0.25,0.016972849851075472,1.0488979715935531
4,0.2,0.2,true,0.25,0.07503666404646572,1.0161457547954293
4,0.25,0.2,true,0.25,0.03804824397601153,0.9917802099053145
4,0.3,0.2,true,0.25,0.016880490658634364,1.0488354587471536
4,0.2,0.2,true,0.25,0.07495545017438321,1.016335495660465
4,0.25,0.2,true,0.25,0.03795156298230441,0.9919343847270943
4,0.3,0.2,true,0.25,0.016795521680684256,1.0495944313795256
4,0.2,0.2,true,0.25,0.07497158033945586,1.0169149354904992
4,0.25,0.2,true,0.25,0.03797013336564901,0.9913553153382727
4,0.3,0.2,true,0.25,0.01664196634961989,1.0490150588746208
4,0.2,0.2,true,0.25,0.07502938992010157,1.0121295309205296
4,0.25,0.2,true,0.25,0.037878689856938264,0.9912831220471522
4,0.3,0.2,true,0.25,0.016442043669152615,1.0482066288485614
4,0.2,0.2,true,0.25,0.07496711609595345,1.0128751292689775
4,0.25,0.2,true,0.25,0.0377516392895434,0.9916810081034442
4,0.3,0.2,true,0.25,0.01632562356952324,1.0490467088634106
4,0.2,0.2,true,0.25,0.07495642351147808,1.0120292455208728
4,0.25,0.2,true,0.25,0.03774929656209477,0.991531856304151
4,0.3,0.2,true,0.25,0.016255955333020385,1.0491980694197833
4,0.2,0.2,true,0.25,0.07492868388181105,1.0111319301906843
4,0.25,0.2,true,0.25,0.037709134852906126,0.9908228647114565
4,0.3,0.2,true,0.25,0.016089745863062853,1.0487423980948696
4,0.2,0.2,true,0.25,0.07482653524580257,1.0123437120097654
4,0.25,0.2,true,0.25,0.037642724439715766,0.9902978199025527
4,0.3,0.2,true,0.25,0.01601362721383146,1.048743017237804
4,0.2,0.2,true,0.25,0.07479545873625565,1.012088375823104
4,0.25,0.2,true,0.25,0.03754384123117623,0.9895921402136263
4,0.3,0.2,true,0.25,0.0158618454843512,1.0495867402266408
4,0.2,0.2,true,0.25,0.07484891343561177,1.0095872267812158
4,0.25,0.2,true,0.25,0.03756334009493075,0.98911950903602
4,0.3,0.2,true,0.25,0.015792026021113723,1.0496032894345124
4,0.2,0.2,true,0.25,0.07476168314578403,1.0104703253213179
4,0.25,0.2,true,0.25,0.03761609295974551,0.988721767559193
4,0.3,0.2,true,0.25,0.015632712613777,1.0505074574639293
4,0.2,0.2,true,0.25,0.07473610798609637,1.0117566485225216
4,0.25,0.2,true,0.25,0.03749171441475622,0.9885552023863889
4,0.3,0.2,true,0.25,0.015473907107875069,1.050951235321704
4,0.2,0.2,true,0.25,0.07471454214682684,1.0110983072572315
4,0.25,0.2,true,0.25,0.03735470620774936,0.9863692346739256
4,0.3,0.2,true,0.25,0.015432475062841037,1.0510860420412431
4,0.2,0.2,true,0.25,0.07469955031135941,1.0113549653159672
4,0.25,0.2,true,0.25,0.03726755962789617,0.9868673591721554
4,0.3,0.2,true,0.25,0.015331704738086422,1.0510942100873577
4,0.2,0.2,true,0.25,0.07473001361169508,1.0119536674287828
4,0.25,0.2,true,0.25,0.03720127354631282,0.9868735235689856
4,0.3,0.2,true,0.25,0.01529596822544359,1.0506701749870162
4,0.2,0.2,true,0.25,0.07467764426264437,1.011611820789719
4,0.25,0.2,true,0.25,0.03712369921999713,0.9871421715177734
4,0.3,0.2,true,0.25,0.015182653007141625,1.0501584098976071
4,0.2,0.2,true,0.25,0.07462734436044617,1.010732696654079
4,0.25,0.2,true,0.25,0.036965180190948216,0.98797070878408
4,0.3,0.2,true,0.25,0.015086886035552968,1.0504195014789566
4,0.2,0.2,true,0.25,0.07457739143065703,1.012280979074665
4,0.25,0.2,true,0.25,0.0369097577926922,0.9877988084060573
4,0.3,0.2,true,0.25,0.015051019602411602,1.0501301220060923
4,0.2,0.2,true,0.25,0.07444766128777673,1.0123474143193587
4,0.25,0.2,true,0.25,0.03687066757074807,0.9872552467243233
4,0.3,0.2,true,0.25,0.014956504974992088,1.049182998817794
4,0.2,0.2,true,0.25,0.0743858814517548,1.0128658487770845
4,0.25,0.2,true,0.25,0.03675280360084433,0.9878641471010994
4,0.3,0.2,true,0.25,0.01488907997557199,1.0489285143135367
4,0.2,0.2,true,0.25,0.0743763007940101,1.0129856983479333
4,0.25,0.2,true,0.25,0.03677005715070743,0.9885676440390218
4,0.3,0.2,true,0.25,0.014828068451922041,1.0482755348353543
4,0.2,0.2,true,0.25,0.0743050699894176,1.0130625808848879
4,0.25,0.2,true,0.25,0.03669150929346336,0.9889498505769052
4,0.3,0.2,true,0.25,0.014721548913024744,1.047701090174303
4,0.2,0.2,true,0.25,0.074235016791228,1.0130455892848707
4,0.25,0.2,true,0.25,0.03649041728041308,0.9896809266046961
4,0.2,0.2,true,0.25,0.07413480232141258,1.0129005724760487
4,0.3,0.2,true,0.25,0.01456167957573249,1.0492877583560385
4,0.25,0.2,true,0.25,0.03645374431581396,0.9898419831548696
4,0.2,0.2,true,0.25,0.07414600204090369,1.0128967101127864
4,0.3,0.2,true,0.25,0.014450365110703451,1.048364149513545
4,0.25,0.2,true,0.25,0.036442436597489095,0.9890879340485264
4,0.2,0.2,true,0.25,0.07412178644398788,1.0129715354170243
4,0.25,0.2,true,0.25,0.03633028588085073,0.9889546416081115
4,0.3,0.2,true,0.25,0.014333357301802185,1.0490439603236685
4,0.2,0.2,true,0.25,0.07408456661106767,1.013050810782523
4,0.25,0.2,true,0.25,0.036199867542772074,0.9885937476537477
4,0.3,0.2,true,0.25,0.014257326029096136,1.048381091328761
4,0.2,0.2,true,0.25,0.07400088895083778,1.0127979550886006
4,0.25,0.2,true,0.25,0.03615216353112418,0.9885234169775463
4,0.3,0.2,true,0.25,0.014189154213809533,1.0476751208288106
4,0.25,0.2,true,0.25,0.036167445235496205,0.988003925216099
4,0.2,0.2,true,0.25,0.07397375227461185,1.0128499024364013
4,0.3,0.2,true,0.25,0.014039804931593515,1.048195747943821
4,0.25,0.2,true,0.25,0.03614490846707384,0.9874721270912757
4,0.2,0.2,true,0.25,0.07391835578911624,1.0128117533683232
4,0.3,0.2,true,0.25,0.013969972798902396,1.0498020488352455
4,0.25,0.2,true,0.25,0.036057104472214545,0.9876638378874893
4,0.2,0.2,true,0.25,0.07394113064279581,1.012577057013017
4,0.3,0.2,true,0.25,0.013866731358279183,1.0507177021558431
4,0.25,0.2,true,0.25,0.036056076625907006,0.9870154838573496
4,0.2,0.2,true,0.25,0.0739202653155522,1.0126884202607633
4,0.3,0.2,true,0.25,0.013764633427070664,1.0514335921948057
4,0.25,0.2,true,0.25,0.03600986146524207,0.9866599138413249
4,0.2,0.2,true,0.25,0.07384083328767883,1.012857237757072
4,0.3,0.2,true,0.25,0.01367428798217619,1.0506445857177855
4,0.25,0.2,true,0.25,0.03596899141711889,0.9872006409673594
4,0.2,0.2,true,0.25,0.0738068119618496,1.0127563340087384
4,0.25,0.2,true,0.25,0.03577298297695038,0.9877432935697351
4,0.3,0.2,true,0.25,0.013577607292422529,1.0508714051392773
4,0.2,0.2,true,0.25,0.07374917191997322,1.0128428533814273
4,0.25,0.2,true,0.25,0.03571812283021008,0.9876499003678881
4,0.3,0.2,true,0.25,0.013458792541254705,1.0505480758797379
4,0.2,0.2,true,0.25,0.0737322516473737,1.0128353940494335
4,0.25,0.2,true,0.25,0.03561737780554943,0.9877545012647144
4,0.3,0.2,true,0.25,0.013363088040873862,1.0518414166350891
4,0.2,0.2,true,0.25,0.07374500280527502,1.0127005216977483
4,0.25,0.2,true,0.25,0.03553981883670201,0.9875120806295854
4,0.3,0.2,true,0.25,0.013260337587745924,1.0513719309332938
4,0.2,0.2,true,0.25,0.0737496611286678,1.0127245691258544
4,0.25,0.2,true,0.25,0.03551499384272681,0.9873964879515004
4,0.3,0.2,true,0.25,0.01315750336569644,1.0510930615213068
4,0.2,0.2,true,0.25,0.07373402770930534,1.0127292506910412
4,0.25,0.2,true,0.25,0.03551092549798105,0.9867829753927595
4,0.3,0.2,true,0.25,0.01312949841119597,1.0503346092000125
4,0.2,0.2,true,0.25,0.07371483052089996,1.0127051550805284
4,0.25,0.2,true,0.25,0.03545786662309254,0.9864271597349864
4,0.3,0.2,true,0.25,0.013034294470176216,1.049350895592806
4,0.25,0.2,true,0.25,0.03531326842164702,0.9871654232050167
4,0.2,0.2,true,0.25,0.07366417663827264,1.012634972357108
4,0.3,0.2,true,0.25,0.0129561976556205,1.0490845653944492
4,0.25,0.2,true,0.25,0.03523538932643871,0.9870114188074062
4,0.2,0.2,true,0.25,0.0736481076455869,1.0126815145829433
4,0.3,0.2,true,0.25,0.012899885338254057,1.0510117926862426
4,0.25,0.2,true,0.25,0.03518522520644802,0.9874680402185534
4,0.2,0.2,true,0.25,0.07364469255352749,1.0128267998172888
4,0.25,0.2,true,0.25,0.03502976584878871,0.9883428478729381
4,0.3,0.2,true,0.25,0.012807098125703797,1.0509117378113781
4,0.2,0.2,true,0.25,0.07362311041473658,1.0127339245243323
4,0.25,0.2,true,0.25,0.03487773251534398,0.988592414015798
4,0.3,0.2,true,0.25,0.012744670275694764,1.0506722970895852
4,0.2,0.2,true,0.25,0.07360694306725774,1.0127099126733619
4,0.25,0.2,true,0.25,0.03473039508311147,0.9886154247186408
4,0.3,0.2,true,0.25,0.012677477355599893,1.0512441248163453
4,0.2,0.2,true,0.25,0.07357540552805934,1.012656013078652
4,0.25,0.2,true,0.25,0.03468935653974212,0.9887906555718263
4,0.3,0.2,true,0.25,0.01255323016709246,1.0497796756003552
4,0.2,0.2,true,0.25,0.07349986738183809,1.0126778174224667
4,0.25,0.2,true,0.25,0.03463490128324096,0.9889987170525559
4,0.3,0.2,true,0.25,0.012475645819361607,1.0489662400411732
4,0.2,0.2,true,0.25,0.07341616053426644,1.0125724785026464
4,0.25,0.2,true,0.25,0.034563913052949403,0.9889524473517687
4,0.3,0.2,true,0.25,0.012429488170833558,1.0488796527223223
4,0.2,0.2,true,0.25,0.07338823438973938,1.01261276042646
4,0.25,0.2,true,0.25,0.034551947543397486,0.9891045558697711
4,0.3,0.2,true,0.25,0.012362523611008095,1.048324068403783
4,0.2,0.2,true,0.25,0.07328878788268965,1.012647255967141
4,0.25,0.2,true,0.25,0.03448056186032361,0.9885992215848585
4,0.3,0.2,true,0.25,0.012312465598873078,1.0490813033584268
4,0.2,0.2,true,0.25,0.07324726892764863,1.012789682138214
4,0.25,0.2,true,0.25,0.034460292127985466,0.9887829543259331
4,0.3,0.2,true,0.25,0.012221691296452123,1.0495175284458524
4,0.25,0.2,true,0.25,0.03432549819022049,0.9894457016735502
4,0.2,0.2,true,0.25,0.07326947011104268,1.0112993633354386
4,0.3,0.2,true,0.25,0.012199226413258709,1.0489374569753398
4,0.25,0.2,true,0.25,0.03420624939984085,0.9891414606510728
4,0.2,0.2,true,0.25,0.07322438610643854,1.0135172962672596
4,0.3,0.2,true,0.25,0.012201922591943047,1.0489757615960569
4,0.25,0.2,true,0.25,0.0340737655827916,0.9886317290830048
4,0.2,0.2,true,0.25,0.07323972784284892,1.0134183860577457
4,0.3,0.2,true,0.25,0.012145339365315458,1.0492973134479897
4,0.25,0.2,true,0.25,0.03391982112465954,0.988928606606476
4,0.2,0.2,true,0.25,0.07320389706026403,1.0134217343682095
4,0.3,0.2,true,0.25,0.012109898039922466,1.0488446935237834
4,0.25,0.2,true,0.25,0.03392056595759127,0.9883515581460349
4,0.2,0.2,true,0.25,0.07311024082145372,1.0135094034189784
4,0.3,0.2,true,0.25,0.012045061698310211,1.0477504485783575
4,0.25,0.2,true,0.25,0.033934195876928086,0.9875761840959404
4,0.2,0.2,true,0.25,0.07307832769559165,1.013455733972581
4,0.25,0.2,true,0.25,0.03386024960058866,0.9876865488791569
4,0.3,0.2,true,0.25,0.01200848484755748,1.0470170721014864
4,0.2,0.2,true,0.25,0.07301747499122242,1.0134874933477995
4,0.3,0.2,true,0.25,0.011984403422272305,1.0467256662654465
4,0.25,0.2,true,0.25,0.03375964808801645,0.9878726325189282
4,0.2,0.2,true,0.25,0.0729282974411548,1.0133393139340345
4,0.25,0.2,true,0.25,0.03369728414518232,0.9879135416623348
4,0.3,0.2,true,0.25,0.011940481501671867,1.0473800479070547
4,0.2,0.2,true,0.25,0.07289680872079653,1.0132567300241835
4,0.25,0.2,true,0.25,0.03361566960381485,0.987556993312576
4,0.3,0.2,true,0.25,0.011854271287413112,1.0477928000438588
4,0.2,0.2,true,0.25,0.07278483354735331,1.0132010479355935
4,0.25,0.2,true,0.25,0.03348698234508153,0.9872905671431327
4,0.3,0.2,true,0.25,0.011838848384087204,1.0485255644083882
4,0.2,0.2,true,0.25,0.07278057565778562,1.013230056584743
4,0.25,0.2,true,0.25,0.03348080659145133,0.9870741237363273
4,0.3,0.2,true,0.25,0.011786573288989426,1.0492821491414221
4,0.25,0.2,true,0.25,0.033410058847540114,0.9874273214845354
4,0.2,0.2,true,0.25,0.07275908301769447,1.0130757218228443
4,0.25,0.2,true,0.25,0.03330422763722582,0.9869218023792127
4,0.2,0.2,true,0.25,0.07271329904652098,1.0131442983755656
4,0.3,0.2,true,0.25,0.01172177570909693,1.0496066250383362
4,0.25,0.2,true,0.25,0.03319485793260371,0.9872809969369087
4,0.2,0.2,true,0.25,0.07270696941113303,1.0129462589374958
4,0.3,0.2,true,0.25,0.011648617812236015,1.0497082134696782
4,0.25,0.2,true,0.25,0.03307423524056214,0.9881300452979505
4,0.2,0.2,true,0.25,0.0725729625882042,1.012837465803924
4,0.3,0.2,true,0.25,0.011618625173619203,1.050802024242255
4,0.25,0.2,true,0.25,0.03302163166959991,0.988091308291019
4,0.2,0.2,true,0.25,0.07252226017529392,1.0127533282679735
4,0.3,0.2,true,0.25,0.01154164214724403,1.0513161116725576
4,0.25,0.2,true,0.25,0.032906573187333144,0.987911570778137
4,0.3,0.2,true,0.25,0.01145782500175487,1.049868508397627
4,0.2,0.2,true,0.25,0.07252695369400408,1.0127519847113466
4,0.25,0.2,true,0.25,0.032845878522665115,0.9880012598958877
4,0.2,0.2,true,0.25,0.07248076178888285,1.0127237983944315
4,0.3,0.2,true,0.25,0.011401014694313585,1.048834021115538
4,0.25,0.2,true,0.25,0.03284304812302611,0.9883395883132751
4,0.3,0.2,true,0.25,0.011318437131020508,1.0492613116272882
4,0.2,0.2,true,0.25,0.07247113981181014,1.0127374368791522
4,0.25,0.2,true,0.25,0.03274832113449815,0.988321534098112
4,0.3,0.2,true,0.25,0.011240622530156508,1.0492195367630215
4,0.2,0.2,true,0.25,0.0723843181188263,1.0127942331365087
4,0.25,0.2,true,0.25,0.032617112807089226,0.9887754572826944
4,0.3,0.2,true,0.25,0.011149000998172688,1.0503529219965346
4,0.2,0.2,true,0.25,0.07235503195699264,1.0129091832070343
4,0.25,0.2,true,0.25,0.03252603565189001,0.9884358126641359
4,0.3,0.2,true,0.25,0.01105012068062629,1.050114374688518
4,0.2,0.2,true,0.25,0.07228827269337672,1.0130066539504605
4,0.25,0.2,true,0.25,0.03245281415091143,0.9887109364437557
4,0.3,0.2,true,0.25,0.010993986689556206,1.0502853249276836
4,0.2,0.2,true,0.25,0.07224388640337127,1.0130821114209614
4,0.25,0.2,true,0.25,0.032361317800974364,0.988364148092273
4,0.3,0.2,true,0.25,0.010939171699636376,1.0505253683690456
4,0.2,0.2,true,0.25,0.0722888067935524,1.013007408751269
4,0.25,0.2,true,0.25,0.03235040421187797,0.9878717269182267
4,0.3,0.2,true,0.25,0.010892899847122486,1.049408108767389
4,0.25,0.2,true,0.25,0.032327642369073546,0.9875871029446467
4,0.2,0.2,true,0.25,0.0722582107775931,1.0130651310196526
4,0.3,0.2,true,0.25,0.010846580943511,1.0494888009791836
4,0.2,0.2,true,0.25,0.0721716636569882,1.0131088016274605
4,0.25,0.2,true,0.25,0.032339109346937504,0.9877225362128353
4,0.3,0.2,true,0.25,0.010750289515291939,1.0505274746183908
4,0.25,0.2,true,0.25,0.03231480222951295,0.9872824940841892
4,0.2,0.2,true,0.25,0.07213188426343732,1.0131054222235567
4,0.3,0.2,true,0.25,0.010680032414221403,1.0505006722450467
4,0.2,0.2,true,0.25,0.07215283052131714,1.0130373804514659
4,0.25,0.2,true,0.25,0.032219896159149726,0.9868735614385995
4,0.3,0.2,true,0.25,0.01065117239182817,1.0505795526848403
4,0.2,0.2,true,0.25,0.07212403568305115,1.012837760366525
4,0.25,0.2,true,0.25,0.032176322702987314,0.9869256017071225
4,0.3,0.2,true,0.25,0.010568941221854915,1.0503844677425362
4,0.2,0.2,true,0.25,0.07213966724448405,1.0127061827714836
4,0.25,0.2,true,0.25,0.032120456353809904,0.9864057489341956
4,0.3,0.2,true,0.25,0.010511606548111388,1.0516918231671517
4,0.2,0.2,true,0.25,0.07215189943224881,1.0125864283037675
4,0.25,0.2,true,0.25,0.03208160343636556,0.9866928617304291
4,0.3,0.2,true,0.25,0.010435385679756616,1.051417473102714
4,0.2,0.2,true,0.25,0.07209719894598905,1.012572942878748
4,0.25,0.2,true,0.25,0.03195623702293314,0.9872138229653431
4,0.3,0.2,true,0.25,0.01040730581306663,1.050883143835202
4,0.25,0.2,true,0.25,0.03188665922568902,0.9871334729601996
4,0.2,0.2,true,0.25,0.07204642696604177,1.0122658475846853
4,0.3,0.2,true,0.25,0.010306381465327887,1.0511799328636495
4,0.25,0.2,true,0.25,0.03188312809637564,0.987488384011469
4,0.2,0.2,true,0.25,0.07198840834618438,1.0124179702419382
4,0.3,0.2,true,0.25,0.010264630236110522,1.052235010679391
4,0.25,0.2,true,0.25,0.0318710737140145,0.9877428159577102
4,0.2,0.2,true,0.25,0.07197349484148162,1.0125367933421126
4,0.3,0.2,true,0.25,0.010229105764366855,1.0534330968906631
4,0.25,0.2,true,0.25,0.031733307230843506,0.9880162156517468
4,0.2,0.2,true,0.25,0.07195909890703352,1.0126574649005182
4,0.3,0.2,true,0.25,0.01018167745993358,1.052977418076892
4,0.25,0.2,true,0.25,0.031634160872775305,0.987952186412196
4,0.2,0.2,true,0.25,0.0719510991541133,1.0126022510633677
4,0.3,0.2,true,0.25,0.010141159634335858,1.0533233385811438
4,0.25,0.2,true,0.25,0.03147522635467814,0.9877662238868083
4,0.2,0.2,true,0.25,0.07190670832057763,1.012601824668629
4,0.3,0.2,true,0.25,0.01010293141972734,1.052791604009186
4,0.25,0.2,true,0.25,0.031352073120565926,0.9878574515883699
4,0.2,0.2,true,0.25,0.07184463029495966,1.0127496495402206
4,0.3,0.2,true,0.25,0.010058692411646374,1.0531327669876136
4,0.25,0.2,true,0.25,0.0313317754562161,0.9880196181012585
4,0.2,0.2,true,0.25,0.07173972942077608,1.0130195115513725
4,0.3,0.2,true,0.25,0.00997269606910772,1.0527005368788342
4,0.25,0.2,true,0.25,0.03116395727756888,0.9873814026231996
4,0.3,0.2,true,0.25,0.009933526423122795,1.0523157007339148
4,0.2,0.2,true,0.25,0.07171497596020221,1.0128206204295422
4,0.25,0.2,true,0.25,0.031097893930248144,0.9869441034754752
4,0.3,0.2,true,0.25,0.009873834401468018,1.0537681291125824
4,0.2,0.2,true,0.25,0.07165429500567219,1.012816373929494
4,0.3,0.2,true,0.25,0.009811496335757085,1.0524823133988948
4,0.3,0.2,true,0.25,0.009730232794515117,1.0522577078192137
4,0.3,0.2,true,0.25,0.009670540836393949,1.051496642579699
4,0.3,0.2,true,0.25,0.009592822804221319,1.053262436429248
4,0.3,0.2,true,0.25,0.00956468009686864,1.0530487753085405
4,0.3,0.2,true,0.25,0.009541936530697185,1.0531423637515516
4,0.3,0.2,true,0.25,0.009472243264024578,1.053940549346835
4,0.3,0.2,true,0.25,0.009414065306370184,1.05327370285498
4,0.3,0.2,true,0.25,0.00936104568384086,1.0538842549042993
4,0.3,0.2,true,0.25,0.009299115325162059,1.0538426437380484
4,0.3,0.2,true,0.25,0.009268416303400973,1.053132659919467
4,0.3,0.2,true,0.25,0.009279130292731922,1.0522344126989849
4,0.3,0.2,true,0.25,0.009234683067426875,1.052155960672383
4,0.3,0.2,true,0.25,0.009173250582144958,1.0519947977221022
4,0.3,0.2,true,0.25,0.009112816218256613,1.0521220180688142
4,0.3,0.2,true,0.25,0.009082045735202375,1.0528086119806068
4,0.3,0.2,true,0.25,0.00903602581357582,1.0529392868950407
4,0.3,0.2,true,0.25,0.008971868274221714,1.0524394334786085
4,0.3,0.2,true,0.25,0.008899058518071556,1.0512840774227303
4,0.3,0.2,true,0.25,0.008842515496956397,1.0515773490355182
4,0.3,0.2,true,0.25,0.008793169034086173,1.0515041986517566
4,0.3,0.2,true,0.25,0.008728136944827606,1.0529291697112413
4,0.3,0.2,true,0.25,0.008656362842173053,1.0523468983040567
4,0.3,0.2,true,0.25,0.008588541393994191,1.0521726751032123
4,0.3,0.2,true,0.25,0.008564393902910911,1.0512425582775002
4,0.3,0.2,true,0.25,0.008534871786733603,1.0510687766102997
4,0.4,0.2,true,0.25,0.04208450155224946,0.005011383662329486
4,0.35,0.2,true,0.25,0.03629460915938595,-0.009623264561663571
4,0.4,0.2,true,0.25,0.041134471125049636,0.06303605295312456
4,0.35,0.2,true,0.25,0.036470701162675784,0.05998060388539244
4,0.4,0.2,true,0.25,0.0403249855074355,0.13326820776403536
4,0.35,0.2,true,0.25,0.03591479629255777,0.1253346574459829
4,0.4,0.2,true,0.25,0.03895493308735062,0.18004083031564416
4,0.35,0.2,true,0.25,0.03569730656614329,0.18783615670157225
4,0.4,0.2,true,0.25,0.037131574818390786,0.2135329352033664
4,0.35,0.2,true,0.25,0.03489788424587263,0.230254735958241
4,0.4,0.2,true,0.25,0.03596269917710279,0.28119280051537743
4,0.35,0.2,true,0.25,0.03396581649077164,0.2904709166165588
4,0.4,0.2,true,0.25,0.034324541497111984,0.37498658819112485
4,0.35,0.2,true,0.25,0.03308890963928285,0.34396542582933876
4,0.4,0.2,true,0.25,0.03233184686412169,0.41545258849816413
4,0.35,0.2,true,0.25,0.03202564267856974,0.36275390001106556
4,0.4,0.2,true,0.25,0.03065733948173895,0.48873325465812095
4,0.35,0.2,true,0.25,0.03096748738295159,0.46863601568505153
4,0.4,0.2,true,0.25,0.029410482406820194,0.5233128447425575
4,0.35,0.2,true,0.25,0.029800940793351854,0.45893467059445625
4,0.4,0.2,true,0.25,0.028224356718553643,0.6170619256353405
4,0.35,0.2,true,0.25,0.02873914233890434,0.5321407682420379
4,0.4,0.2,true,0.25,0.027474504026320228,0.5875581229121368
4,0.35,0.2,true,0.25,0.027841846167595254,0.5542387693540791
4,0.4,0.2,true,0.25,0.02611715240366606,0.6822072174040731
4,0.35,0.2,true,0.25,0.02725348323486238,0.5998589086374859
4,0.35,0.2,true,0.25,0.026410374626033496,0.6500014065285459
4,0.4,0.2,true,0.25,0.02502813457949733,0.7205784253569882
4,0.35,0.2,true,0.25,0.02542303162794829,0.6345588769432945
4,0.4,0.2,true,0.25,0.023980560543515078,0.7654019975861326
4,0.35,0.2,true,0.25,0.024598827443340972,0.6748473218452864
4,0.4,0.2,true,0.25,0.022900959590894922,0.8202292770107522
4,0.35,0.2,true,0.25,0.02379500621530713,0.6943435030266971
4,0.4,0.2,true,0.25,0.022438554230238827,0.8375480098770928
4,0.4,0.2,true,0.25,0.02168030404437868,0.853486810530968
4,0.35,0.2,true,0.25,0.023083290655653198,0.7031724945902333
4,0.4,0.2,true,0.25,0.020975106426242025,0.8878470660906035
4,0.35,0.2,true,0.25,0.022406681935317523,0.7546985329894086
4,0.4,0.2,true,0.25,0.02020675281823979,0.8929279175475874
4,0.35,0.2,true,0.25,0.021743007879514612,0.75458999579982
4,0.4,0.2,true,0.25,0.019646193093968985,0.9109284610445967
4,0.35,0.2,true,0.25,0.02122992800549156,0.7598727035375245
4,0.4,0.2,true,0.25,0.019280675259493063,0.9307322088664871
4,0.35,0.2,true,0.25,0.020757929647105735,0.8068749333785504
4,0.35,0.2,true,0.25,0.020086500804113585,0.7345481872322674
4,0.4,0.2,true,0.25,0.01865825333956911,0.9512309318891315
4,0.35,0.2,true,0.25,0.01958187499127867,0.7426396413189861
4,0.4,0.2,true,0.25,0.01827025572412621,0.9599036538212419
4,0.35,0.2,true,0.25,0.019246354148616227,0.7889468248321218
4,0.4,0.2,true,0.25,0.017749735386249514,0.9747972278329832
4,0.35,0.2,true,0.25,0.018696093914304487,0.7881881246527692
4,0.4,0.2,true,0.25,0.01731320499951084,0.9803794013874704
4,0.35,0.2,true,0.25,0.018262222437629844,0.8108831317967216
4,0.4,0.2,true,0.25,0.01696071719681078,0.9893743055735773
4,0.35,0.2,true,0.25,0.01802541733832905,0.8707390312699524
4,0.4,0.2,true,0.25,0.01667113227905356,0.9938770324543541
4,0.35,0.2,true,0.25,0.01763465281864473,0.8494407201836529
4,0.4,0.2,true,0.25,0.016449820501535234,0.9985302623904171
4,0.35,0.2,true,0.25,0.017345481926172943,0.8554975334406644
4,0.4,0.2,true,0.25,0.016360069186113237,1.0002631948301555
4,0.35,0.2,true,0.25,0.01703319520649754,0.8804208777197111
4,0.4,0.2,true,0.25,0.016103583571743175,1.0040214043058444
4,0.35,0.2,true,0.25,0.016637753582866153,0.8996046070235829
4,0.4,0.2,true,0.25,0.015797719123275957,1.005474762939151
4,0.35,0.2,true,0.25,0.016481315302333675,0.8987265281234452
4,0.4,0.2,true,0.25,0.015594456325847904,1.0072948751014605
4,0.35,0.2,true,0.25,0.01630223928401701,0.9168039759349068
4,0.45,0.2,true,0.25,0.039024366915875526,-0.009837743128367953
4,0.4,0.2,true,0.25,0.015370072829882299,1.008708380459338
4,0.45,0.2,true,0.25,0.03651664613038902,0.049698528109152755
4,0.35,0.2,true,0.25,0.01589134966646447,0.9326261983467371
4,0.4,0.2,true,0.25,0.015266258258616206,1.0098501048997253
4,0.35,0.2,true,0.25,0.015583586575871751,0.9429721308792125
4,0.45,0.2,true,0.25,0.03467328857021318,0.08148073011243569
4,0.4,0.2,true,0.25,0.015085463585931023,1.0082250500570549
4,0.35,0.2,true,0.25,0.015317903627449047,0.9598460243067622
4,0.45,0.2,true,0.25,0.03249403830742601,0.11465423851024208
4,0.35,0.2,true,0.25,0.015165188342790334,0.9720034489618885
4,0.4,0.2,true,0.25,0.014869026667576276,1.0096535420324493
4,0.45,0.2,true,0.25,0.030528052029173646,0.1758460186589119
4,0.35,0.2,true,0.25,0.014908940780687515,0.9783679044386109
4,0.4,0.2,true,0.25,0.014700028823601344,1.0106286333803123
4,0.45,0.2,true,0.25,0.028182918489518382,0.19999266378377994
4,0.35,0.2,true,0.25,0.014648933961707026,0.9818666458947886
4,0.4,0.2,true,0.25,0.014538343873322491,1.0100826093567712
4,0.45,0.2,true,0.25,0.025907943936361547,0.2720926531175199
4,0.4,0.2,true,0.25,0.014336777538987464,1.0095705970878164
4,0.35,0.2,true,0.25,0.014449538188519545,0.9853289560125719
4,0.45,0.2,true,0.25,0.02377876874935892,0.2968507176149201
4,0.4,0.2,true,0.25,0.01420932520930779,1.0119555936937623
4,0.35,0.2,true,0.25,0.014151455022309387,0.9896181887637903
4,0.45,0.2,true,0.25,0.021831704119720383,0.3641298304997974
4,0.4,0.2,true,0.25,0.014055629667766918,1.013263353378563
4,0.35,0.2,true,0.25,0.014036779187714671,0.9902224874389379
4,0.45,0.2,true,0.25,0.0198473760285256,0.4211986114366785
4,0.4,0.2,true,0.25,0.01402469361656076,1.0133848166591926
4,0.35,0.2,true,0.25,0.013830786734435456,0.9937418716198985
4,0.4,0.2,true,0.25,0.0138514797369787,1.0141987804779697
4,0.35,0.2,true,0.25,0.013738651901076843,0.9955848323378608
4,0.45,0.2,true,0.25,0.01833639291475083,0.4617698975808744
4,0.35,0.2,true,0.25,0.013514792240069969,0.9969064302909851
4,0.4,0.2,true,0.25,0.0137512049947293,1.014571824179394
4,0.45,0.2,true,0.25,0.017190922968196794,0.49386806488660445
4,0.35,0.2,true,0.25,0.013250332881801252,0.9992121863399894
4,0.4,0.2,true,0.25,0.013615322697368972,1.0144766675276402
4,0.45,0.2,true,0.25,0.015822770852243727,0.5501756058228494
4,0.35,0.2,true,0.25,0.013190696543442243,0.9997745923549972
4,0.4,0.2,true,0.25,0.01343930188335862,1.0155369644849896
4,0.45,0.2,true,0.25,0.014665132721029463,0.5729396391531526
4,0.35,0.2,true,0.25,0.013031743761626028,1.0011789216916642
4,0.4,0.2,true,0.25,0.013238517757562598,1.0160096543820842
4,0.45,0.2,true,0.25,0.013763322587575485,0.5772543488249682
4,0.35,0.2,true,0.25,0.012890124957273753,1.0019328780052055
4,0.4,0.2,true,0.25,0.013165332510828449,1.0163764815870242
4,0.45,0.2,true,0.25,0.012902715900018782,0.5910813441233643
4,0.35,0.2,true,0.25,0.012799474464999227,1.0021532944115248
4,0.4,0.2,true,0.25,0.013100994435448144,1.015698049886531
4,0.45,0.2,true,0.25,0.011765846804398926,0.662588565071304
4,0.35,0.2,true,0.25,0.012588971778783464,1.0034396120775426
4,0.4,0.2,true,0.25,0.012936608640034602,1.0166602569784942
4,0.45,0.2,true,0.25,0.011091475041859105,0.6847511208188389
4,0.35,0.2,true,0.25,0.012451125585860093,1.0044328674012137
4,0.4,0.2,true,0.25,0.012853686167354793,1.0164750702999055
4,0.45,0.2,true,0.25,0.010324772439492294,0.717937285838731
4,0.35,0.2,true,0.25,0.012291271355141674,1.0045287150050135
4,0.4,0.2,true,0.25,0.012705496390148688,1.0157624797151839
4,0.45,0.2,true,0.25,0.009504474153496286,0.7557571131529771
4,0.35,0.2,true,0.25,0.012234771034750033,1.0037520226057426
4,0.4,0.2,true,0.25,0.012584955791361837,1.015564124565387
4,0.45,0.2,true,0.25,0.00885833105223693,0.7866978709004889
4,0.35,0.2,true,0.25,0.01205388889245586,1.0028794973270636
4,0.4,0.2,true,0.25,0.01248402703097581,1.0150185421020352
4,0.45,0.2,true,0.25,0.008282459202009302,0.7950462180813319
4,0.35,0.2,true,0.25,0.011976268487024043,1.0020277819267032
4,0.4,0.2,true,0.25,0.012365567424318914,1.0134335354434592
4,0.45,0.2,true,0.25,0.00792078072279417,0.8362200082618297
4,0.35,0.2,true,0.25,0.011894616230652333,1.0018934102747532
4,0.4,0.2,true,0.25,0.012234462124920515,1.0139697814049153
4,0.45,0.2,true,0.25,0.007507444405411561,0.8583847369625379
4,0.35,0.2,true,0.25,0.011830608791014798,1.001384175243552
4,0.4,0.2,true,0.25,0.012062588154956543,1.014519620092947
4,0.45,0.2,true,0.25,0.007177616400972031,0.875661096739314
4,0.35,0.2,true,0.25,0.01162100648317792,1.0019277737426275
4,0.4,0.2,true,0.25,0.011973539652433534,1.0142397922344155
4,0.45,0.2,true,0.25,0.00691456410098078,0.889368528218667
4,0.35,0.2,true,0.25,0.011537547207484379,1.001283460406302
4,0.4,0.2,true,0.25,0.01184117588808134,1.0146572749347111
4,0.45,0.2,true,0.25,0.006717815517049291,0.8972715848460339
4,0.35,0.2,true,0.25,0.011359076811760158,1.0018969880208792
4,0.4,0.2,true,0.25,0.011727780105866363,1.014654496373434
4,0.35,0.2,true,0.25,0.011217469702734073,1.002260480571501
4,0.45,0.2,true,0.25,0.006511664858639748,0.9044783808021203
4,0.4,0.2,true,0.25,0.01160462342515489,1.0150167932604273
4,0.35,0.2,true,0.25,0.011098713325274498,1.0031115939844604
4,0.45,0.2,true,0.25,0.006230353348582984,0.9212743076435634
4,0.4,0.2,true,0.25,0.011500699770769247,1.0161312332547747
4,0.35,0.2,true,0.25,0.010938398790752736,1.0040518559158726
4,0.4,0.2,true,0.25,0.011359398623456437,1.0164609736207892
4,0.45,0.2,true,0.25,0.005997786000111563,0.9318908217226858
4,0.35,0.2,true,0.25,0.010843907230933076,1.004045900890225
4,0.4,0.2,true,0.25,0.011186771511542768,1.017814680643748
4,0.45,0.2,true,0.25,0.005821150223043804,0.9401984056087812
4,0.35,0.2,true,0.25,0.010723964607283662,1.0055256289535162
4,0.4,0.2,true,0.25,0.011066647692944772,1.0166158572933475
4,0.45,0.2,true,0.25,0.005684810224369173,0.9486090400161306
4,0.35,0.2,true,0.25,0.010578364421094931,1.0054793134807074
4,0.4,0.2,true,0.25,0.011001696645426603,1.0146062153758566
4,0.45,0.2,true,0.25,0.005548468229819185,0.9506515506400156
4,0.35,0.2,true,0.25,0.010427055185672867,1.0052021198847378
4,0.4,0.2,true,0.25,0.010896266799261875,1.012892237816602
4,0.45,0.2,true,0.25,0.005413135087276908,0.9558002799855657
4,0.35,0.2,true,0.25,0.010295367562684338,1.0043154862040464
4,0.4,0.2,true,0.25,0.010742241978095476,1.0141181261191083
4,0.45,0.2,true,0.25,0.005268077157690949,0.95882385803203
4,0.35,0.2,true,0.25,0.010165412240905392,1.0048647731889537
4,0.4,0.2,true,0.25,0.010647344557642276,1.013549406603811
4,0.45,0.2,true,0.25,0.005154178681339692,0.9643869161611104
4,0.35,0.2,true,0.25,0.010014727247341952,1.005326942391499
4,0.4,0.2,true,0.25,0.010597805575584545,1.0127254457432466
4,0.45,0.2,true,0.25,0.005024221977810046,0.9675308827594827
4,0.35,0.2,true,0.25,0.009937885043278121,1.0065464601717742
4,0.4,0.2,true,0.25,0.010507952364439748,1.0124943169965346
4,0.35,0.2,true,0.25,0.009860415754727566,1.0067892454563845
4,0.45,0.2,true,0.25,0.004865630641741627,0.9712393372610096
4,0.4,0.2,true,0.25,0.010415028508786874,1.0127213133837676
4,0.35,0.2,true,0.25,0.009796734329653129,1.00579009126185
4,0.45,0.2,true,0.25,0.004756672862154251,0.9752561391798097
4,0.4,0.2,true,0.25,0.010305967277199294,1.0131919118506587
4,0.35,0.2,true,0.25,0.009709149902106997,1.0063240733287024
4,0.45,0.2,true,0.25,0.004664037339199926,0.9765971528858394
4,0.4,0.2,true,0.25,0.010194769801629111,1.0128098797095428
4,0.35,0.2,true,0.25,0.009619005868380876,1.0064864246726832
4,0.45,0.2,true,0.25,0.004545849309196338,0.9785826846018956
4,0.4,0.2,true,0.25,0.010068497219217494,1.0146063616464565
4,0.35,0.2,true,0.25,0.009543271229930364,1.006818467344121
4,0.45,0.2,true,0.25,0.004463127199757988,0.9803537721867873
4,0.4,0.2,true,0.25,0.00997156977314892,1.0147613153149078
4,0.35,0.2,true,0.25,0.009468742049630087,1.0065242751623789
4,0.45,0.2,true,0.25,0.0043830087310078114,0.980028899942926
4,0.4,0.2,true,0.25,0.00987189388275901,1.0145815436061039
4,0.35,0.2,true,0.25,0.009387750569033649,1.0063297398639903
4,0.45,0.2,true,0.25,0.004264363434754983,0.9815184321377216
4,0.4,0.2,true,0.25,0.00975058137269131,1.0145713736571937
4,0.35,0.2,true,0.25,0.009275842404583455,1.006671357586871
4,0.45,0.2,true,0.25,0.004172689642158522,0.9827964666533311
4,0.4,0.2,true,0.25,0.009669035364553992,1.0140959377913665
4,0.35,0.2,true,0.25,0.00919735748966371,1.0076163205907753
4,0.45,0.2,true,0.25,0.004087106530958484,0.9853289456463518
4,0.4,0.2,true,0.25,0.009595972887498715,1.0144557747824023
4,0.35,0.2,true,0.25,0.0091365611129478,1.0074212063786354
4,0.4,0.2,true,0.25,0.00949625573405407,1.0142593183987227
4,0.45,0.2,true,0.25,0.003994971705088532,0.9869084269943454
4,0.35,0.2,true,0.25,0.009059511240974634,1.0069192040085813
4,0.4,0.2,true,0.25,0.009400149959718619,1.0139291505675343
4,0.45,0.2,true,0.25,0.0038857079209828806,0.989409898389037
4,0.35,0.2,true,0.25,0.008961609377217844,1.0083310210469678
4,0.4,0.2,true,0.25,0.009307002348964607,1.0140500126124403
4,0.45,0.2,true,0.25,0.0038298327774140563,0.9875192603779057
4,0.35,0.2,true,0.25,0.008839698222150687,1.0086827952706683
4,0.4,0.2,true,0.25,0.009212864131560949,1.0142603194078355
4,0.45,0.2,true,0.25,0.003749371424879401,0.9888128386014614
4,0.35,0.2,true,0.25,0.00877995651758891,1.0095504514729032
4,0.4,0.2,true,0.25,0.009113677266899977,1.0144956832585024
4,0.45,0.2,true,0.25,0.003673046539003059,0.9917735791583038
4,0.35,0.2,true,0.25,0.008681474346157878,1.010660746636221
4,0.4,0.2,true,0.25,0.00905245344006389,1.014193643739528
4,0.45,0.2,true,0.25,0.003633798164822497,0.9921518353642687
4,0.35,0.2,true,0.25,0.008574934385118528,1.0104143995510162
4,0.4,0.2,true,0.25,0.00893728290851229,1.0150158497444395
4,0.45,0.2,true,0.25,0.0036025463468251128,0.9917949950595786
4,0.35,0.2,true,0.25,0.008480552816554385,1.0106718589103194
4,0.4,0.2,true,0.25,0.008854172309222934,1.0148697546228755
4,0.45,0.2,true,0.25,0.0035148914404842403,0.9941909815692628
4,0.4,0.2,true,0.25,0.00876800922077749,1.0144758851364346
4,0.35,0.2,true,0.25,0.008423876649187197,1.0108913337086678
4,0.45,0.2,true,0.25,0.0034539420871698575,0.9928708802842726
4,0.4,0.2,true,0.25,0.008700631085618516,1.0145197716315868
4,0.45,0.2,true,0.25,0.0033918485893091347,0.9932527883976234
4,0.35,0.2,true,0.25,0.00833216439494963,1.011056557074041
4,0.4,0.2,true,0.25,0.008617950132780664,1.014263102494084
4,0.35,0.2,true,0.25,0.008287851813366835,1.0104462358992872
4,0.45,0.2,true,0.25,0.0033630975599004548,0.9927829020241399
4,0.4,0.2,true,0.25,0.008552935167583176,1.0146000066489138
4,0.35,0.2,true,0.25,0.008196464512863273,1.0104289084553677
4,0.45,0.2,true,0.25,0.0032905671403429693,0.9921731918646667
4,0.35,0.2,true,0.25,0.008120921116817784,1.0101386514261774
4,0.4,0.2,true,0.25,0.00847931364911099,1.0150539032433268
4,0.45,0.2,true,0.25,0.003238743278855263,0.9939397221301752
4,0.4,0.2,true,0.25,0.00839488571467923,1.0142044893836568
4,0.35,0.2,true,0.25,0.008077149386550096,1.0094390740372148
4,0.45,0.2,true,0.25,0.003188568920133562,0.9945205077363399
4,0.4,0.2,true,0.25,0.008288765579420708,1.0153910245962914
4,0.35,0.2,true,0.25,0.007994906224430606,1.0100439729457384
4,0.45,0.2,true,0.25,0.0031552150801575202,0.995191659757358
4,0.4,0.2,true,0.25,0.008213599461986971,1.0151425955602953
4,0.35,0.2,true,0.25,0.007885526042940747,1.0091617818139114
4,0.45,0.2,true,0.25,0.0030978127673537015,0.9967988543400672
4,0.4,0.2,true,0.25,0.00812304097434367,1.0158427272567279
4,0.35,0.2,true,0.25,0.0077964491116992865,1.008796809763371
4,0.45,0.2,true,0.25,0.003053410417066204,0.9972679303837517
4,0.4,0.2,true,0.25,0.00804366313326287,1.0162892355202728
4,0.35,0.2,true,0.25,0.007716345720941486,1.0079652426211672
4,0.45,0.2,true,0.25,0.0030014609582060666,0.998532249684215
4,0.4,0.2,true,0.25,0.007978601452663473,1.0169926053523393
4,0.35,0.2,true,0.25,0.007624975817057921,1.0097264465617497
4,0.4,0.2,true,0.25,0.007917821970401497,1.01638876486908
4,0.45,0.2,true,0.25,0.002968262077818889,0.9985766097571597
4,0.35,0.2,true,0.25,0.0075662302175689075,1.0106374815683632
4,0.4,0.2,true,0.25,0.00781714122552811,1.0166948311163788
4,0.45,0.2,true,0.25,0.002885686168828151,1.0000323608877828
4,0.35,0.2,true,0.25,0.007493411948363548,1.0107476613604947
4,0.4,0.2,true,0.25,0.007715500321232896,1.018591258002383
4,0.45,0.2,true,0.25,0.002847865183865352,0.9985045798899772
4,0.35,0.2,true,0.25,0.007415809608574632,1.010546744939083
4,0.4,0.2,true,0.25,0.0076382161360548885,1.0184883017854918
4,0.45,0.2,true,0.25,0.0028114210709422856,0.998923147202011
4,0.4,0.2,true,0.25,0.0075447544975742326,1.0177564583339116
4,0.35,0.2,true,0.25,0.007331333312125573,1.0095900330699243
4,0.4,0.2,true,0.25,0.0074312962399670016,1.0174195576369722
4,0.35,0.2,true,0.25,0.0072473968227654345,1.0106445256072283
4,0.45,0.2,true,0.25,0.0027483331564694276,1.0001412636813418
4,0.35,0.2,true,0.25,0.007181311903106288,1.0099819751688446
4,0.4,0.2,true,0.25,0.007369744643836684,1.0175118509338283
4,0.45,0.2,true,0.25,0.0027116899470858093,1.0019406856097972
4,0.4,0.2,true,0.25,0.00734401058854757,1.017030593524105
4,0.45,0.2,true,0.25,0.002667627463591373,1.0023663003055312
4,0.35,0.2,true,0.25,0.00708889308268709,1.0106595948679324
4,0.4,0.2,true,0.25,0.007237371718549076,1.016009366649531
4,0.45,0.2,true,0.25,0.0026179626570330588,1.0032547918178063
4,0.35,0.2,true,0.25,0.0070059483117782,1.011917762107189
4,0.4,0.2,true,0.25,0.007147685910072512,1.0167207655290016
4,0.45,0.2,true,0.25,0.0025620724409902416,1.0034415008943351
4,0.35,0.2,true,0.25,0.006915859949639578,1.0129664741562507
4,0.4,0.2,true,0.25,0.0070655838815712356,1.0158281436409757
4,0.45,0.2,true,0.25,0.0025093937232816403,1.0062167686420294
4,0.35,0.2,true,0.25,0.0068552500455264734,1.0134915197072847
4,0.4,0.2,true,0.25,0.007009030828488148,1.0170786093822475
4,0.45,0.2,true,0.25,0.0024666636920960077,1.0071335648905624
4,0.35,0.2,true,0.25,0.006789607504802273,1.0145716510681466
4,0.4,0.2,true,0.25,0.006922692297738766,1.0181581966226245
4,0.45,0.2,true,0.25,0.0024369582023256666,1.005914184669076
4,0.35,0.2,true,0.25,0.006729128841314698,1.0142860065180963
4,0.4,0.2,true,0.25,0.006850587297405958,1.0184262989361128
4,0.45,0.2,true,0.25,0.0024106400709056467,1.0064669650863252
4,0.35,0.2,true,0.25,0.006672654939484519,1.0135002577895909
4,0.4,0.2,true,0.25,0.006788988510140363,1.018543033490507
4,0.45,0.2,true,0.25,0.0023752685649451382,1.0084722856850767
4,0.35,0.2,true,0.25,0.006618428990144378,1.0140683035316065
4,0.4,0.2,true,0.25,0.006712593270918135,1.018023273072385
4,0.35,0.2,true,0.25,0.006525192141334444,1.014412240817535
4,0.45,0.2,true,0.25,0.0023350510205896215,1.0104756294080122
4,0.4,0.2,true,0.25,0.006652883060871495,1.0185437464582752
4,0.35,0.2,true,0.25,0.006448423190999001,1.013775312026772
4,0.45,0.2,true,0.25,0.0023044148340952346,1.0100061066051278
4,0.4,0.2,true,0.25,0.006588001493707831,1.0177253030110818
4,0.35,0.2,true,0.25,0.00638808519171064,1.0135698666226869
4,0.45,0.2,true,0.25,0.002258922589848305,1.010599015340915
4,0.4,0.2,true,0.25,0.006552079024820374,1.0178809437618828
4,0.35,0.2,true,0.25,0.0063305328638035094,1.0129115894325227
4,0.45,0.2,true,0.25,0.0022264178926547406,1.0109431517726555
4,0.4,0.2,true,0.25,0.00648973807911013,1.0171307191497763
4,0.35,0.2,true,0.25,0.00627723418093453,1.01335134355812
4,0.45,0.2,true,0.25,0.0021902510701217737,1.0120781771812113
4,0.4,0.2,true,0.25,0.00643334513098971,1.016647105423268
4,0.35,0.2,true,0.25,0.00621992455281442,1.0129160699084583
4,0.45,0.2,true,0.25,0.002148191707589152,1.0129626404243386
4,0.4,0.2,true,0.25,0.006362695815486268,1.0166980229638936
4,0.35,0.2,true,0.25,0.006147644373466977,1.0124004723886653
4,0.4,0.2,true,0.25,0.006281727699892899,1.01638198843109
4,0.45,0.2,true,0.25,0.002107068698180012,1.0142199702662404
4,0.35,0.2,true,0.25,0.006101074240863413,1.012140188246609
4,0.4,0.2,true,0.25,0.006205562003261766,1.0163703311368963
4,0.45,0.2,true,0.25,0.0020650024173905963,1.013922895352167
4,0.35,0.2,true,0.25,0.006039929742041626,1.0124322532536376
4,0.4,0.2,true,0.25,0.0061331293535686875,1.0172438492783997
4,0.35,0.2,true,0.25,0.005960757708906518,1.0127400322239228
4,0.45,0.2,true,0.25,0.002034794576453719,1.0141824120347596
4,0.4,0.2,true,0.25,0.006078286795693174,1.017777590318408
4,0.35,0.2,true,0.25,0.005925102444659704,1.0117784872046744
4,0.45,0.2,true,0.25,0.0019963965657248442,1.014341109321855
4,0.4,0.2,true,0.25,0.006031492785506833,1.0185734278912215
4,0.35,0.2,true,0.25,0.005867594168838182,1.0120492842600213
4,0.45,0.2,true,0.25,0.0019571940873840035,1.0149999987840959
4,0.4,0.2,true,0.25,0.005982932303318443,1.0183926184112897
4,0.35,0.2,true,0.25,0.005838452374812146,1.0133249470599885
4,0.45,0.2,true,0.25,0.001927733871231022,1.0151303059165693
4,0.4,0.2,true,0.25,0.005902367162437813,1.019402128283154
4,0.35,0.2,true,0.25,0.005779542257471946,1.012909136834922
4,0.4,0.2,true,0.25,0.005858423747632912,1.0189582125157244
4,0.45,0.2,true,0.25,0.0018946081779964896,1.0155414286281714
4,0.35,0.2,true,0.25,0.005714071491300452,1.0137511168401718
4,0.4,0.2,true,0.25,0.005795912858783411,1.0196047472611094
4,0.45,0.2,true,0.25,0.0018675486507161903,1.0158476499305513
4,0.35,0.2,true,0.25,0.005659809271507793,1.0135097378775544
4,0.4,0.2,true,0.25,0.005739796324625804,1.0185620030921219
4,0.45,0.2,true,0.25,0.001843035122011127,1.0158471451258635
4,0.35,0.2,true,0.25,0.005612582084215271,1.0138319247825627
4,0.4,0.2,true,0.25,0.005670721025385798,1.0189437840020172
4,0.35,0.2,true,0.25,0.005555440687149403,1.013833108342229
4,0.45,0.2,true,0.25,0.0018171969501942157,1.0157161505445902
4,0.4,0.2,true,0.25,0.005583459327188263,1.0193010879749398
4,0.35,0.2,true,0.25,0.005510127545755504,1.0134920739061968
4,0.4,0.2,true,0.25,0.00554163080072862,1.0193343868027473
4,0.45,0.2,true,0.25,0.0017798746688416417,1.0164268886619117
4,0.4,0.2,true,0.25,0.0054795558200959405,1.0187804700458027
4,0.35,0.2,true,0.25,0.005474190778768558,1.013165812752132
4,0.45,0.2,true,0.25,0.0017530597393878432,1.0151591207590072
4,0.35,0.2,true,0.25,0.005433427805760307,1.0122126150760562
4,0.4,0.2,true,0.25,0.005437902081526727,1.018743258222525
4,0.45,0.2,true,0.25,0.0017261169611979125,1.0151859750354923
4,0.35,0.2,true,0.25,0.005392722203769999,1.0121148737427978
4,0.4,0.2,true,0.25,0.005351394254307354,1.019392173204096
4,0.45,0.2,true,0.25,0.0017078191525562497,1.0155874314395237
4,0.4,0.2,true,0.25,0.005305068113269334,1.0193987710203245
4,0.35,0.2,true,0.25,0.0053396296481642465,1.0125289871995913
4,0.45,0.2,true,0.25,0.0016872186844080084,1.0156072913025354
4,0.4,0.2,true,0.25,0.005240038800147977,1.0197198696588414
4,0.35,0.2,true,0.25,0.0052980332774287915,1.01185515873844
4,0.45,0.2,true,0.25,0.0016610852602629786,1.016108731134823
4,0.4,0.2,true,0.25,0.005200420577921663,1.018799980461317
4,0.35,0.2,true,0.25,0.005221563009075402,1.0120628100728704
4,0.45,0.2,true,0.25,0.0016428255031826664,1.0156179447060953
4,0.4,0.2,true,0.25,0.005146420839489228,1.0190709355415244
4,0.35,0.2,true,0.25,0.005145813227261298,1.0116781306105245
4,0.45,0.2,true,0.25,0.0016111631123962359,1.0164804610707614
4,0.35,0.2,true,0.25,0.005110275353546127,1.0117406880278572
4,0.4,0.2,true,0.25,0.0050894371154572675,1.0183556468782982
4,0.35,0.2,true,0.25,0.005038244222111259,1.0124933556996147
4,0.45,0.2,true,0.25,0.0015839975066979284,1.016978229182684
4,0.4,0.2,true,0.25,0.005026236441263291,1.0187579665364825
4,0.35,0.2,true,0.25,0.004982653941040273,1.0136854794103891
4,0.45,0.2,true,0.25,0.0015527896251703946,1.0178225507548944
4,0.4,0.2,true,0.25,0.004978537302584029,1.0192962371059229
4,0.35,0.2,true,0.25,0.004917346223232915,1.0138998392954555
4,0.4,0.2,true,0.25,0.004957230349649266,1.0181444489220113
4,0.45,0.2,true,0.25,0.0015251456667491959,1.0200786437054332
4,0.35,0.2,true,0.25,0.004870233167585617,1.0144072581365757
4,0.4,0.2,true,0.25,0.004894762061159227,1.0182637977632367
4,0.45,0.2,true,0.25,0.0014947898740635907,1.0201968881471677
4,0.35,0.2,true,0.25,0.004805212335268904,1.014181698579467
4,0.45,0.2,true,0.25,0.0014743309568394155,1.0210274669308224
4,0.4,0.2,true,0.25,0.0048435312417351726,1.0181222836962645
4,0.35,0.2,true,0.25,0.0047402455574921355,1.0150040639670737
4,0.45,0.2,true,0.25,0.0014512490384067447,1.0205144019228367
4,0.4,0.2,true,0.25,0.0047956024004305025,1.0181176170682704
4,0.35,0.2,true,0.25,0.004689293985953287,1.0163422247663705
4,0.45,0.2,true,0.25,0.001441914239056956,1.0213786917218484
4,0.4,0.2,true,0.25,0.004768345322220508,1.017410305388619
4,0.35,0.2,true,0.25,0.004648575007751717,1.0166204738154851
4,0.4,0.2,true,0.25,0.004734221187130213,1.0170984862738441
4,0.35,0.2,true,0.25,0.004618845623609611,1.016039665794076
4,0.45,0.2,true,0.25,0.0014226990249138268,1.0217403817311705
4,0.4,0.2,true,0.25,0.004695945907383007,1.0168774702631325
4,0.35,0.2,true,0.25,0.004587267462814852,1.0160469667371024
4,0.45,0.2,true,0.25,0.0014040574818248498,1.0224547062520712
4,0.4,0.2,true,0.25,0.004659738989655043,1.0165553026277268
4,0.35,0.2,true,0.25,0.004529480885251233,1.015679728717268
4,0.4,0.2,true,0.25,0.004611892644772598,1.0172735561904829
4,0.45,0.2,true,0.25,0.0013871138945630997,1.0227301572573497
4,0.35,0.2,true,0.25,0.004465773517237463,1.0157430710499582
4,0.45,0.2,true,0.25,0.0013649512361511634,1.0229068251381275
4,0.4,0.2,true,0.25,0.004578126236595573,1.0166736985420095
4,0.35,0.2,true,0.25,0.004404873349484269,1.0168992465855649
4,0.4,0.2,true,0.25,0.0045363692857959045,1.0167739331426489
4,0.45,0.2,true,0.25,0.0013489622609732374,1.0219840898767065
4,0.35,0.2,true,0.25,0.004362009690634445,1.0173178656297264
4,0.4,0.2,true,0.25,0.00450638687397478,1.0159682379334238
4,0.45,0.2,true,0.25,0.001331629057186247,1.0215525008621922
4,0.35,0.2,true,0.25,0.004307926543767353,1.017716342236371
4,0.4,0.2,true,0.25,0.004466055040403781,1.0158638778342053
4,0.45,0.2,true,0.25,0.001314371406203041,1.0222153638430789
4,0.35,0.2,true,0.25,0.004269761636957528,1.0164736730767734
4,0.4,0.2,true,0.25,0.00443044317592284,1.0159761414820596
4,0.45,0.2,true,0.25,0.0012927722800586902,1.0225283923909032
4,0.35,0.2,true,0.25,0.004219758868096648,1.0169101170282113
4,0.4,0.2,true,0.25,0.0044031152021250545,1.0154365074816198
4,0.45,0.2,true,0.25,0.0012776920979779938,1.0229435776127027
4,0.35,0.2,true,0.25,0.004158135214782759,1.0176408492942888
4,0.4,0.2,true,0.25,0.004356624629764619,1.0156988677981331
4,0.45,0.2,true,0.25,0.001262521507730063,1.0230963802019966
4,0.35,0.2,true,0.25,0.004108379400857049,1.018083756493763
4,0.4,0.2,true,0.25,0.004315308409160912,1.0159230582741638
4,0.45,0.2,true,0.25,0.001239736835949494,1.0231678297362816
4,0.35,0.2,true,0.25,0.004074453010862766,1.0195880257508416
4,0.4,0.2,true,0.25,0.004285806277039524,1.0164869086441124
4,0.45,0.2,true,0.25,0.001221970224927901,1.0235703843230761
4,0.35,0.2,true,0.25,0.004046083320918331,1.0182740196513609
4,0.4,0.2,true,0.25,0.004234685176700145,1.0160868992154637
4,0.45,0.2,true,0.25,0.0012038263180596585,1.023287019077739
4,0.35,0.2,true,0.25,0.004009604602528025,1.0182829187192424
4,0.4,0.2,true,0.25,0.004207608059449985,1.0151541875869379
4,0.35,0.2,true,0.25,0.003972033780112312,1.0182848381045653
4,0.45,0.2,true,0.25,0.0011959691598215437,1.0227654551371568
4,0.4,0.2,true,0.25,0.004160242195727367,1.0148503880679365
4,0.35,0.2,true,0.25,0.003939572295327644,1.0173845093855685
4,0.4,0.2,true,0.25,0.004114381702933541,1.0156495853184389
4,0.45,0.2,true,0.25,0.0011732317945111156,1.0230929260160129
4,0.35,0.2,true,0.25,0.003911404294676854,1.0175640076408863
4,0.4,0.2,true,0.25,0.0040712398967482875,1.0165818714458017
4,0.45,0.2,true,0.25,0.0011600296717859712,1.0229686329550993
4,0.35,0.2,true,0.25,0.003868563017996609,1.0180807381115555
4,0.4,0.2,true,0.25,0.004036844683323986,1.0162476968222667
4,0.35,0.2,true,0.25,0.003823344122399867,1.017701744702186
4,0.45,0.2,true,0.25,0.0011425727872976666,1.0229156813121323
4,0.4,0.2,true,0.25,0.004005764042694121,1.0162788347669274
4,0.35,0.2,true,0.25,0.0037831821539849562,1.0178045484456075
4,0.45,0.2,true,0.25,0.001129043778312007,1.0232102471766265
4,0.4,0.2,true,0.25,0.003965228333090428,1.017145047451672
4,0.35,0.2,true,0.25,0.003759971948933941,1.0182135017478986
4,0.4,0.2,true,0.25,0.0039298089172713204,1.0176017908551493
4,0.45,0.2,true,0.25,0.0011126130678685057,1.0246469206880566
4,0.35,0.2,true,0.25,0.0037425159411128626,1.016889612789112
4,0.45,0.2,true,0.25,0.0010943024400497134,1.0259266303989618
4,0.4,0.2,true,0.25,0.003902247824660997,1.0180373338068796
4,0.35,0.2,true,0.25,0.0037090725642341827,1.0168839593278665
4,0.45,0.2,true,0.25,0.0010830644539082095,1.0264386655775086
4,0.4,0.2,true,0.25,0.003866767204759245,1.0177164768165912
4,0.35,0.2,true,0.25,0.0036686236245107714,1.0167762452569262
4,0.4,0.2,true,0.25,0.003829451938467497,1.018399442706469
4,0.45,0.2,true,0.25,0.0010733871884817793,1.026787262435016
4,0.35,0.2,true,0.25,0.003633725212957082,1.0167883173110384
4,0.4,0.2,true,0.25,0.0037827216471739257,1.0168293543338731
4,0.45,0.2,true,0.25,0.0010575289045021052,1.0275943181524831
4,0.35,0.2,true,0.25,0.003590065548300654,1.0170370056198916
4,0.4,0.2,true,0.25,0.0037255439301409226,1.0173353432394312
4,0.45,0.2,true,0.25,0.001037911227232079,1.027369440587368
4,0.35,0.2,true,0.25,0.003549423570625395,1.0167113504674121
4,0.4,0.2,true,0.25,0.003702604613295224,1.0171569749984637
4,0.45,0.2,true,0.25,0.0010236214052292219,1.0275761943574933
4,0.35,0.2,true,0.25,0.0035141499133309897,1.0165742957731612
4,0.4,0.2,true,0.25,0.0036670522786837593,1.0179058174718554
4,0.45,0.2,true,0.25,0.0010037115533738144,1.0276602359003308
4,0.35,0.2,true,0.25,0.003469178357587662,1.01684684096453
4,0.45,0.2,true,0.25,9.92358673064792E-4,1.029192314199791
4,0.4,0.2,true,0.25,0.0036287227687632284,1.0172948394000965
4,0.35,0.2,true,0.25,0.0034432532277135835,1.0171288206388158
4,0.45,0.2,true,0.25,9.823399668252694E-4,1.0291789119529249
4,0.4,0.2,true,0.25,0.0036073852294565764,1.01624875958115
4,0.35,0.2,true,0.25,0.0033959669559420888,1.016981549950337
4,0.45,0.2,true,0.25,9.701295800206932E-4,1.0294992505380423
4,0.35,0.2,true,0.25,0.0033603288327938292,1.0167277982088516
4,0.4,0.2,true,0.25,0.003573617820828959,1.0169597381913875
4,0.45,0.2,true,0.25,9.578526184542018E-4,1.0288534290862972
4,0.35,0.2,true,0.25,0.0033176510561133176,1.017258748745434
4,0.4,0.2,true,0.25,0.003542513299969812,1.017395649920325
4,0.45,0.2,true,0.25,9.486244394816059E-4,1.0278796626310873
4,0.35,0.2,true,0.25,0.00328785053479796,1.0175895227194103
4,0.4,0.2,true,0.25,0.00350926884771072,1.016395417950875
4,0.45,0.2,true,0.25,9.330822687910333E-4,1.027612191156051
4,0.35,0.2,true,0.25,0.0032526973321048633,1.016749043018044
4,0.4,0.2,true,0.25,0.0034776468149516483,1.0160979502572607
4,0.45,0.2,true,0.25,9.227353822212763E-4,1.0273499938784318
4,0.35,0.2,true,0.25,0.003206609457189236,1.0163602058706616
4,0.4,0.2,true,0.25,0.0034417200107377784,1.0164894410272136
4,0.45,0.2,true,0.25,9.128831746027983E-4,1.0270295595951093
4,0.35,0.2,true,0.25,0.0031779473622638634,1.0168307958104652
4,0.45,0.2,true,0.25,8.993377577938301E-4,1.02729161161445
4,0.4,0.2,true,0.25,0.003400910562689724,1.0167404937939022
4,0.35,0.2,true,0.25,0.003157096683431472,1.015835029327626
4,0.45,0.2,true,0.25,8.90495952072874E-4,1.026979469572047
4,0.4,0.2,true,0.25,0.0033771618700892928,1.01696918027733
4,0.35,0.2,true,0.25,0.0031325245588728207,1.016180972439183
4,0.45,0.2,true,0.25,8.802025299380418E-4,1.0273768085707358
4,0.4,0.2,true,0.25,0.003355784947335444,1.0164850566059187
4,0.35,0.2,true,0.25,0.003094856696732854,1.0164592492726954
4,0.45,0.2,true,0.25,8.700086436334082E-4,1.0275533469849563
4,0.4,0.2,true,0.25,0.0033329499049506175,1.0157329845083405
4,0.35,0.2,true,0.25,0.0030696971793203777,1.0163532930047747
4,0.45,0.2,true,0.25,8.635795616249186E-4,1.0266875261841903
4,0.4,0.2,true,0.25,0.003296974532860511,1.0154907215681719
4,0.35,0.2,true,0.25,0.0030382915482005182,1.0167521224829092
4,0.4,0.2,true,0.25,0.0032682891940277047,1.015799306135051
4,0.45,0.2,true,0.25,8.520555523231337E-4,1.025801844406813
4,0.35,0.2,true,0.25,0.003000957876865029,1.0155869581912862
4,0.4,0.2,true,0.25,0.003232286110706862,1.0157258248790126
4,0.35,0.2,true,0.25,0.0029733767381939073,1.0160442676164259
4,0.45,0.2,true,0.25,8.373554247897077E-4,1.0257620387108928
4,0.4,0.2,true,0.25,0.0031932774415639885,1.0158894687596614
4,0.35,0.2,true,0.25,0.002944900158207789,1.0160384297110938
4,0.4,0.2,true,0.25,0.0031697060344802568,1.0152940475839682
4,0.45,0.2,true,0.25,8.2339508165831E-4,1.026778563733248
4,0.35,0.2,true,0.25,0.0029242824156740124,1.0163527785474173
4,0.4,0.2,true,0.25,0.0031429499064485385,1.0153972363740835
4,0.45,0.2,true,0.25,8.147915508797864E-4,1.027327755925725
4,0.35,0.2,true,0.25,0.002896409266633576,1.0160254274041416
4,0.4,0.2,true,0.25,0.0031144645790871584,1.016028040176682
4,0.45,0.2,true,0.25,8.070336587915947E-4,1.0274175202798022
4,0.35,0.2,true,0.25,0.002878876919210333,1.0167051132139815
4,0.4,0.2,true,0.25,0.0030847354563144163,1.0167831534838094
4,0.45,0.2,true,0.25,8.001086142309619E-4,1.02786871146459
4,0.35,0.2,true,0.25,0.0028529135000789846,1.016021452326226
4,0.4,0.2,true,0.25,0.003049953101704116,1.0166436079055066
4,0.45,0.2,true,0.25,7.902213522857612E-4,1.0272035037966298
4,0.35,0.2,true,0.25,0.0028293038567542995,1.0160743217267638
4,0.4,0.2,true,0.25,0.0030159240603259835,1.0157185371003061
4,0.45,0.2,true,0.25,7.793513346888248E-4,1.0269724698113476
4,0.35,0.2,true,0.25,0.002795423526169221,1.0170633180387618
4,0.4,0.2,true,0.25,0.002988068349546218,1.016272561857447
4,0.45,0.2,true,0.25,7.673071861025805E-4,1.0268124288817737
4,0.45,0.2,true,0.25,7.639714200896012E-4,1.0258476696946361
4,0.45,0.2,true,0.25,7.543272531395806E-4,1.0258728007169804
4,0.45,0.2,true,0.25,7.463577551309092E-4,1.0259030578182444
4,0.45,0.2,true,0.25,7.36374194377276E-4,1.0259837127655862
4,0.45,0.2,true,0.25,7.308214877572064E-4,1.0262061485339722
4,0.45,0.2,true,0.25,7.235666502268073E-4,1.0269287520159451
4,0.45,0.2,true,0.25,7.130366004322698E-4,1.0273048069748012
4,0.45,0.2,true,0.25,7.080776175413141E-4,1.0268145629826178
4,0.45,0.2,true,0.25,7.015823600715763E-4,1.0254660187935007
4,0.45,0.2,true,0.25,6.912684938548052E-4,1.025979516635394
4,0.45,0.2,true,0.25,6.857407361636028E-4,1.0254269018862472
4,0.45,0.2,true,0.25,6.744701594784499E-4,1.0264665752969862
4,0.45,0.2,true,0.25,6.685267611303471E-4,1.0277409737308312
4,0.45,0.2,true,0.25,6.610816166087186E-4,1.0274109788490964
4,0.45,0.2,true,0.25,6.516150670490525E-4,1.0270804221074494
4,0.45,0.2,true,0.25,6.452147784815762E-4,1.0278936435523198
4,0.45,0.2,true,0.25,6.386431149265683E-4,1.0267109215518224
4,0.45,0.2,true,0.25,6.298483605641535E-4,1.0275179909624963
4,0.45,0.2,true,0.25,6.242991050864657E-4,1.026732610052199
4,0.45,0.2,true,0.25,6.14365907338667E-4,1.0270722004422814
4,0.45,0.2,true,0.25,6.043509960706622E-4,1.0276396748842391
4,0.45,0.2,true,0.25,6.000912160780664E-4,1.0271930436056051
4,0.45,0.2,true,0.25,5.925659316246392E-4,1.0275314992380193
4,0.45,0.2,true,0.25,5.795421927065684E-4,1.0275893456036094
4,0.45,0.2,true,0.25,5.733379378759737E-4,1.0280737588922135
4,0.45,0.2,true,0.25,5.670442051079867E-4,1.0282005534077796
4,0.45,0.2,true,0.25,5.598826192256371E-4,1.0284877051663266
4,0.45,0.2,true,0.25,5.510208365478126E-4,1.0288725054676342
4,0.45,0.2,true,0.25,5.433794001215343E-4,1.028025842681177
4,0.45,0.2,true,0.25,5.377890659591933E-4,1.028026825839612
4,0.45,0.2,true,0.25,5.319361347335124E-4,1.0290127891031648
6,0.1,0.2,true,0.25,0.03795707022397905,-0.00397497424987631
6,0.05,0.2,true,0.25,0.0396906086221346,-0.004623672637573897
4,0.45,0.2,true,0.25,5.228472226811217E-4,1.0290920947624023
4,0.45,0.2,true,0.25,5.163198481998751E-4,1.0276683523291674
6,0.1,0.2,true,0.25,0.04328872548108414,0.011196028434013636
6,0.05,0.2,true,0.25,0.045380733016366186,0.020546830078573164
4,0.45,0.2,true,0.25,5.112354979679447E-4,1.028169612045813
4,0.45,0.2,true,0.25,5.061341043072074E-4,1.0287313813326786
6,0.1,0.2,true,0.25,0.04934267906204331,0.0491254727909489
6,0.05,0.2,true,0.25,0.051449842585341105,0.034545320214651246
4,0.45,0.2,true,0.25,4.996213274901095E-4,1.0289732043934003
4,0.45,0.2,true,0.25,4.937737655952767E-4,1.0294805337123636
6,0.1,0.2,true,0.25,0.054556757594911916,0.11297969836928373
4,0.45,0.2,true,0.25,4.886636821611303E-4,1.0294681281331872
6,0.05,0.2,true,0.25,0.056374794930351566,0.07466850487193646
4,0.45,0.2,true,0.25,4.827739450034331E-4,1.0299949618895203
6,0.1,0.2,true,0.25,0.05895692280732605,0.13717951837962025
6,0.05,0.2,true,0.25,0.06252483541790478,0.08911840362875205
4,0.45,0.2,true,0.25,4.7667889664958983E-4,1.029656002660429
6,0.1,0.2,true,0.25,0.06341815334534034,0.21180290835073332
4,0.45,0.2,true,0.25,4.701623025379986E-4,1.029819658246245
4,0.45,0.2,true,0.25,4.6499318813395115E-4,1.02940669338948
6,0.05,0.2,true,0.25,0.06837599388683209,0.09605901642945035
6,0.1,0.2,true,0.25,0.06777213479725135,0.24359862261435086
4,0.45,0.2,true,0.25,4.607888733190601E-4,1.0300422114795444
6,0.05,0.2,true,0.25,0.07280411012597508,0.15689614427912882
6,0.1,0.2,true,0.25,0.07256697680379748,0.27967611117424135
4,0.45,0.2,true,0.25,4.5554462365949975E-4,1.0299842198173892
6,0.05,0.2,true,0.25,0.07730474307271731,0.27471641080458586
6,0.1,0.2,true,0.25,0.0760654697766983,0.4011433189919647
6,0.05,0.2,true,0.25,0.08188479340764573,0.3511720874845734
6,0.1,0.2,true,0.25,0.07985199433305493,0.47868557262251904
6,0.05,0.2,true,0.25,0.08615331033824447,0.4347794354530312
6,0.1,0.2,true,0.25,0.08230682752958968,0.5261502096720303
6,0.05,0.2,true,0.25,0.09030081538046122,0.5218428692183763
6,0.1,0.2,true,0.25,0.08512020895286143,0.5605459971727202
6,0.05,0.2,true,0.25,0.09287441357197328,0.595705467952617
6,0.1,0.2,true,0.25,0.08744561491303593,0.6226800761418941
6,0.05,0.2,true,0.25,0.09599633278850248,0.6833067731026836
6,0.1,0.2,true,0.25,0.08969313243393141,0.6274263080304483
6,0.05,0.2,true,0.25,0.09756785847841568,0.7122927941912276
6,0.1,0.2,true,0.25,0.09153377161210248,0.65158468761428
6,0.05,0.2,true,0.25,0.09937340191483367,0.7409058657461242
6,0.1,0.2,true,0.25,0.09298287541678832,0.7063814726511187
6,0.05,0.2,true,0.25,0.101214269303936,0.7810195910302662
6,0.1,0.2,true,0.25,0.09473986892014444,0.7008310841589638
6,0.05,0.2,true,0.25,0.1029692771460275,0.7691719975903104
6,0.1,0.2,true,0.25,0.09614235427666157,0.7596041179139371
6,0.05,0.2,true,0.25,0.10450501381889114,0.8103430009512397
6,0.1,0.2,true,0.25,0.09757709820098734,0.7305198299235244
6,0.05,0.2,true,0.25,0.10622451304475881,0.7846623334678928
6,0.1,0.2,true,0.25,0.09860111502449125,0.7736653320125383
6,0.05,0.2,true,0.25,0.10721057446320333,0.7812044709124316
6,0.1,0.2,true,0.25,0.09960951674397975,0.7695655645197385
6,0.05,0.2,true,0.25,0.10864635814982279,0.7984920075952949
6,0.1,0.2,true,0.25,0.10076770213761797,0.805837181695757
6,0.05,0.2,true,0.25,0.11005380999731251,0.7955841542768679
6,0.1,0.2,true,0.25,0.10183877164536534,0.8340979694811135
6,0.05,0.2,true,0.25,0.1113793849512034,0.8361244402979424
6,0.1,0.2,true,0.25,0.10295549057325977,0.85329602468204
6,0.05,0.2,true,0.25,0.11276021311204863,0.859833169513091
6,0.1,0.2,true,0.25,0.1044363489217198,0.852845208027063
6,0.05,0.2,true,0.25,0.11502885495277317,0.8297161897803454
6,0.1,0.2,true,0.25,0.10572881766462416,0.8966384551574997
6,0.05,0.2,true,0.25,0.11719029490677567,0.8880118742583657
6,0.1,0.2,true,0.25,0.1071968171366558,0.9170366607967321
6,0.05,0.2,true,0.25,0.11930375599564835,0.877552011233174
6,0.1,0.2,true,0.25,0.10904123655647267,0.9184459879820066
6,0.05,0.2,true,0.25,0.12101680666072129,0.8997525373381506
6,0.1,0.2,true,0.25,0.11014440356180413,0.9461000192595301
6,0.05,0.2,true,0.25,0.12309283921079638,0.9293313576180295
6,0.1,0.2,true,0.25,0.11189835925125344,0.9462805929781047
6,0.05,0.2,true,0.25,0.12503552888900535,0.9489597523754055
6,0.15,0.2,true,0.25,0.03999980136099411,0.006461306013999922
6,0.1,0.2,true,0.25,0.11353030263054815,0.9615106532957846
6,0.05,0.2,true,0.25,0.12663600158288607,0.9839493020782419
6,0.15,0.2,true,0.25,0.04520179406502295,0.0285037730271569
6,0.1,0.2,true,0.25,0.11523014639337714,0.9431500071031076
6,0.05,0.2,true,0.25,0.12828354962408392,0.9456466508414073
6,0.15,0.2,true,0.25,0.04923928239555869,0.055733690067020954
6,0.1,0.2,true,0.25,0.11716814885867417,0.9545523440101187
6,0.05,0.2,true,0.25,0.130227955385689,0.9418417073724734
6,0.15,0.2,true,0.25,0.05465333219128049,0.07668936108917669
6,0.1,0.2,true,0.25,0.11853256459688294,0.9765627684656771
6,0.05,0.2,true,0.25,0.1323746937347351,0.9370506425036611
6,0.05,0.2,true,0.25,0.13451067920367923,0.9252612434456166
6,0.1,0.2,true,0.25,0.1202755071119845,0.9586806895261678
6,0.15,0.2,true,0.25,0.05943193241920297,0.05500040225128484
6,0.05,0.2,true,0.25,0.13615096669378107,0.9371496480510831
6,0.1,0.2,true,0.25,0.12144945678770917,0.9819779826520778
6,0.15,0.2,true,0.25,0.06467318415773758,0.07223536637806627
6,0.1,0.2,true,0.25,0.12283384957181352,0.981615012553823
6,0.05,0.2,true,0.25,0.13762220677566459,0.9705252095052339
6,0.15,0.2,true,0.25,0.06970558195965035,0.15123178886138217
6,0.1,0.2,true,0.25,0.124620439050556,0.9910219174468271
6,0.05,0.2,true,0.25,0.13950151435480818,0.9501508064710313
6,0.15,0.2,true,0.25,0.07383092506232454,0.17756099070759646
6,0.1,0.2,true,0.25,0.12599434313686922,1.0123298923625381
6,0.05,0.2,true,0.25,0.1418480819500059,0.9610151869722962
6,0.1,0.2,true,0.25,0.12757868162771974,1.0069576937304154
6,0.15,0.2,true,0.25,0.07824416528224062,0.22234835272623524
6,0.05,0.2,true,0.25,0.14384554091421864,0.9493748202750334
6,0.1,0.2,true,0.25,0.1291871298497691,1.0041656938909873
6,0.15,0.2,true,0.25,0.08280873790082395,0.2810237990365884
6,0.05,0.2,true,0.25,0.14522620522526647,0.9638421046109125
6,0.1,0.2,true,0.25,0.13026038518806032,1.0253523750721865
6,0.15,0.2,true,0.25,0.08656734225518062,0.36540675508706016
6,0.05,0.2,true,0.25,0.14668085079483284,0.9881914160169197
6,0.1,0.2,true,0.25,0.13136848324209546,0.9944053541175284
6,0.15,0.2,true,0.25,0.09030724679489746,0.4911848404169802
6,0.05,0.2,true,0.25,0.14793769767422021,0.9860647432992572
6,0.1,0.2,true,0.25,0.13206188042822,1.0150508381562313
6,0.15,0.2,true,0.25,0.09313137392394424,0.6070066423129259
6,0.05,0.2,true,0.25,0.14965719368426955,1.0079642913666134
6,0.1,0.2,true,0.25,0.13382768524754368,1.0059669437260939
6,0.15,0.2,true,0.25,0.09523242459162168,0.6682385866359989
6,0.05,0.2,true,0.25,0.15102208115691884,1.0016796678948776
6,0.1,0.2,true,0.25,0.13444875761229333,1.02585836003498
6,0.15,0.2,true,0.25,0.09774223889280356,0.7175631071160136
6,0.05,0.2,true,0.25,0.15253450621442685,1.0080843528913717
6,0.1,0.2,true,0.25,0.13542797062556378,1.0294989778585253
6,0.1,0.2,true,0.25,0.1369666951938707,1.0068622402237286
6,0.05,0.2,true,0.25,0.1538150041487632,0.9813049500813519
6,0.15,0.2,true,0.25,0.0985544005851645,0.750238939670676
6,0.1,0.2,true,0.25,0.13825457464853835,1.0263886443327013
6,0.05,0.2,true,0.25,0.155539193024187,0.9942596674807473
6,0.15,0.2,true,0.25,0.10007473883659025,0.7619306951327836
6,0.05,0.2,true,0.25,0.15646229532930098,0.9928058890592549
6,0.1,0.2,true,0.25,0.13920562432572692,1.0334990996627813
6,0.15,0.2,true,0.25,0.10147184159542803,0.8046205221540441
6,0.05,0.2,true,0.25,0.15787608562769417,1.0033628570590722
6,0.1,0.2,true,0.25,0.14011168226288803,1.028483581173867
6,0.15,0.2,true,0.25,0.10244764443982778,0.8458245525805298
6,0.05,0.2,true,0.25,0.1591037385999861,0.9997054584188204
6,0.1,0.2,true,0.25,0.14123192260471773,1.036176617669092
6,0.15,0.2,true,0.25,0.10389121645486737,0.8638290684229545
6,0.05,0.2,true,0.25,0.16081992806967815,1.00479015277493
6,0.1,0.2,true,0.25,0.14222275047095845,1.0253404583679107
6,0.15,0.2,true,0.25,0.10489423954163057,0.9071494605172604
6,0.05,0.2,true,0.25,0.161802428674508,1.0002801047867063
6,0.1,0.2,true,0.25,0.14381971870964808,1.0251968149274875
6,0.15,0.2,true,0.25,0.10651522667411235,0.9339063978854723
6,0.05,0.2,true,0.25,0.16344336517374422,1.002942246436457
6,0.1,0.2,true,0.25,0.14479027571244243,1.0305787286347095
6,0.15,0.2,true,0.25,0.10734738249545799,0.9456879582317788
6,0.05,0.2,true,0.25,0.16467242606592658,1.015752557881884
6,0.1,0.2,true,0.25,0.1453874153858811,1.0299962754645977
6,0.15,0.2,true,0.25,0.10846428445218743,0.9701281914556767
6,0.05,0.2,true,0.25,0.16586321798949472,1.022020313705283
6,0.15,0.2,true,0.25,0.10895965370136848,0.9865484411505929
6,0.1,0.2,true,0.25,0.14659527390012927,1.0278429692166215
6,0.05,0.2,true,0.25,0.1670189921027093,1.0195568976168135
6,0.15,0.2,true,0.25,0.10984807400457976,1.0019428839376903
6,0.1,0.2,true,0.25,0.1473132269436385,1.0195916479709974
6,0.05,0.2,true,0.25,0.16864944482182304,1.0103498744253494
6,0.15,0.2,true,0.25,0.110517601566704,0.9890087627489428
6,0.1,0.2,true,0.25,0.14828647060699363,1.0336622177268737
6,0.05,0.2,true,0.25,0.16990112330237703,1.0112442524820238
6,0.15,0.2,true,0.25,0.11135031702410002,1.010422640933033
6,0.1,0.2,true,0.25,0.14866562015388354,1.0323441446137593
6,0.05,0.2,true,0.25,0.17099237489536334,1.0144321851001765
6,0.15,0.2,true,0.25,0.11177248795260916,1.0202634794650798
6,0.1,0.2,true,0.25,0.14923963851679736,1.0276777280571208
6,0.05,0.2,true,0.25,0.1717747313352296,1.0120077376738494
6,0.15,0.2,true,0.25,0.11254680356256934,1.0208683982068762
6,0.05,0.2,true,0.25,0.17269396460792477,1.011071799053471
6,0.1,0.2,true,0.25,0.15008774631294786,1.0420137741412157
6,0.05,0.2,true,0.25,0.17413836582659883,1.0347824687468008
6,0.15,0.2,true,0.25,0.11254476335210827,1.0060673464057641
6,0.1,0.2,true,0.25,0.15116018329800307,1.041315785078634
6,0.05,0.2,true,0.25,0.1750832409253982,1.0252784218023858
6,0.15,0.2,true,0.25,0.11303542973562596,1.0165739717789888
6,0.1,0.2,true,0.25,0.15169442351616358,1.0374557535762714
6,0.05,0.2,true,0.25,0.17565009954836494,1.0274533006728221
6,0.15,0.2,true,0.25,0.11361879488403559,1.016040710457598
6,0.1,0.2,true,0.25,0.15268477715878895,1.037710969258574
6,0.05,0.2,true,0.25,0.17697766884072122,1.0360627511960838
6,0.15,0.2,true,0.25,0.11401413798819707,1.0342053455496178
6,0.1,0.2,true,0.25,0.15317980880316465,1.0333678695649402
6,0.05,0.2,true,0.25,0.1779212469403443,1.0231444602817235
6,0.15,0.2,true,0.25,0.11479447039226855,1.0334490350000485
6,0.1,0.2,true,0.25,0.15376471904176914,1.0384501818841985
6,0.05,0.2,true,0.25,0.17933738241701547,1.0277321871742302
6,0.15,0.2,true,0.25,0.11525990316319468,1.0378120622128366
6,0.1,0.2,true,0.25,0.15427628154684556,1.03228793972128
6,0.05,0.2,true,0.25,0.18017216002135694,1.0267568381578633
6,0.15,0.2,true,0.25,0.11561746680702013,1.0405778274408266
6,0.05,0.2,true,0.25,0.18100990365305927,1.025973818870636
6,0.1,0.2,true,0.25,0.15486096325965867,1.0328357411948221
6,0.15,0.2,true,0.25,0.11604889167709816,1.009777193213042
6,0.05,0.2,true,0.25,0.1816823420527323,1.0276893857595584
6,0.1,0.2,true,0.25,0.15555411255375573,1.0316529537433563
6,0.05,0.2,true,0.25,0.18232501265331813,1.032602436740759
6,0.15,0.2,true,0.25,0.11613974713607644,1.0155272791010665
6,0.1,0.2,true,0.25,0.15596436483042628,1.0355046683241098
6,0.05,0.2,true,0.25,0.18302360159793923,1.0277943030453303
6,0.15,0.2,true,0.25,0.11624751042458384,1.0259854545859532
6,0.1,0.2,true,0.25,0.15650983630416862,1.03104928786488
6,0.05,0.2,true,0.25,0.18355891541405223,1.0437036949989282
6,0.15,0.2,true,0.25,0.11628103926194842,1.017123507429133
6,0.1,0.2,true,0.25,0.15707450263629588,1.0249605722750357
6,0.05,0.2,true,0.25,0.18430683299690773,1.037038068906775
6,0.15,0.2,true,0.25,0.11626960248908415,1.0297566893567878
6,0.1,0.2,true,0.25,0.15748728589037528,1.0375402361441362
6,0.05,0.2,true,0.25,0.18492704542816923,1.0426609432053386
6,0.15,0.2,true,0.25,0.11651458090595042,1.0243482626276141
6,0.1,0.2,true,0.25,0.15811278574098586,1.0261696982446067
6,0.05,0.2,true,0.25,0.1858435232423286,1.0457932498303666
6,0.15,0.2,true,0.25,0.11664032219697879,1.0275163641656728
6,0.1,0.2,true,0.25,0.15829465743484145,1.0313985714862741
6,0.05,0.2,true,0.25,0.18708509117527455,1.0327025683126265
6,0.1,0.2,true,0.25,0.15871210382286965,1.0303453589027411
6,0.15,0.2,true,0.25,0.11693892557909856,1.0109894103541743
6,0.05,0.2,true,0.25,0.1879889333074189,1.0326715989873643
6,0.1,0.2,true,0.25,0.1590560674303214,1.0333733372024467
6,0.15,0.2,true,0.25,0.11715048313206582,1.0062082957843552
6,0.05,0.2,true,0.25,0.18884235974308744,1.0414275804509645
6,0.1,0.2,true,0.25,0.1593984824802144,1.0378246629594035
6,0.05,0.2,true,0.25,0.18970069131094366,1.039463354494637
6,0.15,0.2,true,0.25,0.11718436570394636,1.0059543815510177
6,0.1,0.2,true,0.25,0.15973537203406388,1.0378612567958139
6,0.05,0.2,true,0.25,0.1905143363212768,1.0491582038279161
6,0.15,0.2,true,0.25,0.1173825820187764,1.0117746167408304
6,0.1,0.2,true,0.25,0.16005272710845453,1.0299692070650086
6,0.05,0.2,true,0.25,0.1912260205413535,1.0402161588977454
6,0.15,0.2,true,0.25,0.11733462639478133,1.0188402803142842
6,0.1,0.2,true,0.25,0.16064017497809932,1.0195471719611613
6,0.05,0.2,true,0.25,0.19192577785864634,1.0407886231381989
6,0.15,0.2,true,0.25,0.11740280279176954,1.0198138047066152
6,0.1,0.2,true,0.25,0.1610813256840505,1.0234945975119814
6,0.05,0.2,true,0.25,0.1922086260124867,1.040884209629611
6,0.1,0.2,true,0.25,0.1616866248658476,1.029831173901685
6,0.15,0.2,true,0.25,0.11745431522471436,1.015329991892873
6,0.05,0.2,true,0.25,0.19303301082419982,1.0248748352944232
6,0.1,0.2,true,0.25,0.16189808902129588,1.0355248658942513
6,0.15,0.2,true,0.25,0.11762547901206724,1.0245477131911984
6,0.05,0.2,true,0.25,0.19360274879546796,1.035323209838286
6,0.1,0.2,true,0.25,0.16234121806533142,1.0243437477164279
6,0.05,0.2,true,0.25,0.19411910561474643,1.0421263258992368
6,0.15,0.2,true,0.25,0.11764969930043599,1.0139950835068439
6,0.1,0.2,true,0.25,0.16244059354914123,1.0381331402407077
6,0.05,0.2,true,0.25,0.19495273365553806,1.0483719943388263
6,0.15,0.2,true,0.25,0.1176964150484085,1.019440066560556
6,0.1,0.2,true,0.25,0.16288670702924055,1.0260277940332396
6,0.05,0.2,true,0.25,0.1954689943393703,1.0553474786061239
6,0.15,0.2,true,0.25,0.11790770841140445,1.018912737066208
6,0.1,0.2,true,0.25,0.16326487728349956,1.0310879876979748
6,0.05,0.2,true,0.25,0.19605348820419718,1.049199402285043
6,0.15,0.2,true,0.25,0.11775578869674738,1.0168123593727882
6,0.1,0.2,true,0.25,0.16347511919257307,1.031035115333179
6,0.05,0.2,true,0.25,0.19650926343651676,1.0432154498426898
6,0.15,0.2,true,0.25,0.11781527833377299,1.0132879843513867
6,0.1,0.2,true,0.25,0.16352161798939785,1.03013357893207
6,0.05,0.2,true,0.25,0.19758815817396697,1.0488038882238302
6,0.1,0.2,true,0.25,0.1639510377469694,1.027313866453526
6,0.15,0.2,true,0.25,0.11786990587437175,1.0158994689406913
6,0.05,0.2,true,0.25,0.19860166333143395,1.0400486096733998
6,0.1,0.2,true,0.25,0.1644156741214506,1.0338185134186013
6,0.15,0.2,true,0.25,0.11783370598356722,1.022878667962798
6,0.05,0.2,true,0.25,0.1991748111264262,1.0428222713943818
6,0.05,0.2,true,0.25,0.19961863257145623,1.0350162134980885
6,0.15,0.2,true,0.25,0.11786974998234961,1.0173801615829123
6,0.1,0.2,true,0.25,0.16467741138031292,1.0225540114080802
6,0.05,0.2,true,0.25,0.20041404961130835,1.0436404671445998
6,0.15,0.2,true,0.25,0.11794644010568504,1.0188953205434126
6,0.1,0.2,true,0.25,0.1649829030871967,1.0367096439034518
6,0.05,0.2,true,0.25,0.20092331896918958,1.0413273578546076
6,0.15,0.2,true,0.25,0.11795689143031107,1.0194684071897193
6,0.1,0.2,true,0.25,0.1652905133726104,1.0345697005666188
6,0.05,0.2,true,0.25,0.2017785650545976,1.0292327937483268
6,0.15,0.2,true,0.25,0.11793489122034596,1.0166129531392123
6,0.1,0.2,true,0.25,0.1654733932323071,1.030077559686195
6,0.05,0.2,true,0.25,0.2022602568051224,1.0264713437270077
6,0.15,0.2,true,0.25,0.11798299636508466,1.0179301302497685
6,0.1,0.2,true,0.25,0.16595656686391913,1.0247074503466083
6,0.05,0.2,true,0.25,0.20331814763546277,1.0268259038606966
6,0.1,0.2,true,0.25,0.16625180997028768,1.0254907486791898
6,0.15,0.2,true,0.25,0.11821445886824276,1.0245277177810406
6,0.05,0.2,true,0.25,0.20361368877534808,1.0308312063499
6,0.1,0.2,true,0.25,0.16655097629960997,1.016215610625753
6,0.15,0.2,true,0.25,0.11830616095111714,1.0215687689408115
6,0.05,0.2,true,0.25,0.2040994274854703,1.0384824181306906
6,0.1,0.2,true,0.25,0.16679065147642733,1.018726928252275
6,0.15,0.2,true,0.25,0.11824859748304213,1.0172072794660378
6,0.05,0.2,true,0.25,0.20442514408952991,1.030542389776595
6,0.1,0.2,true,0.25,0.16682943866519834,1.0374369913733446
6,0.15,0.2,true,0.25,0.11827576425896345,1.0227571058248635
6,0.05,0.2,true,0.25,0.20504492821708928,1.0343038719456343
6,0.15,0.2,true,0.25,0.11828553168309193,1.0162298269829897
6,0.1,0.2,true,0.25,0.16688137738679046,1.0389108071419584
6,0.05,0.2,true,0.25,0.20545560820214884,1.0356992178649551
6,0.15,0.2,true,0.25,0.11831607010693428,1.0202642177019572
6,0.1,0.2,true,0.25,0.16694319613532418,1.0193666339219878
6,0.05,0.2,true,0.25,0.2060091707705651,1.0359635133888438
6,0.1,0.2,true,0.25,0.16704218362709958,1.031977094206914
6,0.15,0.2,true,0.25,0.11832332678108216,1.0164841704511305
6,0.05,0.2,true,0.25,0.2066295678433636,1.0288120035287556
6,0.1,0.2,true,0.25,0.16713617513771295,1.0332557195674936
6,0.15,0.2,true,0.25,0.11836258361928592,1.0191610548934273
6,0.05,0.2,true,0.25,0.20733956818828445,1.0210737660404963
6,0.1,0.2,true,0.25,0.16727224331961066,1.033851435865598
6,0.05,0.2,true,0.25,0.20760498190028048,1.0342322655246865
6,0.15,0.2,true,0.25,0.11838000379648352,1.024739648744571
6,0.1,0.2,true,0.25,0.16747482663364738,1.0323362051468499
6,0.05,0.2,true,0.25,0.2079097855306058,1.0320635799098057
6,0.15,0.2,true,0.25,0.11839331705832686,1.018128145687735
6,0.1,0.2,true,0.25,0.1677171624754901,1.0260496355609476
6,0.05,0.2,true,0.25,0.20835858453213507,1.0293671069096444
6,0.15,0.2,true,0.25,0.11838301846620192,1.0225404006379368
6,0.1,0.2,true,0.25,0.16824271150914522,1.0196515133830386
6,0.05,0.2,true,0.25,0.20872058173650407,1.0339208714645798
6,0.15,0.2,true,0.25,0.11839097900027838,1.0141349687086778
6,0.1,0.2,true,0.25,0.16849950170811456,1.0287445384260314
6,0.05,0.2,true,0.25,0.20927446253173293,1.029217454572538
6,0.15,0.2,true,0.25,0.1183309489119418,1.0144569067174336
6,0.1,0.2,true,0.25,0.1686922282480728,1.0311662171359552
6,0.05,0.2,true,0.25,0.20974608089043048,1.0285772490384513
6,0.15,0.2,true,0.25,0.11830563976288007,1.0185605960147188
6,0.05,0.2,true,0.25,0.21052989178563872,1.0285072225961893
6,0.1,0.2,true,0.25,0.16889063920028385,1.030008020537251
6,0.15,0.2,true,0.25,0.11825707878526634,1.013753891760181
6,0.05,0.2,true,0.25,0.21082669328333464,1.035317983829989
6,0.1,0.2,true,0.25,0.16918125371234896,1.0196891085091941
6,0.15,0.2,true,0.25,0.11824252475040362,1.0125186558228274
6,0.05,0.2,true,0.25,0.2114254832476229,1.0262780613589377
6,0.1,0.2,true,0.25,0.16934681621942993,1.022878807397406
6,0.15,0.2,true,0.25,0.11824063007107663,1.014317074937277
6,0.05,0.2,true,0.25,0.2118367926218971,1.0248575495722894
6,0.1,0.2,true,0.25,0.16935956668445112,1.0264135755126385
6,0.15,0.2,true,0.25,0.1182156635793495,1.0209818477565946
6,0.1,0.2,true,0.25,0.16966247762687905,1.0344625436200408
6,0.05,0.2,true,0.25,0.21242426381449486,1.0317975365613588
6,0.15,0.2,true,0.25,0.11826993842941727,1.017135195358505
6,0.1,0.2,true,0.25,0.16991648530290582,1.0354416622940528
6,0.05,0.2,true,0.25,0.21300739250495027,1.0263418930606167
6,0.1,0.2,true,0.25,0.17003313753146138,1.0295491114434285
6,0.15,0.2,true,0.25,0.11825344084729038,1.0142358332614674
6,0.05,0.2,true,0.25,0.2133925223060646,1.0272821813802944
6,0.1,0.2,true,0.25,0.17005122985752083,1.0268748736517446
6,0.15,0.2,true,0.25,0.11823927362347599,1.0162241215000074
6,0.05,0.2,true,0.25,0.21360692605427697,1.0239898791936888
6,0.1,0.2,true,0.25,0.17027812729368447,1.029319771816354
6,0.05,0.2,true,0.25,0.2139967410373059,1.0278143720576223
6,0.15,0.2,true,0.25,0.11818951597214652,1.0166073895080903
6,0.1,0.2,true,0.25,0.17039208067122785,1.0252387430593803
6,0.05,0.2,true,0.25,0.21423628289804364,1.0335180857056192
6,0.15,0.2,true,0.25,0.11814758063185261,1.0160224626130698
6,0.1,0.2,true,0.25,0.17062997100286556,1.025629898908515
6,0.05,0.2,true,0.25,0.21485867109788914,1.0314712315094319
6,0.15,0.2,true,0.25,0.11812506242642608,1.0189873076829
6,0.1,0.2,true,0.25,0.17089143943989446,1.022212063226476
6,0.05,0.2,true,0.25,0.21527498200338854,1.0342367330897462
6,0.15,0.2,true,0.25,0.1181122261175873,1.020675209428154
6,0.1,0.2,true,0.25,0.17098571465854673,1.0301235427166378
6,0.05,0.2,true,0.25,0.2156700722846504,1.0263180797550677
6,0.15,0.2,true,0.25,0.11806492111802423,1.0209495444934833
6,0.05,0.2,true,0.25,0.21617429409317135,1.0347700720077055
6,0.1,0.2,true,0.25,0.17114015495474325,1.0301753499455997
6,0.15,0.2,true,0.25,0.11803340658475227,1.021775427001414
6,0.1,0.2,true,0.25,0.17126056768055373,1.0174051761931036
6,0.05,0.2,true,0.25,0.21664574162280897,1.03233400773079
6,0.15,0.2,true,0.25,0.11799717919621859,1.0204377059999354
6,0.1,0.2,true,0.25,0.17143462577274257,1.0290911624648493
6,0.05,0.2,true,0.25,0.2170481398393268,1.0342687741426393
6,0.15,0.2,true,0.25,0.11799348571183846,1.0220041067319598
6,0.1,0.2,true,0.25,0.17183519416092224,1.0282958318243935
6,0.05,0.2,true,0.25,0.2175704735949146,1.0256821502454416
6,0.15,0.2,true,0.25,0.11800101298944529,1.0222260814144428
6,0.1,0.2,true,0.25,0.17192809660790526,1.0235411009794764
6,0.05,0.2,true,0.25,0.2182339380718009,1.032465228011942
6,0.15,0.2,true,0.25,0.11802194418784645,1.0226103229092296
6,0.1,0.2,true,0.25,0.1720303346182641,1.0233326277877428
6,0.05,0.2,true,0.25,0.2188904502136738,1.0285751145127329
6,0.15,0.2,true,0.25,0.1179875382278895,1.0216544054079824
6,0.1,0.2,true,0.25,0.17224445882037523,1.0287728287230737
6,0.05,0.2,true,0.25,0.21927314161548297,1.0239087876005948
6,0.15,0.2,true,0.25,0.1180186671004992,1.0226494118021114
6,0.1,0.2,true,0.25,0.17236479860067197,1.0148361217681854
6,0.05,0.2,true,0.25,0.21943642283845938,1.0213440399216764
6,0.15,0.2,true,0.25,0.11798885438487504,1.0240826386521134
6,0.1,0.2,true,0.25,0.17250032165059884,1.0197414453633655
6,0.05,0.2,true,0.25,0.21989836369380564,1.017835187074016
6,0.15,0.2,true,0.25,0.11796131109706674,1.0240925988880965
6,0.1,0.2,true,0.25,0.17266169200010575,1.0226569557016163
6,0.05,0.2,true,0.25,0.2206390689080456,1.015341748306358
6,0.15,0.2,true,0.25,0.11795450460989397,1.0241066000735606
6,0.1,0.2,true,0.25,0.17285428656883417,1.0197555307907835
6,0.05,0.2,true,0.25,0.22107276296286632,1.0184810092122791
6,0.15,0.2,true,0.25,0.11794031695475174,1.0241396641195262
6,0.1,0.2,true,0.25,0.17303234900040104,1.020220289410341
6,0.15,0.2,true,0.25,0.11792145925580315,1.0241656985606624
6,0.05,0.2,true,0.25,0.22148053040087815,1.0269366820595074
6,0.1,0.2,true,0.25,0.1732596721733149,1.0312027451425252
6,0.15,0.2,true,0.25,0.1179110771169751,1.0241774982843306
6,0.05,0.2,true,0.25,0.22180687387803855,1.021568450871564
6,0.1,0.2,true,0.25,0.1733705069655528,1.0262170460906244
6,0.15,0.2,true,0.25,0.1179071947495547,1.024189725795342
6,0.05,0.2,true,0.25,0.22252641628173397,1.0144934446629175
6,0.1,0.2,true,0.25,0.17347869124902615,1.02158180426842
6,0.15,0.2,true,0.25,0.11789484009456175,1.024191403240988
6,0.05,0.2,true,0.25,0.2227562169788298,1.0207875210332922
6,0.1,0.2,true,0.25,0.17352766087742585,1.031338294654603
6,0.15,0.2,true,0.25,0.11788170692819523,1.0242060702004687
6,0.05,0.2,true,0.25,0.22366196743035782,1.0161107973971713
6,0.1,0.2,true,0.25,0.17371485709598897,1.030608680734151
6,0.15,0.2,true,0.25,0.11787048227366137,1.0242262162109737
6,0.1,0.2,true,0.25,0.17392256669766365,1.032895327993563
6,0.05,0.2,true,0.25,0.2241266961013037,1.0264379515607152
6,0.15,0.2,true,0.25,0.11785679052851927,1.024239091868693
6,0.1,0.2,true,0.25,0.1741844038210062,1.015628993115901
6,0.05,0.2,true,0.25,0.22463480184095935,1.0236322066656476
6,0.15,0.2,true,0.25,0.11784535774097485,1.0242641096464842
6,0.1,0.2,true,0.25,0.17428672028525166,1.0254627154998541
6,0.05,0.2,true,0.25,0.22535547580573473,1.0173449721760297
6,0.15,0.2,true,0.25,0.11783530090044474,1.0242884195871245
6,0.1,0.2,true,0.25,0.17436410215376535,1.0262010502224317
6,0.05,0.2,true,0.25,0.22567154228509817,1.027422715903937
6,0.1,0.2,true,0.25,0.17456323254187253,1.0213050502318606
6,0.15,0.2,true,0.25,0.1178210706189846,1.0243077997443328
6,0.05,0.2,true,0.25,0.2259472036028285,1.0201272585289103
6,0.1,0.2,true,0.25,0.17484434198877852,1.0304893610480566
6,0.05,0.2,true,0.25,0.22677364981575443,1.0255002330911367
6,0.15,0.2,true,0.25,0.11780908063594507,1.024332296494794
6,0.1,0.2,true,0.25,0.17500359272234106,1.0322452425316808
6,0.05,0.2,true,0.25,0.22693477408004026,1.0115623053382223
6,0.15,0.2,true,0.25,0.1177993901177782,1.024345057788502
6,0.1,0.2,true,0.25,0.17523349449278613,1.022222615298497
6,0.05,0.2,true,0.25,0.2272449891209127,1.007153565571616
6,0.15,0.2,true,0.25,0.11779407050274567,1.0243477442288964
6,0.1,0.2,true,0.25,0.1754284386093877,1.0272603267358873
6,0.05,0.2,true,0.25,0.22750114244665098,1.0171574247577713
6,0.15,0.2,true,0.25,0.11778560719871448,1.0243698865917565
6,0.1,0.2,true,0.25,0.17578500037393352,1.022588679797142
6,0.05,0.2,true,0.25,0.22790431859185267,1.0223920132155786
6,0.15,0.2,true,0.25,0.11778078291450247,1.0243770577219575
6,0.1,0.2,true,0.25,0.1760982228706841,1.0167296442041192
6,0.05,0.2,true,0.25,0.22836468058399717,1.0211252355341425
6,0.15,0.2,true,0.25,0.1177712330014141,1.0243945198231343
6,0.1,0.2,true,0.25,0.17627466271281014,1.0242061173964925
6,0.05,0.2,true,0.25,0.22863870406168857,1.0052993997739794
6,0.15,0.2,true,0.25,0.11776363923821186,1.0243977368988402
6,0.1,0.2,true,0.25,0.17638650847829332,1.0270286941956253
6,0.05,0.2,true,0.25,0.22891144520171494,1.0150225119528862
6,0.15,0.2,true,0.25,0.11775825929170736,1.0244044099606882
6,0.1,0.2,true,0.25,0.17660349583423487,1.0270247630131424
6,0.05,0.2,true,0.25,0.22936548052404873,1.0209540796027572
6,0.15,0.2,true,0.25,0.11775110279699984,1.0244114811478662
6,0.1,0.2,true,0.25,0.17664134607025986,1.02607370283778
6,0.05,0.2,true,0.25,0.22961753101478613,1.0227235653222448
6,0.1,0.2,true,0.25,0.17689948856948834,1.0272272792102726
6,0.15,0.2,true,0.25,0.11774345333227583,1.0244216212864306
6,0.05,0.2,true,0.25,0.22973230738023143,1.0183120487243922
6,0.1,0.2,true,0.25,0.1771641841036667,1.0281439718277152
6,0.15,0.2,true,0.25,0.11773727469065601,1.024425354067814
6,0.05,0.2,true,0.25,0.2298563663481682,1.0144327781468723
6,0.1,0.2,true,0.25,0.17717661436168547,1.0213924424690697
6,0.15,0.2,true,0.25,0.11773090845260467,1.024435072652558
6,0.05,0.2,true,0.25,0.23028185387915973,1.0082472869607229
6,0.1,0.2,true,0.25,0.17731781269840005,1.0254580931180248
6,0.15,0.2,true,0.25,0.11772630550287945,1.0244399564981597
6,0.05,0.2,true,0.25,0.23054685764808627,1.0153770725336413
6,0.1,0.2,true,0.25,0.17743227123147218,1.0268149445467534
6,0.15,0.2,true,0.25,0.11771765347966001,1.0244425491951603
6,0.05,0.2,true,0.25,0.23083942800927415,1.0168756094083398
6,0.1,0.2,true,0.25,0.17767669693551288,1.0272804529946142
6,0.15,0.2,true,0.25,0.11771023443564241,1.0244524045433583
6,0.05,0.2,true,0.25,0.2312316424009014,1.0024038996956803
6,0.1,0.2,true,0.25,0.17782432129781015,1.0287454094389068
6,0.05,0.2,true,0.25,0.2315703252605643,1.0119453555922606
6,0.15,0.2,true,0.25,0.11770346337295479,1.0244603398784635
6,0.1,0.2,true,0.25,0.17792912586086873,1.0235337294739666
6,0.05,0.2,true,0.25,0.23194332426964623,1.011035724820967
6,0.15,0.2,true,0.25,0.11769802563604863,1.0244614262333516
6,0.1,0.2,true,0.25,0.17804827230624987,1.0244650303772296
6,0.05,0.2,true,0.25,0.23222855002478912,1.0100399338373018
6,0.15,0.2,true,0.25,0.11769359932708001,1.024464469318135
6,0.1,0.2,true,0.25,0.1780822681415204,1.0290715952789975
6,0.05,0.2,true,0.25,0.23249494319048117,1.010009638136608
6,0.15,0.2,true,0.25,0.11768660953174162,1.0244748331636713
6,0.1,0.2,true,0.25,0.17815730089163828,1.0335325464936937
6,0.05,0.2,true,0.25,0.23287145591196015,1.01671879450345
6,0.15,0.2,true,0.25,0.11768195064221233,1.0244788157027211
6,0.1,0.2,true,0.25,0.17825924888170705,1.0296899310206407
6,0.05,0.2,true,0.25,0.23305424986219592,1.016612180582842
6,0.15,0.2,true,0.25,0.1176769532696999,1.024483719243839
6,0.1,0.2,true,0.25,0.17830743949228117,1.029954915179422
6,0.05,0.2,true,0.25,0.2333969774634534,1.0114048645044962
6,0.15,0.2,true,0.25,0.1176719532204335,1.0244881703497135
6,0.1,0.2,true,0.25,0.17842406702136135,1.0238212898951127
6,0.05,0.2,true,0.25,0.23358144469304365,1.008800213838244
6,0.1,0.2,true,0.25,0.17849069815530177,1.024633031760075
6,0.15,0.2,true,0.25,0.11766667518326324,1.0244878649425704
6,0.05,0.2,true,0.25,0.23377344720543106,1.013742212635569
6,0.1,0.2,true,0.25,0.17876971785949294,1.0305518688407997
6,0.15,0.2,true,0.25,0.11766414940617714,1.0244901136721383
6,0.05,0.2,true,0.25,0.23392624701676243,1.014985366015855
6,0.1,0.2,true,0.25,0.17874960044233876,1.0313996489844075
6,0.15,0.2,true,0.25,0.11766192138770469,1.02449651412527
6,0.05,0.2,true,0.25,0.2340367781833541,1.016061147886424
6,0.1,0.2,true,0.25,0.17880314094494246,1.032241052499492
6,0.15,0.2,true,0.25,0.11765727014496909,1.0244996454151436
6,0.05,0.2,true,0.25,0.23435954200620007,1.0137076829132232
6,0.1,0.2,true,0.25,0.17894024584196536,1.033637436318551
6,0.15,0.2,true,0.25,0.11765314496169399,1.0245057876265613
6,0.05,0.2,true,0.25,0.2346523788348746,1.0198224484967298
6,0.1,0.2,true,0.25,0.17911618221697911,1.0333524599563737
6,0.15,0.2,true,0.25,0.11765039331895108,1.0245080905561856
6,0.05,0.2,true,0.25,0.23478387258083705,1.01505308650464
6,0.1,0.2,true,0.25,0.17919321830628787,1.0227154506766716
6,0.15,0.2,true,0.25,0.11764700943257703,1.0245159164024322
6,0.05,0.2,true,0.25,0.23475727085024506,1.0115781334232663
6,0.1,0.2,true,0.25,0.17939310335926154,1.020755056023235
6,0.15,0.2,true,0.25,0.11764384604237701,1.024519478954295
6,0.05,0.2,true,0.25,0.2347951423808933,1.013800457457471
6,0.15,0.2,true,0.25,0.11764127543985461,1.0245224147365573
6,0.05,0.2,true,0.25,0.23493414468084575,1.0193369730764605
6,0.1,0.2,true,0.25,0.17939397079492467,1.0316068549742734
6,0.05,0.2,true,0.25,0.23551500670557887,1.0163183303507322
6,0.15,0.2,true,0.25,0.11763735972221379,1.0245265936264505
6,0.1,0.2,true,0.25,0.1794366601074183,1.027046343349609
6,0.05,0.2,true,0.25,0.2358282322027187,1.0125439746424065
6,0.1,0.2,true,0.25,0.17959528800416638,1.0245374800144094
6,0.15,0.2,true,0.25,0.11763423221749193,1.0245321220796653
6,0.05,0.2,true,0.25,0.23610702432679567,1.011373142032387
6,0.1,0.2,true,0.25,0.17961229829259792,1.024472213091404
6,0.15,0.2,true,0.25,0.11763093725904804,1.024537502199789
6,0.05,0.2,true,0.25,0.23627614530053348,1.0125924059814913
6,0.1,0.2,true,0.25,0.17979663604314572,1.0226383711023734
6,0.15,0.2,true,0.25,0.11762860702960512,1.0245405027535104
6,0.05,0.2,true,0.25,0.23653006409835609,1.0118303904142887
6,0.1,0.2,true,0.25,0.17994880504530367,1.0300852146861796
6,0.15,0.2,true,0.25,0.1176258307639723,1.0245425779024209
6,0.05,0.2,true,0.25,0.23666617615660168,1.009294975672473
6,0.1,0.2,true,0.25,0.18004735559770288,1.033535045804174
6,0.15,0.2,true,0.25,0.11762245919298311,1.0245441591758422
6,0.05,0.2,true,0.25,0.23666326759930603,1.0123059648708652
6,0.1,0.2,true,0.25,0.1800348762016906,1.0274387426143268
6,0.15,0.2,true,0.25,0.11761960068722016,1.0245453465763799
6,0.1,0.2,true,0.25,0.18021476203723102,1.0298209222442039
6,0.05,0.2,true,0.25,0.23681265641140647,1.0098711559262084
6,0.15,0.2,true,0.25,0.11761683244171484,1.0245445595104308
6,0.05,0.2,true,0.25,0.23700657276308904,1.0092736965143656
6,0.1,0.2,true,0.25,0.18022577522942942,1.0308366959752024
6,0.15,0.2,true,0.25,0.11761297416036753,1.0245463824550216
6,0.05,0.2,true,0.25,0.2370869888274062,1.0091375520842887
6,0.1,0.2,true,0.25,0.18025324952308433,1.025474751160668
6,0.15,0.2,true,0.25,0.11761052652200638,1.0245500023569418
6,0.05,0.2,true,0.25,0.23716788995500307,1.0123004292298587
6,0.1,0.2,true,0.25,0.1804283231743189,1.0209093714666835
6,0.05,0.2,true,0.25,0.23729006932238936,1.0110864442985652
6,0.15,0.2,true,0.25,0.11760848448043286,1.0245497758314115
6,0.1,0.2,true,0.25,0.1805324901011892,1.0243350875327373
6,0.05,0.2,true,0.25,0.23757644936469507,1.011925484413102
6,0.15,0.2,true,0.25,0.11760587157077343,1.0245520531952927
6,0.1,0.2,true,0.25,0.18067772308909238,1.028792399726187
6,0.05,0.2,true,0.25,0.2376131955725945,1.016235917110376
6,0.15,0.2,true,0.25,0.117602215968277,1.0245583481055698
6,0.1,0.2,true,0.25,0.18095382207218472,1.0279357862531726
6,0.05,0.2,true,0.25,0.23765230748975988,1.0115120212556838
6,0.15,0.2,true,0.25,0.11760001050777161,1.0245611620238726
6,0.1,0.2,true,0.25,0.18100228366127788,1.0301252765287863
6,0.05,0.2,true,0.25,0.2377928537616911,1.0149096857377078
6,0.15,0.2,true,0.25,0.11759770914232606,1.0245606762055075
6,0.1,0.2,true,0.25,0.18107805459528573,1.0303112635541398
6,0.05,0.2,true,0.25,0.23801687672415092,1.013395362149565
6,0.15,0.2,true,0.25,0.11759589904493868,1.0245602658412818
6,0.1,0.2,true,0.25,0.1812575598181911,1.0306508775569512
6,0.15,0.2,true,0.25,0.11759479626020311,1.0245606193550452
6,0.05,0.2,true,0.25,0.23811390940728583,1.012063591088227
6,0.1,0.2,true,0.25,0.18142208910084306,1.028445257341402
6,0.15,0.2,true,0.25,0.11759259593696361,1.0245632007923695
6,0.05,0.2,true,0.25,0.23830997232503504,1.015162424373217
6,0.1,0.2,true,0.25,0.1816995987941989,1.028744485690831
6,0.15,0.2,true,0.25,0.1175918249746083,1.0245640458049334
6,0.1,0.2,true,0.25,0.1818186248674673,1.0377995778384035
6,0.15,0.2,true,0.25,0.11758957890885542,1.0245676054945134
6,0.1,0.2,true,0.25,0.1818962887485068,1.0409071544311883
6,0.15,0.2,true,0.25,0.11758883022189794,1.0245693225746644
6,0.15,0.2,true,0.25,0.11758773305846004,1.0245701422833298
6,0.15,0.2,true,0.25,0.11758373132630337,1.0245736817125237
6,0.15,0.2,true,0.25,0.11758167942236875,1.0245766885138121
6,0.15,0.2,true,0.25,0.1175805125567733,1.0245758168804413
6,0.15,0.2,true,0.25,0.11757961127609771,1.0245763944458264
6,0.15,0.2,true,0.25,0.11757620057967809,1.0245785338190818
6,0.15,0.2,true,0.25,0.11757575818062048,1.0245787334433467
6,0.15,0.2,true,0.25,0.1175734612193613,1.0245798321346993
6,0.15,0.2,true,0.25,0.11757165702603874,1.024582265155417
6,0.15,0.2,true,0.25,0.11756993922360398,1.024584336434089
6,0.15,0.2,true,0.25,0.1175678966220777,1.024585713981383
6,0.15,0.2,true,0.25,0.11756726784946098,1.0245845973682102
6,0.15,0.2,true,0.25,0.11756528340944764,1.0245867741926515
6,0.15,0.2,true,0.25,0.11756400472672504,1.0245881200727902
6,0.15,0.2,true,0.25,0.11756188139227498,1.0245921039930845
6,0.2,0.2,true,0.25,0.038162419153537054,-0.008148319677804538
6,0.15,0.2,true,0.25,0.11755974472551844,1.024593811122947
6,0.2,0.2,true,0.25,0.04153401105370057,0.018150083805279577
6,0.25,0.2,true,0.25,0.04035376479386266,0.007420288753094505
6,0.15,0.2,true,0.25,0.11755813755276306,1.024595935049046
6,0.2,0.2,true,0.25,0.04590670708321766,0.03964790606312905
6,0.25,0.2,true,0.25,0.04345228500155963,0.029093528223673795
6,0.15,0.2,true,0.25,0.11755749564569118,1.0245973526522456
6,0.2,0.2,true,0.25,0.049225494954622716,0.057119884622460274
6,0.25,0.2,true,0.25,0.04657481894940616,0.03800853399604713
6,0.15,0.2,true,0.25,0.11755640779541204,1.0245976949032478
6,0.2,0.2,true,0.25,0.052666334237026796,0.0711156043711557
6,0.25,0.2,true,0.25,0.049056581629203996,0.05221022599178313
6,0.15,0.2,true,0.25,0.11755587922620148,1.024598137517153
6,0.2,0.2,true,0.25,0.05626847408362246,0.10932653344427017
6,0.25,0.2,true,0.25,0.051594240267128055,0.08151627094306403
6,0.15,0.2,true,0.25,0.1175551843687153,1.0245979143956325
6,0.2,0.2,true,0.25,0.05983563658010549,0.14436802368816218
6,0.25,0.2,true,0.25,0.054415255099626476,0.1071032419857692
6,0.2,0.2,true,0.25,0.06384033441985822,0.17489374519641232
6,0.15,0.2,true,0.25,0.11755437439700749,1.024598645500968
6,0.25,0.2,true,0.25,0.05551140199652973,0.11124267003698873
6,0.2,0.2,true,0.25,0.06790357097599094,0.2007327168668123
6,0.15,0.2,true,0.25,0.11755372792159108,1.0245999480062864
6,0.25,0.2,true,0.25,0.058135013054859484,0.16088983322892106
6,0.2,0.2,true,0.25,0.07075576598976838,0.3108755371246324
6,0.15,0.2,true,0.25,0.11755303311283789,1.0246006691215044
6,0.2,0.2,true,0.25,0.07392098021263448,0.33357934798334066
6,0.25,0.2,true,0.25,0.060951022212496736,0.20304271987925043
6,0.15,0.2,true,0.25,0.11755150401215587,1.0246014590332517
6,0.2,0.2,true,0.25,0.0761270324762753,0.4258243923046662
6,0.25,0.2,true,0.25,0.06234713331027909,0.2829660056421891
6,0.15,0.2,true,0.25,0.11755083804225601,1.0246026692753916
6,0.2,0.2,true,0.25,0.07864103343033596,0.5170406510395812
6,0.25,0.2,true,0.25,0.06406631227280597,0.3744060116483971
6,0.15,0.2,true,0.25,0.11755083516159873,1.0246014250223472
6,0.2,0.2,true,0.25,0.08125371112425625,0.5303741967742761
6,0.25,0.2,true,0.25,0.06522596734151563,0.43095724767970894
6,0.15,0.2,true,0.25,0.11755039663212803,1.0246028229217197
6,0.2,0.2,true,0.25,0.08387382237344779,0.6488717386775381
6,0.25,0.2,true,0.25,0.06588249868852189,0.5466219393097167
6,0.15,0.2,true,0.25,0.11754950309368736,1.0246025627533766
6,0.2,0.2,true,0.25,0.08534723656530059,0.6810232024606612
6,0.25,0.2,true,0.25,0.06600626336985246,0.565900779294342
6,0.15,0.2,true,0.25,0.11754866550295837,1.0246044178354998
6,0.2,0.2,true,0.25,0.08660704008883913,0.7207450722962787
6,0.25,0.2,true,0.25,0.06600801656778321,0.6385735948553595
6,0.15,0.2,true,0.25,0.11754782036164005,1.0246040997947354
6,0.2,0.2,true,0.25,0.0873343002849779,0.7673345655391423
6,0.25,0.2,true,0.25,0.06661990772091272,0.6672361094596162
6,0.25,0.2,true,0.25,0.06662076667027768,0.6795476280748295
6,0.15,0.2,true,0.25,0.11754691166535194,1.02460471213542
6,0.2,0.2,true,0.25,0.08797603126232396,0.8161540808631914
6,0.25,0.2,true,0.25,0.0663623899747544,0.749612217374674
6,0.2,0.2,true,0.25,0.08867986423775723,0.8699263926792882
6,0.15,0.2,true,0.25,0.11754601508776354,1.0246069916699454
6,0.25,0.2,true,0.25,0.0662652858150016,0.7872606311009036
6,0.2,0.2,true,0.25,0.08924910105486698,0.8292037656860218
6,0.15,0.2,true,0.25,0.11754508396290593,1.0246078455037084
6,0.25,0.2,true,0.25,0.0658220742307033,0.7939252484191588
6,0.2,0.2,true,0.25,0.0900020057260473,0.9043153716393527
6,0.15,0.2,true,0.25,0.11754396198047874,1.0246105929453548
6,0.25,0.2,true,0.25,0.06526155334768993,0.8379884355665954
6,0.2,0.2,true,0.25,0.0903731377831337,0.9303133999895802
6,0.15,0.2,true,0.25,0.117543160133166,1.0246110638671184
6,0.25,0.2,true,0.25,0.06430593344517334,0.8686015302815401
6,0.2,0.2,true,0.25,0.09064364185962907,0.9158628083755901
6,0.15,0.2,true,0.25,0.11754229704490197,1.0246125662142218
6,0.25,0.2,true,0.25,0.06386607571455134,0.8724140911009162
6,0.2,0.2,true,0.25,0.0910943082761504,0.9338636181436881
6,0.15,0.2,true,0.25,0.11754191885175133,1.024612770566682
6,0.25,0.2,true,0.25,0.06381019843270098,0.8942596760063115
6,0.2,0.2,true,0.25,0.09117128500880797,0.9404595139906416
6,0.25,0.2,true,0.25,0.06361599440321568,0.8944404049873691
6,0.2,0.2,true,0.25,0.0912244352320691,0.9532861300156762
6,0.25,0.2,true,0.25,0.06346623172958277,0.921314927389278
6,0.2,0.2,true,0.25,0.09121258891091177,0.961247593873499
6,0.25,0.2,true,0.25,0.06302590756538913,0.9145836166893923
6,0.2,0.2,true,0.25,0.09187716628756672,0.9606746011697045
6,0.25,0.2,true,0.25,0.0628039790037152,0.9131460115836151
6,0.2,0.2,true,0.25,0.09198252129583694,0.9768717525901606
6,0.25,0.2,true,0.25,0.06236925019168462,0.9083195361768893
6,0.2,0.2,true,0.25,0.09229220702055897,0.9744011046746562
6,0.25,0.2,true,0.25,0.06239208713081069,0.9296475661227284
6,0.2,0.2,true,0.25,0.09252431772802165,0.9660683904103583
6,0.25,0.2,true,0.25,0.062335805796042434,0.931303021832705
6,0.2,0.2,true,0.25,0.0925352212031808,0.9760892372592829
6,0.25,0.2,true,0.25,0.0620236516588983,0.9447160704083366
6,0.2,0.2,true,0.25,0.09263321749477903,0.9867645715829585
6,0.25,0.2,true,0.25,0.061921175101671916,0.9426371081025129
6,0.2,0.2,true,0.25,0.09264987472977382,0.9837408946503393
6,0.25,0.2,true,0.25,0.061920197553896904,0.9337264765411438
6,0.2,0.2,true,0.25,0.09281082467336665,0.9952593491795112
6,0.25,0.2,true,0.25,0.061872993022484744,0.946412579226239
6,0.2,0.2,true,0.25,0.09301865835062822,0.9917021947944865
6,0.25,0.2,true,0.25,0.06148964160104572,0.9488937647094815
6,0.2,0.2,true,0.25,0.09303881125172178,0.9953320192962616
6,0.25,0.2,true,0.25,0.06131686876337004,0.9490111583784797
6,0.2,0.2,true,0.25,0.09288950735774981,0.9966360792265588
6,0.25,0.2,true,0.25,0.06132317291738397,0.9396138255991151
6,0.2,0.2,true,0.25,0.09286345919008258,0.9817848187812527
6,0.25,0.2,true,0.25,0.06132368809396867,0.9499652301336751
6,0.2,0.2,true,0.25,0.09291155135188,0.9876870818413533
6,0.25,0.2,true,0.25,0.061268472527761464,0.9511774507846061
6,0.2,0.2,true,0.25,0.0931220186123812,0.9774878670212036
6,0.25,0.2,true,0.25,0.06112892893876013,0.9493585950046961
6,0.2,0.2,true,0.25,0.0928444438387214,0.9813145823680338
6,0.25,0.2,true,0.25,0.06123015568969037,0.952664629207483
6,0.2,0.2,true,0.25,0.09268150210991032,0.9877196765637998
6,0.25,0.2,true,0.25,0.061253070367633396,0.9516824726546516
6,0.2,0.2,true,0.25,0.09263958184504412,0.9922811560957328
6,0.25,0.2,true,0.25,0.06120842641716992,0.9513738910829695
6,0.2,0.2,true,0.25,0.0925602903455085,0.9901850315372394
6,0.3,0.2,true,0.25,0.03937003397882349,0.0027225446705143467
6,0.25,0.2,true,0.25,0.06106191119832855,0.9579566840806395
6,0.2,0.2,true,0.25,0.09266368761602398,0.9937103224863232
6,0.3,0.2,true,0.25,0.04133461912966512,0.031821576018487195
6,0.25,0.2,true,0.25,0.06112968814053422,0.9624669033117097
6,0.2,0.2,true,0.25,0.09276253466780149,0.9885741106339256
6,0.25,0.2,true,0.25,0.06105015842043627,0.9616629852670882
6,0.3,0.2,true,0.25,0.042754601479563045,0.0649940691213567
6,0.2,0.2,true,0.25,0.09282585525760777,0.9857648125420788
6,0.25,0.2,true,0.25,0.060865766210003565,0.9575887518085928
6,0.3,0.2,true,0.25,0.043867549864354684,0.08413574253036098
6,0.2,0.2,true,0.25,0.09297998388127858,0.9851613458056638
6,0.25,0.2,true,0.25,0.06075342749367996,0.9635606240451368
6,0.3,0.2,true,0.25,0.04473251418451598,0.12994362130271458
6,0.2,0.2,true,0.25,0.09294947355927557,0.9828238979107904
6,0.25,0.2,true,0.25,0.06065013577726532,0.9676241252014075
6,0.3,0.2,true,0.25,0.045404893014197825,0.20170793960289413
6,0.2,0.2,true,0.25,0.0930321320530241,0.9837565562361782
6,0.25,0.2,true,0.25,0.060639205818626626,0.9666496773219745
6,0.3,0.2,true,0.25,0.04547126999131081,0.26038013797575515
6,0.2,0.2,true,0.25,0.09299628717104072,0.9775584166965191
6,0.25,0.2,true,0.25,0.060655556625136164,0.9636961267481498
6,0.3,0.2,true,0.25,0.045554138066798165,0.2989364820503208
6,0.2,0.2,true,0.25,0.09294328669832885,0.9795682012848428
6,0.25,0.2,true,0.25,0.06066332738093607,0.9642536537557486
6,0.3,0.2,true,0.25,0.04548670046777786,0.3674534721808519
6,0.2,0.2,true,0.25,0.09308012988342533,0.9832872041299799
6,0.25,0.2,true,0.25,0.060576955548498075,0.9653136324225128
6,0.25,0.2,true,0.25,0.060523285817522754,0.9647367326166836
6,0.3,0.2,true,0.25,0.04483113204133711,0.39529128570269234
6,0.2,0.2,true,0.25,0.09302011193083731,0.9857343750862203
6,0.25,0.2,true,0.25,0.06046723606784966,0.9641049298332468
6,0.2,0.2,true,0.25,0.09299442893791841,0.9835673829237842
6,0.3,0.2,true,0.25,0.04450734510317206,0.4513440352600274
6,0.25,0.2,true,0.25,0.06047819893725836,0.9657176644925143
6,0.3,0.2,true,0.25,0.04359742864739001,0.4815298389899113
6,0.2,0.2,true,0.25,0.09297114165831208,0.9825236514061894
6,0.25,0.2,true,0.25,0.06034160493931589,0.9634133378851802
6,0.2,0.2,true,0.25,0.09285925974731184,0.9733328565291907
6,0.3,0.2,true,0.25,0.042394139303306405,0.5445599483665968
6,0.25,0.2,true,0.25,0.060287699426993385,0.9605919662103831
6,0.2,0.2,true,0.25,0.09290001885015219,0.9719634788249077
6,0.3,0.2,true,0.25,0.04127579301318815,0.6125275575485531
6,0.25,0.2,true,0.25,0.060222541937959645,0.9647207014534468
6,0.2,0.2,true,0.25,0.09286022314909179,0.9724790183617055
6,0.3,0.2,true,0.25,0.04042452098319842,0.6147437980903847
6,0.25,0.2,true,0.25,0.060183779119837404,0.9616666647325357
6,0.2,0.2,true,0.25,0.09283998487478066,0.9740515291041416
6,0.3,0.2,true,0.25,0.03941364135663461,0.6318669157376732
6,0.25,0.2,true,0.25,0.06020410103831124,0.9630000020206619
6,0.2,0.2,true,0.25,0.0928898281221324,0.9721876205935149
6,0.3,0.2,true,0.25,0.03888149116158144,0.6357106309745449
6,0.25,0.2,true,0.25,0.060216593943410716,0.9618506815641894
6,0.2,0.2,true,0.25,0.09288722507238938,0.9741727242370155
6,0.3,0.2,true,0.25,0.03792964224096087,0.6333539288120925
6,0.25,0.2,true,0.25,0.0601740648671683,0.9607356712068331
6,0.2,0.2,true,0.25,0.09299515475593932,0.9774815876011806
6,0.25,0.2,true,0.25,0.06011981381423482,0.9612903628533183
6,0.3,0.2,true,0.25,0.037689100654977506,0.6954555668657035
6,0.2,0.2,true,0.25,0.09302795827951157,0.9725336642135392
6,0.25,0.2,true,0.25,0.06000049120741363,0.9582056007320472
6,0.3,0.2,true,0.25,0.03717958224260523,0.6834259464435896
6,0.2,0.2,true,0.25,0.09296626543888703,0.9786104029662442
6,0.25,0.2,true,0.25,0.05996268912310926,0.9597288056559142
6,0.3,0.2,true,0.25,0.03704948128893559,0.7253218145624519
6,0.2,0.2,true,0.25,0.09299057740548194,0.969056687838244
6,0.25,0.2,true,0.25,0.059971678901315245,0.9577885354265566
6,0.3,0.2,true,0.25,0.03647176191373424,0.7224457118775217
6,0.2,0.2,true,0.25,0.09300032680009436,0.9696938994473241
6,0.25,0.2,true,0.25,0.059909692312650295,0.9585545534387511
6,0.3,0.2,true,0.25,0.03574634686051764,0.7614739041402718
6,0.2,0.2,true,0.25,0.09304582844734023,0.9698762410832511
6,0.25,0.2,true,0.25,0.05985597496025503,0.9607834434107921
6,0.3,0.2,true,0.25,0.034960572002652485,0.7642089753709022
6,0.2,0.2,true,0.25,0.09318766237023571,0.9707357829727317
6,0.25,0.2,true,0.25,0.05983737527657202,0.9605513727562478
6,0.3,0.2,true,0.25,0.03421397393743905,0.789533680758391
6,0.2,0.2,true,0.25,0.09318944105926687,0.9641692499249579
6,0.25,0.2,true,0.25,0.059744056467705635,0.9609949732382609
6,0.3,0.2,true,0.25,0.03371072444821894,0.8347069866118851
6,0.2,0.2,true,0.25,0.09332465332707357,0.9654435986692425
6,0.25,0.2,true,0.25,0.059736157122713,0.9608752973073744
6,0.3,0.2,true,0.25,0.033148425508067465,0.8354749354946197
6,0.2,0.2,true,0.25,0.09326527859863305,0.9715266838824389
6,0.25,0.2,true,0.25,0.0597308163133187,0.9607774724576185
6,0.3,0.2,true,0.25,0.03292688454797694,0.8350100771791663
6,0.2,0.2,true,0.25,0.09321714567398344,0.9692660493204872
6,0.25,0.2,true,0.25,0.059712921140549914,0.960722019537364
6,0.3,0.2,true,0.25,0.0326760280270404,0.8708450704358549
6,0.2,0.2,true,0.25,0.09331618488407421,0.9640002451200812
6,0.25,0.2,true,0.25,0.05962443558871658,0.9608894818922464
6,0.3,0.2,true,0.25,0.03220470823257438,0.9076293755005145
6,0.2,0.2,true,0.25,0.09332818749203538,0.9729167568402091
6,0.25,0.2,true,0.25,0.059593433601574104,0.9610835468483299
6,0.3,0.2,true,0.25,0.03171817904773104,0.9188484692430604
6,0.2,0.2,true,0.25,0.09334510196524447,0.971406147435839
6,0.25,0.2,true,0.25,0.05955926600071259,0.9609985078216721
6,0.3,0.2,true,0.25,0.030911610514757267,0.9196806801656436
6,0.2,0.2,true,0.25,0.0933374223881997,0.9696159475111286
6,0.25,0.2,true,0.25,0.05949519491282179,0.9601310809986789
6,0.3,0.2,true,0.25,0.030553237352278932,0.9355240056509113
6,0.2,0.2,true,0.25,0.0932400009088507,0.9706571632855129
6,0.25,0.2,true,0.25,0.05945250475388677,0.9601394501368119
6,0.2,0.2,true,0.25,0.09320147689001441,0.9745947105445786
6,0.3,0.2,true,0.25,0.03017567878526362,0.9494604261149538
6,0.25,0.2,true,0.25,0.059462386257080405,0.9597414641131917
6,0.3,0.2,true,0.25,0.02972617244556722,0.955890120636312
6,0.2,0.2,true,0.25,0.09322219139698391,0.9778549917055965
6,0.25,0.2,true,0.25,0.059413856846891516,0.9603813434662887
6,0.3,0.2,true,0.25,0.02941359547113269,0.9535615088629827
6,0.2,0.2,true,0.25,0.09319613338691009,0.9787387487652944
6,0.25,0.2,true,0.25,0.059403643789893816,0.9575556619991875
6,0.2,0.2,true,0.25,0.09314748970857525,0.9794490733066068
6,0.3,0.2,true,0.25,0.02910762603197703,0.9722754410330752
6,0.25,0.2,true,0.25,0.05936829401355394,0.9606854976061122
6,0.2,0.2,true,0.25,0.09312514678191529,0.9788985322323787
6,0.3,0.2,true,0.25,0.028679041422748894,0.9721438177111793
6,0.25,0.2,true,0.25,0.05935124519282983,0.9567442192868039
6,0.2,0.2,true,0.25,0.09309082270847185,0.9789276866096938
6,0.3,0.2,true,0.25,0.028286958664803304,0.9771596156380074
6,0.25,0.2,true,0.25,0.05934179281607165,0.9561328677668032
6,0.2,0.2,true,0.25,0.09304343297260184,0.9785566286212977
6,0.25,0.2,true,0.25,0.05945155528354766,0.9584003498613266
6,0.3,0.2,true,0.25,0.028002284938081733,0.9840456369554006
6,0.2,0.2,true,0.25,0.09300973191810712,0.9780638175315687
6,0.25,0.2,true,0.25,0.05936675191188545,0.9572373442127021
6,0.3,0.2,true,0.25,0.027891651075654694,0.9878924874820306
6,0.2,0.2,true,0.25,0.09298090492138382,0.9781433079849059
6,0.25,0.2,true,0.25,0.05939361175161676,0.9601155153613433
6,0.3,0.2,true,0.25,0.027623868591142114,0.9774610926993936
6,0.2,0.2,true,0.25,0.09296992674216983,0.9781553337071404
6,0.25,0.2,true,0.25,0.05950536039930757,0.9523404748077873
6,0.3,0.2,true,0.25,0.027377089999428644,0.9742490721624821
6,0.2,0.2,true,0.25,0.09296217593991814,0.9781780915770362
6,0.25,0.2,true,0.25,0.05952461379630408,0.9593283215557907
6,0.3,0.2,true,0.25,0.027205352278553165,0.9850345682786708
6,0.25,0.2,true,0.25,0.05949641672897646,0.9608004651721016
6,0.2,0.2,true,0.25,0.0929430710852528,0.978194900191242
6,0.3,0.2,true,0.25,0.02685024899214937,0.9927862642588746
6,0.25,0.2,true,0.25,0.059402608111828056,0.9586473622157002
6,0.2,0.2,true,0.25,0.09292950190149347,0.9782375781386665
6,0.3,0.2,true,0.25,0.02643751629560332,1.001427394410915
6,0.25,0.2,true,0.25,0.05933507152062111,0.9542115306165018
6,0.2,0.2,true,0.25,0.09291786634336797,0.9782591611366993
6,0.3,0.2,true,0.25,0.02619205006323511,1.0008234934127638
6,0.25,0.2,true,0.25,0.05936855968160002,0.9597089322488738
6,0.2,0.2,true,0.25,0.0928964499793582,0.9782813321250116
6,0.25,0.2,true,0.25,0.059342928413454975,0.9623385486901552
6,0.3,0.2,true,0.25,0.02593631523883478,1.0106440224148752
6,0.2,0.2,true,0.25,0.0928811011718036,0.9782705759911247
6,0.25,0.2,true,0.25,0.05924967661329971,0.9616885930377728
6,0.3,0.2,true,0.25,0.025727342308612275,1.011096635013039
6,0.2,0.2,true,0.25,0.09286007382975915,0.978240655401061
6,0.25,0.2,true,0.25,0.05926438914684583,0.9611865600917731
6,0.3,0.2,true,0.25,0.02556168933709559,1.010035931572187
6,0.25,0.2,true,0.25,0.05922865760140477,0.959991287875405
6,0.2,0.2,true,0.25,0.0928510852036407,0.9782538594112545
6,0.3,0.2,true,0.25,0.025360522456138748,1.0164455767565368
6,0.25,0.2,true,0.25,0.059235928883727466,0.9578888350322357
6,0.2,0.2,true,0.25,0.09283059414728827,0.9782363912542318
6,0.25,0.2,true,0.25,0.05918162765731868,0.9556844293322913
6,0.3,0.2,true,0.25,0.025136285036608284,1.0105046752063582
6,0.2,0.2,true,0.25,0.09281911173816017,0.9782469334422251
6,0.25,0.2,true,0.25,0.05915086536938467,0.954947910763802
6,0.3,0.2,true,0.25,0.024831007191126193,1.0165692687756651
6,0.2,0.2,true,0.25,0.09281526863988393,0.9782614259078297
6,0.25,0.2,true,0.25,0.05915992831409247,0.9545313363844885
6,0.3,0.2,true,0.25,0.024629984239684263,1.017499119608291
6,0.2,0.2,true,0.25,0.0928098081338557,0.9782737915873994
6,0.25,0.2,true,0.25,0.059137648470234346,0.9580586202554606
6,0.3,0.2,true,0.25,0.024382005804562443,1.0218684219
6,0.2,0.2,true,0.25,0.0927904221348775,0.9782786099139443
6,0.25,0.2,true,0.25,0.05921071289515722,0.9529721122472818
6,0.3,0.2,true,0.25,0.02409613379539473,1.022750625502934
6,0.2,0.2,true,0.25,0.09278417263169791,0.9782795476811219
6,0.25,0.2,true,0.25,0.05925245708404504,0.9488442706654902
6,0.25,0.2,true,0.25,0.059228689812705404,0.9529763372906748
6,0.3,0.2,true,0.25,0.023953151996589216,1.0227996022278374
6,0.2,0.2,true,0.25,0.09278679196706374,0.978289653008161
6,0.25,0.2,true,0.25,0.05923388964696263,0.9525648753130642
6,0.2,0.2,true,0.25,0.09277069626989735,0.9782981186746758
6,0.3,0.2,true,0.25,0.02371756059691822,1.0226091991801713
6,0.25,0.2,true,0.25,0.05926933898945061,0.9515169610058872
6,0.2,0.2,true,0.25,0.09276527013977953,0.9783075652821903
6,0.3,0.2,true,0.25,0.02347193094794472,1.0234639371945697
6,0.25,0.2,true,0.25,0.05922914488907699,0.9482839645274779
6,0.3,0.2,true,0.25,0.023353807679818844,1.0245086291430563
6,0.2,0.2,true,0.25,0.09275957019941589,0.9783165976788992
6,0.25,0.2,true,0.25,0.05925181460317061,0.948817659718607
6,0.2,0.2,true,0.25,0.09275805173352705,0.9783292532080555
6,0.3,0.2,true,0.25,0.023196919893424463,1.0242603492122648
6,0.25,0.2,true,0.25,0.059270322498891886,0.9447261378576236
6,0.2,0.2,true,0.25,0.09273435984043842,0.9783216978889188
6,0.3,0.2,true,0.25,0.022965970159498025,1.0247805370067615
6,0.25,0.2,true,0.25,0.0592692871205653,0.9397666995482871
6,0.2,0.2,true,0.25,0.09272479528991401,0.978328255786202
6,0.3,0.2,true,0.25,0.022686536412865894,1.0260011743234227
6,0.25,0.2,true,0.25,0.05925333667841141,0.93812794175693
6,0.3,0.2,true,0.25,0.022475655115215896,1.0257448325976002
6,0.2,0.2,true,0.25,0.09271693916065014,0.978334179290834
6,0.25,0.2,true,0.25,0.059193877844811456,0.9454528405904612
6,0.3,0.2,true,0.25,0.022347396215943907,1.0270650584548153
6,0.2,0.2,true,0.25,0.09271664297907908,0.9783446091753362
6,0.3,0.2,true,0.25,0.02217594777917828,1.0277465335030092
6,0.25,0.2,true,0.25,0.05916386650102454,0.9388320909632022
6,0.2,0.2,true,0.25,0.09271556930087257,0.9783531920800195
6,0.25,0.2,true,0.25,0.05909638883885703,0.9408552534216672
6,0.3,0.2,true,0.25,0.021967128478725905,1.0283709259702052
6,0.2,0.2,true,0.25,0.09271138142596749,0.9783727303724937
6,0.25,0.2,true,0.25,0.05916689444153974,0.9449535161631963
6,0.3,0.2,true,0.25,0.021791509246566226,1.0282426829577604
6,0.2,0.2,true,0.25,0.09270787572219893,0.9783944679788628
6,0.3,0.2,true,0.25,0.021616405270937587,1.027273345161184
6,0.25,0.2,true,0.25,0.05921476255309053,0.9418202195297345
6,0.2,0.2,true,0.25,0.09270009179073717,0.9784044254723615
6,0.3,0.2,true,0.25,0.021418211972761496,1.026488177536183
6,0.25,0.2,true,0.25,0.05927014190972133,0.9481361930399995
6,0.2,0.2,true,0.25,0.09269066256539493,0.9783944528069657
6,0.3,0.2,true,0.25,0.02126589968726429,1.026592839305518
6,0.25,0.2,true,0.25,0.0592900273819653,0.9457672861173009
6,0.2,0.2,true,0.25,0.09268391006766348,0.9783808014491624
6,0.3,0.2,true,0.25,0.02103825540193424,1.0275576733299916
6,0.25,0.2,true,0.25,0.05927891212710632,0.9461410456022161
6,0.2,0.2,true,0.25,0.09267871071109143,0.9783773137897347
6,0.25,0.2,true,0.25,0.05929480366954135,0.9476619168414947
6,0.3,0.2,true,0.25,0.020975924104083936,1.0279928818386517
6,0.2,0.2,true,0.25,0.0926761189457727,0.9783823341113173
6,0.25,0.2,true,0.25,0.05931787626461855,0.9479640774783461
6,0.3,0.2,true,0.25,0.020768579910938684,1.0270409092616755
6,0.2,0.2,true,0.25,0.0926688390933332,0.9783868655981296
6,0.25,0.2,true,0.25,0.059283177265470804,0.9480445638270568
6,0.3,0.2,true,0.25,0.0206109209428771,1.0272376799532683
6,0.2,0.2,true,0.25,0.09266398790334904,0.9783965030056323
6,0.25,0.2,true,0.25,0.05924691331070458,0.9469646948295348
6,0.3,0.2,true,0.25,0.02045916173986409,1.0269973103833285
6,0.2,0.2,true,0.25,0.09265591516862615,0.9784053034786419
6,0.25,0.2,true,0.25,0.05927958236750355,0.9488528049724587
6,0.3,0.2,true,0.25,0.02026862899541215,1.0266681528621744
6,0.2,0.2,true,0.25,0.09264708829731179,0.9783954222479607
6,0.25,0.2,true,0.25,0.05927534855860518,0.9487133117538422
6,0.3,0.2,true,0.25,0.020214235505699694,1.0271856446149792
6,0.2,0.2,true,0.25,0.09264095325252511,0.9783973621753539
6,0.25,0.2,true,0.25,0.059264989863168256,0.9484922656322518
6,0.2,0.2,true,0.25,0.09263277496313621,0.9783997640776255
6,0.3,0.2,true,0.25,0.020029528785542528,1.0270630997938959
6,0.25,0.2,true,0.25,0.05924486335896874,0.9486446362588183
6,0.3,0.2,true,0.25,0.01984376832816372,1.0274607681305166
6,0.2,0.2,true,0.25,0.09263231619646033,0.9784157029417123
6,0.3,0.2,true,0.25,0.01972824668656299,1.0274857063629774
6,0.25,0.2,true,0.25,0.05923806178139791,0.9487286453860906
6,0.2,0.2,true,0.25,0.09262741655862271,0.9784188504182659
6,0.3,0.2,true,0.25,0.019528116078792554,1.027541279105657
6,0.2,0.2,true,0.25,0.09262196081749248,0.9784349437147213
6,0.25,0.2,true,0.25,0.05922264521069258,0.9487737484713307
6,0.3,0.2,true,0.25,0.019380998082322746,1.027811218906133
6,0.2,0.2,true,0.25,0.0926176635134262,0.9784437430663736
6,0.25,0.2,true,0.25,0.05921135657575758,0.9488559896088999
6,0.3,0.2,true,0.25,0.01931764986996753,1.0261775284173609
6,0.2,0.2,true,0.25,0.09261180721372779,0.978441467759075
6,0.25,0.2,true,0.25,0.05919710746631541,0.9488865489832625
6,0.3,0.2,true,0.25,0.019212013587080426,1.0260508733218576
6,0.2,0.2,true,0.25,0.09261151966889015,0.9784576770662686
6,0.25,0.2,true,0.25,0.059193078614637906,0.948947273411034
6,0.3,0.2,true,0.25,0.019173161096418756,1.0252981933879945
6,0.2,0.2,true,0.25,0.09260986025024244,0.9784650838745285
6,0.25,0.2,true,0.25,0.059176651535739144,0.9489793437178032
6,0.3,0.2,true,0.25,0.01901758858775687,1.0255435201155347
6,0.2,0.2,true,0.25,0.0926097440247247,0.9784670987253127
6,0.25,0.2,true,0.25,0.05917043761917757,0.9490918598819791
6,0.3,0.2,true,0.25,0.018860875417670262,1.025007332682631
6,0.2,0.2,true,0.25,0.09260557861319477,0.9784615957687495
6,0.3,0.2,true,0.25,0.018699368559778173,1.0235945541802416
6,0.25,0.2,true,0.25,0.059167269586934114,0.9491244564438974
6,0.2,0.2,true,0.25,0.09260611563845514,0.978450629927469
6,0.3,0.2,true,0.25,0.018533298403274175,1.0232220391015878
6,0.25,0.2,true,0.25,0.059162849783408175,0.9491327845721801
6,0.2,0.2,true,0.25,0.09260053987932744,0.9784467313757322
6,0.3,0.2,true,0.25,0.0183641274430274,1.0232996605086628
6,0.25,0.2,true,0.25,0.05916042013876746,0.9491542382868521
6,0.2,0.2,true,0.25,0.09259151870999227,0.9784421430701308
6,0.3,0.2,true,0.25,0.01825005579515533,1.0230240354312612
6,0.25,0.2,true,0.25,0.059153280781455736,0.9491536085572411
6,0.2,0.2,true,0.25,0.09259001776526503,0.9784393822139209
6,0.3,0.2,true,0.25,0.018150776136690985,1.023832250525876
6,0.25,0.2,true,0.25,0.059149077140266675,0.9491720998900564
6,0.2,0.2,true,0.25,0.09259172058270145,0.9784416926492908
6,0.3,0.2,true,0.25,0.018005754337879383,1.0240444253092305
6,0.25,0.2,true,0.25,0.05914265406653028,0.9491880381583184
6,0.2,0.2,true,0.25,0.09258712213064992,0.9784374124182132
6,0.3,0.2,true,0.25,0.01795839923398857,1.0245592940782273
6,0.25,0.2,true,0.25,0.05914239762180178,0.9491983337098459
6,0.2,0.2,true,0.25,0.09258750804173632,0.9784301513812225
6,0.3,0.2,true,0.25,0.017811641028486966,1.0237668631682457
6,0.25,0.2,true,0.25,0.05913293958112474,0.9491646418551863
6,0.2,0.2,true,0.25,0.09258781249543035,0.978425318233217
6,0.3,0.2,true,0.25,0.017630954906528443,1.024407052652769
6,0.25,0.2,true,0.25,0.0591269977543112,0.9491880180182424
6,0.2,0.2,true,0.25,0.09258294347704667,0.9784229819132728
6,0.3,0.2,true,0.25,0.017514598063805998,1.023432744825839
6,0.2,0.2,true,0.25,0.09258147996564657,0.978435875355794
6,0.25,0.2,true,0.25,0.05912705980954515,0.9491981397171073
6,0.3,0.2,true,0.25,0.017422721205572724,1.023160402310572
6,0.2,0.2,true,0.25,0.09257892313592478,0.978437509710895
6,0.25,0.2,true,0.25,0.05912626031684801,0.9492060012800061
6,0.3,0.2,true,0.25,0.01734523456733589,1.023025796538497
6,0.2,0.2,true,0.25,0.09257844769492006,0.9784307684527753
6,0.25,0.2,true,0.25,0.05912085206895198,0.9492211616290988
6,0.3,0.2,true,0.25,0.017229213536889817,1.0232627348324677
6,0.2,0.2,true,0.25,0.09257505018716781,0.9784339056829997
6,0.25,0.2,true,0.25,0.05911772987000748,0.9492072084102956
6,0.3,0.2,true,0.25,0.017073351703698857,1.023786675873566
6,0.2,0.2,true,0.25,0.09257082778308157,0.978429866988974
6,0.25,0.2,true,0.25,0.05911739412407776,0.9492121045862483
6,0.3,0.2,true,0.25,0.016913953187641412,1.0219177517779838
6,0.2,0.2,true,0.25,0.09256694960894758,0.9784296651232092
6,0.25,0.2,true,0.25,0.05911950765934524,0.9492273019931677
6,0.2,0.2,true,0.25,0.09256745551568728,0.978429490919888
6,0.3,0.2,true,0.25,0.016858286830455482,1.0229813230076188
6,0.25,0.2,true,0.25,0.059111576083012374,0.9492264976534377
6,0.2,0.2,true,0.25,0.0925611611268066,0.9784289408682008
6,0.3,0.2,true,0.25,0.016785590795212496,1.0222990055507206
6,0.25,0.2,true,0.25,0.059107201177445584,0.9492260904846176
6,0.2,0.2,true,0.25,0.09255741753285328,0.9784328696604848
6,0.3,0.2,true,0.25,0.016757769900779856,1.0215777062957905
6,0.25,0.2,true,0.25,0.059107420444088773,0.9492573725329092
6,0.2,0.2,true,0.25,0.0925551833504551,0.9784319250897419
6,0.3,0.2,true,0.25,0.016676852046009466,1.0222591224872615
6,0.25,0.2,true,0.25,0.059098962063394926,0.9492566135907288
6,0.2,0.2,true,0.25,0.09255548238031128,0.9784372821787597
6,0.3,0.2,true,0.25,0.01661214096386073,1.0212523596013077
6,0.25,0.2,true,0.25,0.05909225209781677,0.9492677184996814
6,0.2,0.2,true,0.25,0.09255173017524246,0.9784351257398665
6,0.3,0.2,true,0.25,0.01646928904506572,1.021448760458442
6,0.25,0.2,true,0.25,0.059091319200087845,0.9492642396323655
6,0.2,0.2,true,0.25,0.0925514395772197,0.9784350888010739
6,0.25,0.2,true,0.25,0.05909104855415647,0.9492732326362936
6,0.3,0.2,true,0.25,0.01632709549469756,1.0208075807912456
6,0.2,0.2,true,0.25,0.09255223481124857,0.9784366447472617
6,0.3,0.2,true,0.25,0.016285167688126538,1.0201419977202097
6,0.25,0.2,true,0.25,0.05908377645605809,0.9492820607155121
6,0.2,0.2,true,0.25,0.09255121610514573,0.9784453202919697
6,0.3,0.2,true,0.25,0.016261164900370922,1.019478632751341
6,0.25,0.2,true,0.25,0.05908471560990959,0.9492814678639602
6,0.25,0.2,true,0.25,0.05907860676589244,0.94926805239855
6,0.2,0.2,true,0.25,0.09254895104660946,0.9784372754640986
6,0.3,0.2,true,0.25,0.01616224163753259,1.0196798501929523
6,0.2,0.2,true,0.25,0.09254472390640824,0.9784420447538089
6,0.25,0.2,true,0.25,0.059072693249649165,0.9492634144666265
6,0.3,0.2,true,0.25,0.016002057873983618,1.0200652992827555
6,0.2,0.2,true,0.25,0.09254269352391045,0.9784497304592724
6,0.25,0.2,true,0.25,0.059068717558364986,0.9492527333770112
6,0.3,0.2,true,0.25,0.015897799191891774,1.020247950493712
6,0.2,0.2,true,0.25,0.09254154862821959,0.9784406852155817
6,0.25,0.2,true,0.25,0.059068574274976,0.9492621572854865
6,0.3,0.2,true,0.25,0.01580036063523684,1.0199776173614175
6,0.3,0.2,true,0.25,0.015668083517724314,1.0205488924492443
6,0.25,0.2,true,0.25,0.059065141174147726,0.94927519993782
6,0.2,0.2,true,0.25,0.0925396216825032,0.9784470434593528
6,0.3,0.2,true,0.25,0.015538593440358817,1.0207298075632503
6,0.25,0.2,true,0.25,0.05906202630185376,0.9492791015537001
6,0.2,0.2,true,0.25,0.09253588455863117,0.9784442138743967
6,0.25,0.2,true,0.25,0.059059310189056864,0.9492716205510581
6,0.3,0.2,true,0.25,0.015482118065412059,1.019654937484101
6,0.2,0.2,true,0.25,0.09253567950490747,0.9784506620501302
6,0.25,0.2,true,0.25,0.05905711595601149,0.9492842931753547
6,0.3,0.2,true,0.25,0.015306174086574366,1.0215484863430966
6,0.2,0.2,true,0.25,0.09253310208407735,0.9784422681563303
6,0.25,0.2,true,0.25,0.05905899571326192,0.9492798160414938
6,0.2,0.2,true,0.25,0.0925315968958837,0.9784433109722042
6,0.3,0.2,true,0.25,0.015148865664790975,1.0222237437891144
6,0.25,0.2,true,0.25,0.059059656487601024,0.9492912476295342
6,0.2,0.2,true,0.25,0.09253117260304816,0.9784449963449388
6,0.3,0.2,true,0.25,0.01503950089779671,1.0222013098823102
6,0.25,0.2,true,0.25,0.059058450168947285,0.9492905035369014
6,0.2,0.2,true,0.25,0.09253047245576951,0.9784437990703747
6,0.3,0.2,true,0.25,0.014922004324165,1.0231047732566791
6,0.25,0.2,true,0.25,0.05905491466873962,0.9492829110512334
6,0.2,0.2,true,0.25,0.0925266147823094,0.9784477687937166
6,0.25,0.2,true,0.25,0.05905352224550281,0.9492797458486062
6,0.2,0.2,true,0.25,0.09252418077217459,0.9784401269064873
6,0.3,0.2,true,0.25,0.014860904870510429,1.0232544199181512
6,0.25,0.2,true,0.25,0.059053626805232066,0.949278668323287
6,0.2,0.2,true,0.25,0.09252233846391855,0.9784444583269344
6,0.3,0.2,true,0.25,0.01473402384438884,1.0227610344683924
6,0.2,0.2,true,0.25,0.09251940479995929,0.9784405560087145
6,0.25,0.2,true,0.25,0.05905245653388859,0.9492806748680428
6,0.3,0.2,true,0.25,0.014618376995758455,1.023172483612742
6,0.25,0.2,true,0.25,0.05905248324654406,0.9492755475005183
6,0.2,0.2,true,0.25,0.09251880779109639,0.9784428667848999
6,0.3,0.2,true,0.25,0.01451648611057278,1.0233738258488179
6,0.25,0.2,true,0.25,0.05904891554520098,0.9492731324868255
6,0.2,0.2,true,0.25,0.09251978254108599,0.9784425346329442
6,0.3,0.2,true,0.25,0.014423243360017797,1.023134291441444
6,0.25,0.2,true,0.25,0.05904760213253433,0.9492771040239777
6,0.2,0.2,true,0.25,0.0925170494630526,0.9784434250243066
6,0.25,0.2,true,0.25,0.05904732182031188,0.9492774688724476
6,0.3,0.2,true,0.25,0.01428891658173131,1.0234604540563288
6,0.2,0.2,true,0.25,0.09251668189499096,0.9784480213821363
6,0.25,0.2,true,0.25,0.05904693928081214,0.9492798785235128
6,0.3,0.2,true,0.25,0.014226832543289736,1.0234073380587312
6,0.2,0.2,true,0.25,0.09251577531974235,0.9784490560764392
6,0.25,0.2,true,0.25,0.0590444259808285,0.9492810168611531
6,0.3,0.2,true,0.25,0.014044684552073958,1.024233390932272
6,0.2,0.2,true,0.25,0.09251526565879857,0.9784490946209926
6,0.3,0.2,true,0.25,0.013951431306683772,1.0231064244682293
6,0.25,0.2,true,0.25,0.05904355533062886,0.9492821586746438
6,0.2,0.2,true,0.25,0.09251448097025856,0.9784490756442727
6,0.25,0.2,true,0.25,0.05904339065538629,0.9492850081993526
6,0.3,0.2,true,0.25,0.013881026206095187,1.0227295758029147
6,0.2,0.2,true,0.25,0.09251261787529964,0.9784500227463151
6,0.25,0.2,true,0.25,0.05904094008793068,0.949281515811556
6,0.3,0.2,true,0.25,0.01382378153420787,1.0221253991930457
6,0.2,0.2,true,0.25,0.09250948707424456,0.9784499571640245
6,0.25,0.2,true,0.25,0.059040160917368224,0.9492832487596848
6,0.3,0.2,true,0.25,0.013751204635581679,1.0229126558099642
6,0.2,0.2,true,0.25,0.09250801002927636,0.9784501785865113
6,0.25,0.2,true,0.25,0.059038533384119386,0.9492766511292534
6,0.3,0.2,true,0.25,0.013677188482841695,1.0231339299635278
6,0.2,0.2,true,0.25,0.09250784254547377,0.9784517161207728
6,0.25,0.2,true,0.25,0.05903726266002701,0.9492836736692317
6,0.3,0.2,true,0.25,0.013574173990876867,1.023516718172989
6,0.2,0.2,true,0.25,0.09250602728562161,0.9784537237886041
6,0.25,0.2,true,0.25,0.05903442591111863,0.9492883505401173
6,0.3,0.2,true,0.25,0.01342557368736179,1.0244683698145902
6,0.25,0.2,true,0.25,0.05903251322626654,0.9492835190580089
6,0.2,0.2,true,0.25,0.0925063214977821,0.9784501016023956
6,0.3,0.2,true,0.25,0.013396727290440717,1.0231755652815735
6,0.25,0.2,true,0.25,0.059031212380402036,0.9492714997784878
6,0.2,0.2,true,0.25,0.09250404478920704,0.9784511932423241
6,0.3,0.2,true,0.25,0.013322934761124972,1.0230809383234862
6,0.25,0.2,true,0.25,0.05903029141483809,0.9492767251703423
6,0.2,0.2,true,0.25,0.09250478313601718,0.9784564908511635
6,0.3,0.2,true,0.25,0.013214632122487923,1.0237900754067975
6,0.2,0.2,true,0.25,0.09250306300756848,0.9784535992888865
6,0.25,0.2,true,0.25,0.05902675635538872,0.949261634931304
6,0.3,0.2,true,0.25,0.013145808289036312,1.0232400335689382
6,0.25,0.2,true,0.25,0.059024705463191746,0.9492551901291627
6,0.2,0.2,true,0.25,0.09250317301709335,0.978451347378639
6,0.3,0.2,true,0.25,0.013013039092882034,1.0233662764533376
6,0.25,0.2,true,0.25,0.05902496133664572,0.9492450288595136
6,0.2,0.2,true,0.25,0.09250130767164647,0.9784558027116995
6,0.3,0.2,true,0.25,0.012974205992209602,1.0221941995872965
6,0.25,0.2,true,0.25,0.05902399384164696,0.9492559185778706
6,0.2,0.2,true,0.25,0.09250025417036031,0.9784555235649447
6,0.3,0.2,true,0.25,0.012920625069518153,1.0219007339221373
6,0.25,0.2,true,0.25,0.05902159654338513,0.949247502691033
6,0.2,0.2,true,0.25,0.09249742390537356,0.9784510891809338
6,0.3,0.2,true,0.25,0.012800207085522462,1.0213607400578972
6,0.25,0.2,true,0.25,0.05902018122600352,0.9492462985360847
6,0.2,0.2,true,0.25,0.09249699921419788,0.9784573345165739
6,0.3,0.2,true,0.25,0.012708089781754384,1.0212357302774657
6,0.25,0.2,true,0.25,0.05902012967947495,0.9492463883338386
6,0.2,0.2,true,0.25,0.09249624513017002,0.9784557253647628
6,0.3,0.2,true,0.25,0.012671979308552097,1.020629231671451
6,0.25,0.2,true,0.25,0.05901855430780431,0.9492482688394992
6,0.2,0.2,true,0.25,0.0924967716146243,0.9784597482461005
6,0.3,0.2,true,0.25,0.012564195734140644,1.0216147973060299
6,0.2,0.2,true,0.25,0.0924953621960708,0.9784601690353794
6,0.25,0.2,true,0.25,0.05901730458629994,0.9492454334851295
6,0.2,0.2,true,0.25,0.09249453708612075,0.9784567971599546
6,0.3,0.2,true,0.25,0.012473379159437527,1.0215133032156962
6,0.2,0.2,true,0.25,0.09249376293737564,0.9784532298745917
6,0.3,0.2,true,0.25,0.012339647008773996,1.0218021270525264
6,0.3,0.2,true,0.25,0.012295010418679607,1.0211791919646016
6,0.3,0.2,true,0.25,0.012181935067745677,1.0214053993156775
6,0.3,0.2,true,0.25,0.0121223791873973,1.0212069064509433
6,0.3,0.2,true,0.25,0.01206333953826509,1.020204974008184
6,0.3,0.2,true,0.25,0.011960691862957333,1.0203936869206653
6,0.3,0.2,true,0.25,0.011913390632428363,1.0201803432718177
6,0.3,0.2,true,0.25,0.011774740049547363,1.021007076955618
6,0.3,0.2,true,0.25,0.011647275395128156,1.0212191773079708
6,0.3,0.2,true,0.25,0.011568015420705853,1.0209877636544216
6,0.3,0.2,true,0.25,0.011443473275599095,1.0214657913126233
6,0.3,0.2,true,0.25,0.011313677464702557,1.0227486451602368
6,0.3,0.2,true,0.25,0.011239319253784385,1.021930980969883
6,0.3,0.2,true,0.25,0.01117908737266331,1.0215681749258585
6,0.3,0.2,true,0.25,0.011136503844866459,1.020136803869462
6,0.3,0.2,true,0.25,0.011053005146476695,1.0203227150611376
6,0.3,0.2,true,0.25,0.010985376901109829,1.0200575631614022
6,0.3,0.2,true,0.25,0.010927408126593922,1.0208009701508192
6,0.35,0.2,true,0.25,0.03950434912070565,-0.002688499361847996
6,0.3,0.2,true,0.25,0.010857689556114245,1.0195289604522761
6,0.35,0.2,true,0.25,0.040184009605108664,0.018472637462152896
6,0.3,0.2,true,0.25,0.01078005124535568,1.0195302702773303
6,0.35,0.2,true,0.25,0.039923527979220656,0.033044486776385905
6,0.3,0.2,true,0.25,0.010706053017485532,1.0192777906193942
6,0.35,0.2,true,0.25,0.03948492942356187,0.04517937386517163
6,0.3,0.2,true,0.25,0.010606528203573886,1.020115895603026
6,0.3,0.2,true,0.25,0.010511688150815561,1.0205889819463163
6,0.4,0.2,true,0.25,0.03906103560185503,-0.00168595329264884
6,0.35,0.2,true,0.25,0.03862508917366757,0.10530857988569053
6,0.3,0.2,true,0.25,0.01044695559747362,1.0203166175796414
6,0.4,0.2,true,0.25,0.03841101237868836,0.013213471352455401
6,0.35,0.2,true,0.25,0.03816246689457355,0.20542237820462977
6,0.4,0.2,true,0.25,0.0371928150074463,0.04208418609416129
6,0.3,0.2,true,0.25,0.01036579223660915,1.0216041025010494
6,0.35,0.2,true,0.25,0.03756220830764643,0.2105078102181993
6,0.4,0.2,true,0.25,0.03604727747144907,0.07522594305662562
6,0.3,0.2,true,0.25,0.01028013868954591,1.0213907831234221
6,0.35,0.2,true,0.25,0.037036297728770866,0.28428760819009014
6,0.4,0.2,true,0.25,0.03444426445817421,0.10983979872519802
6,0.3,0.2,true,0.25,0.01018821894010429,1.021363597474897
6,0.35,0.2,true,0.25,0.03607285906831966,0.34434788140728484
6,0.4,0.2,true,0.25,0.0324948629970971,0.15129011773642603
6,0.3,0.2,true,0.25,0.010142509105824244,1.0210136608863911
6,0.35,0.2,true,0.25,0.03515708426520439,0.35488315996788394
6,0.4,0.2,true,0.25,0.031201595212286198,0.2080677628419859
6,0.3,0.2,true,0.25,0.010059590824877012,1.0216082504597521
6,0.4,0.2,true,0.25,0.029411087010105523,0.22424071701747353
6,0.35,0.2,true,0.25,0.034341365753284295,0.40818345977908316
6,0.3,0.2,true,0.25,0.009945776647303206,1.0210594095586054
6,0.4,0.2,true,0.25,0.027170700775431943,0.2366726620161051
6,0.35,0.2,true,0.25,0.033327099800233836,0.4693106407940509
6,0.4,0.2,true,0.25,0.02559255501918595,0.2861912461436432
6,0.3,0.2,true,0.25,0.009912934573063279,1.0212944653411127
6,0.35,0.2,true,0.25,0.03197472625614322,0.4975539626067298
6,0.3,0.2,true,0.25,0.009868487525374383,1.0198724721391705
6,0.4,0.2,true,0.25,0.024294583614706128,0.32172835523308413
6,0.3,0.2,true,0.25,0.00976564766083893,1.0208616736084966
6,0.35,0.2,true,0.25,0.03101596250940737,0.5640755605266382
6,0.4,0.2,true,0.25,0.022806741693402046,0.4033787024896184
6,0.3,0.2,true,0.25,0.009711366052041955,1.0202420685527207
6,0.4,0.2,true,0.25,0.02140518850228062,0.4315020095436055
6,0.35,0.2,true,0.25,0.029857487350421433,0.6071223924352568
6,0.3,0.2,true,0.25,0.009631214958701536,1.020007356666213
6,0.4,0.2,true,0.25,0.020087545153903534,0.4876775139930904
6,0.35,0.2,true,0.25,0.029267511453524155,0.6140268598579224
6,0.3,0.2,true,0.25,0.009556829279520139,1.021670986255453
6,0.4,0.2,true,0.25,0.0190205959900892,0.5231012843246315
6,0.35,0.2,true,0.25,0.028598604774798603,0.7084432092640025
6,0.3,0.2,true,0.25,0.009496330267926543,1.0216253886944577
6,0.4,0.2,true,0.25,0.017936452727528453,0.5547532319727375
6,0.35,0.2,true,0.25,0.027554379792208688,0.7064058121118276
6,0.3,0.2,true,0.25,0.009474553054635447,1.0199834407598292
6,0.35,0.2,true,0.25,0.026984615619616955,0.7569239846623635
6,0.4,0.2,true,0.25,0.016839565141876095,0.6543868245237816
6,0.3,0.2,true,0.25,0.00943114379625453,1.0195599863925315
6,0.35,0.2,true,0.25,0.02573858219485121,0.7437677449802823
6,0.4,0.2,true,0.25,0.016033929442282113,0.6859070494517473
6,0.3,0.2,true,0.25,0.009385701838291379,1.0191131495597234
6,0.35,0.2,true,0.25,0.02514831996038745,0.7874765074889226
6,0.4,0.2,true,0.25,0.015498418016023289,0.6724921727339979
6,0.3,0.2,true,0.25,0.009296226017219083,1.018783308742459
6,0.4,0.2,true,0.25,0.014865128534476713,0.7233937244688403
6,0.35,0.2,true,0.25,0.024445654340876595,0.7801740432189995
6,0.3,0.2,true,0.25,0.009246104252441146,1.0192150620996328
6,0.4,0.2,true,0.25,0.014275512048886954,0.7765427462731337
6,0.35,0.2,true,0.25,0.024023561652361778,0.7766182177681324
6,0.4,0.2,true,0.25,0.013746119607642606,0.7925313737278
6,0.3,0.2,true,0.25,0.009207001642130449,1.019612213402788
6,0.35,0.2,true,0.25,0.02362378130389855,0.8129524674003675
6,0.4,0.2,true,0.25,0.013228806340757477,0.8212897926025998
6,0.3,0.2,true,0.25,0.009169328507718635,1.019860557876807
6,0.35,0.2,true,0.25,0.02279269265599536,0.8059205282568316
6,0.4,0.2,true,0.25,0.012700233407475883,0.8237387887006139
6,0.3,0.2,true,0.25,0.009082513469890238,1.0202495196988797
6,0.35,0.2,true,0.25,0.02212907388856355,0.8492443320838379
6,0.4,0.2,true,0.25,0.01201588935178027,0.8628585694984695
6,0.3,0.2,true,0.25,0.009037903232084138,1.0200941540818986
6,0.35,0.2,true,0.25,0.021554054801693274,0.8545132898983824
6,0.4,0.2,true,0.25,0.01160405776615703,0.882408923604756
6,0.3,0.2,true,0.25,0.009002336373144453,1.0196194554493092
6,0.35,0.2,true,0.25,0.02107297079680527,0.865348363551615
6,0.4,0.2,true,0.25,0.011198400553182096,0.8739919467684384
6,0.3,0.2,true,0.25,0.008951526927040009,1.0196677486069448
6,0.4,0.2,true,0.25,0.010874576199100469,0.9121634555099783
6,0.35,0.2,true,0.25,0.020390998489511803,0.883344746998354
6,0.3,0.2,true,0.25,0.008864740722610247,1.020187005475533
6,0.4,0.2,true,0.25,0.010626648534220183,0.9193337647533796
6,0.35,0.2,true,0.25,0.01983307479063945,0.8877534456668245
6,0.3,0.2,true,0.25,0.008793138024587045,1.0202942026157917
6,0.4,0.2,true,0.25,0.010381310849309967,0.9423708820609766
6,0.35,0.2,true,0.25,0.01956092216466264,0.8996905608205267
6,0.3,0.2,true,0.25,0.00872495212444466,1.020190223248444
6,0.4,0.2,true,0.25,0.010094469153940291,0.9413102960449772
6,0.35,0.2,true,0.25,0.019084841258898342,0.8983615886584759
6,0.4,0.2,true,0.25,0.009882601144378141,0.9492622760910567
6,0.35,0.2,true,0.25,0.018832691031611754,0.9046577783298237
6,0.4,0.2,true,0.25,0.00968320189342462,0.9640892686532525
6,0.35,0.2,true,0.25,0.018289141797361044,0.9151521982916831
6,0.4,0.2,true,0.25,0.009430043140418948,0.9564411575192473
6,0.35,0.2,true,0.25,0.01802528525443264,0.9308313625584829
6,0.4,0.2,true,0.25,0.009194303527487109,0.9596514079218689
6,0.35,0.2,true,0.25,0.017603730567024512,0.9148851623024868
6,0.4,0.2,true,0.25,0.008936482492147825,0.9678052876669315
6,0.35,0.2,true,0.25,0.017296591470352417,0.9275568657261393
6,0.4,0.2,true,0.25,0.008767920995821313,1.0002331635703705
6,0.4,0.2,true,0.25,0.008519771203582868,1.0093471296910475
6,0.35,0.2,true,0.25,0.017113114819220277,0.9114289608646234
6,0.4,0.2,true,0.25,0.008300439467149626,1.013455289611261
6,0.35,0.2,true,0.25,0.016932228921851235,0.9254206453969483
6,0.4,0.2,true,0.25,0.008159223031796647,1.0136523003448232
6,0.35,0.2,true,0.25,0.016567184581090924,0.9192619310313891
6,0.4,0.2,true,0.25,0.007976887492164521,1.0188444776084475
6,0.35,0.2,true,0.25,0.016251769035765085,0.9388296585745532
6,0.4,0.2,true,0.25,0.00776699532400195,1.0231230351370584
6,0.35,0.2,true,0.25,0.016070409616879076,0.9293118723561603
6,0.35,0.2,true,0.25,0.015688202321475716,0.9403932549398907
6,0.4,0.2,true,0.25,0.00762441101223168,1.0256160186040735
6,0.35,0.2,true,0.25,0.015374758553719706,0.9456311105583141
6,0.4,0.2,true,0.25,0.007458800589633815,1.0281175318818283
6,0.35,0.2,true,0.25,0.01522493652001715,0.946558173035271
6,0.4,0.2,true,0.25,0.007370363293887385,1.0289446142297074
6,0.35,0.2,true,0.25,0.015057719452526503,0.9458190755485096
6,0.4,0.2,true,0.25,0.007197763541548388,1.0298808232470271
6,0.35,0.2,true,0.25,0.014896025301819129,0.9515490241594494
6,0.4,0.2,true,0.25,0.007027923284197385,1.0309319903407974
6,0.35,0.2,true,0.25,0.014634592003296375,0.9468578102273922
6,0.4,0.2,true,0.25,0.006926967064102887,1.0311112069429025
6,0.35,0.2,true,0.25,0.014326573045877422,0.9502756849632445
6,0.4,0.2,true,0.25,0.006733686135906274,1.030810567879605
6,0.4,0.2,true,0.25,0.006610062779099239,1.02997782389298
6,0.35,0.2,true,0.25,0.014096834193823814,0.9532760388123185
6,0.4,0.2,true,0.25,0.006459259831137294,1.0308727967191176
6,0.35,0.2,true,0.25,0.013995100555585819,0.9546381467995558
6,0.35,0.2,true,0.25,0.013800551945272552,0.9544117143692574
6,0.4,0.2,true,0.25,0.006340486696106179,1.030756167855631
6,0.4,0.2,true,0.25,0.0062184585441034754,1.029109989506607
6,0.35,0.2,true,0.25,0.013561550627678241,0.9542183057753919
6,0.35,0.2,true,0.25,0.013361526162184926,0.955584448559227
6,0.4,0.2,true,0.25,0.006140844074255174,1.0310573909227725
6,0.45,0.2,true,0.25,0.03984557939192508,0.0018048938364535214
6,0.4,0.2,true,0.25,0.0060278075269117794,1.0312872158305784
6,0.35,0.2,true,0.25,0.01319188382481175,0.9574643572249352
6,0.45,0.2,true,0.25,0.03753669531818312,0.027307764332342634
6,0.4,0.2,true,0.25,0.005922085718519011,1.0314239795291902
6,0.35,0.2,true,0.25,0.013025482783655866,0.9569214414375072
6,0.4,0.2,true,0.25,0.005761815952572394,1.0329499473197425
6,0.35,0.2,true,0.25,0.012943651184697811,0.9544624987794607
6,0.45,0.2,true,0.25,0.035409617330250234,0.06557268215043882
6,0.4,0.2,true,0.25,0.005701548293746593,1.0296562392767834
6,0.45,0.2,true,0.25,0.033141847962785555,0.11986582646050983
6,0.35,0.2,true,0.25,0.01288544711443605,0.9532169398419846
6,0.4,0.2,true,0.25,0.0056223062435409345,1.029706137726356
6,0.45,0.2,true,0.25,0.030828869686690685,0.18774920420512056
6,0.35,0.2,true,0.25,0.012642093132656247,0.9553018645139495
6,0.4,0.2,true,0.25,0.005539514992534241,1.028990317184231
6,0.35,0.2,true,0.25,0.012457132916769637,0.9552444696477744
6,0.45,0.2,true,0.25,0.028957264002917094,0.2033285891658261
6,0.4,0.2,true,0.25,0.005443928480141439,1.0279662905904365
6,0.35,0.2,true,0.25,0.012275239529775304,0.9528432200194519
6,0.45,0.2,true,0.25,0.02757821824834203,0.29882918546012005
6,0.4,0.2,true,0.25,0.005332145711703493,1.0293552464068043
6,0.35,0.2,true,0.25,0.012165653911050553,0.952953876167567
6,0.45,0.2,true,0.25,0.02565340769104769,0.36213698784477777
6,0.4,0.2,true,0.25,0.005271506786630488,1.0285750711353283
6,0.35,0.2,true,0.25,0.01204995537255122,0.95276133124873
6,0.45,0.2,true,0.25,0.02344360521658676,0.43750685716769994
6,0.4,0.2,true,0.25,0.005194230655626665,1.029596873019609
6,0.35,0.2,true,0.25,0.011790669563589644,0.9529393237882063
6,0.35,0.2,true,0.25,0.01165469615014408,0.9523917800936246
6,0.4,0.2,true,0.25,0.005100862862520002,1.0302866848930141
6,0.45,0.2,true,0.25,0.021771966021838243,0.4667912197472053
6,0.35,0.2,true,0.25,0.011476727462050227,0.9535914399526552
6,0.4,0.2,true,0.25,0.004998175358357521,1.0317387452068285
6,0.45,0.2,true,0.25,0.020524475477836746,0.5256892493274273
6,0.35,0.2,true,0.25,0.011330387040416447,0.9541504836635453
6,0.4,0.2,true,0.25,0.004892340404951259,1.0321087232714763
6,0.45,0.2,true,0.25,0.01912377150803867,0.5984006387530306
6,0.35,0.2,true,0.25,0.011220743488771312,0.9534241456157256
6,0.4,0.2,true,0.25,0.004818054459745806,1.0308664145161375
6,0.45,0.2,true,0.25,0.017794273661928428,0.6111610938981483
6,0.4,0.2,true,0.25,0.00468984065231244,1.0316859129872609
6,0.35,0.2,true,0.25,0.011024820261878707,0.9520731319031646
6,0.4,0.2,true,0.25,0.004607175948502771,1.0312683986260276
6,0.45,0.2,true,0.25,0.016552238164872446,0.6716892718643324
6,0.35,0.2,true,0.25,0.01083384347651608,0.9526431588942837
6,0.4,0.2,true,0.25,0.004504096934109561,1.0305636186018545
6,0.45,0.2,true,0.25,0.015464523196349925,0.7064014079436749
6,0.35,0.2,true,0.25,0.010665310173253869,0.9527631251727253
6,0.4,0.2,true,0.25,0.004445284477219825,1.0325262357282519
6,0.45,0.2,true,0.25,0.014585113739188181,0.739652434485489
6,0.35,0.2,true,0.25,0.010488295981078867,0.9541415945658409
6,0.4,0.2,true,0.25,0.0043643806673701584,1.0317787885761187
6,0.45,0.2,true,0.25,0.013753821271562938,0.7760414908086164
6,0.35,0.2,true,0.25,0.010329170175985674,0.9536148269488921
6,0.4,0.2,true,0.25,0.004271664816380665,1.0329238436307953
6,0.45,0.2,true,0.25,0.013037944128076179,0.8001597474708629
6,0.35,0.2,true,0.25,0.010173724326870697,0.9543563510474536
6,0.4,0.2,true,0.25,0.004206032745470852,1.033138965552743
6,0.35,0.2,true,0.25,0.010007873237272041,0.9554950775326742
6,0.45,0.2,true,0.25,0.012458453962152968,0.8306915606447908
6,0.4,0.2,true,0.25,0.004123336620874028,1.03479112514224
6,0.35,0.2,true,0.25,0.0098743109797181,0.9553816676399498
6,0.45,0.2,true,0.25,0.011878001468205083,0.8465505009224852
6,0.4,0.2,true,0.25,0.004042341621970957,1.0352645309031099
6,0.35,0.2,true,0.25,0.009703356567843671,0.9566346399621054
6,0.45,0.2,true,0.25,0.011327203937138118,0.8606652519291529
6,0.4,0.2,true,0.25,0.003985298161022435,1.0346754767706758
6,0.35,0.2,true,0.25,0.009599387170392321,0.9565468812079743
6,0.45,0.2,true,0.25,0.010794220493043762,0.8799256707883331
6,0.4,0.2,true,0.25,0.0039173792098444685,1.0344236800362612
6,0.35,0.2,true,0.25,0.00945155102861331,0.9555609981437949
6,0.45,0.2,true,0.25,0.010633425542496855,0.9009244650661767
6,0.35,0.2,true,0.25,0.0092941827043396,0.9563233813264975
6,0.4,0.2,true,0.25,0.0038456041984892674,1.0348646194813889
6,0.45,0.2,true,0.25,0.010340874771666146,0.9112571284898388
6,0.4,0.2,true,0.25,0.0037765725742551913,1.0350642688513345
6,0.35,0.2,true,0.25,0.00917138116038562,0.9576622204715659
6,0.45,0.2,true,0.25,0.009930180815861802,0.9283495110205513
6,0.4,0.2,true,0.25,0.0037164256903066263,1.0349285479669221
6,0.35,0.2,true,0.25,0.009010483638407035,0.9597122713757844
6,0.45,0.2,true,0.25,0.009689737712931516,0.9329822524923852
6,0.4,0.2,true,0.25,0.0036563494416684953,1.0329483019294952
6,0.35,0.2,true,0.25,0.008873791877062446,0.9604576992040845
6,0.45,0.2,true,0.25,0.009397299027091832,0.940969031506332
6,0.35,0.2,true,0.25,0.008774142232132333,0.9599527568657826
6,0.4,0.2,true,0.25,0.003560978333286475,1.0319531860230926
6,0.45,0.2,true,0.25,0.009145586534422424,0.9462509446981976
6,0.35,0.2,true,0.25,0.008667901634191769,0.9591322260298636
6,0.4,0.2,true,0.25,0.0035054531754742015,1.0315800356385372
6,0.45,0.2,true,0.25,0.008756869453658764,0.9542764448967013
6,0.35,0.2,true,0.25,0.008529325384566577,0.9590678569028736
6,0.4,0.2,true,0.25,0.0034325762734252474,1.030001598297445
6,0.45,0.2,true,0.25,0.008582543032342396,0.9572883305854438
6,0.35,0.2,true,0.25,0.00844893632291493,0.9583110228482398
6,0.4,0.2,true,0.25,0.0033538921655114386,1.032086495599268
6,0.45,0.2,true,0.25,0.008410335810317051,0.9627054952914588
6,0.35,0.2,true,0.25,0.00828681392393242,0.9596445974808243
6,0.4,0.2,true,0.25,0.0032885520905637632,1.0316252931184897
6,0.45,0.2,true,0.25,0.00810307697406759,0.9674245170219523
6,0.35,0.2,true,0.25,0.008207961923093013,0.9586735947405126
6,0.4,0.2,true,0.25,0.0032157927352248084,1.0310791021439696
6,0.45,0.2,true,0.25,0.007937145320797385,0.9718585405777307
6,0.35,0.2,true,0.25,0.008125224728386969,0.9591707482788688
6,0.4,0.2,true,0.25,0.0031743499804529037,1.0308061265755866
6,0.35,0.2,true,0.25,0.007952563953281398,0.9600369986555064
6,0.45,0.2,true,0.25,0.0077170551321582275,0.973388790870563
6,0.4,0.2,true,0.25,0.003126109433750488,1.032676659341429
6,0.35,0.2,true,0.25,0.007876751890331556,0.9586748207218004
6,0.45,0.2,true,0.25,0.007521810227502217,0.9759161248606402
6,0.4,0.2,true,0.25,0.0030570240698759767,1.0335329059803542
6,0.35,0.2,true,0.25,0.007749403598945803,0.9570437342859889
6,0.4,0.2,true,0.25,0.002986508559108664,1.0330030601538212
6,0.45,0.2,true,0.25,0.0073530481721128926,0.9755703942505815
6,0.35,0.2,true,0.25,0.007681500002642443,0.9567308653733226
6,0.45,0.2,true,0.25,0.007207472606028399,0.975588478802791
6,0.4,0.2,true,0.25,0.002930817371638683,1.03491868023171
6,0.35,0.2,true,0.25,0.0075692838971084175,0.9566421388460307
6,0.45,0.2,true,0.25,0.007071792065521018,0.9771473487117838
6,0.4,0.2,true,0.25,0.0028736025449912677,1.0346097310132065
6,0.35,0.2,true,0.25,0.007456430178893011,0.9571409395297517
6,0.45,0.2,true,0.25,0.0069545858437581945,0.9784654077390075
6,0.4,0.2,true,0.25,0.0028342364027593584,1.0345442573553254
6,0.35,0.2,true,0.25,0.007360873269010922,0.956020239650022
6,0.45,0.2,true,0.25,0.006820233493142532,0.9796909689343025
6,0.4,0.2,true,0.25,0.0027931458393285536,1.0326552192829124
6,0.35,0.2,true,0.25,0.0072662453406827626,0.9557025993396524
6,0.45,0.2,true,0.25,0.006680513661693953,0.9797079487721473
6,0.4,0.2,true,0.25,0.0027355199669539653,1.0333303417555522
6,0.35,0.2,true,0.25,0.007168382837142298,0.9551930511401167
6,0.45,0.2,true,0.25,0.006548963111085791,0.9803400595753057
6,0.4,0.2,true,0.25,0.0026984974880809123,1.0320490588534335
6,0.35,0.2,true,0.25,0.007047514489270104,0.9560337482799337
6,0.45,0.2,true,0.25,0.006415530171035408,0.9793709473976161
6,0.4,0.2,true,0.25,0.002660753016346124,1.0303378302969055
6,0.35,0.2,true,0.25,0.006937704920901141,0.9556200843514074
6,0.45,0.2,true,0.25,0.006326297362527556,0.9790548403920769
6,0.4,0.2,true,0.25,0.0026050011160159156,1.030255181133404
6,0.35,0.2,true,0.25,0.006834361650503714,0.9562152665928418
6,0.45,0.2,true,0.25,0.006186205571229228,0.9802352543847616
6,0.4,0.2,true,0.25,0.002569456297253333,1.0297714050695677
6,0.35,0.2,true,0.25,0.006710294105765898,0.9570505871965007
6,0.4,0.2,true,0.25,0.0025067973572567835,1.0299393248646027
6,0.35,0.2,true,0.25,0.0066125489715241,0.9567121621483787
6,0.45,0.2,true,0.25,0.0060895193200467546,0.9804967962651128
6,0.4,0.2,true,0.25,0.0024707271143824087,1.029492712437285
6,0.35,0.2,true,0.25,0.006523883189988237,0.9578500147251118
6,0.45,0.2,true,0.25,0.005951333366617926,0.980228101842197
6,0.4,0.2,true,0.25,0.002423686197925194,1.0313748834875158
6,0.45,0.2,true,0.25,0.005829543152429419,0.9805625615470173
6,0.35,0.2,true,0.25,0.0064442798796816945,0.9574813821164988
6,0.35,0.2,true,0.25,0.006380068982162053,0.9576868151335403
6,0.4,0.2,true,0.25,0.0023859536155249723,1.0306913989139408
6,0.45,0.2,true,0.25,0.005718437186439145,0.9804600771346063
6,0.35,0.2,true,0.25,0.006294925554309465,0.9566117926368269
6,0.4,0.2,true,0.25,0.0023257230417860508,1.0294406476071378
6,0.45,0.2,true,0.25,0.005608073373059863,0.9795286185632237
6,0.4,0.2,true,0.25,0.002271299323513327,1.030550684880105
6,0.35,0.2,true,0.25,0.006185146412440379,0.9561312374262871
6,0.45,0.2,true,0.25,0.005490388136065254,0.9796384516418736
6,0.35,0.2,true,0.25,0.006103235190362953,0.9560259750028289
6,0.4,0.2,true,0.25,0.002232627572554748,1.029941844897518
6,0.45,0.2,true,0.25,0.005377549974466847,0.9799425823302884
6,0.35,0.2,true,0.25,0.006022652839102913,0.9552899198339624
6,0.4,0.2,true,0.25,0.0021884335286314134,1.029062597962903
6,0.45,0.2,true,0.25,0.005273101514164709,0.9802801736397427
6,0.4,0.2,true,0.25,0.0021348551457518773,1.029354445321112
6,0.35,0.2,true,0.25,0.005898012800650099,0.9558529985452127
6,0.45,0.2,true,0.25,0.005170498955735862,0.9806075250022688
6,0.4,0.2,true,0.25,0.0020895547602797866,1.0285145713788102
6,0.35,0.2,true,0.25,0.005788527547803655,0.9573266091377209
6,0.35,0.2,true,0.25,0.005724601116125157,0.9575423859402743
6,0.4,0.2,true,0.25,0.0020539964944520585,1.0277521941790684
6,0.45,0.2,true,0.25,0.005055951254966831,0.9798430326918476
6,0.35,0.2,true,0.25,0.005642565296362933,0.9579791159357889
6,0.4,0.2,true,0.25,0.0020068161951977887,1.0288988957251357
6,0.45,0.2,true,0.25,0.004970349305706731,0.9795183296663351
6,0.35,0.2,true,0.25,0.005568752585651958,0.9586654940476673
6,0.4,0.2,true,0.25,0.0019638678733660746,1.0288401233102724
6,0.45,0.2,true,0.25,0.004897580322750917,0.9790628499070437
6,0.35,0.2,true,0.25,0.005478708906871655,0.9560104228449684
6,0.4,0.2,true,0.25,0.0019301608848570078,1.0292157081610225
6,0.45,0.2,true,0.25,0.004793599809052518,0.9788013537549789
6,0.35,0.2,true,0.25,0.005401157609917326,0.9555738398774737
6,0.4,0.2,true,0.25,0.0018897034536933706,1.030092972806893
6,0.45,0.2,true,0.25,0.004714311709784938,0.9796320493307357
6,0.35,0.2,true,0.25,0.005306883689707209,0.9558292616462313
6,0.4,0.2,true,0.25,0.0018454250738812862,1.0305781140082186
6,0.45,0.2,true,0.25,0.004606566517069704,0.9789252461110168
6,0.35,0.2,true,0.25,0.005214283644957454,0.9565206071241213
6,0.4,0.2,true,0.25,0.0018005618607621946,1.0308181404566128
6,0.45,0.2,true,0.25,0.004501891721545031,0.9796362446306522
6,0.4,0.2,true,0.25,0.001765565127989909,1.0287022373183867
6,0.35,0.2,true,0.25,0.005136677338716378,0.9565235570023265
6,0.35,0.2,true,0.25,0.005046815601656813,0.9563099622568467
6,0.4,0.2,true,0.25,0.0017385811645195355,1.0260004620686762
6,0.45,0.2,true,0.25,0.004422690751722473,0.979940543806036
6,0.35,0.2,true,0.25,0.004969793882958162,0.9573605502682143
6,0.4,0.2,true,0.25,0.0016992636591074293,1.0255660369323325
6,0.45,0.2,true,0.25,0.0043407051709745785,0.9799941967529887
6,0.35,0.2,true,0.25,0.004928967080259877,0.9564448321337183
6,0.4,0.2,true,0.25,0.001677724948883549,1.0249794417366724
6,0.45,0.2,true,0.25,0.004264233619974196,0.9782976275348121
6,0.35,0.2,true,0.25,0.004872488983191617,0.9557887816680457
6,0.4,0.2,true,0.25,0.0016557685881521925,1.025096239498998
6,0.45,0.2,true,0.25,0.004188840032389787,0.9788392230103212
6,0.35,0.2,true,0.25,0.004803675004823003,0.957491895935869
6,0.4,0.2,true,0.25,0.0016219920839627617,1.0239785897400442
6,0.45,0.2,true,0.25,0.004116148812348263,0.9771699193629022
6,0.35,0.2,true,0.25,0.004703151856694353,0.9587377973310349
6,0.4,0.2,true,0.25,0.0015941803833369387,1.0235107736642155
6,0.45,0.2,true,0.25,0.004023935986397264,0.9777353033034601
6,0.35,0.2,true,0.25,0.004644848483645835,0.9588991845821374
6,0.4,0.2,true,0.25,0.0015698335187105154,1.0238712449363871
6,0.35,0.2,true,0.25,0.004589435019079216,0.9580788551345052
6,0.45,0.2,true,0.25,0.003937556501963819,0.9779555720374804
6,0.4,0.2,true,0.25,0.00154168341237642,1.0219922327836466
6,0.35,0.2,true,0.25,0.004486239854162248,0.9576404325851945
6,0.45,0.2,true,0.25,0.0038137416889615495,0.9785478039577926
6,0.4,0.2,true,0.25,0.001509980714349012,1.0227085979872435
6,0.35,0.2,true,0.25,0.004436463316120715,0.9577104671515653
6,0.45,0.2,true,0.25,0.003742584166134807,0.9778253631985486
6,0.4,0.2,true,0.25,0.0014898634320823644,1.0233373398672372
6,0.35,0.2,true,0.25,0.004361649515533549,0.9580765228112256
6,0.4,0.2,true,0.25,0.0014621023615396175,1.0237026284744024
6,0.45,0.2,true,0.25,0.003679608628570469,0.9783013412304664
6,0.35,0.2,true,0.25,0.004283105599091476,0.9574679912304389
6,0.4,0.2,true,0.25,0.0014422289619078763,1.021996496655139
6,0.45,0.2,true,0.25,0.0035904839764781715,0.9792190218963083
6,0.35,0.2,true,0.25,0.004224163287810904,0.9576322251556074
6,0.4,0.2,true,0.25,0.0014178236009692782,1.023054002417979
6,0.45,0.2,true,0.25,0.0035291842583278026,0.9788794222680368
6,0.35,0.2,true,0.25,0.004131304460897359,0.9608677833789596
6,0.45,0.2,true,0.25,0.003449635900858251,0.9795946854408305
6,0.4,0.2,true,0.25,0.0013991004595078434,1.0236338983138504
6,0.35,0.2,true,0.25,0.00407426247669351,0.9607919667712741
6,0.45,0.2,true,0.25,0.0033690895784966807,0.9801308657918698
6,0.4,0.2,true,0.25,0.0013707997899049798,1.0228103942283002
6,0.35,0.2,true,0.25,0.004017022764359671,0.9593363903614143
6,0.45,0.2,true,0.25,0.003319025909335344,0.9794671160371812
6,0.4,0.2,true,0.25,0.0013429832739537838,1.0230413343261107
6,0.35,0.2,true,0.25,0.003956487342367364,0.9581228403202412
6,0.45,0.2,true,0.25,0.0032482559404487113,0.9805349443447813
6,0.4,0.2,true,0.25,0.0013248283316715512,1.0209713258357755
6,0.35,0.2,true,0.25,0.003891196602577143,0.9565996009589978
6,0.4,0.2,true,0.25,0.0013018812863160075,1.021259895095983
6,0.45,0.2,true,0.25,0.003191462351462863,0.9809548239567735
6,0.35,0.2,true,0.25,0.0038325264969418247,0.955819392611778
6,0.4,0.2,true,0.25,0.001274951292035195,1.0228401702212926
6,0.45,0.2,true,0.25,0.0031386026051319978,0.9820887847404178
6,0.35,0.2,true,0.25,0.003764573402956009,0.9571759423519661
6,0.4,0.2,true,0.25,0.0012541257716052485,1.0207528360360605
6,0.45,0.2,true,0.25,0.0030630503411111154,0.981274873246307
6,0.35,0.2,true,0.25,0.003712331630213334,0.9581110083488659
6,0.4,0.2,true,0.25,0.001224976421972218,1.0208740113640742
6,0.45,0.2,true,0.25,0.0029947469612301107,0.9820461181952882
6,0.35,0.2,true,0.25,0.0036566796554738765,0.9561371391078106
6,0.4,0.2,true,0.25,0.0012003953604200878,1.0216749899621087
6,0.45,0.2,true,0.25,0.00293289954452337,0.9804291525141788
6,0.35,0.2,true,0.25,0.0035938422382293792,0.9569127983515586
6,0.4,0.2,true,0.25,0.0011782087519249188,1.021745709654955
6,0.45,0.2,true,0.25,0.0028652427572423552,0.9815576262781475
6,0.35,0.2,true,0.25,0.0035110395480110355,0.9584563177878894
6,0.4,0.2,true,0.25,0.001153771925152881,1.0205774608820617
6,0.45,0.2,true,0.25,0.0028207836121830533,0.98055633599631
6,0.35,0.2,true,0.25,0.0034509595929923024,0.9594038851276286
6,0.4,0.2,true,0.25,0.0011289110318580139,1.0213596487783938
6,0.45,0.2,true,0.25,0.002766810995159514,0.9797298182286062
6,0.35,0.2,true,0.25,0.003400089276700682,0.9589690517131239
6,0.4,0.2,true,0.25,0.0011061867069880082,1.0208810121821155
6,0.45,0.2,true,0.25,0.0027115828200931975,0.9795529879439504
6,0.35,0.2,true,0.25,0.003339682978580679,0.9587609729624658
6,0.4,0.2,true,0.25,0.0010853122560490274,1.021937004303873
6,0.45,0.2,true,0.25,0.002644974548693767,0.9802695941392692
6,0.35,0.2,true,0.25,0.0032904773156827846,0.9598439898292016
6,0.4,0.2,true,0.25,0.0010628381324357832,1.0226384739277197
6,0.45,0.2,true,0.25,0.002588497353043082,0.9802269560308265
6,0.35,0.2,true,0.25,0.003229453511515419,0.9602503268422172
6,0.4,0.2,true,0.25,0.0010397969933984375,1.0231520241378218
6,0.35,0.2,true,0.25,0.0031708845228137954,0.9603314407086351
6,0.45,0.2,true,0.25,0.002528402552787535,0.9797676876223698
6,0.4,0.2,true,0.25,0.001017901737984905,1.0223537777130816
6,0.45,0.2,true,0.25,0.0024868475979606683,0.9793903621179024
6,0.35,0.2,true,0.25,0.003130516006892971,0.958782833850283
6,0.4,0.2,true,0.25,9.947189389717629E-4,1.0226447986754255
6,0.45,0.2,true,0.25,0.0024481936673052458,0.9784857937442116
6,0.35,0.2,true,0.25,0.0030782301360543145,0.9591101668483416
6,0.4,0.2,true,0.25,9.732857057165891E-4,1.0219838931898997
6,0.45,0.2,true,0.25,0.002399456348913215,0.9777478329419741
6,0.35,0.2,true,0.25,0.0030412835790316665,0.9586514357248429
6,0.4,0.2,true,0.25,9.599492427294215E-4,1.021270173620374
6,0.45,0.2,true,0.25,0.002361789339249864,0.9769855755536294
6,0.35,0.2,true,0.25,0.0030006471648886947,0.9591319371408948
6,0.4,0.2,true,0.25,9.435604167281831E-4,1.022429549537312
6,0.45,0.2,true,0.25,0.0023237657742565827,0.9763057140807072
6,0.35,0.2,true,0.25,0.002953039074268882,0.9597449284200813
6,0.4,0.2,true,0.25,9.225377938521412E-4,1.022987068000914
6,0.45,0.2,true,0.25,0.0022775424404731497,0.9777704744597577
6,0.35,0.2,true,0.25,0.0029013623202444497,0.9598329136809456
6,0.4,0.2,true,0.25,9.069390071764228E-4,1.0225589796443997
6,0.45,0.2,true,0.25,0.002226609094922168,0.9778375691473142
6,0.35,0.2,true,0.25,0.002858520270575683,0.960554400572072
6,0.4,0.2,true,0.25,8.913993914880872E-4,1.0219289723374607
6,0.45,0.2,true,0.25,0.0021864948278857367,0.9792038800308026
6,0.35,0.2,true,0.25,0.002822156494636823,0.9608663156895365
6,0.4,0.2,true,0.25,8.734363167292374E-4,1.0197244865455144
6,0.45,0.2,true,0.25,0.0021529455521869154,0.9789720950943467
6,0.35,0.2,true,0.25,0.002766041483001803,0.9615465911115456
6,0.4,0.2,true,0.25,8.567797057430678E-4,1.0205520690008107
6,0.45,0.2,true,0.25,0.00209804638346755,0.9786782532140078
6,0.35,0.2,true,0.25,0.002707249933586103,0.9640607212342824
6,0.4,0.2,true,0.25,8.38719915527166E-4,1.021868006857393
6,0.45,0.2,true,0.25,0.002057377104825474,0.9784154481128468
6,0.35,0.2,true,0.25,0.0026727352989647274,0.9644630569248077
6,0.4,0.2,true,0.25,8.246502734852351E-4,1.021302940125432
6,0.35,0.2,true,0.25,0.002635003274460033,0.9636831430063036
6,0.45,0.2,true,0.25,0.0020200499502630925,0.9785107148569359
6,0.4,0.2,true,0.25,8.177146569808447E-4,1.0197921507304224
6,0.35,0.2,true,0.25,0.002571260024299927,0.9639865265098726
6,0.45,0.2,true,0.25,0.001986286197659733,0.9775742967326545
6,0.4,0.2,true,0.25,8.048109747406034E-4,1.0195097926492538
6,0.35,0.2,true,0.25,0.002546941246723615,0.9633115946222138
6,0.45,0.2,true,0.25,0.0019377922058427793,0.9774848025409655
6,0.4,0.2,true,0.25,7.886538771826193E-4,1.0193765088209872
6,0.45,0.2,true,0.25,0.001902899277736003,0.9778987363639917
6,0.35,0.2,true,0.25,0.0025116575997835592,0.9618188451457504
6,0.4,0.2,true,0.25,7.72950754417081E-4,1.0201694080993426
6,0.45,0.2,true,0.25,0.0018695961494114143,0.9769243642242145
6,0.35,0.2,true,0.25,0.0024702236831882535,0.9628143148097104
6,0.4,0.2,true,0.25,7.576772199539034E-4,1.0212000366343907
6,0.35,0.2,true,0.25,0.0024279799277959328,0.9617324115697761
6,0.45,0.2,true,0.25,0.0018375246192804226,0.9765428573529151
6,0.4,0.2,true,0.25,7.441133793976483E-4,1.0202053941514302
6,0.35,0.2,true,0.25,0.0023926059319171454,0.9634832023066501
6,0.45,0.2,true,0.25,0.0017994017383618666,0.9761028642011123
6,0.4,0.2,true,0.25,7.318869059217784E-4,1.0185118188165818
6,0.35,0.2,true,0.25,0.00236065494065917,0.9614813033265797
6,0.45,0.2,true,0.25,0.0017550052857111188,0.9764936923147557
6,0.4,0.2,true,0.25,7.151103265830016E-4,1.0183850285793008
6,0.35,0.2,true,0.25,0.002328972114271268,0.960176261158064
6,0.45,0.2,true,0.25,0.0017131892884437855,0.9765046846246772
6,0.4,0.2,true,0.25,7.010146583926601E-4,1.018066877033141
6,0.35,0.2,true,0.25,0.002296835568660416,0.9606931298944498
6,0.4,0.2,true,0.25,6.855871368151628E-4,1.018225912241051
6,0.45,0.2,true,0.25,0.0016847959787145038,0.9757666496623887
6,0.35,0.2,true,0.25,0.002258741173625271,0.9613252069387906
6,0.4,0.2,true,0.25,6.720392822840158E-4,1.0189691761886157
6,0.45,0.2,true,0.25,0.0016609221168637377,0.976563623743568
6,0.35,0.2,true,0.25,0.0022330910010322203,0.9607855457158072
6,0.4,0.2,true,0.25,6.608198957394576E-4,1.0205841255570567
6,0.45,0.2,true,0.25,0.0016295016595802038,0.9771017225244419
6,0.35,0.2,true,0.25,0.002200474460044818,0.9609764427176907
6,0.4,0.2,true,0.25,6.449281955575647E-4,1.0209694435072458
6,0.45,0.2,true,0.25,0.001594450287918755,0.976461685753734
6,0.4,0.2,true,0.25,6.320740336158784E-4,1.02119491577068
6,0.35,0.2,true,0.25,0.0021680468640886156,0.961043564090668
6,0.45,0.2,true,0.25,0.0015623113990143466,0.9753902871984091
6,0.35,0.2,true,0.25,0.002152896501087089,0.9598918751895577
6,0.4,0.2,true,0.25,6.202355630748937E-4,1.0204009149814437
6,0.45,0.2,true,0.25,0.0015362554377646293,0.9745524737609632
6,0.35,0.2,true,0.25,0.0021317383764266054,0.9607097449156692
6,0.4,0.2,true,0.25,6.060950978017864E-4,1.0196901022020328
6,0.45,0.2,true,0.25,0.0015069703201110226,0.9746305870322897
6,0.4,0.2,true,0.25,5.986760505998494E-4,1.0181204942395556
6,0.35,0.2,true,0.25,0.002114568634106229,0.9592446172525745
6,0.45,0.2,true,0.25,0.001477354701596712,0.9736671399591998
6,0.4,0.2,true,0.25,5.87339432027381E-4,1.0188690604748079
6,0.35,0.2,true,0.25,0.0020832617344072927,0.9591531461628531
6,0.45,0.2,true,0.25,0.0014472794140282868,0.9752146815737139
6,0.4,0.2,true,0.25,5.751228977441295E-4,1.0198877841711103
6,0.35,0.2,true,0.25,0.002047041787453045,0.9596106431865964
6,0.45,0.2,true,0.25,0.001418594127324649,0.9758427893741437
6,0.4,0.2,true,0.25,5.597392970176708E-4,1.0205149751737934
6,0.4,0.2,true,0.25,5.464409017495539E-4,1.019624035774118
6,0.45,0.2,true,0.25,0.0013887777347661456,0.9754635593568352
6,0.35,0.2,true,0.25,0.0020155939537704224,0.9605431419223944
6,0.4,0.2,true,0.25,5.391924098966418E-4,1.0204990190693264
6,0.45,0.2,true,0.25,0.0013562791278344288,0.9750488405457595
6,0.35,0.2,true,0.25,0.0019724874009158953,0.9609279734039323
6,0.4,0.2,true,0.25,5.25219974144671E-4,1.0217981544585544
6,0.45,0.2,true,0.25,0.0013266062778153143,0.9756561417494783
6,0.35,0.2,true,0.25,0.0019409687960812525,0.9607865650872921
6,0.4,0.2,true,0.25,5.138970939965973E-4,1.0218054409961457
6,0.45,0.2,true,0.25,0.0012945023376230418,0.9755731862029611
6,0.35,0.2,true,0.25,0.0019079631784811968,0.9614929028273083
6,0.45,0.2,true,0.25,0.001270132129197199,0.9756324041646431
6,0.4,0.2,true,0.25,5.034561358467413E-4,1.0213451316413102
6,0.35,0.2,true,0.25,0.0018766356657186985,0.9617004580989524
6,0.4,0.2,true,0.25,4.935039284885851E-4,1.022088286169147
6,0.45,0.2,true,0.25,0.0012364085601156791,0.9774342510225138
6,0.35,0.2,true,0.25,0.001843074909237974,0.9625084647927439
6,0.4,0.2,true,0.25,4.847998195503016E-4,1.0218050011522641
6,0.45,0.2,true,0.25,0.0012124411784996327,0.9780913784078846
6,0.35,0.2,true,0.25,0.0018215395667029802,0.9624957616638358
6,0.4,0.2,true,0.25,4.746102950474785E-4,1.0216602176606313
6,0.45,0.2,true,0.25,0.0011837308558103796,0.9771075358978534
6,0.4,0.2,true,0.25,4.6506791392286723E-4,1.021515311240659
6,0.35,0.2,true,0.25,0.0017910103767197153,0.9624015371284972
6,0.45,0.2,true,0.25,0.0011551046083964078,0.9778128836374971
6,0.4,0.2,true,0.25,4.5575462198921377E-4,1.0203792980225097
6,0.35,0.2,true,0.25,0.0017685992050154265,0.9628566986343243
6,0.45,0.2,true,0.25,0.0011275384336385747,0.976241808815937
6,0.4,0.2,true,0.25,4.4736652910029286E-4,1.019880169228125
6,0.35,0.2,true,0.25,0.0017519039380587244,0.9619820071695875
6,0.45,0.2,true,0.25,0.001107039499139893,0.9765972563674049
6,0.4,0.2,true,0.25,4.394631394986284E-4,1.0211760285065048
6,0.45,0.2,true,0.25,0.0010819849686500716,0.9763056440635034
6,0.35,0.2,true,0.25,0.0017252152590576774,0.9618365660815386
6,0.4,0.2,true,0.25,4.3029130398259145E-4,1.02117773465964
6,0.45,0.2,true,0.25,0.001055450298187742,0.9762723541013892
6,0.35,0.2,true,0.25,0.0016934159264821696,0.9624587392046152
6,0.4,0.2,true,0.25,4.228355990630892E-4,1.0210569232465876
6,0.45,0.2,true,0.25,0.0010374200564990544,0.975448907442071
6,0.4,0.2,true,0.25,4.141305188296246E-4,1.0211006597321224
6,0.35,0.2,true,0.25,0.0016682070936651474,0.9624477755541079
6,0.4,0.2,true,0.25,4.0472898951648864E-4,1.0227818132390807
6,0.45,0.2,true,0.25,0.0010165057342535588,0.9750495346555189
6,0.35,0.2,true,0.25,0.0016393459035777644,0.9617208601428483
6,0.4,0.2,true,0.25,3.9850963413417227E-4,1.0223037805879294
6,0.45,0.2,true,0.25,9.963476369034083E-4,0.9758567069881287
6,0.35,0.2,true,0.25,0.0016221385825692838,0.9613035954302757
6,0.4,0.2,true,0.25,3.9053667693914675E-4,1.0229432822995812
6,0.45,0.2,true,0.25,9.760279183164519E-4,0.9753749641089131
6,0.35,0.2,true,0.25,0.0016019168849901204,0.9617733496175351
6,0.4,0.2,true,0.25,3.846898078883132E-4,1.022939216905069
6,0.45,0.2,true,0.25,9.590206467234446E-4,0.9761288566342085
6,0.4,0.2,true,0.25,3.782859343972042E-4,1.0230025047277234
6,0.35,0.2,true,0.25,0.0015765389199736035,0.9628123209241035
6,0.45,0.2,true,0.25,9.394077568286346E-4,0.9757951320944905
6,0.35,0.2,true,0.25,0.0015632005500247038,0.9618334464823234
6,0.45,0.2,true,0.25,9.201698552927149E-4,0.9758084105681342
6,0.45,0.2,true,0.25,8.992973532426306E-4,0.9749892736460289
6,0.35,0.2,true,0.25,0.0015370037034143922,0.9619197884783668
6,0.45,0.2,true,0.25,8.864503974471907E-4,0.9753278206455072
6,0.35,0.2,true,0.25,0.0015129868940429087,0.961368310931069
6,0.45,0.2,true,0.25,8.696921678514121E-4,0.975410653118541
6,0.45,0.2,true,0.25,8.517768586392788E-4,0.9757306453186272
6,0.45,0.2,true,0.25,8.340890401286982E-4,0.976079654809193
6,0.45,0.2,true,0.25,8.157828652928874E-4,0.976680725171056
6,0.45,0.2,true,0.25,7.988743635993304E-4,0.9758505623616525
6,0.45,0.2,true,0.25,7.815228827971047E-4,0.9752257914097265
6,0.45,0.2,true,0.25,7.631530237547523E-4,0.9753272191398921
6,0.45,0.2,true,0.25,7.457980644558537E-4,0.9755909120221081
6,0.45,0.2,true,0.25,7.305628704024766E-4,0.9758990139027856
6,0.45,0.2,true,0.25,7.158722571582601E-4,0.9761692897440543
6,0.45,0.2,true,0.25,7.056491223774153E-4,0.976693556049271
6,0.45,0.2,true,0.25,6.884648005014271E-4,0.9765792708354476
6,0.45,0.2,true,0.25,6.752118410104113E-4,0.9771949156481881
6,0.45,0.2,true,0.25,6.584760267679451E-4,0.9774870438316939
6,0.45,0.2,true,0.25,6.413621917791222E-4,0.9778217484906745
6,0.45,0.2,true,0.25,6.270386085584057E-4,0.9787538597594835
6,0.45,0.2,true,0.25,6.157947430430091E-4,0.9785816985290103
6,0.45,0.2,true,0.25,6.027011191692965E-4,0.978732940207324
6,0.45,0.2,true,0.25,5.919528059373156E-4,0.98016078576959
8,0.05,0.2,true,0.25,0.03902663573866493,0.008228514044872596
6,0.45,0.2,true,0.25,5.809888603527027E-4,0.978981029054105
8,0.05,0.2,true,0.25,0.04490539330192119,0.019027695290586635
6,0.45,0.2,true,0.25,5.718938923854754E-4,0.9785127792129531
8,0.1,0.2,true,0.25,0.036863410478995516,-0.005113520768075619
6,0.45,0.2,true,0.25,5.60199015694812E-4,0.9770120383471239
8,0.05,0.2,true,0.25,0.05123563823686369,0.03097473424680404
8,0.1,0.2,true,0.25,0.04185383280791668,0.019695773732324017
6,0.45,0.2,true,0.25,5.490317870411168E-4,0.9765280457061174
8,0.05,0.2,true,0.25,0.05779888524856405,0.05003348017362526
6,0.45,0.2,true,0.25,5.391728278749471E-4,0.9763648832406759
8,0.1,0.2,true,0.25,0.04725041163639624,0.02132126433953227
6,0.45,0.2,true,0.25,5.255109130548673E-4,0.9764564769121536
8,0.05,0.2,true,0.25,0.06264541266751972,0.06054762464347017
6,0.45,0.2,true,0.25,5.174394085607988E-4,0.9742089084602731
8,0.1,0.2,true,0.25,0.052860095120352876,0.01674581716350687
8,0.05,0.2,true,0.25,0.06814000098560168,0.07416940697413427
6,0.45,0.2,true,0.25,5.038146159580636E-4,0.9748372913497761
8,0.1,0.2,true,0.25,0.05792938713525706,0.03497673999862769
6,0.45,0.2,true,0.25,4.928558524649817E-4,0.9750735018495782
8,0.05,0.2,true,0.25,0.07381589897562267,0.0721081925266352
6,0.45,0.2,true,0.25,4.8456223777714754E-4,0.9756179518289917
8,0.05,0.2,true,0.25,0.0794462444451564,0.11689098334544333
6,0.45,0.2,true,0.25,4.737849672694634E-4,0.9755688726948745
8,0.1,0.2,true,0.25,0.064050847710476,0.043986453083403036
6,0.45,0.2,true,0.25,4.654151175225327E-4,0.9748194282846724
8,0.05,0.2,true,0.25,0.08484782853326604,0.12398940638509343
6,0.45,0.2,true,0.25,4.5614242899649326E-4,0.9744115812672692
8,0.1,0.2,true,0.25,0.06953215408886691,0.041568614934119154
6,0.45,0.2,true,0.25,4.453418093407669E-4,0.9736229906923405
8,0.05,0.2,true,0.25,0.0903620328832138,0.15578868588183978
8,0.1,0.2,true,0.25,0.07533590260571181,0.08094404284422951
6,0.45,0.2,true,0.25,4.3428153208098275E-4,0.9746687261495502
8,0.05,0.2,true,0.25,0.09573348381487608,0.2185210008811625
6,0.45,0.2,true,0.25,4.2439618188002954E-4,0.9746569114239325
8,0.1,0.2,true,0.25,0.08048770682913657,0.09938027570441328
6,0.45,0.2,true,0.25,4.17083040457E-4,0.9749897346372958
8,0.05,0.2,true,0.25,0.10025106209192272,0.24995666606525654
8,0.1,0.2,true,0.25,0.08562598552003033,0.15723409839393168
6,0.45,0.2,true,0.25,4.0800485578474396E-4,0.9743150147028542
6,0.45,0.2,true,0.25,3.969242444033618E-4,0.9750911072047692
8,0.05,0.2,true,0.25,0.10311492477006153,0.33989637536657974
8,0.1,0.2,true,0.25,0.08990244202577755,0.21634317814118686
6,0.45,0.2,true,0.25,3.8708763619849746E-4,0.9755500967484416
8,0.05,0.2,true,0.25,0.10607799745559168,0.4188402800565954
6,0.45,0.2,true,0.25,3.7790085555654724E-4,0.9753841752640215
8,0.1,0.2,true,0.25,0.09345226184190447,0.21907016070294294
6,0.45,0.2,true,0.25,3.7040118945445936E-4,0.9764207861197456
8,0.05,0.2,true,0.25,0.10878025540004879,0.5028421957884781
8,0.1,0.2,true,0.25,0.09742980140243973,0.274065193997491
6,0.45,0.2,true,0.25,3.6250861287049995E-4,0.9760200928752709
6,0.45,0.2,true,0.25,3.5358385715789553E-4,0.9768630749345502
8,0.05,0.2,true,0.25,0.11202530540667738,0.5535941964370431
8,0.1,0.2,true,0.25,0.10094724515772405,0.31659135240829317
6,0.45,0.2,true,0.25,3.476325919533333E-4,0.9764304798967788
8,0.05,0.2,true,0.25,0.11470092202807157,0.6377636050112009
8,0.1,0.2,true,0.25,0.10438705741727049,0.40416626897190283
6,0.45,0.2,true,0.25,3.3820181046273143E-4,0.9767855190979273
6,0.45,0.2,true,0.25,3.313233359332024E-4,0.97675296181809
8,0.05,0.2,true,0.25,0.11631314772338881,0.6879032811000597
8,0.1,0.2,true,0.25,0.10765466870356022,0.4919662131626568
6,0.45,0.2,true,0.25,3.2487484092073827E-4,0.9770701684951782
6,0.45,0.2,true,0.25,3.1847621416509895E-4,0.976983494795512
8,0.05,0.2,true,0.25,0.11793553425019485,0.7232653784467082
8,0.1,0.2,true,0.25,0.1098025649166641,0.5559083701721566
6,0.45,0.2,true,0.25,3.102081446609105E-4,0.9761088946015761
6,0.45,0.2,true,0.25,3.020961860403415E-4,0.9756629247837243
8,0.05,0.2,true,0.25,0.11997270062620313,0.7528696762842422
8,0.1,0.2,true,0.25,0.1120214758247769,0.6281421040220209
6,0.45,0.2,true,0.25,2.962916787132011E-4,0.9750573986602563
8,0.05,0.2,true,0.25,0.12170423361025623,0.7760955817169312
8,0.1,0.2,true,0.25,0.11364777118031545,0.6492880130795948
6,0.45,0.2,true,0.25,2.912201823895072E-4,0.9750692967829708
6,0.45,0.2,true,0.25,2.86769563755504E-4,0.9753374191206196
8,0.1,0.2,true,0.25,0.11494372924823192,0.6736273306396057
8,0.05,0.2,true,0.25,0.12346202679590547,0.8184170542159346
6,0.45,0.2,true,0.25,2.8071329384564035E-4,0.9748502389182564
8,0.1,0.2,true,0.25,0.11617202015973686,0.738393468139193
6,0.45,0.2,true,0.25,2.762294687291158E-4,0.9744945502623876
8,0.05,0.2,true,0.25,0.12521172175091105,0.8283533605201433
6,0.45,0.2,true,0.25,2.719429272691509E-4,0.9750578742771271
8,0.1,0.2,true,0.25,0.11704463825648252,0.7525843419749173
8,0.05,0.2,true,0.25,0.1265747471839006,0.8424632740704234
6,0.45,0.2,true,0.25,2.6678581091642696E-4,0.9759495536435041
8,0.1,0.2,true,0.25,0.1176321384541108,0.7735622887384686
6,0.45,0.2,true,0.25,2.605115620172728E-4,0.9770765584533481
8,0.05,0.2,true,0.25,0.12761137087406546,0.8641461968177117
6,0.45,0.2,true,0.25,2.560954600577133E-4,0.976790560500349
8,0.1,0.2,true,0.25,0.11859833110014481,0.7972641428832906
6,0.45,0.2,true,0.25,2.508496605323745E-4,0.9757526363448117
8,0.05,0.2,true,0.25,0.1291960346333119,0.8900545287048259
8,0.1,0.2,true,0.25,0.11963541573460153,0.8036614246385122
8,0.05,0.2,true,0.25,0.1302546097985217,0.9021744163922714
8,0.1,0.2,true,0.25,0.12060050497507865,0.8615550144589871
8,0.05,0.2,true,0.25,0.13214506474235352,0.895961887855009
8,0.1,0.2,true,0.25,0.12201853892985294,0.8794539745186769
8,0.05,0.2,true,0.25,0.13449957915679223,0.9087748369725266
8,0.1,0.2,true,0.25,0.123089380000408,0.9023151368110405
8,0.05,0.2,true,0.25,0.13622665155356925,0.9121390085938051
8,0.1,0.2,true,0.25,0.12443959127299208,0.9057609838594656
8,0.05,0.2,true,0.25,0.13882133439823915,0.9214833919657788
8,0.1,0.2,true,0.25,0.12624971908912674,0.9343420513085067
8,0.05,0.2,true,0.25,0.14124832081146993,0.9340414834240731
8,0.1,0.2,true,0.25,0.12793618133845613,0.9367705066375454
8,0.05,0.2,true,0.25,0.14309723701301585,0.9336756599570479
8,0.1,0.2,true,0.25,0.12949737935901234,0.9409687008245595
8,0.05,0.2,true,0.25,0.14566023539696255,0.9401345676372401
8,0.1,0.2,true,0.25,0.13114542945858026,0.9610471447013924
8,0.05,0.2,true,0.25,0.147251700320866,0.9365673482315372
8,0.1,0.2,true,0.25,0.13252129617438277,0.9706251085825742
8,0.05,0.2,true,0.25,0.14907942965973897,0.9289324172005801
8,0.1,0.2,true,0.25,0.13379851780348723,0.9612350756416768
8,0.05,0.2,true,0.25,0.1510955322104516,0.9374021294851342
8,0.1,0.2,true,0.25,0.13516947175626626,0.9665312502959108
8,0.05,0.2,true,0.25,0.15332141541677904,0.9235717270498365
8,0.1,0.2,true,0.25,0.13700258514933528,0.9715776971799109
8,0.05,0.2,true,0.25,0.1556860062323823,0.9250226810013581
8,0.1,0.2,true,0.25,0.1384940644468379,0.9784201735343527
8,0.05,0.2,true,0.25,0.1578668531684658,0.9104041354908584
8,0.15,0.2,true,0.25,0.03885958994488919,-0.0033396961330503998
8,0.1,0.2,true,0.25,0.14016214311557346,0.9869282606910699
8,0.05,0.2,true,0.25,0.1599271819538286,0.9263728916847931
8,0.15,0.2,true,0.25,0.04399118332864979,0.019707770229764398
8,0.1,0.2,true,0.25,0.14161602826667125,0.9707806646519411
8,0.05,0.2,true,0.25,0.16233777920655817,0.940072860718967
8,0.15,0.2,true,0.25,0.05015640959426784,0.007731708357333942
8,0.1,0.2,true,0.25,0.14335570302892822,0.964186562452386
8,0.05,0.2,true,0.25,0.16449476780597452,0.9313068253304589
8,0.15,0.2,true,0.25,0.055184285785972016,0.02311223199588325
8,0.1,0.2,true,0.25,0.14493689372048288,0.9766945577189298
8,0.05,0.2,true,0.25,0.16680719384158776,0.9153304470971791
8,0.15,0.2,true,0.25,0.05974947049854319,0.028126153730603714
8,0.1,0.2,true,0.25,0.14617099342765885,0.9672223321907946
8,0.05,0.2,true,0.25,0.16880008113008638,0.9164913472411413
8,0.15,0.2,true,0.25,0.06535526017457288,0.028090754972443833
8,0.1,0.2,true,0.25,0.14735293999415267,0.9719281823212411
8,0.05,0.2,true,0.25,0.1704764189762299,0.9546347429058484
8,0.15,0.2,true,0.25,0.07017747804110334,0.03948948645569494
8,0.1,0.2,true,0.25,0.14844147055442755,0.9690916602462389
8,0.05,0.2,true,0.25,0.17208820719738901,0.9448954254729027
8,0.15,0.2,true,0.25,0.07503823370946558,0.06315038812158098
8,0.1,0.2,true,0.25,0.14967591275171185,0.9801415446140489
8,0.05,0.2,true,0.25,0.17345780044697676,0.9496522766130582
8,0.15,0.2,true,0.25,0.07976608603444334,0.0995513142003864
8,0.1,0.2,true,0.25,0.1508567781758972,0.9762034525986367
8,0.05,0.2,true,0.25,0.17541684696852258,0.959268405635374
8,0.15,0.2,true,0.25,0.08434968836443277,0.15221655571232356
8,0.1,0.2,true,0.25,0.1523338460739332,0.9671808207772642
8,0.05,0.2,true,0.25,0.17703620186666622,0.9627036644880651
8,0.15,0.2,true,0.25,0.08854072737270367,0.1668498794989416
8,0.1,0.2,true,0.25,0.15341297654716693,0.9762348428612658
8,0.05,0.2,true,0.25,0.17905959447395067,0.98032385823821
8,0.15,0.2,true,0.25,0.09257321323902355,0.22733892591369775
8,0.1,0.2,true,0.25,0.15444774159946956,0.9835552443896267
8,0.05,0.2,true,0.25,0.18031550133098798,0.9800277447525287
8,0.15,0.2,true,0.25,0.09746910859546341,0.2572004208010717
8,0.1,0.2,true,0.25,0.15575689288856967,0.9893533706244639
8,0.05,0.2,true,0.25,0.1817903903003357,0.9840531269323946
8,0.1,0.2,true,0.25,0.15662572873146915,0.9849493044804634
8,0.15,0.2,true,0.25,0.101136674286913,0.33099877934682687
8,0.05,0.2,true,0.25,0.18249302151148342,0.9931386299766016
8,0.1,0.2,true,0.25,0.15766342355878007,0.9865102131889246
8,0.15,0.2,true,0.25,0.1042976358624284,0.4136986524473193
8,0.05,0.2,true,0.25,0.1834072603848738,0.9957736080188582
8,0.1,0.2,true,0.25,0.15874514751457783,0.9970918974367866
8,0.15,0.2,true,0.25,0.10654848410987973,0.5421553134065831
8,0.05,0.2,true,0.25,0.18394328686061928,0.9963080228738008
8,0.1,0.2,true,0.25,0.15936881909986722,0.9994553173827606
8,0.15,0.2,true,0.25,0.10930296597177888,0.6006486825719843
8,0.05,0.2,true,0.25,0.18440861507713358,0.99907670123327
8,0.1,0.2,true,0.25,0.16045259546964719,1.0000267633793627
8,0.15,0.2,true,0.25,0.11128780596491189,0.6921603539973066
8,0.05,0.2,true,0.25,0.18487817972087559,1.0021163910046933
8,0.1,0.2,true,0.25,0.16160799033280185,0.9907706105379411
8,0.15,0.2,true,0.25,0.11305766304293009,0.7272320366456412
8,0.05,0.2,true,0.25,0.18526489187593465,0.9992457170061081
8,0.1,0.2,true,0.25,0.16280907183655954,0.9902978951848034
8,0.15,0.2,true,0.25,0.1149432827535467,0.7500622386383773
8,0.05,0.2,true,0.25,0.18570294990024255,0.9891697580019965
8,0.1,0.2,true,0.25,0.16362002906958817,0.9963008425940071
8,0.15,0.2,true,0.25,0.11661021000160271,0.7488692954655732
8,0.05,0.2,true,0.25,0.18580116543964512,0.9997001799442925
8,0.1,0.2,true,0.25,0.16466303080228809,0.9836434857609384
8,0.05,0.2,true,0.25,0.18637600474513855,1.0046593908393082
8,0.15,0.2,true,0.25,0.11714083440300514,0.7593449419708315
8,0.1,0.2,true,0.25,0.16541535216827835,0.991096490260154
8,0.05,0.2,true,0.25,0.18657788314753126,1.0039193764538044
8,0.1,0.2,true,0.25,0.166292694697228,0.99419706808475
8,0.15,0.2,true,0.25,0.11824695545852161,0.7668642135867019
8,0.1,0.2,true,0.25,0.16696599348034336,0.9967770796018246
8,0.05,0.2,true,0.25,0.1871055930530008,1.0006077592205946
8,0.15,0.2,true,0.25,0.11863339880256711,0.7650052443135996
8,0.1,0.2,true,0.25,0.167644368849114,0.9986068352268976
8,0.05,0.2,true,0.25,0.18758716444343665,0.9928664761753132
8,0.15,0.2,true,0.25,0.11987912833005857,0.7856844663465266
8,0.05,0.2,true,0.25,0.18809268331934276,0.9974322372066939
8,0.1,0.2,true,0.25,0.1682674311251604,1.002828942739045
8,0.15,0.2,true,0.25,0.12105232529432325,0.7698013548269279
8,0.1,0.2,true,0.25,0.16913241688077682,1.0004232665136987
8,0.05,0.2,true,0.25,0.18868491764401255,1.006845508269738
8,0.15,0.2,true,0.25,0.12235346227174825,0.8127797414365979
8,0.1,0.2,true,0.25,0.17022081006245068,0.9987075942547733
8,0.05,0.2,true,0.25,0.1893082989348358,1.0056496613189965
8,0.15,0.2,true,0.25,0.12280543043439059,0.8151809035346662
8,0.1,0.2,true,0.25,0.1712263700880708,1.0047075792171607
8,0.05,0.2,true,0.25,0.18970850487470597,1.013961432269235
8,0.15,0.2,true,0.25,0.12373722255274199,0.8436555612457897
8,0.1,0.2,true,0.25,0.17234574907435873,1.0076919644311262
8,0.05,0.2,true,0.25,0.19002306025886595,1.0111091437298572
8,0.15,0.2,true,0.25,0.12470507957679537,0.8478544665803068
8,0.1,0.2,true,0.25,0.17309755343928324,0.9958784628007676
8,0.05,0.2,true,0.25,0.19020333081780466,0.9989584210860634
8,0.15,0.2,true,0.25,0.12608107498582463,0.8676101465730155
8,0.1,0.2,true,0.25,0.17387683393284736,1.0049181568228942
8,0.05,0.2,true,0.25,0.1908357899561588,0.9955882784636231
8,0.15,0.2,true,0.25,0.12651099568416543,0.8978555343169854
8,0.1,0.2,true,0.25,0.17459163940940345,1.0143297315854902
8,0.05,0.2,true,0.25,0.19149631780227944,1.0007373944234375
8,0.15,0.2,true,0.25,0.1271127544563921,0.9023681456691537
8,0.1,0.2,true,0.25,0.1752287660718066,1.0103612103767994
8,0.05,0.2,true,0.25,0.1920352442002574,0.9962440553872731
8,0.15,0.2,true,0.25,0.12779073003942454,0.9107884677921649
8,0.1,0.2,true,0.25,0.17601656543121016,1.0169618592720875
8,0.05,0.2,true,0.25,0.1924055479951052,0.9966247692932858
8,0.15,0.2,true,0.25,0.12851305625862847,0.9459893072093556
8,0.1,0.2,true,0.25,0.176417120498482,1.0169757636119496
8,0.05,0.2,true,0.25,0.19291530164441384,0.9980133517691816
8,0.15,0.2,true,0.25,0.12894182753131397,0.9622027277492193
8,0.1,0.2,true,0.25,0.17715920528322288,1.01246488135341
8,0.05,0.2,true,0.25,0.19342052059299022,0.9976671238474731
8,0.15,0.2,true,0.25,0.12957905705436185,0.9714361498285684
8,0.1,0.2,true,0.25,0.1779004478399421,1.0168174010390065
8,0.05,0.2,true,0.25,0.19384749984710178,1.0102650678519682
8,0.15,0.2,true,0.25,0.13010470995519685,0.966429043091234
8,0.1,0.2,true,0.25,0.17899438852052504,1.0104154312651545
8,0.05,0.2,true,0.25,0.19415208725103245,1.0111155515430124
8,0.15,0.2,true,0.25,0.1306827891228958,0.9731895417833302
8,0.1,0.2,true,0.25,0.17941595296718618,1.002673232818428
8,0.05,0.2,true,0.25,0.19466076154005407,1.009039659906377
8,0.1,0.2,true,0.25,0.17982198574582178,1.0234019673959327
8,0.15,0.2,true,0.25,0.1310697963000703,0.9848848970739079
8,0.1,0.2,true,0.25,0.18074810842874395,1.0262364053351547
8,0.05,0.2,true,0.25,0.19529951328966744,1.0120498280916623
8,0.15,0.2,true,0.25,0.13138475761032167,0.954585464389347
8,0.1,0.2,true,0.25,0.18138097513873208,1.0066250276997564
8,0.05,0.2,true,0.25,0.19575563786530975,0.998551124733765
8,0.15,0.2,true,0.25,0.13198503185927632,0.9776661148568548
8,0.1,0.2,true,0.25,0.1821830304139609,1.0233422493082458
8,0.05,0.2,true,0.25,0.19635871062744228,1.0103552134100935
8,0.15,0.2,true,0.25,0.13240848616743006,0.9689175746785698
8,0.1,0.2,true,0.25,0.1828098131281921,1.0163178098231285
8,0.05,0.2,true,0.25,0.19702442951437343,1.0020308255441597
8,0.15,0.2,true,0.25,0.13272391765411368,1.005606619055214
8,0.1,0.2,true,0.25,0.18346446063051905,1.0210355335773107
8,0.05,0.2,true,0.25,0.1973020335246314,1.006947730550172
8,0.15,0.2,true,0.25,0.13265960516612862,0.9950313265793956
8,0.1,0.2,true,0.25,0.18449021424828663,1.0193433887463614
8,0.05,0.2,true,0.25,0.19815702426185472,1.004353246110417
8,0.15,0.2,true,0.25,0.1328072568152167,0.9882972692047508
8,0.1,0.2,true,0.25,0.18545654100486378,1.0303147330550226
8,0.05,0.2,true,0.25,0.19854294334750477,1.0130748259291067
8,0.15,0.2,true,0.25,0.13284306148235892,0.9857634995534427
8,0.1,0.2,true,0.25,0.18605989566985828,1.0191325639800317
8,0.05,0.2,true,0.25,0.19893865333661487,1.0033279011235523
8,0.15,0.2,true,0.25,0.13306079851968391,0.9813690705287674
8,0.1,0.2,true,0.25,0.18683358707571848,1.0292601780528252
8,0.05,0.2,true,0.25,0.1994724600483897,1.0060069291657978
8,0.15,0.2,true,0.25,0.13324974830989467,0.9865176969207415
8,0.1,0.2,true,0.25,0.18736083278470986,1.030769888047088
8,0.05,0.2,true,0.25,0.19992620335785308,1.0073977863438037
8,0.15,0.2,true,0.25,0.13329338680632943,0.9842872067355269
8,0.1,0.2,true,0.25,0.18825090093350708,1.0246044468902245
8,0.05,0.2,true,0.25,0.20032120862331002,1.0133054957839056
8,0.15,0.2,true,0.25,0.1335705564654955,0.9924377643284557
8,0.1,0.2,true,0.25,0.1888495699257888,1.019266913078411
8,0.05,0.2,true,0.25,0.20071215052687993,1.0118346156549087
8,0.1,0.2,true,0.25,0.1892902333543182,1.022784776731521
8,0.15,0.2,true,0.25,0.13368467803842554,0.9974676688152986
8,0.05,0.2,true,0.25,0.20123444199363982,1.0067381510574145
8,0.1,0.2,true,0.25,0.1899107028608515,1.0203122893106362
8,0.15,0.2,true,0.25,0.13393216720689782,0.9830510192722737
8,0.05,0.2,true,0.25,0.20169927618243746,1.0124954151944656
8,0.1,0.2,true,0.25,0.1902018702311298,1.016414230773496
8,0.15,0.2,true,0.25,0.13436100634428766,0.993086977889607
8,0.05,0.2,true,0.25,0.20201485144177533,1.0247294220021521
8,0.1,0.2,true,0.25,0.19085268659267274,1.0326755497555211
8,0.05,0.2,true,0.25,0.2023838445135429,1.0213055174689458
8,0.15,0.2,true,0.25,0.1345799418425581,1.0037405094673586
8,0.1,0.2,true,0.25,0.19141938108257675,1.0116231557115274
8,0.05,0.2,true,0.25,0.20251858887755725,1.0161372243357452
8,0.15,0.2,true,0.25,0.1348681747329868,0.9854903054176439
8,0.1,0.2,true,0.25,0.1924326398519301,1.0308595072082236
8,0.05,0.2,true,0.25,0.20289786224482437,1.0135450125589567
8,0.15,0.2,true,0.25,0.13497897066949646,1.0001125783858607
8,0.1,0.2,true,0.25,0.19293949769679705,1.0124970427638629
8,0.05,0.2,true,0.25,0.2030881095384292,1.0085591496519688
8,0.15,0.2,true,0.25,0.1350137351866554,0.9989028946090169
8,0.1,0.2,true,0.25,0.1934532447719271,1.0211804500834059
8,0.05,0.2,true,0.25,0.20377615958032724,1.0171552840064297
8,0.15,0.2,true,0.25,0.1351394267896815,0.9933118761637286
8,0.1,0.2,true,0.25,0.19400787382077347,1.0220344588983385
8,0.05,0.2,true,0.25,0.20410655480193907,1.0147078268365084
8,0.15,0.2,true,0.25,0.13524234718652958,0.9893592957031094
8,0.1,0.2,true,0.25,0.19482412853580483,1.0201053878159136
8,0.05,0.2,true,0.25,0.2046074429929551,1.0198065969776724
8,0.15,0.2,true,0.25,0.13549298980858657,0.9995142752541142
8,0.1,0.2,true,0.25,0.19537960198077456,1.0229480209137998
8,0.05,0.2,true,0.25,0.20473742337806414,1.0209179246011661
8,0.15,0.2,true,0.25,0.13581888363824896,1.0043934811268367
8,0.1,0.2,true,0.25,0.19603255962780428,1.00859393670685
8,0.05,0.2,true,0.25,0.20509662007822022,1.010190980493857
8,0.1,0.2,true,0.25,0.19668627095977495,1.0175953539114257
8,0.15,0.2,true,0.25,0.1359169877791114,0.9889716077427213
8,0.05,0.2,true,0.25,0.2053120945218665,1.0147779356785593
8,0.1,0.2,true,0.25,0.19723277779003345,1.021252094183709
8,0.15,0.2,true,0.25,0.13618033031204843,1.0045027067443582
8,0.1,0.2,true,0.25,0.19769479336125403,1.0211231379280852
8,0.05,0.2,true,0.25,0.20575136233310248,1.0206400657172299
8,0.15,0.2,true,0.25,0.13635072756202188,0.9949598227792191
8,0.05,0.2,true,0.25,0.20600251278507847,1.0204945171565911
8,0.1,0.2,true,0.25,0.19817117943453308,1.0268635999960343
8,0.15,0.2,true,0.25,0.13644408081206996,1.0043963972730203
8,0.05,0.2,true,0.25,0.20639898632225856,1.0167406571800313
8,0.1,0.2,true,0.25,0.1986452594895942,1.0267627978774354
8,0.15,0.2,true,0.25,0.13653390443334765,0.9941312193051737
8,0.1,0.2,true,0.25,0.19881630916820994,1.0282116132500412
8,0.05,0.2,true,0.25,0.2068350094702955,1.0150420477505653
8,0.15,0.2,true,0.25,0.13660178100632495,0.9953014672294392
8,0.1,0.2,true,0.25,0.19943854846071055,1.0238968204223489
8,0.05,0.2,true,0.25,0.20705038264237435,1.0191924904879697
8,0.15,0.2,true,0.25,0.13691800193118264,1.0095751895023615
8,0.1,0.2,true,0.25,0.19982845729565232,1.0249404231061618
8,0.05,0.2,true,0.25,0.20722820392948083,1.0126690036822386
8,0.1,0.2,true,0.25,0.20041349312313195,1.021689843215976
8,0.15,0.2,true,0.25,0.1371562798222334,0.9867835808651024
8,0.05,0.2,true,0.25,0.20754762941776944,1.0166510431194673
8,0.1,0.2,true,0.25,0.20086666171079162,1.0268277715973404
8,0.15,0.2,true,0.25,0.1372013482289986,0.9998366830434022
8,0.05,0.2,true,0.25,0.20785682709571862,1.0184343520175958
8,0.1,0.2,true,0.25,0.2014384593158934,1.0182792448969071
8,0.05,0.2,true,0.25,0.2081923974215946,1.0149540809982762
8,0.15,0.2,true,0.25,0.13727531791698702,0.9970832933099699
8,0.1,0.2,true,0.25,0.20187461682500307,1.0248916371122139
8,0.05,0.2,true,0.25,0.20846996939740112,1.021295024436083
8,0.15,0.2,true,0.25,0.13736460023471897,1.004118361104084
8,0.1,0.2,true,0.25,0.2022285839887643,1.015576220646482
8,0.05,0.2,true,0.25,0.208796350669081,1.021200958887532
8,0.15,0.2,true,0.25,0.1373424967254288,1.0014229437755342
8,0.1,0.2,true,0.25,0.20283908794041827,1.018259569369838
8,0.05,0.2,true,0.25,0.20879426619827082,1.016536940293219
8,0.15,0.2,true,0.25,0.13739577273543396,1.0059211476454244
8,0.1,0.2,true,0.25,0.2031877033957435,1.018928952907343
8,0.05,0.2,true,0.25,0.20898725682863054,1.022632722379262
8,0.15,0.2,true,0.25,0.1374463711356317,1.0017875462247134
8,0.05,0.2,true,0.25,0.20901873713022945,1.021297914598855
8,0.1,0.2,true,0.25,0.20373103211153692,1.025900943273839
8,0.15,0.2,true,0.25,0.13754904565064774,0.9942991846562311
8,0.05,0.2,true,0.25,0.2092582181783369,1.005129329098701
8,0.1,0.2,true,0.25,0.20397022883245666,1.0261337628710459
8,0.05,0.2,true,0.25,0.20963181818714713,1.019737447672508
8,0.15,0.2,true,0.25,0.1375524220797896,0.9813191166892452
8,0.1,0.2,true,0.25,0.20470618408084199,1.018860493736004
8,0.05,0.2,true,0.25,0.20978437641905737,1.0135967084090112
8,0.15,0.2,true,0.25,0.13752421179959579,0.9888088632867077
8,0.1,0.2,true,0.25,0.20474015698569467,1.0274527175583905
8,0.05,0.2,true,0.25,0.21010662791860343,1.015436176033517
8,0.15,0.2,true,0.25,0.13765761821923794,0.9889476186831129
8,0.1,0.2,true,0.25,0.2054558175972653,1.0190633612440163
8,0.05,0.2,true,0.25,0.21066989807496847,1.0178976807159656
8,0.15,0.2,true,0.25,0.1375715608810395,0.991168386518211
8,0.1,0.2,true,0.25,0.20569467108256578,1.0232431872554903
8,0.05,0.2,true,0.25,0.21124040621595622,1.0147894688469254
8,0.1,0.2,true,0.25,0.20610113755674694,1.0205664628554738
8,0.15,0.2,true,0.25,0.13762097712760085,0.9902140716413806
8,0.05,0.2,true,0.25,0.21144265708153795,1.022001999407393
8,0.1,0.2,true,0.25,0.20647448593234954,1.0108806943658504
8,0.15,0.2,true,0.25,0.13767157566668098,0.9903917344041043
8,0.05,0.2,true,0.25,0.21175217584417785,1.0086458838646504
8,0.1,0.2,true,0.25,0.20667363053735324,1.0150168437933396
8,0.15,0.2,true,0.25,0.13768465863064983,0.9821779781325012
8,0.05,0.2,true,0.25,0.21212793628356016,1.0173929081111277
8,0.1,0.2,true,0.25,0.2070385326621998,1.0133215498025336
8,0.15,0.2,true,0.25,0.13773431835732006,0.9994539323979088
8,0.05,0.2,true,0.25,0.2125611234444574,1.0240878447662014
8,0.1,0.2,true,0.25,0.20746177053060758,1.0177379538179545
8,0.15,0.2,true,0.25,0.13772683878916256,0.9938127828336637
8,0.05,0.2,true,0.25,0.21280731661510363,1.026827953128701
8,0.1,0.2,true,0.25,0.2077383369436137,1.020700897666319
8,0.15,0.2,true,0.25,0.13782278182046587,0.9905535851100205
8,0.05,0.2,true,0.25,0.2129060906230856,1.0245735263931952
8,0.1,0.2,true,0.25,0.20795532362746366,1.0159360540071152
8,0.15,0.2,true,0.25,0.13785700898499528,0.9926636717056866
8,0.05,0.2,true,0.25,0.2131963940787439,1.021795240265053
8,0.1,0.2,true,0.25,0.20810168213500052,1.0228761097708854
8,0.05,0.2,true,0.25,0.21352755918239918,1.0159430360853687
8,0.15,0.2,true,0.25,0.1379138830235485,0.9890901174921013
8,0.1,0.2,true,0.25,0.20852903136939885,1.016318164681102
8,0.05,0.2,true,0.25,0.21386521535219788,1.0126178055299817
8,0.15,0.2,true,0.25,0.13795033564688475,0.9935479645035915
8,0.1,0.2,true,0.25,0.20872987055635403,1.0221485542424322
8,0.05,0.2,true,0.25,0.21414266284592856,1.0194266019009792
8,0.15,0.2,true,0.25,0.13799997539205264,0.9843810209490872
8,0.1,0.2,true,0.25,0.2089856434778438,1.0248072083434123
8,0.05,0.2,true,0.25,0.21427219178618562,1.0205986480214602
8,0.15,0.2,true,0.25,0.1379810289783942,0.9856989997444308
8,0.1,0.2,true,0.25,0.2091606296695289,1.0286660929291074
8,0.05,0.2,true,0.25,0.2146941921795226,1.0115852985785168
8,0.15,0.2,true,0.25,0.13806134574467138,0.9749600739907387
8,0.1,0.2,true,0.25,0.2094148400366409,1.0198682417378184
8,0.05,0.2,true,0.25,0.21502409127042973,1.015831733970624
8,0.15,0.2,true,0.25,0.13812078352302928,0.9901617947683715
8,0.1,0.2,true,0.25,0.20968041218136016,1.0223637557510599
8,0.05,0.2,true,0.25,0.2152550248837548,1.0163155318244912
8,0.15,0.2,true,0.25,0.13812574087109472,0.9864749789244683
8,0.05,0.2,true,0.25,0.21567378185858815,1.0180162015552892
8,0.1,0.2,true,0.25,0.210000342102247,1.0198215377192987
8,0.15,0.2,true,0.25,0.13808573226849946,0.9947898303365496
8,0.05,0.2,true,0.25,0.21568407220478109,1.0059858155351213
8,0.1,0.2,true,0.25,0.21057324224066584,1.0164321102929343
8,0.15,0.2,true,0.25,0.13815832637970174,0.9960165331367405
8,0.05,0.2,true,0.25,0.21647232236766983,1.0154157029262487
8,0.1,0.2,true,0.25,0.21083684705932698,1.02047586040339
8,0.15,0.2,true,0.25,0.13826256987328603,0.9917810020198092
8,0.05,0.2,true,0.25,0.21695896356884425,1.0101933039028514
8,0.1,0.2,true,0.25,0.21101110460287006,1.0220529267513812
8,0.15,0.2,true,0.25,0.1383154930662386,0.994196403593912
8,0.05,0.2,true,0.25,0.21736814886390568,1.0140504483291592
8,0.1,0.2,true,0.25,0.2111788095598119,1.0273635994583956
8,0.15,0.2,true,0.25,0.13838795394460202,0.992902039391306
8,0.05,0.2,true,0.25,0.21773062946431662,1.0115662199442608
8,0.1,0.2,true,0.25,0.21155670175260458,1.0240030016367356
8,0.15,0.2,true,0.25,0.13836927175177655,0.9934828819903879
8,0.05,0.2,true,0.25,0.2178209459663423,1.0170123122451906
8,0.1,0.2,true,0.25,0.211865871370636,1.0206004455167486
8,0.15,0.2,true,0.25,0.13833425162957316,0.9945561377514823
8,0.05,0.2,true,0.25,0.21811794991976657,1.020809894921136
8,0.1,0.2,true,0.25,0.21214825215638933,1.0146018896248745
8,0.15,0.2,true,0.25,0.13838501438917022,0.9915287040879129
8,0.05,0.2,true,0.25,0.2186404431739426,1.014627230897783
8,0.1,0.2,true,0.25,0.2124778211178761,1.0198265293787692
8,0.15,0.2,true,0.25,0.13837905737868236,0.9985416927868862
8,0.05,0.2,true,0.25,0.21923497303325615,1.0054343383895488
8,0.1,0.2,true,0.25,0.21260638056259382,1.0141898082949405
8,0.15,0.2,true,0.25,0.1383591415529094,0.9966147474462735
8,0.05,0.2,true,0.25,0.21975393322464729,1.0099047732888524
8,0.1,0.2,true,0.25,0.212883110721709,1.0190984875041416
8,0.15,0.2,true,0.25,0.13839200331044843,0.9989050776516173
8,0.05,0.2,true,0.25,0.22044781921592338,1.0083478012638922
8,0.1,0.2,true,0.25,0.21319995434236172,1.0127795615125565
8,0.15,0.2,true,0.25,0.13850747286644932,0.9973347145184035
8,0.05,0.2,true,0.25,0.22098420867058857,1.00334870294396
8,0.1,0.2,true,0.25,0.2140763512553801,1.0213537508395603
8,0.05,0.2,true,0.25,0.221570802016068,1.0002225295229337
8,0.15,0.2,true,0.25,0.13851556456171332,0.999317431166518
8,0.1,0.2,true,0.25,0.21440097600247676,1.022263694620393
8,0.15,0.2,true,0.25,0.13855982071464779,1.00219620000051
8,0.05,0.2,true,0.25,0.22214334826390097,1.0066433045166832
8,0.1,0.2,true,0.25,0.21484161915507674,1.0090842187795406
8,0.15,0.2,true,0.25,0.13875757916535414,0.986762689391831
8,0.05,0.2,true,0.25,0.2225683826952419,1.0031753708580713
8,0.1,0.2,true,0.25,0.2151950215000004,1.007911604119228
8,0.05,0.2,true,0.25,0.22317369296810058,1.0077498226355543
8,0.15,0.2,true,0.25,0.13874031685724297,0.9860430347949067
8,0.05,0.2,true,0.25,0.22363950389983442,1.0058392060774608
8,0.15,0.2,true,0.25,0.13876427825652157,0.9984996806026756
8,0.1,0.2,true,0.25,0.2156405514900553,1.0122917504041116
8,0.05,0.2,true,0.25,0.22399570171275807,1.0072178242022447
8,0.15,0.2,true,0.25,0.13880725039498965,1.0012622001713678
8,0.1,0.2,true,0.25,0.21598852077381492,1.0195173921792928
8,0.05,0.2,true,0.25,0.224488132088398,1.0000330860633497
8,0.15,0.2,true,0.25,0.13890115338643363,0.9967405957040203
8,0.1,0.2,true,0.25,0.21616377077116394,1.0219319334059205
8,0.05,0.2,true,0.25,0.22500076556447993,1.0085186081837165
8,0.15,0.2,true,0.25,0.13887658639034872,0.9888237989561444
8,0.1,0.2,true,0.25,0.21632880114883307,1.0208001461707032
8,0.05,0.2,true,0.25,0.22538632550342919,1.0009887806499262
8,0.15,0.2,true,0.25,0.138921891097613,0.9967984189775138
8,0.1,0.2,true,0.25,0.21675086238816008,1.017724105936798
8,0.05,0.2,true,0.25,0.22589512843297238,0.9994531500678887
8,0.15,0.2,true,0.25,0.13894729500651237,0.9920385899551613
8,0.1,0.2,true,0.25,0.21729351691123577,1.0201781568867645
8,0.05,0.2,true,0.25,0.22654582774614532,1.002680319480388
8,0.15,0.2,true,0.25,0.13895203444463566,0.9966097855108512
8,0.1,0.2,true,0.25,0.2173708085629249,1.0179405045685255
8,0.05,0.2,true,0.25,0.22673038185729294,1.0073105029805103
8,0.15,0.2,true,0.25,0.13900565306604887,0.9925783928375733
8,0.1,0.2,true,0.25,0.2174664734439269,1.013348599476908
8,0.05,0.2,true,0.25,0.22731169018594635,1.0093143114273888
8,0.15,0.2,true,0.25,0.13901302684016847,0.9943468419503291
8,0.1,0.2,true,0.25,0.217624796561903,1.0156531598967302
8,0.05,0.2,true,0.25,0.22766163605229114,1.0055518885334465
8,0.15,0.2,true,0.25,0.13905271518791876,0.9927932294662822
8,0.1,0.2,true,0.25,0.21798695239973806,1.011742212686732
8,0.05,0.2,true,0.25,0.2281808100014176,1.0072504641133917
8,0.15,0.2,true,0.25,0.13907020605160728,0.9950058855822167
8,0.1,0.2,true,0.25,0.2182174727136935,1.021215261049739
8,0.05,0.2,true,0.25,0.22856957442047246,1.0083379731503008
8,0.15,0.2,true,0.25,0.13912215859941268,0.9961871156149242
8,0.05,0.2,true,0.25,0.22882427557509183,1.0114398150596482
8,0.1,0.2,true,0.25,0.2184487072115699,1.013783226761627
8,0.15,0.2,true,0.25,0.1391044129027696,0.9894890472753008
8,0.05,0.2,true,0.25,0.2290483894611638,1.005084793666667
8,0.1,0.2,true,0.25,0.2186989696561364,1.0080711263580062
8,0.15,0.2,true,0.25,0.1390967792444852,1.000996088373274
8,0.05,0.2,true,0.25,0.22966625150741224,1.001420046305142
8,0.1,0.2,true,0.25,0.21918450404312562,1.014180898270439
8,0.15,0.2,true,0.25,0.13913222314339063,0.9925040631409888
8,0.05,0.2,true,0.25,0.23020500448594217,0.9973213043760274
8,0.1,0.2,true,0.25,0.21943282684883228,1.0128942506483616
8,0.15,0.2,true,0.25,0.1391578415915082,0.999960650574777
8,0.05,0.2,true,0.25,0.23044784264400175,1.0052402135522402
8,0.1,0.2,true,0.25,0.21964755590222637,1.012731543919768
8,0.15,0.2,true,0.25,0.13917781877953359,0.9969091024469956
8,0.05,0.2,true,0.25,0.2306820036902774,1.0053511218088815
8,0.1,0.2,true,0.25,0.21993288179604634,1.0137008927907407
8,0.15,0.2,true,0.25,0.13921560833638927,1.0018671822237406
8,0.05,0.2,true,0.25,0.23117580018996303,1.0037272691436976
8,0.1,0.2,true,0.25,0.22047166222452316,1.010966327167675
8,0.15,0.2,true,0.25,0.13930160204465072,0.9943079657016884
8,0.05,0.2,true,0.25,0.2314833677087486,1.0004329298216204
8,0.1,0.2,true,0.25,0.22076772465832786,1.0053585710120103
8,0.15,0.2,true,0.25,0.13930122693293803,0.9859891247439293
8,0.05,0.2,true,0.25,0.231731896054092,1.0063641112818205
8,0.1,0.2,true,0.25,0.2209987359120577,1.0122033775914525
8,0.15,0.2,true,0.25,0.13933232355038958,0.9886209558519251
8,0.05,0.2,true,0.25,0.23193487460573067,1.006484071309927
8,0.1,0.2,true,0.25,0.22141797703527233,1.010361479862642
8,0.15,0.2,true,0.25,0.13931917813480388,0.9945162191780408
8,0.05,0.2,true,0.25,0.23228592447528745,1.0025607773234069
8,0.1,0.2,true,0.25,0.22163827278566706,1.0153314656180075
8,0.05,0.2,true,0.25,0.23241895287853348,1.003048611250416
8,0.15,0.2,true,0.25,0.13934327207258884,0.9979328931710756
8,0.1,0.2,true,0.25,0.2217886264212422,1.0019524638069168
8,0.05,0.2,true,0.25,0.2325820743829106,1.0070924065092586
8,0.15,0.2,true,0.25,0.13935381684691422,0.9920452897018095
8,0.1,0.2,true,0.25,0.22186596547780257,1.0140418748752857
8,0.05,0.2,true,0.25,0.23298297980608504,0.9968332116214855
8,0.15,0.2,true,0.25,0.13936421670655957,0.9963392393057134
8,0.1,0.2,true,0.25,0.22216298771432563,1.0164246392122749
8,0.05,0.2,true,0.25,0.23310082754756078,1.0035474448428123
8,0.15,0.2,true,0.25,0.13941159397947167,0.9899801696625231
8,0.1,0.2,true,0.25,0.2224543632336198,1.0111179993874602
8,0.05,0.2,true,0.25,0.23321596642582998,0.999120186907526
8,0.15,0.2,true,0.25,0.13940790902954564,0.9910742840766249
8,0.1,0.2,true,0.25,0.22292450702194921,1.0082177528144256
8,0.05,0.2,true,0.25,0.23360047919436078,1.0034961354655296
8,0.15,0.2,true,0.25,0.13939717366109342,0.994993797541032
8,0.1,0.2,true,0.25,0.22303025305400445,1.0077921749267067
8,0.05,0.2,true,0.25,0.23367254554189798,1.0001386987400345
8,0.15,0.2,true,0.25,0.13940472180678812,0.9910477037187846
8,0.1,0.2,true,0.25,0.22330554975058414,1.0052544960546252
8,0.05,0.2,true,0.25,0.23401184931949098,1.0078889598692453
8,0.15,0.2,true,0.25,0.13941295363235295,0.991245629518465
8,0.1,0.2,true,0.25,0.22376127961093248,1.0054025224142973
8,0.05,0.2,true,0.25,0.2345864197285846,1.0059994834930441
8,0.15,0.2,true,0.25,0.13939741321511714,0.9904564824541587
8,0.1,0.2,true,0.25,0.22409512300241818,1.0085457320501405
8,0.05,0.2,true,0.25,0.23478755588826775,1.0042426440032537
8,0.15,0.2,true,0.25,0.13941856653741708,0.9919253450454439
8,0.1,0.2,true,0.25,0.2241579513564978,1.0173557535985502
8,0.05,0.2,true,0.25,0.23514398237828418,0.9952516119362167
8,0.15,0.2,true,0.25,0.13944235123866805,0.9868374719325205
8,0.1,0.2,true,0.25,0.22441749058280064,1.0106592035681097
8,0.05,0.2,true,0.25,0.23522019663991864,1.000834289688194
8,0.15,0.2,true,0.25,0.13944716956784878,0.9888214360660733
8,0.1,0.2,true,0.25,0.2248495938584105,1.009157251852947
8,0.05,0.2,true,0.25,0.2356777264219839,1.0051400604253362
8,0.15,0.2,true,0.25,0.1394924600755493,0.9798485305309719
8,0.1,0.2,true,0.25,0.2249403301772237,1.0074222392724606
8,0.05,0.2,true,0.25,0.23568881015840262,1.007643876950305
8,0.15,0.2,true,0.25,0.13949025776755875,0.9917303517760778
8,0.1,0.2,true,0.25,0.22517067761882037,1.008226292414147
8,0.05,0.2,true,0.25,0.23572008285252355,1.006240479983222
8,0.15,0.2,true,0.25,0.1395221113653376,1.0021757863725553
8,0.05,0.2,true,0.25,0.23609601484240939,1.0038578810698748
8,0.1,0.2,true,0.25,0.225164757019599,1.0064470609870668
8,0.15,0.2,true,0.25,0.13954100482843493,0.9940384738018037
8,0.05,0.2,true,0.25,0.23636373998721535,1.0027284307730833
8,0.1,0.2,true,0.25,0.22531622537021914,1.0116395763455261
8,0.05,0.2,true,0.25,0.23669074269513704,0.9998952664070268
8,0.15,0.2,true,0.25,0.13956982099018891,0.9989632268004485
8,0.1,0.2,true,0.25,0.22554895626035557,1.0162394129079002
8,0.05,0.2,true,0.25,0.2368846148221381,1.0022025007974928
8,0.15,0.2,true,0.25,0.13957300053375668,0.9952860761692047
8,0.1,0.2,true,0.25,0.22575134034808653,1.0076931895702264
8,0.05,0.2,true,0.25,0.23723482898820472,0.9986639780704801
8,0.15,0.2,true,0.25,0.13958476138000234,0.990659020617309
8,0.1,0.2,true,0.25,0.22587443086511322,1.006905934221327
8,0.05,0.2,true,0.25,0.23740984076059168,1.002934052765599
8,0.15,0.2,true,0.25,0.1395792365997485,0.9998677424611083
8,0.1,0.2,true,0.25,0.2263279245091932,1.007609942528252
8,0.05,0.2,true,0.25,0.23775230621009755,1.004320573758801
8,0.15,0.2,true,0.25,0.1396041274689002,0.9959200942273899
8,0.1,0.2,true,0.25,0.22652052621260702,1.0070447115491075
8,0.15,0.2,true,0.25,0.13962263595766297,0.9859002409729353
8,0.1,0.2,true,0.25,0.2269416084111601,1.0049376751883492
8,0.15,0.2,true,0.25,0.13973195405900615,0.9987191219643755
8,0.1,0.2,true,0.25,0.22726034623958788,1.0027647074501227
8,0.15,0.2,true,0.25,0.13973374652014459,0.9931970126894474
8,0.1,0.2,true,0.25,0.22773549130995302,1.0035920941861212
8,0.15,0.2,true,0.25,0.1397416485656083,0.9908351260306837
8,0.15,0.2,true,0.25,0.1397692769690336,0.9980683399109319
8,0.15,0.2,true,0.25,0.13979442843066647,1.006513240388452
8,0.15,0.2,true,0.25,0.13982074231134123,1.0038205988620774
8,0.15,0.2,true,0.25,0.13983951198561204,0.9950432081927713
8,0.15,0.2,true,0.25,0.139845191961014,1.000169973127915
8,0.15,0.2,true,0.25,0.13987762942364834,0.9869609567477162
8,0.15,0.2,true,0.25,0.13989536057911148,0.9967147228694645
8,0.15,0.2,true,0.25,0.1399317584813712,0.9886427620409951
8,0.2,0.2,true,0.25,0.037970356012411256,3.813955528165266E-5
8,0.15,0.2,true,0.25,0.13992360085737246,0.9995184190821124
8,0.2,0.2,true,0.25,0.04197519662779881,0.007768558543359471
8,0.15,0.2,true,0.25,0.13994788918810339,0.9953559516293926
8,0.2,0.2,true,0.25,0.04601519589578363,0.015453368966114113
8,0.2,0.2,true,0.25,0.05040417825883666,0.028414531868561008
8,0.15,0.2,true,0.25,0.13996269453385024,0.9922255276913475
8,0.25,0.2,true,0.25,0.03787808668265034,0.010818478149836042
8,0.2,0.2,true,0.25,0.05460271402811757,0.04737068832523319
8,0.15,0.2,true,0.25,0.1399789425025738,0.9906493113855355
8,0.25,0.2,true,0.25,0.04118601996007975,0.03491248026167519
8,0.2,0.2,true,0.25,0.059462706560171164,0.06714996962878621
8,0.15,0.2,true,0.25,0.13998690644186673,0.9938330568883661
8,0.25,0.2,true,0.25,0.043838875482209425,0.05162751070055885
8,0.2,0.2,true,0.25,0.06306271568608234,0.07929058215867238
8,0.15,0.2,true,0.25,0.13997941153595675,1.005533368501941
8,0.25,0.2,true,0.25,0.04621585989224505,0.07304888147641721
8,0.2,0.2,true,0.25,0.06781557506996197,0.07275516898950093
8,0.15,0.2,true,0.25,0.13998797057457651,0.9942992340856506
8,0.2,0.2,true,0.25,0.07137006768061738,0.10908194084723347
8,0.25,0.2,true,0.25,0.04915908090610721,0.07816987023871438
8,0.15,0.2,true,0.25,0.1400254992985781,0.9894171832193527
8,0.2,0.2,true,0.25,0.07564471364444869,0.17065795545322943
8,0.25,0.2,true,0.25,0.05104868475973096,0.09120823571793495
8,0.15,0.2,true,0.25,0.14002564488563793,0.9967984615853371
8,0.2,0.2,true,0.25,0.07940037138173904,0.1936926520287417
8,0.25,0.2,true,0.25,0.05282943645003473,0.1388878448209594
8,0.2,0.2,true,0.25,0.0821620529357988,0.17654152844395535
8,0.15,0.2,true,0.25,0.140000799880566,1.0058663041558413
8,0.25,0.2,true,0.25,0.055061499005649335,0.14010010541022103
8,0.2,0.2,true,0.25,0.08598893492786389,0.21184165255798906
8,0.25,0.2,true,0.25,0.057369186306750614,0.20733562630361943
8,0.15,0.2,true,0.25,0.14002731102340968,1.000622292746532
8,0.25,0.2,true,0.25,0.059641420686650085,0.2762854774184517
8,0.2,0.2,true,0.25,0.09086745672329903,0.24999806533518712
8,0.15,0.2,true,0.25,0.1400345609551032,0.9963467583257591
8,0.2,0.2,true,0.25,0.09451438540639343,0.3203900703683292
8,0.25,0.2,true,0.25,0.06097642917583503,0.32224421970533607
8,0.15,0.2,true,0.25,0.14003681980433375,1.0008100293357467
8,0.25,0.2,true,0.25,0.06340610105274008,0.3745154178696133
8,0.2,0.2,true,0.25,0.098234929953132,0.45318137391337515
8,0.15,0.2,true,0.25,0.1400701656327363,0.9996902922451478
8,0.25,0.2,true,0.25,0.06583652462656975,0.44047049683216544
8,0.2,0.2,true,0.25,0.1012903680347743,0.5403429289014616
8,0.15,0.2,true,0.25,0.14010233168001526,0.9990940185405421
8,0.25,0.2,true,0.25,0.0673382445144399,0.4809609214492638
8,0.2,0.2,true,0.25,0.10390355666141256,0.6174438606215624
8,0.15,0.2,true,0.25,0.14013767031371746,0.9949713457253486
8,0.25,0.2,true,0.25,0.06882350700820478,0.5387292216523568
8,0.2,0.2,true,0.25,0.10612447666991756,0.6970718456883774
8,0.25,0.2,true,0.25,0.06970930110818795,0.5884638863939902
8,0.15,0.2,true,0.25,0.1401390837978813,0.9860016820259454
8,0.2,0.2,true,0.25,0.1082224443505865,0.7657681652306497
8,0.25,0.2,true,0.25,0.06947780979801285,0.6427056119708464
8,0.15,0.2,true,0.25,0.14013474846440607,0.9984934364195488
8,0.2,0.2,true,0.25,0.10966375884432905,0.8353144551007308
8,0.25,0.2,true,0.25,0.06952170192449983,0.7194512260765472
8,0.15,0.2,true,0.25,0.14017945416814326,0.9997586770871318
8,0.2,0.2,true,0.25,0.11078094872376137,0.8791548780590701
8,0.25,0.2,true,0.25,0.06982957115236753,0.7191825421926317
8,0.15,0.2,true,0.25,0.14025192447112747,1.002518621304806
8,0.2,0.2,true,0.25,0.11254751157263676,0.9036852510569268
8,0.25,0.2,true,0.25,0.06969329308785767,0.7462867689522237
8,0.15,0.2,true,0.25,0.1402847358857292,1.0026070834416494
8,0.2,0.2,true,0.25,0.11407312739036536,0.932437400202813
8,0.25,0.2,true,0.25,0.06925095577070951,0.801776128936556
8,0.15,0.2,true,0.25,0.1403148849923934,0.9994805054920732
8,0.2,0.2,true,0.25,0.11495126571478075,0.9642236551785877
8,0.25,0.2,true,0.25,0.06881029831444362,0.8642392175323502
8,0.25,0.2,true,0.25,0.06842199375982157,0.870520797719681
8,0.2,0.2,true,0.25,0.11553782048022086,0.983410812701307
8,0.15,0.2,true,0.25,0.14032609048914907,0.9924421243703996
8,0.2,0.2,true,0.25,0.11625457175213591,0.9697561932884203
8,0.25,0.2,true,0.25,0.0681868309136539,0.8876122876336128
8,0.15,0.2,true,0.25,0.14034259190583237,1.0065982540516447
8,0.2,0.2,true,0.25,0.1170624897883216,0.9646743898082258
8,0.25,0.2,true,0.25,0.06801892044225172,0.8721190452096287
8,0.15,0.2,true,0.25,0.1403357697335705,0.9965203392453612
8,0.2,0.2,true,0.25,0.11777274604936236,0.9994481881538091
8,0.25,0.2,true,0.25,0.0677838409725048,0.8897665534883206
8,0.15,0.2,true,0.25,0.1403508062805752,0.9989354430840259
8,0.2,0.2,true,0.25,0.11871736203298518,0.9898244858579336
8,0.25,0.2,true,0.25,0.06753562275809635,0.8958468571432209
8,0.15,0.2,true,0.25,0.14040486336581176,0.9759844141248308
8,0.25,0.2,true,0.25,0.06722009449241331,0.9219857268061497
8,0.2,0.2,true,0.25,0.11880455840765206,0.9999047266221801
8,0.2,0.2,true,0.25,0.11944294161424146,0.9849684047890539
8,0.15,0.2,true,0.25,0.14043615305285262,0.9927441011979451
8,0.25,0.2,true,0.25,0.06666317797199381,0.893266984503616
8,0.25,0.2,true,0.25,0.06607700274893161,0.8971538691043811
8,0.15,0.2,true,0.25,0.14044578627395704,0.9911337019223461
8,0.2,0.2,true,0.25,0.1200705229286051,0.9901796195006873
8,0.25,0.2,true,0.25,0.06624698085872009,0.9011685441138109
8,0.2,0.2,true,0.25,0.120212291680244,0.9971976049785286
8,0.15,0.2,true,0.25,0.14054488950178923,0.9900995798999854
8,0.25,0.2,true,0.25,0.06620992960507112,0.8988367333456229
8,0.2,0.2,true,0.25,0.12066194157349108,0.9952151112376427
8,0.15,0.2,true,0.25,0.14057575943425754,1.0031605955621028
8,0.25,0.2,true,0.25,0.06591570018501376,0.8997636791757979
8,0.2,0.2,true,0.25,0.12075450761570515,0.9949335559082637
8,0.15,0.2,true,0.25,0.14064860496111797,0.9912379737945102
8,0.2,0.2,true,0.25,0.12141319660800781,0.9987174187319017
8,0.25,0.2,true,0.25,0.06590880864363903,0.9038257335227019
8,0.15,0.2,true,0.25,0.14069984859829296,0.9910404608631715
8,0.25,0.2,true,0.25,0.06606988239779395,0.8782852665111075
8,0.2,0.2,true,0.25,0.12160568100931556,1.0100843672987911
8,0.15,0.2,true,0.25,0.14072675843518462,0.986137686311123
8,0.25,0.2,true,0.25,0.06589273673157138,0.9033324716740473
8,0.2,0.2,true,0.25,0.12206822049019905,1.0065945441933322
8,0.15,0.2,true,0.25,0.14073494098771186,0.9958445879389813
8,0.25,0.2,true,0.25,0.06605041458247402,0.9055519225315765
8,0.2,0.2,true,0.25,0.122510941886747,0.9958173204402629
8,0.25,0.2,true,0.25,0.06591140305007875,0.8988638372429166
8,0.2,0.2,true,0.25,0.12277054950562924,0.9970060175994856
8,0.25,0.2,true,0.25,0.06623106181661417,0.9085513643525835
8,0.2,0.2,true,0.25,0.12275048596607756,0.9916782511209528
8,0.25,0.2,true,0.25,0.0664589210315054,0.8986727563015597
8,0.2,0.2,true,0.25,0.12312966690892468,0.9936342415136782
8,0.25,0.2,true,0.25,0.06654425497047772,0.8987711687965145
8,0.2,0.2,true,0.25,0.12301944781398659,0.9989358586595787
8,0.25,0.2,true,0.25,0.06671051333038626,0.9016001398453655
8,0.2,0.2,true,0.25,0.12318069593825277,0.9998212741309103
8,0.25,0.2,true,0.25,0.06664569706932949,0.9052088351311336
8,0.2,0.2,true,0.25,0.12339144354699111,1.0067452591083403
8,0.25,0.2,true,0.25,0.06650740386297709,0.9074690344033015
8,0.2,0.2,true,0.25,0.12341840021579797,0.9895406731145077
8,0.25,0.2,true,0.25,0.06627673071290663,0.9180242680873106
8,0.2,0.2,true,0.25,0.1235850784049363,0.9909928337271998
8,0.25,0.2,true,0.25,0.06604047877174708,0.9123249082112533
8,0.2,0.2,true,0.25,0.12377447442639944,0.9999564003111384
8,0.25,0.2,true,0.25,0.06580133228375362,0.9079618555391306
8,0.2,0.2,true,0.25,0.12416710746600135,0.9906555768267902
8,0.25,0.2,true,0.25,0.06570354719972302,0.9029679014729652
8,0.2,0.2,true,0.25,0.12437837602707924,0.9950990313970236
8,0.25,0.2,true,0.25,0.06565809567818306,0.904844747732424
8,0.2,0.2,true,0.25,0.12451558990817366,1.0037133249906405
8,0.25,0.2,true,0.25,0.06550208475668437,0.912909841893989
8,0.2,0.2,true,0.25,0.1247092334437663,0.9931057475140512
8,0.3,0.2,true,0.25,0.03585715990814152,-0.0015044223844313926
8,0.25,0.2,true,0.25,0.06532027765268608,0.9243910049592836
8,0.2,0.2,true,0.25,0.12488665227984434,0.9972623783495398
8,0.25,0.2,true,0.25,0.0651583200813786,0.9150260616317472
8,0.3,0.2,true,0.25,0.0363879831566102,0.03458009670998022
8,0.2,0.2,true,0.25,0.12502873825656338,0.9955196945060028
8,0.25,0.2,true,0.25,0.06507814425184211,0.9188081666597399
8,0.3,0.2,true,0.25,0.03712543757811725,0.038752642905127616
8,0.2,0.2,true,0.25,0.12507488880480655,0.9984109178664228
8,0.25,0.2,true,0.25,0.0650332522874735,0.9052085955565595
8,0.3,0.2,true,0.25,0.038409547869290545,0.03695888550979862
8,0.25,0.2,true,0.25,0.06480349699685715,0.9106810872744517
8,0.2,0.2,true,0.25,0.12513041985468745,1.0041764220452982
8,0.3,0.2,true,0.25,0.03835523734145158,0.0592127650427198
8,0.2,0.2,true,0.25,0.1251111686136928,1.0086755343535045
8,0.25,0.2,true,0.25,0.06463127956901281,0.9233950592147104
8,0.3,0.2,true,0.25,0.038647288568166925,0.07563629402243222
8,0.25,0.2,true,0.25,0.0645444600592281,0.918190080926797
8,0.2,0.2,true,0.25,0.125251869967298,1.000719368861942
8,0.3,0.2,true,0.25,0.039351784159602714,0.10567424226049144
8,0.25,0.2,true,0.25,0.0644349717559388,0.9220087841952305
8,0.2,0.2,true,0.25,0.12531936994259105,0.9926441114463401
8,0.3,0.2,true,0.25,0.03963686439381751,0.13610567124503423
8,0.25,0.2,true,0.25,0.06417980975418636,0.9208654876118866
8,0.2,0.2,true,0.25,0.12543221267612167,0.9985139554573026
8,0.3,0.2,true,0.25,0.039187941343504284,0.13861041171708477
8,0.25,0.2,true,0.25,0.06407812342291502,0.9213764701891509
8,0.3,0.2,true,0.25,0.03956808921010239,0.16285774941829861
8,0.2,0.2,true,0.25,0.12549597398518247,0.9952648562325462
8,0.25,0.2,true,0.25,0.06387734023941687,0.9258430923964112
8,0.3,0.2,true,0.25,0.03903475658368664,0.23845194353421134
8,0.2,0.2,true,0.25,0.12558147175869586,0.9965143165063085
8,0.25,0.2,true,0.25,0.06376529102022023,0.9267965394625101
8,0.3,0.2,true,0.25,0.03910954342963979,0.2543321915479089
8,0.25,0.2,true,0.25,0.06363325357079756,0.9262325764373521
8,0.2,0.2,true,0.25,0.1259221366857445,0.9888119541514478
8,0.25,0.2,true,0.25,0.06347029542757894,0.9243213411935887
8,0.2,0.2,true,0.25,0.12587687490111577,0.9877862207969221
8,0.3,0.2,true,0.25,0.03914511849266846,0.2853970774093387
8,0.2,0.2,true,0.25,0.12592376614494097,0.9999315791775645
8,0.25,0.2,true,0.25,0.06337392861913527,0.922486909698339
8,0.3,0.2,true,0.25,0.03875042362518661,0.3111287206872069
8,0.2,0.2,true,0.25,0.12602545492251702,1.0077571683381328
8,0.25,0.2,true,0.25,0.06332780606359883,0.9295904954435669
8,0.3,0.2,true,0.25,0.03789624582617559,0.4051731236604059
8,0.2,0.2,true,0.25,0.12627859314658632,0.9921163399025922
8,0.25,0.2,true,0.25,0.06319323555695887,0.9274595399003808
8,0.3,0.2,true,0.25,0.0375006123296995,0.33924456940189723
8,0.2,0.2,true,0.25,0.12632616172330563,1.0006585137748152
8,0.25,0.2,true,0.25,0.06319014176684316,0.9112707885825473
8,0.3,0.2,true,0.25,0.03717800808206719,0.4055959491283355
8,0.2,0.2,true,0.25,0.12650409788985284,0.9944810344017494
8,0.25,0.2,true,0.25,0.06307603291261925,0.9251116377196054
8,0.3,0.2,true,0.25,0.03693643839695452,0.43977587752184816
8,0.2,0.2,true,0.25,0.126549516642009,0.9972685975206633
8,0.25,0.2,true,0.25,0.06302718153463979,0.9265656298050938
8,0.3,0.2,true,0.25,0.03658655472460499,0.40874205707758543
8,0.2,0.2,true,0.25,0.12654109055102006,1.007031919757577
8,0.25,0.2,true,0.25,0.06291256282944636,0.9257515238305373
8,0.3,0.2,true,0.25,0.035996026386880674,0.41015948568461386
8,0.2,0.2,true,0.25,0.12670740482860177,1.0080478919333877
8,0.25,0.2,true,0.25,0.0627011808043938,0.9257141190456218
8,0.3,0.2,true,0.25,0.035623371479098484,0.3765698480475044
8,0.2,0.2,true,0.25,0.12675858970139026,0.9990467733429176
8,0.25,0.2,true,0.25,0.06253584211804976,0.9265390975913088
8,0.3,0.2,true,0.25,0.03513942111812681,0.3779792870072155
8,0.2,0.2,true,0.25,0.1268211330901062,1.0008253279117745
8,0.25,0.2,true,0.25,0.06243666310066208,0.9145425149721723
8,0.3,0.2,true,0.25,0.03475986991281666,0.4046569303926931
8,0.2,0.2,true,0.25,0.1269328832085849,1.0082389686056448
8,0.25,0.2,true,0.25,0.06229933195549769,0.9289535731356167
8,0.3,0.2,true,0.25,0.03423631689222809,0.42656988544134933
8,0.25,0.2,true,0.25,0.06211721170722504,0.9320591735646875
8,0.2,0.2,true,0.25,0.12699408635465217,1.001830408159209
8,0.3,0.2,true,0.25,0.0337502245378591,0.39233357711648326
8,0.25,0.2,true,0.25,0.06209250131819483,0.930873737423638
8,0.2,0.2,true,0.25,0.12707512706527557,1.0023261000008377
8,0.3,0.2,true,0.25,0.03338308593476708,0.3950681312703067
8,0.25,0.2,true,0.25,0.061986894931768524,0.9317756935264563
8,0.2,0.2,true,0.25,0.12723211742941662,0.9939855357399823
8,0.3,0.2,true,0.25,0.033025084910798044,0.3984224439293415
8,0.25,0.2,true,0.25,0.06183023365636456,0.9241412731061137
8,0.2,0.2,true,0.25,0.127348267305587,0.9967878168077492
8,0.3,0.2,true,0.25,0.03269825786268504,0.4516814751092326
8,0.25,0.2,true,0.25,0.06172936684252226,0.9281261944453548
8,0.2,0.2,true,0.25,0.12754556838934283,1.0023954302981133
8,0.3,0.2,true,0.25,0.03243963292749291,0.4450966988045781
8,0.25,0.2,true,0.25,0.06151238597291621,0.9256668952999991
8,0.2,0.2,true,0.25,0.12747314320342085,0.999763123921137
8,0.3,0.2,true,0.25,0.03199130653746382,0.4156905394206569
8,0.2,0.2,true,0.25,0.12768531384128923,1.008271762254708
8,0.25,0.2,true,0.25,0.06136697760414295,0.9205106674911873
8,0.3,0.2,true,0.25,0.03175404333932417,0.4826555814865899
8,0.2,0.2,true,0.25,0.12767668466114104,0.9985584232975763
8,0.25,0.2,true,0.25,0.06115575956926225,0.9286326286249504
8,0.3,0.2,true,0.25,0.03157588940893188,0.43703814256100443
8,0.2,0.2,true,0.25,0.12768521528578528,0.9951679656580804
8,0.25,0.2,true,0.25,0.06105792081453406,0.9273438527830536
8,0.3,0.2,true,0.25,0.031290974414472414,0.4837866980839755
8,0.2,0.2,true,0.25,0.12792089295340978,1.0019857836876773
8,0.3,0.2,true,0.25,0.031277852033505825,0.39639337450797046
8,0.25,0.2,true,0.25,0.06098346402121438,0.9243578194530394
8,0.2,0.2,true,0.25,0.1279062477288679,0.9996925164415795
8,0.3,0.2,true,0.25,0.031098721337573798,0.43843388969166314
8,0.25,0.2,true,0.25,0.060888293581899774,0.9188245913169144
8,0.3,0.2,true,0.25,0.030737610661038004,0.47952360811343037
8,0.2,0.2,true,0.25,0.12786596190488092,0.9962202953692862
8,0.25,0.2,true,0.25,0.060734287660972955,0.9207676658117222
8,0.3,0.2,true,0.25,0.030655408995632915,0.42429810068241913
8,0.2,0.2,true,0.25,0.12797569545827858,0.9978483323613363
8,0.25,0.2,true,0.25,0.06064259345631324,0.9273391934739863
8,0.3,0.2,true,0.25,0.03057331019947556,0.4084953158149912
8,0.2,0.2,true,0.25,0.12808314287276382,0.9958615952707078
8,0.25,0.2,true,0.25,0.060474761976900555,0.9270073034723844
8,0.2,0.2,true,0.25,0.1281992283556227,0.9974261915732557
8,0.3,0.2,true,0.25,0.030369046389011795,0.38954619517628986
8,0.25,0.2,true,0.25,0.06031679662604094,0.9274391488324047
8,0.2,0.2,true,0.25,0.1282571519932721,0.9976866928252495
8,0.3,0.2,true,0.25,0.030160141989475985,0.42366863921713876
8,0.2,0.2,true,0.25,0.12837027456020603,0.9971542337653457
8,0.25,0.2,true,0.25,0.06029203676899542,0.9253952774037728
8,0.3,0.2,true,0.25,0.030096845699547833,0.4121985902553036
8,0.2,0.2,true,0.25,0.1285015866916618,1.007520590381057
8,0.25,0.2,true,0.25,0.06017792103052465,0.928188006340921
8,0.3,0.2,true,0.25,0.029920377139448288,0.4116129947088776
8,0.2,0.2,true,0.25,0.12847910520571695,0.9938541565301071
8,0.3,0.2,true,0.25,0.02963947131771527,0.42147643418622643
8,0.25,0.2,true,0.25,0.06003317888828566,0.928468116331156
8,0.2,0.2,true,0.25,0.1286476781929907,0.9995940569671807
8,0.3,0.2,true,0.25,0.029369079526792727,0.42669282963495336
8,0.25,0.2,true,0.25,0.05999734751341217,0.9283088457762465
8,0.2,0.2,true,0.25,0.12876827367915078,0.9964650385348558
8,0.3,0.2,true,0.25,0.029397924144433693,0.45703485116360837
8,0.25,0.2,true,0.25,0.05983827502795287,0.9285977344856877
8,0.2,0.2,true,0.25,0.1288250300990487,0.9980317383341049
8,0.3,0.2,true,0.25,0.029289810594719943,0.45143588751488756
8,0.25,0.2,true,0.25,0.05972225523122858,0.9287567088911989
8,0.2,0.2,true,0.25,0.1289662942690832,1.0030560244911044
8,0.3,0.2,true,0.25,0.02904740741860541,0.44889405201742455
8,0.25,0.2,true,0.25,0.05960693611722622,0.9290485053293396
8,0.2,0.2,true,0.25,0.1291664796504444,0.9959972318794584
8,0.3,0.2,true,0.25,0.02865279850461993,0.4650020043801037
8,0.25,0.2,true,0.25,0.0594976110017767,0.9290400169366273
8,0.2,0.2,true,0.25,0.1292283404543783,1.0013750569124775
8,0.3,0.2,true,0.25,0.028233528435501892,0.46616916871419833
8,0.25,0.2,true,0.25,0.05931575136525193,0.9287938115228522
8,0.2,0.2,true,0.25,0.1293128649583873,1.0032472355509836
8,0.3,0.2,true,0.25,0.027984828006803027,0.5070680913266361
8,0.25,0.2,true,0.25,0.0591928668235725,0.9291433390405354
8,0.2,0.2,true,0.25,0.1293809719208429,1.0022945528505673
8,0.3,0.2,true,0.25,0.02788769606711968,0.5145934402033817
8,0.25,0.2,true,0.25,0.059054963995561226,0.9293588823447775
8,0.2,0.2,true,0.25,0.12943430728775004,0.9977822296429908
8,0.3,0.2,true,0.25,0.027719465417811635,0.49810145780192405
8,0.25,0.2,true,0.25,0.05900380596047998,0.9295261552785433
8,0.2,0.2,true,0.25,0.12943659236933866,1.0032920039127904
8,0.3,0.2,true,0.25,0.027965522717214662,0.4787878802039743
8,0.25,0.2,true,0.25,0.058914271507771745,0.9295598635639784
8,0.2,0.2,true,0.25,0.12958501929182933,1.0052078557325899
8,0.3,0.2,true,0.25,0.027904572441715396,0.5285248214627548
8,0.25,0.2,true,0.25,0.05886002026391311,0.9297104021872431
8,0.2,0.2,true,0.25,0.12965078851105952,0.996730031042969
8,0.3,0.2,true,0.25,0.02781920369687373,0.5226656480313869
8,0.25,0.2,true,0.25,0.05866867993269482,0.9297884508057345
8,0.2,0.2,true,0.25,0.12972489733762974,1.0036156737009052
8,0.3,0.2,true,0.25,0.02765153418692044,0.508803208577277
8,0.2,0.2,true,0.25,0.12977091141339564,1.0048512424129592
8,0.25,0.2,true,0.25,0.05857252353112904,0.929694217699081
8,0.3,0.2,true,0.25,0.027446426249855885,0.4741443263876411
8,0.2,0.2,true,0.25,0.12986037102991688,1.0005941088055386
8,0.25,0.2,true,0.25,0.058459548001737485,0.9298842389118365
8,0.3,0.2,true,0.25,0.027379182591342192,0.45871411616066854
8,0.2,0.2,true,0.25,0.12994617751334803,1.003835259011416
8,0.25,0.2,true,0.25,0.05839102320146597,0.9298605044800508
8,0.3,0.2,true,0.25,0.027334098325787697,0.47306789761308266
8,0.2,0.2,true,0.25,0.12999487828644063,0.9956802008075486
8,0.25,0.2,true,0.25,0.058263694630407,0.9301339958893754
8,0.3,0.2,true,0.25,0.027310399996003386,0.4553310368030469
8,0.2,0.2,true,0.25,0.1301279453311702,1.0015574703134829
8,0.25,0.2,true,0.25,0.058092775762991294,0.9305811102630397
8,0.3,0.2,true,0.25,0.027199202172651794,0.5006715640343259
8,0.2,0.2,true,0.25,0.13022307824904847,0.9932959590305149
8,0.25,0.2,true,0.25,0.058056586318263416,0.9306052240532947
8,0.2,0.2,true,0.25,0.13028784811736568,0.9969100444908485
8,0.3,0.2,true,0.25,0.027240703598573765,0.5068563459204397
8,0.25,0.2,true,0.25,0.05801792584330707,0.930831820962605
8,0.2,0.2,true,0.25,0.13031990429690932,0.9986149854569336
8,0.3,0.2,true,0.25,0.0271618688174254,0.49201623050065396
8,0.25,0.2,true,0.25,0.05801980503029775,0.9307038937703075
8,0.2,0.2,true,0.25,0.13055176375909608,0.9982648157295737
8,0.3,0.2,true,0.25,0.026907067813161337,0.4625016197259036
8,0.25,0.2,true,0.25,0.0579458674023041,0.9306604240636321
8,0.2,0.2,true,0.25,0.13056633011877164,0.9899415428006474
8,0.3,0.2,true,0.25,0.026869200437501174,0.5141714431420696
8,0.25,0.2,true,0.25,0.057851078555347525,0.9306261845433849
8,0.2,0.2,true,0.25,0.1307197762973253,0.9846983925402871
8,0.3,0.2,true,0.25,0.026637488944752288,0.5117836757651554
8,0.25,0.2,true,0.25,0.05772261238986717,0.9306528306423296
8,0.2,0.2,true,0.25,0.13085335953109478,1.00008939827628
8,0.3,0.2,true,0.25,0.026521626686474894,0.4999536703549909
8,0.25,0.2,true,0.25,0.057640773693877455,0.9307216427525715
8,0.2,0.2,true,0.25,0.13082919645845975,0.9955741587849458
8,0.3,0.2,true,0.25,0.02647025346823036,0.533649273413988
8,0.25,0.2,true,0.25,0.057575910324877036,0.9310078848681225
8,0.2,0.2,true,0.25,0.1308052382397795,0.9905456294018827
8,0.3,0.2,true,0.25,0.026289616005206674,0.548527291001995
8,0.25,0.2,true,0.25,0.05752279933039913,0.9313608010362727
8,0.2,0.2,true,0.25,0.13077761120132345,0.9867836193869063
8,0.3,0.2,true,0.25,0.026120126870506293,0.5406390737490042
8,0.25,0.2,true,0.25,0.05736518691639141,0.9313997684684646
8,0.2,0.2,true,0.25,0.13080630954737324,0.99415680001081
8,0.3,0.2,true,0.25,0.02594177248529275,0.5255661862344868
8,0.25,0.2,true,0.25,0.05721686211524222,0.9315434043582945
8,0.2,0.2,true,0.25,0.13080737567820333,0.9872415030405935
8,0.3,0.2,true,0.25,0.02586013946089106,0.5260778267236457
8,0.25,0.2,true,0.25,0.05717166354821271,0.9315101799511326
8,0.2,0.2,true,0.25,0.13091557179057237,0.9990836037776761
8,0.3,0.2,true,0.25,0.025874950833991425,0.5420503430252368
8,0.25,0.2,true,0.25,0.057096892721002004,0.93145464133368
8,0.2,0.2,true,0.25,0.1309795029970169,0.9880941909840629
8,0.3,0.2,true,0.25,0.02589865539264554,0.5518086124915493
8,0.25,0.2,true,0.25,0.05706796276302396,0.9310931029490866
8,0.2,0.2,true,0.25,0.13106950689288357,0.9946182174885125
8,0.25,0.2,true,0.25,0.05704056949765283,0.9311565844338319
8,0.3,0.2,true,0.25,0.025809666422476587,0.5876252951841481
8,0.2,0.2,true,0.25,0.13113703489698406,0.9928480272518133
8,0.25,0.2,true,0.25,0.05697463037196658,0.9311950116049957
8,0.3,0.2,true,0.25,0.02574346601194503,0.5798217606786815
8,0.2,0.2,true,0.25,0.13111511256359384,0.9965396640650138
8,0.25,0.2,true,0.25,0.056968191459402975,0.9315546702047324
8,0.3,0.2,true,0.25,0.02568285767137897,0.5543866374342648
8,0.2,0.2,true,0.25,0.13114791798393727,0.9940346349076654
8,0.25,0.2,true,0.25,0.05685114437192269,0.9314827529237938
8,0.3,0.2,true,0.25,0.025632520960417862,0.5674180928602516
8,0.2,0.2,true,0.25,0.13112524452518803,0.9867709174758823
8,0.25,0.2,true,0.25,0.05680183768707558,0.9317610587997558
8,0.3,0.2,true,0.25,0.025609307557416496,0.5755606147703141
8,0.2,0.2,true,0.25,0.1311965282730691,0.9879568348398147
8,0.25,0.2,true,0.25,0.05668365061187968,0.9320448588421572
8,0.3,0.2,true,0.25,0.02565849639523384,0.5880111095848736
8,0.2,0.2,true,0.25,0.13123266304208286,0.9899026052699392
8,0.25,0.2,true,0.25,0.056680147452494764,0.9321901604292895
8,0.2,0.2,true,0.25,0.1312674136237369,0.9936794945243815
8,0.3,0.2,true,0.25,0.025597402004675907,0.5685306254503106
8,0.25,0.2,true,0.25,0.05659891802395785,0.9324457151989334
8,0.2,0.2,true,0.25,0.1313536376205423,0.9924025021272915
8,0.3,0.2,true,0.25,0.025629321599005214,0.5891512670492595
8,0.25,0.2,true,0.25,0.056502525694162274,0.9326484801900801
8,0.2,0.2,true,0.25,0.13137792455880143,0.9810801828834314
8,0.3,0.2,true,0.25,0.025657869940865656,0.5732459578396082
8,0.25,0.2,true,0.25,0.05643688169527603,0.9329628227410846
8,0.2,0.2,true,0.25,0.13151196087128697,0.982915660348488
8,0.3,0.2,true,0.25,0.025665860898963194,0.5944093210345629
8,0.25,0.2,true,0.25,0.056359857255550594,0.9331602709803339
8,0.2,0.2,true,0.25,0.13150772707941058,0.9847902269816738
8,0.3,0.2,true,0.25,0.02568716659889727,0.6040289585123394
8,0.25,0.2,true,0.25,0.056337527922091755,0.9333635849209239
8,0.2,0.2,true,0.25,0.13150956196914035,0.9812142631722316
8,0.3,0.2,true,0.25,0.025660202934240508,0.5673921944151187
8,0.25,0.2,true,0.25,0.05633804218554149,0.9335080097171926
8,0.2,0.2,true,0.25,0.13154673757972202,0.9809727218256499
8,0.25,0.2,true,0.25,0.05631145767456757,0.9335625537109538
8,0.3,0.2,true,0.25,0.025653245700390414,0.5882247893649323
8,0.2,0.2,true,0.25,0.1316905695531214,0.9787250611541181
8,0.25,0.2,true,0.25,0.0562207346663774,0.933841013214119
8,0.3,0.2,true,0.25,0.025595177553285883,0.5813353490150279
8,0.2,0.2,true,0.25,0.1317205822601604,0.9810882572456747
8,0.25,0.2,true,0.25,0.05617935096139719,0.9338350522973383
8,0.3,0.2,true,0.25,0.02560717585248056,0.5796677994516303
8,0.2,0.2,true,0.25,0.1317806905957741,0.9794611047124168
8,0.25,0.2,true,0.25,0.05611868842574498,0.9337814091453274
8,0.3,0.2,true,0.25,0.025637769389759705,0.597119989847179
8,0.25,0.2,true,0.25,0.05608793755796782,0.9335767269652169
8,0.2,0.2,true,0.25,0.13182133360837647,0.9906162269028652
8,0.3,0.2,true,0.25,0.025635131113218686,0.5923241142264587
8,0.25,0.2,true,0.25,0.05604671633589686,0.9338375517437992
8,0.2,0.2,true,0.25,0.1318423178276938,0.9847776011053203
8,0.3,0.2,true,0.25,0.025589964584465393,0.5944480667126317
8,0.25,0.2,true,0.25,0.05597601896462725,0.9339372865580725
8,0.2,0.2,true,0.25,0.13189013337076116,0.9815705226801941
8,0.25,0.2,true,0.25,0.05594807522117762,0.9342552405719234
8,0.3,0.2,true,0.25,0.025552368466595945,0.6014379791564808
8,0.2,0.2,true,0.25,0.13190970340981742,0.9815976182472413
8,0.25,0.2,true,0.25,0.05578818881839986,0.9345895330672627
8,0.3,0.2,true,0.25,0.02553977242460615,0.6103904307691176
8,0.2,0.2,true,0.25,0.1319202273876079,0.9901896372066049
8,0.25,0.2,true,0.25,0.055793999768315256,0.9346947895086478
8,0.3,0.2,true,0.25,0.02551863004006794,0.607299320671858
8,0.2,0.2,true,0.25,0.13199108471534327,0.9838752450832914
8,0.25,0.2,true,0.25,0.055716856452185444,0.9345541495071177
8,0.3,0.2,true,0.25,0.025506484452943064,0.6096240307585447
8,0.2,0.2,true,0.25,0.13208486782035694,0.9890316263347195
8,0.25,0.2,true,0.25,0.05561476939736386,0.9344390237836752
8,0.3,0.2,true,0.25,0.025503186610387567,0.6095267165324983
8,0.2,0.2,true,0.25,0.13218743154419668,0.9842417010208838
8,0.25,0.2,true,0.25,0.05555621455216661,0.9343482494200777
8,0.3,0.2,true,0.25,0.025493809245935188,0.6032780226139629
8,0.2,0.2,true,0.25,0.13217637912306826,0.9887193140961968
8,0.25,0.2,true,0.25,0.05549534640844485,0.9344372883720676
8,0.2,0.2,true,0.25,0.13224681249231443,0.9910418027432764
8,0.3,0.2,true,0.25,0.025492010359865067,0.6083870253878698
8,0.25,0.2,true,0.25,0.05542707431234431,0.9343492090299615
8,0.2,0.2,true,0.25,0.13228295642114504,0.9894218511425321
8,0.3,0.2,true,0.25,0.025478540083923917,0.6083036080901707
8,0.25,0.2,true,0.25,0.05536715119849119,0.9343154828030468
8,0.2,0.2,true,0.25,0.13231953235341828,0.9859990610894425
8,0.25,0.2,true,0.25,0.055296416388850626,0.9344850687975754
8,0.3,0.2,true,0.25,0.02546894304353249,0.6082730991886731
8,0.25,0.2,true,0.25,0.05524664279722267,0.9347391976136153
8,0.2,0.2,true,0.25,0.13248236284725698,0.9814343598368761
8,0.3,0.2,true,0.25,0.02545687929834111,0.6082061571815931
8,0.25,0.2,true,0.25,0.055245687646363374,0.9348638237171878
8,0.2,0.2,true,0.25,0.13245716641175131,0.9758535489236924
8,0.3,0.2,true,0.25,0.025448987125099427,0.6081368592454828
8,0.25,0.2,true,0.25,0.05520370712140276,0.9348370923960476
8,0.2,0.2,true,0.25,0.13242954386878378,0.9850077126015168
8,0.3,0.2,true,0.25,0.025440656117963614,0.6080738209697348
8,0.25,0.2,true,0.25,0.05511369611492637,0.9349804682388025
8,0.2,0.2,true,0.25,0.13248046526956725,0.9874644174762165
8,0.3,0.2,true,0.25,0.02543344840498494,0.6079981297590618
8,0.25,0.2,true,0.25,0.055066033434927754,0.9350082678947413
8,0.2,0.2,true,0.25,0.13242824714315848,0.9793474572273563
8,0.3,0.2,true,0.25,0.02542575770988524,0.6079079399986473
8,0.25,0.2,true,0.25,0.055023302934719125,0.9350544117996747
8,0.2,0.2,true,0.25,0.13246200433344363,0.9807323566067578
8,0.3,0.2,true,0.25,0.025420147250883138,0.6078177746983119
8,0.25,0.2,true,0.25,0.054950439221326086,0.935262756300102
8,0.2,0.2,true,0.25,0.13241103492241416,0.981454273720216
8,0.3,0.2,true,0.25,0.025414851739163757,0.6077716267225286
8,0.25,0.2,true,0.25,0.05487393058332058,0.9353681555488476
8,0.2,0.2,true,0.25,0.13242198628140692,0.9827428876946722
8,0.3,0.2,true,0.25,0.025409895148024244,0.6077157297432372
8,0.25,0.2,true,0.25,0.05483238112748534,0.9354243319090877
8,0.2,0.2,true,0.25,0.13246396704152175,0.9876426045668528
8,0.3,0.2,true,0.25,0.0254031974135713,0.6076536137358901
8,0.25,0.2,true,0.25,0.05474608187617112,0.9352974095764232
8,0.2,0.2,true,0.25,0.13244088231184128,0.9806512932503398
8,0.25,0.2,true,0.25,0.05467535674522329,0.9352928750053621
8,0.3,0.2,true,0.25,0.02539699027099681,0.6075747228880666
8,0.25,0.2,true,0.25,0.05462903762963867,0.9352667913493377
8,0.2,0.2,true,0.25,0.13247021704679676,0.9820558105490249
8,0.3,0.2,true,0.25,0.025392518824384022,0.6075244011263584
8,0.25,0.2,true,0.25,0.054563420703453394,0.9352631652316222
8,0.2,0.2,true,0.25,0.13245832145561326,0.9832950117006275
8,0.3,0.2,true,0.25,0.025386984998946503,0.607455218196253
8,0.25,0.2,true,0.25,0.054505003087848496,0.9353120434371398
8,0.2,0.2,true,0.25,0.13256397650636084,0.9784689905358788
8,0.3,0.2,true,0.25,0.025380986414391307,0.6073833656200451
8,0.25,0.2,true,0.25,0.05446229614326713,0.9353914890077208
8,0.3,0.2,true,0.25,0.025375918894771886,0.6073189878302722
8,0.2,0.2,true,0.25,0.13253390544032087,0.9821926433402905
8,0.25,0.2,true,0.25,0.05436882045432695,0.935625942701058
8,0.3,0.2,true,0.25,0.025370256569350432,0.6072578745234201
8,0.2,0.2,true,0.25,0.13253776889243876,0.9893811926993762
8,0.25,0.2,true,0.25,0.05433902599689264,0.9355543829901908
8,0.3,0.2,true,0.25,0.025365829439855964,0.6072185926586288
8,0.2,0.2,true,0.25,0.1326277897521197,0.982043767393539
8,0.25,0.2,true,0.25,0.05433277412096494,0.9356055538625464
8,0.3,0.2,true,0.25,0.02536201011140308,0.6071739714910175
8,0.2,0.2,true,0.25,0.13262290545847907,0.9826320653794993
8,0.25,0.2,true,0.25,0.05429205958718453,0.9358286196859266
8,0.3,0.2,true,0.25,0.025356974611023764,0.6071139301214178
8,0.2,0.2,true,0.25,0.1326614456072239,0.9807850372418663
8,0.25,0.2,true,0.25,0.05421820867804059,0.9358311157353884
8,0.3,0.2,true,0.25,0.025352231651091562,0.6070543396655359
8,0.2,0.2,true,0.25,0.1326758884700671,0.9788647444845421
8,0.25,0.2,true,0.25,0.05416298501768521,0.9358670180937135
8,0.3,0.2,true,0.25,0.025349004631930214,0.6070115620765308
8,0.25,0.2,true,0.25,0.05412910699397747,0.9360719296712123
8,0.2,0.2,true,0.25,0.13276088708274178,0.9863740178222327
8,0.25,0.2,true,0.25,0.05408662025642892,0.936256426568138
8,0.3,0.2,true,0.25,0.02534623910563089,0.6069877301568423
8,0.2,0.2,true,0.25,0.13284854900805018,0.9788534440106725
8,0.25,0.2,true,0.25,0.054062514777647945,0.9363503738089317
8,0.3,0.2,true,0.25,0.02534206524302658,0.6069501882369678
8,0.2,0.2,true,0.25,0.1329281250200583,0.979554238526068
8,0.25,0.2,true,0.25,0.054013139931725226,0.9365659458639212
8,0.3,0.2,true,0.25,0.02533935024587517,0.6069077032971691
8,0.2,0.2,true,0.25,0.13297142850278132,0.9847827455551823
8,0.25,0.2,true,0.25,0.05397834586220473,0.9368046806785177
8,0.2,0.2,true,0.25,0.13301344338546053,0.9788815357303118
8,0.3,0.2,true,0.25,0.025335625228407977,0.6068544035081481
8,0.25,0.2,true,0.25,0.05394152672345915,0.9368138157773135
8,0.2,0.2,true,0.25,0.13310696741269692,0.9666373344788757
8,0.3,0.2,true,0.25,0.025331179830053355,0.6067965088903264
8,0.25,0.2,true,0.25,0.05392968316681967,0.9369708142021486
8,0.2,0.2,true,0.25,0.13320627801790244,0.9803664212561651
8,0.3,0.2,true,0.25,0.025327790253008405,0.606752203488903
8,0.25,0.2,true,0.25,0.05392248184169554,0.9371061294499524
8,0.2,0.2,true,0.25,0.13335295222537635,0.9808075896358136
8,0.3,0.2,true,0.25,0.02532505047757409,0.6067319669746389
8,0.25,0.2,true,0.25,0.05388050362947118,0.937108153482939
8,0.2,0.2,true,0.25,0.13343022643387886,0.9783642915175416
8,0.3,0.2,true,0.25,0.025322423374593683,0.606697453833044
8,0.25,0.2,true,0.25,0.05384604457079031,0.9372539325221947
8,0.2,0.2,true,0.25,0.13343230199733494,0.9830057196775321
8,0.3,0.2,true,0.25,0.025319535247493818,0.6066685226976661
8,0.25,0.2,true,0.25,0.05379470322913564,0.9372150364782389
8,0.2,0.2,true,0.25,0.13351516792281992,0.9795778262442085
8,0.3,0.2,true,0.25,0.02531567884592378,0.6066198741970965
8,0.25,0.2,true,0.25,0.053762571496194046,0.9373071509965558
8,0.2,0.2,true,0.25,0.1336042725925875,0.9817025275386636
8,0.3,0.2,true,0.25,0.025313320733958516,0.6066010919985152
8,0.25,0.2,true,0.25,0.05370395319013767,0.9373410192080286
8,0.2,0.2,true,0.25,0.13361791515096397,0.9834372815326227
8,0.3,0.2,true,0.25,0.025311164534336492,0.606576272780861
8,0.25,0.2,true,0.25,0.05362529498850187,0.9374603403632764
8,0.2,0.2,true,0.25,0.13369751156595205,0.9810143852261564
8,0.3,0.2,true,0.25,0.025308956594706274,0.6065559747340938
8,0.25,0.2,true,0.25,0.053567159469783535,0.9374964888056664
8,0.2,0.2,true,0.25,0.13373772811803358,0.9836220551922398
8,0.3,0.2,true,0.25,0.025306825184846327,0.6065286104169748
8,0.25,0.2,true,0.25,0.053540983474300204,0.9377155869130681
8,0.2,0.2,true,0.25,0.13388626514448093,0.9785990935529735
8,0.25,0.2,true,0.25,0.05354782578832096,0.9377747738218076
8,0.3,0.2,true,0.25,0.02530396289132327,0.6065036466217609
8,0.2,0.2,true,0.25,0.13388143326562013,0.9815210446396389
8,0.3,0.2,true,0.25,0.025302181974566625,0.6064809167762377
8,0.25,0.2,true,0.25,0.053497980977687605,0.9376862792799223
8,0.2,0.2,true,0.25,0.13393642506780443,0.9783514220483642
8,0.25,0.2,true,0.25,0.053449331551392636,0.9377600518468361
8,0.3,0.2,true,0.25,0.025300755066034544,0.6064648974707524
8,0.2,0.2,true,0.25,0.13396613226226325,0.9831927596156711
8,0.25,0.2,true,0.25,0.05343916712163966,0.9377129482779604
8,0.3,0.2,true,0.25,0.025299848566658463,0.6064577412871237
8,0.2,0.2,true,0.25,0.13404567951781365,0.9727791059759117
8,0.25,0.2,true,0.25,0.05341711609840448,0.9378381954856813
8,0.3,0.2,true,0.25,0.025297829639687762,0.6064355657578475
8,0.2,0.2,true,0.25,0.1340628971758126,0.9784904388487957
8,0.25,0.2,true,0.25,0.05339821772393208,0.9379880883759928
8,0.3,0.2,true,0.25,0.025296005176592386,0.6064098936784358
8,0.2,0.2,true,0.25,0.13400534169876366,0.9778651272504909
8,0.25,0.2,true,0.25,0.053370797417205344,0.9381195442792742
8,0.3,0.2,true,0.25,0.025294624579663045,0.6063959756809492
8,0.2,0.2,true,0.25,0.1341881758683093,0.9778384092912096
8,0.25,0.2,true,0.25,0.053328792937248695,0.9383316749274857
8,0.25,0.2,true,0.25,0.053291464345559425,0.9382942667420278
8,0.2,0.2,true,0.25,0.13422902946854426,0.9802908006829375
8,0.3,0.2,true,0.25,0.025293113272082935,0.6063709960335479
8,0.25,0.2,true,0.25,0.053231194589692894,0.9384111173665185
8,0.2,0.2,true,0.25,0.13429944298163726,0.9804205889815456
8,0.3,0.2,true,0.25,0.025291563819765068,0.6063609712573155
8,0.2,0.2,true,0.25,0.13431522552371186,0.974398342214839
8,0.3,0.2,true,0.25,0.025289821544551908,0.6063383332675601
8,0.3,0.2,true,0.25,0.025288035715545835,0.6063143632188805
8,0.3,0.2,true,0.25,0.025287085855991747,0.6063039364916342
8,0.3,0.2,true,0.25,0.02528537086758661,0.6062844183095204
8,0.3,0.2,true,0.25,0.025284274972971692,0.6062743463657727
8,0.3,0.2,true,0.25,0.025282520551797565,0.6062579490714813
8,0.3,0.2,true,0.25,0.025282129690144373,0.6062497407007933
8,0.3,0.2,true,0.25,0.02528055794661745,0.6062306840860349
8,0.3,0.2,true,0.25,0.025279852065977076,0.6062239671723122
8,0.3,0.2,true,0.25,0.025278763006293704,0.6062140535081815
8,0.3,0.2,true,0.25,0.025277823428980956,0.6062028440429932
8,0.35,0.2,true,0.25,0.038658570014332636,-0.003651193399137895
8,0.3,0.2,true,0.25,0.025276173720865876,0.6061867758676474
8,0.35,0.2,true,0.25,0.038746241406108266,0.005959154273879541
8,0.35,0.2,true,0.25,0.03854123086160436,0.031484546114510965
8,0.4,0.2,true,0.25,0.038379688804554286,-0.0015744866181074527
8,0.3,0.2,true,0.25,0.025275396881045124,0.6061767007106339
8,0.35,0.2,true,0.25,0.037511173670653146,0.058978144887204244
8,0.4,0.2,true,0.25,0.03784208540540937,0.008253432615828837
8,0.3,0.2,true,0.25,0.025274561985449168,0.6061642036309256
8,0.35,0.2,true,0.25,0.03739541331847699,0.050482133678252675
8,0.4,0.2,true,0.25,0.03645781240921023,0.030773321234763274
8,0.3,0.2,true,0.25,0.025273930466533163,0.6061570697846932
8,0.35,0.2,true,0.25,0.036881064803916064,0.0801701493322954
8,0.4,0.2,true,0.25,0.03536688192587245,0.056518341379782504
8,0.3,0.2,true,0.25,0.0252729433375701,0.6061427146986611
8,0.35,0.2,true,0.25,0.03619871936686863,0.11878538900905887
8,0.4,0.2,true,0.25,0.033262484643940535,0.07334009799099776
8,0.3,0.2,true,0.25,0.025271656674068253,0.6061300594990254
8,0.35,0.2,true,0.25,0.03592328177171149,0.15849739503854468
8,0.4,0.2,true,0.25,0.03166308221617685,0.11094682360858141
8,0.3,0.2,true,0.25,0.02527071807336573,0.6061176196901049
8,0.35,0.2,true,0.25,0.03510702278646054,0.20082253241541495
8,0.4,0.2,true,0.25,0.030220606446639625,0.14089517423458595
8,0.35,0.2,true,0.25,0.03413120233325165,0.20086760902591438
8,0.3,0.2,true,0.25,0.025269940635788586,0.6061112356288397
8,0.4,0.2,true,0.25,0.028942898667357986,0.15919452708334048
8,0.35,0.2,true,0.25,0.03241881253180405,0.27619333814925257
8,0.3,0.2,true,0.25,0.025269109338479506,0.6061016903861023
8,0.4,0.2,true,0.25,0.02766348657340464,0.20602943804123264
8,0.35,0.2,true,0.25,0.031222547941022305,0.2887556885373383
8,0.3,0.2,true,0.25,0.025268593907566347,0.6060900514668878
8,0.4,0.2,true,0.25,0.025896986782034778,0.23698854931684943
8,0.35,0.2,true,0.25,0.030188968597508175,0.3273201251580887
8,0.3,0.2,true,0.25,0.02526780810937302,0.6060834353680615
8,0.4,0.2,true,0.25,0.024423980190137647,0.2762200030376679
8,0.35,0.2,true,0.25,0.029002513251054584,0.36416064174694046
8,0.4,0.2,true,0.25,0.022933286724833038,0.32525031355648587
8,0.3,0.2,true,0.25,0.025266453817359372,0.6060689045859389
8,0.35,0.2,true,0.25,0.02777996404030062,0.37156110552670246
8,0.4,0.2,true,0.25,0.021356085012499495,0.3273545702852741
8,0.3,0.2,true,0.25,0.025265956873116214,0.6060658035694438
8,0.35,0.2,true,0.25,0.027102300605863074,0.35346058026308663
8,0.4,0.2,true,0.25,0.020215481731962203,0.32943493310181
8,0.3,0.2,true,0.25,0.02526537342078246,0.6060580541114688
8,0.35,0.2,true,0.25,0.026046211940755383,0.38413328293547383
8,0.4,0.2,true,0.25,0.019165886301001953,0.37092688130296375
8,0.35,0.2,true,0.25,0.025042216405736607,0.3502699656952469
8,0.3,0.2,true,0.25,0.025264922707817727,0.6060526029994951
8,0.4,0.2,true,0.25,0.018063209585324615,0.39230267715710715
8,0.35,0.2,true,0.25,0.024387015751605914,0.39443112013117737
8,0.4,0.2,true,0.25,0.01721903055126721,0.4694387935504067
8,0.3,0.2,true,0.25,0.02526443981742994,0.6060463151590739
8,0.35,0.2,true,0.25,0.02358819683549513,0.3829906461868287
8,0.4,0.2,true,0.25,0.016259910364099687,0.45085473053406866
8,0.3,0.2,true,0.25,0.02526377345806165,0.6060418923235267
8,0.35,0.2,true,0.25,0.022910301698191134,0.38972385047326985
8,0.4,0.2,true,0.25,0.01544434370706471,0.4885825216957316
8,0.3,0.2,true,0.25,0.025263307678088178,0.6060372238306366
8,0.35,0.2,true,0.25,0.022314695634315308,0.41066129836875453
8,0.4,0.2,true,0.25,0.014464063128099504,0.5388018239253846
8,0.35,0.2,true,0.25,0.021332210445208645,0.38912127999867446
8,0.3,0.2,true,0.25,0.025262491781752643,0.6060290321341065
8,0.4,0.2,true,0.25,0.013920648431674352,0.5409421288685792
8,0.35,0.2,true,0.25,0.020821469821262952,0.3882860458739049
8,0.3,0.2,true,0.25,0.025261855214301507,0.6060211547009687
8,0.4,0.2,true,0.25,0.013057044670146229,0.5865234041361551
8,0.35,0.2,true,0.25,0.020266700465234093,0.40346480690686043
8,0.3,0.2,true,0.25,0.02526140550049791,0.6060140348751093
8,0.4,0.2,true,0.25,0.012543888578766782,0.5997590631948538
8,0.35,0.2,true,0.25,0.01977296856430075,0.3949928844517614
8,0.4,0.2,true,0.25,0.01211090144322981,0.590089635410802
8,0.3,0.2,true,0.25,0.02526130059614093,0.6060158430538357
8,0.35,0.2,true,0.25,0.019279823941018424,0.4325171001943866
8,0.4,0.2,true,0.25,0.011513949026746954,0.5835495415583165
8,0.3,0.2,true,0.25,0.025260693437125285,0.6060092342081377
8,0.35,0.2,true,0.25,0.01861082277070209,0.43959180160478034
8,0.4,0.2,true,0.25,0.010767025824123465,0.6336556890889051
8,0.3,0.2,true,0.25,0.025260003589401614,0.6060021339517577
8,0.35,0.2,true,0.25,0.01806635295043711,0.4008164858571199
8,0.4,0.2,true,0.25,0.01037919026510277,0.6412124280377249
8,0.35,0.2,true,0.25,0.01781932615088899,0.44967412907290616
8,0.3,0.2,true,0.25,0.025259479576202764,0.6060001998578898
8,0.4,0.2,true,0.25,0.01006113123017119,0.620818630426363
8,0.35,0.2,true,0.25,0.017117149210800098,0.47240870387481265
8,0.3,0.2,true,0.25,0.0252589546986558,0.6059925955262788
8,0.4,0.2,true,0.25,0.009687746109202823,0.6124235643552451
8,0.35,0.2,true,0.25,0.01630219453396384,0.4700863904771016
8,0.3,0.2,true,0.25,0.02525845835055811,0.6059863717990269
8,0.4,0.2,true,0.25,0.009481870037416615,0.645376794085521
8,0.35,0.2,true,0.25,0.015705604718399872,0.46995278452757655
8,0.3,0.2,true,0.25,0.02525806777487525,0.6059841536632965
8,0.4,0.2,true,0.25,0.009154433478467028,0.6450219061060728
8,0.35,0.2,true,0.25,0.015233659904596668,0.46357867463157515
8,0.3,0.2,true,0.25,0.025257715842482546,0.6059801865423143
8,0.4,0.2,true,0.25,0.00883039786429179,0.6323473797133785
8,0.35,0.2,true,0.25,0.014920834534497508,0.46562979915560987
8,0.3,0.2,true,0.25,0.02525754355026174,0.6059774633460592
8,0.4,0.2,true,0.25,0.008607910438733449,0.5829379970834978
8,0.35,0.2,true,0.25,0.014540223316515447,0.4399210941528814
8,0.3,0.2,true,0.25,0.025257316420151932,0.6059752801628336
8,0.4,0.2,true,0.25,0.008331593684478417,0.601187349024231
8,0.35,0.2,true,0.25,0.014213516626437411,0.45001780936033275
8,0.3,0.2,true,0.25,0.025256746158982168,0.6059696583811848
8,0.4,0.2,true,0.25,0.007917656479548734,0.6235282953801372
8,0.35,0.2,true,0.25,0.013915702124715492,0.43091178099782035
8,0.3,0.2,true,0.25,0.0252564786399001,0.6059674365057857
8,0.4,0.2,true,0.25,0.007516463306018753,0.6233546761640028
8,0.35,0.2,true,0.25,0.013526718052692545,0.4960260027820541
8,0.3,0.2,true,0.25,0.025256211659116474,0.6059643330278237
8,0.4,0.2,true,0.25,0.007279844222783723,0.6008513876816944
8,0.35,0.2,true,0.25,0.012977375404073491,0.440659676619642
8,0.3,0.2,true,0.25,0.02525581611278888,0.6059612632057817
8,0.4,0.2,true,0.25,0.007157278951981518,0.597234510782415
8,0.35,0.2,true,0.25,0.012703448467417042,0.4525828821024665
8,0.3,0.2,true,0.25,0.025255571490233136,0.6059572909054344
8,0.4,0.2,true,0.25,0.006965098970809817,0.5936603150155264
8,0.35,0.2,true,0.25,0.012470630830389361,0.3998992341005351
8,0.3,0.2,true,0.25,0.02525541570233981,0.6059552315482202
8,0.4,0.2,true,0.25,0.006767572871380192,0.584084736123643
8,0.35,0.2,true,0.25,0.01224957168890379,0.42111416973763016
8,0.3,0.2,true,0.25,0.02525514428361403,0.605952688205725
8,0.4,0.2,true,0.25,0.006578115381877298,0.5637879245542758
8,0.35,0.2,true,0.25,0.012038892614820955,0.4182612735872298
8,0.3,0.2,true,0.25,0.025255110867457905,0.6059551368133262
8,0.4,0.2,true,0.25,0.006389911418536972,0.5889446838159256
8,0.35,0.2,true,0.25,0.011621530700070203,0.4490741289953671
8,0.4,0.2,true,0.25,0.00619329978448691,0.5889392184776607
8,0.3,0.2,true,0.25,0.025254797185873094,0.6059507918038867
8,0.35,0.2,true,0.25,0.011300566888734648,0.42087260321835174
8,0.4,0.2,true,0.25,0.006068999760755238,0.4994572213922212
8,0.35,0.2,true,0.25,0.011063394445511951,0.3877355871768409
8,0.3,0.2,true,0.25,0.02525458408373424,0.6059482977740779
8,0.4,0.2,true,0.25,0.005903311189019716,0.5708077569540718
8,0.35,0.2,true,0.25,0.010976869786314469,0.36088891565655035
8,0.3,0.2,true,0.25,0.025254295810343757,0.6059419631775529
8,0.4,0.2,true,0.25,0.005716230587877903,0.5145480915355523
8,0.35,0.2,true,0.25,0.01068052411389937,0.39347873889268875
8,0.3,0.2,true,0.25,0.02525417090836138,0.6059429900403592
8,0.4,0.2,true,0.25,0.005563801506766128,0.5583766713103376
8,0.35,0.2,true,0.25,0.010551564747618666,0.3770439005473314
8,0.3,0.2,true,0.25,0.025253888354944878,0.6059404577950536
8,0.4,0.2,true,0.25,0.0055516003998788135,0.5164753099876043
8,0.35,0.2,true,0.25,0.010200270435447117,0.382301036412426
8,0.3,0.2,true,0.25,0.025253556068873716,0.6059370577148572
8,0.4,0.2,true,0.25,0.005386565118207641,0.48183401960332606
8,0.35,0.2,true,0.25,0.010018133765886332,0.36813492615866517
8,0.3,0.2,true,0.25,0.02525322628302986,0.6059323113324638
8,0.4,0.2,true,0.25,0.0052256059904966,0.465678593890688
8,0.35,0.2,true,0.25,0.009787778626301275,0.37148846105929473
8,0.35,0.2,true,0.25,0.009659722328403023,0.37308561767822146
8,0.4,0.2,true,0.25,0.005073268072319826,0.49043930244952405
8,0.35,0.2,true,0.25,0.009473760878153692,0.37354633473570753
8,0.4,0.2,true,0.25,0.004952114653506172,0.48495482022452546
8,0.35,0.2,true,0.25,0.009393674523556434,0.37105351189970426
8,0.4,0.2,true,0.25,0.004883213139713242,0.40574139679690097
8,0.35,0.2,true,0.25,0.009256218525685738,0.32701039869849713
8,0.4,0.2,true,0.25,0.004717203224340342,0.4260300612363443
8,0.35,0.2,true,0.25,0.009063537177350332,0.29351247764225724
8,0.4,0.2,true,0.25,0.004559679153807393,0.3990546720181145
8,0.35,0.2,true,0.25,0.00893922304178419,0.31014962969486837
8,0.4,0.2,true,0.25,0.004406934472526592,0.3882937939838551
8,0.35,0.2,true,0.25,0.008790090557963972,0.2969740422757793
8,0.4,0.2,true,0.25,0.0043172480118026605,0.38160553589903073
8,0.35,0.2,true,0.25,0.008706898494707934,0.32098642859497317
8,0.4,0.2,true,0.25,0.004178607988471715,0.3810227005497386
8,0.35,0.2,true,0.25,0.008605759146747431,0.3315713037666026
8,0.4,0.2,true,0.25,0.004073712822482867,0.39413780080944255
8,0.35,0.2,true,0.25,0.00855012217382589,0.27910272596248104
8,0.4,0.2,true,0.25,0.0039961770666027034,0.3839621316258461
8,0.35,0.2,true,0.25,0.008481943241044614,0.3248038933038481
8,0.4,0.2,true,0.25,0.003935429085895832,0.3595425196240846
8,0.35,0.2,true,0.25,0.008385317892855224,0.24887282385956916
8,0.4,0.2,true,0.25,0.0038830548530508196,0.3024894448088088
8,0.35,0.2,true,0.25,0.00827666599190447,0.2632161363062479
8,0.4,0.2,true,0.25,0.0037870461162373146,0.32403785030020466
8,0.35,0.2,true,0.25,0.008187005542888901,0.29103925133632685
8,0.45,0.2,true,0.25,0.038538527650235924,0.003247179053271172
8,0.4,0.2,true,0.25,0.0037956702153261173,0.2844978738705068
8,0.35,0.2,true,0.25,0.008193582795041598,0.2788738378756964
8,0.4,0.2,true,0.25,0.0037060764672715222,0.3016501293978545
8,0.45,0.2,true,0.25,0.036418091146093935,0.008459683754188907
8,0.35,0.2,true,0.25,0.008132118364983612,0.24367910473423127
8,0.4,0.2,true,0.25,0.0036196420298233853,0.30392614535783
8,0.45,0.2,true,0.25,0.03435940579707534,0.02867785669349292
8,0.35,0.2,true,0.25,0.008037396821087199,0.2552270749175766
8,0.4,0.2,true,0.25,0.003586214915681448,0.3025119329198295
8,0.45,0.2,true,0.25,0.03196087013813583,0.0730860641634813
8,0.35,0.2,true,0.25,0.007974400258698064,0.2477166399500613
8,0.4,0.2,true,0.25,0.00354555857553967,0.2950310143436628
8,0.35,0.2,true,0.25,0.00785354493295389,0.22293658557325308
8,0.45,0.2,true,0.25,0.029834001387422242,0.07615428944082173
8,0.4,0.2,true,0.25,0.003467690091005326,0.2718573005404023
8,0.35,0.2,true,0.25,0.00783927438377454,0.24041121439902347
8,0.45,0.2,true,0.25,0.02758484391753173,0.09834462523914397
8,0.4,0.2,true,0.25,0.003385273858992926,0.2579237202224558
8,0.35,0.2,true,0.25,0.0077887923076808965,0.2501657163696717
8,0.45,0.2,true,0.25,0.025348233134770994,0.13550498120901103
8,0.4,0.2,true,0.25,0.0033238750373525126,0.23526246063633557
8,0.35,0.2,true,0.25,0.007757477376542779,0.22584763685423226
8,0.45,0.2,true,0.25,0.023254966281183807,0.16213694516911184
8,0.4,0.2,true,0.25,0.0032481623232511873,0.22497398115574002
8,0.35,0.2,true,0.25,0.0076968004683534005,0.20584885211969683
8,0.4,0.2,true,0.25,0.0031771305669229754,0.24627731048947185
8,0.45,0.2,true,0.25,0.02104852329066967,0.20388518679546752
8,0.35,0.2,true,0.25,0.007565688906395194,0.21943067618748405
8,0.4,0.2,true,0.25,0.0031358620800369394,0.22897387772180203
8,0.45,0.2,true,0.25,0.019124801047720387,0.2488976279235756
8,0.35,0.2,true,0.25,0.0075129952195325395,0.20209748726407917
8,0.4,0.2,true,0.25,0.003050380625830591,0.20729416037528628
8,0.35,0.2,true,0.25,0.007393966160062569,0.18568160980541087
8,0.45,0.2,true,0.25,0.01732299873648684,0.29457567878894786
8,0.4,0.2,true,0.25,0.003001479412107304,0.1906995192654689
8,0.35,0.2,true,0.25,0.007330583087947094,0.2118633608187826
8,0.45,0.2,true,0.25,0.01581287572891511,0.34381345479913983
8,0.35,0.2,true,0.25,0.00732141087817745,0.20805135115875667
8,0.4,0.2,true,0.25,0.002973820195016769,0.2388888410969073
8,0.45,0.2,true,0.25,0.014507652895256181,0.39155493658849316
8,0.35,0.2,true,0.25,0.007272955992172918,0.18957122372683646
8,0.4,0.2,true,0.25,0.0029899540914076215,0.19699633331622604
8,0.45,0.2,true,0.25,0.01354875330957945,0.44447471840954406
8,0.35,0.2,true,0.25,0.007225487725962689,0.15044769504011074
8,0.4,0.2,true,0.25,0.0029630854177668735,0.1811339507852455
8,0.45,0.2,true,0.25,0.012623680969066183,0.45006442428632115
8,0.35,0.2,true,0.25,0.00720368067903775,0.20069207889865406
8,0.4,0.2,true,0.25,0.002903043308871841,0.1698998598047059
8,0.45,0.2,true,0.25,0.011632033281117558,0.49462916937564677
8,0.35,0.2,true,0.25,0.007164717764578242,0.1807400097432173
8,0.4,0.2,true,0.25,0.0028723640163297705,0.1406333165748431
8,0.45,0.2,true,0.25,0.010780966152078712,0.5326124009099595
8,0.35,0.2,true,0.25,0.007097197441764765,0.1810512646308685
8,0.4,0.2,true,0.25,0.002852498598513791,0.17862491004525444
8,0.45,0.2,true,0.25,0.009982503537208452,0.5895403191417392
8,0.35,0.2,true,0.25,0.007050576165310106,0.18750981274772086
8,0.4,0.2,true,0.25,0.002849887457579846,0.12331214307903578
8,0.45,0.2,true,0.25,0.009467403817558579,0.6234790062342829
8,0.35,0.2,true,0.25,0.007008499317168126,0.1568219786425975
8,0.4,0.2,true,0.25,0.0028076458040035652,0.13182829683046438
8,0.45,0.2,true,0.25,0.008889553128233724,0.6543347732260183
8,0.35,0.2,true,0.25,0.006976902371196903,0.11825913773063812
8,0.4,0.2,true,0.25,0.002781013442706852,0.16037499900447555
8,0.45,0.2,true,0.25,0.008589673467387341,0.6697541194791011
8,0.35,0.2,true,0.25,0.006919164677442949,0.1599060459042498
8,0.4,0.2,true,0.25,0.0027331483554452114,0.1301164334674102
8,0.45,0.2,true,0.25,0.008181080678975829,0.6894282999139562
8,0.35,0.2,true,0.25,0.006918448952160329,0.1284599162129269
8,0.4,0.2,true,0.25,0.0027344362180232065,0.11997382323891792
8,0.45,0.2,true,0.25,0.007837501191254183,0.7202249616143671
8,0.35,0.2,true,0.25,0.0068682053241397,0.14728242231540695
8,0.4,0.2,true,0.25,0.0026875224854041153,0.12678263207811463
8,0.45,0.2,true,0.25,0.007388431797104743,0.732625410999488
8,0.35,0.2,true,0.25,0.006887505193630693,0.1686343719549831
8,0.4,0.2,true,0.25,0.002666247261354744,0.12144953200942263
8,0.45,0.2,true,0.25,0.007078333981258593,0.7632733471816813
8,0.35,0.2,true,0.25,0.006864315004262248,0.13898743768430122
8,0.4,0.2,true,0.25,0.0026724573339687876,0.1134881189248486
8,0.45,0.2,true,0.25,0.006793675956677056,0.7597663331749693
8,0.35,0.2,true,0.25,0.006783112104922447,0.1485701654865046
8,0.4,0.2,true,0.25,0.002629540335850847,0.11433281216983433
8,0.45,0.2,true,0.25,0.0063311298202579375,0.7933594176541737
8,0.35,0.2,true,0.25,0.006778505963508587,0.1588726913179321
8,0.4,0.2,true,0.25,0.002593871312158749,0.08942547551689328
8,0.45,0.2,true,0.25,0.005904694022752717,0.8052210845610035
8,0.35,0.2,true,0.25,0.006750945346804196,0.1301246937557566
8,0.4,0.2,true,0.25,0.0025657408095772606,0.08224475685865608
8,0.45,0.2,true,0.25,0.005669992058380244,0.8322566960973578
8,0.35,0.2,true,0.25,0.0067176586107339205,0.11703862760674828
8,0.4,0.2,true,0.25,0.0025320666467444916,0.0872930373269891
8,0.45,0.2,true,0.25,0.00544510404372447,0.8493949809435721
8,0.35,0.2,true,0.25,0.006709325838213894,0.122895904159633
8,0.4,0.2,true,0.25,0.0025239262694070194,0.08022312692225861
8,0.45,0.2,true,0.25,0.005224182940788315,0.8614531439810149
8,0.35,0.2,true,0.25,0.006649865799493499,0.12722669427538386
8,0.4,0.2,true,0.25,0.0025320629108589597,0.0638765633283583
8,0.45,0.2,true,0.25,0.005066112405446144,0.8709479684194491
8,0.4,0.2,true,0.25,0.0025015968915260414,0.09404352384048217
8,0.35,0.2,true,0.25,0.00660460996357199,0.12652774638678047
8,0.35,0.2,true,0.25,0.006583912091294305,0.13179515317941576
8,0.4,0.2,true,0.25,0.0025041460543825194,0.07239512293393018
8,0.45,0.2,true,0.25,0.004885739334290647,0.8758034915755434
8,0.45,0.2,true,0.25,0.0047760675721515424,0.8811643992009539
8,0.35,0.2,true,0.25,0.006587642885224777,0.10490003669125084
8,0.4,0.2,true,0.25,0.002529481390661334,0.07998483349794472
8,0.45,0.2,true,0.25,0.0045648636761584215,0.8924188517482743
8,0.4,0.2,true,0.25,0.0025233480383368145,0.0672532777457242
8,0.35,0.2,true,0.25,0.006564615570420764,0.11029143349759704
8,0.45,0.2,true,0.25,0.004438825961775111,0.8990656323527811
8,0.35,0.2,true,0.25,0.006559221743528425,0.10697590404079675
8,0.4,0.2,true,0.25,0.0025071768170273597,0.08114058654546319
8,0.45,0.2,true,0.25,0.004254784730787001,0.9034049618914243
8,0.35,0.2,true,0.25,0.006601960618675467,0.13063941244510677
8,0.4,0.2,true,0.25,0.002497513477533266,0.06789550158735186
8,0.45,0.2,true,0.25,0.004079224707714314,0.9074016164952206
8,0.35,0.2,true,0.25,0.006546807979772391,0.1484529942795618
8,0.4,0.2,true,0.25,0.0024953688495899106,0.0752003686757591
8,0.45,0.2,true,0.25,0.0039962817951060105,0.9076833222275843
8,0.35,0.2,true,0.25,0.006499640624797526,0.1326912864491048
8,0.4,0.2,true,0.25,0.0024817511951942027,0.058536703061853546
8,0.45,0.2,true,0.25,0.003839919330471392,0.9081203949208961
8,0.35,0.2,true,0.25,0.006514953018096697,0.11396538975210929
8,0.4,0.2,true,0.25,0.002451054879036081,0.04453272288741863
8,0.45,0.2,true,0.25,0.003666346647060544,0.9143401365769266
8,0.35,0.2,true,0.25,0.006495689234562439,0.14866697420045513
8,0.4,0.2,true,0.25,0.0024273978252413045,0.06779439925023698
8,0.45,0.2,true,0.25,0.0035295229476332572,0.916274544278357
8,0.35,0.2,true,0.25,0.006451839665690031,0.11130028169946105
8,0.4,0.2,true,0.25,0.0024448887506226652,0.04262747419535081
8,0.45,0.2,true,0.25,0.003417510499583937,0.9183260503685514
8,0.35,0.2,true,0.25,0.006470736732345172,0.08512774552283062
8,0.4,0.2,true,0.25,0.00242672760853182,0.047016979434678134
8,0.45,0.2,true,0.25,0.003301482462162179,0.9186940535250845
8,0.35,0.2,true,0.25,0.006456887309927023,0.09156749069396815
8,0.4,0.2,true,0.25,0.0024339855043452987,0.061279097802468874
8,0.35,0.2,true,0.25,0.0064400804266993164,0.10228573265003196
8,0.45,0.2,true,0.25,0.003143366493718458,0.9207881533019793
8,0.4,0.2,true,0.25,0.0024275535787252364,0.054462007047107824
8,0.45,0.2,true,0.25,0.003013608162335946,0.9205191025437525
8,0.35,0.2,true,0.25,0.006471510889036376,0.10386323172596688
8,0.4,0.2,true,0.25,0.0024104612885554274,0.060688298546359085
8,0.45,0.2,true,0.25,0.0028913503501312382,0.9211887399866848
8,0.35,0.2,true,0.25,0.00645895044462587,0.09086938351757563
8,0.4,0.2,true,0.25,0.0023937975194175316,0.06373454072916694
8,0.35,0.2,true,0.25,0.006420002902912093,0.15401396745916754
8,0.45,0.2,true,0.25,0.00280826514506144,0.9202217738522681
8,0.4,0.2,true,0.25,0.002390513621787749,0.05284012135583271
8,0.45,0.2,true,0.25,0.0026918461508088336,0.9219030982887235
8,0.35,0.2,true,0.25,0.006394154862960615,0.12431370708925131
8,0.4,0.2,true,0.25,0.002423234550944064,0.04305261465640639
8,0.35,0.2,true,0.25,0.00640661244989316,0.14954103766260993
8,0.45,0.2,true,0.25,0.0026039644442171226,0.9214852926569072
8,0.4,0.2,true,0.25,0.0024022298065726052,0.060002971356845486
8,0.35,0.2,true,0.25,0.0064117288200984425,0.15124767250454327
8,0.45,0.2,true,0.25,0.002528052251168994,0.9214448805421014
8,0.4,0.2,true,0.25,0.002390013528680984,0.06844868993230119
8,0.35,0.2,true,0.25,0.006404273470863687,0.09035209877256493
8,0.45,0.2,true,0.25,0.0024186962375902614,0.9213586523511128
8,0.4,0.2,true,0.25,0.0023550482188064072,0.05323529281870454
8,0.35,0.2,true,0.25,0.006418682812456383,0.05204806292204008
8,0.45,0.2,true,0.25,0.0023357230444837405,0.9220799748367382
8,0.4,0.2,true,0.25,0.0023466973626046976,0.049646307388380245
8,0.35,0.2,true,0.25,0.006379546780103845,0.11947178029578606
8,0.45,0.2,true,0.25,0.0022473659066026136,0.921700364698189
8,0.4,0.2,true,0.25,0.002350620065830904,0.05811629032769082
8,0.35,0.2,true,0.25,0.006392549029821766,0.07923831626550559
8,0.45,0.2,true,0.25,0.0021611648115444195,0.9215861658478872
8,0.4,0.2,true,0.25,0.0023704825932274326,0.033858848431600565
8,0.35,0.2,true,0.25,0.006468596136608631,0.08643555146586826
8,0.45,0.2,true,0.25,0.0020818931718067893,0.9204886808045466
8,0.4,0.2,true,0.25,0.002346878856820786,0.03855732661467883
8,0.35,0.2,true,0.25,0.006479389881258922,0.07661116545520583
8,0.45,0.2,true,0.25,0.002016305888206729,0.9205963407134836
8,0.4,0.2,true,0.25,0.0023564440593189305,0.02839429220927962
8,0.35,0.2,true,0.25,0.006462104894727885,0.06220992230772045
8,0.45,0.2,true,0.25,0.0019482189161980552,0.9216683383599323
8,0.4,0.2,true,0.25,0.0023364518956285533,0.04925880058785389
8,0.35,0.2,true,0.25,0.006468860377726551,0.08397603796543963
8,0.45,0.2,true,0.25,0.0018748609760534517,0.920425094430747
8,0.4,0.2,true,0.25,0.002327655254624062,0.05240988588303761
8,0.35,0.2,true,0.25,0.006457949517669255,0.07054917483988536
8,0.45,0.2,true,0.25,0.0018104949754813072,0.9206932493990668
8,0.4,0.2,true,0.25,0.0023172128285724276,0.02649177639304391
8,0.35,0.2,true,0.25,0.006406057853198309,0.11777170773656265
8,0.45,0.2,true,0.25,0.0017487455953852514,0.9198563842338154
8,0.4,0.2,true,0.25,0.002327463537114769,0.027164142910873202
8,0.35,0.2,true,0.25,0.006383989788515668,0.08020162844077276
8,0.45,0.2,true,0.25,0.0016737602078809894,0.9214732989061992
8,0.4,0.2,true,0.25,0.0023137290238222402,0.04253961107146599
8,0.35,0.2,true,0.25,0.006435207597995517,0.08425388617194345
8,0.45,0.2,true,0.25,0.0016126394500833904,0.9223993117728606
8,0.4,0.2,true,0.25,0.0023077721036447716,0.012929037493097992
8,0.35,0.2,true,0.25,0.006400283856943217,0.11226798360889548
8,0.45,0.2,true,0.25,0.0015568781096948335,0.9235201863161874
8,0.4,0.2,true,0.25,0.0023126320636315395,0.03896248252985605
8,0.35,0.2,true,0.25,0.006401017731011288,0.08858994476404057
8,0.45,0.2,true,0.25,0.0015013073390589883,0.9242440491307061
8,0.4,0.2,true,0.25,0.0023282301166399027,0.01964747539253987
8,0.35,0.2,true,0.25,0.006371115595431422,0.09798092028564477
8,0.45,0.2,true,0.25,0.0014366934111071244,0.9245059208219529
8,0.4,0.2,true,0.25,0.0023445367890109485,0.03620553383682241
8,0.35,0.2,true,0.25,0.006361160584110775,0.08051162178643657
8,0.45,0.2,true,0.25,0.0013813681817247663,0.9241855593184958
8,0.4,0.2,true,0.25,0.002336326315812327,0.036809018899080705
8,0.35,0.2,true,0.25,0.006392142693030928,0.11570961253061607
8,0.45,0.2,true,0.25,0.0013391236770356639,0.9244595599360628
8,0.4,0.2,true,0.25,0.002335317619633116,0.05856230649909253
8,0.35,0.2,true,0.25,0.006384093316477262,0.08272134273418225
8,0.45,0.2,true,0.25,0.001305462472666208,0.9244631666241898
8,0.4,0.2,true,0.25,0.002330985640809225,0.05563542357929797
8,0.35,0.2,true,0.25,0.00643226892308518,0.048174105196955266
8,0.45,0.2,true,0.25,0.0012699352894622949,0.923964729620799
8,0.4,0.2,true,0.25,0.0023609285821141785,0.03282822677970016
8,0.35,0.2,true,0.25,0.006411624727958999,0.08844594696549461
8,0.4,0.2,true,0.25,0.0023248650062837983,0.03769962655489554
8,0.45,0.2,true,0.25,0.0012317787318567744,0.9255673494335935
8,0.35,0.2,true,0.25,0.006406568942530761,0.022575748734447548
8,0.4,0.2,true,0.25,0.0022997663719648864,0.050414992951467424
8,0.45,0.2,true,0.25,0.0011963755692807312,0.9246818756490917
8,0.35,0.2,true,0.25,0.0063834546131051875,0.06425694345799006
8,0.4,0.2,true,0.25,0.0022822552810143246,0.04261250206271385
8,0.45,0.2,true,0.25,0.0011473060384084139,0.9231059885052603
8,0.35,0.2,true,0.25,0.006374062577025589,0.13415965235706503
8,0.4,0.2,true,0.25,0.002294978140554995,0.02438558112300881
8,0.45,0.2,true,0.25,0.0011065243208619208,0.9211424308529778
8,0.35,0.2,true,0.25,0.006373395276032998,0.10132142068101585
8,0.4,0.2,true,0.25,0.002284376261341203,0.03240338917154493
8,0.45,0.2,true,0.25,0.0010749141786794314,0.9190851569574433
8,0.35,0.2,true,0.25,0.006387331722065303,0.12902928914164105
8,0.4,0.2,true,0.25,0.002267112653579483,0.03881640999218086
8,0.45,0.2,true,0.25,0.0010334041248737588,0.9178809579879261
8,0.35,0.2,true,0.25,0.006368740988508033,0.09320898804800695
8,0.4,0.2,true,0.25,0.00226344980783639,0.07572407594427875
8,0.45,0.2,true,0.25,9.9040187009387E-4,0.9180127397419611
8,0.35,0.2,true,0.25,0.00642009724897537,0.11152206385558086
8,0.4,0.2,true,0.25,0.002260769083664328,0.028806097619102487
8,0.45,0.2,true,0.25,9.421702116703824E-4,0.9187101062648512
8,0.35,0.2,true,0.25,0.006447028395899145,0.08781430355701289
8,0.4,0.2,true,0.25,0.0022483439784270975,0.0367627079569534
8,0.35,0.2,true,0.25,0.006482152891589214,0.0830712888047369
8,0.45,0.2,true,0.25,9.066850106043685E-4,0.9190787438620888
8,0.4,0.2,true,0.25,0.00227207550824457,0.03770273660033454
8,0.35,0.2,true,0.25,0.006449112532590231,0.07401819756672638
8,0.45,0.2,true,0.25,8.65736364641374E-4,0.9201121680995674
8,0.4,0.2,true,0.25,0.0022778666357792187,0.0720669182898004
8,0.35,0.2,true,0.25,0.006467057250485755,0.08176423014263395
8,0.45,0.2,true,0.25,8.224067535592983E-4,0.920038003768958
8,0.4,0.2,true,0.25,0.0022900375385878054,0.06343199872381917
8,0.35,0.2,true,0.25,0.00644056791375873,0.1200924828211561
8,0.45,0.2,true,0.25,7.873635651122329E-4,0.9194791862452046
8,0.35,0.2,true,0.25,0.006433066819102197,0.12733634548002873
8,0.4,0.2,true,0.25,0.002282298337579667,0.04870291159459203
8,0.45,0.2,true,0.25,7.578448104326169E-4,0.9206254728902014
8,0.35,0.2,true,0.25,0.006400039213715876,0.14363064861247046
8,0.4,0.2,true,0.25,0.002268981810300076,0.049657254859207
8,0.45,0.2,true,0.25,7.288882725980154E-4,0.9206815713658305
8,0.35,0.2,true,0.25,0.006442923941835697,0.07334511739097947
8,0.4,0.2,true,0.25,0.0022688053417247956,0.05201130626599
8,0.45,0.2,true,0.25,6.97941802170162E-4,0.9204078856647802
8,0.4,0.2,true,0.25,0.002268098173483469,0.05875721703904098
8,0.35,0.2,true,0.25,0.0063964631402955935,0.08247952252389798
8,0.45,0.2,true,0.25,6.770592604772357E-4,0.9209655425765477
8,0.4,0.2,true,0.25,0.002272232400371816,0.02985848101100782
8,0.35,0.2,true,0.25,0.006370535977014325,0.0860934994002122
8,0.45,0.2,true,0.25,6.511373771221126E-4,0.9214186143568643
8,0.4,0.2,true,0.25,0.0022632592009605365,0.04406402786514501
8,0.35,0.2,true,0.25,0.00637432110054955,0.1499935012671991
8,0.45,0.2,true,0.25,6.253637511782578E-4,0.9195922679275758
8,0.35,0.2,true,0.25,0.006345791032231114,0.09650573383601303
8,0.4,0.2,true,0.25,0.002245519934808554,0.05573932048430362
8,0.45,0.2,true,0.25,6.034834596500701E-4,0.9201714521034745
8,0.35,0.2,true,0.25,0.0063465346587269,0.11768101005865228
8,0.4,0.2,true,0.25,0.002232813131384838,0.05439394210511819
8,0.45,0.2,true,0.25,5.76551867312113E-4,0.9221171650492068
8,0.35,0.2,true,0.25,0.006354171884934464,0.09405649700050883
8,0.4,0.2,true,0.25,0.0022242493508629084,0.047492213266068506
8,0.45,0.2,true,0.25,5.535106309982273E-4,0.9235870998151545
8,0.35,0.2,true,0.25,0.006359057562189945,0.08074315374943716
8,0.4,0.2,true,0.25,0.002250056080948853,0.07162732623047476
8,0.45,0.2,true,0.25,5.319026515217071E-4,0.9233386481706687
8,0.35,0.2,true,0.25,0.006374019165155644,0.17654668694826986
8,0.4,0.2,true,0.25,0.002244365577017166,0.07235158818002839
8,0.45,0.2,true,0.25,5.093288579639732E-4,0.9240319179732853
8,0.35,0.2,true,0.25,0.006383506042556252,0.1482147777855235
8,0.4,0.2,true,0.25,0.002251889991704521,0.0791071772172289
8,0.35,0.2,true,0.25,0.006390343528983477,0.11344819801987985
8,0.45,0.2,true,0.25,4.8803289793392E-4,0.9247735661756339
8,0.4,0.2,true,0.25,0.002254383319555521,0.05896036740684193
8,0.35,0.2,true,0.25,0.0063671600512643575,0.14161170876319043
8,0.45,0.2,true,0.25,4.701857338889363E-4,0.9238792454585588
8,0.4,0.2,true,0.25,0.0022835101792514937,0.10240518590953036
8,0.35,0.2,true,0.25,0.0063445146099347875,0.17156291221339554
8,0.45,0.2,true,0.25,4.5299591354565425E-4,0.924680049700349
8,0.4,0.2,true,0.25,0.0022711863865163264,0.08581030753564782
8,0.35,0.2,true,0.25,0.006299683590569338,0.09848124811046131
8,0.45,0.2,true,0.25,4.357356617817455E-4,0.9247976573932826
8,0.4,0.2,true,0.25,0.0022500307788993197,0.09621196955697042
8,0.45,0.2,true,0.25,4.1990782880135623E-4,0.9247591667756868
8,0.35,0.2,true,0.25,0.0062936586246140356,0.12510010811538635
8,0.4,0.2,true,0.25,0.00223649092406555,0.10756446552401089
8,0.45,0.2,true,0.25,4.042030561215441E-4,0.9252477207466971
8,0.35,0.2,true,0.25,0.006314664350355502,0.22148104513996383
8,0.4,0.2,true,0.25,0.002225709981471873,0.06986759916546109
8,0.45,0.2,true,0.25,3.852627085503169E-4,0.9238408571792774
8,0.35,0.2,true,0.25,0.006342715986512458,0.15681962247598846
8,0.45,0.2,true,0.25,3.6935220400243033E-4,0.9231978779720178
8,0.4,0.2,true,0.25,0.002221379781997474,0.12010468937591792
8,0.35,0.2,true,0.25,0.006383410251562123,0.16638484532507042
8,0.45,0.2,true,0.25,3.5093303316654036E-4,0.9231232564177988
8,0.4,0.2,true,0.25,0.0022294673773158758,0.11563184512986091
8,0.35,0.2,true,0.25,0.006372773899078188,0.16746691643743633
8,0.45,0.2,true,0.25,3.31097779877205E-4,0.9238605355241136
8,0.35,0.2,true,0.25,0.006346256538746466,0.19339252049427988
8,0.4,0.2,true,0.25,0.0022277197395557573,0.08338491276172205
8,0.35,0.2,true,0.25,0.006393569108609301,0.1635626149883905
8,0.45,0.2,true,0.25,3.193242071843608E-4,0.9223505455731715
8,0.4,0.2,true,0.25,0.002221979200279612,0.11684767525267169
8,0.35,0.2,true,0.25,0.006396274622543146,0.15750607027441793
8,0.45,0.2,true,0.25,3.0663083464913286E-4,0.9218875077332341
8,0.4,0.2,true,0.25,0.0022162277117464056,0.0874714307903818
8,0.35,0.2,true,0.25,0.00640159325389188,0.13194221359601221
8,0.45,0.2,true,0.25,2.939388336310989E-4,0.9225310884191019
8,0.4,0.2,true,0.25,0.002212881942433292,0.12046699306096004
8,0.35,0.2,true,0.25,0.006378305946598204,0.18264733928273408
8,0.45,0.2,true,0.25,2.792283094567535E-4,0.9223365760798736
8,0.4,0.2,true,0.25,0.002211486528798605,0.12041089243578894
8,0.35,0.2,true,0.25,0.006361299266908879,0.18876364114511177
8,0.45,0.2,true,0.25,2.693885008175554E-4,0.9221554761337214
8,0.4,0.2,true,0.25,0.002207262015781763,0.12391688588667238
8,0.35,0.2,true,0.25,0.006335277679048218,0.19354915706138234
8,0.45,0.2,true,0.25,2.5874870105080226E-4,0.9239757552944109
8,0.4,0.2,true,0.25,0.0022044010068784613,0.12388312115364297
8,0.35,0.2,true,0.25,0.0062921980277130946,0.17449980970465273
8,0.45,0.2,true,0.25,2.491924848946759E-4,0.9243371992638206
8,0.4,0.2,true,0.25,0.0022028362386490694,0.12384608588492348
8,0.35,0.2,true,0.25,0.006317367512987796,0.19288186687419345
8,0.45,0.2,true,0.25,2.3803061502820406E-4,0.9236454256997856
8,0.4,0.2,true,0.25,0.002201801210151049,0.12373413977001414
8,0.35,0.2,true,0.25,0.006330951321756865,0.1597701341926308
8,0.4,0.2,true,0.25,0.002201290478963971,0.12365218427176185
8,0.45,0.2,true,0.25,2.2769010740698121E-4,0.9240058032934421
8,0.35,0.2,true,0.25,0.006361078066962467,0.16664466913300796
8,0.4,0.2,true,0.25,0.00220067889013375,0.12355069481574883
8,0.45,0.2,true,0.25,2.1896564351706405E-4,0.9253041070791183
8,0.35,0.2,true,0.25,0.0063482579344327624,0.17857816616487535
8,0.4,0.2,true,0.25,0.002199926792878761,0.12345035187205805
8,0.45,0.2,true,0.25,2.0965199936657982E-4,0.9257914533675885
8,0.35,0.2,true,0.25,0.006341545280421452,0.12565102930193542
8,0.4,0.2,true,0.25,0.002199300340126514,0.12333471104434583
8,0.45,0.2,true,0.25,2.019422164158344E-4,0.9253374910989458
8,0.35,0.2,true,0.25,0.006372209703944629,0.19737878626599173
8,0.4,0.2,true,0.25,0.0021990308118001655,0.12325338747798867
8,0.45,0.2,true,0.25,1.9262407345813518E-4,0.9262643693648582
8,0.35,0.2,true,0.25,0.006398834823512911,0.1844188945630362
8,0.4,0.2,true,0.25,0.0021987982138531787,0.12318416830106635
8,0.45,0.2,true,0.25,1.8463293788888676E-4,0.9253229738787612
8,0.35,0.2,true,0.25,0.006387907675236432,0.2040067506745102
8,0.4,0.2,true,0.25,0.0021985143010090987,0.12312804015729409
8,0.45,0.2,true,0.25,1.7674323935120133E-4,0.9252585439656662
8,0.35,0.2,true,0.25,0.006382600788226301,0.1729062733667725
8,0.4,0.2,true,0.25,0.0021981405454972124,0.1230479882193171
8,0.45,0.2,true,0.25,1.709630391301576E-4,0.9257383124398219
8,0.35,0.2,true,0.25,0.006382274086415858,0.14202352672784593
8,0.4,0.2,true,0.25,0.002197844485418039,0.12296640371329662
8,0.35,0.2,true,0.25,0.006370011965486038,0.16636116540919865
8,0.45,0.2,true,0.25,1.6333524738513228E-4,0.9267673160281001
8,0.4,0.2,true,0.25,0.00219753675014956,0.12289967903538837
8,0.35,0.2,true,0.25,0.006358417975685227,0.17345896681382275
8,0.45,0.2,true,0.25,1.5794358595627825E-4,0.9281164239530708
8,0.4,0.2,true,0.25,0.0021971773394371345,0.12281534194058755
8,0.35,0.2,true,0.25,0.006336141227627609,0.16855149148555987
8,0.45,0.2,true,0.25,1.5143112685814383E-4,0.9287015130499199
8,0.4,0.2,true,0.25,0.0021968407157636153,0.12274350421602052
8,0.35,0.2,true,0.25,0.0063319337247698115,0.19893372700601045
8,0.45,0.2,true,0.25,1.4642358353267876E-4,0.928854197260512
8,0.4,0.2,true,0.25,0.0021966130771531502,0.12266950839443883
8,0.35,0.2,true,0.25,0.00632935320593349,0.1441757007067031
8,0.45,0.2,true,0.25,1.4083995814795396E-4,0.9294842475672791
8,0.35,0.2,true,0.25,0.006331414181456834,0.14796778687835677
8,0.4,0.2,true,0.25,0.0021964315788470957,0.12262580694939236
8,0.45,0.2,true,0.25,1.3529197131107522E-4,0.9295528686380784
8,0.4,0.2,true,0.25,0.002196201431337836,0.12255049669776207
8,0.35,0.2,true,0.25,0.006356965943791419,0.14821373863093062
8,0.45,0.2,true,0.25,1.3001986719141516E-4,0.9284885721866728
8,0.4,0.2,true,0.25,0.0021959674566962846,0.1224894273529307
8,0.35,0.2,true,0.25,0.00633736177692284,0.17598746476560712
8,0.45,0.2,true,0.25,1.2476030244005303E-4,0.9278586269714626
8,0.4,0.2,true,0.25,0.002195765548257063,0.12242588337025569
8,0.35,0.2,true,0.25,0.006323648996970603,0.1942109525397606
8,0.45,0.2,true,0.25,1.1996880068928435E-4,0.9281563392319899
8,0.4,0.2,true,0.25,0.002195541406563617,0.12237309328885336
8,0.35,0.2,true,0.25,0.006344005201930999,0.18355579458280072
8,0.45,0.2,true,0.25,1.1467366127943463E-4,0.9282860654491097
8,0.4,0.2,true,0.25,0.0021953899263063336,0.12233100119089489
8,0.45,0.2,true,0.25,1.1114221622377684E-4,0.9271029206035306
8,0.4,0.2,true,0.25,0.0021951886700561055,0.12227012558204813
8,0.45,0.2,true,0.25,1.0632395671588272E-4,0.9270178785285665
8,0.4,0.2,true,0.25,0.0021950810601721205,0.12222828137712877
8,0.45,0.2,true,0.25,1.0167725782594383E-4,0.9264784283129793
8,0.4,0.2,true,0.25,0.00219481829281419,0.12218006770994762
8,0.45,0.2,true,0.25,9.73185072415621E-5,0.9263192904052002
8,0.4,0.2,true,0.25,0.002194697446738019,0.12213626583144645
8,0.45,0.2,true,0.25,9.321519611779211E-5,0.9268868985757984
8,0.4,0.2,true,0.25,0.002194433328780965,0.12210004290094412
8,0.45,0.2,true,0.25,8.906799114333229E-5,0.9280027515201429
8,0.4,0.2,true,0.25,0.00219436600624266,0.12204938562137087
8,0.45,0.2,true,0.25,8.539227968015725E-5,0.928769399125556
8,0.45,0.2,true,0.25,8.215577475258708E-5,0.9287913920388421
8,0.45,0.2,true,0.25,7.831819946687038E-5,0.9297079259412452
8,0.45,0.2,true,0.25,7.530892644149068E-5,0.9298032189932386
8,0.45,0.2,true,0.25,7.330382861647687E-5,0.93003620864446
8,0.45,0.2,true,0.25,7.052414678334944E-5,0.9305390667900665
8,0.45,0.2,true,0.25,6.77955776501395E-5,0.9306374637535659
8,0.45,0.2,true,0.25,6.512721057760348E-5,0.9309705111134944
8,0.45,0.2,true,0.25,6.253151817311127E-5,0.9308359199342024
8,0.45,0.2,true,0.25,5.973664727623538E-5,0.9298376507271394
8,0.45,0.2,true,0.25,5.741308791377247E-5,0.9281418257997892
8,0.45,0.2,true,0.25,5.5378787566957976E-5,0.9272207233123446
8,0.45,0.2,true,0.25,5.30478313037238E-5,0.9264858099486651
8,0.45,0.2,true,0.25,5.120739559275267E-5,0.9270480282246858
8,0.45,0.2,true,0.25,4.922737221366455E-5,0.9266239075244592
8,0.45,0.2,true,0.25,4.762372736862155E-5,0.92767072572116
8,0.45,0.2,true,0.25,4.601554977706761E-5,0.9261089865845328
8,0.45,0.2,true,0.25,4.390568665509306E-5,0.926067758966653
8,0.45,0.2,true,0.25,4.177471317101282E-5,0.9276806296913079
8,0.45,0.2,true,0.25,4.01009393726546E-5,0.9286006410567645
8,0.45,0.2,true,0.25,3.843071377463291E-5,0.9300429780882856
8,0.45,0.2,true,0.25,3.703496285450102E-5,0.930052142331295
8,0.45,0.2,true,0.25,3.5477919450223334E-5,0.9320749160925667
8,0.45,0.2,true,0.25,3.405570637209852E-5,0.9313309206102619
8,0.45,0.2,true,0.25,3.291479733469024E-5,0.9290526108250837
8,0.45,0.2,true,0.25,3.1776798973595226E-5,0.9285446319883434
8,0.45,0.2,true,0.25,3.0677101476684116E-5,0.9282369970597042
8,0.45,0.2,true,0.25,2.9605361288440102E-5,0.9289738946208036
8,0.45,0.2,true,0.25,2.8708258867319724E-5,0.927374994190126
8,0.45,0.2,true,0.25,2.758435301472544E-5,0.9271498307697229
8,0.45,0.2,true,0.25,2.6534593154014838E-5,0.9254067843099839
8,0.45,0.2,true,0.25,2.556218000974927E-5,0.9268519643093753
8,0.45,0.2,true,0.25,2.4648815361595503E-5,0.9252541486616671
8,0.45,0.2,true,0.25,2.3641378542227105E-5,0.9246435980594443
8,0.45,0.2,true,0.25,2.2796161587561633E-5,0.9262405654815252
8,0.45,0.2,true,0.25,2.1849386475122792E-5,0.9260379216827926
8,0.45,0.2,true,0.25,2.072870695875019E-5,0.9263522899037011
8,0.45,0.2,true,0.25,1.9835409059629433E-5,0.9264516673970297
8,0.45,0.2,true,0.25,1.9214200603055105E-5,0.9263981843899617
8,0.45,0.2,true,0.25,1.8534943624387507E-5,0.9274300487129279
8,0.45,0.2,true,0.25,1.787337463159852E-5,0.9286212232389971
8,0.45,0.2,true,0.25,1.704311929364609E-5,0.9299121164054045
8,0.45,0.2,true,0.25,1.6342315946234907E-5,0.9306938473094427
8,0.45,0.2,true,0.25,1.570270538963895E-5,0.9306634770609482
8,0.45,0.2,true,0.25,1.5209104866612411E-5,0.9303597529281108
8,0.45,0.2,true,0.25,1.461728325935217E-5,0.9317428121139283
8,0.45,0.2,true,0.25,1.4171250990590328E-5,0.9315488284098686
8,0.45,0.2,true,0.25,1.361506522710773E-5,0.9324984920564008
8,0.45,0.2,true,0.25,1.3069698407172428E-5,0.9324433071081257
8,0.45,0.2,true,0.25,1.2590625396243821E-5,0.932431647004616
8,0.45,0.2,true,0.25,1.2177137033589192E-5,0.9308720783463416
8,0.45,0.2,true,0.25,1.162635821107301E-5,0.9305126525383257
8,0.45,0.2,true,0.25,1.1250299474877753E-5,0.9313756855581552
8,0.45,0.2,true,0.25,1.0856619051017978E-5,0.931222828916982
8,0.45,0.2,true,0.25,1.0424937863833235E-5,0.9308497011651894
8,0.45,0.2,true,0.25,1.0070435623345136E-5,0.928074324017414
8,0.45,0.2,true,0.25,9.633650892551179E-6,0.9293097406303513
8,0.45,0.2,true,0.25,9.248997320410615E-6,0.9309370318766178
8,0.45,0.2,true,0.25,8.94200443179286E-6,0.9308293823625857
8,0.45,0.2,true,0.25,8.606910045504014E-6,0.9306368490980503
8,0.45,0.2,true,0.25,8.322316429585472E-6,0.9296245639240808
8,0.45,0.2,true,0.25,7.94745783819872E-6,0.9295207920867641
8,0.45,0.2,true,0.25,7.600598536095897E-6,0.9290828536674848
8,0.45,0.2,true,0.25,7.346520254798623E-6,0.9285533420016208
8,0.45,0.2,true,0.25,6.964165136454137E-6,0.9283147819345606
8,0.45,0.2,true,0.25,6.683901841622884E-6,0.9298408089630616
