author_anon,project_id
A2014,6457b342f9a054337509e7cd
A3606,6457b342f9a054337509e7cd
A2014,6457b343f9a054337509e7d2
A2930,6457b343f9a054337509e7d2
A3480,6457b343f9a054337509e7d8
A2691,6457b343f9a054337509e7d8
A3178,6457b343f9a054337509e7e0
A3446,6457b343f9a054337509e7e4
A2789,6457b343f9a054337509e7e0
A2014,6457b344f9a054337509e7f2
A2988,6457b344f9a054337509e7f2
A2014,6457b344f9a054337509e7fa
A2262,6457b343f9a054337509e7e0
A3381,6457b344f9a054337509e7fa
A2014,6457b345f9a054337509e806
A4294,6457b345f9a054337509e806
A2014,6457b345f9a054337509e813
A2014,6457b347f9a054337509e81b
A4485,6457b347f9a054337509e81d
A2993,6457b347f9a054337509e81b
A2734,6457b347f9a054337509e81d
A3945,6457b348f9a054337509e825
A2014,6457b348f9a054337509e828
A3461,6457b348f9a054337509e828
A2014,6457b349f9a054337509e82d
A2014,6457b349f9a054337509e82f
A2783,6457b349f9a054337509e82d
A3391,6457b349f9a054337509e82f
A2014,6457b349f9a054337509e83b
A3258,6457b349f9a054337509e83b
A2014,6457b34af9a054337509e844
A3630,6457b34af9a054337509e844
A2014,6457b34af9a054337509e848
A3349,6457b34af9a054337509e848
A2014,6457b34bf9a054337509e84d
A3572,6457b34bf9a054337509e84d
A0364,6457b34af9a054337509e844
A2014,6457b34bf9a054337509e853
A4472,6457b34bf9a054337509e853
A2014,6457b34cf9a054337509e865
A4033,6457b34cf9a054337509e865
A2014,6457b34df9a054337509e86d
A3071,6457b34df9a054337509e86f
A4099,6457b34df9a054337509e86d
A0289,6457b34ef9a054337509e877
A2014,6457b34ff9a054337509e885
A2014,6457b34ff9a054337509e888
A2274,6457b34ff9a054337509e885
A3597,6457b34ff9a054337509e888
A3677,6457b34ff9a054337509e890
A2783,6457b34ff9a054337509e890
A3446,6457b351f9a054337509e8a7
A0288,6457b34ef9a054337509e877
A2014,6457b351f9a054337509e8ac
A2014,6457b351f9a054337509e8ae
A2682,6457b351f9a054337509e8a7
A2274,6457b351f9a054337509e8ac
A2833,6457b351f9a054337509e8ae
A2014,6457b351f9a054337509e8bb
A4400,6457b351f9a054337509e8bb
A2433,6457b352f9a054337509e8cc
A2014,6457b352f9a054337509e8d1
A2014,6457b352f9a054337509e8d6
A2832,6457b352f9a054337509e8cc
A2014,6457b352f9a054337509e8d9
A3298,6457b352f9a054337509e8d6
A3987,6457b352f9a054337509e8d1
A2876,6457b352f9a054337509e8d9
A2014,6457b352f9a054337509e8e6
A3115,6457b352f9a054337509e8e6
A4331,6457b351f9a054337509e8a7
A2014,6457b353f9a054337509e8fe
A3386,6457b353f9a054337509e8fe
A2014,6457b353f9a054337509e905
A2014,6457b353f9a054337509e909
A4395,6457b353f9a054337509e905
A0588,6457b34ef9a054337509e877
A4364,6457b353f9a054337509e909
A2014,6457b354f9a054337509e90f
A0856,6457b34ef9a054337509e877
A2934,6457b354f9a054337509e90f
A2014,6457b354f9a054337509e91b
A2014,6457b354f9a054337509e91f
A3961,6457b354f9a054337509e91b
A2014,6457b354f9a054337509e923
A3593,6457b354f9a054337509e91f
A4014,6457b354f9a054337509e923
A2014,6457b355f9a054337509e92a
A2014,6457b355f9a054337509e92e
A4088,6457b355f9a054337509e92a
A4422,6457b355f9a054337509e92e
A2014,6457b355f9a054337509e935
A4315,6457b355f9a054337509e935
A1552,6457b34ef9a054337509e877
A3455,6457b356f9a054337509e944
A2014,6457b356f9a054337509e94e
A4085,6457b356f9a054337509e94e
A2014,6457b357f9a054337509e956
A0776,6457b34ef9a054337509e877
A2014,6457b357f9a054337509e95a
A4317,6457b357f9a054337509e956
A3606,6457b357f9a054337509e95a
A2014,6457b357f9a054337509e969
A3071,6457b357f9a054337509e96c
A3996,6457b357f9a054337509e969
A1843,6457b357f9a054337509e96c
A3720,6457b357f9a054337509e973
A2392,6457b357f9a054337509e973
A3654,6457b357f9a054337509e96c
A2014,6457b358f9a054337509e984
A2930,6457b358f9a054337509e984
A2014,6457b358f9a054337509e98e
A0364,6457b358f9a054337509e98e
A2014,6457b359f9a054337509e9a3
A2014,6457b359f9a054337509e9a8
A2988,6457b359f9a054337509e9a3
A3654,6457b359f9a054337509e9a8
A2014,6457b359f9a054337509e9b2
A3216,6457b359f9a054337509e9b2
A2014,6457b35af9a054337509e9bc
A2783,6457b35af9a054337509e9bc
A2014,6457b35af9a054337509e9c2
A3784,6457b35af9a054337509e9c2
A2652,6457b35bf9a054337509e9c8
A4135,6457b35bf9a054337509e9c8
A1081,6457b35cf9a054337509e9d1
A3758,6457b35bf9a054337509e9c8
A0611,6457b35cf9a054337509e9d1
A0125,6457b35cf9a054337509e9d9
A4187,6457b35bf9a054337509e9c8
A0266,6457b35bf9a054337509e9c8
A4156,6457b35bf9a054337509e9c8
A0997,6457b35bf9a054337509e9c8
A3847,6457b35bf9a054337509e9c8
A3446,6457b34ef9a054337509e877
A2532,6457b35df9a054337509e9f7
A0125,6457b35cf9a054337509e9d1
A1097,6457b35df9a054337509e9fe
A1097,6457b35df9a054337509ea01
A0125,6457b35ef9a054337509ea06
A1458,6457b35df9a054337509ea01
A0125,6457b35ef9a054337509ea0d
A0587,6457b35ef9a054337509ea06
A1458,6457b35cf9a054337509e9d9
A2532,6457b35df9a054337509ea01
A1458,6457b35ef9a054337509ea0d
A2532,6457b35df9a054337509e9fe
A0125,6457b35df9a054337509e9fe
A1457,6457b35cf9a054337509e9d1
A0587,6457b35cf9a054337509e9d1
A1458,6457b35ef9a054337509ea06
A1457,6457b35ef9a054337509ea06
A0862,6457b35df9a054337509ea01
A0587,6457b35df9a054337509e9fe
A0125,6457b35df9a054337509ea01
A1458,6457b35df9a054337509e9fe
A0125,6457b361f9a054337509ea80
A1458,6457b35cf9a054337509e9d1
A1458,6457b363f9a054337509ead1
A1457,6457b363f9a054337509ead1
A0654,6457b363f9a054337509ead1
A0587,6457b35df9a054337509ea01
A0125,6457b363f9a054337509ead1
A2044,6457b35df9a054337509ea01
A1056,6457b34ef9a054337509e877
A1266,6457b35df9a054337509e9fe
A0587,6457b366f9a054337509eb64
A0862,6457b366f9a054337509eb64
A0125,6457b366f9a054337509eb64
A2558,6457b35ef9a054337509ea06
A1097,6457b35df9a054337509e9f7
A0654,6457b366f9a054337509eb64
A0654,6457b35ef9a054337509ea06
A1183,6457b34ef9a054337509e877
A1457,6457b35df9a054337509ea01
A1081,6457b35df9a054337509e9fe
A1458,6457b366f9a054337509eb64
A1909,6457b366f9a054337509eb64
A2014,6457b36ef9a054337509ece3
A4294,6457b36ef9a054337509ece3
A2014,6457b36ff9a054337509ecfe
A3866,6457b36ff9a054337509ecfe
A0884,6457b366f9a054337509eb64
A0611,6457b35df9a054337509e9fe
A1457,6457b366f9a054337509eb64
A2532,6457b35ef9a054337509ea06
A1458,6457b361f9a054337509ea80
A0281,6457b35df9a054337509ea01
A4239,6457b371f9a054337509ed58
A2910,6457b371f9a054337509ed58
A1286,6457b366f9a054337509eb64
A0071,6457b34ef9a054337509e877
A2452,6457b34ef9a054337509e877
A1358,6457b366f9a054337509eb64
A2513,6457b366f9a054337509eb64
A1327,6457b34ef9a054337509e877
A1097,6457b363f9a054337509ead1
A0587,6457b363f9a054337509ead1
A2014,6457b378f9a054337509ee4d
A2993,6457b378f9a054337509ee4d
A1624,6457b35df9a054337509e9fe
A2182,6457b35df9a054337509e9fe
A4291,6457b378f9a054337509ee6f
A2014,6457b379f9a054337509ee7a
A2391,6457b378f9a054337509ee6f
A3677,6457b379f9a054337509ee7a
A0679,6457b35df9a054337509e9fe
A3801,6457b37cf9a054337509ef2d
A0986,6457b37cf9a054337509ef2d
A1661,6457b35df9a054337509e9fe
A2014,6457b37ef9a054337509ef72
A3381,6457b37ef9a054337509ef72
A1625,6457b34ef9a054337509e877
A2014,6457b380f9a054337509efca
A3944,6457b380f9a054337509efca
A2014,6457b382f9a054337509f008
A3990,6457b382f9a054337509f008
A2821,6457b385f9a054337509f05d
A1890,6457b385f9a054337509f05d
A1569,6457b34ef9a054337509e877
A3164,6457b388f9a054337509f0a4
A3692,6457b388f9a054337509f0ab
A3179,6457b388f9a054337509f0a4
A1093,6457b34ef9a054337509e877
A2532,6457b363f9a054337509ead1
A0723,6457b34ef9a054337509e877
A2869,6457b38cf9a054337509f11e
A1888,6457b38cf9a054337509f11e
A2014,6457b38cf9a054337509f12e
A1525,6457b34ef9a054337509e877
A2783,6457b38cf9a054337509f12e
A0014,6457b38cf9a054337509f11e
A3516,6457b38cf9a054337509f11e
A0578,6457b38ef9a054337509f16f
A3409,6457b38ef9a054337509f176
A3455,6457b38ef9a054337509f16f
A2890,6457b38ef9a054337509f189
A1694,6457b38ef9a054337509f189
A1285,6457b34ef9a054337509e877
A1486,6457b38ff9a054337509f1a2
A2434,6457b38ff9a054337509f1a2
A2250,6457b38ff9a054337509f1a2
A0772,6457b34ef9a054337509e877
A0231,6457b392f9a054337509f214
A3828,6457b392f9a054337509f225
A0830,6457b394f9a054337509f24e
A1484,6457b363f9a054337509ead1
A2981,6457b394f9a054337509f24e
A1097,6457b35ef9a054337509ea06
A2014,6457b396f9a054337509f2a3
A0364,6457b396f9a054337509f2a3
A4478,6457b398f9a054337509f2df
A2524,6457b398f9a054337509f2df
A1661,6457b35ef9a054337509ea06
A4365,6457b398f9a054337509f2ed
A1591,6457b398f9a054337509f2ed
A0935,6457b39af9a054337509f313
A3816,6457b39af9a054337509f313
A3020,6457b39af9a054337509f327
A1246,6457b39af9a054337509f327
A2593,6457b34ef9a054337509e877
A3184,6457b39ef9a054337509f3ab
A0107,6457b39ef9a054337509f3ab
A3178,6457b39ef9a054337509f3b8
A2663,6457b39ef9a054337509f3b8
A2652,6457b3a0f9a054337509f3d7
A0997,6457b3a0f9a054337509f3d7
A2652,6457b3a0f9a054337509f3ed
A3758,6457b3a0f9a054337509f3ed
A0997,6457b3a0f9a054337509f3ed
A3698,6457b3a2f9a054337509f410
A3422,6457b3a2f9a054337509f410
A4485,6457b3a2f9a054337509f417
A2927,6457b3a2f9a054337509f417
A0751,6457b3a2f9a054337509f410
A0462,6457b3a5f9a054337509f465
A2772,6457b3a5f9a054337509f465
A2542,6457b3a6f9a054337509f47b
A3017,6457b3a9f9a054337509f4f0
A0306,6457b3a9f9a054337509f4f0
A3178,6457b3a6f9a054337509f47b
A4411,6457b3a6f9a054337509f47b
A1097,6457b366f9a054337509eb64
A1661,6457b363f9a054337509ead1
A4314,6457b3b1f9a054337509f5b1
A2942,6457b3b1f9a054337509f5b1
A3446,6457b3b2f9a054337509f5df
A3061,6457b3b2f9a054337509f5df
A3965,6457b3b3f9a054337509f5f6
A2184,6457b3b3f9a054337509f5f6
A1430,6457b363f9a054337509ead1
A3446,6457b3b5f9a054337509f650
A3061,6457b3b5f9a054337509f650
A2986,6457b3b5f9a054337509f65c
A2682,6457b3b2f9a054337509f5df
A3333,6457b3b5f9a054337509f65c
A4398,6457b3b8f9a054337509f6d4
A0216,6457b3b8f9a054337509f6d4
A2682,6457b3b5f9a054337509f650
A3558,6457b3bbf9a054337509f730
A0489,6457b3bbf9a054337509f730
A3558,6457b3bcf9a054337509f74f
A0489,6457b3bcf9a054337509f74f
A4299,6457b3bcf9a054337509f769
A3558,6457b3bdf9a054337509f76f
A2261,6457b3bdf9a054337509f76f
A0443,6457b3bff9a054337509f7a1
A0611,6457b363f9a054337509ead1
A1320,6457b3bff9a054337509f7a1
A4478,6457b3c0f9a054337509f7bc
A1438,6457b3c0f9a054337509f7bc
A2966,6457b3c1f9a054337509f7cf
A3856,6457b3c1f9a054337509f7cf
A0862,6457b363f9a054337509ead1
A3961,6457b3c2f9a054337509f7dc
A4335,6457b3c2f9a054337509f7e2
A2535,6457b3c2f9a054337509f7e2
A1486,6457b3c2f9a054337509f7e9
A1225,6457b3c2f9a054337509f7e9
A4335,6457b3c3f9a054337509f7f0
A1235,6457b3c2f9a054337509f7e9
A2535,6457b3c3f9a054337509f7f0
A3856,6457b3c3f9a054337509f7fa
A0073,6457b3c3f9a054337509f7fa
A2019,6457b363f9a054337509ead1
A2291,6457b3c4f9a054337509f80d
A0685,6457b3c4f9a054337509f80d
A1353,6457b3c4f9a054337509f80d
A3763,6457b3c4f9a054337509f81e
A4168,6457b3c4f9a054337509f81e
A0144,6457b34ef9a054337509e877
A3207,6457b3c5f9a054337509f835
A3625,6457b3c5f9a054337509f835
A2281,6457b34ef9a054337509e877
A0929,6457b34ef9a054337509e877
A3245,6457b3c6f9a054337509f851
A2473,6457b3c6f9a054337509f851
A3784,6457b3c7f9a054337509f878
A2467,6457b3c7f9a054337509f878
A2617,6457b3c7f9a054337509f878
A3826,6457b3c9f9a054337509f8cc
A1575,6457b3c9f9a054337509f8cc
A2386,6457b3c9f9a054337509f8cc
A3777,6457b3caf9a054337509f8dd
A3455,6457b3caf9a054337509f8e1
A2274,6457b3caf9a054337509f8dd
A2647,6457b3caf9a054337509f8e1
A3702,6457b3caf9a054337509f8e1
A0374,6457b363f9a054337509ead1
A4398,6457b3cbf9a054337509f918
A1000,6457b3cbf9a054337509f918
A3961,6457b3ccf9a054337509f92f
A4157,6457b3ccf9a054337509f92f
A4018,6457b3caf9a054337509f8e1
A4485,6457b3c3f9a054337509f7fa
A3722,6457b3cef9a054337509f966
A0677,6457b3d0f9a054337509f977
A4178,6457b3d0f9a054337509f97a
A0395,6457b3d0f9a054337509f97c
A3703,6457b3d0f9a054337509f97e
A0735,6457b3d0f9a054337509f97c
A0220,6457b3d0f9a054337509f97e
A3577,6457b3d0f9a054337509f977
A3858,6457b3d0f9a054337509f97a
A1810,6457b3d0f9a054337509f97c
A3876,6457b3d1f9a054337509f999
A3572,6457b3d0f9a054337509f97c
A1847,6457b3d1f9a054337509f999
A2175,6457b3d0f9a054337509f977
A2048,6457b3d0f9a054337509f97c
A2499,6457b3d0f9a054337509f97c
A0579,6457b34ef9a054337509e877
A3249,6457b3d6f9a054337509fa0e
A0412,6457b3d6f9a054337509fa0e
A2395,6457b363f9a054337509ead1
A3836,6457b3d8f9a054337509fa4a
A2212,6457b3d8f9a054337509fa4a
A3475,6457b3d8f9a054337509fa4a
A0750,6457b3d8f9a054337509fa4a
A3446,6457b3dcf9a054337509fa93
A3446,6457b3dcf9a054337509fa98
A2682,6457b3dcf9a054337509fa98
A2682,6457b3dcf9a054337509fa93
A3446,6457b3e0f9a054337509fb09
A4331,6457b3e0f9a054337509fb09
A3446,6457b3e6f9a054337509fb80
A0526,6457b3e8f9a054337509fbb8
A3168,6457b3e8f9a054337509fbb8
A3061,6457b3e6f9a054337509fb80
A4302,6457b3ecf9a054337509fc0d
A2486,6457b3ecf9a054337509fc10
A1261,6457b3ecf9a054337509fc13
A0243,6457b3ecf9a054337509fc0d
A4452,6457b3ecf9a054337509fc13
A0651,6457b3ecf9a054337509fc10
A2020,6457b3ecf9a054337509fc1c
A4081,6457b3ecf9a054337509fc1c
A4485,6457b3eef9a054337509fc4d
A4493,6457b3eef9a054337509fc51
A1801,6457b3ecf9a054337509fc10
A3542,6457b3eef9a054337509fc51
A3552,6457b3eef9a054337509fc51
A2515,6457b3ecf9a054337509fc10
A0666,6457b3ecf9a054337509fc10
A1513,6457b3ecf9a054337509fc10
A4485,6457b3eff9a054337509fc70
A4485,6457b3eff9a054337509fc74
A2741,6457b3ecf9a054337509fc10
A0336,6457b3ecf9a054337509fc10
A1311,6457b3ecf9a054337509fc10
A1655,6457b3ecf9a054337509fc10
A2682,6457b3e6f9a054337509fb80
A4485,6457b3f0f9a054337509fc92
A4485,6457b3f0f9a054337509fc94
A1829,6457b3ecf9a054337509fc10
A1383,6457b3ecf9a054337509fc10
A0979,6457b3ecf9a054337509fc10
A0803,6457b3ecf9a054337509fc10
A4485,6457b3f1f9a054337509fcaf
A4485,6457b3f1f9a054337509fcb6
A0265,6457b3ecf9a054337509fc10
A1382,6457b3ecf9a054337509fc10
A4331,6457b3e6f9a054337509fb80
A1892,6457b3f2f9a054337509fccc
A4485,6457b3f2f9a054337509fcd1
A0089,6457b3f2f9a054337509fccc
A4485,6457b3f2f9a054337509fcd6
A0544,6457b3f2f9a054337509fccc
A1836,6457b3f2f9a054337509fccc
A2480,6457b3f2f9a054337509fccc
A1004,6457b3ecf9a054337509fc10
A4485,6457b3f3f9a054337509fcec
A2023,6457b3f2f9a054337509fccc
A4485,6457b3f3f9a054337509fcf6
A2658,6457b3f2f9a054337509fccc
A0621,6457b3ecf9a054337509fc10
A1417,6457b3f4f9a054337509fd03
A1422,6457b3f4f9a054337509fd03
A4485,6457b3f4f9a054337509fd0c
A4485,6457b3f4f9a054337509fd0d
A4485,6457b3f4f9a054337509fd13
A4485,6457b3f5f9a054337509fd30
A4485,6457b3f5f9a054337509fd32
A4485,6457b3f5f9a054337509fd35
A2481,6457b3f2f9a054337509fccc
A1098,6457b3ecf9a054337509fc10
A2044,6457b3ecf9a054337509fc10
A4485,6457b3f6f9a054337509fd47
A0457,6457b3ecf9a054337509fc10
A4485,6457b3f6f9a054337509fd4b
A0674,6457b3ecf9a054337509fc10
A4485,6457b3f6f9a054337509fd4f
A1985,6457b3f2f9a054337509fccc
A2571,6457b3f2f9a054337509fccc
A4485,6457b3f6f9a054337509fd59
A1795,6457b3ecf9a054337509fc10
A2044,6457b3f2f9a054337509fccc
A4485,6457b3f7f9a054337509fd68
A2595,6457b3f6f9a054337509fd59
A4485,6457b3f7f9a054337509fd6f
A1618,6457b3ecf9a054337509fc10
A4485,6457b3f7f9a054337509fd78
A4485,6457b3f7f9a054337509fd7a
A1888,6457b3ecf9a054337509fc10
A3846,6457b3f2f9a054337509fccc
A3071,6457b3f8f9a054337509fd89
A2869,6457b3ecf9a054337509fc10
A1523,6457b3f8f9a054337509fd97
A0438,6457b3f8f9a054337509fd89
A2578,6457b3f8f9a054337509fd97
A3881,6457b3f9f9a054337509fda0
A2737,6457b3f9f9a054337509fda5
A2647,6457b3f9f9a054337509fda0
A0014,6457b3ecf9a054337509fc10
A2384,6457b3ecf9a054337509fc10
A3785,6457b3f2f9a054337509fccc
A2781,6457b3fbf9a054337509fdd8
A2553,6457b3f2f9a054337509fccc
A4393,6457b3fef9a054337509fe12
A2465,6457b3fef9a054337509fe12
A4393,6457b3fef9a054337509fe1f
A2465,6457b3fef9a054337509fe1f
A4485,6457b3fff9a054337509fe32
A4485,6457b400f9a054337509fe35
A4485,6457b400f9a054337509fe3c
A4485,6457b400f9a054337509fe40
A4485,6457b401f9a054337509fe43
A4485,6457b401f9a054337509fe45
A4485,6457b401f9a054337509fe48
A2011,6457b400f9a054337509fe3c
A1385,6457b401f9a054337509fe48
A4485,6457b401f9a054337509fe5a
A4485,6457b402f9a054337509fe61
A4485,6457b402f9a054337509fe68
A4397,6457b400f9a054337509fe3c
A4485,6457b402f9a054337509fe6e
A4485,6457b402f9a054337509fe70
A4485,6457b403f9a054337509fe76
A4485,6457b403f9a054337509fe7c
A4485,6457b403f9a054337509fe7f
A4485,6457b403f9a054337509fe83
A4485,6457b404f9a054337509fe8c
A4485,6457b404f9a054337509fe8e
A4485,6457b404f9a054337509fe92
A4485,6457b404f9a054337509fe97
A1283,6457b3ecf9a054337509fc10
A4485,6457b405f9a054337509fea0
A4485,6457b405f9a054337509fea3
A0479,6457b34ef9a054337509e877
A4485,6457b405f9a054337509feaa
A2483,6457b3ecf9a054337509fc10
A2015,6457b3ecf9a054337509fc10
A1306,6457b3ecf9a054337509fc10
A4485,6457b407f9a054337509fec2
A1812,6457b3ecf9a054337509fc10
A3856,6457b407f9a054337509fec2
A2568,6457b3ecf9a054337509fc10
A4275,6457b408f9a054337509fed2
A2634,6457b408f9a054337509fed2
A0344,6457b3ecf9a054337509fc10
A4485,6457b409f9a054337509fedc
A3178,6457b409f9a054337509fedc
A3779,6457b40af9a054337509feff
A2554,6457b40af9a054337509feff
A0364,6457b40af9a054337509ff0f
A3606,6457b40af9a054337509ff0f
A0364,6457b40cf9a054337509ff2e
A3506,6457b40cf9a054337509ff38
A4275,6457b40cf9a054337509ff3a
A3606,6457b40cf9a054337509ff2e
A0887,6457b40cf9a054337509ff38
A2634,6457b40cf9a054337509ff3a
A0364,6457b40cf9a054337509ff47
A3606,6457b40cf9a054337509ff47
A0364,6457b40df9a054337509ff55
A0330,6457b3ecf9a054337509fc10
A3606,6457b40df9a054337509ff55
A2805,6457b40ff9a054337509ff8f
A2624,6457b34ef9a054337509e877
A2552,6457b40ff9a054337509ff8f
A0462,6457b40ff9a054337509ff8f
A0364,6457b410f9a054337509ffa4
A3002,6457b40ff9a054337509ff8f
A2772,6457b40ff9a054337509ff8f
A1380,6457b3ecf9a054337509fc10
A4179,6457b410f9a054337509ffa4
A0312,6457b415f9a05433750a0021
A3949,6457b415f9a05433750a0021
A0166,6457b410f9a054337509ffa4
A2756,6457b3ecf9a054337509fc10
A0069,6457b3ecf9a054337509fc10
A1480,6457b3ecf9a054337509fc10
A3053,6457b41df9a05433750a00ad
A2578,6457b41df9a05433750a00ad
A1713,6457b3ecf9a054337509fc10
A1523,6457b41df9a05433750a00ad
A2709,6457b3ecf9a054337509fc10
A3828,6457b41ef9a05433750a00c3
A2702,6457b41ef9a05433750a00c3
A0231,6457b421f9a05433750a011f
A1815,6457b3ecf9a054337509fc10
A4333,6457b421f9a05433750a011f
A2948,6457b420f9a05433750a0102
A0864,6457b3ecf9a054337509fc10
A2701,6457b41ef9a05433750a00c3
A3847,6457b420f9a05433750a0102
A2902,6457b420f9a05433750a0102
A4072,6457b420f9a05433750a0102
A3053,6457b423f9a05433750a0161
A1665,6457b41ef9a05433750a00c3
A2578,6457b423f9a05433750a0161
A0685,6457b423f9a05433750a0173
A1439,6457b420f9a05433750a0102
A2001,6457b3ecf9a054337509fc10
A4286,6457b420f9a05433750a0102
A3568,6457b423f9a05433750a0173
A3020,6457b423f9a05433750a0188
A3020,6457b424f9a05433750a018e
A1246,6457b423f9a05433750a0188
A1246,6457b424f9a05433750a018e
A1196,6457b3ecf9a054337509fc10
A0997,6457b420f9a05433750a0102
A1763,6457b3ecf9a054337509fc10
A0266,6457b420f9a05433750a0102
A3182,6457b420f9a05433750a0102
A4082,6457b425f9a05433750a01c1
A1437,6457b425f9a05433750a01c1
A4156,6457b420f9a05433750a0102
A0502,6457b3ecf9a054337509fc10
A0505,6457b425f9a05433750a01c1
A0652,6457b3ecf9a054337509fc10
A3466,6457b420f9a05433750a0102
A1864,6457b3ecf9a054337509fc10
A0341,6457b3ecf9a054337509fc10
A0562,6457b3ecf9a054337509fc10
A1344,6457b3ecf9a054337509fc10
A1300,6457b3ecf9a054337509fc10
A3638,6457b420f9a05433750a0102
A0802,6457b3ecf9a054337509fc10
A3249,6457b428f9a05433750a0249
A0412,6457b428f9a05433750a0249
A4037,6457b42af9a05433750a028c
A1353,6457b42af9a05433750a028c
A1459,6457b34ef9a054337509e877
A4145,6457b42bf9a05433750a02a4
A1571,6457b42bf9a05433750a02a7
A1486,6457b42bf9a05433750a02a4
A1486,6457b42bf9a05433750a02a7
A0364,6457b42df9a05433750a02dd
A2516,6457b42df9a05433750a02dd
A3158,6457b42df9a05433750a02dd
A3381,6457b42ff9a05433750a032e
A3677,6457b430f9a05433750a0333
A1319,6457b42ff9a05433750a032e
A4163,6457b430f9a05433750a0333
A0980,6457b3ecf9a054337509fc10
A0936,6457b431f9a05433750a035c
A0006,6457b431f9a05433750a035c
A4442,6457b431f9a05433750a0366
A1160,6457b431f9a05433750a0366
A2772,6457b432f9a05433750a0385
A2089,6457b3ecf9a054337509fc10
A0462,6457b432f9a05433750a0385
A0492,6457b430f9a05433750a0333
A2604,6457b3ecf9a054337509fc10
A1262,6457b430f9a05433750a0333
A4048,6457b433f9a05433750a039c
A1370,6457b433f9a05433750a039c
A1352,6457b434f9a05433750a03b9
A4032,6457b434f9a05433750a03b9
A3092,6457b434f9a05433750a03d3
A1442,6457b3ecf9a054337509fc10
A4073,6457b438f9a05433750a044c
A1426,6457b438f9a05433750a044c
A0462,6457b438f9a05433750a045d
A2772,6457b438f9a05433750a045d
A0054,6457b3ecf9a054337509fc10
A3856,6457b43af9a05433750a0495
A0556,6457b3ecf9a054337509fc10
A2303,6457b3ecf9a054337509fc10
A1846,6457b43af9a05433750a0495
A4208,6457b43bf9a05433750a04c8
A3195,6457b43bf9a05433750a04c8
A3414,6457b43cf9a05433750a04d1
A0917,6457b43cf9a05433750a04d1
A3856,6457b43cf9a05433750a04df
A4398,6457b43cf9a05433750a04e2
A0216,6457b43cf9a05433750a04e2
A2487,6457b3ecf9a054337509fc10
A2701,6457b43cf9a05433750a04e2
A1209,6457b34ef9a054337509e877
A1378,6457b442f9a05433750a0577
A3320,6457b410f9a054337509ffa4
A3116,6457b442f9a05433750a0577
A3856,6457b445f9a05433750a05a9
A3285,6457b410f9a054337509ffa4
A1508,6457b3ecf9a054337509fc10
A1846,6457b43cf9a05433750a04df
A0789,6457b3ecf9a054337509fc10
A0958,6457b3ecf9a054337509fc10
A0868,6457b3ecf9a054337509fc10
A3100,6457b44ef9a05433750a069a
A2998,6457b44ff9a05433750a06be
A2085,6457b44ff9a05433750a06be
A0346,6457b3ecf9a054337509fc10
A0736,6457b44ef9a05433750a069a
A3246,6457b410f9a054337509ffa4
A2884,6457b410f9a054337509ffa4
A3065,6457b450f9a05433750a06ec
A1248,6457b450f9a05433750a06ec
A3486,6457b451f9a05433750a06f2
A3267,6457b450f9a05433750a06ec
A0431,6457b451f9a05433750a06f2
A4021,6457b451f9a05433750a070c
A1935,6457b451f9a05433750a070c
A0876,6457b452f9a05433750a0719
A0877,6457b452f9a05433750a0719
A1334,6457b451f9a05433750a06f2
A0277,6457b3ecf9a054337509fc10
A3332,6457b451f9a05433750a06f2
A3826,6457b455f9a05433750a078a
A0881,6457b455f9a05433750a078a
A3635,6457b455f9a05433750a078a
A0141,6457b455f9a05433750a078a
A2427,6457b455f9a05433750a078a
A0364,6457b45bf9a05433750a0835
A1231,6457b455f9a05433750a078a
A4311,6457b45bf9a05433750a0835
A3227,6457b45ef9a05433750a08ae
A0364,6457b45ef9a05433750a08c2
A2836,6457b45ef9a05433750a08ae
A2033,6457b45ef9a05433750a08c2
A2485,6457b3ecf9a054337509fc10
A4076,6457b45ef9a05433750a08ae
A1365,6457b3ecf9a054337509fc10
A0364,6457b45ff9a05433750a08ec
A1597,6457b45ff9a05433750a08ec
A3942,6457b45ef9a05433750a08c2
A0595,6457b3ecf9a054337509fc10
A0298,6457b3ecf9a054337509fc10
A4260,6457b45ff9a05433750a08ec
A0667,6457b3ecf9a054337509fc10
A3374,6457b464f9a05433750a09c2
A2368,6457b464f9a05433750a09c2
A0364,6457b464f9a05433750a09cc
A0050,6457b464f9a05433750a09cc
A4260,6457b467f9a05433750a0a19
A1597,6457b467f9a05433750a0a19
A0006,6457b467f9a05433750a0a28
A3599,6457b464f9a05433750a09cc
A0936,6457b467f9a05433750a0a28
A0364,6457b46cf9a05433750a0a87
A0364,6457b46df9a05433750a0a8c
A2599,6457b46cf9a05433750a0a87
A2307,6457b46df9a05433750a0a8c
A4339,6457b46cf9a05433750a0a87
A1846,6457b46ef9a05433750a0abe
A3856,6457b46ef9a05433750a0abe
A3265,6457b46ff9a05433750a0ad5
A1067,6457b46ff9a05433750a0ad5
A4294,6457b472f9a05433750a0b25
A3459,6457b472f9a05433750a0b25
A1854,6457b472f9a05433750a0b25
A3382,6457b472f9a05433750a0b25
A0364,6457b474f9a05433750a0b59
A0364,6457b474f9a05433750a0b64
A1735,6457b474f9a05433750a0b59
A1662,6457b474f9a05433750a0b6d
A4204,6457b474f9a05433750a0b64
A0364,6457b474f9a05433750a0b6d
A2222,6457b3ecf9a054337509fc10
A4054,6457b474f9a05433750a0b59
A0364,6457b476f9a05433750a0bb1
A1527,6457b476f9a05433750a0bb1
A4439,6457b476f9a05433750a0bb1
A0914,6457b46ff9a05433750a0ad5
A3183,6457b474f9a05433750a0b6d
A3417,6457b46ff9a05433750a0ad5
A2247,6457b3ecf9a054337509fc10
A2909,6457b46ef9a05433750a0abe
A2751,6457b3ecf9a054337509fc10
A0364,6457b47bf9a05433750a0c6b
A4259,6457b47bf9a05433750a0c6b
A2410,6457b47bf9a05433750a0c6b
A0645,6457b46ff9a05433750a0ad5
A3597,6457b46ff9a05433750a0ad5
A0364,6457b47cf9a05433750a0c8d
A4244,6457b47cf9a05433750a0c8d
A2006,6457b3ecf9a054337509fc10
A0364,6457b480f9a05433750a0cd1
A1047,6457b480f9a05433750a0cd1
A0364,6457b486f9a05433750a0d2f
A2500,6457b486f9a05433750a0d2f
A3981,6457b486f9a05433750a0d2f
A0364,6457b487f9a05433750a0d41
A1628,6457b487f9a05433750a0d41
A0364,6457b488f9a05433750a0d5d
A1426,6457b488f9a05433750a0d5d
A0364,6457b489f9a05433750a0d77
A0718,6457b489f9a05433750a0d77
A0364,6457b48af9a05433750a0d91
A2203,6457b489f9a05433750a0d77
A1533,6457b48af9a05433750a0d91
A4039,6457b489f9a05433750a0d77
A4182,6457b48af9a05433750a0d91
A4073,6457b488f9a05433750a0d5d
A0364,6457b48cf9a05433750a0dfc
A3970,6457b48cf9a05433750a0dfc
A4134,6457b487f9a05433750a0d41
A1298,6457b48cf9a05433750a0dfc
A0294,6457b34ef9a054337509e877
A0293,6457b34ef9a054337509e877
A0364,6457b491f9a05433750a0eac
A2270,6457b491f9a05433750a0eac
A3933,6457b491f9a05433750a0eac
A0364,6457b493f9a05433750a0efe
A1473,6457b3ecf9a054337509fc10
A2647,6457b493f9a05433750a0efe
A1802,6457b3ecf9a054337509fc10
A3921,6457b493f9a05433750a0efe
A3958,6457b496f9a05433750a0f56
A0906,6457b3ecf9a054337509fc10
A0364,6457b49af9a05433750a0f91
A1867,6457b49af9a05433750a0f91
A0364,6457b49af9a05433750a0fa1
A3845,6457b49af9a05433750a0f91
A0364,6457b49bf9a05433750a0faa
A2733,6457b49af9a05433750a0fa1
A3853,6457b49bf9a05433750a0faa
A2336,6457b49bf9a05433750a0faa
A3873,6457b49af9a05433750a0fa1
A0364,6457b49ff9a05433750a1022
A0007,6457b49ff9a05433750a1022
A1346,6457b3ecf9a054337509fc10
A3792,6457b49ff9a05433750a1022
A0744,6457b49ff9a05433750a1022
A0343,6457b3ecf9a054337509fc10
A0364,6457b4a2f9a05433750a1072
A2647,6457b49ff9a05433750a1022
A3692,6457b4a2f9a05433750a1072
A0364,6457b4a3f9a05433750a10a3
A0401,6457b4a3f9a05433750a10a3
A3735,6457b4a3f9a05433750a10a3
A0364,6457b4a5f9a05433750a10d9
A2388,6457b4a5f9a05433750a10d9
A0364,6457b4a7f9a05433750a1138
A3809,6457b4a5f9a05433750a10d9
A1006,6457b4a7f9a05433750a1138
A0356,6457b3ecf9a054337509fc10
A0364,6457b4a9f9a05433750a116c
A2107,6457b4a9f9a05433750a116c
A0364,6457b4a9f9a05433750a1187
A0095,6457b3ecf9a054337509fc10
A0945,6457b4a9f9a05433750a1187
A0364,6457b496f9a05433750a0f56
A3561,6457b4a9f9a05433750a1187
A2065,6457b496f9a05433750a0f56
A3685,6457b4a7f9a05433750a1138
A3650,6457b4a9f9a05433750a116c
A2292,6457b3ecf9a054337509fc10
A0364,6457b4b0f9a05433750a1266
A0364,6457b4b3f9a05433750a128f
A0364,6457b4b4f9a05433750a1297
A2425,6457b4b3f9a05433750a128f
A2276,6457b4b4f9a05433750a1297
A0364,6457b4b4f9a05433750a12a8
A3364,6457b4b4f9a05433750a12a8
A0364,6457b4b4f9a05433750a12b4
A1923,6457b4b4f9a05433750a12b4
A0364,6457b4b5f9a05433750a12c5
A3431,6457b4b3f9a05433750a128f
A3356,6457b4b5f9a05433750a12c5
A0553,6457b4b4f9a05433750a12a8
A0079,6457b4b5f9a05433750a12c5
A3460,6457b4b4f9a05433750a12b4
A1136,6457b4b4f9a05433750a1297
A0364,6457b4b9f9a05433750a1361
A3271,6457b4b9f9a05433750a1361
A0364,6457b4baf9a05433750a136e
A0089,6457b4baf9a05433750a136e
A0364,6457b4baf9a05433750a1389
A0364,6457b4baf9a05433750a138e
A2696,6457b4baf9a05433750a138e
A3264,6457b4baf9a05433750a136e
A3267,6457b4baf9a05433750a138e
A1117,6457b3ecf9a054337509fc10
A0364,6457b4bef9a05433750a140e
A0501,6457b4bef9a05433750a140e
A0364,6457b4bef9a05433750a141c
A0711,6457b4bef9a05433750a141c
A3220,6457b4bef9a05433750a140e
A0364,6457b4c0f9a05433750a1452
A2673,6457b4c0f9a05433750a1452
A3007,6457b4bef9a05433750a141c
A2958,6457b4c0f9a05433750a1452
A0364,6457b4c1f9a05433750a1483
A0284,6457b4c1f9a05433750a1483
A0364,6457b4c2f9a05433750a1492
A0364,6457b4c2f9a05433750a14a2
A3990,6457b4c2f9a05433750a1492
A2111,6457b4c2f9a05433750a14a2
A2785,6457b4c2f9a05433750a14a2
A2982,6457b4c1f9a05433750a1483
A0364,6457b4c8f9a05433750a150d
A0364,6457b4c8f9a05433750a1512
A2745,6457b4c8f9a05433750a150d
A3944,6457b4c8f9a05433750a1512
A0242,6457b3ecf9a054337509fc10
A0964,6457b3ecf9a054337509fc10
A0364,6457b4cdf9a05433750a1584
A0364,6457b4cdf9a05433750a1588
A0364,6457b4cdf9a05433750a158d
A4400,6457b4cdf9a05433750a1584
A0364,6457b4cdf9a05433750a1594
A3996,6457b4cdf9a05433750a1588
A4315,6457b4cdf9a05433750a158d
A2143,6457b4cdf9a05433750a1594
A0364,6457b4cef9a05433750a15a0
A1319,6457b4cef9a05433750a15a0
A0046,6457b3ecf9a054337509fc10
A0364,6457b4cff9a05433750a15c2
A4085,6457b4cff9a05433750a15c2
A0364,6457b4d0f9a05433750a15e1
A3866,6457b4d0f9a05433750a15e8
A3486,6457b4d0f9a05433750a15e1
A0364,6457b4d0f9a05433750a15f5
A3298,6457b4d0f9a05433750a15f5
A0364,6457b4d2f9a05433750a1639
A2755,6457b3ecf9a054337509fc10
A2787,6457b4d2f9a05433750a1639
A2382,6457b3ecf9a054337509fc10
A0364,6457b4d3f9a05433750a1663
A2876,6457b4d3f9a05433750a1663
A0364,6457b4d3f9a05433750a1673
A4317,6457b4d3f9a05433750a1673
A0364,6457b4d4f9a05433750a1688
A2274,6457b4d4f9a05433750a1688
A2461,6457b3ecf9a054337509fc10
A1349,6457b3ecf9a054337509fc10
A0364,6457b4d5f9a05433750a16d4
A4088,6457b4d5f9a05433750a16d4
A0364,6457b4d7f9a05433750a16ff
A2274,6457b4d7f9a05433750a16ff
A0364,6457b4d8f9a05433750a1717
A3987,6457b4d8f9a05433750a1717
A0364,6457b4d9f9a05433750a1736
A3593,6457b4d9f9a05433750a1736
A1818,6457b3ecf9a054337509fc10
A1823,6457b3ecf9a054337509fc10
A1347,6457b3ecf9a054337509fc10
A2161,6457b3ecf9a054337509fc10
A1745,6457b3ecf9a054337509fc10
A0364,6457b4ddf9a05433750a178a
A0364,6457b4ddf9a05433750a1790
A0364,6457b4ddf9a05433750a1795
A3150,6457b4ddf9a05433750a178a
A3216,6457b4ddf9a05433750a1790
A4294,6457b4ddf9a05433750a1795
A0364,6457b4dff9a05433750a17da
A3391,6457b4dff9a05433750a17da
A0364,6457b4e0f9a05433750a17f1
A0364,6457b4e0f9a05433750a17f7
A3597,6457b4e0f9a05433750a17f1
A0364,6457b4d0f9a05433750a15e8
A2934,6457b4e0f9a05433750a17f7
A0364,6457b4e1f9a05433750a1838
A3386,6457b4e1f9a05433750a1838
A0364,6457b4e3f9a05433750a187a
A2930,6457b4e3f9a05433750a187a
A0364,6457b4e5f9a05433750a18ae
A0710,6457b4e5f9a05433750a18ae
A0364,6457b4e6f9a05433750a18d6
A2833,6457b4e6f9a05433750a18d6
A0364,6457b4e6f9a05433750a18e1
A0364,6457b4e6f9a05433750a18e4
A2993,6457b4e6f9a05433750a18e1
A3784,6457b4e6f9a05433750a18e4
A2467,6457b4e6f9a05433750a18e4
A0682,6457b3ecf9a054337509fc10
A0364,6457b4ebf9a05433750a194b
A1822,6457b34ef9a054337509e877
A0145,6457b4ebf9a05433750a194b
A3359,6457b4ebf9a05433750a194b
A0364,6457b4edf9a05433750a197a
A1530,6457b4edf9a05433750a197a
A0364,6457b4eef9a05433750a198c
A2042,6457b4eef9a05433750a198c
A3079,6457b4edf9a05433750a197a
A0364,6457b4eff9a05433750a19a4
A3654,6457b4eff9a05433750a19a4
A0364,6457b4f0f9a05433750a19c6
A3000,6457b4eef9a05433750a198c
A0544,6457b4eef9a05433750a198c
A0650,6457b4f0f9a05433750a19c6
A0364,6457b4f1f9a05433750a19f0
A0364,6457b4f2f9a05433750a19fd
A3065,6457b4f1f9a05433750a19f0
A3818,6457b4f0f9a05433750a19c6
A0228,6457b4f2f9a05433750a19fd
A0364,6457b4f3f9a05433750a1a32
A1127,6457b4f3f9a05433750a1a32
A1248,6457b4f1f9a05433750a19f0
A0364,6457b4f3f9a05433750a1a45
A4446,6457b4f3f9a05433750a1a32
A3621,6457b4f3f9a05433750a1a45
A3723,6457b4f3f9a05433750a1a45
A0364,6457b4f5f9a05433750a1a79
A0222,6457b4f5f9a05433750a1a79
A3954,6457b4f2f9a05433750a19fd
A4186,6457b4f5f9a05433750a1a79
A4260,6457b4f8f9a05433750a1aed
A1597,6457b4f8f9a05433750a1aed
A2629,6457b3ecf9a054337509fc10
A0364,6457b4fcf9a05433750a1b43
A2202,6457b4fcf9a05433750a1b43
A1181,6457b4fcf9a05433750a1b46
A0364,6457b4fef9a05433750a1b71
A0475,6457b4fef9a05433750a1b71
A0364,6457b4fef9a05433750a1b81
A4287,6457b4fcf9a05433750a1b43
A2708,6457b4fef9a05433750a1b81
A3011,6457b4fcf9a05433750a1b46
A0359,6457b3ecf9a054337509fc10
A4191,6457b4fef9a05433750a1b71
A0364,6457b500f9a05433750a1bd3
A1693,6457b500f9a05433750a1bd3
A3436,6457b4fef9a05433750a1b81
A2192,6457b4fcf9a05433750a1b43
A3078,6457b500f9a05433750a1bd3
A0797,6457b34ef9a054337509e877
A0364,6457b508f9a05433750a1c64
A0235,6457b508f9a05433750a1c64
A2835,6457b508f9a05433750a1c64
A0364,6457b509f9a05433750a1c76
A1561,6457b34ef9a054337509e877
A1932,6457b509f9a05433750a1c76
A2039,6457b509f9a05433750a1c76
A3444,6457b509f9a05433750a1c76
A0364,6457b50af9a05433750a1ca4
A0987,6457b50af9a05433750a1ca4
A4199,6457b50af9a05433750a1ca4
A2924,6457b50ef9a05433750a1ce6
A0223,6457b50ef9a05433750a1ce6
A0364,6457b50ef9a05433750a1cf0
A1740,6457b50ef9a05433750a1cf0
A2855,6457b50ef9a05433750a1cf0
A0742,6457b3ecf9a054337509fc10
A0766,6457b3ecf9a054337509fc10
A0364,6457b511f9a05433750a1d40
A2541,6457b3ecf9a054337509fc10
A1338,6457b511f9a05433750a1d40
A0205,6457b512f9a05433750a1d55
A4343,6457b512f9a05433750a1d55
A0364,6457b512f9a05433750a1d66
A1433,6457b3ecf9a054337509fc10
A1466,6457b512f9a05433750a1d66
A2874,6457b512f9a05433750a1d66
A0364,6457b513f9a05433750a1d97
A0208,6457b513f9a05433750a1d97
A2038,6457b509f9a05433750a1c76
A1600,6457b3ecf9a054337509fc10
A0364,6457b515f9a05433750a1ded
A4472,6457b515f9a05433750a1ded
A4008,6457b511f9a05433750a1d40
A0364,6457b516f9a05433750a1e2b
A3572,6457b516f9a05433750a1e2b
A4102,6457b513f9a05433750a1d97
A2557,6457b3ecf9a054337509fc10
A0072,6457b3ecf9a054337509fc10
A0364,6457b519f9a05433750a1e9d
A3349,6457b519f9a05433750a1e9d
A4365,6457b51af9a05433750a1ec4
A1591,6457b51af9a05433750a1ec4
A0364,6457b51cf9a05433750a1f10
A3961,6457b51cf9a05433750a1f10
A3827,6457b51cf9a05433750a1f2b
A2508,6457b51cf9a05433750a1f2b
A0364,6457b51ff9a05433750a1f7a
A0331,6457b51ff9a05433750a1f7a
A0364,6457b51ff9a05433750a1f87
A3945,6457b51ff9a05433750a1f87
A3677,6457b520f9a05433750a1f94
A3211,6457b51ff9a05433750a1f7a
A1262,6457b520f9a05433750a1f94
A0364,6457b520f9a05433750a1fa0
A1844,6457b520f9a05433750a1f94
A4157,6457b520f9a05433750a1fa0
A1932,6457b512f9a05433750a1d55
A0364,6457b512f9a05433750a1d55
A0364,6457b526f9a05433750a2047
A0590,6457b526f9a05433750a2047
A4306,6457b526f9a05433750a2047
A0364,6457b527f9a05433750a2072
A2131,6457b3ecf9a054337509fc10
A3290,6457b527f9a05433750a2072
A3923,6457b520f9a05433750a1f94
A0364,6457b528f9a05433750a208f
A3658,6457b520f9a05433750a1f94
A0885,6457b528f9a05433750a208f
A4429,6457b527f9a05433750a2072
A2402,6457b529f9a05433750a20a7
A2435,6457b3ecf9a054337509fc10
A3520,6457b520f9a05433750a1f94
A0364,6457b529f9a05433750a20a7
A0364,6457b52af9a05433750a20d2
A1565,6457b52af9a05433750a20d2
A3113,6457b529f9a05433750a20a7
A2999,6457b52af9a05433750a20d2
A3499,6457b528f9a05433750a208f
A0364,6457b52df9a05433750a215f
A2647,6457b52df9a05433750a215f
A3793,6457b52df9a05433750a215f
A3358,6457b52ff9a05433750a21a8
A2530,6457b34ef9a054337509e877
A1169,6457b3ecf9a054337509fc10
A0720,6457b52ff9a05433750a21a8
A2529,6457b34ef9a054337509e877
A1669,6457b52ff9a05433750a21a8
A1937,6457b530f9a05433750a21c5
A2298,6457b530f9a05433750a21c5
A4048,6457b531f9a05433750a21e5
A4048,6457b532f9a05433750a21f3
A0364,6457b532f9a05433750a2203
A2555,6457b532f9a05433750a2203
A1370,6457b531f9a05433750a21e5
A3931,6457b532f9a05433750a2203
A3923,6457b536f9a05433750a226c
A0364,6457b536f9a05433750a2273
A0082,6457b536f9a05433750a226c
A0635,6457b536f9a05433750a2273
A1370,6457b532f9a05433750a21f3
A3563,6457b536f9a05433750a2273
A2746,6457b3ecf9a054337509fc10
A1303,6457b3ecf9a054337509fc10
A0364,6457b539f9a05433750a22cd
A4082,6457b539f9a05433750a22d2
A0505,6457b539f9a05433750a22d2
A0745,6457b539f9a05433750a22cd
A3716,6457b539f9a05433750a22d2
A3794,6457b53bf9a05433750a22f8
A4114,6457b53bf9a05433750a22f8
A4275,6457b53bf9a05433750a2303
A3920,6457b539f9a05433750a22cd
A0364,6457b53bf9a05433750a2309
A0381,6457b3ecf9a054337509fc10
A2634,6457b53bf9a05433750a2303
A2250,6457b53bf9a05433750a2303
A4231,6457b53bf9a05433750a2309
A0364,6457b53cf9a05433750a2322
A0525,6457b53cf9a05433750a2322
A0364,6457b53ef9a05433750a2356
A3351,6457b53ef9a05433750a2356
A3380,6457b53cf9a05433750a2322
A0364,6457b542f9a05433750a23c4
A1112,6457b542f9a05433750a23c4
A0364,6457b543f9a05433750a23ec
A3838,6457b542f9a05433750a23c4
A0364,6457b544f9a05433750a23f4
A2534,6457b543f9a05433750a23ec
A4190,6457b544f9a05433750a23f4
A0538,6457b3ecf9a054337509fc10
A1670,6457b53ef9a05433750a2356
A1214,6457b544f9a05433750a23f4
A4248,6457b543f9a05433750a23ec
A0173,6457b546f9a05433750a243c
A0364,6457b546f9a05433750a243e
A3990,6457b546f9a05433750a243c
A1906,6457b546f9a05433750a243e
A3012,6457b546f9a05433750a243e
A0364,6457b54bf9a05433750a24db
A0090,6457b546f9a05433750a243e
A2356,6457b54bf9a05433750a24db
A2546,6457b3ecf9a054337509fc10
A2158,6457b3ecf9a054337509fc10
A4121,6457b54bf9a05433750a24db
A0364,6457b552f9a05433750a257f
A3606,6457b552f9a05433750a257f
A2146,6457b3ecf9a054337509fc10
A0985,6457b558f9a05433750a25d5
A2445,6457b558f9a05433750a25d5
A1784,6457b558f9a05433750a25d5
A0364,6457b55bf9a05433750a25f4
A4479,6457b558f9a05433750a25d5
A0947,6457b55bf9a05433750a25f4
A0364,6457b55cf9a05433750a260b
A1030,6457b55cf9a05433750a260b
A3615,6457b55bf9a05433750a25f4
A4351,6457b55cf9a05433750a260b
A0364,6457b563f9a05433750a266c
A4114,6457b563f9a05433750a266c
A0364,6457b563f9a05433750a2678
A4254,6457b563f9a05433750a2678
A1253,6457b3ecf9a054337509fc10
A0364,6457b564f9a05433750a2687
A1503,6457b563f9a05433750a2678
A2338,6457b564f9a05433750a2687
A3470,6457b564f9a05433750a2687
A0491,6457b3ecf9a054337509fc10
A0736,6457b568f9a05433750a2720
A1593,6457b3ecf9a054337509fc10
A3804,6457b568f9a05433750a2720
A3826,6457b56bf9a05433750a276d
A3811,6457b56bf9a05433750a276d
A1677,6457b3ecf9a054337509fc10
A1924,6457b56bf9a05433750a276d
A2427,6457b56bf9a05433750a276d
A0141,6457b56bf9a05433750a276d
A2570,6457b34ef9a054337509e877
A0307,6457b3ecf9a054337509fc10
A2007,6457b34ef9a054337509e877
A3829,6457b56bf9a05433750a276d
A0364,6457b56ef9a05433750a27ec
A2587,6457b563f9a05433750a2678
A0811,6457b34ef9a054337509e877
A2273,6457b56bf9a05433750a276d
A2946,6457b577f9a05433750a28b3
A2377,6457b577f9a05433750a28b3
A1292,6457b3ecf9a054337509fc10
A2470,6457b34ef9a054337509e877
A0364,6457b568f9a05433750a2720
A0364,6457b57cf9a05433750a290b
A3988,6457b57cf9a05433750a290b
A0039,6457b3ecf9a054337509fc10
A1995,6457b57cf9a05433750a290b
A0364,6457b57cf9a05433750a291a
A3708,6457b57cf9a05433750a291a
A3577,6457b57ff9a05433750a2948
A0677,6457b57ff9a05433750a2948
A0987,6457b57ff9a05433750a2948
A0364,6457b580f9a05433750a2970
A4294,6457b580f9a05433750a2970
A0364,6457b583f9a05433750a29a3
A2173,6457b583f9a05433750a29a3
A3966,6457b583f9a05433750a29a3
A1294,6457b583f9a05433750a29a3
A3859,6457b587f9a05433750a2a1b
A2117,6457b587f9a05433750a2a1b
A1979,6457b587f9a05433750a2a1b
A0364,6457b589f9a05433750a2a3b
A4088,6457b589f9a05433750a2a42
A3892,6457b589f9a05433750a2a42
A2928,6457b587f9a05433750a2a1b
A0736,6457b589f9a05433750a2a3b
A4367,6457b587f9a05433750a2a1b
A0470,6457b589f9a05433750a2a42
A2625,6457b587f9a05433750a2a1b
A3655,6457b587f9a05433750a2a1b
A0642,6457b587f9a05433750a2a1b
A0364,6457b58cf9a05433750a2a96
A1476,6457b58cf9a05433750a2a96
A3377,6457b58df9a05433750a2ab8
A4100,6457b589f9a05433750a2a3b
A0989,6457b58df9a05433750a2ab8
A3530,6457b587f9a05433750a2a1b
A4104,6457b58cf9a05433750a2a96
A0364,6457b592f9a05433750a2b5b
A3199,6457b592f9a05433750a2b5b
A2538,6457b593f9a05433750a2b65
A3150,6457b593f9a05433750a2b65
A1832,6457b34ef9a054337509e877
A0364,6457b599f9a05433750a2bcd
A2339,6457b599f9a05433750a2bcd
A3550,6457b599f9a05433750a2bcd
A2168,6457b3ecf9a054337509fc10
A0364,6457b59df9a05433750a2c1c
A2631,6457b59df9a05433750a2c1c
A4475,6457b59df9a05433750a2c1c
A0364,6457b5a3f9a05433750a2c91
A0984,6457b5a3f9a05433750a2c91
A1254,6457b3ecf9a054337509fc10
A0364,6457b5a5f9a05433750a2cb7
A0592,6457b5a5f9a05433750a2cb7
A0023,6457b34ef9a054337509e877
A3188,6457b5a3f9a05433750a2c91
A3794,6457b5a6f9a05433750a2cdc
A3020,6457b5a7f9a05433750a2cef
A1246,6457b5a7f9a05433750a2cef
A0364,6457b5a8f9a05433750a2d26
A3503,6457b5a8f9a05433750a2d26
A0364,6457b5a9f9a05433750a2d44
A2833,6457b5a9f9a05433750a2d44
A4388,6457b5a5f9a05433750a2cb7
A3669,6457b5b0f9a05433750a2e33
A0983,6457b5b0f9a05433750a2e33
A0518,6457b5a8f9a05433750a2d26
A2544,6457b5a6f9a05433750a2cdc
A0364,6457b5b4f9a05433750a2eb3
A2787,6457b5b4f9a05433750a2eb3
A0364,6457b5b5f9a05433750a2ebf
A1703,6457b5b5f9a05433750a2ebf
A0364,6457b5b6f9a05433750a2edb
A0364,6457b5b6f9a05433750a2ede
A2876,6457b5b6f9a05433750a2edb
A3572,6457b5b6f9a05433750a2ede
A2970,6457b5b5f9a05433750a2ebf
A0364,6457b5a6f9a05433750a2cdc
A0364,6457b5b8f9a05433750a2f0d
A1529,6457b5b8f9a05433750a2f0d
A0364,6457b5b9f9a05433750a2f2a
A1987,6457b34ef9a054337509e877
A3349,6457b5b9f9a05433750a2f2a
A4441,6457b5b8f9a05433750a2f0d
A0364,6457b5baf9a05433750a2f59
A4472,6457b5baf9a05433750a2f59
A1411,6457b34ef9a054337509e877
A0179,6457b3ecf9a054337509fc10
A2569,6457b34ef9a054337509e877
A0149,6457b34ef9a054337509e877
A0364,6457b5c2f9a05433750a2fc9
A3486,6457b5c2f9a05433750a2fc9
A0364,6457b5c3f9a05433750a2fd7
A2993,6457b5c3f9a05433750a2fd7
A0364,6457b5caf9a05433750a300c
A2314,6457b3ecf9a054337509fc10
A3391,6457b5caf9a05433750a300c
A2566,6457b3ecf9a054337509fc10
A0364,6457b5ccf9a05433750a3022
A2930,6457b5ccf9a05433750a3022
A0364,6457b5cdf9a05433750a303f
A3597,6457b5cdf9a05433750a303f
A3827,6457b5cef9a05433750a3060
A4312,6457b5cef9a05433750a3060
A0462,6457b5cef9a05433750a3060
A2508,6457b5cef9a05433750a3060
A1607,6457b3ecf9a054337509fc10
A1240,6457b5cef9a05433750a3060
A1973,6457b5cef9a05433750a3060
A1577,6457b3ecf9a054337509fc10
A0364,6457b5d8f9a05433750a313b
A0406,6457b5d8f9a05433750a313b
A2328,6457b5cef9a05433750a3060
A0364,6457b5d9f9a05433750a315a
A1034,6457b3ecf9a054337509fc10
A3654,6457b5d9f9a05433750a315a
A0364,6457b5d9f9a05433750a3169
A0210,6457b5d9f9a05433750a3169
A4309,6457b5d9f9a05433750a3169
A3243,6457b5d8f9a05433750a313b
A4364,6457b5dbf9a05433750a319f
A2143,6457b5dbf9a05433750a319f
A3016,6457b5dbf9a05433750a319f
A0626,6457b5dbf9a05433750a319f
A1861,6457b3ecf9a054337509fc10
A0364,6457b5e3f9a05433750a3297
A0677,6457b5e3f9a05433750a3297
A3577,6457b5e3f9a05433750a3297
A3924,6457b5cef9a05433750a3060
A0366,6457b34ef9a054337509e877
A3779,6457b5e9f9a05433750a334c
A2290,6457b3ecf9a054337509fc10
A2554,6457b5e9f9a05433750a334c
A0398,6457b5cef9a05433750a3060
A0364,6457b5ebf9a05433750a338e
A3042,6457b5ebf9a05433750a338e
A0364,6457b5ebf9a05433750a33ac
A3216,6457b5ebf9a05433750a33ac
A3990,6457b5e9f9a05433750a334c
A3125,6457b5ebf9a05433750a338e
A0364,6457b5f1f9a05433750a33ee
A2153,6457b5f1f9a05433750a33ee
A3482,6457b5f1f9a05433750a33ee
A0364,6457b5f6f9a05433750a3410
A4016,6457b5f6f9a05433750a3410
A0364,6457b5f7f9a05433750a3420
A3993,6457b5f7f9a05433750a3420
A0364,6457b5f8f9a05433750a3435
A1585,6457b5f8f9a05433750a3435
A1062,6457b34ef9a054337509e877
A4435,6457b5f8f9a05433750a3435
A2151,6457b5f7f9a05433750a3420
A1127,6457b5fbf9a05433750a3479
A4446,6457b5fbf9a05433750a3479
A0364,6457b5fcf9a05433750a34ae
A2718,6457b3ecf9a054337509fc10
A3076,6457b5fcf9a05433750a34ae
A1804,6457b3ecf9a054337509fc10
A0045,6457b3ecf9a054337509fc10
A0364,6457b5fff9a05433750a34f7
A2177,6457b5fff9a05433750a34f7
A4300,6457b5fff9a05433750a34f7
A0364,6457b5fff9a05433750a3510
A3135,6457b5fff9a05433750a3510
A0364,6457b602f9a05433750a356e
A3115,6457b602f9a05433750a356e
A2594,6457b3ecf9a054337509fc10
A0790,6457b3ecf9a054337509fc10
A0364,6457b603f9a05433750a359b
A3866,6457b603f9a05433750a359b
A2374,6457b5fbf9a05433750a3479
A0364,6457b606f9a05433750a35dd
A4400,6457b606f9a05433750a35dd
A0364,6457b606f9a05433750a35e8
A4395,6457b606f9a05433750a35e8
A0364,6457b607f9a05433750a35f9
A3298,6457b607f9a05433750a35f9
A0364,6457b608f9a05433750a361c
A2934,6457b608f9a05433750a361c
A2720,6457b3ecf9a054337509fc10
A1345,6457b34ef9a054337509e877
A0364,6457b60bf9a05433750a3659
A0364,6457b60cf9a05433750a365d
A3386,6457b60bf9a05433750a3659
A3150,6457b60cf9a05433750a365d
A0364,6457b60df9a05433750a3677
A2979,6457b60df9a05433750a367d
A4085,6457b60df9a05433750a3677
A0110,6457b60df9a05433750a367d
A0282,6457b60df9a05433750a367d
A2928,6457b60ff9a05433750a36be
A3859,6457b60ff9a05433750a36be
A3902,6457b60df9a05433750a367d
A3655,6457b60ff9a05433750a36be
A4275,6457b612f9a05433750a3706
A1630,6457b612f9a05433750a3706
A0941,6457b60ff9a05433750a36be
A2634,6457b612f9a05433750a3706
A0364,6457b614f9a05433750a373f
A4315,6457b614f9a05433750a373f
A0364,6457b614f9a05433750a374f
A3784,6457b614f9a05433750a374f
A0364,6457b615f9a05433750a3768
A3593,6457b615f9a05433750a3768
A0364,6457b615f9a05433750a3778
A3987,6457b615f9a05433750a3778
A0364,6457b616f9a05433750a378a
A4088,6457b616f9a05433750a378a
A0364,6457b617f9a05433750a37dc
A2274,6457b617f9a05433750a37dc
A1774,6457b3ecf9a054337509fc10
A0364,6457b619f9a05433750a3803
A2274,6457b619f9a05433750a3803
A0364,6457b619f9a05433750a3816
A0710,6457b619f9a05433750a3816
A0364,6457b61af9a05433750a3820
A2745,6457b61af9a05433750a3820
A3461,6457b61af9a05433750a3820
A0364,6457b61bf9a05433750a384d
A3945,6457b61bf9a05433750a384d
A0364,6457b61cf9a05433750a386b
A3548,6457b61cf9a05433750a386f
A0364,6457b61cf9a05433750a3874
A3944,6457b61cf9a05433750a386b
A4317,6457b61cf9a05433750a3874
A0364,6457b61ef9a05433750a38ac
A3961,6457b61ef9a05433750a38ac
A2319,6457b620f9a05433750a38ec
A3559,6457b620f9a05433750a38ef
A4327,6457b620f9a05433750a38ec
A1895,6457b620f9a05433750a38ef
A3215,6457b621f9a05433750a3900
A0364,6457b621f9a05433750a3911
A3996,6457b621f9a05433750a3911
A0364,6457b628f9a05433750a399c
A1741,6457b628f9a05433750a39a2
A3990,6457b628f9a05433750a399c
A0364,6457b629f9a05433750a39b6
A2143,6457b629f9a05433750a39b6
A1740,6457b628f9a05433750a39a2
A2855,6457b628f9a05433750a39a2
A0364,6457b62af9a05433750a39f0
A3381,6457b62af9a05433750a39f0
A4364,6457b629f9a05433750a39b6
A4251,6457b632f9a05433750a3a66
A0087,6457b632f9a05433750a3a66
A4115,6457b637f9a05433750a3aa4
A2545,6457b637f9a05433750a3aa4
A4051,6457b638f9a05433750a3ab1
A1902,6457b638f9a05433750a3ab1
A3542,6457b638f9a05433750a3ab1
A2274,6457b63bf9a05433750a3b15
A3486,6457b63ff9a05433750a3b52
A3777,6457b63bf9a05433750a3b15
A0431,6457b63ff9a05433750a3b52
A0041,6457b3ecf9a054337509fc10
A3080,6457b63ff9a05433750a3b61
A3053,6457b640f9a05433750a3b7f
A2578,6457b640f9a05433750a3b7f
A1175,6457b34ef9a054337509e877
A1523,6457b640f9a05433750a3b7f
A1477,6457b34ef9a054337509e877
A1398,6457b34ef9a054337509e877
A0828,6457b63ff9a05433750a3b61
A3645,6457b63ff9a05433750a3b61
A2477,6457b63ff9a05433750a3b61
A1553,6457b63ff9a05433750a3b52
A2707,6457b3ecf9a054337509fc10
A0548,6457b3ecf9a054337509fc10
A3879,6457b645f9a05433750a3c03
A3878,6457b645f9a05433750a3c03
A4365,6457b645f9a05433750a3c16
A1591,6457b645f9a05433750a3c16
A2669,6457b63ff9a05433750a3b61
A3879,6457b646f9a05433750a3c3a
A3878,6457b646f9a05433750a3c3a
A3879,6457b646f9a05433750a3c43
A1689,6457b646f9a05433750a3c3a
A3878,6457b646f9a05433750a3c43
A3879,6457b647f9a05433750a3c50
A3878,6457b647f9a05433750a3c50
A1689,6457b647f9a05433750a3c50
A3515,6457b64ff9a05433750a3c91
A2760,6457b64ff9a05433750a3c91
A3663,6457b650f9a05433750a3c9e
A0555,6457b650f9a05433750a3c9e
A2890,6457b654f9a05433750a3cb4
A1694,6457b654f9a05433750a3cb4
A2647,6457b3ecf9a054337509fc10
A2909,6457b65ff9a05433750a3d1b
A3929,6457b660f9a05433750a3d2d
A1058,6457b660f9a05433750a3d2d
A3856,6457b65ff9a05433750a3d1b
A1846,6457b65ff9a05433750a3d1b
A1059,6457b660f9a05433750a3d2d
A2821,6457b665f9a05433750a3d92
A1890,6457b665f9a05433750a3d92
A3929,6457b666f9a05433750a3d9c
A1058,6457b666f9a05433750a3d9c
A4040,6457b668f9a05433750a3db1
A1766,6457b668f9a05433750a3db1
A3677,6457b66df9a05433750a3e04
A1844,6457b66df9a05433750a3e04
A3658,6457b66df9a05433750a3e04
A0492,6457b66df9a05433750a3e04
A3514,6457b671f9a05433750a3e51
A2272,6457b671f9a05433750a3e51
A2159,6457b3ecf9a054337509fc10
A3549,6457b674f9a05433750a3eae
A0012,6457b674f9a05433750a3eae
A4163,6457b66df9a05433750a3e04
A3717,6457b674f9a05433750a3eae
A2909,6457b675f9a05433750a3ed1
A2341,6457b674f9a05433750a3eae
A3856,6457b676f9a05433750a3efa
A1846,6457b676f9a05433750a3efa
A0839,6457b3ecf9a054337509fc10
A3020,6457b678f9a05433750a3f44
A1246,6457b678f9a05433750a3f44
A3020,6457b678f9a05433750a3f4e
A1246,6457b678f9a05433750a3f4e
A3092,6457b678f9a05433750a3f60
A2969,6457b674f9a05433750a3eae
A4272,6457b678f9a05433750a3f60
A1297,6457b675f9a05433750a3ed1
A3542,6457b683f9a05433750a4032
A3625,6457b683f9a05433750a4032
A3207,6457b683f9a05433750a4032
A4028,6457b683f9a05433750a4032
A3856,6457b675f9a05433750a3ed1
A0764,6457b3ecf9a054337509fc10
A3071,6457b683f9a05433750a4032
A1579,6457b3ecf9a054337509fc10
A4210,6457b68ff9a05433750a40b6
A4416,6457b68ff9a05433750a40b6
A0089,6457b691f9a05433750a40ce
A2468,6457b691f9a05433750a40ce
A0096,6457b691f9a05433750a40ce
A3784,6457b691f9a05433750a40ce
A1174,6457b34ef9a054337509e877
A1843,6457b691f9a05433750a40ce
A3166,6457b68ff9a05433750a40b6
A2800,6457b691f9a05433750a40ce
A2467,6457b691f9a05433750a40ce
A0612,6457b693f9a05433750a410b
A1297,6457b693f9a05433750a410b
A3325,6457b694f9a05433750a4121
A2211,6457b691f9a05433750a40ce
A0275,6457b694f9a05433750a4121
A3156,6457b693f9a05433750a410b
A1969,6457b695f9a05433750a4140
A0115,6457b695f9a05433750a4140
A2909,6457b693f9a05433750a410b
A3654,6457b691f9a05433750a40ce
A4485,6457b69df9a05433750a42a6
A2022,6457b69df9a05433750a42a6
A3695,6457b69df9a05433750a42a6
A1846,6457b675f9a05433750a3ed1
A0804,6457b3ecf9a054337509fc10
A3791,6457b6a0f9a05433750a42e1
A2380,6457b6a0f9a05433750a42e1
A4374,6457b6a0f9a05433750a42ed
A3953,6457b6a0f9a05433750a42ed
A3672,6457b6a0f9a05433750a42ed
A3856,6457b69df9a05433750a42a6
A1239,6457b6a4f9a05433750a4345
A0959,6457b6a4f9a05433750a4345
A3645,6457b6a4f9a05433750a4345
A3945,6457b6a7f9a05433750a4380
A2966,6457b6a7f9a05433750a4388
A3722,6457b6a7f9a05433750a4388
A0364,6457b6a8f9a05433750a4394
A3365,6457b6a8f9a05433750a4394
A0364,6457b6a8f9a05433750a43a6
A4406,6457b6a8f9a05433750a43a1
A3689,6457b6a8f9a05433750a43a6
A2745,6457b6a7f9a05433750a4380
A0364,6457b6a9f9a05433750a43c8
A0914,6457b6a8f9a05433750a43a1
A0364,6457b6aaf9a05433750a43d0
A3461,6457b6a7f9a05433750a4380
A3987,6457b6a9f9a05433750a43c8
A3150,6457b6aaf9a05433750a43d0
A2988,6457b6a7f9a05433750a4380
A0364,6457b6abf9a05433750a43fd
A2934,6457b6abf9a05433750a43fd
A0364,6457b6acf9a05433750a441b
A4088,6457b6acf9a05433750a441b
A0364,6457b6acf9a05433750a4426
A2833,6457b6acf9a05433750a4426
A0364,6457b6adf9a05433750a4436
A0364,6457b6adf9a05433750a443a
A4472,6457b6adf9a05433750a4436
A3349,6457b6adf9a05433750a443a
A0364,6457b6adf9a05433750a4444
A0364,6457b6adf9a05433750a4446
A3386,6457b6adf9a05433750a4444
A3593,6457b6adf9a05433750a4446
A2737,6457b6a8f9a05433750a43a1
A0364,6457b6aef9a05433750a4460
A0364,6457b6aff9a05433750a4466
A3059,6457b6aff9a05433750a446d
A3572,6457b6aef9a05433750a4460
A1853,6457b6aff9a05433750a446d
A0364,6457b6aff9a05433750a4473
A2930,6457b6aff9a05433750a4466
A0364,6457b6aff9a05433750a447d
A3677,6457b6aff9a05433750a4473
A4033,6457b6aff9a05433750a447d
A0364,6457b6b0f9a05433750a4498
A0364,6457b6b0f9a05433750a449b
A0364,6457b6b0f9a05433750a449f
A0364,6457b6b1f9a05433750a44a6
A4099,6457b6b0f9a05433750a4498
A4395,6457b6b0f9a05433750a449b
A4294,6457b6b0f9a05433750a449f
A3784,6457b6b1f9a05433750a44a6
A0364,6457b6b2f9a05433750a44c7
A0364,6457b6b2f9a05433750a44ce
A2993,6457b6b2f9a05433750a44c7
A0364,6457b6b2f9a05433750a44d4
A0364,6457b6b2f9a05433750a44d8
A4317,6457b6b2f9a05433750a44ce
A3654,6457b6b2f9a05433750a44d4
A0364,6457b6b2f9a05433750a44e0
A3597,6457b6b2f9a05433750a44d8
A4085,6457b6b2f9a05433750a44e0
A0364,6457b6b4f9a05433750a44ef
A2143,6457b6b4f9a05433750a44ef
A0364,6457b6b4f9a05433750a44fa
A0364,6457b6b4f9a05433750a44fc
A0364,6457b6b4f9a05433750a4501
A4014,6457b6b4f9a05433750a44fa
A4315,6457b6b4f9a05433750a44fc
A0710,6457b6b4f9a05433750a4501
A2783,6457b6b4f9a05433750a4501
A0364,6457b6b6f9a05433750a4539
A3944,6457b6b6f9a05433750a4539
A0364,6457b6b6f9a05433750a4543
A3216,6457b6b6f9a05433750a4543
A0986,6457b6b8f9a05433750a4566
A0364,6457b6b8f9a05433750a4569
A2988,6457b6b8f9a05433750a4569
A0364,6457b6b9f9a05433750a457e
A2274,6457b6b9f9a05433750a457e
A3801,6457b6b8f9a05433750a4566
A2301,6457b6b8f9a05433750a4566
A1003,6457b3ecf9a054337509fc10
A3815,6457b6bdf9a05433750a45cf
A0006,6457b6bdf9a05433750a45cf
A0364,6457b6bdf9a05433750a45d7
A0936,6457b6bdf9a05433750a45cf
A0364,6457b6bdf9a05433750a45de
A3115,6457b6bdf9a05433750a45d7
A3391,6457b6bdf9a05433750a45de
A1163,6457b6bdf9a05433750a45cf
A2250,6457b6bdf9a05433750a45cf
A4478,6457b6c2f9a05433750a4637
A1435,6457b6c2f9a05433750a4637
A3998,6457b6c3f9a05433750a464a
A3395,6457b6c3f9a05433750a464a
A3381,6457b6c4f9a05433750a4659
A1462,6457b6c3f9a05433750a464a
A4322,6457b6c3f9a05433750a464a
A2246,6457b3ecf9a054337509fc10
A2649,6457b6c2f9a05433750a4637
A3300,6457b6cbf9a05433750a46b6
A2070,6457b6cbf9a05433750a46b6
A3801,6457b6ccf9a05433750a46c3
A0986,6457b6ccf9a05433750a46c3
A3017,6457b6cdf9a05433750a46e5
A3015,6457b6cdf9a05433750a46e5
A3825,6457b6cdf9a05433750a46e5
A0610,6457b3ecf9a054337509fc10
A2821,6457b6d1f9a05433750a4728
A1890,6457b6d1f9a05433750a4728
A3923,6457b6d1f9a05433750a4724
A0492,6457b6d1f9a05433750a4724
A3658,6457b6d1f9a05433750a4724
A4163,6457b6d1f9a05433750a4724
A3677,6457b6d1f9a05433750a4724
A3520,6457b6d1f9a05433750a4724
A3300,6457b6d8f9a05433750a4790
A2070,6457b6d8f9a05433750a4790
A3105,6457b6dbf9a05433750a47bf
A2217,6457b6dcf9a05433750a47e6
A1844,6457b6d1f9a05433750a4724
A4176,6457b6ddf9a05433750a47fc
A2220,6457b6dcf9a05433750a47e6
A1928,6457b3ecf9a054337509fc10
A2698,6457b6dcf9a05433750a47e6
A3131,6457b6dcf9a05433750a47e6
A0364,6457b6e0f9a05433750a4883
A3381,6457b6e0f9a05433750a4883
A2976,6457b6ddf9a05433750a47fc
A3418,6457b6dcf9a05433750a47e6
A0736,6457b6dcf9a05433750a47e6
A1390,6457b6dcf9a05433750a47e6
A0806,6457b3ecf9a054337509fc10
A4047,6457b6ddf9a05433750a47fc
A2649,6457b6dcf9a05433750a47e6
A3926,6457b6ddf9a05433750a47fc
A2210,6457b6e7f9a05433750a49c1
A1038,6457b6e7f9a05433750a49c1
A2333,6457b6e7f9a05433750a49c1
A0557,6457b3ecf9a054337509fc10
A0364,6457b6e7f9a05433750a49de
A1710,6457b6e7f9a05433750a49c1
A3185,6457b6e7f9a05433750a49de
A2672,6457b6e8f9a05433750a4a00
A3182,6457b6e8f9a05433750a4a00
A0731,6457b6e7f9a05433750a49c1
A0364,6457b6e9f9a05433750a4a19
A2652,6457b6e8f9a05433750a4a00
A3689,6457b6e9f9a05433750a4a19
A0364,6457b6ebf9a05433750a4a6d
A2274,6457b6ebf9a05433750a4a6d
A2966,6457b6ecf9a05433750a4a82
A3827,6457b6ecf9a05433750a4a82
A0364,6457b6f2f9a05433750a4a9f
A3990,6457b6f2f9a05433750a4a9f
A0364,6457b6f3f9a05433750a4aac
A3996,6457b6f3f9a05433750a4aac
A4444,6457b6dbf9a05433750a47bf
A0364,6457b6f5f9a05433750a4aec
A3150,6457b6f5f9a05433750a4aec
A0364,6457b6f7f9a05433750a4b16
A4213,6457b6f7f9a05433750a4b16
A0364,6457b6f7f9a05433750a4b29
A2833,6457b6f7f9a05433750a4b29
A0055,6457b3ecf9a054337509fc10
A0364,6457b6f9f9a05433750a4b54
A0364,6457b6f9f9a05433750a4b5d
A4118,6457b6f9f9a05433750a4b54
A3139,6457b6f9f9a05433750a4b5d
A0364,6457b6fbf9a05433750a4b93
A0364,6457b6fbf9a05433750a4b9a
A4088,6457b6fbf9a05433750a4b93
A0364,6457b6fbf9a05433750a4ba1
A3961,6457b6fbf9a05433750a4b9a
A3365,6457b6fbf9a05433750a4ba1
A2016,6457b3ecf9a054337509fc10
A0364,6457b6fdf9a05433750a4bc8
A0364,6457b6fdf9a05433750a4bcc
A4099,6457b6fdf9a05433750a4bc8
A4033,6457b6fdf9a05433750a4bcc
A0364,6457b6fef9a05433750a4bdc
A4317,6457b6fef9a05433750a4bdc
A0364,6457b6fef9a05433750a4be6
A0431,6457b6fef9a05433750a4be6
A0364,6457b6fff9a05433750a4bfb
A0364,6457b6fff9a05433750a4c01
A2787,6457b6fff9a05433750a4bfb
A2993,6457b6fff9a05433750a4c01
A0364,6457b700f9a05433750a4c13
A3597,6457b700f9a05433750a4c13
A0364,6457b700f9a05433750a4c1c
A4395,6457b700f9a05433750a4c1c
A0364,6457b701f9a05433750a4c2c
A1504,6457b3ecf9a054337509fc10
A3386,6457b701f9a05433750a4c2c
A0364,6457b701f9a05433750a4c36
A2706,6457b3ecf9a054337509fc10
A0364,6457b701f9a05433750a4c3e
A3461,6457b701f9a05433750a4c36
A2876,6457b701f9a05433750a4c3e
A0364,6457b702f9a05433750a4c52
A4400,6457b702f9a05433750a4c52
A0364,6457b703f9a05433750a4c68
A0364,6457b703f9a05433750a4c6b
A3349,6457b703f9a05433750a4c68
A4422,6457b703f9a05433750a4c6b
A0450,6457b704f9a05433750a4c73
A0364,6457b704f9a05433750a4c76
A0364,6457b705f9a05433750a4c7a
A0364,6457b705f9a05433750a4c7d
A3572,6457b704f9a05433750a4c76
A2934,6457b705f9a05433750a4c7a
A4472,6457b705f9a05433750a4c7d
A0364,6457b705f9a05433750a4c89
A0364,6457b706f9a05433750a4c91
A4003,6457b705f9a05433750a4c89
A3866,6457b706f9a05433750a4c91
A0431,6457b704f9a05433750a4c73
A0364,6457b707f9a05433750a4ca7
A3115,6457b707f9a05433750a4ca7
A0364,6457b707f9a05433750a4cc2
A2930,6457b707f9a05433750a4cc2
A0364,6457b708f9a05433750a4cd0
A4157,6457b708f9a05433750a4cd0
A0364,6457b708f9a05433750a4ce1
A2274,6457b708f9a05433750a4ce1
A0364,6457b70af9a05433750a4d0b
A0364,6457b70af9a05433750a4d0d
A3216,6457b70af9a05433750a4d0b
A3654,6457b70af9a05433750a4d0d
A0364,6457b70bf9a05433750a4d1d
A0364,6457b70bf9a05433750a4d20
A0710,6457b70bf9a05433750a4d1d
A2879,6457b70bf9a05433750a4d20
A0364,6457b70df9a05433750a4d5b
A3298,6457b70df9a05433750a4d5b
A0364,6457b70ef9a05433750a4d73
A1526,6457b3ecf9a054337509fc10
A3987,6457b70ef9a05433750a4d73
A0364,6457b70ef9a05433750a4d8b
A4014,6457b70ef9a05433750a4d8b
A4177,6457b70ff9a05433750a4d9d
A0544,6457b70ff9a05433750a4d9d
A0364,6457b70ff9a05433750a4dab
A4315,6457b70ff9a05433750a4dab
A0364,6457b710f9a05433750a4dc0
A3784,6457b710f9a05433750a4dc0
A0364,6457b711f9a05433750a4de5
A3593,6457b711f9a05433750a4de5
A0364,6457b712f9a05433750a4df9
A3944,6457b712f9a05433750a4df9
A0364,6457b714f9a05433750a4e32
A4085,6457b714f9a05433750a4e32
A0364,6457b716f9a05433750a4e5c
A0364,6457b716f9a05433750a4e5f
A2274,6457b716f9a05433750a4e5c
A2143,6457b716f9a05433750a4e5f
A0364,6457b719f9a05433750a4e72
A3185,6457b719f9a05433750a4e72
A0364,6457b71bf9a05433750a4e7e
A2988,6457b71bf9a05433750a4e7e
A0364,6457b71cf9a05433750a4e8a
A4167,6457b71cf9a05433750a4e8d
A3381,6457b71cf9a05433750a4e8a
A0467,6457b71cf9a05433750a4e9c
A3213,6457b71cf9a05433750a4e9c
A3405,6457b721f9a05433750a4ef6
A3945,6457b721f9a05433750a4ef8
A4485,6457b721f9a05433750a4efe
A1277,6457b721f9a05433750a4ef6
A2460,6457b721f9a05433750a4efe
A1709,6457b721f9a05433750a4ef6
A3181,6457b721f9a05433750a4ef6
A3689,6457b71cf9a05433750a4e8d
A0617,6457b3ecf9a054337509fc10
A2296,6457b6dcf9a05433750a47e6
A1296,6457b721f9a05433750a4ef6
A2206,6457b6dcf9a05433750a47e6
A2251,6457b721f9a05433750a4efe
A0689,6457b6dcf9a05433750a47e6
A1990,6457b725f9a05433750a4f90
A3901,6457b721f9a05433750a4ef6
A0316,6457b725f9a05433750a4f90
A0174,6457b725f9a05433750a4f90
A0762,6457b3ecf9a054337509fc10
A2312,6457b725f9a05433750a4f90
A2966,6457b728f9a05433750a501e
A1313,6457b3ecf9a054337509fc10
A3646,6457b728f9a05433750a501e
A0719,6457b6dcf9a05433750a47e6
A3021,6457b72af9a05433750a506b
A2541,6457b6dcf9a05433750a47e6
A0364,6457b72af9a05433750a5076
A3996,6457b72af9a05433750a5076
A3892,6457b72af9a05433750a506b
A0740,6457b6dcf9a05433750a47e6
A0492,6457b71cf9a05433750a4e8d
A3658,6457b71cf9a05433750a4e8d
A3520,6457b71cf9a05433750a4e8d
A2541,6457b725f9a05433750a4f90
A3027,6457b725f9a05433750a4f90
A3517,6457b725f9a05433750a4f90
A2230,6457b6dcf9a05433750a47e6
A0364,6457b72ff9a05433750a5131
A3391,6457b72ff9a05433750a5131
A1963,6457b731f9a05433750a518b
A4212,6457b731f9a05433750a518b
A0867,6457b34ef9a054337509e877
A0002,6457b34ef9a054337509e877
A2219,6457b731f9a05433750a518b
A2040,6457b731f9a05433750a518b
A0403,6457b721f9a05433750a4ef6
A4201,6457b721f9a05433750a4ef6
A0364,6457b734f9a05433750a51da
A3328,6457b734f9a05433750a51df
A1449,6457b734f9a05433750a51df
A4033,6457b734f9a05433750a51da
A0853,6457b3ecf9a054337509fc10
A0364,6457b737f9a05433750a5224
A0364,6457b737f9a05433750a5227
A1262,6457b737f9a05433750a5224
A4213,6457b737f9a05433750a5227
A2612,6457b3ecf9a054337509fc10
A0364,6457b738f9a05433750a525a
A0364,6457b738f9a05433750a525e
A3185,6457b738f9a05433750a525a
A4003,6457b738f9a05433750a525e
A0364,6457b739f9a05433750a5272
A2787,6457b739f9a05433750a5272
A0364,6457b73af9a05433750a528e
A0364,6457b73af9a05433750a5292
A0572,6457b3ecf9a054337509fc10
A0364,6457b73af9a05433750a529b
A4294,6457b73af9a05433750a528e
A3365,6457b73af9a05433750a5292
A2752,6457b3ecf9a054337509fc10
A4099,6457b73af9a05433750a529b
A0364,6457b73bf9a05433750a52ad
A3020,6457b73bf9a05433750a52b1
A1246,6457b73bf9a05433750a52b1
A4088,6457b73bf9a05433750a52ad
A0364,6457b73bf9a05433750a52ba
A2993,6457b73bf9a05433750a52ba
A0364,6457b73cf9a05433750a52c9
A0431,6457b73cf9a05433750a52c9
A0364,6457b73cf9a05433750a52d4
A0364,6457b73df9a05433750a52d7
A4422,6457b73df9a05433750a52d7
A2934,6457b73cf9a05433750a52d4
A0364,6457b73df9a05433750a52e5
A3349,6457b73df9a05433750a52e5
A0364,6457b73ef9a05433750a5305
A0364,6457b73ef9a05433750a5309
A4395,6457b73ef9a05433750a5305
A3298,6457b73ef9a05433750a5309
A0364,6457b73ff9a05433750a531a
A4472,6457b73ff9a05433750a531a
A0364,6457b740f9a05433750a532a
A3386,6457b740f9a05433750a532a
A0364,6457b741f9a05433750a5340
A4317,6457b741f9a05433750a5340
A0364,6457b741f9a05433750a534a
A0364,6457b741f9a05433750a534c
A0364,6457b742f9a05433750a534e
A4400,6457b741f9a05433750a534a
A0713,6457b6dcf9a05433750a47e6
A2876,6457b741f9a05433750a534c
A3987,6457b742f9a05433750a534e
A2185,6457b6dcf9a05433750a47e6
A1054,6457b742f9a05433750a536d
A0364,6457b742f9a05433750a5377
A3572,6457b742f9a05433750a5377
A1053,6457b742f9a05433750a536d
A3451,6457b6dcf9a05433750a47e6
A0364,6457b744f9a05433750a53b1
A4157,6457b744f9a05433750a53b1
A3227,6457b744f9a05433750a53c1
A0364,6457b745f9a05433750a53c7
A0378,6457b744f9a05433750a53c1
A0364,6457b745f9a05433750a53cb
A2930,6457b745f9a05433750a53c7
A3115,6457b745f9a05433750a53cb
A0364,6457b748f9a05433750a5423
A0364,6457b749f9a05433750a542b
A0364,6457b749f9a05433750a542e
A3654,6457b748f9a05433750a5423
A0710,6457b749f9a05433750a542b
A3305,6457b749f9a05433750a542e
A0364,6457b74af9a05433750a5461
A2044,6457b742f9a05433750a536d
A3689,6457b74af9a05433750a5461
A0364,6457b74bf9a05433750a5480
A2344,6457b742f9a05433750a536d
A3597,6457b74bf9a05433750a5480
A0364,6457b74cf9a05433750a54a8
A3391,6457b74cf9a05433750a54a8
A0203,6457b34ef9a054337509e877
A1083,6457b34ef9a054337509e877
A0364,6457b74df9a05433750a54cd
A0364,6457b74df9a05433750a54d0
A3139,6457b74df9a05433750a54cd
A3866,6457b74df9a05433750a54d0
A0364,6457b74df9a05433750a54e0
A1015,6457b34ef9a054337509e877
A4478,6457b74ef9a05433750a54e9
A4014,6457b74df9a05433750a54e0
A1435,6457b74ef9a05433750a54e9
A0364,6457b74ef9a05433750a5504
A2274,6457b74ef9a05433750a5504
A0738,6457b750f9a05433750a5544
A0227,6457b750f9a05433750a5544
A0876,6457b750f9a05433750a5544
A1353,6457b750f9a05433750a5544
A0364,6457b751f9a05433750a5552
A0364,6457b751f9a05433750a5558
A3216,6457b751f9a05433750a5552
A2879,6457b751f9a05433750a5558
A1571,6457b752f9a05433750a556b
A3997,6457b752f9a05433750a556b
A2291,6457b750f9a05433750a5544
A2250,6457b752f9a05433750a556b
A3791,6457b752f9a05433750a557c
A2380,6457b752f9a05433750a557c
A1235,6457b752f9a05433750a556b
A0364,6457b753f9a05433750a5592
A0364,6457b753f9a05433750a559b
A3305,6457b753f9a05433750a5592
A3784,6457b753f9a05433750a559b
A1486,6457b752f9a05433750a556b
A0685,6457b750f9a05433750a5544
A0364,6457b757f9a05433750a560b
A3059,6457b757f9a05433750a560e
A1853,6457b757f9a05433750a560e
A4085,6457b757f9a05433750a560b
A1262,6457b757f9a05433750a5618
A0364,6457b757f9a05433750a561c
A3677,6457b757f9a05433750a5618
A3593,6457b757f9a05433750a561c
A2474,6457b757f9a05433750a5618
A0364,6457b758f9a05433750a562d
A3923,6457b757f9a05433750a5618
A3461,6457b758f9a05433750a562d
A0342,6457b3ecf9a054337509fc10
A2769,6457b759f9a05433750a5660
A2094,6457b759f9a05433750a5660
A3631,6457b759f9a05433750a5660
A0364,6457b75bf9a05433750a567e
A0364,6457b75bf9a05433750a5682
A2143,6457b75bf9a05433750a567e
A3944,6457b75bf9a05433750a5682
A4367,6457b75df9a05433750a569c
A2117,6457b75df9a05433750a569c
A0364,6457b75ef9a05433750a56a2
A0364,6457b75ef9a05433750a56a6
A2833,6457b75ef9a05433750a56a2
A3996,6457b75ef9a05433750a56a6
A0791,6457b3ecf9a054337509fc10
A3911,6457b760f9a05433750a56d2
A3912,6457b760f9a05433750a56d2
A0364,6457b763f9a05433750a5712
A2988,6457b763f9a05433750a5712
A3227,6457b767f9a05433750a5759
A0378,6457b767f9a05433750a5759
A3965,6457b76af9a05433750a5799
A2184,6457b76af9a05433750a5799
A0364,6457b76bf9a05433750a57a7
A3150,6457b76bf9a05433750a57a7
A0364,6457b76cf9a05433750a57bb
A4315,6457b76cf9a05433750a57bb
A1428,6457b34ef9a054337509e877
A0364,6457b76ef9a05433750a57e6
A2179,6457b76ef9a05433750a57e7
A2632,6457b34ef9a054337509e877
A4118,6457b76ef9a05433750a57e6
A0364,6457b76ff9a05433750a57fa
A2274,6457b76ff9a05433750a57fa
A0364,6457b770f9a05433750a5819
A3253,6457b76ef9a05433750a57e7
A3381,6457b770f9a05433750a5819
A4365,6457b771f9a05433750a583e
A1591,6457b771f9a05433750a583e
A3689,6457b76ef9a05433750a57e7
A0364,6457b773f9a05433750a586f
A3689,6457b773f9a05433750a586f
A0364,6457b775f9a05433750a58a4
A3689,6457b775f9a05433750a58a4
A0364,6457b777f9a05433750a58c1
A3689,6457b777f9a05433750a58c1
A0364,6457b777f9a05433750a58d2
A3462,6457b777f9a05433750a58d8
A1840,6457b777f9a05433750a58d8
A4422,6457b777f9a05433750a58d2
A1357,6457b778f9a05433750a58e5
A1446,6457b777f9a05433750a58d8
A1842,6457b778f9a05433750a58e5
A1841,6457b777f9a05433750a58d8
A0364,6457b779f9a05433750a5905
A2310,6457b3ecf9a054337509fc10
A2833,6457b779f9a05433750a5905
A4177,6457b778f9a05433750a58e5
A3612,6457b778f9a05433750a58e5
A4008,6457b77bf9a05433750a595b
A2783,6457b76ef9a05433750a57e7
A3577,6457b77df9a05433750a59a9
A1338,6457b77bf9a05433750a595b
A0677,6457b77df9a05433750a59a9
A2205,6457b76ef9a05433750a57e7
A3831,6457b77ef9a05433750a59d9
A3238,6457b77ef9a05433750a59d9
A2175,6457b77df9a05433750a59a9
A0987,6457b77df9a05433750a59a9
A4167,6457b76ef9a05433750a57e7
A0218,6457b77ff9a05433750a59f5
A2209,6457b77ff9a05433750a59f5
A4199,6457b77df9a05433750a59a9
A0364,6457b780f9a05433750a5a27
A4472,6457b780f9a05433750a5a27
A0364,6457b781f9a05433750a5a3f
A0364,6457b781f9a05433750a5a42
A0364,6457b781f9a05433750a5a44
A4213,6457b781f9a05433750a5a3f
A3461,6457b781f9a05433750a5a42
A0364,6457b781f9a05433750a5a51
A4033,6457b781f9a05433750a5a44
A3365,6457b781f9a05433750a5a51
A0364,6457b782f9a05433750a5a61
A4400,6457b782f9a05433750a5a61
A0364,6457b782f9a05433750a5a6e
A4085,6457b782f9a05433750a5a6e
A0364,6457b783f9a05433750a5a7b
A0364,6457b783f9a05433750a5a7e
A0364,6457b783f9a05433750a5a81
A0364,6457b783f9a05433750a5a8b
A0431,6457b783f9a05433750a5a7b
A4088,6457b783f9a05433750a5a7e
A2787,6457b783f9a05433750a5a81
A3654,6457b783f9a05433750a5a8b
A0364,6457b783f9a05433750a5a9c
A3216,6457b783f9a05433750a5a9c
A0364,6457b784f9a05433750a5aae
A0364,6457b784f9a05433750a5ab1
A3115,6457b784f9a05433750a5aae
A4157,6457b784f9a05433750a5ab1
A0364,6457b785f9a05433750a5abd
A3391,6457b785f9a05433750a5abd
A0364,6457b785f9a05433750a5ad0
A0364,6457b785f9a05433750a5ad3
A2930,6457b785f9a05433750a5ad3
A0364,6457b786f9a05433750a5ada
A4003,6457b785f9a05433750a5ad0
A3349,6457b786f9a05433750a5ada
A0364,6457b786f9a05433750a5ae6
A3572,6457b786f9a05433750a5ae6
A0364,6457b787f9a05433750a5aef
A0364,6457b787f9a05433750a5af3
A1119,6457b3ecf9a054337509fc10
A3298,6457b787f9a05433750a5aef
A2876,6457b787f9a05433750a5af3
A0364,6457b787f9a05433750a5b00
A4395,6457b787f9a05433750a5b00
A0364,6457b788f9a05433750a5b0d
A0364,6457b788f9a05433750a5b0f
A0364,6457b788f9a05433750a5b13
A2274,6457b788f9a05433750a5b0f
A3593,6457b788f9a05433750a5b0d
A3987,6457b788f9a05433750a5b13
A0364,6457b789f9a05433750a5b27
A0364,6457b789f9a05433750a5b2b
A4294,6457b789f9a05433750a5b27
A0364,6457b789f9a05433750a5b30
A2934,6457b789f9a05433750a5b2b
A0364,6457b789f9a05433750a5b36
A0364,6457b789f9a05433750a5b38
A3597,6457b789f9a05433750a5b30
A2993,6457b789f9a05433750a5b36
A4014,6457b789f9a05433750a5b38
A0364,6457b78bf9a05433750a5b59
A1262,6457b78bf9a05433750a5b59
A0364,6457b78bf9a05433750a5b63
A3518,6457b78bf9a05433750a5b66
A0364,6457b78bf9a05433750a5b6b
A2323,6457b34ef9a054337509e877
A4099,6457b78bf9a05433750a5b63
A0558,6457b78bf9a05433750a5b66
A3996,6457b78bf9a05433750a5b6b
A0364,6457b78cf9a05433750a5b88
A3784,6457b78cf9a05433750a5b88
A3827,6457b78ef9a05433750a5bb0
A0364,6457b78ef9a05433750a5bb3
A1217,6457b78ef9a05433750a5bb0
A3150,6457b78ef9a05433750a5bb3
A0364,6457b790f9a05433750a5bdb
A0364,6457b790f9a05433750a5bde
A4315,6457b790f9a05433750a5bdb
A3815,6457b791f9a05433750a5be7
A0006,6457b791f9a05433750a5be7
A4317,6457b790f9a05433750a5bde
A0364,6457b792f9a05433750a5c1b
A3185,6457b792f9a05433750a5c1b
A0364,6457b793f9a05433750a5c25
A3866,6457b793f9a05433750a5c25
A0364,6457b793f9a05433750a5c34
A3381,6457b793f9a05433750a5c34
A0364,6457b794f9a05433750a5c3e
A0364,6457b794f9a05433750a5c43
A3386,6457b794f9a05433750a5c3e
A0710,6457b794f9a05433750a5c43
A0364,6457b796f9a05433750a5c69
A0364,6457b796f9a05433750a5c6b
A3944,6457b796f9a05433750a5c6b
A0364,6457b796f9a05433750a5c72
A2879,6457b796f9a05433750a5c69
A2988,6457b796f9a05433750a5c72
A0364,6457b798f9a05433750a5c88
A0364,6457b798f9a05433750a5c8d
A2274,6457b798f9a05433750a5c88
A4118,6457b798f9a05433750a5c8d
A0364,6457b799f9a05433750a5c9b
A3625,6457b799f9a05433750a5ca1
A3139,6457b799f9a05433750a5c9b
A4442,6457b79bf9a05433750a5cc0
A1160,6457b79bf9a05433750a5cc0
A3207,6457b799f9a05433750a5ca1
A3422,6457b79bf9a05433750a5cc0
A2139,6457b3ecf9a054337509fc10
A0364,6457b79df9a05433750a5ce2
A2143,6457b79df9a05433750a5ce2
A3542,6457b799f9a05433750a5ca1
A1747,6457b3ecf9a054337509fc10
A3869,6457b79ef9a05433750a5d0f
A0364,6457b79ef9a05433750a5d11
A3689,6457b79ef9a05433750a5d11
A2893,6457b79ef9a05433750a5d0f
A0364,6457b7a0f9a05433750a5d5b
A3689,6457b7a0f9a05433750a5d5b
A0364,6457b7a1f9a05433750a5d6e
A3990,6457b7a1f9a05433750a5d6e
A3826,6457b7a1f9a05433750a5d84
A2085,6457b7a1f9a05433750a5d84
A0301,6457b7a1f9a05433750a5d84
A2998,6457b7a1f9a05433750a5d84
A1282,6457b7a3f9a05433750a5dc5
A4053,6457b7a3f9a05433750a5dc5
A2930,6457b7a8f9a05433750a5e67
A1243,6457b7a8f9a05433750a5e67
A2063,6457b3ecf9a054337509fc10
A3804,6457b7aaf9a05433750a5eab
A0736,6457b7aaf9a05433750a5eab
A2177,6457b7aaf9a05433750a5eab
A1247,6457b7abf9a05433750a5eb8
A1878,6457b7abf9a05433750a5eb8
A0478,6457b7acf9a05433750a5ed4
A1067,6457b7a4f9a05433750a5de4
A0914,6457b7a4f9a05433750a5de4
A2896,6457b7abf9a05433750a5eb8
A0966,6457b7acf9a05433750a5ed4
A4398,6457b7b0f9a05433750a5f63
A0216,6457b7b0f9a05433750a5f63
A4041,6457b7b1f9a05433750a5f75
A0362,6457b7b1f9a05433750a5f75
A2798,6457b7b1f9a05433750a5f89
A3847,6457b7b2f9a05433750a5f8f
A2902,6457b7b2f9a05433750a5f8f
A3497,6457b7b1f9a05433750a5f89
A3847,6457b7b4f9a05433750a5fd9
A2902,6457b7b4f9a05433750a5fd9
A3847,6457b7b5f9a05433750a5ff4
A2902,6457b7b5f9a05433750a5ff4
A0711,6457b7acf9a05433750a5ed4
A0250,6457b7b6f9a05433750a601e
A4166,6457b7acf9a05433750a5ed4
A0248,6457b7b6f9a05433750a601e
A1640,6457b3ecf9a054337509fc10
A2713,6457b7b6f9a05433750a601e
A2692,6457b7acf9a05433750a5ed4
A0459,6457b7acf9a05433750a5ed4
A1945,6457b3ecf9a054337509fc10
A1615,6457b3ecf9a054337509fc10
A0248,6457b7baf9a05433750a6085
A0250,6457b7baf9a05433750a6085
A4082,6457b7bef9a05433750a60ca
A0616,6457b7bef9a05433750a60ca
A0505,6457b7bef9a05433750a60ca
A3716,6457b7bef9a05433750a60ca
A2076,6457b7c0f9a05433750a611e
A1333,6457b7c0f9a05433750a611e
A3239,6457b7c0f9a05433750a611e
A3875,6457b7b6f9a05433750a601e
A1860,6457b34ef9a054337509e877
A1646,6457b34ef9a054337509e877
A1437,6457b7bef9a05433750a60ca
A1968,6457b7b6f9a05433750a601e
A0308,6457b3ecf9a054337509fc10
A4153,6457b7b6f9a05433750a601e
A1211,6457b34ef9a054337509e877
A3284,6457b7c6f9a05433750a6221
A4009,6457b7c6f9a05433750a6221
A3330,6457b7c6f9a05433750a6221
A0511,6457b7acf9a05433750a5ed4
A4038,6457b7c8f9a05433750a625e
A3815,6457b7c8f9a05433750a625e
A0638,6457b7acf9a05433750a5ed4
A0936,6457b7c8f9a05433750a625e
A4485,6457b7c9f9a05433750a6295
A2460,6457b7c9f9a05433750a6295
A0155,6457b7baf9a05433750a6085
A0767,6457b34ef9a054337509e877
A0755,6457b34ef9a054337509e877
A0430,6457b7b6f9a05433750a601e
A0006,6457b7c8f9a05433750a625e
A4032,6457b7c8f9a05433750a625e
A1352,6457b7c8f9a05433750a625e
A4299,6457b7d4f9a05433750a63f5
A1151,6457b7b6f9a05433750a601e
A2024,6457b7d4f9a05433750a63f5
A0133,6457b3ecf9a054337509fc10
A2463,6457b7acf9a05433750a5ed4
A0956,6457b7d8f9a05433750a6485
A3630,6457b7d8f9a05433750a6485
A3689,6457b7d8f9a05433750a6485
A1159,6457b7d8f9a05433750a6485
A1262,6457b7d8f9a05433750a6485
A3677,6457b7d8f9a05433750a6485
A0267,6457b7dcf9a05433750a64e2
A0266,6457b7dcf9a05433750a64e2
A2783,6457b7d8f9a05433750a6485
A1315,6457b7e1f9a05433750a6547
A2891,6457b7e1f9a05433750a6547
A2704,6457b3ecf9a054337509fc10
A3847,6457b7e2f9a05433750a6553
A2902,6457b7e2f9a05433750a6553
A3990,6457b7e1f9a05433750a6547
A0166,6457b7e1f9a05433750a6547
A3216,6457b7e1f9a05433750a6547
A2655,6457b7d8f9a05433750a6485
A2211,6457b7e1f9a05433750a6547
A0345,6457b3ecf9a054337509fc10
A3381,6457b7e1f9a05433750a6547
A4157,6457b7d8f9a05433750a6485
A2366,6457b3ecf9a054337509fc10
A3305,6457b7d8f9a05433750a6485
A3847,6457b7e8f9a05433750a65f9
A2902,6457b7e8f9a05433750a65f9
A2797,6457b7e1f9a05433750a6547
A2896,6457b7e1f9a05433750a6547
A3847,6457b7eaf9a05433750a6618
A2902,6457b7eaf9a05433750a6618
A0756,6457b7edf9a05433750a663d
A0757,6457b7edf9a05433750a663d
A2277,6457b7baf9a05433750a6085
A0757,6457b7f0f9a05433750a6687
A0756,6457b7f0f9a05433750a6687
A1247,6457b7e1f9a05433750a6547
A0756,6457b7f2f9a05433750a66d0
A0757,6457b7f2f9a05433750a66d0
A2666,6457b7e1f9a05433750a6547
A0756,6457b7f7f9a05433750a67b3
A0757,6457b7f7f9a05433750a67b3
A3050,6457b7d8f9a05433750a6485
A0498,6457b7acf9a05433750a5ed4
A4367,6457b7d8f9a05433750a6485
A0757,6457b7faf9a05433750a6809
A1146,6457b7faf9a05433750a6809
A0756,6457b7faf9a05433750a6809
A2099,6457b7acf9a05433750a5ed4
A2804,6457b7e1f9a05433750a6547
A1921,6457b7b6f9a05433750a601e
A0193,6457b7b6f9a05433750a601e
A3168,6457b7e1f9a05433750a6547
A1319,6457b7e1f9a05433750a6547
A0481,6457b7acf9a05433750a5ed4
A1549,6457b800f9a05433750a690b
A2581,6457b800f9a05433750a690b
A0756,6457b800f9a05433750a690b
A0526,6457b7e1f9a05433750a6547
A1921,6457b7baf9a05433750a6085
A2574,6457b803f9a05433750a695d
A0649,6457b803f9a05433750a695d
A1532,6457b7acf9a05433750a5ed4
A0278,6457b34ef9a054337509e877
A3847,6457b809f9a05433750a6a5e
A2902,6457b809f9a05433750a6a5e
A4167,6457b7d8f9a05433750a6485
A3331,6457b80bf9a05433750a6aaa
A3721,6457b80bf9a05433750a6aaa
A3770,6457b80cf9a05433750a6ada
A0814,6457b3ecf9a054337509fc10
A4484,6457b80cf9a05433750a6ada
A2879,6457b7d8f9a05433750a6485
A3623,6457b80ff9a05433750a6b34
A0467,6457b80ff9a05433750a6b34
A0166,6457b7d8f9a05433750a6485
A0252,6457b7b6f9a05433750a601e
A0256,6457b7b6f9a05433750a601e
A2117,6457b7d8f9a05433750a6485
A4188,6457b812f9a05433750a6bd4
A1814,6457b812f9a05433750a6bd4
A0619,6457b7b6f9a05433750a601e
A1317,6457b7b6f9a05433750a601e
A1726,6457b816f9a05433750a6c57
A0252,6457b7baf9a05433750a6085
A4253,6457b816f9a05433750a6c57
A3847,6457b817f9a05433750a6c85
A2902,6457b817f9a05433750a6c85
A1114,6457b7b6f9a05433750a601e
A0624,6457b7b6f9a05433750a601e
A1967,6457b7b6f9a05433750a601e
A4063,6457b81bf9a05433750a6d10
A1186,6457b81bf9a05433750a6d10
A0112,6457b7e1f9a05433750a6547
A2795,6457b823f9a05433750a6e14
A3990,6457b7d8f9a05433750a6485
A3215,6457b825f9a05433750a6e6d
A0003,6457b825f9a05433750a6e6d
A3215,6457b827f9a05433750a6eac
A0003,6457b827f9a05433750a6eac
A1111,6457b827f9a05433750a6ec1
A2394,6457b827f9a05433750a6ec1
A1111,6457b828f9a05433750a6ed6
A2394,6457b828f9a05433750a6ed6
A1602,6457b828f9a05433750a6ed6
A0257,6457b7b6f9a05433750a601e
A0485,6457b829f9a05433750a6f00
A1894,6457b7e1f9a05433750a6547
A3215,6457b82bf9a05433750a6f3d
A0003,6457b82bf9a05433750a6f3d
A3215,6457b82bf9a05433750a6f4d
A0003,6457b82bf9a05433750a6f4d
A1573,6457b829f9a05433750a6f00
A3447,6457b82df9a05433750a6f92
A0997,6457b82df9a05433750a6f92
A1328,6457b829f9a05433750a6f00
A3075,6457b830f9a05433750a700a
A1290,6457b34ef9a054337509e877
A1495,6457b830f9a05433750a700a
A2606,6457b829f9a05433750a6f00
A0998,6457b82df9a05433750a6f92
A3963,6457b832f9a05433750a7056
A2771,6457b832f9a05433750a705c
A2647,6457b832f9a05433750a7056
A0043,6457b832f9a05433750a705c
A3116,6457b833f9a05433750a7076
A1378,6457b833f9a05433750a7076
A3059,6457b834f9a05433750a7090
A1853,6457b834f9a05433750a7090
A0254,6457b7b6f9a05433750a601e
A1719,6457b839f9a05433750a712d
A1155,6457b7b6f9a05433750a601e
A3249,6457b83bf9a05433750a716e
A3085,6457b839f9a05433750a712d
A1517,6457b83bf9a05433750a716e
A3184,6457b83ef9a05433750a71c5
A2912,6457b83ff9a05433750a71db
A2818,6457b83ef9a05433750a71c5
A3539,6457b83ff9a05433750a71fc
A2208,6457b83ff9a05433750a71fc
A4345,6457b842f9a05433750a7275
A3996,6457b83ff9a05433750a71fc
A1340,6457b842f9a05433750a7275
A2447,6457b83ff9a05433750a71fc
A4159,6457b83ff9a05433750a71fc
A2925,6457b843f9a05433750a7294
A0729,6457b843f9a05433750a7294
A3741,6457b83ef9a05433750a71c5
A3087,6457b844f9a05433750a72c8
A3875,6457b844f9a05433750a72c8
A4158,6457b83ff9a05433750a71fc
A3020,6457b848f9a05433750a7334
A1246,6457b848f9a05433750a7334
A2334,6457b3ecf9a054337509fc10
A3905,6457b84bf9a05433750a73b0
A1240,6457b84bf9a05433750a73b0
A0251,6457b7b6f9a05433750a601e
A3284,6457b83ff9a05433750a71fc
A0249,6457b7b6f9a05433750a601e
A3058,6457b84ff9a05433750a744b
A3053,6457b84ff9a05433750a7450
A2298,6457b84ff9a05433750a744b
A2578,6457b84ff9a05433750a7450
A0006,6457b84ff9a05433750a744b
A2531,6457b34ef9a054337509e877
A0253,6457b7b6f9a05433750a601e
A3157,6457b854f9a05433750a74ff
A0508,6457b854f9a05433750a74ff
A0618,6457b854f9a05433750a74ff
A3110,6457b855f9a05433750a7527
A1965,6457b855f9a05433750a7527
A2585,6457b857f9a05433750a755a
A4080,6457b857f9a05433750a755a
A3800,6457b85af9a05433750a75a8
A3443,6457b85af9a05433750a75a8
A1217,6457b85bf9a05433750a75c3
A3904,6457b85bf9a05433750a75c3
A3976,6457b85bf9a05433750a75cd
A2541,6457b85bf9a05433750a75cd
A2077,6457b85bf9a05433750a75cd
A3658,6457b85bf9a05433750a75cd
A0255,6457b7b6f9a05433750a601e
A2201,6457b85af9a05433750a75a8
A0247,6457b7b6f9a05433750a601e
A2508,6457b85bf9a05433750a75c3
A3202,6457b85ef9a05433750a7634
A0262,6457b85bf9a05433750a75c3
A2590,6457b3ecf9a054337509fc10
A3547,6457b85ff9a05433750a765f
A3847,6457b85ff9a05433750a7665
A1792,6457b85ff9a05433750a765f
A2902,6457b85ff9a05433750a7665
A3213,6457b861f9a05433750a76bf
A0467,6457b861f9a05433750a76bf
A0099,6457b7b6f9a05433750a601e
A2272,6457b863f9a05433750a7715
A1352,6457b864f9a05433750a771b
A3514,6457b863f9a05433750a7715
A4373,6457b864f9a05433750a772b
A4032,6457b864f9a05433750a771b
A0801,6457b864f9a05433750a772b
A4082,6457b866f9a05433750a776e
A0318,6457b866f9a05433750a776e
A2478,6457b3ecf9a054337509fc10
A3849,6457b866f9a05433750a776e
A3020,6457b867f9a05433750a7792
A1246,6457b867f9a05433750a7792
A1437,6457b866f9a05433750a776e
A4082,6457b869f9a05433750a77e0
A3601,6457b869f9a05433750a77e8
A3606,6457b869f9a05433750a77e8
A2798,6457b86af9a05433750a77fe
A3497,6457b86af9a05433750a77fe
A1437,6457b869f9a05433750a77e0
A1837,6457b86af9a05433750a77fe
A3059,6457b86bf9a05433750a7824
A0616,6457b869f9a05433750a77e0
A1853,6457b86bf9a05433750a7824
A4078,6457b869f9a05433750a77e0
A3059,6457b86cf9a05433750a783c
A1853,6457b86cf9a05433750a783c
A4080,6457b86cf9a05433750a784c
A2585,6457b86cf9a05433750a784c
A3213,6457b86ef9a05433750a786a
A0467,6457b86ef9a05433750a786a
A4275,6457b86ff9a05433750a788c
A1630,6457b86ff9a05433750a788c
A2966,6457b872f9a05433750a78c7
A3646,6457b872f9a05433750a78c7
A4188,6457b873f9a05433750a78df
A1814,6457b873f9a05433750a78df
A1859,6457b3ecf9a054337509fc10
A1946,6457b3ecf9a054337509fc10
A3623,6457b874f9a05433750a78fa
A1263,6457b874f9a05433750a78fa
A3770,6457b878f9a05433750a7978
A4484,6457b878f9a05433750a7978
A2046,6457b872f9a05433750a78c7
A0986,6457b87af9a05433750a79ca
A1523,6457b87cf9a05433750a7a18
A1522,6457b87cf9a05433750a7a18
A3801,6457b87af9a05433750a79ca
A2630,6457b87ff9a05433750a7a86
A3651,6457b87ff9a05433750a7a86
A0773,6457b3ecf9a054337509fc10
A2989,6457b882f9a05433750a7ad3
A2601,6457b882f9a05433750a7ad3
A0878,6457b882f9a05433750a7ad3
A4251,6457b882f9a05433750a7ad3
A0087,6457b882f9a05433750a7ad3
A2852,6457b888f9a05433750a7b97
A1966,6457b888f9a05433750a7b97
A3410,6457b888f9a05433750a7b97
A1067,6457b888f9a05433750a7b97
A0473,6457b888f9a05433750a7b97
A4013,6457b888f9a05433750a7b97
A2642,6457b3ecf9a054337509fc10
A0122,6457b88af9a05433750a7be0
A2493,6457b88af9a05433750a7be0
A2956,6457b88cf9a05433750a7c1a
A2588,6457b88cf9a05433750a7c1a
A2946,6457b88df9a05433750a7c3b
A3515,6457b88df9a05433750a7c3e
A4246,6457b88df9a05433750a7c3b
A2760,6457b88df9a05433750a7c3e
A4078,6457b88df9a05433750a7c47
A3213,6457b88df9a05433750a7c48
A0616,6457b88df9a05433750a7c47
A0467,6457b88df9a05433750a7c48
A2925,6457b88ef9a05433750a7c77
A0729,6457b88ef9a05433750a7c77
A4409,6457b88ff9a05433750a7c81
A2774,6457b88ff9a05433750a7c87
A0026,6457b88ff9a05433750a7c81
A0499,6457b88ff9a05433750a7c87
A3506,6457b890f9a05433750a7c9b
A0887,6457b890f9a05433750a7c9b
A2870,6457b890f9a05433750a7cad
A1931,6457b890f9a05433750a7cad
A1915,6457b890f9a05433750a7cad
A3059,6457b892f9a05433750a7cc7
A1853,6457b892f9a05433750a7cc7
A1312,6457b3ecf9a054337509fc10
A3020,6457b893f9a05433750a7ce4
A1246,6457b893f9a05433750a7ce4
A3276,6457b894f9a05433750a7cf7
A2197,6457b894f9a05433750a7cf7
A2891,6457b895f9a05433750a7d28
A4070,6457b898f9a05433750a7d72
A1424,6457b898f9a05433750a7d72
A4396,6457b899f9a05433750a7d7f
A1378,6457b899f9a05433750a7d8a
A2079,6457b899f9a05433750a7d7f
A1363,6457b899f9a05433750a7d7f
A3116,6457b899f9a05433750a7d8a
A0736,6457b89af9a05433750a7daf
A0986,6457b895f9a05433750a7d28
A3801,6457b895f9a05433750a7d28
A3100,6457b89af9a05433750a7daf
A4355,6457b899f9a05433750a7d7f
A0496,6457b899f9a05433750a7d7f
A1857,6457b3ecf9a054337509fc10
A3215,6457b89ef9a05433750a7e47
A2263,6457b899f9a05433750a7d7f
A0003,6457b89ef9a05433750a7e47
A1100,6457b899f9a05433750a7d7f
A0497,6457b899f9a05433750a7d7f
A2365,6457b899f9a05433750a7d7f
A3766,6457b8a4f9a05433750a7f4b
A1603,6457b8a4f9a05433750a7f4b
A3767,6457b899f9a05433750a7d7f
A4188,6457b8a4f9a05433750a7f5d
A1727,6457b8a4f9a05433750a7f4b
A1814,6457b8a4f9a05433750a7f5d
A4468,6457b8a4f9a05433750a7f4b
A1325,6457b899f9a05433750a7d7f
A3623,6457b8a6f9a05433750a7f97
A1263,6457b8a6f9a05433750a7f97
A3623,6457b8a6f9a05433750a7fa0
A1263,6457b8a6f9a05433750a7fa0
A2944,6457b8a4f9a05433750a7f4b
A1588,6457b899f9a05433750a7d7f
A1337,6457b8a4f9a05433750a7f4b
A4345,6457b8a8f9a05433750a7ffb
A1340,6457b8a8f9a05433750a7ffb
A2046,6457b8a1f9a05433750a7eb1
A2429,6457b3ecf9a054337509fc10
A3770,6457b8aaf9a05433750a8020
A4484,6457b8aaf9a05433750a8020
A1439,6457b8acf9a05433750a806e
A4437,6457b8acf9a05433750a8072
A1146,6457b8acf9a05433750a806e
A2690,6457b8acf9a05433750a8072
A0616,6457b8acf9a05433750a806e
A2966,6457b8a1f9a05433750a7eb1
A3815,6457b8aff9a05433750a80b0
A1162,6457b8aff9a05433750a80b0
A4145,6457b8aff9a05433750a80c3
A1486,6457b8aff9a05433750a80c3
A0006,6457b8aff9a05433750a80b0
A3466,6457b8acf9a05433750a806e
A4411,6457b8b1f9a05433750a8108
A2542,6457b8b1f9a05433750a8108
A3813,6457b8b2f9a05433750a8122
A0761,6457b34ef9a054337509e877
A0909,6457b8b2f9a05433750a8122
A4312,6457b8b1f9a05433750a8108
A0574,6457b8b2f9a05433750a8122
A2376,6457b8b1f9a05433750a8108
A4078,6457b8acf9a05433750a806e
A1729,6457b8b2f9a05433750a8122
A4432,6457b8b2f9a05433750a8122
A2264,6457b8b2f9a05433750a8122
A3678,6457b8b1f9a05433750a8108
A3707,6457b8b2f9a05433750a8122
A1668,6457b8b2f9a05433750a8122
A3215,6457b8b7f9a05433750a81fb
A0003,6457b8b7f9a05433750a81fb
A3215,6457b8b7f9a05433750a8203
A0003,6457b8b7f9a05433750a8203
A3485,6457b8b8f9a05433750a820f
A3059,6457b8b8f9a05433750a8211
A1961,6457b8b8f9a05433750a820f
A1853,6457b8b8f9a05433750a8211
A3020,6457b8b8f9a05433750a821f
A1246,6457b8b8f9a05433750a821f
A4037,6457b8b9f9a05433750a8232
A1353,6457b8b9f9a05433750a8232
A4063,6457b8baf9a05433750a8271
A1491,6457b8baf9a05433750a8271
A3515,6457b8bbf9a05433750a8280
A2760,6457b8bbf9a05433750a8280
A1186,6457b8baf9a05433750a8271
A2998,6457b8bff9a05433750a82d7
A2085,6457b8bff9a05433750a82d7
A3265,6457b8c0f9a05433750a82df
A1067,6457b8c0f9a05433750a82df
A4041,6457b8c0f9a05433750a82f1
A0362,6457b8c0f9a05433750a82f1
A3417,6457b8c0f9a05433750a82df
A3288,6457b8acf9a05433750a806e
A1772,6457b3ecf9a054337509fc10
A4013,6457b8c3f9a05433750a833d
A2670,6457b8acf9a05433750a806e
A0473,6457b8c3f9a05433750a833d
A0473,6457b8c0f9a05433750a82df
A2705,6457b3ecf9a054337509fc10
A3020,6457b8c6f9a05433750a83b6
A1246,6457b8c6f9a05433750a83b6
A4013,6457b8c8f9a05433750a8405
A3287,6457b8c8f9a05433750a8405
A0907,6457b3ecf9a054337509fc10
A3421,6457b8caf9a05433750a844c
A0608,6457b8caf9a05433750a844c
A2826,6457b8cbf9a05433750a845c
A3181,6457b8ccf9a05433750a8492
A1809,6457b8ccf9a05433750a8492
A1709,6457b8ccf9a05433750a8492
A3421,6457b8cdf9a05433750a84a4
A0608,6457b8cdf9a05433750a84a4
A0664,6457b3ecf9a054337509fc10
A2829,6457b8cbf9a05433750a845c
A3800,6457b8d0f9a05433750a8502
A0698,6457b8d0f9a05433750a8502
A3443,6457b8d0f9a05433750a8502
A2201,6457b8d0f9a05433750a8502
A3905,6457b8d6f9a05433750a8591
A4478,6457b8d6f9a05433750a8594
A4084,6457b8d6f9a05433750a8594
A1240,6457b8d6f9a05433750a8591
A4485,6457b8d6f9a05433750a85aa
A1989,6457b8d6f9a05433750a85aa
A4404,6457b8d6f9a05433750a85aa
A4279,6457b8d8f9a05433750a85ea
A1136,6457b8d8f9a05433750a85ea
A4437,6457b8d9f9a05433750a85fc
A2946,6457b8d9f9a05433750a8603
A2377,6457b8d9f9a05433750a8603
A0724,6457b8d9f9a05433750a85fc
A2690,6457b8d9f9a05433750a85fc
A3856,6457b8d6f9a05433750a85aa
A3962,6457b8dbf9a05433750a864b
A3071,6457b8dbf9a05433750a8656
A2436,6457b8dbf9a05433750a864b
A4246,6457b8d9f9a05433750a8603
A0138,6457b8dbf9a05433750a864b
A2110,6457b8dbf9a05433750a864b
A3134,6457b8dbf9a05433750a8656
A3265,6457b8ddf9a05433750a8697
A2197,6457b8ddf9a05433750a8697
A3178,6457b8dcf9a05433750a867f
A2411,6457b3ecf9a054337509fc10
A2663,6457b8dcf9a05433750a867f
A1874,6457b8dbf9a05433750a864b
A0436,6457b8def9a05433750a86cb
A0398,6457b8def9a05433750a86cb
A3402,6457b8dff9a05433750a86d2
A0732,6457b8def9a05433750a86cb
A0238,6457b8dff9a05433750a86d2
A2172,6457b8dff9a05433750a86d2
A1736,6457b8def9a05433750a86cb
A1671,6457b8def9a05433750a86cb
A2542,6457b8e0f9a05433750a86f5
A4411,6457b8e0f9a05433750a86f5
A3178,6457b8e1f9a05433750a8710
A1560,6457b8def9a05433750a86cb
A2663,6457b8e1f9a05433750a8710
A3178,6457b8e1f9a05433750a870f
A4473,6457b8e2f9a05433750a8735
A1548,6457b8e2f9a05433750a8735
A3178,6457b8e1f9a05433750a871d
A2663,6457b8e1f9a05433750a870f
A0080,6457b8def9a05433750a86cb
A2663,6457b8e1f9a05433750a871d
A4409,6457b8e3f9a05433750a8761
A0026,6457b8e3f9a05433750a8761
A1754,6457b3ecf9a054337509fc10
A4048,6457b8e9f9a05433750a87da
A1369,6457b8e9f9a05433750a87da
A1565,6457b8e9f9a05433750a87da
A3851,6457b8e9f9a05433750a87da
A0768,6457b3ecf9a054337509fc10
A2778,6457b8e9f9a05433750a87da
A2369,6457b8e9f9a05433750a87da
A2291,6457b8e9f9a05433750a87da
A3632,6457b8e9f9a05433750a87da
A1148,6457b8edf9a05433750a8868
A4392,6457b8edf9a05433750a8868
A2586,6457b3ecf9a054337509fc10
A3328,6457b8eef9a05433750a8890
A1491,6457b8def9a05433750a86cb
A3888,6457b8e9f9a05433750a87da
A2087,6457b8eef9a05433750a8890
A2005,6457b3ecf9a054337509fc10
A1045,6457b8def9a05433750a86cb
A2086,6457b8eef9a05433750a8890
A0073,6457b8f4f9a05433750a897c
A3856,6457b8f4f9a05433750a897c
A1005,6457b3ecf9a054337509fc10
A1994,6457b3ecf9a054337509fc10
A3178,6457b8faf9a05433750a8a1e
A2663,6457b8faf9a05433750a8a1e
A3147,6457b8fbf9a05433750a8a35
A2135,6457b8fbf9a05433750a8a35
A0738,6457b8fbf9a05433750a8a35
A4101,6457b8fbf9a05433750a8a35
A4478,6457b8fef9a05433750a8a74
A4084,6457b8fef9a05433750a8a74
A1440,6457b8e9f9a05433750a87da
A2966,6457b8fff9a05433750a8aa3
A4131,6457b8fff9a05433750a8aa3
A2639,6457b8fbf9a05433750a8a35
A2241,6457b8fff9a05433750a8aa3
A2966,6457b901f9a05433750a8ae5
A1955,6457b901f9a05433750a8ae5
A2266,6457b3ecf9a054337509fc10
A2966,6457b903f9a05433750a8b30
A3080,6457b903f9a05433750a8b30
A0004,6457b3ecf9a054337509fc10
A1435,6457b8fef9a05433750a8a74
A0974,6457b3ecf9a054337509fc10
A0081,6457b8def9a05433750a86cb
A3787,6457b905f9a05433750a8b7c
A3827,6457b906f9a05433750a8b8a
A1217,6457b906f9a05433750a8b8a
A3721,6457b905f9a05433750a8b7c
A3331,6457b905f9a05433750a8b7c
A2067,6457b8def9a05433750a86cb
A1794,6457b3ecf9a054337509fc10
A1171,6457b3ecf9a054337509fc10
A2442,6457b906f9a05433750a8b8a
A0960,6457b8def9a05433750a86cb
A2548,6457b90af9a05433750a8c3e
A2803,6457b90af9a05433750a8c3e
A3876,6457b90bf9a05433750a8c5a
A1847,6457b90bf9a05433750a8c5a
A0233,6457b8def9a05433750a86cb
A3266,6457b90df9a05433750a8ca3
A1779,6457b90df9a05433750a8ca3
A1076,6457b90df9a05433750a8ca3
A0462,6457b90ef9a05433750a8cb6
A2772,6457b90ef9a05433750a8cb6
A3754,6457b90df9a05433750a8ca3
A2727,6457b90df9a05433750a8ca3
A0462,6457b911f9a05433750a8d06
A2260,6457b905f9a05433750a8b7c
A1238,6457b8def9a05433750a86cb
A2772,6457b911f9a05433750a8d06
A1973,6457b913f9a05433750a8d4a
A3453,6457b913f9a05433750a8d4a
A2542,6457b916f9a05433750a8d7a
A4411,6457b916f9a05433750a8d7a
A0093,6457b8def9a05433750a86cb
A1150,6457b8def9a05433750a86cb
A0545,6457b8def9a05433750a86cb
A4411,6457b91ef9a05433750a8dda
A3678,6457b91ef9a05433750a8dda
A1135,6457b3ecf9a054337509fc10
A2542,6457b921f9a05433750a8e50
A2542,6457b91ef9a05433750a8dda
A3178,6457b921f9a05433750a8e50
A0040,6457b3ecf9a054337509fc10
A3178,6457b91ef9a05433750a8dda
A0851,6457b3ecf9a054337509fc10
A2542,6457b925f9a05433750a8f0d
A4411,6457b925f9a05433750a8f0d
A0696,6457b8def9a05433750a86cb
A3455,6457b929f9a05433750a8f98
A0231,6457b929f9a05433750a8f98
A3960,6457b92af9a05433750a8fb8
A1678,6457b92af9a05433750a8fb8
A2987,6457b929f9a05433750a8f98
A1418,6457b929f9a05433750a8f98
A2279,6457b92af9a05433750a8fb8
A0216,6457b92df9a05433750a9016
A4398,6457b92df9a05433750a9016
A2992,6457b929f9a05433750a8f98
A1255,6457b8def9a05433750a86cb
A2702,6457b92df9a05433750a9016
A2533,6457b8def9a05433750a86cb
A2701,6457b92df9a05433750a9016
A3828,6457b92df9a05433750a9016
A1361,6457b936f9a05433750a9174
A3502,6457b936f9a05433750a9174
A1000,6457b92df9a05433750a9016
A1732,6457b8def9a05433750a86cb
A3502,6457b939f9a05433750a91ff
A3611,6457b939f9a05433750a9201
A1361,6457b939f9a05433750a91ff
A0948,6457b939f9a05433750a9201
A4409,6457b93af9a05433750a9227
A0026,6457b93af9a05433750a9227
A4009,6457b93bf9a05433750a923c
A3330,6457b93cf9a05433750a9241
A0715,6457b93bf9a05433750a923c
A0132,6457b93cf9a05433750a9241
A2208,6457b93bf9a05433750a923c
A3666,6457b93df9a05433750a9261
A0986,6457b93df9a05433750a9261
A3801,6457b93df9a05433750a9261
A0326,6457b3ecf9a054337509fc10
A0733,6457b8def9a05433750a86cb
A1370,6457b8e9f9a05433750a87da
A1293,6457b8def9a05433750a86cb
A2234,6457b3ecf9a054337509fc10
A3828,6457b942f9a05433750a92e6
A0216,6457b942f9a05433750a92e6
A2702,6457b942f9a05433750a92e6
A2701,6457b942f9a05433750a92e6
A3713,6457b943f9a05433750a9300
A4398,6457b943f9a05433750a9303
A1972,6457b943f9a05433750a9300
A0216,6457b943f9a05433750a9303
A0358,6457b943f9a05433750a9303
A3178,6457b946f9a05433750a9388
A1227,6457b943f9a05433750a9300
A1717,6457b3ecf9a054337509fc10
A3594,6457b943f9a05433750a9300
A2663,6457b946f9a05433750a9388
A0320,6457b942f9a05433750a92e6
A4398,6457b942f9a05433750a92e6
A2679,6457b943f9a05433750a9303
A3828,6457b943f9a05433750a9303
A2002,6457b3ecf9a054337509fc10
A2934,6457b94af9a05433750a9448
A1067,6457b94af9a05433750a9448
A1481,6457b3ecf9a054337509fc10
A1000,6457b942f9a05433750a92e6
A0914,6457b8def9a05433750a86cb
A4312,6457b94df9a05433750a94bd
A2376,6457b94df9a05433750a94bd
A2966,6457b94ff9a05433750a9502
A0396,6457b8e9f9a05433750a87da
A3178,6457b94ff9a05433750a9502
A2376,6457b94ff9a05433750a9502
A4312,6457b94ff9a05433750a9502
A1353,6457b8e9f9a05433750a87da
A3179,6457b955f9a05433750a9580
A0174,6457b955f9a05433750a9580
A0609,6457b3ecf9a054337509fc10
A4169,6457b955f9a05433750a9580
A2675,6457b8def9a05433750a86cb
A1749,6457b3ecf9a054337509fc10
A2226,6457b34ef9a054337509e877
A0404,6457b8e9f9a05433750a87da
A0920,6457b8def9a05433750a86cb
A0686,6457b3ecf9a054337509fc10
A2238,6457b3ecf9a054337509fc10
A0847,6457b34ef9a054337509e877
A0077,6457b3ecf9a054337509fc10
A1973,6457b960f9a05433750a9731
A3453,6457b960f9a05433750a9731
A0066,6457b3ecf9a054337509fc10
A1847,6457b963f9a05433750a979b
A1240,6457b963f9a05433750a97a1
A3876,6457b963f9a05433750a979b
A3905,6457b963f9a05433750a97a1
A2679,6457b942f9a05433750a92e6
A1578,6457b3ecf9a054337509fc10
A1807,6457b3ecf9a054337509fc10
A1217,6457b96ef9a05433750a9945
A3827,6457b96ef9a05433750a9945
A2966,6457b960f9a05433750a9731
A3178,6457b960f9a05433750a9731
A2966,6457b963f9a05433750a979b
A3178,6457b963f9a05433750a979b
A2730,6457b3ecf9a054337509fc10
A2966,6457b977f9a05433750a9ac4
A3178,6457b963f9a05433750a97a1
A3178,6457b977f9a05433750a9ac4
A0477,6457b977f9a05433750a9ac4
A2966,6457b97bf9a05433750a9b46
A3178,6457b97bf9a05433750a9b46
A2496,6457b97bf9a05433750a9b46
A1491,6457b97bf9a05433750a9b46
A2955,6457b97bf9a05433750a9b46
A3178,6457b96ef9a05433750a9945
A2442,6457b96ef9a05433750a9945
A0209,6457b3ecf9a054337509fc10
A2966,6457b963f9a05433750a97a1
A0603,6457b3ecf9a054337509fc10
A3178,6457b990f9a05433750a9d79
A2286,6457b990f9a05433750a9d79
A4131,6457b990f9a05433750a9d79
A2966,6457b96ef9a05433750a9945
A2966,6457b994f9a05433750a9dd3
A2772,6457b995f9a05433750a9dee
A2489,6457b995f9a05433750a9df5
A0462,6457b995f9a05433750a9dee
A3178,6457b994f9a05433750a9dd3
A2966,6457b995f9a05433750a9dff
A3485,6457b994f9a05433750a9dd3
A3645,6457b995f9a05433750a9df5
A1955,6457b994f9a05433750a9dd3
A2034,6457b3ecf9a054337509fc10
A3178,6457b995f9a05433750a9dff
A1820,6457b995f9a05433750a9dff
A3385,6457b995f9a05433750a9dff
A2966,6457b990f9a05433750a9d79
A2966,6457b995f9a05433750a9dee
A0807,6457b3ecf9a054337509fc10
A3178,6457b995f9a05433750a9dee
A0597,6457b3ecf9a054337509fc10
A0078,6457b34ef9a054337509e877
A0092,6457b3ecf9a054337509fc10
A2636,6457b9b5f9a05433750aa1bd
A3317,6457b9b5f9a05433750aa1bd
A2966,6457b9b5f9a05433750aa1c7
A3080,6457b9b6f9a05433750aa1d9
A3108,6457b9b6f9a05433750aa1ef
A3178,6457b9b5f9a05433750aa1c7
A0828,6457b995f9a05433750a9df5
A1666,6457b9b5f9a05433750aa1c7
A3054,6457b9b5f9a05433750aa1c7
A2114,6457b9b5f9a05433750aa1c7
A0121,6457b9c2f9a05433750aa3e3
A2796,6457b9c2f9a05433750aa3e3
A1871,6457b9c2f9a05433750aa3e3
A2966,6457b9b5f9a05433750aa1bd
A3178,6457b9b5f9a05433750aa1bd
A1770,6457b3ecf9a054337509fc10
A1316,6457b995f9a05433750a9df5
A3178,6457b9b6f9a05433750aa1d9
A1912,6457b3ecf9a054337509fc10
A2004,6457b3ecf9a054337509fc10
A4485,6457b9cff9a05433750aa5fe
A2392,6457b9cff9a05433750aa5fe
A2966,6457b9c2f9a05433750aa3e3
A3178,6457b9c2f9a05433750aa3e3
A2966,6457b9b6f9a05433750aa1d9
A2966,6457b995f9a05433750a9df5
A3178,6457b995f9a05433750a9df5
A2966,6457b9b6f9a05433750aa1ef
A3178,6457b9b6f9a05433750aa1ef
A3403,6457b9dff9a05433750aa87e
A3373,6457b9dff9a05433750aa87e
A1800,6457b3ecf9a054337509fc10
A3570,6457b9e0f9a05433750aa896
A1268,6457b9e0f9a05433750aa896
A4440,6457b9e4f9a05433750aa91e
A4246,6457b9e4f9a05433750aa91e
A3698,6457b9e6f9a05433750aa932
A0751,6457b9e6f9a05433750aa932
A3239,6457b9e6f9a05433750aa945
A2076,6457b9e6f9a05433750aa945
A3422,6457b9e6f9a05433750aa932
A1742,6457b3ecf9a054337509fc10
A1984,6457b9eaf9a05433750aa9b4
A0904,6457b9eaf9a05433750aa9b4
A0280,6457b9eaf9a05433750aa9b4
A2287,6457b9eaf9a05433750aa9b4
A3802,6457b9ebf9a05433750aa9e1
A1601,6457b9eaf9a05433750aa9b4
A0397,6457b9ebf9a05433750aa9e1
A1081,6457b9eaf9a05433750aa9b4
A0305,6457b3ecf9a054337509fc10
A1068,6457b9eaf9a05433750aa9b4
A2375,6457b3ecf9a054337509fc10
A0113,6457b9eaf9a05433750aa9b4
A3395,6457b9eaf9a05433750aa9b4
A3998,6457b9eaf9a05433750aa9b4
A3421,6457b9f0f9a05433750aaa5e
A0608,6457b9f0f9a05433750aaa5e
A3303,6457b9eaf9a05433750aa9b4
A3059,6457b9f1f9a05433750aaaa8
A2618,6457b9f1f9a05433750aaaa8
A3631,6457b9f3f9a05433750aaae1
A1198,6457b9f3f9a05433750aaae1
A3020,6457b9f4f9a05433750aab13
A1246,6457b9f4f9a05433750aab13
A3116,6457b9f6f9a05433750aab49
A1743,6457b9f6f9a05433750aab49
A2976,6457b9f7f9a05433750aab61
A1809,6457b9f7f9a05433750aab61
A3534,6457b9f8f9a05433750aab8f
A4246,6457b9f8f9a05433750aab8f
A0532,6457b3ecf9a054337509fc10
A3443,6457b9f9f9a05433750aaba3
A3799,6457b9f9f9a05433750aaba3
A2963,6457b9fcf9a05433750aabee
A1869,6457b34ef9a054337509e877
A2030,6457b9fcf9a05433750aabee
A3855,6457b9fdf9a05433750aac07
A2436,6457b9fdf9a05433750aac07
A3235,6457b9fcf9a05433750aabee
A3881,6457b9fef9a05433750aac2f
A2647,6457b9fef9a05433750aac2f
A1378,6457ba00f9a05433750aac74
A0855,6457b9eaf9a05433750aa9b4
A2798,6457ba00f9a05433750aac74
A0884,6457b9eaf9a05433750aa9b4
A1186,6457ba00f9a05433750aac74
A0854,6457b9eaf9a05433750aa9b4
A2271,6457ba00f9a05433750aac74
A0608,6457ba00f9a05433750aac74
A0930,6457b9eaf9a05433750aa9b4
A0646,6457b9eaf9a05433750aa9b4
A1165,6457ba03f9a05433750aacd4
A3815,6457ba03f9a05433750aacd4
A2634,6457ba03f9a05433750aacd4
A1165,6457ba03f9a05433750aace4
A2603,6457ba03f9a05433750aacd4
A3497,6457ba00f9a05433750aac74
A1568,6457ba03f9a05433750aacd4
A0227,6457ba03f9a05433750aace4
A0685,6457ba03f9a05433750aace4
A2434,6457ba03f9a05433750aacd4
A1353,6457ba03f9a05433750aace4
A0877,6457ba03f9a05433750aace4
A0738,6457ba03f9a05433750aace4
A0431,6457b8def9a05433750a86cb
A1571,6457ba03f9a05433750aacd4
A1332,6457ba03f9a05433750aacd4
A0573,6457b9eaf9a05433750aa9b4
A4398,6457ba05f9a05433750aad3e
A0216,6457ba05f9a05433750aad3e
A2285,6457ba03f9a05433750aacd4
A2250,6457ba03f9a05433750aacd4
A2564,6457ba00f9a05433750aac74
A0197,6457ba03f9a05433750aacd4
A0006,6457ba03f9a05433750aacd4
A0876,6457ba03f9a05433750aace4
A4145,6457ba03f9a05433750aacd4
A4398,6457ba0af9a05433750aae19
A1162,6457ba03f9a05433750aacd4
A0216,6457ba0af9a05433750aae19
A2702,6457ba0af9a05433750aae19
A0831,6457b9eaf9a05433750aa9b4
A1732,6457ba0af9a05433750aae19
A4063,6457ba00f9a05433750aac74
A3534,6457ba00f9a05433750aac74
A0656,6457b9eaf9a05433750aa9b4
A0978,6457b9eaf9a05433750aa9b4
A2010,6457b9eaf9a05433750aa9b4
A4398,6457ba0df9a05433750aae78
A0216,6457ba0df9a05433750aae78
A2133,6457ba0df9a05433750aae78
A3144,6457ba0df9a05433750aae78
A2302,6457b3ecf9a054337509fc10
A2597,6457ba0ef9a05433750aaea8
A2572,6457ba0ef9a05433750aaea8
A4445,6457ba0ef9a05433750aaea8
A3486,6457ba11f9a05433750aaf00
A0431,6457ba11f9a05433750aaf00
A1819,6457ba0ef9a05433750aaea8
A4464,6457ba0ef9a05433750aaea8
A1376,6457b3ecf9a054337509fc10
A0678,6457b9eaf9a05433750aa9b4
A0770,6457b9eaf9a05433750aa9b4
A0892,6457ba0ef9a05433750aaea8
A0692,6457ba0ef9a05433750aaea8
A4399,6457ba0ef9a05433750aaea8
A0896,6457b9eaf9a05433750aa9b4
A4448,6457ba0ef9a05433750aaea8
A3116,6457ba00f9a05433750aac74
A1491,6457ba00f9a05433750aac74
A0754,6457b9eaf9a05433750aa9b4
A0125,6457b9eaf9a05433750aa9b4
A0250,6457ba1ef9a05433750ab065
A3917,6457ba1ef9a05433750ab065
A3465,6457ba1ef9a05433750ab065
A2055,6457ba1ef9a05433750ab072
A4350,6457ba1ef9a05433750ab072
A2882,6457ba1ef9a05433750ab065
A2721,6457ba1ef9a05433750ab072
A4132,6457ba1ef9a05433750ab065
A3421,6457ba00f9a05433750aac74
A4264,6457ba1ef9a05433750ab065
A0843,6457b9eaf9a05433750aa9b4
A3769,6457ba23f9a05433750ab142
A2605,6457b3ecf9a054337509fc10
A1179,6457b9eaf9a05433750aa9b4
A3782,6457ba23f9a05433750ab142
A3122,6457ba23f9a05433750ab142
A2084,6457ba1ef9a05433750ab072
A0309,6457b3ecf9a054337509fc10
A1934,6457ba1ef9a05433750ab072
A2781,6457ba1ef9a05433750ab072
A2619,6457b3ecf9a054337509fc10
A3175,6457ba1ef9a05433750ab065
A0212,6457ba1ef9a05433750ab072
A0810,6457b9eaf9a05433750aa9b4
A0559,6457b9eaf9a05433750aa9b4
A3875,6457ba1ef9a05433750ab065
A0838,6457b9eaf9a05433750aa9b4
A4013,6457ba31f9a05433750ab36d
A4483,6457ba31f9a05433750ab36e
A3287,6457ba31f9a05433750ab36d
A2454,6457ba31f9a05433750ab36e
A1265,6457b3ecf9a054337509fc10
A0582,6457b9eaf9a05433750aa9b4
A2260,6457ba36f9a05433750ab402
A3733,6457ba36f9a05433750ab411
A0388,6457ba36f9a05433750ab411
A0739,6457ba36f9a05433750ab411
A3721,6457ba36f9a05433750ab402
A3018,6457ba36f9a05433750ab411
A4133,6457ba36f9a05433750ab402
A2541,6457ba36f9a05433750ab411
A4377,6457ba36f9a05433750ab411
A3331,6457ba36f9a05433750ab402
A4024,6457ba36f9a05433750ab411
A2195,6457ba36f9a05433750ab411
A0493,6457b9eaf9a05433750aa9b4
A0890,6457b9eaf9a05433750aa9b4
A0981,6457b9eaf9a05433750aa9b4
A3679,6457ba47f9a05433750ab6cd
A0554,6457ba47f9a05433750ab6cd
A3678,6457ba47f9a05433750ab6cd
A3178,6457ba47f9a05433750ab6cd
A1276,6457ba4af9a05433750ab732
A0503,6457ba4af9a05433750ab732
A2528,6457ba4af9a05433750ab732
A2495,6457b3ecf9a054337509fc10
A2438,6457ba4af9a05433750ab732
A0158,6457ba4af9a05433750ab732
A1405,6457ba4af9a05433750ab732
A3253,6457ba4af9a05433750ab732
A2179,6457ba4af9a05433750ab732
A3578,6457ba4af9a05433750ab732
A1765,6457ba51f9a05433750ab868
A1040,6457b3ecf9a054337509fc10
A3961,6457ba4af9a05433750ab732
A1166,6457b3ecf9a054337509fc10
A4319,6457ba51f9a05433750ab868
A1267,6457b9eaf9a05433750aa9b4
A0962,6457ba4af9a05433750ab732
A3648,6457ba4af9a05433750ab732
A2289,6457ba4af9a05433750ab732
A0845,6457b9eaf9a05433750aa9b4
A1901,6457ba5af9a05433750ab9e8
A2831,6457ba5af9a05433750ab9e8
A0059,6457b3ecf9a054337509fc10
A0098,6457ba4af9a05433750ab732
A1009,6457ba4af9a05433750ab732
A0429,6457ba4af9a05433750ab732
A0520,6457b3ecf9a054337509fc10
A3326,6457ba5af9a05433750ab9e8
A3292,6457ba5af9a05433750ab9e8
A0604,6457ba4af9a05433750ab732
A2910,6457ba5af9a05433750ab9e8
A1014,6457b3ecf9a054337509fc10
A1620,6457ba4af9a05433750ab732
A0068,6457b9eaf9a05433750aa9b4
A1118,6457b3ecf9a054337509fc10
A0038,6457ba4af9a05433750ab732
A4055,6457ba66f9a05433750abbd0
A1436,6457ba66f9a05433750abbd0
A2152,6457b34ef9a054337509e877
A1916,6457ba4af9a05433750ab732
A1587,6457b9eaf9a05433750aa9b4
A0073,6457ba6cf9a05433750abcb6
A3856,6457ba6cf9a05433750abcb6
A3886,6457ba6df9a05433750abcd9
A2446,6457ba6df9a05433750abcd9
A3035,6457ba6df9a05433750abcd9
A1809,6457ba6df9a05433750abcd9
A2460,6457ba6cf9a05433750abcb6
A3355,6457ba6cf9a05433750abcb6
A0707,6457b3ecf9a054337509fc10
A1572,6457ba4af9a05433750ab732
A1013,6457b3ecf9a054337509fc10
A0888,6457ba4af9a05433750ab732
A4485,6457ba6cf9a05433750abcb6
A1885,6457ba4af9a05433750ab732
A1032,6457b3ecf9a054337509fc10
A2359,6457ba75f9a05433750abdf1
A1146,6457ba75f9a05433750abdf1
A1831,6457b9eaf9a05433750aa9b4
A1415,6457ba4af9a05433750ab732
A2484,6457ba4af9a05433750ab732
A1017,6457ba4af9a05433750ab732
A0148,6457ba4af9a05433750ab732
A3120,6457ba7bf9a05433750abefa
A3111,6457ba7bf9a05433750abefa
A0564,6457b3ecf9a054337509fc10
A1348,6457ba4af9a05433750ab732
A1609,6457ba4af9a05433750ab732
A2510,6457ba4af9a05433750ab732
A0769,6457b9eaf9a05433750aa9b4
A1660,6457ba4af9a05433750ab732
A0060,6457ba4af9a05433750ab732
A2116,6457b9eaf9a05433750aa9b4
A2839,6457ba80f9a05433750abfb8
A2840,6457ba80f9a05433750abfb8
A2031,6457b9eaf9a05433750aa9b4
A0899,6457b9eaf9a05433750aa9b4
A1483,6457b9eaf9a05433750aa9b4
A1061,6457b34ef9a054337509e877
A0759,6457b3ecf9a054337509fc10
A1656,6457ba4af9a05433750ab732
A1210,6457ba4af9a05433750ab732
A1828,6457ba4af9a05433750ab732
A1082,6457b9eaf9a05433750aa9b4
A1064,6457ba4af9a05433750ab732
A1115,6457ba4af9a05433750ab732
A1413,6457ba4af9a05433750ab732
A0053,6457ba85f9a05433750ac084
A3257,6457ba87f9a05433750ac0f4
A0102,6457ba87f9a05433750ac0f4
A1545,6457ba4af9a05433750ab732
A1512,6457ba4af9a05433750ab732
A0124,6457ba4af9a05433750ab732
A1354,6457ba4af9a05433750ab732
A0276,6457b3ecf9a054337509fc10
A0136,6457b9eaf9a05433750aa9b4
A1241,6457ba8bf9a05433750ac181
A2626,6457ba8bf9a05433750ac181
A0949,6457ba4af9a05433750ab732
A1582,6457ba4af9a05433750ab732
A0147,6457ba4af9a05433750ab732
A2167,6457ba8bf9a05433750ac181
A2471,6457ba4af9a05433750ab732
A0961,6457ba4af9a05433750ab732
A1085,6457ba4af9a05433750ab732
A2045,6457ba4af9a05433750ab732
A3450,6457ba8bf9a05433750ac181
A2123,6457ba4af9a05433750ab732
A2762,6457ba8bf9a05433750ac181
A2206,6457ba8bf9a05433750ac181
A4431,6457ba8bf9a05433750ac181
A2641,6457b9eaf9a05433750aa9b4
A0539,6457b9eaf9a05433750aa9b4
A2523,6457b3ecf9a054337509fc10
A3366,6457ba85f9a05433750ac084
A1033,6457b3ecf9a054337509fc10
A0335,6457b3ecf9a054337509fc10
A2457,6457ba4af9a05433750ab732
A1780,6457ba4af9a05433750ab732
A3790,6457ba96f9a05433750ac350
A4193,6457ba96f9a05433750ac350
A0925,6457ba4af9a05433750ab732
A1528,6457b3ecf9a054337509fc10
A2623,6457ba96f9a05433750ac350
A2415,6457ba96f9a05433750ac350
A1669,6457ba96f9a05433750ac350
A0357,6457b3ecf9a054337509fc10
A2404,6457b3ecf9a054337509fc10
A4094,6457ba9af9a05433750ac40b
A1446,6457ba9af9a05433750ac40b
A1524,6457ba4af9a05433750ab732
A0834,6457ba4af9a05433750ab732
A2352,6457b9eaf9a05433750aa9b4
A0825,6457ba4af9a05433750ab732
A0537,6457b3ecf9a054337509fc10
A4261,6457ba9ef9a05433750ac49c
A2172,6457ba9ef9a05433750ac49c
A0238,6457ba9ef9a05433750ac49c
A1245,6457b8def9a05433750a86cb
A2105,6457ba4af9a05433750ab732
A1421,6457ba4af9a05433750ab732
A2058,6457ba4af9a05433750ab732
A3214,6457baa8f9a05433750ac61e
A1394,6457ba4af9a05433750ab732
A0021,6457baa8f9a05433750ac61e
A1404,6457ba4af9a05433750ab732
A0658,6457b3ecf9a054337509fc10
A2591,6457b3ecf9a054337509fc10
A0943,6457b3ecf9a054337509fc10
A0977,6457b3ecf9a054337509fc10
A3966,6457bab1f9a05433750ac7a1
A1280,6457bab1f9a05433750ac7a1
A3298,6457bab2f9a05433750ac7cb
A0628,6457bab2f9a05433750ac7cb
A1172,6457b3ecf9a054337509fc10
A4485,6457bab6f9a05433750ac852
A3718,6457bab6f9a05433750ac852
A0217,6457bab6f9a05433750ac857
A3010,6457bab6f9a05433750ac852
A3601,6457bab6f9a05433750ac857
A0405,6457bab6f9a05433750ac857
A0384,6457bab6f9a05433750ac857
A2354,6457bab6f9a05433750ac857
A1905,6457ba4af9a05433750ab732
A0088,6457ba4af9a05433750ab732
A0448,6457ba4af9a05433750ab732
A1397,6457ba4af9a05433750ab732
A0195,6457ba4af9a05433750ab732
A1219,6457b9eaf9a05433750aa9b4
A1596,6457ba4af9a05433750ab732
A1518,6457ba4af9a05433750ab732
A0783,6457ba4af9a05433750ab732
A3298,6457babef9a05433750ac9b6
A0628,6457babef9a05433750ac9b6
A1834,6457b3ecf9a054337509fc10
A3010,6457bac0f9a05433750ac9fe
A3718,6457bac0f9a05433750ac9fe
A1520,6457ba4af9a05433750ab732
A1251,6457ba4af9a05433750ab732
A1616,6457b3ecf9a054337509fc10
A3583,6457ba4af9a05433750ab732
A0844,6457ba4af9a05433750ab732
A0655,6457ba4af9a05433750ab732
A2069,6457bac5f9a05433750acac2
A4096,6457bac5f9a05433750acac2
A3990,6457bac6f9a05433750acafc
A2621,6457bac6f9a05433750acafc
A0173,6457bac6f9a05433750acafc
A3976,6457bac5f9a05433750acac2
A2306,6457b8def9a05433750a86cb
A1441,6457bacbf9a05433750acb86
A3466,6457bacbf9a05433750acb86
A4096,6457bac9f9a05433750acb62
A2069,6457bac9f9a05433750acb62
A3976,6457bac9f9a05433750acb62
A1716,6457ba4af9a05433750ab732
A2127,6457ba4af9a05433750ab732
A1439,6457bacbf9a05433750acb86
A3245,6457bacef9a05433750acc11
A2472,6457bacef9a05433750acc11
A2473,6457bacef9a05433750acc11
A1351,6457ba4af9a05433750ab732
A1778,6457ba4af9a05433750ab732
A0812,6457b3ecf9a054337509fc10
A4485,6457bad3f9a05433750accb2
A3441,6457bad3f9a05433750accb2
A3640,6457bad3f9a05433750accb2
A2076,6457bad4f9a05433750acce1
A1762,6457ba4af9a05433750ab732
A2396,6457b3ecf9a054337509fc10
A3239,6457bad4f9a05433750acce1
A2223,6457bad3f9a05433750accb2
A1443,6457b3ecf9a054337509fc10
A1764,6457ba4af9a05433750ab732
A0591,6457b3ecf9a054337509fc10
A0671,6457b3ecf9a054337509fc10
A0146,6457ba4af9a05433750ab732
A1262,6457badef9a05433750ace98
A4167,6457badef9a05433750ace98
A3689,6457badef9a05433750ace98
A3375,6457badff9a05433750acebf
A0875,6457ba4af9a05433750ab732
A1204,6457badff9a05433750acebf
A1224,6457ba4af9a05433750ab732
A4346,6457badff9a05433750acebf
A2906,6457bae1f9a05433750acef2
A1839,6457bae1f9a05433750acef2
A4485,6457bae1f9a05433750acefd
A1978,6457bae1f9a05433750acefd
A4401,6457badff9a05433750acebf
A3856,6457bae1f9a05433750acefd
A2928,6457bae1f9a05433750acefd
A2549,6457ba4af9a05433750ab732
A3013,6457bae5f9a05433750acf7e
A2330,6457bae5f9a05433750acf7e
A3876,6457bae5f9a05433750acf88
A1847,6457bae5f9a05433750acf88
A0798,6457ba4af9a05433750ab732
A0774,6457b9eaf9a05433750aa9b4
A0386,6457b9eaf9a05433750aa9b4
A1223,6457ba4af9a05433750ab732
A2774,6457baeaf9a05433750ad022
A2773,6457baeaf9a05433750ad022
A3664,6457baedf9a05433750ad097
A1827,6457baedf9a05433750ad097
A1080,6457b34ef9a054337509e877
A3787,6457baf1f9a05433750ad11a
A1446,6457baf1f9a05433750ad11a
A0380,6457b3ecf9a054337509fc10
A1547,6457ba4af9a05433750ab732
A0037,6457ba4af9a05433750ab732
A4485,6457baf8f9a05433750ad1d8
A2460,6457baf8f9a05433750ad1d8
A2171,6457b3ecf9a054337509fc10
A4485,6457bafaf9a05433750ad226
A2460,6457bafaf9a05433750ad226
A4106,6457bafbf9a05433750ad235
A2506,6457bafbf9a05433750ad235
A4093,6457bafbf9a05433750ad24a
A4001,6457bafbf9a05433750ad235
A4485,6457bafbf9a05433750ad235
A1571,6457bafbf9a05433750ad24a
A2459,6457bafaf9a05433750ad226
A4145,6457bafbf9a05433750ad24a
A4092,6457bafbf9a05433750ad24a
A0304,6457b3ecf9a054337509fc10
A4105,6457bafbf9a05433750ad235
A2526,6457bafbf9a05433750ad24a
A2174,6457b3ecf9a054337509fc10
A2952,6457bb02f9a05433750ad367
A4485,6457bb02f9a05433750ad367
A0753,6457ba4af9a05433750ab732
A3235,6457bafbf9a05433750ad24a
A1486,6457bafbf9a05433750ad24a
A1408,6457b34ef9a054337509e877
A0061,6457b3ecf9a054337509fc10
A1278,6457b3ecf9a054337509fc10
A0872,6457b3ecf9a054337509fc10
A0524,6457bafbf9a05433750ad24a
A0576,6457b9eaf9a05433750aa9b4
A0865,6457b3ecf9a054337509fc10
A2092,6457b9eaf9a05433750aa9b4
A2963,6457bafbf9a05433750ad24a
A0842,6457ba4af9a05433750ab732
A2770,6457bb13f9a05433750ad629
A1974,6457bb13f9a05433750ad629
A0465,6457b9eaf9a05433750aa9b4
A1310,6457b9eaf9a05433750aa9b4
A0785,6457b9eaf9a05433750aa9b4
A1611,6457b3ecf9a054337509fc10
A2793,6457bb18f9a05433750ad6b4
A4485,6457bb18f9a05433750ad6b4
A0835,6457b34ef9a054337509e877
A0424,6457b3ecf9a054337509fc10
A0091,6457ba4af9a05433750ab732
A0644,6457ba4af9a05433750ab732
A1557,6457bb1ff9a05433750ad7b8
A3472,6457bb1ff9a05433750ad7b8
A4485,6457bb26f9a05433750ad8e0
A3581,6457bb26f9a05433750ad8e0
A0178,6457b3ecf9a054337509fc10
A2711,6457b34ef9a054337509e877
A1002,6457b3ecf9a054337509fc10
A2041,6457bb26f9a05433750ad8e0
A2265,6457bb26f9a05433750ad8e0
A2654,6457ba4af9a05433750ab732
A0673,6457b9eaf9a05433750aa9b4
A0580,6457b9eaf9a05433750aa9b4
A2716,6457b3ecf9a054337509fc10
A0058,6457ba4af9a05433750ab732
A3453,6457bb3ef9a05433750adc99
A0521,6457ba4af9a05433750ab732
A1973,6457bb3ef9a05433750adc99
A1389,6457ba4af9a05433750ab732
A1580,6457b34ef9a054337509e877
A1197,6457b34ef9a054337509e877
A4312,6457bb41f9a05433750add12
A2376,6457bb41f9a05433750add12
A1606,6457ba4af9a05433750ab732
A2437,6457ba4af9a05433750ab732
A0951,6457ba4af9a05433750ab732
A0051,6457ba4af9a05433750ab732
A3905,6457bb44f9a05433750add7c
A1240,6457bb44f9a05433750add7c
A4025,6457bb49f9a05433750ade5a
A2502,6457bb49f9a05433750ade5a
A0231,6457bb4af9a05433750ade83
A4333,6457bb4af9a05433750ade83
A1821,6457ba4af9a05433750ab732
A1509,6457ba4af9a05433750ab732
A0411,6457ba4af9a05433750ab732
A3389,6457bb4df9a05433750adef0
A0477,6457bb4df9a05433750adef0
A3827,6457bb51f9a05433750adf4c
A1217,6457bb51f9a05433750adf4c
A2580,6457ba4af9a05433750ab732
A4005,6457bb53f9a05433750adf97
A0516,6457ba4af9a05433750ab732
A4001,6457bb53f9a05433750adf97
A1412,6457b9eaf9a05433750aa9b4
A1399,6457ba4af9a05433750ab732
A2955,6457bb54f9a05433750adfd2
A1373,6457ba4af9a05433750ab732
A1491,6457bb54f9a05433750adfd2
A1659,6457ba4af9a05433750ab732
A2543,6457ba4af9a05433750ab732
A0760,6457ba4af9a05433750ab732
A4485,6457bb58f9a05433750ae017
A1723,6457bb58f9a05433750ae017
A3428,6457bb58f9a05433750ae017
A1635,6457ba4af9a05433750ab732
A4438,6457bb5af9a05433750ae051
A4125,6457bb5af9a05433750ae053
A4485,6457bb5af9a05433750ae051
A0225,6457bb5af9a05433750ae053
A2929,6457bb5af9a05433750ae051
A2644,6457ba4af9a05433750ab732
A0833,6457ba4af9a05433750ab732
A1633,6457b3ecf9a054337509fc10
A0982,6457bb5af9a05433750ae053
A1021,6457bb5af9a05433750ae053
A3701,6457bb5af9a05433750ae053
A4334,6457bb60f9a05433750ae16f
A4485,6457bb60f9a05433750ae16f
A2633,6457bb60f9a05433750ae16f
A1850,6457b34ef9a054337509e877
A1372,6457ba4af9a05433750ab732
A0675,6457ba4af9a05433750ab732
A1637,6457ba4af9a05433750ab732
A0286,6457ba4af9a05433750ab732
A0027,6457ba4af9a05433750ab732
A0414,6457b9eaf9a05433750aa9b4
A0094,6457ba4af9a05433750ab732
A1531,6457ba4af9a05433750ab732
A0852,6457ba4af9a05433750ab732
A1997,6457ba4af9a05433750ab732
A2449,6457ba4af9a05433750ab732
A0752,6457bb58f9a05433750ae017
A0846,6457ba4af9a05433750ab732
A1651,6457ba4af9a05433750ab732
A1918,6457ba4af9a05433750ab732
A2525,6457ba4af9a05433750ab732
A2321,6457ba4af9a05433750ab732
A1202,6457b34ef9a054337509e877
A1913,6457ba4af9a05433750ab732
A0006,6457ba4af9a05433750ab732
A1468,6457b3ecf9a054337509fc10
A0758,6457ba4af9a05433750ab732
A0036,6457ba4af9a05433750ab732
A1679,6457ba4af9a05433750ab732
A1464,6457ba4af9a05433750ab732
A4234,6457bb5af9a05433750ae051
A0333,6457b9eaf9a05433750aa9b4
A1956,6457ba4af9a05433750ab732
A3856,6457bb5af9a05433750ae051
A1362,6457b3ecf9a054337509fc10
A1658,6457ba4af9a05433750ab732
A2345,6457b3ecf9a054337509fc10
A0792,6457ba4af9a05433750ab732
A1626,6457bb60f9a05433750ae16f
A1120,6457ba4af9a05433750ab732
A0348,6457b3ecf9a054337509fc10
A1279,6457ba4af9a05433750ab732
A1788,6457b3ecf9a054337509fc10
A2653,6457b3ecf9a054337509fc10
A0261,6457b9eaf9a05433750aa9b4
A0427,6457ba4af9a05433750ab732
A3701,6457bb75f9a05433750ae4ca
A1201,6457ba4af9a05433750ab732
A2522,6457b3ecf9a054337509fc10
A1595,6457ba4af9a05433750ab732
A1021,6457bb75f9a05433750ae4ca
A0970,6457b9eaf9a05433750aa9b4
A1456,6457ba4af9a05433750ab732
A2527,6457ba4af9a05433750ab732
A0325,6457b3ecf9a054337509fc10
A1050,6457bb7af9a05433750ae5ba
A3726,6457bb7af9a05433750ae5ba
A2482,6457ba4af9a05433750ab732
A1998,6457ba4af9a05433750ab732
A4034,6457bb7af9a05433750ae5ba
A3544,6457bb7ff9a05433750ae642
A0452,6457bb7ff9a05433750ae642
A0976,6457b9eaf9a05433750aa9b4
A1258,6457b9eaf9a05433750aa9b4
A3169,6457bb84f9a05433750ae6b6
A3165,6457bb84f9a05433750ae6b6
A1304,6457b3ecf9a054337509fc10
A1514,6457b3ecf9a054337509fc10
A1639,6457b3ecf9a054337509fc10
A0031,6457b34ef9a054337509e877
A2750,6457b3ecf9a054337509fc10
A3091,6457bb91f9a05433750ae83e
A3106,6457bb91f9a05433750ae83e
A2912,6457bb97f9a05433750ae8db
A1185,6457bb97f9a05433750ae8db
A1375,6457b3ecf9a054337509fc10
A0605,6457b3ecf9a054337509fc10
A1576,6457b3ecf9a054337509fc10
A0631,6457b3ecf9a054337509fc10
A4164,6457bb9ff9a05433750ae9b0
A3420,6457bb9ff9a05433750ae9b0
A1177,6457b3ecf9a054337509fc10
A2364,6457bba3f9a05433750aea32
A3130,6457bba3f9a05433750aea34
A2026,6457bba3f9a05433750aea34
A3430,6457bba3f9a05433750aea32
A4207,6457bba3f9a05433750aea32
A4407,6457bbabf9a05433750aeb42
A4453,6457bbabf9a05433750aeb42
A0204,6457b34ef9a054337509e877
A1125,6457b3ecf9a054337509fc10
A0126,6457b9eaf9a05433750aa9b4
A0728,6457bba3f9a05433750aea32
A1287,6457b3ecf9a054337509fc10
A1494,6457bba3f9a05433750aea32
A1208,6457b3ecf9a054337509fc10
A1078,6457b3ecf9a054337509fc10
A3673,6457bbb5f9a05433750aecad
A1725,6457bbb5f9a05433750aecad
A3256,6457bbbcf9a05433750aed6d
A3255,6457bbbcf9a05433750aed6d
A0349,6457b9eaf9a05433750aa9b4
A3387,6457bbc2f9a05433750aee16
A3388,6457bbc2f9a05433750aee16
A2018,6457b3ecf9a054337509fc10
A1515,6457b3ecf9a054337509fc10
A3962,6457bbcaf9a05433750aeeed
A0515,6457bbcaf9a05433750aeeed
A0897,6457b9eaf9a05433750aa9b4
A2455,6457bbd1f9a05433750aefcd
A1472,6457b3ecf9a054337509fc10
A2774,6457bbd3f9a05433750aefee
A2773,6457bbd3f9a05433750aefee
A2647,6457bbd1f9a05433750aefcd
A3614,6457bbd4f9a05433750af01b
A1153,6457bbd4f9a05433750af01b
A0513,6457bbdbf9a05433750af0ba
A3121,6457bbdbf9a05433750af0ba
A1499,6457b3ecf9a054337509fc10
A4358,6457bbe1f9a05433750af156
A4357,6457bbe1f9a05433750af156
A2966,6457bbe2f9a05433750af168
A0462,6457bbe2f9a05433750af168
A4137,6457bbe2f9a05433750af17a
A0135,6457bbe2f9a05433750af17a
A2968,6457bbe2f9a05433750af185
A2772,6457bbe2f9a05433750af168
A1862,6457bbe2f9a05433750af185
A3552,6457bbe6f9a05433750af1ec
A3432,6457bbe6f9a05433750af1ec
A1060,6457b34ef9a054337509e877
A3542,6457bbe6f9a05433750af1ec
A3180,6457bbeef9a05433750af302
A0623,6457b9eaf9a05433750aa9b4
A3071,6457bbf2f9a05433750af3ad
A2048,6457bbf2f9a05433750af3ad
A0360,6457b3ecf9a054337509fc10
A3572,6457bbf2f9a05433750af3ad
A4472,6457bbf2f9a05433750af3ad
A1072,6457bbeef9a05433750af302
A0034,6457b34ef9a054337509e877
A2499,6457bbf2f9a05433750af3ad
A3071,6457bbfcf9a05433750af524
A0413,6457bbfcf9a05433750af524
A1138,6457b9eaf9a05433750aa9b4
A0438,6457bbf2f9a05433750af3ad
A2901,6457bbfcf9a05433750af524
A2896,6457bbfdf9a05433750af55e
A1247,6457bbfdf9a05433750af55e
A3654,6457bbfcf9a05433750af524
A0096,6457bbfcf9a05433750af524
A3026,6457bbfff9a05433750af5a1
A3025,6457bbfff9a05433750af5a1
A3063,6457bc00f9a05433750af5ba
A4066,6457bc00f9a05433750af5ba
A1843,6457bbfcf9a05433750af524
A2782,6457bc02f9a05433750af603
A2800,6457bbfcf9a05433750af524
A3334,6457bc02f9a05433750af603
A4085,6457bbfcf9a05433750af524
A2754,6457b3ecf9a054337509fc10
A4181,6457bc0cf9a05433750af6fe
A2806,6457bc0cf9a05433750af6fe
A3156,6457bc0cf9a05433750af704
A0612,6457bc0cf9a05433750af704
A4485,6457bc0df9a05433750af724
A3383,6457bc0df9a05433750af724
A3384,6457bc0df9a05433750af724
A1696,6457b9eaf9a05433750aa9b4
A1516,6457b3ecf9a054337509fc10
A1975,6457b3ecf9a054337509fc10
A4485,6457bc13f9a05433750af7b8
A4476,6457bc13f9a05433750af7b8
A0347,6457b34ef9a054337509e877
A2841,6457bc16f9a05433750af817
A4485,6457bc16f9a05433750af817
A1873,6457bc16f9a05433750af817
A4485,6457bc17f9a05433750af83b
A2113,6457bc17f9a05433750af83b
A4304,6457bc17f9a05433750af83b
A1657,6457bc18f9a05433750af85d
A4295,6457bc18f9a05433750af85d
A4485,6457bc18f9a05433750af85d
A0138,6457bc16f9a05433750af817
A1875,6457bc16f9a05433750af817
A0796,6457b9eaf9a05433750aa9b4
A1184,6457bc18f9a05433750af85d
A4252,6457bc2df9a05433750afb65
A4485,6457bc2df9a05433750afb65
A1192,6457bc2df9a05433750afb65
A2412,6457b9eaf9a05433750aa9b4
A0787,6457b9eaf9a05433750aa9b4
A0691,6457b3ecf9a054337509fc10
A2154,6457b3ecf9a054337509fc10
A2552,6457bc46f9a05433750aff4f
A2805,6457bc46f9a05433750aff4f
A4485,6457bc46f9a05433750aff4f
A2502,6457bc4af9a05433750affc4
A4025,6457bc4af9a05433750affc4
A4485,6457bc4af9a05433750affc4
A2348,6457b3ecf9a054337509fc10
A1076,6457bc4df9a05433750b0034
A3754,6457bc4df9a05433750b0034
A2080,6457bc4af9a05433750affc4
A4485,6457bc4df9a05433750b0034
A1564,6457b3ecf9a054337509fc10
A0445,6457b34ef9a054337509e877
A2380,6457bc5bf9a05433750b029c
A3791,6457bc5bf9a05433750b029c
A4485,6457bc5bf9a05433750b029c
A1350,6457b34ef9a054337509e877
A1314,6457b9eaf9a05433750aa9b4
A4485,6457bc65f9a05433750b0419
A0188,6457bc65f9a05433750b041c
A1176,6457bc65f9a05433750b0419
A3598,6457bc65f9a05433750b041c
A2847,6457bc65f9a05433750b0419
A2255,6457b9eaf9a05433750aa9b4
A4485,6457bc65f9a05433750b041c
A1029,6457b34ef9a054337509e877
A0167,6457b34ef9a054337509e877
A0232,6457b3ecf9a054337509fc10
A1536,6457b9eaf9a05433750aa9b4
A3495,6457bc76f9a05433750b06d0
A4485,6457bc76f9a05433750b06d0
A0883,6457bc76f9a05433750b06d0
A3856,6457bc4df9a05433750b0034
A4485,6457bc79f9a05433750b075d
A0596,6457bc79f9a05433750b075d
A3448,6457bc79f9a05433750b075d
A1645,6457b3ecf9a054337509fc10
A3266,6457bc7df9a05433750b07fe
A4485,6457bc7df9a05433750b07fe
A1779,6457bc7df9a05433750b07fe
A0531,6457b9eaf9a05433750aa9b4
A2385,6457bc76f9a05433750b06d0
A4485,6457bc83f9a05433750b08c9
A2218,6457bc83f9a05433750b08c9
A3212,6457bc83f9a05433750b08c9
A1222,6457b9eaf9a05433750aa9b4
A4485,6457bc85f9a05433750b0924
A1341,6457bc85f9a05433750b0924
A3148,6457bc85f9a05433750b0924
A1884,6457b3ecf9a054337509fc10
A2727,6457bc7df9a05433750b07fe
A4485,6457bc90f9a05433750b0ae0
A2349,6457bc90f9a05433750b0ae0
A3072,6457bc90f9a05433750b0ae0
A0805,6457b3ecf9a054337509fc10
A1563,6457b9eaf9a05433750aa9b4
A4485,6457bc95f9a05433750b0bad
A1523,6457bc95f9a05433750b0bad
A3053,6457bc95f9a05433750b0bad
A4485,6457bc9af9a05433750b0c6f
A2476,6457bc9af9a05433750b0c6f
A3014,6457bc9af9a05433750b0c6f
A4485,6457bca0f9a05433750b0d2e
A2695,6457bca0f9a05433750b0d2e
A2610,6457b3ecf9a054337509fc10
A3003,6457bca0f9a05433750b0d2e
A4485,6457bcb4f9a05433750b0fdf
A2299,6457bcb4f9a05433750b0fdf
A3048,6457bcb4f9a05433750b0fdf
A1144,6457b3ecf9a054337509fc10
A0800,6457b34ef9a054337509e877
A4485,6457bcc7f9a05433750b12b6
A2517,6457bcc7f9a05433750b12b6
A2990,6457bcc7f9a05433750b12b6
A4223,6457bcd1f9a05433750b1400
A4485,6457bcd1f9a05433750b1400
A1454,6457bcd1f9a05433750b1400
A4485,6457bcd2f9a05433750b1416
A2891,6457bcd2f9a05433750b1416
A2814,6457bcd7f9a05433750b14c5
A4485,6457bcd7f9a05433750b14c5
A2134,6457bcddf9a05433750b159b
A4434,6457bcddf9a05433750b159b
A0329,6457b3ecf9a054337509fc10
A4485,6457bcddf9a05433750b159b
A0778,6457b3ecf9a054337509fc10
A2763,6457bcd7f9a05433750b14c5
A0895,6457b3ecf9a054337509fc10
A2258,6457b3ecf9a054337509fc10
A1957,6457b3ecf9a054337509fc10
A4485,6457bcfaf9a05433750b1a0f
A0513,6457bcfaf9a05433750b1a0f
A2761,6457b9eaf9a05433750aa9b4
A3340,6457bcfaf9a05433750b1a0f
A1220,6457b9eaf9a05433750aa9b4
A1556,6457b3ecf9a054337509fc10
A0488,6457b3ecf9a054337509fc10
A0375,6457bd06f9a05433750b1bb2
A4310,6457bd06f9a05433750b1bb2
A4485,6457bd06f9a05433750b1bb2
A4485,6457bd09f9a05433750b1c11
A2700,6457bd09f9a05433750b1c11
A4150,6457bd09f9a05433750b1c11
A1603,6457bd0bf9a05433750b1c69
A3766,6457bd0bf9a05433750b1c69
A4485,6457bd0bf9a05433750b1c69
A1722,6457b9eaf9a05433750aa9b4
A1880,6457b3ecf9a054337509fc10
A2025,6457bd06f9a05433750b1bb2
A4485,6457bd15f9a05433750b1de0
A2691,6457bd15f9a05433750b1de0
A2509,6457bd15f9a05433750b1de0
A4006,6457bd15f9a05433750b1de0
A4001,6457bd15f9a05433750b1de0
A2563,6457b3ecf9a054337509fc10
A4007,6457bd15f9a05433750b1de0
A1539,6457b34ef9a054337509e877
A4485,6457bd21f9a05433750b2006
A1849,6457bd21f9a05433750b2006
A2870,6457bd21f9a05433750b2006
A4001,6457bd26f9a05433750b20bc
A4005,6457bd26f9a05433750b20bc
A4485,6457bd26f9a05433750b20bc
A1915,6457bd21f9a05433750b2006
A3327,6457bd2cf9a05433750b21c9
A4485,6457bd2cf9a05433750b21c9
A2095,6457bd2cf9a05433750b21c9
A4106,6457bd26f9a05433750b20bc
A1336,6457bd26f9a05433750b20bc
A4485,6457bd34f9a05433750b2305
A1113,6457bd34f9a05433750b2305
A1447,6457b3ecf9a054337509fc10
A3725,6457bd34f9a05433750b2305
A2078,6457b9eaf9a05433750aa9b4
A4485,6457bd3cf9a05433750b2456
A1534,6457bd2cf9a05433750b21c9
A0936,6457bd3cf9a05433750b2456
A3582,6457bd3cf9a05433750b2456
A2223,6457bd3cf9a05433750b2456
A3595,6457bd45f9a05433750b259e
A4485,6457bd45f9a05433750b259e
A2027,6457bd45f9a05433750b259e
A1264,6457b3ecf9a054337509fc10
A0378,6457bd46f9a05433750b25cb
A3227,6457bd46f9a05433750b25cb
A4485,6457bd46f9a05433750b25cb
A0370,6457b3ecf9a054337509fc10
A4485,6457bd48f9a05433750b25f2
A0389,6457bd48f9a05433750b25f2
A3228,6457bd48f9a05433750b25f2
A4485,6457bd49f9a05433750b2631
A2691,6457bd49f9a05433750b2631
A3081,6457bd49f9a05433750b2631
A0033,6457b34ef9a054337509e877
A0324,6457b34ef9a054337509e877
A1825,6457b34ef9a054337509e877
A3856,6457bd48f9a05433750b25f2
A4485,6457bd5af9a05433750b28fd
A0377,6457bd5af9a05433750b28fd
A3274,6457bd5af9a05433750b28fd
A0813,6457b3ecf9a054337509fc10
A4485,6457bd62f9a05433750b2a2e
A0837,6457b3ecf9a054337509fc10
A0011,6457bd62f9a05433750b2a2e
A3281,6457bd62f9a05433750b2a2e
A2325,6457b9eaf9a05433750aa9b4
A0226,6457b34ef9a054337509e877
A4485,6457bd6af9a05433750b2baa
A1739,6457bd6af9a05433750b2baa
A3045,6457bd6af9a05433750b2baa
A2966,6457bd46f9a05433750b25cb
A2324,6457b9eaf9a05433750aa9b4
A3530,6457bd76f9a05433750b2d7d
A4485,6457bd76f9a05433750b2d7d
A0642,6457bd76f9a05433750b2d7d
A1761,6457b9eaf9a05433750aa9b4
A0784,6457b9eaf9a05433750aa9b4
A1773,6457b3ecf9a054337509fc10
A4485,6457bd79f9a05433750b2df9
A1538,6457bd79f9a05433750b2df9
A3133,6457bd79f9a05433750b2df9
A3280,6457bd7cf9a05433750b2e61
A4485,6457bd7cf9a05433750b2e61
A0010,6457bd7cf9a05433750b2e61
A4485,6457bd7ef9a05433750b2eb7
A0229,6457bd7ef9a05433750b2eb7
A2915,6457bd7ef9a05433750b2eb7
A1680,6457b9eaf9a05433750aa9b4
A1474,6457b3ecf9a054337509fc10
A1025,6457b3ecf9a054337509fc10
A2350,6457bd8df9a05433750b3118
A3748,6457bd8df9a05433750b3118
A4485,6457bd8df9a05433750b3118
A4479,6457bd90f9a05433750b3176
A4485,6457bd90f9a05433750b3176
A1784,6457bd90f9a05433750b3176
A0028,6457b3ecf9a054337509fc10
A1145,6457b3ecf9a054337509fc10
A1623,6457b3ecf9a054337509fc10
A0032,6457b34ef9a054337509e877
A1203,6457b3ecf9a054337509fc10
A2128,6457b3ecf9a054337509fc10
A4485,6457bda6f9a05433750b350a
A3528,6457bda6f9a05433750b350a
A4366,6457bda6f9a05433750b350a
A1096,6457b9eaf9a05433750aa9b4
A0615,6457b3ecf9a054337509fc10
A4485,6457bdb0f9a05433750b36d7
A1195,6457bdb0f9a05433750b36d7
A4342,6457bdb0f9a05433750b36d7
A1094,6457b3ecf9a054337509fc10
A2609,6457b3ecf9a054337509fc10
A4115,6457bdb5f9a05433750b37a9
A4332,6457bdb5f9a05433750b37a9
A4485,6457bdb5f9a05433750b37a9
A1970,6457bdb5f9a05433750b37a9
A0421,6457b9eaf9a05433750aa9b4
A2280,6457b9eaf9a05433750aa9b4
A4485,6457bdbcf9a05433750b3883
A4215,6457bdbcf9a05433750b3883
A4216,6457bdbcf9a05433750b3883
A4181,6457bdbdf9a05433750b38b2
A4485,6457bdbdf9a05433750b38b2
A2214,6457b9eaf9a05433750aa9b4
A2806,6457bdbdf9a05433750b38b2
A0180,6457b3ecf9a054337509fc10
A1330,6457b9eaf9a05433750aa9b4
A4485,6457bdc2f9a05433750b398f
A3168,6457bdc2f9a05433750b398f
A1767,6457b3ecf9a054337509fc10
A0816,6457b9eaf9a05433750aa9b4
A0637,6457bdc2f9a05433750b398f
A1920,6457bdbdf9a05433750b38b2
A0422,6457b3ecf9a054337509fc10
A0526,6457bdc2f9a05433750b398f
A4485,6457bdcaf9a05433750b3abd
A4234,6457bdcaf9a05433750b3abd
A2966,6457bdb5f9a05433750b37a9
A4485,6457bdd1f9a05433750b3b9b
A0213,6457bdd1f9a05433750b3b9b
A3919,6457bdd1f9a05433750b3b9b
A2825,6457bdd4f9a05433750b3bf3
A4485,6457bdd4f9a05433750b3bf9
A3559,6457bdd4f9a05433750b3bf3
A0391,6457bdd4f9a05433750b3bf9
A4485,6457bdd4f9a05433750b3bf3
A3835,6457bdd4f9a05433750b3bf9
A2439,6457b9eaf9a05433750aa9b4
A0447,6457b3ecf9a054337509fc10
A3856,6457bdb5f9a05433750b37a9
A0586,6457b3ecf9a054337509fc10
A1086,6457b9eaf9a05433750aa9b4
A2865,6457bde3f9a05433750b3e73
A3773,6457bde3f9a05433750b3e73
A4485,6457bde3f9a05433750b3e73
A1920,6457bde5f9a05433750b3ea8
A3768,6457bde5f9a05433750b3ea8
A4485,6457bde5f9a05433750b3ea8
A0866,6457b3ecf9a054337509fc10
A1057,6457bdedf9a05433750b3fea
A3742,6457bdedf9a05433750b3fea
A4485,6457bdedf9a05433750b3fea
A0164,6457bde3f9a05433750b3e73
A0181,6457bde5f9a05433750b3ea8
A0476,6457b3ecf9a054337509fc10
A1519,6457b34ef9a054337509e877
A0779,6457b34ef9a054337509e877
A0871,6457b9eaf9a05433750aa9b4
A4485,6457be07f9a05433750b4433
A2112,6457be07f9a05433750b4433
A3740,6457be07f9a05433750b4433
A3856,6457be07f9a05433750b4433
A2318,6457be07f9a05433750b4433
A4485,6457be13f9a05433750b45e0
A3656,6457be13f9a05433750b45e0
A3657,6457be13f9a05433750b45e0
A0108,6457be15f9a05433750b4631
A4485,6457be15f9a05433750b4638
A3575,6457be15f9a05433750b4631
A0817,6457b9eaf9a05433750aa9b4
A4233,6457be15f9a05433750b4638
A4485,6457be15f9a05433750b4631
A3557,6457be15f9a05433750b4638
A2351,6457b9eaf9a05433750aa9b4
A3856,6457be15f9a05433750b4638
A1691,6457b9eaf9a05433750aa9b4
A3414,6457be1bf9a05433750b4739
A4270,6457be1bf9a05433750b4739
A4485,6457be1bf9a05433750b4739
A3374,6457be21f9a05433750b47de
A4485,6457be21f9a05433750b47de
A2368,6457be21f9a05433750b47de
A2315,6457b3ecf9a054337509fc10
A2331,6457b34ef9a054337509e877
A0841,6457b34ef9a054337509e877
A4485,6457be2cf9a05433750b496a
A0693,6457be1bf9a05433750b4739
A2101,6457be2cf9a05433750b496a
A3370,6457be2cf9a05433750b496a
A3413,6457be1bf9a05433750b4739
A2164,6457b3ecf9a054337509fc10
A1777,6457b3ecf9a054337509fc10
A1540,6457b9eaf9a05433750aa9b4
A0550,6457b3ecf9a054337509fc10
A1769,6457b3ecf9a054337509fc10
A1629,6457b3ecf9a054337509fc10
A0900,6457b34ef9a054337509e877
A4485,6457be3ff9a05433750b4c47
A3529,6457be3ff9a05433750b4c47
A3067,6457be3ff9a05433750b4c47
A4462,6457be40f9a05433750b4c7f
A4485,6457be40f9a05433750b4c7f
A1205,6457b3ecf9a054337509fc10
A1537,6457b3ecf9a054337509fc10
A0625,6457b9eaf9a05433750aa9b4
A2215,6457b3ecf9a054337509fc10
A1063,6457b9eaf9a05433750aa9b4
A3856,6457be3ff9a05433750b4c47
A0687,6457b9eaf9a05433750aa9b4
A0801,6457be51f9a05433750b4f12
A4373,6457be51f9a05433750b4f12
A4485,6457be51f9a05433750b4f12
A4485,6457be53f9a05433750b4f63
A1891,6457be53f9a05433750b4f63
A4361,6457be53f9a05433750b4f63
A0570,6457be5cf9a05433750b50b3
A2810,6457be5cf9a05433750b50b3
A4485,6457be5cf9a05433750b50b3
A0725,6457b34ef9a054337509e877
A0606,6457b3ecf9a054337509fc10
A4485,6457be64f9a05433750b51e6
A2562,6457be64f9a05433750b51e6
A4288,6457be64f9a05433750b51e6
A4485,6457be72f9a05433750b5431
A0087,6457be72f9a05433750b5437
A2322,6457be72f9a05433750b5431
A4251,6457be72f9a05433750b5437
A4273,6457be72f9a05433750b5431
A4485,6457be72f9a05433750b5437
A1216,6457b9eaf9a05433750aa9b4
A0287,6457b3ecf9a054337509fc10
A1876,6457b9eaf9a05433750aa9b4
A4206,6457be82f9a05433750b56d4
A4485,6457be82f9a05433750b56d4
A1550,6457be82f9a05433750b56d4
A1541,6457b34ef9a054337509e877
A0151,6457be85f9a05433750b574f
A4195,6457be85f9a05433750b574f
A4485,6457be85f9a05433750b574f
A0799,6457b3ecf9a054337509fc10
A4485,6457be8af9a05433750b57f5
A0376,6457be8af9a05433750b57f5
A4074,6457be8af9a05433750b57f5
A1544,6457b3ecf9a054337509fc10
A0118,6457be82f9a05433750b56d4
A4062,6457be96f9a05433750b59fc
A4485,6457be96f9a05433750b59fc
A2269,6457be96f9a05433750b59fc
A3856,6457be8af9a05433750b57f5
A1302,6457b3ecf9a054337509fc10
A4485,6457be9ff9a05433750b5b7b
A1189,6457be9ff9a05433750b5b7b
A3877,6457be9ff9a05433750b5b7b
A4485,6457bea0f9a05433750b5b95
A2075,6457bea0f9a05433750b5b95
A3820,6457bea0f9a05433750b5b95
A1269,6457b34ef9a054337509e877
A0643,6457b34ef9a054337509e877
A1343,6457b3ecf9a054337509fc10
A4485,6457bea8f9a05433750b5cce
A2426,6457bea8f9a05433750b5cce
A3753,6457bea8f9a05433750b5cce
A1851,6457be82f9a05433750b56d4
A0581,6457b9eaf9a05433750aa9b4
A2311,6457b3ecf9a054337509fc10
A1808,6457b3ecf9a054337509fc10
A4485,6457beaff9a05433750b5e1d
A2376,6457beaff9a05433750b5e1d
A4312,6457beaff9a05433750b5e1d
A1589,6457b3ecf9a054337509fc10
A3803,6457beb4f9a05433750b5ea5
A4485,6457beb4f9a05433750b5ea5
A4221,6457beb4f9a05433750b5ea5
A1664,6457b3ecf9a054337509fc10
A3739,6457beb8f9a05433750b5f3e
A4485,6457beb8f9a05433750b5f3e
A2432,6457beb8f9a05433750b5f3e
A1904,6457b3ecf9a054337509fc10
A2328,6457beaff9a05433750b5e1d
A0952,6457bebcf9a05433750b6006
A3588,6457bebcf9a05433750b6006
A4485,6457bebcf9a05433750b6006
A1981,6457b34ef9a054337509e877
A4485,6457bec2f9a05433750b60e6
A1024,6457bec2f9a05433750b60e6
A3560,6457bec2f9a05433750b60e6
A0244,6457b3ecf9a054337509fc10
A3856,6457beb8f9a05433750b5f3e
A2723,6457b3ecf9a054337509fc10
A0860,6457b9eaf9a05433750aa9b4
A2541,6457b34ef9a054337509e877
A1039,6457b9eaf9a05433750aa9b4
A2749,6457b34ef9a054337509e877
A3518,6457bed2f9a05433750b6365
A4485,6457bed2f9a05433750b6365
A0749,6457bed2f9a05433750b6365
A4485,6457bed2f9a05433750b637e
A0699,6457bed2f9a05433750b637e
A3540,6457bed2f9a05433750b637e
A2188,6457bed2f9a05433750b6365
A1381,6457b3ecf9a054337509fc10
A0695,6457b9eaf9a05433750aa9b4
A0006,6457b9eaf9a05433750aa9b4
A1482,6457b9eaf9a05433750aa9b4
A0441,6457b3ecf9a054337509fc10
A1448,6457b9eaf9a05433750aa9b4
A4485,6457bef0f9a05433750b686f
A3511,6457bef0f9a05433750b686f
A1667,6457bef0f9a05433750b686f
A1919,6457b3ecf9a054337509fc10
A3722,6457bef5f9a05433750b6919
A0194,6457b9eaf9a05433750aa9b4
A4485,6457bef5f9a05433750b6919
A0849,6457b9eaf9a05433750aa9b4
A1182,6457b9eaf9a05433750aa9b4
A1396,6457b34ef9a054337509e877
A0480,6457befbf9a05433750b6a02
A3404,6457befbf9a05433750b6a02
A4485,6457befbf9a05433750b6a02
A0563,6457b3ecf9a054337509fc10
A0882,6457bef5f9a05433750b6919
A0269,6457b9eaf9a05433750aa9b4
A4485,6457bf11f9a05433750b6d3c
A2390,6457bf11f9a05433750b6d3c
A3200,6457bf11f9a05433750b6d3c
A1273,6457b3ecf9a054337509fc10
A0859,6457b34ef9a054337509e877
A0246,6457b34ef9a054337509e877
A1738,6457bf1ef9a05433750b6f18
A3109,6457bf1ef9a05433750b6f18
A4485,6457bf1ef9a05433750b6f18
A3325,6457bf1ff9a05433750b6f3d
A4485,6457bf1ff9a05433750b6f3d
A4485,6457bf21f9a05433750b6f70
A1866,6457bf21f9a05433750b6f70
A2792,6457bf21f9a05433750b6f76
A2954,6457bf21f9a05433750b6f70
A2812,6457bf21f9a05433750b6f76
A4485,6457bf21f9a05433750b6f76
A1257,6457b9eaf9a05433750aa9b4
A2627,6457b3ecf9a054337509fc10
A0999,6457b3ecf9a054337509fc10
A2550,6457b3ecf9a054337509fc10
A0104,6457bf21f9a05433750b6f76
A0717,6457b3ecf9a054337509fc10
A3856,6457bf21f9a05433750b6f76
A2872,6457bf3cf9a05433750b73df
A2637,6457b34ef9a054337509e877
A4485,6457bf3cf9a05433750b73df
A2858,6457bf3cf9a05433750b73df
A0468,6457b9eaf9a05433750aa9b4
A1374,6457b9eaf9a05433750aa9b4
A2231,6457b3ecf9a054337509fc10
A4328,6457bf43f9a05433750b750f
A4485,6457bf43f9a05433750b750f
A2342,6457bf43f9a05433750b750f
A4323,6457bf45f9a05433750b7553
A4485,6457bf45f9a05433750b7553
A0022,6457bf45f9a05433750b7553
A2724,6457b9eaf9a05433750aa9b4
A1707,6457b34ef9a054337509e877
A2332,6457b9eaf9a05433750aa9b4
A4485,6457bf4bf9a05433750b7624
A2118,6457bf4bf9a05433750b7624
A3894,6457bf4bf9a05433750b7624
A1007,6457b9eaf9a05433750aa9b4
A3856,6457bf3cf9a05433750b73df
A4485,6457bf58f9a05433750b781d
A1653,6457bf58f9a05433750b781d
A2808,6457bf58f9a05433750b781d
A0312,6457bf59f9a05433750b7831
A3949,6457bf59f9a05433750b7831
A4485,6457bf59f9a05433750b7831
A1706,6457b34ef9a054337509e877
A0558,6457bf5df9a05433750b78b8
A3355,6457bf5df9a05433750b78b8
A1852,6457bf58f9a05433750b781d
A2828,6457bf5df9a05433750b78b8
A4485,6457bf5df9a05433750b78b8
A0044,6457b34ef9a054337509e877
A2659,6457bf62f9a05433750b7968
A4124,6457bf62f9a05433750b7968
A4485,6457bf62f9a05433750b7968
A0354,6457b34ef9a054337509e877
A2028,6457bf74f9a05433750b7c08
A3229,6457bf74f9a05433750b7c08
A4485,6457bf74f9a05433750b7c08
A4485,6457bf78f9a05433750b7c78
A0388,6457bf74f9a05433750b7c08
A2909,6457bf78f9a05433750b7c78
A1297,6457bf78f9a05433750b7c78
A1632,6457b9eaf9a05433750aa9b4
A1890,6457bf84f9a05433750b7e8b
A2821,6457bf84f9a05433750b7e8b
A4485,6457bf84f9a05433750b7e8b
A3856,6457bf78f9a05433750b7c78
A3856,6457bf74f9a05433750b7c08
A4485,6457bf8ef9a05433750b7fd2
A2490,6457bf8ef9a05433750b7fd2
A4042,6457bf8ef9a05433750b7fd2
A3856,6457bf84f9a05433750b7e8b
A1574,6457b34ef9a054337509e877
A3808,6457bf98f9a05433750b8145
A4485,6457bf98f9a05433750b8145
A0931,6457bf98f9a05433750b8145
A4485,6457bf99f9a05433750b8181
A1037,6457bf99f9a05433750b8181
A3526,6457bf99f9a05433750b8181
A1622,6457b9eaf9a05433750aa9b4
A4485,6457bfa6f9a05433750b8387
A2413,6457bfa6f9a05433750b8387
A3471,6457bfa6f9a05433750b8387
A0017,6457bfa6f9a05433750b8387
A1950,6457bf84f9a05433750b7e8b
A0818,6457b9eaf9a05433750aa9b4
A2102,6457bfaef9a05433750b84c4
A3343,6457bfaef9a05433750b84c4
A4485,6457bfaef9a05433750b84c4
A2012,6457b9eaf9a05433750aa9b4
A0611,6457b9eaf9a05433750aa9b4
A0008,6457bf78f9a05433750b7c78
A4485,6457bfb8f9a05433750b8636
A2392,6457bfb8f9a05433750b8636
A3720,6457bfb8f9a05433750b8636
A1066,6457b3ecf9a054337509fc10
A4485,6457bfc2f9a05433750b87eb
A2090,6457bfc2f9a05433750b87eb
A3342,6457bfc2f9a05433750b87eb
A3856,6457bfc2f9a05433750b87eb
A2450,6457b34ef9a054337509e877
A0795,6457b34ef9a054337509e877
A1124,6457b9eaf9a05433750aa9b4
A4485,6457bfcff9a05433750b8a18
A0612,6457bfcff9a05433750b8a18
A3156,6457bfcff9a05433750b8a18
A1711,6457b9eaf9a05433750aa9b4
A2313,6457b3ecf9a054337509fc10
A2329,6457b34ef9a054337509e877
A4485,6457bfe1f9a05433750b8d03
A1883,6457bfe1f9a05433750b8d03
A2908,6457bfe1f9a05433750b8d03
A0042,6457b34ef9a054337509e877
A2424,6457bfeaf9a05433750b8e67
A3023,6457bfeaf9a05433750b8e67
A4485,6457bfeaf9a05433750b8e67
A1091,6457b3ecf9a054337509fc10
A3384,6457bfeef9a05433750b8efa
A3383,6457bfeef9a05433750b8efa
A3856,6457bfe1f9a05433750b8d03
A4485,6457bfeff9a05433750b8f2e
A0514,6457bfeff9a05433750b8f2e
A2950,6457bfeff9a05433750b8f2e
A2966,6457bfe1f9a05433750b8d03
A0029,6457b3ecf9a054337509fc10
A4485,6457bffbf9a05433750b9103
A0073,6457bffbf9a05433750b9103
A3856,6457bffbf9a05433750b9103
A2909,6457bffbf9a05433750b9103
A3023,6457c006f9a05433750b92c2
A2424,6457c006f9a05433750b92c2
A4124,6457c008f9a05433750b9319
A2659,6457c008f9a05433750b9319
A4361,6457c009f9a05433750b9348
A1891,6457c009f9a05433750b9348
A3820,6457c00af9a05433750b935f
A2075,6457c00af9a05433750b935f
A4404,6457c00bf9a05433750b9387
A1989,6457c00bf9a05433750b9387
A4106,6457c00df9a05433750b93dc
A2506,6457c00df9a05433750b93dc
A0332,6457b3ecf9a054337509fc10
A3725,6457c00df9a05433750b93ea
A2805,6457c00ef9a05433750b93f0
A1113,6457c00df9a05433750b93ea
A2552,6457c00ef9a05433750b93f0
A0822,6457b34ef9a054337509e877
A4485,6457c014f9a05433750b94b1
A1974,6457c014f9a05433750b94b1
A2770,6457c014f9a05433750b94b1
A0177,6457c015f9a05433750b94bf
A2859,6457c015f9a05433750b94bf
A4485,6457c015f9a05433750b94bf
A0399,6457c019f9a05433750b956d
A0199,6457b9eaf9a05433750aa9b4
A3236,6457c019f9a05433750b956d
A4485,6457c019f9a05433750b956d
A2304,6457c01af9a05433750b958f
A3046,6457c01af9a05433750b958f
A4485,6457c01af9a05433750b958f
A1570,6457b34ef9a054337509e877
A0820,6457b34ef9a054337509e877
A0425,6457b3ecf9a054337509fc10
A1206,6457b3ecf9a054337509fc10
A3856,6457c019f9a05433750b956d
A0075,6457b3ecf9a054337509fc10
A0517,6457b3ecf9a054337509fc10
A1542,6457b3ecf9a054337509fc10
A0815,6457b3ecf9a054337509fc10
A4485,6457c035f9a05433750b99e0
A0183,6457c035f9a05433750b99e0
A3064,6457c035f9a05433750b99e0
A4485,6457c03cf9a05433750b9ae4
A2684,6457c03cf9a05433750b9ae4
A3098,6457c03cf9a05433750b9ae4
A0142,6457b34ef9a054337509e877
A2469,6457b3ecf9a054337509fc10
A4485,6457c043f9a05433750b9bea
A1337,6457c043f9a05433750b9bea
A4002,6457c043f9a05433750b9bea
A4485,6457c045f9a05433750b9c3e
A1129,6457c045f9a05433750b9c3e
A2815,6457c045f9a05433750b9c3e
A1393,6457b3ecf9a054337509fc10
A0311,6457b9eaf9a05433750aa9b4
A0439,6457b3ecf9a054337509fc10
A2944,6457c043f9a05433750b9bea
A1368,6457b3ecf9a054337509fc10
A1130,6457c045f9a05433750b9c3e
A4485,6457c054f9a05433750b9e98
A1107,6457c054f9a05433750b9e98
A2775,6457c054f9a05433750b9e98
A2129,6457b3ecf9a054337509fc10
A0641,6457b34ef9a054337509e877
A1581,6457b3ecf9a054337509fc10
A2512,6457b9eaf9a05433750aa9b4
A3856,6457c054f9a05433750b9e98
A2628,6457c03cf9a05433750b9ae4
A0451,6457b34ef9a054337509e877
A2767,6457c06ef9a05433750ba2a1
A4485,6457c06ef9a05433750ba2a1
A2122,6457c06ef9a05433750ba2a1
A4323,6457c071f9a05433750ba318
A0022,6457c071f9a05433750ba318
A1451,6457b3ecf9a054337509fc10
A3820,6457c075f9a05433750ba3f6
A2075,6457c075f9a05433750ba3f6
A0201,6457c06ef9a05433750ba2a1
A4361,6457c078f9a05433750ba48a
A1891,6457c078f9a05433750ba48a
A0747,6457b3ecf9a054337509fc10
A1188,6457b3ecf9a054337509fc10
A3766,6457c07af9a05433750ba4d8
A1603,6457c07af9a05433750ba4d8
A4024,6457c07bf9a05433750ba50a
A2547,6457c07bf9a05433750ba50a
A3982,6457c07af9a05433750ba4d8
A3965,6457c07ef9a05433750ba571
A2184,6457c07ef9a05433750ba571
A4332,6457c081f9a05433750ba5b4
A1970,6457c081f9a05433750ba5b4
A3559,6457c084f9a05433750ba629
A2915,6457c084f9a05433750ba62b
A2825,6457c084f9a05433750ba629
A0229,6457c084f9a05433750ba62b
A3640,6457c086f9a05433750ba67c
A3441,6457c086f9a05433750ba67c
A3346,6457c087f9a05433750ba6a8
A2318,6457c087f9a05433750ba6a8
A4288,6457c088f9a05433750ba6ba
A2562,6457c088f9a05433750ba6ba
A3791,6457c089f9a05433750ba6f2
A2380,6457c089f9a05433750ba6f2
A2841,6457c08af9a05433750ba72f
A1953,6457c08af9a05433750ba72f
A0138,6457c08af9a05433750ba72f
A3768,6457c08cf9a05433750ba768
A2888,6457c08cf9a05433750ba768
A2954,6457c08cf9a05433750ba778
A0211,6457c08cf9a05433750ba778
A3236,6457c08ef9a05433750ba7b7
A2032,6457c08ef9a05433750ba7b7
A4002,6457c08ff9a05433750ba7e5
A3014,6457c08ff9a05433750ba7eb
A1337,6457c08ff9a05433750ba7e5
A2476,6457c08ff9a05433750ba7eb
A3471,6457c091f9a05433750ba841
A2413,6457c091f9a05433750ba841
A3808,6457c092f9a05433750ba868
A0931,6457c092f9a05433750ba868
A2770,6457c093f9a05433750ba870
A1974,6457c093f9a05433750ba870
A0662,6457b9eaf9a05433750aa9b4
A2928,6457c096f9a05433750ba8db
A1979,6457c096f9a05433750ba8db
A2909,6457c097f9a05433750ba8fa
A0008,6457c097f9a05433750ba8fa
A2815,6457c097f9a05433750ba913
A1129,6457c097f9a05433750ba913
A1377,6457b3ecf9a054337509fc10
A0512,6457b9eaf9a05433750aa9b4
A3773,6457c09bf9a05433750ba997
A0164,6457c09bf9a05433750ba997
A3098,6457c09bf9a05433750ba9a1
A2684,6457c09bf9a05433750ba9a1
A2717,6457b34ef9a054337509e877
A3341,6457c09bf9a05433750ba9ad
A2102,6457c09bf9a05433750ba9ad
A3148,6457c09ef9a05433750ba9fb
A1341,6457c09ef9a05433750ba9fb
A2677,6457c09ef9a05433750baa07
A3142,6457c09ef9a05433750baa07
A4334,6457c09ff9a05433750baa20
A1669,6457c09ef9a05433750baa07
A4270,6457c09ff9a05433750baa20
A3266,6457c0a1f9a05433750baa66
A1779,6457c0a1f9a05433750baa66
A4273,6457c0a2f9a05433750baa80
A2322,6457c0a2f9a05433750baa80
A3560,6457c0a2f9a05433750baa8c
A0720,6457c09ef9a05433750baa07
A1024,6457c0a2f9a05433750baa8c
A3720,6457c0a4f9a05433750baad8
A3217,6457c0a4f9a05433750baad8
A3495,6457c0a5f9a05433750baaf9
A0883,6457c0a5f9a05433750baaf9
A3045,6457c0a6f9a05433750bab17
A1739,6457c0a6f9a05433750bab17
A4366,6457c0a8f9a05433750bab36
A3536,6457c0a8f9a05433750bab36
A3053,6457c0a9f9a05433750bab5c
A1523,6457c0a9f9a05433750bab5c
A4304,6457c0a9f9a05433750bab69
A2113,6457c0a9f9a05433750bab69
A3557,6457c0a9f9a05433750bab79
A4233,6457c0a9f9a05433750bab79
A4312,6457c0abf9a05433750babb2
A2376,6457c0abf9a05433750babb2
A3471,6457c0abf9a05433750babca
A2413,6457c0abf9a05433750babca
A3229,6457c0acf9a05433750babd7
A0388,6457c0acf9a05433750babd7
A2954,6457c0acf9a05433750babf5
A4354,6457c0acf9a05433750babf5
A0030,6457b34ef9a054337509e877
A0076,6457b34ef9a054337509e877
A3773,6457c0aef9a05433750bac33
A2865,6457c0aef9a05433750bac33
A2990,6457c0aef9a05433750bac3c
A2517,6457c0aef9a05433750bac3c
A3844,6457c0aef9a05433750bac49
A1184,6457c0aef9a05433750bac49
A3067,6457c0b0f9a05433750bac8a
A3529,6457c0b0f9a05433750bac8a
A3227,6457c0b2f9a05433750bace7
A0378,6457c0b2f9a05433750bace7
A3072,6457c0b6f9a05433750bad69
A2349,6457c0b6f9a05433750bad69
A3200,6457c0b7f9a05433750bad78
A3448,6457c0b7f9a05433750bad80
A2390,6457c0b7f9a05433750bad78
A0596,6457c0b7f9a05433750bad80
A3280,6457c0baf9a05433750badd6
A0010,6457c0baf9a05433750badd6
A3212,6457c0baf9a05433750badde
A2218,6457c0baf9a05433750badde
A3048,6457c0baf9a05433750bade4
A3064,6457c0bbf9a05433750bade8
A2299,6457c0baf9a05433750bade4
A0183,6457c0bbf9a05433750bade8
A4328,6457c0bdf9a05433750bae49
A2342,6457c0bdf9a05433750bae49
A4434,6457c0bef9a05433750bae63
A2134,6457c0bef9a05433750bae63
A2847,6457c0bef9a05433750bae71
A1176,6457c0bef9a05433750bae71
A0973,6457b9eaf9a05433750aa9b4
A3588,6457c0c0f9a05433750baead
A0952,6457c0c0f9a05433750baead
A3982,6457c0bef9a05433750bae63
A3530,6457c0c1f9a05433750baee9
A0642,6457c0c1f9a05433750baee9
A3919,6457c0c3f9a05433750baf35
A0213,6457c0c3f9a05433750baf35
A3374,6457c0c5f9a05433750baf5f
A2368,6457c0c5f9a05433750baf5f
A3657,6457c0c5f9a05433750baf75
A3656,6457c0c5f9a05433750baf75
A3575,6457c0c7f9a05433750baf9f
A0108,6457c0c7f9a05433750baf9f
A4216,6457c0c8f9a05433750bafbb
A4215,6457c0c8f9a05433750bafbb
A4420,6457c0ccf9a05433750bb039
A4419,6457c0ccf9a05433750bb039
A3003,6457c0cdf9a05433750bb065
A2695,6457c0cdf9a05433750bb065
A2872,6457c0cef9a05433750bb07b
A2858,6457c0cef9a05433750bb07b
A2859,6457c0d0f9a05433750bb0cb
A0177,6457c0d0f9a05433750bb0cb
A2443,6457b3ecf9a054337509fc10
A3742,6457c0d2f9a05433750bb11d
A3835,6457c0d2f9a05433750bb120
A1057,6457c0d2f9a05433750bb11d
A0391,6457c0d2f9a05433750bb120
A4438,6457c0d3f9a05433750bb133
A3414,6457c0d3f9a05433750bb13a
A2929,6457c0d3f9a05433750bb133
A3532,6457c0d3f9a05433750bb13a
A4150,6457c0d4f9a05433750bb156
A2700,6457c0d4f9a05433750bb156
A4342,6457c0d5f9a05433750bb18e
A3865,6457c0d5f9a05433750bb18e
A3274,6457c0d5f9a05433750bb19e
A0377,6457c0d5f9a05433750bb19e
A3340,6457c0d6f9a05433750bb1b1
A0513,6457c0d6f9a05433750bb1b1
A4006,6457c0d7f9a05433750bb1cc
A2498,6457c0d7f9a05433750bb1cc
A4251,6457c0d9f9a05433750bb20d
A0087,6457c0d9f9a05433750bb20d
A3949,6457c0daf9a05433750bb21a
A0312,6457c0daf9a05433750bb21a
A3835,6457c0daf9a05433750bb226
A3455,6457c0daf9a05433750bb22b
A0391,6457c0daf9a05433750bb226
A2810,6457c0dbf9a05433750bb235
A0570,6457c0dbf9a05433750bb235
A2647,6457c0daf9a05433750bb22b
A3702,6457c0daf9a05433750bb22b
A3877,6457c0dcf9a05433750bb25a
A1189,6457c0dcf9a05433750bb25a
A4018,6457c0daf9a05433750bb22b
A3912,6457c0def9a05433750bb2a7
A2828,6457c0def9a05433750bb2a9
A0558,6457c0def9a05433750bb2a9
A3911,6457c0def9a05433750bb2a7
A3370,6457c0dff9a05433750bb2cc
A2101,6457c0dff9a05433750bb2cc
A3281,6457c0e0f9a05433750bb2df
A0011,6457c0e0f9a05433750bb2df
A3207,6457c0e1f9a05433750bb2f4
A3625,6457c0e1f9a05433750bb2f4
A2954,6457c0e2f9a05433750bb30a
A1866,6457c0e2f9a05433750bb30a
A3739,6457c0e4f9a05433750bb332
A2432,6457c0e4f9a05433750bb332
A3342,6457c0e8f9a05433750bb38d
A2090,6457c0e8f9a05433750bb38d
A0630,6457b9eaf9a05433750aa9b4
A4062,6457c0e9f9a05433750bb39d
A3133,6457c0e9f9a05433750bb3a3
A2269,6457c0e9f9a05433750bb39d
A1538,6457c0e9f9a05433750bb3a3
A2229,6457b9eaf9a05433750aa9b4
A4223,6457c0ebf9a05433750bb3e9
A1454,6457c0ebf9a05433750bb3e9
A4013,6457c0ecf9a05433750bb3f3
A3982,6457c0e9f9a05433750bb3a3
A0473,6457c0ecf9a05433750bb3f3
A3595,6457c0edf9a05433750bb411
A2027,6457c0edf9a05433750bb411
A4310,6457c0edf9a05433750bb41f
A0375,6457c0edf9a05433750bb41f
A3982,6457c0edf9a05433750bb411
A4373,6457c0eff9a05433750bb44a
A4252,6457c0eff9a05433750bb44e
A0801,6457c0eff9a05433750bb44a
A3982,6457c0edf9a05433750bb41f
A1192,6457c0eff9a05433750bb44e
A0629,6457b9eaf9a05433750aa9b4
A3518,6457c0f0f9a05433750bb468
A4195,6457c0f0f9a05433750bb46a
A0749,6457c0f0f9a05433750bb468
A0151,6457c0f0f9a05433750bb46a
A2767,6457c0f1f9a05433750bb479
A0200,6457c0f1f9a05433750bb479
A2872,6457c0f3f9a05433750bb4c4
A2858,6457c0f3f9a05433750bb4c4
A3511,6457c0f4f9a05433750bb4e4
A1667,6457c0f4f9a05433750bb4e4
A3748,6457c0f4f9a05433750bb4f6
A2350,6457c0f4f9a05433750bb4f6
A3132,6457c0f5f9a05433750bb50d
A3887,6457c0f5f9a05433750bb50d
A3526,6457c0f6f9a05433750bb52f
A1037,6457c0f6f9a05433750bb52f
A2808,6457c0f7f9a05433750bb549
A1653,6457c0f7f9a05433750bb549
A3693,6457c0f7f9a05433750bb551
A2886,6457c0f7f9a05433750bb551
A4042,6457c0f9f9a05433750bb58d
A2491,6457c0f9f9a05433750bb58d
A0893,6457b3ecf9a054337509fc10
A3894,6457c0faf9a05433750bb5c4
A2118,6457c0faf9a05433750bb5c4
A3820,6457c0fbf9a05433750bb5d7
A2075,6457c0fbf9a05433750bb5d7
A1430,6457b9eaf9a05433750aa9b4
A0364,6457c0fbf9a05433750bb5ec
A3260,6457c0fbf9a05433750bb5ec
A2775,6457c0fcf9a05433750bb5fc
A1107,6457c0fcf9a05433750bb5fc
A3739,6457c0fcf9a05433750bb60f
A2432,6457c0fcf9a05433750bb60f
A3404,6457c0fdf9a05433750bb623
A0480,6457c0fdf9a05433750bb623
A3598,6457c0fff9a05433750bb66e
A0188,6457c0fff9a05433750bb66e
A0364,6457c100f9a05433750bb67f
A2896,6457c100f9a05433750bb67f
A3753,6457c103f9a05433750bb6be
A2426,6457c103f9a05433750bb6be
A0364,6457c104f9a05433750bb6ce
A3180,6457c104f9a05433750bb6ce
A2103,6457b9eaf9a05433750aa9b4
A3114,6457c108f9a05433750bb71a
A0364,6457c108f9a05433750bb71c
A0109,6457c108f9a05433750bb71a
A2782,6457c108f9a05433750bb71c
A3699,6457c108f9a05433750bb71a
A1170,6457c108f9a05433750bb71a
A1010,6457c108f9a05433750bb71a
A3754,6457c109f9a05433750bb737
A3242,6457c108f9a05433750bb71a
A1076,6457c109f9a05433750bb737
A0364,6457c10ff9a05433750bb7de
A4420,6457c10ff9a05433750bb7de
A0364,6457c111f9a05433750bb803
A3607,6457c111f9a05433750bb805
A1123,6457c111f9a05433750bb805
A3433,6457c111f9a05433750bb803
A0577,6457c111f9a05433750bb805
A3892,6457c111f9a05433750bb805
A0400,6457c111f9a05433750bb805
A0364,6457c113f9a05433750bb82b
A0470,6457c111f9a05433750bb805
A3432,6457c113f9a05433750bb82b
A4310,6457c115f9a05433750bb86e
A0375,6457c115f9a05433750bb86e
A0364,6457c116f9a05433750bb885
A2889,6457c116f9a05433750bb885
A2870,6457c118f9a05433750bb8ca
A1610,6457b9eaf9a05433750aa9b4
A1849,6457c118f9a05433750bb8ca
A4275,6457c11af9a05433750bb920
A2634,6457c11af9a05433750bb920
A2326,6457b9eaf9a05433750aa9b4
A0364,6457c11bf9a05433750bb946
A0364,6457c11cf9a05433750bb94f
A4449,6457c11bf9a05433750bb946
A2664,6457c11cf9a05433750bb94f
A0364,6457c11df9a05433750bb96d
A0364,6457c11df9a05433750bb973
A3372,6457c11df9a05433750bb96d
A3303,6457c11df9a05433750bb973
A2614,6457b3ecf9a054337509fc10
A0364,6457c11ff9a05433750bb9ba
A3300,6457c11ff9a05433750bb9ba
A3081,6457c120f9a05433750bb9e2
A2691,6457c120f9a05433750bb9e2
A0364,6457c121f9a05433750bb9f8
A4444,6457c121f9a05433750bb9f8
A3982,6457c120f9a05433750bb9e2
A0364,6457c123f9a05433750bba4a
A3509,6457c123f9a05433750bba4a
A0364,6457c123f9a05433750bba5d
A0364,6457c124f9a05433750bba6a
A3018,6457c123f9a05433750bba5d
A3733,6457c124f9a05433750bba6a
A0364,6457c125f9a05433750bba9c
A3642,6457c125f9a05433750bba9c
A4479,6457c126f9a05433750bbaba
A1784,6457c126f9a05433750bbaba
A0364,6457c126f9a05433750bbac2
A4051,6457c126f9a05433750bbac2
A3722,6457c127f9a05433750bbad0
A0882,6457c127f9a05433750bbad0
A3328,6457c12af9a05433750bbb28
A4377,6457c12af9a05433750bbb2c
A2087,6457c12af9a05433750bbb28
A0739,6457c12af9a05433750bbb2c
A4206,6457c12cf9a05433750bbb6a
A1550,6457c12cf9a05433750bbb6a
A3335,6457c130f9a05433750bbbc8
A0514,6457c130f9a05433750bbbc8
A2821,6457c130f9a05433750bbbd7
A2541,6457c130f9a05433750bbbd7
A1949,6457c130f9a05433750bbbd7
A4390,6457c131f9a05433750bbbf5
A2664,6457c131f9a05433750bbbf5
A3540,6457c134f9a05433750bbc61
A0699,6457c134f9a05433750bbc61
A4002,6457c136f9a05433750bbc8e
A1337,6457c136f9a05433750bbc8e
A2710,6457b3ecf9a054337509fc10
A2812,6457c138f9a05433750bbcda
A2792,6457c138f9a05433750bbcda
A3803,6457c13af9a05433750bbd40
A4221,6457c13af9a05433750bbd40
A3228,6457c13bf9a05433750bbd50
A0389,6457c13bf9a05433750bbd50
A1079,6457b3ecf9a054337509fc10
A3228,6457c13cf9a05433750bbd96
A0389,6457c13cf9a05433750bbd96
A3228,6457c13df9a05433750bbdba
A0389,6457c13df9a05433750bbdba
A2431,6457b9eaf9a05433750aa9b4
A3109,6457c140f9a05433750bbe1f
A1738,6457c140f9a05433750bbe1f
A4275,6457c141f9a05433750bbe43
A2634,6457c141f9a05433750bbe43
A3214,6457c141f9a05433750bbe43
A1165,6457c141f9a05433750bbe43
A1669,6457c141f9a05433750bbe43
A4074,6457c145f9a05433750bbed3
A0376,6457c145f9a05433750bbed3
A4363,6457c146f9a05433750bbee7
A0519,6457c146f9a05433750bbee7
A3214,6457c147f9a05433750bbf05
A0021,6457c147f9a05433750bbf05
A2542,6457c148f9a05433750bbf3b
A2697,6457c148f9a05433750bbf3b
A3983,6457c14cf9a05433750bbfc7
A3423,6457c14cf9a05433750bbfc7
A0364,6457c14ef9a05433750bbffd
A3323,6457c14ef9a05433750bbffd
A0053,6457c151f9a05433750bc046
A2233,6457c152f9a05433750bc08f
A1986,6457c152f9a05433750bc08f
A2985,6457c152f9a05433750bc08f
A0627,6457c151f9a05433750bc046
A0416,6457c151f9a05433750bc046
A3806,6457c108f9a05433750bb71a
A0250,6457c158f9a05433750bc124
A2713,6457c158f9a05433750bc124
A3875,6457c158f9a05433750bc124
A3702,6457c15ff9a05433750bc23c
A2647,6457c15ff9a05433750bc23c
A3635,6457c160f9a05433750bc25b
A3899,6457c160f9a05433750bc25b
A2685,6457c160f9a05433750bc25b
A1147,6457c160f9a05433750bc25b
A0567,6457c160f9a05433750bc25b
A1161,6457c108f9a05433750bb71a
A1132,6457b3ecf9a054337509fc10
A1131,6457b3ecf9a054337509fc10
A0083,6457c169f9a05433750bc38a
A1759,6457b3ecf9a054337509fc10
A0065,6457b3ecf9a054337509fc10
A1896,6457c169f9a05433750bc38a
A0085,6457c169f9a05433750bc38a
A3733,6457c175f9a05433750bc574
A1156,6457c175f9a05433750bc574
A1020,6457b3ecf9a054337509fc10
A2817,6457c169f9a05433750bc38a
A3831,6457c17bf9a05433750bc666
A3238,6457c17bf9a05433750bc666
A3607,6457c108f9a05433750bb71a
A0861,6457b3ecf9a054337509fc10
A4411,6457c181f9a05433750bc6ef
A2542,6457c181f9a05433750bc6ef
A2697,6457c181f9a05433750bc6ef
A0782,6457b3ecf9a054337509fc10
A1669,6457c185f9a05433750bc776
A2634,6457c185f9a05433750bc776
A1960,6457b9eaf9a05433750aa9b4
A3757,6457c18bf9a05433750bc854
A0169,6457c18bf9a05433750bc854
A3756,6457c18bf9a05433750bc854
A3372,6457c195f9a05433750bc94c
A3371,6457c195f9a05433750bc94c
A3328,6457c196f9a05433750bc95f
A2087,6457c196f9a05433750bc95f
A4242,6457c19af9a05433750bca05
A0392,6457c19af9a05433750bca05
A1244,6457b9eaf9a05433750aa9b4
A3552,6457c19bf9a05433750bca3e
A3313,6457c19bf9a05433750bca3e
A3542,6457c19bf9a05433750bca3e
A3256,6457c19df9a05433750bca6a
A4027,6457c19bf9a05433750bca3e
A3255,6457c19df9a05433750bca6a
A3625,6457c19bf9a05433750bca3e
A3207,6457c19bf9a05433750bca3e
A3252,6457c19bf9a05433750bca3e
A2725,6457c19bf9a05433750bca3e
A3839,6457c19bf9a05433750bca3e
A1902,6457c19bf9a05433750bca3e
A4051,6457c19bf9a05433750bca3e
A1165,6457c1aff9a05433750bcc95
A3214,6457c1aff9a05433750bcc95
A1669,6457c1aff9a05433750bccaa
A0887,6457c1aff9a05433750bcc95
A2415,6457c1aff9a05433750bcc95
A2100,6457c1aff9a05433750bccaa
A3506,6457c1aff9a05433750bccaa
A4193,6457c1aff9a05433750bcc95
A0887,6457c1aff9a05433750bccaa
A3790,6457c1aff9a05433750bcc95
A3790,6457c1aff9a05433750bccaa
A2634,6457c1aff9a05433750bccaa
A0021,6457c1aff9a05433750bcc95
A4275,6457c1aff9a05433750bccaa
A1694,6457c1aff9a05433750bccaa
A1165,6457c1aff9a05433750bccaa
A2434,6457c1aff9a05433750bcc95
A1694,6457c1aff9a05433750bcc95
A2890,6457c1aff9a05433750bcc95
A1669,6457c1b6f9a05433750bcdd6
A2183,6457b9eaf9a05433750aa9b4
A1695,6457c1b6f9a05433750bcdd6
A4275,6457c1aff9a05433750bcc95
A1165,6457c1b6f9a05433750bcdd6
A1694,6457c1b6f9a05433750bcdd6
A3506,6457c1b6f9a05433750bcdd6
A3506,6457c1aff9a05433750bcc95
A3328,6457c1b9f9a05433750bce66
A1669,6457c1aff9a05433750bcc95
A2087,6457c1b9f9a05433750bce66
A3071,6457c19bf9a05433750bca3e
A2677,6457c1bff9a05433750bcf29
A0720,6457c1bff9a05433750bcf29
A3358,6457c1bff9a05433750bcf29
A1669,6457c1bff9a05433750bcf29
A3142,6457c1bff9a05433750bcf29
A1230,6457c19bf9a05433750bca3e
A2689,6457c1bff9a05433750bcf29
A4398,6457c1cbf9a05433750bd111
A0358,6457c1cbf9a05433750bd111
A0216,6457c1cbf9a05433750bd111
A3790,6457c1bff9a05433750bcf29
A2725,6457c1cff9a05433750bd1b7
A3542,6457c1cff9a05433750bd1b7
A4187,6457c1d2f9a05433750bd20b
A2697,6457c1d2f9a05433750bd20b
A3666,6457c1d5f9a05433750bd27c
A0986,6457c1d5f9a05433750bd27c
A3801,6457c1d5f9a05433750bd27c
A4018,6457c1d5f9a05433750bd27c
A2992,6457c1ddf9a05433750bd3a4
A0702,6457c1d5f9a05433750bd27c
A0231,6457c1ddf9a05433750bd3a4
A4333,6457c1ddf9a05433750bd3a4
A4238,6457c1e5f9a05433750bd4a5
A4411,6457c1e5f9a05433750bd4a5
A2100,6457c1aff9a05433750bcc95
A1958,6457c1ddf9a05433750bd3a4
A4018,6457c1ddf9a05433750bd3a4
A2987,6457c1ddf9a05433750bd3a4
A2623,6457c1aff9a05433750bcc95
A4135,6457c1ecf9a05433750bd5ba
A2228,6457b3ecf9a054337509fc10
A4411,6457c1ecf9a05433750bd5ba
A0161,6457c1f2f9a05433750bd6a4
A0306,6457c1f2f9a05433750bd6a4
A2541,6457c1ddf9a05433750bd3a4
A3017,6457c1f2f9a05433750bd6a4
A0250,6457c1e7f9a05433750bd4d1
A2617,6457c1f2f9a05433750bd6a4
A0097,6457c1e7f9a05433750bd4d1
A3016,6457c1f2f9a05433750bd6a4
A2829,6457c1e7f9a05433750bd4d1
A1139,6457b9eaf9a05433750aa9b4
A3015,6457c1f2f9a05433750bd6a4
A2162,6457b3ecf9a054337509fc10
A2460,6457c1faf9a05433750bd7eb
A1695,6457c1aff9a05433750bcc95
A4485,6457c1faf9a05433750bd7eb
A2966,6457c1faf9a05433750bd7eb
A0928,6457b3ecf9a054337509fc10
A1590,6457b3ecf9a054337509fc10
A1672,6457c1aff9a05433750bcc95
A2219,6457c1fef9a05433750bd869
A1705,6457b9eaf9a05433750aa9b4
A3454,6457c1fef9a05433750bd869
A2000,6457c1fff9a05433750bd89a
A3625,6457c1fff9a05433750bd89a
A3542,6457c1fff9a05433750bd89a
A2863,6457c1fef9a05433750bd869
A2466,6457c1fff9a05433750bd89a
A4084,6457c1fef9a05433750bd869
A3334,6457c1fef9a05433750bd869
A3207,6457c1fff9a05433750bd89a
A0809,6457b9eaf9a05433750aa9b4
A3252,6457c1fff9a05433750bd89a
A4040,6457c211f9a05433750bdb09
A3825,6457c212f9a05433750bdb2e
A1766,6457c211f9a05433750bdb09
A3945,6457c212f9a05433750bdb2e
A1299,6457b3ecf9a054337509fc10
A2745,6457c212f9a05433750bdb2e
A2283,6457c212f9a05433750bdb2e
A2427,6457c212f9a05433750bdb2e
A3826,6457c212f9a05433750bdb2e
A3986,6457c212f9a05433750bdb2e
A0141,6457c212f9a05433750bdb2e
A2273,6457c212f9a05433750bdb2e
A3466,6457c21af9a05433750bdc80
A0310,6457b9eaf9a05433750aa9b4
A4040,6457c21af9a05433750bdc80
A2542,6457c21af9a05433750bdc80
A2948,6457c21af9a05433750bdc80
A3759,6457c21af9a05433750bdc80
A4135,6457c21af9a05433750bdc80
A3478,6457c21af9a05433750bdc80
A0997,6457c21af9a05433750bdc80
A4411,6457c21af9a05433750bdc80
A4238,6457c21af9a05433750bdc80
A4187,6457c21af9a05433750bdc80
A3847,6457c21af9a05433750bdc80
A4072,6457c21af9a05433750bdc80
A4218,6457c21af9a05433750bdc80
A3252,6457c220f9a05433750bdd74
A3533,6457c221f9a05433750bdd83
A0919,6457c221f9a05433750bdd83
A1230,6457c221f9a05433750bdd98
A3542,6457c221f9a05433750bdd98
A4485,6457c224f9a05433750bddf8
A3355,6457c224f9a05433750bddf8
A1023,6457b9eaf9a05433750aa9b4
A2052,6457c212f9a05433750bdb2e
A3542,6457c220f9a05433750bdd74
A3987,6457c212f9a05433750bdb2e
A1900,6457b3ecf9a054337509fc10
A0914,6457c212f9a05433750bdb2e
A4051,6457c22bf9a05433750bded3
A3542,6457c22bf9a05433750bded3
A1902,6457c22bf9a05433750bded3
A0794,6457b9eaf9a05433750aa9b4
A0775,6457b9eaf9a05433750aa9b4
A0397,6457c212f9a05433750bdb2e
A0781,6457b9eaf9a05433750aa9b4
A2539,6457c231f9a05433750bdfa9
A1230,6457c22bf9a05433750bded3
A3313,6457c231f9a05433750bdfa9
A3542,6457c231f9a05433750bdfa9
A3856,6457c231f9a05433750bdfc7
A0073,6457c231f9a05433750bdfc7
A2460,6457c231f9a05433750bdfc7
A4485,6457c231f9a05433750bdfc7
A1902,6457c231f9a05433750bdfa9
A2909,6457c231f9a05433750bdfc7
A4051,6457c231f9a05433750bdfa9
A1297,6457c231f9a05433750bdfc7
A0070,6457c231f9a05433750bdfc7
A0823,6457b3ecf9a054337509fc10
A2170,6457b3ecf9a054337509fc10
A3355,6457c231f9a05433750bdfc7
A0064,6457c212f9a05433750bdb2e
A0670,6457b3ecf9a054337509fc10
A4398,6457c24cf9a05433750be3c1
A0358,6457c24cf9a05433750be3c1
A4053,6457c251f9a05433750be486
A0734,6457c251f9a05433750be486
A3468,6457c253f9a05433750be4dd
A0382,6457c253f9a05433750be4dd
A3293,6457c256f9a05433750be54c
A0388,6457c256f9a05433750be54c
A3468,6457c258f9a05433750be5a6
A0394,6457c258f9a05433750be5a6
A1847,6457c231f9a05433750bdfc7
A0585,6457b9eaf9a05433750aa9b4
A2839,6457c25ef9a05433750be677
A2840,6457c25ef9a05433750be677
A2863,6457c212f9a05433750bdb2e
A1917,6457b3ecf9a054337509fc10
A3875,6457c262f9a05433750be712
A0250,6457c262f9a05433750be712
A3293,6457c266f9a05433750be770
A0388,6457c266f9a05433750be770
A2248,6457c267f9a05433750be79e
A3473,6457c267f9a05433750be79e
A1414,6457b3ecf9a054337509fc10
A1744,6457b3ecf9a054337509fc10
A0994,6457c26ff9a05433750be8be
A3665,6457c26ff9a05433750be8be
A4367,6457c270f9a05433750be8f1
A2117,6457c270f9a05433750be8f1
A0994,6457c271f9a05433750be910
A3665,6457c271f9a05433750be910
A0994,6457c273f9a05433750be953
A3665,6457c273f9a05433750be953
A0165,6457b3ecf9a054337509fc10
A2758,6457b9eaf9a05433750aa9b4
A4356,6457c279f9a05433750bea42
A2106,6457c279f9a05433750bea42
A1305,6457b3ecf9a054337509fc10
A1748,6457b3ecf9a054337509fc10
A3002,6457c284f9a05433750bebc9
A1991,6457c284f9a05433750bebc9
A4085,6457c284f9a05433750bebd0
A2035,6457c284f9a05433750bebd0
A3614,6457c287f9a05433750bec0e
A3435,6457c287f9a05433750bec19
A2267,6457c287f9a05433750bec19
A1153,6457c287f9a05433750bec0e
A0901,6457b3ecf9a054337509fc10
A1608,6457b3ecf9a054337509fc10
A4185,6457c28ff9a05433750bed65
A2254,6457c28ff9a05433750bed65
A0168,6457b3ecf9a054337509fc10
A0734,6457c295f9a05433750bee3a
A1510,6457c295f9a05433750bee3a
A1708,6457c299f9a05433750beee6
A2857,6457c299f9a05433750beee6
A0898,6457b3ecf9a054337509fc10
A2267,6457c29cf9a05433750bef3b
A3435,6457c29cf9a05433750bef3b
A4185,6457c2a7f9a05433750bf0b5
A2254,6457c2a7f9a05433750bf0b5
A4085,6457c2a7f9a05433750bf0d7
A2035,6457c2a7f9a05433750bf0d7
A1271,6457b9eaf9a05433750aa9b4
A2061,6457c2acf9a05433750bf1a1
A3055,6457c2acf9a05433750bf1a1
A3905,6457c2aef9a05433750bf1d2
A1240,6457c2aef9a05433750bf1d2
A3257,6457c2aff9a05433750bf1ec
A0102,6457c2aff9a05433750bf1ec
A3905,6457c2aff9a05433750bf1f3
A1240,6457c2aff9a05433750bf1f3
A4455,6457c2b3f9a05433750bf279
A2494,6457c2b3f9a05433750bf279
A3537,6457c2b5f9a05433750bf2b0
A0741,6457c2b5f9a05433750bf2b0
A3733,6457c2b6f9a05433750bf2da
A2966,6457c2b6f9a05433750bf2e8
A1724,6457b3ecf9a054337509fc10
A1156,6457c2b6f9a05433750bf2da
A0874,6457b3ecf9a054337509fc10
A3665,6457c2baf9a05433750bf39a
A0994,6457c2baf9a05433750bf39a
A1776,6457b3ecf9a054337509fc10
A4356,6457c2b6f9a05433750bf2e8
A2248,6457c2bff9a05433750bf471
A3473,6457c2bff9a05433750bf471
A3905,6457c2c1f9a05433750bf4ab
A1240,6457c2c1f9a05433750bf4ab
A3856,6457c2c3f9a05433750bf4c3
A0073,6457c2c3f9a05433750bf4c3
A4356,6457c2c4f9a05433750bf4d9
A2106,6457c2c4f9a05433750bf4d9
A1364,6457b3ecf9a054337509fc10
A3423,6457c2c8f9a05433750bf5c6
A0321,6457c2c8f9a05433750bf5c6
A0840,6457b3ecf9a054337509fc10
A2381,6457b9eaf9a05433750aa9b4
A2849,6457c2caf9a05433750bf600
A1954,6457c2caf9a05433750bf600
A4398,6457c2cbf9a05433750bf644
A0358,6457c2cbf9a05433750bf644
A0150,6457c2caf9a05433750bf600
A0319,6457c2cbf9a05433750bf644
A0234,6457b9eaf9a05433750aa9b4
A4026,6457c2d0f9a05433750bf70d
A0721,6457c2d0f9a05433750bf70d
A4356,6457c2d2f9a05433750bf739
A2106,6457c2d2f9a05433750bf739
A4085,6457c2d2f9a05433750bf750
A2035,6457c2d2f9a05433750bf750
A2981,6457c2d6f9a05433750bf7b9
A0830,6457c2d6f9a05433750bf7b9
A3002,6457c2d9f9a05433750bf81b
A1991,6457c2d9f9a05433750bf81b
A0383,6457b9eaf9a05433750aa9b4
A3733,6457c2daf9a05433750bf846
A3614,6457c2daf9a05433750bf850
A1153,6457c2daf9a05433750bf850
A2191,6457c2def9a05433750bf8f9
A4257,6457c2def9a05433750bf8f9
A1991,6457c2e1f9a05433750bf963
A3002,6457c2e1f9a05433750bf963
A4019,6457c2e4f9a05433750bf9fa
A2160,6457c2e4f9a05433750bf9fa
A0741,6457c2e6f9a05433750bfa2f
A3537,6457c2e6f9a05433750bfa2f
A3803,6457c2e7f9a05433750bfa49
A4222,6457c2e7f9a05433750bfa49
A0830,6457c2e8f9a05433750bfa5f
A3733,6457c2e8f9a05433750bfa6d
A2981,6457c2e8f9a05433750bfa5f
A1156,6457c2e8f9a05433750bfa6d
A1445,6457b3ecf9a054337509fc10
A1156,6457c2daf9a05433750bf846
A0160,6457b3ecf9a054337509fc10
A4411,6457c2f1f9a05433750bfbd9
A2542,6457c2f1f9a05433750bfbd9
A2542,6457c2f4f9a05433750bfc46
A4411,6457c2f4f9a05433750bfc46
A2542,6457c2f4f9a05433750bfc64
A4411,6457c2f4f9a05433750bfc64
A0250,6457c2f7f9a05433750bfcae
A2166,6457c2f7f9a05433750bfcae
A3875,6457c2f7f9a05433750bfcae
A3666,6457c2fdf9a05433750bfd47
A0986,6457c2fdf9a05433750bfd47
A3562,6457c2fef9a05433750bfd57
A0462,6457c2fef9a05433750bfd5c
A2057,6457c2fef9a05433750bfd57
A2772,6457c2fef9a05433750bfd5c
A2163,6457b3ecf9a054337509fc10
A3990,6457c2fdf9a05433750bfd47
A4236,6457c301f9a05433750bfdc9
A2199,6457c301f9a05433750bfdc9
A0461,6457c2fef9a05433750bfd5c
A4010,6457c301f9a05433750bfdc9
A3074,6457c2fef9a05433750bfd5c
A4391,6457c2fef9a05433750bfd5c
A3801,6457c2fdf9a05433750bfd47
A4018,6457c304f9a05433750bfe32
A2987,6457c304f9a05433750bfe32
A3455,6457c304f9a05433750bfe32
A1418,6457c304f9a05433750bfe32
A1690,6457c2fef9a05433750bfd5c
A2606,6457c304f9a05433750bfe32
A3617,6457c304f9a05433750bfe32
A0339,6457c2fef9a05433750bfd5c
A1384,6457b3ecf9a054337509fc10
A4081,6457c30bf9a05433750bff44
A4212,6457c30bf9a05433750bff49
A2765,6457c30bf9a05433750bff44
A2020,6457c30bf9a05433750bff44
A3796,6457c30bf9a05433750bff49
A3454,6457c30bf9a05433750bff49
A0490,6457b3ecf9a054337509fc10
A4333,6457c304f9a05433750bfe32
A3562,6457c313f9a05433750c002c
A0334,6457b9eaf9a05433750aa9b4
A2057,6457c313f9a05433750c002c
A3454,6457c313f9a05433750c002c
A3150,6457c317f9a05433750c00b3
A1402,6457c317f9a05433750c00b3
A1612,6457b9eaf9a05433750aa9b4
A0416,6457c313f9a05433750c002c
A1654,6457c317f9a05433750c00b3
A4115,6457c318f9a05433750c00d3
A2545,6457c318f9a05433750c00d3
A2538,6457c317f9a05433750c00b3
A0711,6457c313f9a05433750c002c
A2504,6457c313f9a05433750c002c
A2040,6457c313f9a05433750c002c
A0986,6457c31ef9a05433750c01df
A3990,6457c31ef9a05433750c01df
A0322,6457b3ecf9a054337509fc10
A3691,6457c322f9a05433750c025b
A1491,6457c322f9a05433750c025b
A3666,6457c31ef9a05433750c01df
A3789,6457c325f9a05433750c02bd
A3094,6457c325f9a05433750c02bd
A2743,6457c325f9a05433750c02bd
A3562,6457c327f9a05433750c0311
A2057,6457c327f9a05433750c0311
A1026,6457c325f9a05433750c02bd
A1227,6457c329f9a05433750c0364
A4405,6457c329f9a05433750c0364
A0086,6457c329f9a05433750c0364
A0416,6457c327f9a05433750c0311
A3765,6457c329f9a05433750c0364
A3132,6457c304f9a05433750bfe32
A1239,6457c329f9a05433750c0364
A3990,6457c32cf9a05433750c03d9
A2868,6457c32cf9a05433750c03d9
A0702,6457c32cf9a05433750c03d9
A3394,6457c32df9a05433750c0423
A0567,6457c32df9a05433750c0423
A0173,6457c32cf9a05433750c03d9
A3270,6457c32ff9a05433750c0472
A3269,6457c32ff9a05433750c0472
A3594,6457c329f9a05433750c0364
A3490,6457c330f9a05433750c04ac
A2820,6457c330f9a05433750c04ac
A0364,6457c331f9a05433750c04c1
A4474,6457c331f9a05433750c04c1
A0364,6457c332f9a05433750c04e0
A3840,6457c332f9a05433750c04e0
A0364,6457c332f9a05433750c04ef
A3713,6457c332f9a05433750c04ef
A0364,6457c333f9a05433750c0503
A0085,6457c329f9a05433750c0364
A3616,6457c333f9a05433750c0503
A0364,6457c333f9a05433750c0513
A3176,6457c333f9a05433750c0513
A0364,6457c334f9a05433750c0524
A0364,6457c334f9a05433750c052d
A3928,6457c334f9a05433750c0524
A0364,6457c334f9a05433750c0535
A4017,6457c334f9a05433750c052d
A2832,6457c334f9a05433750c0535
A0364,6457c336f9a05433750c0551
A0364,6457c336f9a05433750c055c
A3307,6457c336f9a05433750c0551
A0364,6457c336f9a05433750c0562
A3233,6457c336f9a05433750c055c
A3143,6457c336f9a05433750c0562
A0364,6457c337f9a05433750c0587
A0364,6457c337f9a05433750c0586
A0364,6457c337f9a05433750c058b
A3410,6457c337f9a05433750c0587
A3994,6457c337f9a05433750c0586
A3854,6457c337f9a05433750c058b
A1036,6457b9eaf9a05433750aa9b4
A0364,6457c339f9a05433750c05b9
A0364,6457c339f9a05433750c05bd
A0364,6457c339f9a05433750c05c2
A3879,6457c339f9a05433750c05b9
A3475,6457c339f9a05433750c05bd
A2422,6457c339f9a05433750c05c2
A4245,6457c329f9a05433750c0364
A0364,6457c33af9a05433750c05f4
A0364,6457c33bf9a05433750c05f9
A0373,6457c33af9a05433750c05f4
A0084,6457c329f9a05433750c0364
A4451,6457c33bf9a05433750c05f9
A0364,6457c33cf9a05433750c0623
A3350,6457c33cf9a05433750c0623
A3887,6457c304f9a05433750bfe32
A0364,6457c33cf9a05433750c063e
A0364,6457c33cf9a05433750c0644
A3017,6457c33cf9a05433750c063e
A3361,6457c33cf9a05433750c0644
A0364,6457c33df9a05433750c0656
A0364,6457c33df9a05433750c0661
A3836,6457c33df9a05433750c0656
A3698,6457c33df9a05433750c0661
A0364,6457c33ef9a05433750c0676
A0364,6457c33ef9a05433750c067c
A3635,6457c33ef9a05433750c0676
A3209,6457c33ef9a05433750c0681
A3903,6457c33ef9a05433750c0681
A0364,6457c33ff9a05433750c068b
A4211,6457c33ef9a05433750c067c
A3826,6457c33ff9a05433750c068b
A0364,6457c340f9a05433750c06a6
A3584,6457c340f9a05433750c06a6
A3314,6457c340f9a05433750c06bd
A0364,6457c341f9a05433750c06c0
A3225,6457c340f9a05433750c06bd
A0364,6457c341f9a05433750c06c7
A3556,6457c341f9a05433750c06c0
A4363,6457c341f9a05433750c06c7
A2497,6457b9eaf9a05433750aa9b4
A0063,6457b9eaf9a05433750aa9b4
A4430,6457c346f9a05433750c0747
A3331,6457c347f9a05433750c0762
A2371,6457c347f9a05433750c0762
A3891,6457c348f9a05433750c076e
A3369,6457c346f9a05433750c0747
A3978,6457c348f9a05433750c076e
A3180,6457c346f9a05433750c0747
A4398,6457c34af9a05433750c079c
A1001,6457c34af9a05433750c079c
A0358,6457c34af9a05433750c079c
A3675,6457c34bf9a05433750c07ce
A2108,6457c34bf9a05433750c07d0
A3088,6457c34bf9a05433750c07ce
A2455,6457c34bf9a05433750c07d0
A3195,6457c34cf9a05433750c07eb
A2148,6457c34cf9a05433750c07eb
A4050,6457c34df9a05433750c081c
A1291,6457c34cf9a05433750c07eb
A0127,6457b3ecf9a054337509fc10
A3947,6457c34df9a05433750c081c
A1583,6457b9eaf9a05433750aa9b4
A2405,6457c34cf9a05433750c07eb
A0453,6457b9eaf9a05433750aa9b4
A1783,6457b3ecf9a054337509fc10
A0364,6457c350f9a05433750c0898
A3713,6457c350f9a05433750c0898
A0364,6457c351f9a05433750c08b0
A3994,6457c351f9a05433750c08b0
A2479,6457b3ecf9a054337509fc10
A0364,6457c353f9a05433750c08f4
A3616,6457c353f9a05433750c08f4
A0364,6457c355f9a05433750c0923
A3840,6457c355f9a05433750c0923
A1228,6457c355f9a05433750c0938
A3455,6457c355f9a05433750c0938
A4018,6457c355f9a05433750c0938
A3801,6457c355f9a05433750c0938
A0231,6457c355f9a05433750c0938
A4333,6457c355f9a05433750c0938
A0993,6457c35df9a05433750c09d9
A0914,6457c35df9a05433750c09d9
A0746,6457c35df9a05433750c09d9
A0364,6457c35ff9a05433750c0a17
A3836,6457c35ff9a05433750c0a17
A1809,6457b9eaf9a05433750aa9b4
A0364,6457c361f9a05433750c0a57
A1901,6457c35df9a05433750c09d9
A3233,6457c361f9a05433750c0a57
A0364,6457c363f9a05433750c0a94
A1065,6457b3ecf9a054337509fc10
A2832,6457c363f9a05433750c0a94
A1110,6457b3ecf9a054337509fc10
A3697,6457c365f9a05433750c0acc
A3442,6457c365f9a05433750c0acc
A0292,6457b3ecf9a054337509fc10
A2722,6457b3ecf9a054337509fc10
A0954,6457b3ecf9a054337509fc10
A0364,6457c36bf9a05433750c0b9d
A4123,6457c36bf9a05433750c0b9d
A0364,6457c374f9a05433750c0c2a
A3928,6457c374f9a05433750c0c2a
A3882,6457c376f9a05433750c0c5d
A1236,6457c376f9a05433750c0c5d
A0510,6457c387f9a05433750c0d2c
A1108,6457c387f9a05433750c0d2c
A0364,6457c389f9a05433750c0d56
A0373,6457c389f9a05433750c0d56
A0992,6457c35df9a05433750c09d9
A1685,6457c35df9a05433750c09d9
A3994,6457c395f9a05433750c0ea9
A0472,6457c395f9a05433750c0ea9
A4331,6457c398f9a05433750c0ee1
A0910,6457c398f9a05433750c0ee1
A1673,6457b3ecf9a054337509fc10
A0364,6457c39df9a05433750c0f44
A4211,6457c39df9a05433750c0f44
A1479,6457b3ecf9a054337509fc10
A1809,6457b3ecf9a054337509fc10
A1488,6457b9eaf9a05433750aa9b4
A2346,6457c3b1f9a05433750c10c1
A2180,6457c3b1f9a05433750c10c1
A2611,6457b3ecf9a054337509fc10
A2899,6457c3b6f9a05433750c114a
A4278,6457c3b6f9a05433750c114a
A0225,6457c35df9a05433750c09d9
A0444,6457c3b6f9a05433750c114a
A1221,6457c3b7f9a05433750c1178
A4375,6457c3b7f9a05433750c1178
A4247,6457c3b6f9a05433750c114a
A2897,6457c3b7f9a05433750c1178
A3477,6457c3b7f9a05433750c1178
A3096,6457c3b6f9a05433750c114a
A0340,6457c3b7f9a05433750c1178
A3960,6457c3b6f9a05433750c114a
A3087,6457c3b7f9a05433750c1178
A1684,6457c35df9a05433750c09d9
A4276,6457c3b7f9a05433750c1178
A0584,6457b9eaf9a05433750aa9b4
A3070,6457c3b7f9a05433750c1178
A4247,6457c3b7f9a05433750c1178
A4447,6457c3b7f9a05433750c1178
A1059,6457c35df9a05433750c09d9
A2757,6457b3ecf9a054337509fc10
A3960,6457c3b7f9a05433750c1178
A4431,6457c3b7f9a05433750c1178
A4266,6457c3caf9a05433750c12bc
A3240,6457c3caf9a05433750c12bc
A4125,6457c35df9a05433750c09d9
A0364,6457c3d0f9a05433750c1315
A4474,6457c3d0f9a05433750c1315
A0364,6457c3d1f9a05433750c1335
A3307,6457c3d1f9a05433750c1335
A1027,6457c35df9a05433750c09d9
A4058,6457c3caf9a05433750c12bc
A1604,6457c3d6f9a05433750c13bb
A0364,6457c3d6f9a05433750c13c0
A0364,6457c3d6f9a05433750c13c1
A1840,6457c3d6f9a05433750c13c0
A3114,6457c3d6f9a05433750c13c1
A0364,6457c3d8f9a05433750c13f9
A0364,6457c3d8f9a05433750c13fa
A3146,6457c3d8f9a05433750c13f9
A3143,6457c3d8f9a05433750c13fa
A0364,6457c3d9f9a05433750c1430
A3826,6457c3d9f9a05433750c1430
A0364,6457c3dbf9a05433750c1464
A3968,6457c3dbf9a05433750c1464
A2986,6457c3ddf9a05433750c14b9
A3780,6457c3ddf9a05433750c14b9
A1617,6457b3ecf9a054337509fc10
A3956,6457c3ddf9a05433750c14b9
A1698,6457c3e0f9a05433750c151b
A2647,6457c3e0f9a05433750c151b
A0364,6457c3e0f9a05433750c1524
A3796,6457c3e0f9a05433750c151b
A2422,6457c3e0f9a05433750c1524
A1976,6457c3e2f9a05433750c1568
A4336,6457c3e2f9a05433750c1568
A0122,6457c3e2f9a05433750c156f
A0364,6457c3e2f9a05433750c1577
A2742,6457c3e2f9a05433750c156f
A4451,6457c3e2f9a05433750c1577
A3700,6457c3e2f9a05433750c1568
A1605,6457c3d6f9a05433750c13bb
A3427,6457c3e5f9a05433750c15d8
A2221,6457c3e5f9a05433750c15d8
A2589,6457c3e2f9a05433750c156f
A3660,6457c3d6f9a05433750c13bb
A0931,6457c3e2f9a05433750c156f
A1335,6457c3eaf9a05433750c1685
A1614,6457b9eaf9a05433750aa9b4
A4004,6457c3eaf9a05433750c1685
A3103,6457c3eaf9a05433750c1685
A3880,6457c3eaf9a05433750c1685
A0364,6457c3eff9a05433750c1742
A3017,6457c3eff9a05433750c1742
A0364,6457c3f0f9a05433750c176f
A3410,6457c3f0f9a05433750c176f
A0364,6457c3f1f9a05433750c179c
A1734,6457c3f1f9a05433750c17a4
A3854,6457c3f1f9a05433750c179c
A3556,6457c3f1f9a05433750c17a4
A3477,6457c3f0f9a05433750c1784
A4253,6457c3f0f9a05433750c1784
A3319,6457c3f3f9a05433750c17e3
A3662,6457c3f3f9a05433750c17e3
A0140,6457b3ecf9a054337509fc10
A3689,6457c3f5f9a05433750c1835
A4276,6457c3f0f9a05433750c1784
A1642,6457b9eaf9a05433750aa9b4
A4163,6457c3f5f9a05433750c1835
A0361,6457b3ecf9a054337509fc10
A3677,6457c3f5f9a05433750c1835
A1262,6457c3f5f9a05433750c1835
A0543,6457b3ecf9a054337509fc10
A1889,6457b3ecf9a054337509fc10
A0364,6457c3f7f9a05433750c1895
A4017,6457c3f7f9a05433750c1895
A4095,6457c3f8f9a05433750c18ba
A4431,6457c3f0f9a05433750c1784
A3976,6457c3f8f9a05433750c18ba
A2897,6457c3f0f9a05433750c1784
A3955,6457c3f0f9a05433750c1784
A3976,6457c3faf9a05433750c18f5
A2694,6457c3faf9a05433750c18f5
A3976,6457c3faf9a05433750c18fc
A4414,6457c3f0f9a05433750c1784
A2694,6457c3faf9a05433750c18fc
A2816,6457c3f0f9a05433750c1784
A3960,6457c3f0f9a05433750c1784
A2974,6457c3f0f9a05433750c1784
A0364,6457c3fdf9a05433750c193a
A3463,6457c3f0f9a05433750c1784
A3361,6457c3fdf9a05433750c193a
A1105,6457c3fff9a05433750c197e
A1501,6457c3fff9a05433750c197e
A2938,6457c3fff9a05433750c1989
A3440,6457c3fff9a05433750c1989
A2316,6457c3d6f9a05433750c13bb
A1400,6457c3fff9a05433750c197e
A0527,6457c3fff9a05433750c197e
A0649,6457c3d6f9a05433750c13bb
A0371,6457c3fff9a05433750c197e
A1401,6457c3fff9a05433750c197e
A0137,6457c3d6f9a05433750c13bb
A2731,6457c3fff9a05433750c197e
A0364,6457c401f9a05433750c19da
A0364,6457c401f9a05433750c19df
A1324,6457c3fff9a05433750c197e
A1407,6457c3fff9a05433750c197e
A3350,6457c401f9a05433750c19df
A3698,6457c401f9a05433750c19da
A0528,6457c3fff9a05433750c197e
A1180,6457c3d6f9a05433750c13bb
A0364,6457c402f9a05433750c1a16
A0364,6457c402f9a05433750c1a1c
A3475,6457c402f9a05433750c1a16
A3635,6457c402f9a05433750c1a1c
A1897,6457c3fff9a05433750c197e
A0364,6457c404f9a05433750c1a46
A3556,6457c404f9a05433750c1a46
A0456,6457c3fff9a05433750c197e
A0661,6457c3fff9a05433750c197e
A1631,6457c3fff9a05433750c197e
A0971,6457c3fff9a05433750c197e
A1621,6457c3fff9a05433750c197e
A1133,6457c3fff9a05433750c197e
A0902,6457c3fff9a05433750c197e
A1465,6457c3fff9a05433750c197e
A0364,6457c407f9a05433750c1ab0
A0198,6457c3fff9a05433750c197e
A1830,6457c3fff9a05433750c197e
A3584,6457c407f9a05433750c1ab0
A1826,6457b3ecf9a054337509fc10
A1704,6457c3fff9a05433750c197e
A1387,6457c3fff9a05433750c197e
A0364,6457c409f9a05433750c1af5
A0599,6457c3fff9a05433750c197e
A4363,6457c409f9a05433750c1af5
A0420,6457c3fff9a05433750c197e
A0323,6457c3fff9a05433750c197e
A1755,6457c3fff9a05433750c197e
A0272,6457c3fff9a05433750c197e
A1323,6457c3fff9a05433750c197e
A1771,6457c3fff9a05433750c197e
A1992,6457c3fff9a05433750c197e
A1191,6457c3fff9a05433750c197e
A1035,6457c3fff9a05433750c197e
A0765,6457c3fff9a05433750c197e
A0598,6457b9eaf9a05433750aa9b4
A0858,6457c3fff9a05433750c197e
A1087,6457c3fff9a05433750c197e
A3976,6457c40df9a05433750c1b7a
A2694,6457c40df9a05433750c1b7a
A1075,6457c3fff9a05433750c197e
A1756,6457c3fff9a05433750c197e
A2924,6457c40ef9a05433750c1ba1
A3328,6457c40ef9a05433750c1ba1
A1134,6457c3fff9a05433750c197e
A0540,6457c3fff9a05433750c197e
A3976,6457c3fff9a05433750c197e
A1643,6457c3fff9a05433750c197e
A3232,6457c413f9a05433750c1c27
A4381,6457c413f9a05433750c1c27
A4385,6457c413f9a05433750c1c27
A4411,6457c414f9a05433750c1c4f
A3900,6457c414f9a05433750c1c4f
A3272,6457c414f9a05433750c1c4f
A2935,6457c415f9a05433750c1c64
A1824,6457c415f9a05433750c1c64
A4180,6457c416f9a05433750c1c6f
A3425,6457c416f9a05433750c1c6f
A0025,6457c416f9a05433750c1c6f
A1342,6457b3ecf9a054337509fc10
A3167,6457c41ef9a05433750c1d3d
A3268,6457c41ef9a05433750c1d3d
A2917,6457c41ef9a05433750c1d3d
A3567,6457c41ef9a05433750c1d3d
A0089,6457c41ef9a05433750c1d3d
A4154,6457c423f9a05433750c1d9d
A4282,6457c423f9a05433750c1d9d
A3248,6457c423f9a05433750c1d9d
A3164,6457c423f9a05433750c1d9d
A3713,6457c426f9a05433750c1de4
A1972,6457c426f9a05433750c1de4
A0709,6457c427f9a05433750c1e00
A3169,6457c427f9a05433750c1e00
A0187,6457c427f9a05433750c1e00
A2895,6457c429f9a05433750c1e2c
A2503,6457c429f9a05433750c1e2c
A3193,6457c42af9a05433750c1e3f
A3165,6457c427f9a05433750c1e00
A0364,6457c42bf9a05433750c1e61
A3930,6457c42bf9a05433750c1e61
A3843,6457c42cf9a05433750c1e8a
A0730,6457c42af9a05433750c1e3f
A2551,6457c42cf9a05433750c1e8a
A3750,6457c430f9a05433750c1f25
A0035,6457b9eaf9a05433750aa9b4
A0100,6457c430f9a05433750c1f25
A3005,6457c433f9a05433750c1f7f
A4224,6457c433f9a05433750c1f7f
A3305,6457c433f9a05433750c1f7f
A3687,6457c433f9a05433750c1f7f
A1936,6457c437f9a05433750c1fd5
A4248,6457c433f9a05433750c1f7f
A3652,6457c438f9a05433750c201a
A1199,6457c438f9a05433750c201a
A3305,6457c43bf9a05433750c2070
A4224,6457c43bf9a05433750c2070
A3005,6457c43bf9a05433750c2070
A1898,6457c43df9a05433750c20bb
A3959,6457c43df9a05433750c20bb
A0089,6457c437f9a05433750c1fd5
A4152,6457c440f9a05433750c2115
A1893,6457c440f9a05433750c2115
A3895,6457c441f9a05433750c2141
A2638,6457c441f9a05433750c2141
A0942,6457c437f9a05433750c1fd5
A2237,6457b3ecf9a054337509fc10
A1326,6457b9eaf9a05433750aa9b4
A0352,6457b3ecf9a054337509fc10
A1566,6457c437f9a05433750c1fd5
A0541,6457b3ecf9a054337509fc10
A0454,6457b9eaf9a05433750aa9b4
A2275,6457c437f9a05433750c1fd5
A0653,6457b9eaf9a05433750aa9b4
A2150,6457b3ecf9a054337509fc10
A1231,6457c44df9a05433750c229f
A0156,6457c44df9a05433750c229f
A0268,6457c44df9a05433750c229f
A0318,6457c44df9a05433750c229f
A2119,6457c44df9a05433750c229f
A1903,6457b3ecf9a054337509fc10
A2097,6457c44df9a05433750c229f
A4152,6457c450f9a05433750c22dc
A4152,6457c450f9a05433750c22de
A1893,6457c450f9a05433750c22de
A1893,6457c450f9a05433750c22dc
A1648,6457c452f9a05433750c2305
A3895,6457c452f9a05433750c2305
A0101,6457c44df9a05433750c229f
A3531,6457c452f9a05433750c2305
A1647,6457c452f9a05433750c2305
A0583,6457b9eaf9a05433750aa9b4
A2541,6457c452f9a05433750c2305
A1721,6457c44df9a05433750c229f
A4477,6457c452f9a05433750c2305
A4177,6457c454f9a05433750c2340
A3635,6457c454f9a05433750c2340
A1225,6457c452f9a05433750c2305
A1231,6457c454f9a05433750c2340
A2458,6457c452f9a05433750c2305
A3484,6457c456f9a05433750c239f
A0880,6457c456f9a05433750c239f
A0565,6457c454f9a05433750c2340
A0182,6457c454f9a05433750c2340
A1737,6457c458f9a05433750c23d1
A4360,6457c454f9a05433750c2340
A1714,6457b9eaf9a05433750aa9b4
A0318,6457c454f9a05433750c2340
A3849,6457c454f9a05433750c2340
A3382,6457c459f9a05433750c241a
A2885,6457c459f9a05433750c241a
A3488,6457c454f9a05433750c2340
A0020,6457c458f9a05433750c23d1
A1437,6457c454f9a05433750c2340
A0824,6457b9eaf9a05433750aa9b4
A2097,6457c454f9a05433750c2340
A1092,6457b3ecf9a054337509fc10
A2966,6457c458f9a05433750c23d1
A3299,6457c462f9a05433750c2548
A3101,6457c458f9a05433750c23d1
A2062,6457c462f9a05433750c2548
A0565,6457c44df9a05433750c229f
A0657,6457b3ecf9a054337509fc10
A0523,6457b3ecf9a054337509fc10
A1437,6457c44df9a05433750c229f
A3840,6457c469f9a05433750c261d
A4262,6457c469f9a05433750c261d
A3878,6457c469f9a05433750c261d
A1813,6457c44df9a05433750c229f
A4119,6457c46df9a05433750c26b1
A4017,6457c46df9a05433750c26b1
A0156,6457c454f9a05433750c2340
A4119,6457c46ef9a05433750c26cb
A4017,6457c46ef9a05433750c26cb
A0101,6457c454f9a05433750c2340
A4378,6457c46ef9a05433750c26cb
A0189,6457c454f9a05433750c2340
A0182,6457c44df9a05433750c229f
A1813,6457c454f9a05433750c2340
A2744,6457c454f9a05433750c2340
A2972,6457c479f9a05433750c27ab
A0274,6457c479f9a05433750c27ab
A0730,6457c479f9a05433750c27ab
A4082,6457c454f9a05433750c2340
A3193,6457c479f9a05433750c27ab
A2081,6457c479f9a05433750c27ab
A4267,6457c479f9a05433750c27ab
A3542,6457c47cf9a05433750c27ef
A1493,6457c47df9a05433750c2804
A1193,6457c454f9a05433750c2340
A3329,6457c479f9a05433750c27ab
A0633,6457b9eaf9a05433750aa9b4
A1619,6457c479f9a05433750c27ab
A4177,6457c44df9a05433750c229f
A4400,6457c479f9a05433750c27ab
A1863,6457c479f9a05433750c27ab
A0189,6457c44df9a05433750c229f
A1159,6457c47df9a05433750c2804
A3542,6457c485f9a05433750c2954
A2466,6457c485f9a05433750c2954
A1230,6457c47cf9a05433750c27ef
A2725,6457c47cf9a05433750c27ef
A3839,6457c47cf9a05433750c27ef
A1141,6457b3ecf9a054337509fc10
A1012,6457b9eaf9a05433750aa9b4
A4157,6457c47df9a05433750c2804
A3253,6457c47df9a05433750c2804
A2464,6457b3ecf9a054337509fc10
A4068,6457c48df9a05433750c2a91
A0746,6457c48df9a05433750c2a91
A1090,6457b9eaf9a05433750aa9b4
A2466,6457c492f9a05433750c2b1f
A4420,6457c493f9a05433750c2b34
A2098,6457c493f9a05433750c2b34
A2088,6457b3ecf9a054337509fc10
A0338,6457b3ecf9a054337509fc10
A2225,6457b3ecf9a054337509fc10
A2235,6457b3ecf9a054337509fc10
A3889,6457c492f9a05433750c2b1f
A2681,6457c492f9a05433750c2b1f
A0683,6457b9eaf9a05433750aa9b4
A3542,6457c492f9a05433750c2b1f
A1750,6457b3ecf9a054337509fc10
A1288,6457b3ecf9a054337509fc10
A3542,6457c4a1f9a05433750c2cbe
A3948,6457c4a5f9a05433750c2d1c
A4237,6457c4a5f9a05433750c2d1c
A4340,6457c4a5f9a05433750c2d1c
A2966,6457c4a7f9a05433750c2d58
A1230,6457c4a1f9a05433750c2cbe
A1225,6457c4a1f9a05433750c2cbe
A2660,6457c4a7f9a05433750c2d58
A4451,6457c4a7f9a05433750c2d58
A3331,6457c4b2f9a05433750c2efe
A2371,6457c4b2f9a05433750c2efe
A3999,6457c4b2f9a05433750c2efe
A3999,6457c4b4f9a05433750c2f24
A0462,6457c4a7f9a05433750c2d58
A0434,6457c4b4f9a05433750c2f24
A0238,6457c4b4f9a05433750c2f24
A2772,6457c4a7f9a05433750c2d58
A1307,6457b3ecf9a054337509fc10
A2715,6457c4b4f9a05433750c2f24
A3830,6457c4c0f9a05433750c30ed
A0684,6457c4c0f9a05433750c30ed
A2417,6457b9eaf9a05433750aa9b4
A2317,6457b3ecf9a054337509fc10
A1879,6457b3ecf9a054337509fc10
A2920,6457c4c3f9a05433750c3148
A2194,6457c4c3f9a05433750c3148
A0912,6457c4c5f9a05433750c316b
A4349,6457c4c5f9a05433750c316b
A2194,6457c4c7f9a05433750c318f
A4335,6457c4c8f9a05433750c31ba
A2535,6457c4c8f9a05433750c31ba
A1939,6457c4c8f9a05433750c31ba
A0169,6457c4c8f9a05433750c31ba
A0940,6457b9eaf9a05433750aa9b4
A4268,6457c4cdf9a05433750c3268
A0991,6457c4cdf9a05433750c3268
A1939,6457c4c7f9a05433750c318f
A1948,6457c4c7f9a05433750c318f
A1301,6457b9eaf9a05433750aa9b4
A3852,6457c4d1f9a05433750c32de
A1752,6457c4d1f9a05433750c32de
A1213,6457c4d6f9a05433750c333e
A0423,6457b3ecf9a054337509fc10
A4130,6457c4d6f9a05433750c333e
A4374,6457c4d9f9a05433750c337d
A4194,6457c4d9f9a05433750c337d
A3953,6457c4d9f9a05433750c337d
A3093,6457c4dff9a05433750c3430
A3163,6457c4dff9a05433750c3430
A3031,6457c4e2f9a05433750c34bd
A2914,6457c4e2f9a05433750c34bd
A4256,6457c4e2f9a05433750c34bd
A3906,6457c4e2f9a05433750c34bd
A1154,6457b3ecf9a054337509fc10
A1699,6457c4e8f9a05433750c359d
A3878,6457c4e8f9a05433750c359d
A3879,6457c4e8f9a05433750c359d
A1768,6457b3ecf9a054337509fc10
A1289,6457b3ecf9a054337509fc10
A2572,6457c4edf9a05433750c362c
A2597,6457c4edf9a05433750c362c
A4445,6457c4edf9a05433750c362c
A4253,6457c4eef9a05433750c3646
A0340,6457c4eef9a05433750c3646
A2726,6457c4edf9a05433750c362c
A4464,6457c4edf9a05433750c362c
A3017,6457c4e3f9a05433750c34d0
A2860,6457c4e3f9a05433750c34d0
A0914,6457c4f2f9a05433750c36ba
A4115,6457c4f2f9a05433750c36ba
A1924,6457c4e3f9a05433750c34d0
A0607,6457c4f4f9a05433750c36f5
A3929,6457c4f4f9a05433750c36fa
A1059,6457c4f4f9a05433750c36fa
A4152,6457c4f4f9a05433750c370e
A0047,6457c4f4f9a05433750c36f5
A2083,6457c4edf9a05433750c362c
A4399,6457c4edf9a05433750c362c
A0250,6457c4f7f9a05433750c3773
A1893,6457c4f4f9a05433750c370e
A3875,6457c4f7f9a05433750c3773
A3289,6457c4fbf9a05433750c37e3
A0464,6457c4fbf9a05433750c37e3
A3552,6457c4fcf9a05433750c3810
A0788,6457b3ecf9a054337509fc10
A0458,6457c4fbf9a05433750c37e3
A2800,6457c4fbf9a05433750c37e3
A0710,6457c4fbf9a05433750c37e3
A2719,6457b3ecf9a054337509fc10
A0089,6457c4fbf9a05433750c37e3
A0096,6457c4fbf9a05433750c37e3
A0922,6457c4fbf9a05433750c37e3
A4376,6457c506f9a05433750c3933
A4026,6457c508f9a05433750c39a6
A2774,6457c506f9a05433750c3933
A2198,6457c508f9a05433750c39a6
A2773,6457c506f9a05433750c3933
A2195,6457c506f9a05433750c3933
A1697,6457c50af9a05433750c39e6
A3961,6457c50af9a05433750c39e6
A2132,6457c4fcf9a05433750c3810
A0351,6457b9eaf9a05433750aa9b4
A3542,6457c4fcf9a05433750c3810
A4377,6457c506f9a05433750c3933
A3601,6457c510f9a05433750c3ab8
A3879,6457c516f9a05433750c3b75
A3878,6457c516f9a05433750c3b75
A1689,6457c516f9a05433750c3b75
A1699,6457c516f9a05433750c3b75
A2073,6457c510f9a05433750c3ab8
A0616,6457b3ecf9a054337509fc10
A3276,6457c51df9a05433750c3ca7
A1309,6457c51df9a05433750c3ca7
A3455,6457c51df9a05433750c3ca7
A2197,6457c51df9a05433750c3ca7
A1067,6457c51df9a05433750c3ca7
A2466,6457c51ff9a05433750c3d25
A3542,6457c51ff9a05433750c3d25
A4277,6457c522f9a05433750c3d7d
A2953,6457c522f9a05433750c3d7d
A1436,6457c522f9a05433750c3d7d
A1688,6457c516f9a05433750c3b75
A4445,6457c523f9a05433750c3db2
A2699,6457c516f9a05433750c3b75
A0455,6457c51df9a05433750c3ca7
A2572,6457c523f9a05433750c3db2
A2021,6457c525f9a05433750c3df9
A4081,6457c525f9a05433750c3df9
A3875,6457c526f9a05433750c3e22
A0250,6457c526f9a05433750c3e22
A3423,6457c527f9a05433750c3e38
A1318,6457c527f9a05433750c3e38
A2986,6457c529f9a05433750c3e57
A0313,6457c529f9a05433750c3e57
A0314,6457c529f9a05433750c3e57
A3454,6457c52bf9a05433750c3e99
A2219,6457c52bf9a05433750c3e99
A3784,6457c52df9a05433750c3eef
A2467,6457c52df9a05433750c3eef
A1071,6457b9eaf9a05433750aa9b4
A0365,6457c52ff9a05433750c3f36
A0367,6457b3ecf9a054337509fc10
A2823,6457c52ff9a05433750c3f36
A0085,6457c52ff9a05433750c3f36
A4291,6457c533f9a05433750c3fae
A4501,6457c533f9a05433750c3fae
A0001,6457c533f9a05433750c3fae
A2391,6457c533f9a05433750c3fae
A2362,6457c538f9a05433750c4033
A2969,6457c538f9a05433750c4033
A2029,6457c538f9a05433750c4033
A3549,6457c538f9a05433750c4033
A3353,6457c53bf9a05433750c40b0
A2394,6457c53bf9a05433750c40b0
A4291,6457c53cf9a05433750c40c7
A4501,6457c53cf9a05433750c40c7
A3237,6457c538f9a05433750c4033
A2606,6457c53bf9a05433750c40b0
A0012,6457c538f9a05433750c4033
A3717,6457c538f9a05433750c4033
A1111,6457c53bf9a05433750c40b0
A2126,6457b9eaf9a05433750aa9b4
A0369,6457b9eaf9a05433750aa9b4
A4315,6457c53bf9a05433750c40b0
A3750,6457c544f9a05433750c41e1
A3265,6457c544f9a05433750c41e1
A0522,6457c548f9a05433750c4270
A1733,6457c544f9a05433750c41e1
A1067,6457c544f9a05433750c41e1
A4497,6457c548f9a05433750c4270
A4499,6457c548f9a05433750c4270
A0364,6457c54af9a05433750c42b7
A0364,6457c54af9a05433750c42bf
A4402,6457c54af9a05433750c42b7
A4402,6457c54af9a05433750c42bf
A0364,6457c54df9a05433750c4309
A4402,6457c54df9a05433750c4309
A0141,6457c550f9a05433750c436f
A3826,6457c550f9a05433750c436f
A1478,6457b9eaf9a05433750aa9b4
A3432,6457c555f9a05433750c441f
A4224,6457c555f9a05433750c441f
A3810,6457c555f9a05433750c441f
A0950,6457c555f9a05433750c4441
A1584,6457c555f9a05433750c4441
A0771,6457b3ecf9a054337509fc10
A0364,6457c557f9a05433750c4479
A0364,6457c557f9a05433750c4481
A1799,6457c557f9a05433750c4479
A2660,6457c557f9a05433750c4481
A0364,6457c558f9a05433750c44a3
A3233,6457c558f9a05433750c44a3
A3825,6457c550f9a05433750c436f
A0364,6457c559f9a05433750c44d7
A4363,6457c559f9a05433750c44d7
A0364,6457c55af9a05433750c44e8
A4211,6457c55af9a05433750c44e8
A0946,6457c555f9a05433750c4441
A1403,6457b9eaf9a05433750aa9b4
A0364,6457c55cf9a05433750c453e
A4017,6457c55cf9a05433750c453e
A0364,6457c55df9a05433750c4549
A4000,6457c55df9a05433750c4549
A0364,6457c55df9a05433750c455a
A0364,6457c55df9a05433750c4564
A3991,6457c55df9a05433750c455a
A3994,6457c55df9a05433750c4564
A0364,6457c55ef9a05433750c4583
A2394,6457c555f9a05433750c4441
A3968,6457c55ef9a05433750c4583
A0364,6457c55ff9a05433750c4593
A3928,6457c55ff9a05433750c4593
A0364,6457c55ff9a05433750c45a0
A0364,6457c560f9a05433750c45a8
A3854,6457c55ff9a05433750c45a0
A0364,6457c560f9a05433750c45b0
A3840,6457c560f9a05433750c45a8
A3836,6457c560f9a05433750c45b0
A0364,6457c560f9a05433750c45bc
A3826,6457c560f9a05433750c45bc
A0364,6457c562f9a05433750c45db
A3802,6457c562f9a05433750c45db
A0364,6457c563f9a05433750c45f3
A0364,6457c563f9a05433750c45f5
A3713,6457c563f9a05433750c45f3
A3698,6457c563f9a05433750c45f5
A2224,6457b3ecf9a054337509fc10
A0364,6457c563f9a05433750c4608
A0364,6457c563f9a05433750c4617
A3635,6457c563f9a05433750c4608
A3616,6457c563f9a05433750c4617
A0364,6457c565f9a05433750c465e
A0364,6457c565f9a05433750c4666
A0373,6457c565f9a05433750c465e
A3584,6457c565f9a05433750c4666
A1111,6457c555f9a05433750c4441
A0364,6457c567f9a05433750c46a4
A0364,6457c567f9a05433750c46a9
A3556,6457c567f9a05433750c46a4
A3475,6457c567f9a05433750c46a9
A0364,6457c567f9a05433750c46b5
A1840,6457c567f9a05433750c46b5
A0364,6457c568f9a05433750c46cd
A3410,6457c568f9a05433750c46cd
A0364,6457c569f9a05433750c46ea
A3361,6457c569f9a05433750c46ea
A0364,6457c56af9a05433750c46ff
A3350,6457c56af9a05433750c46ff
A0258,6457b9eaf9a05433750aa9b4
A0996,6457b3ecf9a054337509fc10
A0364,6457c56bf9a05433750c4739
A3307,6457c56bf9a05433750c4739
A0364,6457c56cf9a05433750c4763
A0364,6457c56cf9a05433750c4765
A0364,6457c56cf9a05433750c4767
A3146,6457c56cf9a05433750c4763
A3176,6457c56cf9a05433750c4765
A3143,6457c56cf9a05433750c4767
A0364,6457c56df9a05433750c4782
A3114,6457c56df9a05433750c4782
A0364,6457c56ef9a05433750c47a1
A0364,6457c56ff9a05433750c47b5
A0364,6457c56ff9a05433750c47be
A3017,6457c56ef9a05433750c47a1
A2422,6457c56ff9a05433750c47b5
A2832,6457c56ff9a05433750c47be
A3159,6457c570f9a05433750c47f5
A3379,6457c570f9a05433750c47f5
A2766,6457c570f9a05433750c47f5
A2268,6457b3ecf9a054337509fc10
A4428,6457c572f9a05433750c4825
A2665,6457c572f9a05433750c4825
A2441,6457b3ecf9a054337509fc10
A3992,6457c573f9a05433750c483c
A2680,6457c573f9a05433750c483c
A1419,6457c573f9a05433750c483c
A4424,6457c574f9a05433750c4858
A0648,6457c555f9a05433750c4441
A3467,6457c574f9a05433750c4858
A4415,6457c576f9a05433750c4895
A2428,6457c576f9a05433750c4895
A2583,6457b3ecf9a054337509fc10
A2620,6457b3ecf9a054337509fc10
A0428,6457c555f9a05433750c4441
A1796,6457b9eaf9a05433750aa9b4
A2501,6457b3ecf9a054337509fc10
A0163,6457b3ecf9a054337509fc10
A0522,6457c579f9a05433750c4905
A4499,6457c579f9a05433750c4905
A0364,6457c57bf9a05433750c4941
A2910,6457c57bf9a05433750c4941
A4087,6457c57cf9a05433750c4951
A1318,6457c57cf9a05433750c4951
A3752,6457c57df9a05433750c4969
A4402,6457c57df9a05433750c496e
A3554,6457c57df9a05433750c4969
A3253,6457c57df9a05433750c496e
A3198,6457c57df9a05433750c496e
A0355,6457c555f9a05433750c4441
A3203,6457c57df9a05433750c496e
A3275,6457c57df9a05433750c496e
A2240,6457c555f9a05433750c4441
A0053,6457c580f9a05433750c49ec
A3207,6457c57df9a05433750c496e
A0848,6457c555f9a05433750c4441
A3146,6457c582f9a05433750c4a35
A3584,6457c582f9a05433750c4a35
A2640,6457c555f9a05433750c4441
A3983,6457c57cf9a05433750c4951
A2661,6457c580f9a05433750c49ec
A0869,6457c555f9a05433750c4441
A2646,6457c580f9a05433750c49ec
A1291,6457c580f9a05433750c49ec
A2448,6457b3ecf9a054337509fc10
A3866,6457c580f9a05433750c49ec
A0364,6457c589f9a05433750c4b0d
A4242,6457c589f9a05433750c4b1e
A1799,6457c589f9a05433750c4b0d
A3230,6457c589f9a05433750c4b1e
A0364,6457c589f9a05433750c4b33
A2660,6457c589f9a05433750c4b33
A0364,6457c58af9a05433750c4b4c
A4296,6457c589f9a05433750c4b1e
A3233,6457c58af9a05433750c4b4c
A0364,6457c58bf9a05433750c4b6d
A4363,6457c58bf9a05433750c4b6d
A0364,6457c58cf9a05433750c4bab
A4211,6457c58cf9a05433750c4bab
A0364,6457c58df9a05433750c4be4
A4179,6457c58df9a05433750c4be4
A0364,6457c589f9a05433750c4b1e
A2309,6457b3ecf9a054337509fc10
A0364,6457c58ff9a05433750c4c31
A4017,6457c58ff9a05433750c4c31
A0364,6457c590f9a05433750c4c50
A3994,6457c590f9a05433750c4c50
A2980,6457c580f9a05433750c49ec
A0826,6457c580f9a05433750c49ec
A0364,6457c591f9a05433750c4c73
A3968,6457c591f9a05433750c4c73
A1371,6457c555f9a05433750c4441
A0364,6457c592f9a05433750c4c97
A0364,6457c592f9a05433750c4c99
A3928,6457c592f9a05433750c4c99
A1689,6457c592f9a05433750c4c97
A0364,6457c593f9a05433750c4cae
A3879,6457c592f9a05433750c4c97
A3854,6457c593f9a05433750c4cae
A0364,6457c593f9a05433750c4cca
A0364,6457c594f9a05433750c4ccf
A0364,6457c594f9a05433750c4cd5
A3840,6457c593f9a05433750c4cca
A3826,6457c594f9a05433750c4ccf
A3836,6457c594f9a05433750c4cd5
A1143,6457c555f9a05433750c4441
A0364,6457c595f9a05433750c4d01
A0364,6457c595f9a05433750c4d06
A3802,6457c595f9a05433750c4d01
A3761,6457c595f9a05433750c4d06
A0913,6457c555f9a05433750c4441
A0364,6457c596f9a05433750c4d19
A0364,6457c596f9a05433750c4d1e
A3698,6457c596f9a05433750c4d19
A0364,6457c596f9a05433750c4d2c
A3713,6457c596f9a05433750c4d1e
A3635,6457c596f9a05433750c4d2c
A0364,6457c597f9a05433750c4d3e
A3616,6457c597f9a05433750c4d3e
A0364,6457c598f9a05433750c4d52
A0373,6457c598f9a05433750c4d52
A0364,6457c599f9a05433750c4d5d
A0364,6457c599f9a05433750c4d61
A3584,6457c599f9a05433750c4d5d
A3556,6457c599f9a05433750c4d61
A0364,6457c599f9a05433750c4d6b
A0364,6457c59af9a05433750c4d73
A3475,6457c599f9a05433750c4d6b
A0786,6457c555f9a05433750c4441
A1840,6457c59af9a05433750c4d73
A0967,6457c555f9a05433750c4441
A0364,6457c59bf9a05433750c4d9d
A3410,6457c59bf9a05433750c4d9d
A0364,6457c59cf9a05433750c4dad
A3350,6457c59cf9a05433750c4dad
A0364,6457c59cf9a05433750c4db8
A0364,6457c59cf9a05433750c4dbf
A3307,6457c59cf9a05433750c4db8
A3361,6457c59cf9a05433750c4dbf
A0364,6457c59df9a05433750c4dd9
A0364,6457c59df9a05433750c4ddf
A3176,6457c59df9a05433750c4dd9
A1360,6457b3ecf9a054337509fc10
A0364,6457c59ef9a05433750c4df1
A3146,6457c59df9a05433750c4ddf
A3143,6457c59ef9a05433750c4df1
A0364,6457c59ff9a05433750c4e24
A3114,6457c59ff9a05433750c4e24
A0364,6457c59ff9a05433750c4e37
A3017,6457c59ff9a05433750c4e37
A0364,6457c5a0f9a05433750c4e5e
A0364,6457c5a1f9a05433750c4e63
A2422,6457c5a0f9a05433750c4e5e
A2832,6457c5a1f9a05433750c4e63
A1409,6457c555f9a05433750c4441
A0364,6457c5a3f9a05433750c4eb0
A3324,6457c5a3f9a05433750c4eb0
A0364,6457c5a3f9a05433750c4ec5
A0364,6457c5a3f9a05433750c4ecf
A3729,6457c5a3f9a05433750c4ec5
A0364,6457c5a4f9a05433750c4ed6
A4064,6457c5a3f9a05433750c4ecf
A3642,6457c5a4f9a05433750c4ed6
A0364,6457c5a4f9a05433750c4ee9
A2232,6457b3ecf9a054337509fc10
A3112,6457c5a4f9a05433750c4ee9
A1200,6457b3ecf9a054337509fc10
A0364,6457c5a6f9a05433750c4f3d
A0364,6457c5a6f9a05433750c4f45
A3578,6457c5a6f9a05433750c4f3d
A3026,6457c5a6f9a05433750c4f45
A0364,6457c5a7f9a05433750c4f6b
A2900,6457c5a7f9a05433750c4f6b
A0364,6457c5a8f9a05433750c4f81
A0364,6457c5a8f9a05433750c4f85
A0364,6457c5a8f9a05433750c4f8a
A3628,6457c5a8f9a05433750c4f81
A3106,6457c5a8f9a05433750c4f85
A3741,6457c5a8f9a05433750c4f8a
A0364,6457c5a9f9a05433750c4f9f
A2896,6457c5a9f9a05433750c4f9f
A0364,6457c5a9f9a05433750c4faf
A0364,6457c5a9f9a05433750c4fb9
A0364,6457c5a9f9a05433750c4fbb
A3499,6457c5a9f9a05433750c4faf
A3073,6457c5a9f9a05433750c4fb9
A4389,6457c5a9f9a05433750c4fbb
A0364,6457c5abf9a05433750c4fdf
A4381,6457c5abf9a05433750c4fdf
A0364,6457c5abf9a05433750c4fe7
A1467,6457b3ecf9a054337509fc10
A1042,6457b3ecf9a054337509fc10
A1687,6457c5abf9a05433750c4fe7
A0364,6457c5acf9a05433750c4ff1
A0364,6457c5acf9a05433750c4ff8
A4416,6457c5acf9a05433750c4ff1
A0364,6457c5acf9a05433750c5000
A0364,6457c5acf9a05433750c5003
A3256,6457c5acf9a05433750c4ff8
A4430,6457c5acf9a05433750c5000
A3912,6457c5acf9a05433750c5003
A0364,6457c5adf9a05433750c501d
A3701,6457c5adf9a05433750c501d
A0364,6457c5aef9a05433750c5031
A0364,6457c5aef9a05433750c5035
A0364,6457c5aef9a05433750c5038
A4164,6457c5aef9a05433750c5031
A4165,6457c5aef9a05433750c5035
A3303,6457c5aef9a05433750c5038
A0364,6457c5aff9a05433750c5047
A4224,6457c5aff9a05433750c5047
A0364,6457c5b0f9a05433750c5064
A0364,6457c5b0f9a05433750c5068
A0863,6457b3ecf9a054337509fc10
A0364,6457c5b0f9a05433750c506b
A4066,6457c5b0f9a05433750c5064
A4024,6457c5b0f9a05433750c5068
A1833,6457c5b0f9a05433750c506b
A0169,6457b3ecf9a054337509fc10
A2753,6457b3ecf9a054337509fc10
A0337,6457b3ecf9a054337509fc10
A2547,6457c5b0f9a05433750c5068
A0364,6457c5b1f9a05433750c5091
A4358,6457c5b1f9a05433750c5091
A0364,6457c5b2f9a05433750c50a2
A0364,6457c5b2f9a05433750c50a5
A4015,6457c5b2f9a05433750c50a2
A3613,6457c5b2f9a05433750c50a5
A0364,6457c5b3f9a05433750c50bc
A3647,6457c5b3f9a05433750c50bc
A0364,6457c5b3f9a05433750c50ce
A3622,6457c5b3f9a05433750c50ce
A0364,6457c5b3f9a05433750c50e1
A3128,6457c5b3f9a05433750c50e1
A0364,6457c5b4f9a05433750c5101
A3943,6457c5b4f9a05433750c5101
A0364,6457c5b5f9a05433750c5111
A3978,6457c5b5f9a05433750c5111
A0364,6457c5b5f9a05433750c5124
A4069,6457c5b5f9a05433750c5124
A0364,6457c5b6f9a05433750c5140
A3890,6457c5b6f9a05433750c5140
A0364,6457c5b7f9a05433750c516d
A0364,6457c5b7f9a05433750c5173
A3827,6457c5b7f9a05433750c516d
A1228,6457c5b7f9a05433750c5173
A0364,6457c5b8f9a05433750c518b
A3132,6457c5b7f9a05433750c5173
A0364,6457c5b8f9a05433750c5195
A3726,6457c5b8f9a05433750c518b
A3614,6457c5b8f9a05433750c5195
A0364,6457c5baf9a05433750c51e5
A3180,6457c5baf9a05433750c51e5
A0364,6457c5bbf9a05433750c51f4
A4197,6457c5bbf9a05433750c51f4
A0894,6457b3ecf9a054337509fc10
A0364,6457c5bdf9a05433750c523e
A0364,6457c5bdf9a05433750c5244
A3733,6457c5bdf9a05433750c523e
A3433,6457c5bdf9a05433750c5244
A0364,6457c5bdf9a05433750c5252
A4047,6457c5bdf9a05433750c5252
A2831,6457c5bdf9a05433750c5252
A1805,6457b3ecf9a054337509fc10
A1356,6457b3ecf9a054337509fc10
A0364,6457c5bef9a05433750c5271
A4175,6457c5bdf9a05433750c5252
A3995,6457c5bef9a05433750c5271
A0364,6457c5bff9a05433750c5288
A4368,6457c5bff9a05433750c5288
A0364,6457c5c0f9a05433750c5293
A3379,6457c5c0f9a05433750c5293
A0364,6457c5c0f9a05433750c529d
A3207,6457c5c0f9a05433750c529d
A0364,6457c5c1f9a05433750c52ab
A0364,6457c5c1f9a05433750c52af
A0364,6457c5c1f9a05433750c52b5
A4229,6457c5c1f9a05433750c52ab
A1475,6457c5c1f9a05433750c52af
A0364,6457c5c2f9a05433750c52be
A3426,6457c5c1f9a05433750c52b5
A0924,6457c5c2f9a05433750c52be
A3117,6457c5c2f9a05433750c52be
A0364,6457c5c4f9a05433750c5303
A4433,6457c5c4f9a05433750c5303
A0364,6457c5c5f9a05433750c531c
A0364,6457c5c5f9a05433750c531f
A0364,6457c5c5f9a05433750c5321
A4377,6457c5c5f9a05433750c531c
A3323,6457c5c5f9a05433750c5321
A3423,6457c5c5f9a05433750c531f
A2567,6457b3ecf9a054337509fc10
A0364,6457c5c7f9a05433750c5371
A3253,6457c5c7f9a05433750c5371
A0364,6457c5c7f9a05433750c5384
A0364,6457c5c8f9a05433750c538a
A0808,6457b3ecf9a054337509fc10
A0364,6457c5c8f9a05433750c538e
A2774,6457c5c7f9a05433750c5384
A4175,6457c5c8f9a05433750c538a
A3169,6457c5c8f9a05433750c538e
A0364,6457c5c8f9a05433750c53a5
A3197,6457c5c8f9a05433750c53a5
A0364,6457c5c9f9a05433750c53c6
A3166,6457c5c9f9a05433750c53c6
A0364,6457c5c9f9a05433750c53d2
A3170,6457c5c9f9a05433750c53d2
A0364,6457c5caf9a05433750c53e5
A0364,6457c5cbf9a05433750c53ef
A3159,6457c5caf9a05433750c53e5
A0364,6457c5cbf9a05433750c53f6
A3107,6457c5cbf9a05433750c53ef
A3121,6457c5cbf9a05433750c53f6
A0364,6457c5cbf9a05433750c540a
A4061,6457c5cbf9a05433750c540a
A0364,6457c5ccf9a05433750c5415
A0364,6457c5ccf9a05433750c5421
A3242,6457c5ccf9a05433750c5415
A0364,6457c5ccf9a05433750c5426
A3962,6457c5ccf9a05433750c5421
A4407,6457c5ccf9a05433750c5426
A0364,6457c5cdf9a05433750c543b
A3032,6457c5cdf9a05433750c543b
A1977,6457b3ecf9a054337509fc10
A0364,6457c5cef9a05433750c5479
A0364,6457c5cef9a05433750c547e
A3369,6457c5cef9a05433750c5479
A4303,6457c5cef9a05433750c547e
A0364,6457c5cff9a05433750c549a
A3687,6457c5cff9a05433750c549a
A0364,6457c5d0f9a05433750c54a9
A0364,6457c5d0f9a05433750c54ab
A0364,6457c5d0f9a05433750c54ac
A4420,6457c5d0f9a05433750c54a9
A3509,6457c5d0f9a05433750c54ab
A3339,6457c5d0f9a05433750c54ac
A3344,6457c5d0f9a05433750c54ab
A0364,6457c5d1f9a05433750c54e0
A2782,6457c5d1f9a05433750c54e0
A0364,6457c5d3f9a05433750c5500
A0364,6457c5d3f9a05433750c5506
A3301,6457c5d3f9a05433750c5500
A0364,6457c5d4f9a05433750c5511
A3251,6457c5d3f9a05433750c5506
A3232,6457c5d4f9a05433750c5511
A0364,6457c5d5f9a05433750c5529
A0364,6457c5d5f9a05433750c552b
A0364,6457c5d5f9a05433750c5531
A3300,6457c5d5f9a05433750c5529
A3387,6457c5d5f9a05433750c552b
A0364,6457c5d5f9a05433750c5537
A3388,6457c5d5f9a05433750c552b
A3291,6457c5d5f9a05433750c5531
A3260,6457c5d5f9a05433750c5537
A0364,6457c5d6f9a05433750c5546
A3734,6457c5d6f9a05433750c5546
A0364,6457c5d7f9a05433750c5552
A0364,6457c5d7f9a05433750c5557
A3173,6457c5d7f9a05433750c5557
A3932,6457c5d7f9a05433750c5552
A0364,6457c5d8f9a05433750c556c
A0364,6457c5d8f9a05433750c5570
A4449,6457c5d8f9a05433750c556c
A3831,6457c5d8f9a05433750c5570
A0364,6457c5d8f9a05433750c557c
A0435,6457c5d8f9a05433750c556c
A3544,6457c5d8f9a05433750c557c
A0364,6457c5d9f9a05433750c5596
A3432,6457c5d9f9a05433750c5596
A1506,6457b3ecf9a054337509fc10
A0364,6457c5daf9a05433750c55c9
A3223,6457c5daf9a05433750c55c9
A1558,6457b3ecf9a054337509fc10
A0364,6457c5dbf9a05433750c5600
A0364,6457c5dbf9a05433750c5605
A2889,6457c5dbf9a05433750c5600
A0364,6457c5dcf9a05433750c5611
A3036,6457c5dbf9a05433750c5605
A3481,6457c5dcf9a05433750c5611
A0364,6457c5dcf9a05433750c561f
A2850,6457c5dcf9a05433750c561f
A0364,6457c5dcf9a05433750c562c
A3732,6457c5dcf9a05433750c562c
A0364,6457c5def9a05433750c5665
A0364,6457c5def9a05433750c5669
A3204,6457c5def9a05433750c5665
A2791,6457c5def9a05433750c5669
A0364,6457c5dff9a05433750c567c
A0364,6457c5dff9a05433750c5682
A3565,6457c5dff9a05433750c567c
A4248,6457c5dff9a05433750c5682
A1073,6457b3ecf9a054337509fc10
A0364,6457c5e1f9a05433750c56c4
A0364,6457c5e1f9a05433750c56c6
A3649,6457c5e1f9a05433750c56c4
A3849,6457c5e1f9a05433750c56c6
A0364,6457c5e1f9a05433750c56d5
A3105,6457c5e1f9a05433750c56d5
A0364,6457c5e2f9a05433750c56e4
A0327,6457b9eaf9a05433750aa9b4
A2883,6457c5e2f9a05433750c56e4
A0364,6457c5e2f9a05433750c56fa
A3869,6457c5e2f9a05433750c56fa
A0364,6457c5e3f9a05433750c5718
A2922,6457c5e3f9a05433750c5718
A0364,6457c5e3f9a05433750c572c
A0364,6457c5e4f9a05433750c5737
A4137,6457c5e3f9a05433750c572c
A3655,6457c5e4f9a05433750c5737
A0364,6457c5e5f9a05433750c575d
A0364,6457c5e5f9a05433750c5765
A2834,6457c5e5f9a05433750c575d
A2790,6457c5e5f9a05433750c5765
A0364,6457c5e5f9a05433750c5772
A0536,6457b3ecf9a054337509fc10
A3757,6457c5e5f9a05433750c5772
A0364,6457c5e6f9a05433750c577f
A3965,6457c5e6f9a05433750c577f
A0364,6457c5e6f9a05433750c5789
A4341,6457c5e6f9a05433750c5789
A0364,6457c5e7f9a05433750c5795
A0364,6457c5e7f9a05433750c579c
A0206,6457c5e7f9a05433750c5795
A2968,6457c5e7f9a05433750c5795
A2818,6457c5e7f9a05433750c579c
A1862,6457c5e7f9a05433750c5795
A0364,6457c5e8f9a05433750c57b0
A2831,6457c5e8f9a05433750c57b0
A0364,6457c5e9f9a05433750c57ca
A2836,6457c5e9f9a05433750c57ca
A0364,6457c5e9f9a05433750c57d8
A3372,6457c5e9f9a05433750c57d8
A0364,6457c5eaf9a05433750c57e5
A0364,6457c5eaf9a05433750c57ee
A4444,6457c5eaf9a05433750c57e5
A4051,6457c5eaf9a05433750c57ee
A0364,6457c5ebf9a05433750c5805
A2846,6457c5ebf9a05433750c5805
A0364,6457c5ebf9a05433750c581b
A3693,6457c5ebf9a05433750c581b
A0364,6457c5edf9a05433750c5845
A0364,6457c5edf9a05433750c5848
A0364,6457c5edf9a05433750c5850
A2906,6457c5edf9a05433750c5845
A3018,6457c5edf9a05433750c5848
A0364,6457c5edf9a05433750c5857
A2912,6457c5edf9a05433750c5850
A0364,6457c5eef9a05433750c5866
A2843,6457c5edf9a05433750c5857
A4337,6457c5eef9a05433750c5866
A4197,6457c5f0f9a05433750c58bc
A2647,6457c5f0f9a05433750c58bc
A0660,6457c5f2f9a05433750c591f
A3726,6457c5f3f9a05433750c5924
A4496,6457c5f3f9a05433750c5924
A2693,6457c5f2f9a05433750c591f
A3420,6457c5f3f9a05433750c5924
A3393,6457c5f3f9a05433750c593d
A3324,6457c5f4f9a05433750c594b
A1782,6457c5f4f9a05433750c594b
A4175,6457c5f3f9a05433750c593d
A2196,6457c5f2f9a05433750c591f
A2861,6457c5f2f9a05433750c591f
A2831,6457c5f6f9a05433750c59a4
A3051,6457c5f6f9a05433750c59a4
A4065,6457c5f6f9a05433750c59a4
A3544,6457c5f6f9a05433750c59c3
A3642,6457c5f6f9a05433750c59c3
A4410,6457c5f2f9a05433750c591f
A3062,6457c5f7f9a05433750c59f1
A0171,6457c5f2f9a05433750c591f
A3112,6457c5f7f9a05433750c59f1
A2096,6457c5f2f9a05433750c591f
A3049,6457c5faf9a05433750c5a2c
A3242,6457c5f2f9a05433750c591f
A3026,6457c5faf9a05433750c5a2c
A3578,6457c5faf9a05433750c5a37
A1751,6457b3ecf9a054337509fc10
A3099,6457c5f6f9a05433750c59c3
A0552,6457b9eaf9a05433750aa9b4
A3124,6457c5faf9a05433750c5a37
A0506,6457c5f2f9a05433750c591f
A3047,6457c5fdf9a05433750c5a93
A2900,6457c5fdf9a05433750c5a93
A3118,6457c5fff9a05433750c5aeb
A2343,6457b9eaf9a05433750aa9b4
A3741,6457c601f9a05433750c5b1d
A3628,6457c5fff9a05433750c5aeb
A1505,6457b3ecf9a054337509fc10
A3810,6457c601f9a05433750c5b1d
A1207,6457b3ecf9a054337509fc10
A1959,6457b3ecf9a054337509fc10
A3043,6457c601f9a05433750c5b1d
A1284,6457b3ecf9a054337509fc10
A0052,6457c602f9a05433750c5b65
A3673,6457c602f9a05433750c5b65
A4024,6457c604f9a05433750c5ba0
A4389,6457c604f9a05433750c5ba0
A3123,6457c605f9a05433750c5bc2
A3073,6457c605f9a05433750c5bc2
A3069,6457c607f9a05433750c5c1b
A1687,6457c607f9a05433750c5c1b
A4163,6457c607f9a05433750c5c1b
A4381,6457c608f9a05433750c5c35
A4024,6457c608f9a05433750c5c35
A4232,6457c608f9a05433750c5c43
A4380,6457c608f9a05433750c5c35
A3255,6457c608f9a05433750c5c43
A0162,6457c5f2f9a05433750c591f
A3275,6457c608f9a05433750c5c43
A3256,6457c608f9a05433750c5c43
A4416,6457c60bf9a05433750c5cbc
A2561,6457c5f2f9a05433750c591f
A2355,6457b3ecf9a054337509fc10
A4171,6457c60bf9a05433750c5cbc
A4225,6457c610f9a05433750c5d5d
A3701,6457c610f9a05433750c5d5d
A4164,6457c615f9a05433750c5e11
A4165,6457c615f9a05433750c5e23
A4138,6457c615f9a05433750c5e34
A3302,6457c615f9a05433750c5e34
A3303,6457c615f9a05433750c5e34
A3527,6457c615f9a05433750c5e23
A3004,6457c61af9a05433750c5ef2
A3005,6457c61af9a05433750c5ef2
A4224,6457c61af9a05433750c5ef2
A3407,6457c61bf9a05433750c5f0d
A2444,6457b3ecf9a054337509fc10
A2537,6457c61bf9a05433750c5f0d
A3406,6457c61bf9a05433750c5f0d
A4175,6457c615f9a05433750c5e11
A3810,6457c615f9a05433750c5e11
A4175,6457c620f9a05433750c5fcd
A3613,6457c620f9a05433750c5fcd
A4044,6457c620f9a05433750c5fcd
A4163,6457c620f9a05433750c5fde
A4358,6457c620f9a05433750c5fde
A4067,6457c620f9a05433750c5fcd
A3275,6457c620f9a05433750c5fcd
A4402,6457c620f9a05433750c5fcd
A3741,6457c623f9a05433750c604e
A1686,6457c623f9a05433750c604e
A4066,6457c623f9a05433750c604e
A3810,6457c623f9a05433750c604e
A1423,6457c623f9a05433750c604e
A3063,6457c623f9a05433750c604e
A0589,6457b9eaf9a05433750aa9b4
A4043,6457c626f9a05433750c60b9
A3946,6457c627f9a05433750c60c5
A3128,6457c627f9a05433750c60c5
A3978,6457c628f9a05433750c60e8
A3622,6457c626f9a05433750c60b9
A3833,6457c628f9a05433750c60f1
A3891,6457c628f9a05433750c60e8
A3943,6457c628f9a05433750c60f1
A3647,6457c629f9a05433750c6110
A1817,6457b3ecf9a054337509fc10
A2505,6457b3ecf9a054337509fc10
A3005,6457c62af9a05433750c6145
A4069,6457c62af9a05433750c6145
A3253,6457c62df9a05433750c61a4
A3887,6457c62df9a05433750c61a4
A3132,6457c62df9a05433750c61a4
A0688,6457b9eaf9a05433750aa9b4
A1634,6457b3ecf9a054337509fc10
A1043,6457b3ecf9a054337509fc10
A2378,6457b3ecf9a054337509fc10
A3379,6457c630f9a05433750c623f
A3726,6457c630f9a05433750c623f
A1858,6457b3ecf9a054337509fc10
A3207,6457c630f9a05433750c623f
A2831,6457c634f9a05433750c62be
A3554,6457c634f9a05433750c62be
A3752,6457c634f9a05433750c62be
A1715,6457b3ecf9a054337509fc10
A3749,6457c636f9a05433750c62f7
A3544,6457c636f9a05433750c62fa
A3180,6457c636f9a05433750c62f7
A3379,6457c636f9a05433750c62fa
A4197,6457c636f9a05433750c62fa
A3544,6457c638f9a05433750c633b
A3751,6457c638f9a05433750c633b
A3733,6457c638f9a05433750c634d
A3433,6457c638f9a05433750c633b
A3810,6457c638f9a05433750c634d
A3379,6457c629f9a05433750c6110
A4175,6457c636f9a05433750c62fa
A2831,6457c63bf9a05433750c63ce
A4047,6457c63bf9a05433750c63ce
A0939,6457b3ecf9a054337509fc10
A3544,6457c63df9a05433750c643b
A0988,6457c63df9a05433750c643b
A3995,6457c63df9a05433750c643b
A4368,6457c63ff9a05433750c6489
A3618,6457c63ff9a05433750c6489
A3625,6457c640f9a05433750c64b5
A3379,6457c640f9a05433750c64ba
A3207,6457c640f9a05433750c64b5
A3626,6457c640f9a05433750c64ba
A4110,6457c644f9a05433750c6520
A4175,6457c644f9a05433750c6526
A3426,6457c644f9a05433750c6526
A3528,6457c644f9a05433750c6535
A0926,6457b3ecf9a054337509fc10
A4111,6457c644f9a05433750c6520
A3603,6457c645f9a05433750c6545
A2738,6457b3ecf9a054337509fc10
A2456,6457c644f9a05433750c6526
A4229,6457c645f9a05433750c6545
A3117,6457c644f9a05433750c6535
A3419,6457c648f9a05433750c65c7
A3323,6457c648f9a05433750c65c7
A0924,6457c644f9a05433750c6535
A2488,6457b9eaf9a05433750aa9b4
A0739,6457c64bf9a05433750c662c
A2195,6457c64bf9a05433750c662c
A0368,6457b3ecf9a054337509fc10
A3891,6457c64df9a05433750c666b
A3253,6457c64df9a05433750c666b
A2216,6457c64bf9a05433750c662c
A3204,6457c64df9a05433750c666b
A2186,6457c64df9a05433750c666b
A4175,6457c64ff9a05433750c66c9
A4377,6457c64bf9a05433750c662c
A3207,6457c64ff9a05433750c66c9
A4402,6457c652f9a05433750c6740
A4175,6457c652f9a05433750c6740
A4402,6457c653f9a05433750c676c
A4175,6457c653f9a05433750c676c
A3166,6457c653f9a05433750c677c
A3197,6457c653f9a05433750c676c
A3810,6457c653f9a05433750c677c
A4163,6457c655f9a05433750c67cb
A3155,6457c655f9a05433750c67cb
A1636,6457b3ecf9a054337509fc10
A3170,6457c655f9a05433750c67cb
A0015,6457c64bf9a05433750c662c
A4060,6457c65af9a05433750c685d
A3337,6457c65af9a05433750c685f
A4061,6457c65af9a05433750c685d
A3121,6457c65af9a05433750c685f
A0363,6457b3ecf9a054337509fc10
A1275,6457c65bf9a05433750c6898
A3962,6457c65bf9a05433750c6898
A3242,6457c65cf9a05433750c68a1
A0506,6457c65cf9a05433750c68a1
A2096,6457c65cf9a05433750c68a1
A3810,6457c64bf9a05433750c662c
A0505,6457c65cf9a05433750c68a1
A4407,6457c661f9a05433750c6949
A3369,6457c661f9a05433750c694f
A4454,6457c662f9a05433750c6972
A3275,6457c661f9a05433750c6949
A3207,6457c661f9a05433750c694f
A1649,6457b9eaf9a05433750aa9b4
A3338,6457c661f9a05433750c694f
A4303,6457c662f9a05433750c6972
A4402,6457c661f9a05433750c6949
A4175,6457c661f9a05433750c6949
A4444,6457c665f9a05433750c6a03
A3345,6457c665f9a05433750c6a03
A1811,6457b3ecf9a054337509fc10
A3810,6457c667f9a05433750c6a4d
A3509,6457c667f9a05433750c6a4d
A3344,6457c667f9a05433750c6a4d
A3508,6457c667f9a05433750c6a4d
A3334,6457c66df9a05433750c6b29
A4163,6457c66ef9a05433750c6b48
A3301,6457c66ef9a05433750c6b48
A2782,6457c66df9a05433750c6b29
A2389,6457b9eaf9a05433750aa9b4
A4024,6457c670f9a05433750c6b98
A1187,6457b9eaf9a05433750aa9b4
A3232,6457c670f9a05433750c6b98
A4385,6457c670f9a05433750c6b98
A3388,6457c675f9a05433750c6c55
A1173,6457b3ecf9a054337509fc10
A3226,6457c675f9a05433750c6c55
A0600,6457b9eaf9a05433750aa9b4
A3734,6457c678f9a05433750c6cc6
A3260,6457c678f9a05433750c6cd3
A3261,6457c678f9a05433750c6cc6
A3709,6457c678f9a05433750c6cd3
A0529,6457b3ecf9a054337509fc10
A3810,6457c67cf9a05433750c6d52
A3173,6457c67cf9a05433750c6d56
A0832,6457b3ecf9a054337509fc10
A3263,6457c67cf9a05433750c6d52
A4449,6457c67cf9a05433750c6d52
A3300,6457c67cf9a05433750c6d6f
A3282,6457c67cf9a05433750c6d6f
A3544,6457c67ef9a05433750c6dad
A3543,6457c67ef9a05433750c6dad
A3432,6457c681f9a05433750c6e11
A3810,6457c67cf9a05433750c6d56
A3223,6457c681f9a05433750c6e18
A3247,6457c681f9a05433750c6e11
A0187,6457c686f9a05433750c6ebf
A2850,6457c686f9a05433750c6ed9
A3810,6457c686f9a05433750c6ed9
A2889,6457c686f9a05433750c6ebf
A2256,6457b9eaf9a05433750aa9b4
A3810,6457c681f9a05433750c6e18
A2242,6457b3ecf9a054337509fc10
A4024,6457c68af9a05433750c6f73
A3203,6457c68af9a05433750c6f79
A3731,6457c68af9a05433750c6f73
A2791,6457c68af9a05433750c6f79
A2851,6457c68bf9a05433750c6f8d
A3732,6457c68af9a05433750c6f73
A3896,6457c68bf9a05433750c6f98
A3204,6457c68bf9a05433750c6f8d
A3544,6457c68bf9a05433750c6f98
A2903,6457c68bf9a05433750c6f98
A4248,6457c68bf9a05433750c6f98
A4175,6457c68bf9a05433750c6f98
A3932,6457c68df9a05433750c6fdc
A3565,6457c68df9a05433750c6fdc
A2799,6457c68df9a05433750c6fdc
A2824,6457c68ef9a05433750c701a
A3203,6457c68ef9a05433750c701a
A3849,6457c68ef9a05433750c701a
A2784,6457c68ff9a05433750c7030
A0318,6457c68ef9a05433750c701a
A3649,6457c68ff9a05433750c7030
A3810,6457c692f9a05433750c708c
A2284,6457c692f9a05433750c708c
A2862,6457c692f9a05433750c708c
A3105,6457c692f9a05433750c708c
A4402,6457c692f9a05433750c708c
A1011,6457b3ecf9a054337509fc10
A3207,6457c692f9a05433750c708c
A2740,6457b3ecf9a054337509fc10
A2894,6457c695f9a05433750c70d7
A3869,6457c695f9a05433750c70d7
A3379,6457c695f9a05433750c70d7
A3810,6457c695f9a05433750c70d7
A3275,6457c695f9a05433750c70d7
A3891,6457c696f9a05433750c7118
A1910,6457c696f9a05433750c7118
A1758,6457b9eaf9a05433750aa9b4
A3379,6457c696f9a05433750c7118
A3655,6457c696f9a05433750c7118
A3207,6457c696f9a05433750c7118
A4175,6457c696f9a05433750c7118
A3544,6457c69bf9a05433750c71a2
A2864,6457c69bf9a05433750c71a6
A2913,6457c69bf9a05433750c71a2
A1856,6457c69cf9a05433750c71aa
A2790,6457c69bf9a05433750c71a2
A2456,6457c69bf9a05433750c71a6
A2837,6457c69cf9a05433750c71b7
A3207,6457c69cf9a05433750c71aa
A3965,6457c69cf9a05433750c71b7
A2602,6457b9eaf9a05433750aa9b4
A4136,6457c69df9a05433750c71f5
A2521,6457b3ecf9a054337509fc10
A4175,6457c69df9a05433750c71f5
A3757,6457c69bf9a05433750c71a6
A2818,6457c69ff9a05433750c722b
A3810,6457c69ff9a05433750c722b
A2831,6457c6a0f9a05433750c7250
A2968,6457c6a0f9a05433750c725a
A3255,6457c6a0f9a05433750c7250
A2907,6457c6a0f9a05433750c725a
A4175,6457c6a0f9a05433750c7250
A4402,6457c6a0f9a05433750c7250
A3372,6457c6a5f9a05433750c731a
A4444,6457c6a6f9a05433750c732d
A4443,6457c6a6f9a05433750c732d
A4174,6457c6a8f9a05433750c7383
A2910,6457c6a8f9a05433750c7383
A1379,6457b3ecf9a054337509fc10
A4051,6457c6aaf9a05433750c73cd
A2838,6457c6aaf9a05433750c73cd
A0129,6457b9eaf9a05433750aa9b4
A2887,6457c6abf9a05433750c7405
A3693,6457c6abf9a05433750c7405
A2886,6457c6abf9a05433750c7405
A1760,6457b9eaf9a05433750aa9b4
A0056,6457b3ecf9a054337509fc10
A1638,6457b3ecf9a054337509fc10
A3864,6457c6b1f9a05433750c74db
A4337,6457c6b1f9a05433750c74db
A0214,6457c6b3f9a05433750c753c
A2918,6457c6b3f9a05433750c753c
A2912,6457c6b3f9a05433750c753c
A3376,6457c6a5f9a05433750c731a
A0364,6457c6b6f9a05433750c759d
A4465,6457c6b6f9a05433750c759d
A0364,6457c6b6f9a05433750c75b2
A0364,6457c6b7f9a05433750c75b8
A0364,6457c6b7f9a05433750c75be
A4370,6457c6b6f9a05433750c75b2
A4348,6457c6b7f9a05433750c75b8
A4382,6457c6b7f9a05433750c75be
A0364,6457c6b8f9a05433750c75e1
A0364,6457c6b8f9a05433750c75e5
A4298,6457c6b8f9a05433750c75e1
A4305,6457c6b8f9a05433750c75e5
A0364,6457c6b9f9a05433750c7613
A4091,6457c6b9f9a05433750c7613
A0364,6457c6baf9a05433750c762d
A0364,6457c6baf9a05433750c7631
A4079,6457c6baf9a05433750c762d
A4022,6457c6baf9a05433750c7631
A0364,6457c6bbf9a05433750c764d
A3992,6457c6bbf9a05433750c764d
A0364,6457c6bcf9a05433750c766b
A2227,6457b9eaf9a05433750aa9b4
A3969,6457c6bcf9a05433750c766b
A0364,6457c6bcf9a05433750c7676
A0364,6457c6bcf9a05433750c767f
A3950,6457c6bcf9a05433750c7676
A3930,6457c6bcf9a05433750c767f
A1089,6457b9eaf9a05433750aa9b4
A0364,6457c6bdf9a05433750c769b
A0364,6457c6bdf9a05433750c769e
A3868,6457c6bdf9a05433750c769b
A3842,6457c6bdf9a05433750c769e
A0364,6457c6bef9a05433750c76b3
A2801,6457c6bef9a05433750c76b3
A0364,6457c6bef9a05433750c76bf
A0364,6457c6bff9a05433750c76c8
A0364,6457c6bff9a05433750c76cc
A3736,6457c6bff9a05433750c76c8
A3704,6457c6bff9a05433750c76cc
A0364,6457c6bff9a05433750c76de
A3775,6457c6bef9a05433750c76bf
A3702,6457c6bff9a05433750c76de
A0364,6457c6c0f9a05433750c76fb
A0364,6457c6c0f9a05433750c76fd
A3686,6457c6c0f9a05433750c76fb
A3659,6457c6c0f9a05433750c76fd
A0364,6457c6c1f9a05433750c7713
A1123,6457c6c1f9a05433750c7713
A0364,6457c6c1f9a05433750c7726
A0364,6457c6c1f9a05433750c7731
A3592,6457c6c1f9a05433750c7726
A3553,6457c6c1f9a05433750c7731
A0364,6457c6c2f9a05433750c7745
A3542,6457c6c2f9a05433750c7745
A0364,6457c6c2f9a05433750c7755
A3525,6457c6c2f9a05433750c7755
A0364,6457c6c3f9a05433750c7768
A1055,6457b3ecf9a054337509fc10
A0364,6457c6c3f9a05433750c7770
A0074,6457b3ecf9a054337509fc10
A3523,6457c6c3f9a05433750c7768
A0364,6457c6c3f9a05433750c777b
A3519,6457c6c3f9a05433750c7770
A0364,6457c6c4f9a05433750c7787
A3500,6457c6c3f9a05433750c777b
A3467,6457c6c4f9a05433750c7787
A0364,6457c6c4f9a05433750c77a6
A3408,6457c6c4f9a05433750c77a6
A0364,6457c6c5f9a05433750c77b5
A0364,6457c6c5f9a05433750c77b9
A0364,6457c6c5f9a05433750c77bd
A3306,6457c6c5f9a05433750c77b5
A3385,6457c6c5f9a05433750c77b9
A3277,6457c6c5f9a05433750c77bd
A0364,6457c6c6f9a05433750c77cc
A0364,6457c6c6f9a05433750c77d1
A3145,6457c6c6f9a05433750c77cc
A3174,6457c6c6f9a05433750c77d1
A0364,6457c6c7f9a05433750c77e3
A0364,6457c6c7f9a05433750c77ea
A3131,6457c6c7f9a05433750c77e3
A3019,6457c6c7f9a05433750c77ea
A0364,6457c6c7f9a05433750c77fa
A0364,6457c6c7f9a05433750c7800
A3008,6457c6c7f9a05433750c77fa
A3001,6457c6c7f9a05433750c7800
A0364,6457c6c9f9a05433750c782b
A2984,6457c6c9f9a05433750c782b
A0364,6457c6c9f9a05433750c7837
A0364,6457c6c9f9a05433750c7839
A0364,6457c6c9f9a05433750c783e
A2960,6457c6c9f9a05433750c7837
A2936,6457c6c9f9a05433750c7839
A4465,6457c6c9f9a05433750c783e
A0364,6457c6caf9a05433750c784c
A0364,6457c6caf9a05433750c7850
A4382,6457c6caf9a05433750c784c
A4370,6457c6caf9a05433750c7850
A0364,6457c6cbf9a05433750c7863
A0364,6457c6cbf9a05433750c7865
A4305,6457c6cbf9a05433750c7863
A4348,6457c6cbf9a05433750c7865
A0364,6457c6cbf9a05433750c787a
A4298,6457c6cbf9a05433750c787a
A0364,6457c6ccf9a05433750c789a
A0968,6457b3ecf9a054337509fc10
A4091,6457c6ccf9a05433750c789a
A0364,6457c6cdf9a05433750c78b3
A0364,6457c6cef9a05433750c78bb
A4018,6457c6cdf9a05433750c78b3
A4022,6457c6cef9a05433750c78bb
A0364,6457c6cef9a05433750c78c4
A3992,6457c6cef9a05433750c78c4
A0364,6457c6cff9a05433750c78da
A1329,6457b9eaf9a05433750aa9b4
A0364,6457c6cff9a05433750c78e2
A3969,6457c6cff9a05433750c78da
A0364,6457c6cff9a05433750c78ed
A4079,6457c6cff9a05433750c78e2
A0364,6457c6cff9a05433750c78f4
A3950,6457c6cff9a05433750c78ed
A3930,6457c6cff9a05433750c78f4
A0364,6457c6d0f9a05433750c7911
A0364,6457c6d1f9a05433750c791b
A3868,6457c6d0f9a05433750c7911
A3842,6457c6d1f9a05433750c791b
A0364,6457c6d1f9a05433750c7932
A2801,6457c6d1f9a05433750c7932
A0364,6457c6d2f9a05433750c7953
A0364,6457c6d2f9a05433750c7959
A0364,6457c6d2f9a05433750c795e
A3775,6457c6d2f9a05433750c7953
A3736,6457c6d2f9a05433750c7959
A0364,6457c6d3f9a05433750c7969
A3704,6457c6d2f9a05433750c795e
A3702,6457c6d3f9a05433750c7969
A0364,6457c6d4f9a05433750c7986
A3686,6457c6d4f9a05433750c7986
A0364,6457c6d4f9a05433750c7996
A0530,6457b3ecf9a054337509fc10
A1123,6457c6d4f9a05433750c7996
A0364,6457c6d4f9a05433750c79a7
A3592,6457c6d4f9a05433750c79a7
A0364,6457c6d5f9a05433750c79c6
A0364,6457c6d5f9a05433750c79d0
A3542,6457c6d5f9a05433750c79c6
A3553,6457c6d5f9a05433750c79d0
A0364,6457c6d6f9a05433750c79e1
A3525,6457c6d6f9a05433750c79e1
A0836,6457b3ecf9a054337509fc10
A0364,6457c6d7f9a05433750c79fc
A3523,6457c6d7f9a05433750c79fc
A0364,6457c6d7f9a05433750c7a09
A0364,6457c6d7f9a05433750c7a13
A3519,6457c6d7f9a05433750c7a09
A0364,6457c6d8f9a05433750c7a1f
A3500,6457c6d7f9a05433750c7a13
A3467,6457c6d8f9a05433750c7a1f
A0364,6457c6d8f9a05433750c7a39
A3408,6457c6d8f9a05433750c7a39
A0364,6457c6d9f9a05433750c7a4f
A0364,6457c6daf9a05433750c7a58
A3385,6457c6d9f9a05433750c7a4f
A0364,6457c6daf9a05433750c7a5e
A3306,6457c6daf9a05433750c7a58
A0364,6457c6daf9a05433750c7a68
A3277,6457c6daf9a05433750c7a5e
A3174,6457c6daf9a05433750c7a68
A0364,6457c6dbf9a05433750c7a8b
A3145,6457c6dbf9a05433750c7a8b
A0364,6457c6dcf9a05433750c7aa4
A3019,6457c6dcf9a05433750c7aa4
A0364,6457c6dcf9a05433750c7ab0
A0364,6457c6dcf9a05433750c7ab3
A3131,6457c6dcf9a05433750c7ab0
A0364,6457c6ddf9a05433750c7abd
A0364,6457c6ddf9a05433750c7ac1
A3001,6457c6dcf9a05433750c7ab3
A2994,6457c6ddf9a05433750c7abd
A3008,6457c6ddf9a05433750c7ac1
A0364,6457c6def9a05433750c7ae9
A0364,6457c6def9a05433750c7aef
A2984,6457c6def9a05433750c7ae9
A2960,6457c6def9a05433750c7aef
A0364,6457c6dff9a05433750c7b07
A2936,6457c6dff9a05433750c7b07
A3733,6457c6e0f9a05433750c7b39
A3810,6457c6e0f9a05433750c7b39
A3741,6457c6e0f9a05433750c7b39
A3475,6457c6e2f9a05433750c7b63
A0750,6457c6e2f9a05433750c7b63
A4442,6457c6e3f9a05433750c7b6a
A1160,6457c6e3f9a05433750c7b6a
A3761,6457c6e2f9a05433750c7b63
A0260,6457c6e5f9a05433750c7ba2
A0259,6457c6e5f9a05433750c7ba2
A2124,6457b9eaf9a05433750aa9b4
A3994,6457c6e2f9a05433750c7b63
A3762,6457c6e7f9a05433750c7be6
A2104,6457c6e7f9a05433750c7be6
A2980,6457c6e7f9a05433750c7bf1
A1791,6457c6e7f9a05433750c7bf1
A1137,6457b9eaf9a05433750aa9b4
A2736,6457c6e7f9a05433750c7bf1
A1386,6457b3ecf9a054337509fc10
A4179,6457c6e2f9a05433750c7b63
A2735,6457c6e7f9a05433750c7bf1
A0350,6457b3ecf9a054337509fc10
A4501,6457c6e7f9a05433750c7bf1
A4291,6457c6e7f9a05433750c7bf1
A2732,6457c6e7f9a05433750c7bf1
A3601,6457c6edf9a05433750c7cd0
A2073,6457c6edf9a05433750c7cd0
A0001,6457c6e7f9a05433750c7bf1
A0547,6457c6e5f9a05433750c7ba2
A0466,6457c6f4f9a05433750c7d89
A3700,6457c6f4f9a05433750c7d89
A3870,6457c6f8f9a05433750c7ddb
A2135,6457c6f8f9a05433750c7ddb
A2638,6457c6f8f9a05433750c7ddb
A3455,6457c6fbf9a05433750c7e47
A1228,6457c6fbf9a05433750c7e47
A3132,6457c6fbf9a05433750c7e47
A3895,6457c6f8f9a05433750c7ddb
A1321,6457b3ecf9a054337509fc10
A0103,6457c6fdf9a05433750c7e9b
A4425,6457c6f8f9a05433750c7ddb
A0113,6457c6fdf9a05433750c7e9b
A3394,6457c6fef9a05433750c7ec6
A3680,6457c6fef9a05433750c7ec6
A0567,6457c6fef9a05433750c7ec6
A4018,6457c6fbf9a05433750c7e47
A2987,6457c6fbf9a05433750c7e47
A1194,6457c6fdf9a05433750c7e9b
A3893,6457c6fef9a05433750c7ec6
A3452,6457c6fef9a05433750c7ec6
A1406,6457b9eaf9a05433750aa9b4
A3127,6457c6fef9a05433750c7ec6
A2136,6457c6f8f9a05433750c7ddb
A1418,6457c6fbf9a05433750c7e47
A1249,6457b3ecf9a054337509fc10
A1422,6457c6fef9a05433750c7ec6
A3742,6457c6fef9a05433750c7ec6
A3584,6457c70af9a05433750c8089
A3496,6457c70af9a05433750c8089
A1319,6457c70af9a05433750c8095
A0418,6457b3ecf9a054337509fc10
A0173,6457c70af9a05433750c8095
A3990,6457c70af9a05433750c8095
A0483,6457b3ecf9a054337509fc10
A1594,6457b3ecf9a054337509fc10
A2919,6457c6f8f9a05433750c7ddb
A1152,6457c70ef9a05433750c8106
A3584,6457c70ef9a05433750c8106
A2712,6457c70ef9a05433750c8106
A3596,6457c6f8f9a05433750c7ddb
A3461,6457c70ef9a05433750c8106
A0431,6457c70ff9a05433750c8141
A3486,6457c70ff9a05433750c8141
A3102,6457c70ef9a05433750c8106
A3381,6457c70af9a05433750c8095
A0433,6457c70ff9a05433750c8141
A1644,6457b3ecf9a054337509fc10
A0073,6457c70ff9a05433750c8141
A2934,6457c70ef9a05433750c8106
A3840,6457c718f9a05433750c8298
A0120,6457c718f9a05433750c8298
A2802,6457c718f9a05433750c8298
A2137,6457b3ecf9a054337509fc10
A2252,6457c70ff9a05433750c8141
A3856,6457c70ff9a05433750c8141
A2453,6457b3ecf9a054337509fc10
A0138,6457c70ef9a05433750c8106
A2251,6457c70ff9a05433750c8141
A2635,6457b3ecf9a054337509fc10
A3449,6457c723f9a05433750c8433
A0690,6457c723f9a05433750c8433
A2050,6457c723f9a05433750c8433
A0669,6457b3ecf9a054337509fc10
A1142,6457b3ecf9a054337509fc10
A2868,6457c729f9a05433750c84df
A4111,6457c729f9a05433750c84e7
A1475,6457c729f9a05433750c84e7
A2147,6457c729f9a05433750c84e7
A4391,6457c729f9a05433750c84df
A3945,6457c729f9a05433750c84df
A2712,6457c72cf9a05433750c854a
A2617,6457c72cf9a05433750c854a
A4107,6457c72cf9a05433750c854a
A2868,6457c70af9a05433750c8095
A4108,6457c72cf9a05433750c854a
A0173,6457c729f9a05433750c84df
A3961,6457c72cf9a05433750c854a
A1319,6457c729f9a05433750c84df
A2651,6457b3ecf9a054337509fc10
A3381,6457c729f9a05433750c84df
A2712,6457c732f9a05433750c8603
A3961,6457c732f9a05433750c8603
A1315,6457c729f9a05433750c84df
A3102,6457c734f9a05433750c864a
A2712,6457c734f9a05433750c864a
A2804,6457c729f9a05433750c84df
A4107,6457c734f9a05433750c864a
A3961,6457c734f9a05433750c864a
A0431,6457c737f9a05433750c86a6
A0450,6457c737f9a05433750c86a6
A1434,6457b3ecf9a054337509fc10
A2576,6457b3ecf9a054337509fc10
A0364,6457c73ef9a05433750c8780
A3324,6457c73ef9a05433750c8780
A0364,6457c740f9a05433750c87b8
A3084,6457c740f9a05433750c87b8
A3729,6457c740f9a05433750c87b8
A3961,6457c729f9a05433750c84df
A3307,6457c729f9a05433750c84df
A0364,6457c745f9a05433750c885d
A4064,6457c745f9a05433750c885d
A2656,6457c729f9a05433750c84df
A0364,6457c747f9a05433750c88ae
A3642,6457c747f9a05433750c88ae
A0328,6457b3ecf9a054337509fc10
A3250,6457c737f9a05433750c86a6
A0364,6457c749f9a05433750c88f9
A2650,6457b3ecf9a054337509fc10
A3112,6457c749f9a05433750c88f9
A0364,6457c74bf9a05433750c8928
A3578,6457c74bf9a05433750c8928
A0364,6457c74cf9a05433750c8947
A3026,6457c74cf9a05433750c8947
A0057,6457b3ecf9a054337509fc10
A0364,6457c750f9a05433750c89b9
A2900,6457c750f9a05433750c89b9
A0364,6457c751f9a05433750c89ce
A0191,6457b9eaf9a05433750aa9b4
A3106,6457c751f9a05433750c89ce
A1511,6457b3ecf9a054337509fc10
A0364,6457c753f9a05433750c89f9
A3305,6457c753f9a05433750c89f9
A0364,6457c754f9a05433750c8a09
A3628,6457c754f9a05433750c8a09
A0364,6457c755f9a05433750c8a2a
A3043,6457c755f9a05433750c8a2a
A3741,6457c755f9a05433750c8a2a
A0364,6457c757f9a05433750c8a64
A2896,6457c757f9a05433750c8a64
A3584,6457c758f9a05433750c8a8d
A2560,6457c758f9a05433750c8a8d
A0364,6457c759f9a05433750c8aa2
A0364,6457c759f9a05433750c8aaa
A3499,6457c759f9a05433750c8aa2
A4389,6457c759f9a05433750c8aaa
A0364,6457c75bf9a05433750c8af7
A3073,6457c75bf9a05433750c8af7
A3486,6457c737f9a05433750c86a6
A2121,6457b9eaf9a05433750aa9b4
A0364,6457c75ef9a05433750c8ba0
A1687,6457c75ef9a05433750c8ba0
A4163,6457c75ef9a05433750c8ba0
A4123,6457c758f9a05433750c8a8d
A0364,6457c760f9a05433750c8bd2
A4170,6457c760f9a05433750c8bd2
A0364,6457c761f9a05433750c8bf0
A3256,6457c761f9a05433750c8bf0
A0364,6457c762f9a05433750c8c2e
A4430,6457c762f9a05433750c8c2e
A0364,6457c767f9a05433750c8cca
A0364,6457c767f9a05433750c8ccc
A4416,6457c767f9a05433750c8ccc
A3912,6457c767f9a05433750c8cca
A0364,6457c768f9a05433750c8ce6
A3701,6457c768f9a05433750c8ce6
A0364,6457c769f9a05433750c8d10
A4165,6457c769f9a05433750c8d10
A1785,6457b9eaf9a05433750aa9b4
A0364,6457c76af9a05433750c8d2a
A4164,6457c76af9a05433750c8d2a
A0241,6457b3ecf9a054337509fc10
A0364,6457c76bf9a05433750c8d5a
A3303,6457c76bf9a05433750c8d5a
A0364,6457c76cf9a05433750c8d87
A0364,6457c76cf9a05433750c8d92
A4224,6457c76cf9a05433750c8d87
A4023,6457c76cf9a05433750c8d92
A0364,6457c76df9a05433750c8da5
A1833,6457c76df9a05433750c8da5
A3407,6457c76df9a05433750c8da5
A0364,6457c76ef9a05433750c8dc0
A0364,6457c76ef9a05433750c8dd5
A4066,6457c76ef9a05433750c8dc0
A3613,6457c76ef9a05433750c8dd5
A0668,6457b3ecf9a054337509fc10
A0364,6457c770f9a05433750c8e15
A4358,6457c770f9a05433750c8e15
A0364,6457c771f9a05433750c8e35
A4015,6457c771f9a05433750c8e35
A0364,6457c771f9a05433750c8e56
A1429,6457b9eaf9a05433750aa9b4
A3622,6457c771f9a05433750c8e56
A0364,6457c773f9a05433750c8e80
A0364,6457c773f9a05433750c8e82
A3647,6457c773f9a05433750c8e80
A3128,6457c773f9a05433750c8e82
A0364,6457c774f9a05433750c8ea3
A0364,6457c774f9a05433750c8eab
A3943,6457c774f9a05433750c8ea3
A3978,6457c774f9a05433750c8eab
A0486,6457b3ecf9a054337509fc10
A0364,6457c776f9a05433750c8eef
A4069,6457c776f9a05433750c8eef
A0364,6457c777f9a05433750c8f19
A3890,6457c777f9a05433750c8f19
A0221,6457b3ecf9a054337509fc10
A2592,6457b3ecf9a054337509fc10
A0364,6457c778f9a05433750c8f54
A3827,6457c778f9a05433750c8f54
A0364,6457c779f9a05433750c8f79
A3887,6457c779f9a05433750c8f79
A0364,6457c77bf9a05433750c8faa
A0364,6457c77bf9a05433750c8fb1
A3614,6457c77bf9a05433750c8faa
A3726,6457c77bf9a05433750c8fb1
A0364,6457c77ef9a05433750c9002
A0364,6457c77ef9a05433750c9006
A3180,6457c77ef9a05433750c9002
A4197,6457c77ef9a05433750c9006
A0364,6457c77ff9a05433750c9014
A3752,6457c77ff9a05433750c9014
A1392,6457c737f9a05433750c86a6
A0364,6457c782f9a05433750c9098
A3733,6457c782f9a05433750c9098
A0364,6457c783f9a05433750c90b3
A3433,6457c783f9a05433750c90b3
A0364,6457c783f9a05433750c90c4
A4047,6457c783f9a05433750c90c4
A0364,6457c784f9a05433750c90e1
A1947,6457b3ecf9a054337509fc10
A3995,6457c784f9a05433750c90e1
A0364,6457c784f9a05433750c90f1
A1746,6457b3ecf9a054337509fc10
A0364,6457c785f9a05433750c90fc
A3379,6457c784f9a05433750c90f1
A0364,6457c785f9a05433750c9101
A3207,6457c785f9a05433750c90fc
A4368,6457c785f9a05433750c9101
A0364,6457c786f9a05433750c9121
A0924,6457c786f9a05433750c9121
A3117,6457c786f9a05433750c9121
A0364,6457c786f9a05433750c913a
A0364,6457c786f9a05433750c913e
A1475,6457c786f9a05433750c913a
A4229,6457c786f9a05433750c913e
A0364,6457c788f9a05433750c9179
A3426,6457c788f9a05433750c9179
A0364,6457c788f9a05433750c918c
A4433,6457c788f9a05433750c918c
A0364,6457c789f9a05433750c91a5
A4113,6457c789f9a05433750c91a5
A0364,6457c78af9a05433750c91cb
A0321,6457c78af9a05433750c91cb
A0364,6457c78bf9a05433750c91e4
A0364,6457c78bf9a05433750c91ea
A3323,6457c78bf9a05433750c91e4
A4377,6457c78bf9a05433750c91ea
A0364,6457c78cf9a05433750c921d
A3253,6457c78cf9a05433750c921d
A0364,6457c78df9a05433750c9240
A0364,6457c78df9a05433750c9249
A4175,6457c78df9a05433750c9240
A2774,6457c78df9a05433750c9249
A0364,6457c78ef9a05433750c9267
A3169,6457c78ef9a05433750c9267
A0364,6457c78ff9a05433750c928d
A3166,6457c78ff9a05433750c928d
A0364,6457c790f9a05433750c929e
A0364,6457c790f9a05433750c92a1
A3170,6457c790f9a05433750c929e
A3159,6457c790f9a05433750c92a1
A0364,6457c790f9a05433750c92b1
A3197,6457c790f9a05433750c92b1
A0364,6457c791f9a05433750c92be
A3107,6457c791f9a05433750c92be
A0364,6457c792f9a05433750c92e6
A0364,6457c792f9a05433750c92ed
A0364,6457c792f9a05433750c92ee
A3121,6457c792f9a05433750c92e6
A0364,6457c792f9a05433750c92fb
A3242,6457c792f9a05433750c92ee
A4061,6457c792f9a05433750c92ed
A3962,6457c792f9a05433750c92fb
A0364,6457c794f9a05433750c9328
A0364,6457c794f9a05433750c9333
A3032,6457c794f9a05433750c9328
A4407,6457c794f9a05433750c9333
A0364,6457c795f9a05433750c935f
A3369,6457c795f9a05433750c935f
A0364,6457c795f9a05433750c9373
A4303,6457c795f9a05433750c9373
A0364,6457c797f9a05433750c939e
A0364,6457c797f9a05433750c93a1
A0364,6457c797f9a05433750c93a4
A3509,6457c797f9a05433750c939e
A3339,6457c797f9a05433750c93a1
A4420,6457c797f9a05433750c93a4
A0364,6457c797f9a05433750c93bc
A3687,6457c797f9a05433750c93bc
A0364,6457c798f9a05433750c93dc
A2782,6457c798f9a05433750c93dc
A0364,6457c79af9a05433750c9404
A0364,6457c79af9a05433750c9407
A3232,6457c79af9a05433750c9404
A3301,6457c79af9a05433750c9407
A1543,6457b3ecf9a054337509fc10
A0364,6457c79bf9a05433750c9440
A3282,6457c79bf9a05433750c9440
A0364,6457c79cf9a05433750c9451
A3387,6457c79cf9a05433750c9451
A3388,6457c79cf9a05433750c9451
A0364,6457c79cf9a05433750c946c
A3291,6457c79cf9a05433750c946c
A0364,6457c79df9a05433750c948d
A3734,6457c79df9a05433750c948d
A0364,6457c79ef9a05433750c94ac
A0364,6457c79ef9a05433750c94b4
A3173,6457c79ef9a05433750c94ac
A0364,6457c79ff9a05433750c94c1
A3260,6457c79ef9a05433750c94b4
A3932,6457c79ff9a05433750c94c1
A0364,6457c79ff9a05433750c94d1
A3263,6457c79ff9a05433750c94d1
A0364,6457c7a0f9a05433750c94ec
A0364,6457c7a0f9a05433750c94f0
A3831,6457c7a0f9a05433750c94f0
A0469,6457c7a0f9a05433750c94ec
A0364,6457c7a1f9a05433750c9515
A3432,6457c7a1f9a05433750c9515
A0364,6457c7a1f9a05433750c9523
A3223,6457c7a1f9a05433750c9523
A0364,6457c7a1f9a05433750c9534
A3036,6457c7a1f9a05433750c9534
A0364,6457c7a2f9a05433750c953f
A2889,6457c7a2f9a05433750c953f
A0364,6457c7a2f9a05433750c954a
A0364,6457c7a2f9a05433750c954e
A0364,6457c7a3f9a05433750c9553
A3481,6457c7a2f9a05433750c954a
A3732,6457c7a2f9a05433750c954e
A2850,6457c7a3f9a05433750c9553
A0364,6457c7a4f9a05433750c957f
A3204,6457c7a4f9a05433750c957f
A0364,6457c7a5f9a05433750c958d
A0364,6457c7a5f9a05433750c9592
A4248,6457c7a5f9a05433750c958d
A0364,6457c7a5f9a05433750c959d
A2791,6457c7a5f9a05433750c9592
A3565,6457c7a5f9a05433750c959d
A0364,6457c7a6f9a05433750c95c8
A2824,6457c7a6f9a05433750c95c8
A0364,6457c7a6f9a05433750c95da
A3649,6457c7a6f9a05433750c95da
A1116,6457b9eaf9a05433750aa9b4
A0364,6457c7a8f9a05433750c9607
A0364,6457c7a8f9a05433750c9610
A2883,6457c7a8f9a05433750c9607
A3105,6457c7a8f9a05433750c9610
A0364,6457c7a9f9a05433750c9622
A0364,6457c7a9f9a05433750c9626
A2922,6457c7a9f9a05433750c9622
A4137,6457c7a9f9a05433750c9626
A0364,6457c7a9f9a05433750c9635
A0364,6457c7a9f9a05433750c963a
A3869,6457c7a9f9a05433750c9635
A3655,6457c7a9f9a05433750c963a
A0364,6457c7abf9a05433750c967a
A0364,6457c7acf9a05433750c967f
A2790,6457c7abf9a05433750c967a
A2834,6457c7acf9a05433750c967f
A0364,6457c7acf9a05433750c9690
A3757,6457c7acf9a05433750c9690
A0364,6457c7aef9a05433750c96c3
A3965,6457c7aef9a05433750c96c3
A0364,6457c7aff9a05433750c96de
A4341,6457c7aff9a05433750c96de
A0364,6457c7aff9a05433750c96e7
A2818,6457c7aff9a05433750c96e7
A0364,6457c7b0f9a05433750c96fa
A0364,6457c7b0f9a05433750c9702
A2831,6457c7b0f9a05433750c96fa
A0206,6457c7b0f9a05433750c9702
A0364,6457c7b0f9a05433750c971e
A2968,6457c7b0f9a05433750c9702
A2836,6457c7b0f9a05433750c971e
A0364,6457c7b1f9a05433750c973b
A3372,6457c7b1f9a05433750c973b
A0364,6457c7b2f9a05433750c974d
A0364,6457c7b2f9a05433750c9756
A0364,6457c7b2f9a05433750c9757
A2910,6457c7b2f9a05433750c974d
A0364,6457c7b2f9a05433750c9760
A3693,6457c7b2f9a05433750c9756
A4051,6457c7b2f9a05433750c9757
A0364,6457c7b3f9a05433750c976b
A4444,6457c7b2f9a05433750c9760
A2846,6457c7b3f9a05433750c976b
A0364,6457c7b4f9a05433750c97a1
A0364,6457c7b4f9a05433750c97a5
A0364,6457c7b5f9a05433750c97ab
A2906,6457c7b4f9a05433750c97a1
A4337,6457c7b4f9a05433750c97a5
A3018,6457c7b5f9a05433750c97ab
A0364,6457c7b5f9a05433750c97c5
A2912,6457c7b5f9a05433750c97c5
A4119,6457c7b7f9a05433750c9801
A4424,6457c7b7f9a05433750c9801
A2679,6457c7b7f9a05433750c9801
A0364,6457c7b9f9a05433750c981d
A0364,6457c7b9f9a05433750c9820
A3324,6457c7b9f9a05433750c981d
A3084,6457c7b9f9a05433750c9820
A0364,6457c7baf9a05433750c9831
A4064,6457c7baf9a05433750c9831
A0364,6457c7bbf9a05433750c983c
A3642,6457c7bbf9a05433750c983c
A0364,6457c7bcf9a05433750c9846
A2013,6457b9eaf9a05433750aa9b4
A3112,6457c7bcf9a05433750c9846
A0364,6457c7bef9a05433750c985d
A3026,6457c7bef9a05433750c985d
A3898,6457c7bef9a05433750c9866
A0364,6457c7bef9a05433750c9869
A3578,6457c7bef9a05433750c9869
A4152,6457c7bff9a05433750c987d
A0364,6457c7c0f9a05433750c988a
A0364,6457c7c0f9a05433750c988d
A0364,6457c7c0f9a05433750c9895
A3305,6457c7c0f9a05433750c988d
A2900,6457c7c0f9a05433750c988a
A3106,6457c7c0f9a05433750c9895
A2539,6457c7bef9a05433750c9866
A1893,6457c7bff9a05433750c987d
A0364,6457c7c2f9a05433750c98d1
A3313,6457c7bef9a05433750c9866
A0364,6457c7c3f9a05433750c98d6
A2896,6457c7c2f9a05433750c98d1
A3043,6457c7c3f9a05433750c98d6
A0364,6457c7c3f9a05433750c98e8
A3741,6457c7c3f9a05433750c98d6
A0364,6457c7c3f9a05433750c98ed
A3628,6457c7c3f9a05433750c98e8
A3499,6457c7c3f9a05433750c98ed
A0364,6457c7c4f9a05433750c9900
A0364,6457c7c4f9a05433750c9904
A3542,6457c7bef9a05433750c9866
A3073,6457c7c4f9a05433750c9900
A4389,6457c7c4f9a05433750c9904
A0364,6457c7c5f9a05433750c9916
A0364,6457c7c5f9a05433750c991b
A1687,6457c7c5f9a05433750c9916
A0364,6457c7c5f9a05433750c991f
A4170,6457c7c5f9a05433750c991b
A4430,6457c7c5f9a05433750c991f
A0364,6457c7c6f9a05433750c992a
A0364,6457c7c6f9a05433750c992e
A0364,6457c7c6f9a05433750c9932
A0364,6457c7c6f9a05433750c9933
A3912,6457c7c6f9a05433750c992a
A3256,6457c7c6f9a05433750c992e
A4232,6457c7c6f9a05433750c992e
A4416,6457c7c6f9a05433750c9932
A3701,6457c7c6f9a05433750c9933
A0364,6457c7c7f9a05433750c9948
A0364,6457c7c7f9a05433750c994d
A4165,6457c7c7f9a05433750c9948
A0364,6457c7c7f9a05433750c9953
A4164,6457c7c7f9a05433750c994d
A0364,6457c7c7f9a05433750c995c
A0364,6457c7c7f9a05433750c995d
A0364,6457c7c7f9a05433750c9960
A3303,6457c7c7f9a05433750c9953
A4224,6457c7c7f9a05433750c995c
A3407,6457c7c7f9a05433750c995d
A4023,6457c7c7f9a05433750c9960
A0364,6457c7c8f9a05433750c9975
A4066,6457c7c8f9a05433750c9975
A0364,6457c7c9f9a05433750c997e
A0364,6457c7c9f9a05433750c997f
A0364,6457c7caf9a05433750c9982
A3622,6457c7c9f9a05433750c997e
A3613,6457c7c9f9a05433750c997f
A3647,6457c7caf9a05433750c9982
A0364,6457c7caf9a05433750c998e
A0364,6457c7caf9a05433750c9990
A0364,6457c7caf9a05433750c9994
A0364,6457c7caf9a05433750c9996
A4015,6457c7caf9a05433750c998e
A4358,6457c7caf9a05433750c9990
A3943,6457c7caf9a05433750c9994
A0048,6457b9eaf9a05433750aa9b4
A3128,6457c7caf9a05433750c9996
A4357,6457c7caf9a05433750c9990
A0364,6457c7cbf9a05433750c99b6
A0364,6457c7cbf9a05433750c99bc
A0364,6457c7cbf9a05433750c99c4
A4069,6457c7cbf9a05433750c99b6
A3978,6457c7cbf9a05433750c99bc
A3890,6457c7cbf9a05433750c99c4
A0364,6457c7ccf9a05433750c99d6
A3887,6457c7ccf9a05433750c99d6
A0364,6457c7cdf9a05433750c99e0
A3827,6457c7cdf9a05433750c99e0
A0364,6457c7cdf9a05433750c99e9
A3614,6457c7cdf9a05433750c99e9
A0364,6457c7cdf9a05433750c99f4
A3726,6457c7cdf9a05433750c99f4
A0364,6457c7cef9a05433750c9a07
A0364,6457c7cef9a05433750c9a09
A0364,6457c7cef9a05433750c9a0f
A3180,6457c7cef9a05433750c9a07
A4197,6457c7cef9a05433750c9a09
A3752,6457c7cef9a05433750c9a0f
A0364,6457c7cff9a05433750c9a2d
A0364,6457c7cff9a05433750c9a30
A0364,6457c7d0f9a05433750c9a34
A3733,6457c7cff9a05433750c9a2d
A4047,6457c7cff9a05433750c9a30
A3433,6457c7d0f9a05433750c9a34
A0364,6457c7d1f9a05433750c9a47
A0364,6457c7d1f9a05433750c9a49
A3995,6457c7d1f9a05433750c9a47
A4368,6457c7d1f9a05433750c9a49
A0364,6457c7d1f9a05433750c9a4f
A0364,6457c7d1f9a05433750c9a51
A3379,6457c7d1f9a05433750c9a51
A3207,6457c7d1f9a05433750c9a4f
A0364,6457c7d2f9a05433750c9a59
A1475,6457c7d2f9a05433750c9a59
A0364,6457c7d2f9a05433750c9a64
A0364,6457c7d3f9a05433750c9a67
A4229,6457c7d2f9a05433750c9a64
A0364,6457c7d3f9a05433750c9a6b
A4433,6457c7d3f9a05433750c9a67
A3426,6457c7d3f9a05433750c9a6b
A0364,6457c7d3f9a05433750c9a73
A0364,6457c7d3f9a05433750c9a75
A0364,6457c7d4f9a05433750c9a7a
A0364,6457c7d4f9a05433750c9a7b
A3323,6457c7d3f9a05433750c9a73
A0364,6457c7d4f9a05433750c9a82
A3423,6457c7d3f9a05433750c9a75
A0924,6457c7d4f9a05433750c9a7b
A4377,6457c7d4f9a05433750c9a82
A4113,6457c7d4f9a05433750c9a7a
A3322,6457c7d3f9a05433750c9a73
A2259,6457b9eaf9a05433750aa9b4
A3117,6457c7d4f9a05433750c9a7b
A0364,6457c7d5f9a05433750c9aa4
A3253,6457c7d5f9a05433750c9aa4
A0364,6457c7d5f9a05433750c9ab2
A2774,6457c7d5f9a05433750c9ab2
A0364,6457c7d6f9a05433750c9abf
A4175,6457c7d6f9a05433750c9abf
A0364,6457c7d6f9a05433750c9ac5
A0364,6457c7d6f9a05433750c9ac8
A0364,6457c7d6f9a05433750c9aca
A3197,6457c7d6f9a05433750c9ac5
A0364,6457c7d7f9a05433750c9ad2
A3166,6457c7d6f9a05433750c9ac8
A3169,6457c7d6f9a05433750c9aca
A0364,6457c7d7f9a05433750c9adb
A3159,6457c7d7f9a05433750c9ad2
A0364,6457c7d7f9a05433750c9ae3
A3170,6457c7d7f9a05433750c9adb
A0364,6457c7d8f9a05433750c9ae9
A3107,6457c7d7f9a05433750c9ae3
A0364,6457c7d8f9a05433750c9aee
A4061,6457c7d8f9a05433750c9ae9
A3121,6457c7d8f9a05433750c9aee
A0364,6457c7d8f9a05433750c9af9
A0364,6457c7d8f9a05433750c9afc
A3242,6457c7d8f9a05433750c9af9
A0364,6457c7d8f9a05433750c9b05
A0364,6457c7d8f9a05433750c9b07
A3962,6457c7d8f9a05433750c9afc
A3032,6457c7d8f9a05433750c9b05
A4407,6457c7d8f9a05433750c9b07
A0364,6457c7d9f9a05433750c9b25
A0364,6457c7d9f9a05433750c9b29
A0364,6457c7daf9a05433750c9b2f
A3369,6457c7d9f9a05433750c9b25
A4303,6457c7d9f9a05433750c9b29
A3687,6457c7daf9a05433750c9b2f
A0364,6457c7daf9a05433750c9b41
A0364,6457c7daf9a05433750c9b44
A4420,6457c7daf9a05433750c9b44
A3509,6457c7daf9a05433750c9b41
A0364,6457c7dbf9a05433750c9b52
A3339,6457c7dbf9a05433750c9b52
A0364,6457c7dbf9a05433750c9b5b
A2782,6457c7dbf9a05433750c9b5b
A0364,6457c7dcf9a05433750c9b6a
A0364,6457c7dcf9a05433750c9b71
A3301,6457c7dcf9a05433750c9b6a
A0364,6457c7dcf9a05433750c9b77
A3232,6457c7dcf9a05433750c9b71
A0364,6457c7ddf9a05433750c9b80
A3251,6457c7dcf9a05433750c9b77
A0364,6457c7ddf9a05433750c9b85
A3282,6457c7ddf9a05433750c9b80
A3387,6457c7ddf9a05433750c9b85
A0364,6457c7ddf9a05433750c9b93
A3388,6457c7ddf9a05433750c9b85
A3291,6457c7ddf9a05433750c9b93
A0364,6457c7def9a05433750c9ba1
A0364,6457c7def9a05433750c9ba9
A3260,6457c7def9a05433750c9ba1
A3172,6457c7def9a05433750c9ba9
A0364,6457c7def9a05433750c9bb7
A3173,6457c7def9a05433750c9ba9
A0364,6457c7def9a05433750c9bbe
A3263,6457c7def9a05433750c9bb7
A0364,6457c7dff9a05433750c9bc6
A3275,6457c7def9a05433750c9bbe
A0364,6457c7dff9a05433750c9bcb
A3932,6457c7def9a05433750c9bbe
A0364,6457c7dff9a05433750c9bcf
A3831,6457c7dff9a05433750c9bc6
A3544,6457c7dff9a05433750c9bcb
A3432,6457c7dff9a05433750c9bcf
A0364,6457c7dff9a05433750c9bde
A0364,6457c7e0f9a05433750c9be7
A3036,6457c7dff9a05433750c9bde
A3223,6457c7e0f9a05433750c9be7
A0364,6457c7e0f9a05433750c9bf2
A0364,6457c7e0f9a05433750c9bf7
A0364,6457c7e0f9a05433750c9bf9
A2889,6457c7e0f9a05433750c9bf2
A0364,6457c7e1f9a05433750c9bff
A2850,6457c7e0f9a05433750c9bf9
A3481,6457c7e0f9a05433750c9bf7
A3732,6457c7e1f9a05433750c9bff
A0364,6457c7e2f9a05433750c9c15
A0364,6457c7e2f9a05433750c9c17
A0364,6457c7e2f9a05433750c9c1a
A2791,6457c7e2f9a05433750c9c17
A0364,6457c7e2f9a05433750c9c22
A3204,6457c7e2f9a05433750c9c15
A3565,6457c7e2f9a05433750c9c1a
A4248,6457c7e2f9a05433750c9c22
A0364,6457c7e3f9a05433750c9c36
A0364,6457c7e3f9a05433750c9c3a
A0364,6457c7e3f9a05433750c9c3c
A3649,6457c7e3f9a05433750c9c36
A2883,6457c7e3f9a05433750c9c3a
A3105,6457c7e3f9a05433750c9c3c
A0364,6457c7e4f9a05433750c9c46
A2824,6457c7e4f9a05433750c9c46
A0364,6457c7e5f9a05433750c9c4e
A3869,6457c7e5f9a05433750c9c4e
A0364,6457c7e5f9a05433750c9c54
A0364,6457c7e5f9a05433750c9c56
A2922,6457c7e5f9a05433750c9c54
A4137,6457c7e5f9a05433750c9c56
A0364,6457c7e7f9a05433750c9c63
A2834,6457c7e7f9a05433750c9c63
A0364,6457c7e9f9a05433750c9c72
A3655,6457c7e9f9a05433750c9c72
A0364,6457c7e9f9a05433750c9c78
A0364,6457c7e9f9a05433750c9c7b
A0364,6457c7e9f9a05433750c9c7d
A3757,6457c7e9f9a05433750c9c78
A3965,6457c7e9f9a05433750c9c7b
A2790,6457c7e9f9a05433750c9c7d
A0364,6457c7eaf9a05433750c9c8b
A0364,6457c7eaf9a05433750c9c92
A2818,6457c7eaf9a05433750c9c8b
A0364,6457c7eaf9a05433750c9c9b
A0206,6457c7eaf9a05433750c9c92
A2968,6457c7eaf9a05433750c9c92
A4341,6457c7eaf9a05433750c9c9b
A0364,6457c7ebf9a05433750c9cab
A0969,6457b9eaf9a05433750aa9b4
A2831,6457c7ebf9a05433750c9cab
A0364,6457c7ebf9a05433750c9cba
A0364,6457c7ecf9a05433750c9cc3
A2836,6457c7ebf9a05433750c9cba
A3372,6457c7ecf9a05433750c9cc3
A0364,6457c7ecf9a05433750c9cd1
A0364,6457c7ecf9a05433750c9cd4
A0364,6457c7ecf9a05433750c9cd5
A4444,6457c7ecf9a05433750c9cd1
A2910,6457c7ecf9a05433750c9cd4
A4051,6457c7ecf9a05433750c9cd5
A0364,6457c7eef9a05433750c9d05
A3693,6457c7eef9a05433750c9d05
A0364,6457c7eff9a05433750c9d1d
A0364,6457c7eff9a05433750c9d1f
A0364,6457c7eff9a05433750c9d22
A2912,6457c7eff9a05433750c9d1d
A3018,6457c7eff9a05433750c9d1f
A2906,6457c7eff9a05433750c9d22
A3761,6457c7f1f9a05433750c9d50
A0472,6457c7f1f9a05433750c9d50
A1753,6457c7f3f9a05433750c9d87
A1697,6457c7f3f9a05433750c9d87
A3994,6457c7f1f9a05433750c9d50
A3362,6457c7f3f9a05433750c9d87
A0750,6457c7f1f9a05433750c9d50
A0972,6457b9eaf9a05433750aa9b4
A3475,6457c7f1f9a05433750c9d50
A3283,6457c7f5f9a05433750c9dbd
A3408,6457c7f5f9a05433750c9dbd
A3408,6457c7f6f9a05433750c9dd9
A2921,6457c7f5f9a05433750c9dbd
A3347,6457c7f5f9a05433750c9dc2
A1870,6457c7f5f9a05433750c9dbd
A4363,6457c7f5f9a05433750c9dc2
A3542,6457c7f6f9a05433750c9dd9
A3241,6457c7f7f9a05433750c9df6
A1650,6457c7f5f9a05433750c9dc2
A3283,6457c7f6f9a05433750c9dd9
A3990,6457c7f3f9a05433750c9d87
A2647,6457c7f5f9a05433750c9dc2
A4359,6457c7f7f9a05433750c9df6
A0159,6457c7f5f9a05433750c9dc2
A2868,6457c7f3f9a05433750c9d87
A4387,6457c7fdf9a05433750c9eca
A0159,6457c7fdf9a05433750c9eca
A0364,6457c7fef9a05433750c9ed2
A0364,6457c7fef9a05433750c9ed6
A0364,6457c7fef9a05433750c9eda
A2660,6457c7fef9a05433750c9ed2
A3233,6457c7fef9a05433750c9ed6
A4363,6457c7fef9a05433750c9eda
A2748,6457c7fdf9a05433750c9eca
A0364,6457c800f9a05433750c9f16
A0364,6457c800f9a05433750c9f1a
A4179,6457c800f9a05433750c9f16
A0364,6457c800f9a05433750c9f26
A4177,6457c800f9a05433750c9f1a
A4211,6457c800f9a05433750c9f26
A0364,6457c802f9a05433750c9f60
A0364,6457c802f9a05433750c9f61
A3991,6457c802f9a05433750c9f61
A4017,6457c802f9a05433750c9f60
A0364,6457c802f9a05433750c9f6e
A3994,6457c802f9a05433750c9f6e
A0364,6457c803f9a05433750c9f86
A3928,6457c803f9a05433750c9f86
A2584,6457b9eaf9a05433750aa9b4
A0364,6457c804f9a05433750c9faa
A3854,6457c804f9a05433750c9faa
A0364,6457c804f9a05433750c9fba
A0364,6457c804f9a05433750c9fbd
A0364,6457c804f9a05433750c9fc4
A3836,6457c804f9a05433750c9fba
A3840,6457c804f9a05433750c9fbd
A3826,6457c804f9a05433750c9fc4
A2832,6457c7f5f9a05433750c9dbd
A2560,6457c7f5f9a05433750c9dbd
A0364,6457c806f9a05433750c9ffd
A0364,6457c806f9a05433750ca002
A3761,6457c806f9a05433750c9ffd
A0364,6457c807f9a05433750ca006
A3713,6457c806f9a05433750ca002
A3616,6457c807f9a05433750ca006
A0364,6457c807f9a05433750ca010
A3635,6457c807f9a05433750ca010
A0364,6457c807f9a05433750ca01c
A3698,6457c807f9a05433750ca01c
A0364,6457c808f9a05433750ca02d
A0373,6457c808f9a05433750ca02d
A0364,6457c808f9a05433750ca039
A0364,6457c809f9a05433750ca042
A3564,6457c808f9a05433750ca039
A1848,6457c7f5f9a05433750c9dbd
A3584,6457c809f9a05433750ca042
A0364,6457c80af9a05433750ca05f
A0364,6457c80af9a05433750ca068
A3556,6457c80af9a05433750ca05f
A3475,6457c80af9a05433750ca068
A0364,6457c80cf9a05433750ca0a4
A0364,6457c80cf9a05433750ca0ad
A3410,6457c80cf9a05433750ca0a4
A0364,6457c80cf9a05433750ca0b0
A3350,6457c80cf9a05433750ca0ad
A3361,6457c80cf9a05433750ca0b0
A0364,6457c80df9a05433750ca0c0
A3307,6457c80df9a05433750ca0c0
A0364,6457c80ff9a05433750ca10b
A3143,6457c80ff9a05433750ca10b
A0364,6457c80ff9a05433750ca11d
A0364,6457c810f9a05433750ca121
A3176,6457c80ff9a05433750ca11d
A3017,6457c810f9a05433750ca121
A0364,6457c810f9a05433750ca136
A0364,6457c810f9a05433750ca13b
A2832,6457c810f9a05433750ca13b
A2422,6457c810f9a05433750ca136
A0364,6457c811f9a05433750ca14f
A4021,6457c7f5f9a05433750c9dbd
A3930,6457c811f9a05433750ca14f
A0850,6457b9eaf9a05433750aa9b4
A2994,6457c812f9a05433750ca18b
A1419,6457c812f9a05433750ca18b
A4391,6457c813f9a05433750ca1a4
A2994,6457c814f9a05433750ca1b5
A1419,6457c814f9a05433750ca1b5
A2668,6457c813f9a05433750ca1a4
A0364,6457c815f9a05433750ca1d5
A3366,6457c815f9a05433750ca1d5
A0364,6457c815f9a05433750ca1e9
A3366,6457c815f9a05433750ca1e9
A0364,6457c816f9a05433750ca204
A3366,6457c816f9a05433750ca204
A0522,6457c818f9a05433750ca238
A4499,6457c818f9a05433750ca238
A2994,6457c819f9a05433750ca24c
A1419,6457c819f9a05433750ca24c
A0636,6457c81af9a05433750ca260
A0702,6457c81bf9a05433750ca270
A3455,6457c81bf9a05433750ca270
A3868,6457c7f5f9a05433750c9dbd
A0460,6457c7f5f9a05433750c9dbd
A3381,6457c81df9a05433750ca28e
A0705,6457c81af9a05433750ca260
A2541,6457c819f9a05433750ca24c
A0215,6457c81af9a05433750ca260
A2178,6457c819f9a05433750ca24c
A0086,6457c81af9a05433750ca260
A2988,6457c81df9a05433750ca28e
A3689,6457c81ff9a05433750ca2d0
A4330,6457c81df9a05433750ca28e
A1146,6457c822f9a05433750ca34c
A1008,6457c822f9a05433750ca34c
A0154,6457c822f9a05433750ca34c
A2249,6457b9eaf9a05433750aa9b4
A4167,6457c81ff9a05433750ca2d0
A2923,6457c82af9a05433750ca483
A0213,6457c82af9a05433750ca483
A3658,6457c81ff9a05433750ca2d0
A3520,6457c81ff9a05433750ca2d0
A0492,6457c81ff9a05433750ca2d0
A3677,6457c81ff9a05433750ca2d0
A4415,6457c82cf9a05433750ca4dc
A2428,6457c82cf9a05433750ca4dc
A3095,6457c82ef9a05433750ca51f
A3951,6457c82ef9a05433750ca51f
A0387,6457b9eaf9a05433750aa9b4
A2774,6457c830f9a05433750ca54b
A2773,6457c830f9a05433750ca54b
A4035,6457c830f9a05433750ca550
A4377,6457c830f9a05433750ca54b
A1212,6457c830f9a05433750ca550
A0739,6457c830f9a05433750ca54b
A0364,6457c831f9a05433750ca558
A0364,6457c831f9a05433750ca55e
A3366,6457c831f9a05433750ca558
A2960,6457c832f9a05433750ca56a
A2195,6457c830f9a05433750ca54b
A3366,6457c831f9a05433750ca55e
A2213,6457c832f9a05433750ca56a
A2084,6457c832f9a05433750ca56a
A3424,6457c830f9a05433750ca54b
A0680,6457c833f9a05433750ca58e
A2782,6457c837f9a05433750ca611
A3802,6457c837f9a05433750ca614
A3334,6457c837f9a05433750ca611
A0397,6457c837f9a05433750ca614
A3283,6457c838f9a05433750ca635
A2044,6457c833f9a05433750ca58e
A3408,6457c838f9a05433750ca635
A3607,6457c839f9a05433750ca677
A2397,6457c839f9a05433750ca677
A1232,6457c839f9a05433750ca677
A0470,6457c839f9a05433750ca677
A0141,6457c83bf9a05433750ca6c8
A2176,6457c833f9a05433750ca58e
A2367,6457c83bf9a05433750ca6c8
A3848,6457c83bf9a05433750ca6c8
A3252,6457c83ef9a05433750ca731
A2244,6457c83ef9a05433750ca731
A2239,6457c83bf9a05433750ca6c8
A3525,6457c83bf9a05433750ca6c8
A1925,6457c83bf9a05433750ca6c8
A4209,6457c840f9a05433750ca786
A3336,6457c840f9a05433750ca786
A2541,6457c840f9a05433750ca786
A0701,6457b9eaf9a05433750aa9b4
A0547,6457c833f9a05433750ca58e
A4405,6457c844f9a05433750ca7f1
A0130,6457c838f9a05433750ca635
A1270,6457c844f9a05433750ca7f1
A0364,6457c846f9a05433750ca812
A1799,6457c846f9a05433750ca812
A2560,6457c838f9a05433750ca635
A0364,6457c847f9a05433750ca839
A4148,6457c83bf9a05433750ca6c8
A2660,6457c847f9a05433750ca839
A0364,6457c848f9a05433750ca853
A3233,6457c848f9a05433750ca853
A2043,6457c833f9a05433750ca58e
A0364,6457c84af9a05433750ca87b
A4363,6457c84af9a05433750ca87b
A0460,6457c838f9a05433750ca635
A2169,6457b9eaf9a05433750aa9b4
A0364,6457c84df9a05433750ca8e2
A4211,6457c84df9a05433750ca8e2
A0364,6457c84ef9a05433750ca8f7
A4179,6457c84ef9a05433750ca8f7
A0364,6457c84ff9a05433750ca905
A4177,6457c84ff9a05433750ca905
A0364,6457c850f9a05433750ca927
A0364,6457c850f9a05433750ca92b
A4017,6457c850f9a05433750ca927
A4000,6457c850f9a05433750ca92b
A0364,6457c851f9a05433750ca948
A3994,6457c851f9a05433750ca948
A0364,6457c852f9a05433750ca953
A3991,6457c852f9a05433750ca953
A0364,6457c853f9a05433750ca980
A3968,6457c853f9a05433750ca980
A0364,6457c854f9a05433750ca990
A3928,6457c854f9a05433750ca990
A0364,6457c855f9a05433750ca9ad
A3879,6457c855f9a05433750ca9ad
A0364,6457c856f9a05433750ca9b6
A3854,6457c856f9a05433750ca9b6
A0364,6457c856f9a05433750ca9c0
A3840,6457c856f9a05433750ca9c0
A0364,6457c857f9a05433750ca9cd
A3836,6457c857f9a05433750ca9cd
A0364,6457c858f9a05433750ca9db
A3826,6457c858f9a05433750ca9db
A0364,6457c858f9a05433750ca9ed
A3802,6457c858f9a05433750ca9ed
A0364,6457c859f9a05433750ca9fb
A0364,6457c859f9a05433750caa00
A3713,6457c859f9a05433750ca9fb
A3761,6457c859f9a05433750caa00
A0364,6457c85af9a05433750caa12
A3698,6457c85af9a05433750caa12
A0364,6457c85bf9a05433750caa26
A0364,6457c85bf9a05433750caa2d
A3635,6457c85bf9a05433750caa26
A0364,6457c85bf9a05433750caa33
A3616,6457c85bf9a05433750caa2d
A0373,6457c85bf9a05433750caa33
A0364,6457c85cf9a05433750caa4a
A3584,6457c85cf9a05433750caa4a
A2937,6457c85df9a05433750caa63
A1930,6457c85df9a05433750caa63
A1971,6457c85df9a05433750caa63
A0364,6457c85df9a05433750caa75
A0364,6457c85df9a05433750caa76
A3556,6457c85df9a05433750caa75
A3564,6457c85df9a05433750caa76
A0364,6457c85ef9a05433750caa88
A3475,6457c85ef9a05433750caa88
A0364,6457c85ef9a05433750caa95
A1841,6457c85ef9a05433750caa95
A0364,6457c85ff9a05433750caaa7
A3410,6457c85ff9a05433750caaa7
A0364,6457c85ff9a05433750caab2
A4200,6457c85df9a05433750caa63
A3361,6457c85ff9a05433750caab2
A0364,6457c85ff9a05433750caac2
A0364,6457c85ff9a05433750caac4
A3350,6457c85ff9a05433750caac2
A3307,6457c85ff9a05433750caac4
A0364,6457c860f9a05433750caadf
A3254,6457c860f9a05433750caadf
A0364,6457c861f9a05433750caaf1
A0364,6457c861f9a05433750caaf7
A3146,6457c861f9a05433750caaf1
A0364,6457c861f9a05433750caafa
A3143,6457c861f9a05433750caaf7
A3176,6457c861f9a05433750caafa
A0364,6457c862f9a05433750cab0b
A0440,6457b9eaf9a05433750aa9b4
A3114,6457c862f9a05433750cab0b
A0364,6457c863f9a05433750cab1d
A0364,6457c863f9a05433750cab20
A2422,6457c863f9a05433750cab1d
A3017,6457c863f9a05433750cab20
A0364,6457c863f9a05433750cab2b
A0364,6457c864f9a05433750cab36
A1799,6457c863f9a05433750cab2b
A0364,6457c864f9a05433750cab3b
A2832,6457c864f9a05433750cab36
A2660,6457c864f9a05433750cab3b
A0364,6457c865f9a05433750cab5e
A0364,6457c865f9a05433750cab61
A4353,6457c83bf9a05433750ca6c8
A4363,6457c865f9a05433750cab5e
A3233,6457c865f9a05433750cab61
A0364,6457c866f9a05433750cab7f
A4211,6457c866f9a05433750cab7f
A0364,6457c867f9a05433750cab9a
A0364,6457c867f9a05433750caba3
A4177,6457c867f9a05433750cab9a
A4179,6457c867f9a05433750caba3
A0364,6457c867f9a05433750cabba
A0364,6457c868f9a05433750cabbd
A4000,6457c867f9a05433750cabba
A4017,6457c868f9a05433750cabbd
A0364,6457c869f9a05433750cabd9
A0364,6457c869f9a05433750cabe2
A3991,6457c869f9a05433750cabd9
A0364,6457c869f9a05433750cabe5
A3968,6457c869f9a05433750cabe2
A3994,6457c869f9a05433750cabe5
A0364,6457c86af9a05433750cabf8
A0364,6457c86af9a05433750cabfc
A3928,6457c86af9a05433750cabf8
A0364,6457c86af9a05433750cac02
A0364,6457c86af9a05433750cac06
A3879,6457c86af9a05433750cabfc
A0364,6457c86af9a05433750cac09
A3836,6457c86af9a05433750cac02
A3854,6457c86af9a05433750cac06
A3840,6457c86af9a05433750cac09
A0364,6457c86bf9a05433750cac26
A3826,6457c86bf9a05433750cac26
A0364,6457c86cf9a05433750cac35
A3802,6457c86cf9a05433750cac35
A0364,6457c86cf9a05433750cac41
A3761,6457c86cf9a05433750cac41
A0364,6457c86df9a05433750cac53
A0364,6457c86df9a05433750cac57
A0364,6457c86df9a05433750cac5a
A3713,6457c86df9a05433750cac53
A0364,6457c86df9a05433750cac64
A3698,6457c86df9a05433750cac57
A3635,6457c86df9a05433750cac5a
A3616,6457c86df9a05433750cac64
A0364,6457c86ef9a05433750cac7b
A0373,6457c86ef9a05433750cac7b
A0364,6457c86ff9a05433750cac98
A3564,6457c86ff9a05433750cac98
A0364,6457c870f9a05433750caca3
A0364,6457c870f9a05433750caca6
A0364,6457c870f9a05433750cacad
A0364,6457c870f9a05433750cacaf
A3556,6457c870f9a05433750caca3
A3584,6457c870f9a05433750caca6
A3475,6457c870f9a05433750cacad
A1840,6457c870f9a05433750cacaf
A0364,6457c871f9a05433750cacbf
A0364,6457c871f9a05433750cacc4
A3410,6457c871f9a05433750cacbf
A3361,6457c871f9a05433750cacc4
A0364,6457c871f9a05433750cacd7
A3350,6457c871f9a05433750cacd7
A0364,6457c872f9a05433750cace2
A0364,6457c872f9a05433750cace4
A0364,6457c872f9a05433750cacec
A0364,6457c872f9a05433750cacef
A3254,6457c872f9a05433750cace2
A3307,6457c872f9a05433750cace4
A0364,6457c872f9a05433750cacf6
A3176,6457c872f9a05433750cacec
A3146,6457c872f9a05433750cacef
A3143,6457c872f9a05433750cacf6
A0364,6457c873f9a05433750cad02
A3806,6457c873f9a05433750cad02
A3114,6457c873f9a05433750cad02
A0903,6457b9eaf9a05433750aa9b4
A0364,6457c874f9a05433750cad15
A0364,6457c874f9a05433750cad19
A2832,6457c874f9a05433750cad15
A3017,6457c874f9a05433750cad19
A0364,6457c875f9a05433750cad29
A2422,6457c875f9a05433750cad29
A4237,6457c876f9a05433750cad4c
A3948,6457c876f9a05433750cad4c
A3689,6457c87af9a05433750cad8a
A4167,6457c87af9a05433750cad8a
A3654,6457c87af9a05433750cad93
A0096,6457c87af9a05433750cad93
A2358,6457c87af9a05433750cad93
A2014,647a3313e9a41d9def526a45
A3800,647a3314e9a41d9def526a4b
A3020,647a3315e9a41d9def526a5a
A1246,647a3315e9a41d9def526a5a
A3705,647a4e45808d0f16ba724475
A4219,647a4e45808d0f16ba724478
A2645,647b9fde53a2bf85122e6bf1
A4379,647b9fde53a2bf85122e6bf1
A3837,647b9fde53a2bf85122e6bf6
A3837,647b9fde53a2bf85122e6bf7
A2144,647b9fde53a2bf85122e6bf6
A2144,647b9fde53a2bf85122e6bf7
A2014,647b9fe053a2bf85122e6c0a
A2014,647b9fe053a2bf85122e6c0c
A4080,647b9fe453a2bf85122e6c29
A3514,647b9fe453a2bf85122e6c29
A3881,647b9fe653a2bf85122e6c3e
A1682,647b9fe653a2bf85122e6c3e
A4266,647a4e45808d0f16ba724478
A2507,647a4e45808d0f16ba724475
A1315,647a3313e9a41d9def526a45
A3038,647cf18ff5dc04386d46cbf2
A3885,647cf18ff5dc04386d46cbf2
A0442,647cf190f5dc04386d46cbf7
A4112,647cf190f5dc04386d46cbf7
A2014,647cf190f5dc04386d46cbfb
A3940,647cf190f5dc04386d46cbfd
A0111,647cf190f5dc04386d46cbfd
A2051,647cf191f5dc04386d46cc05
A2014,647cf191f5dc04386d46cc06
A0467,647cf191f5dc04386d46cc05
A0134,647cf191f5dc04386d46cc0a
A2014,647e436477c8894e35ffff69
A2014,647e436577c8894e35ffff6e
A2014,647e436577c8894e35ffff72
A2014,647e436577c8894e35ffff75
A4472,647e436577c8894e35ffff72
A3572,647e436577c8894e35ffff75
A2014,647e436677c8894e35ffff7d
A4317,647e436677c8894e35ffff7d
A2014,647e436877c8894e35ffff92
A3944,647e436877c8894e35ffff92
A2014,647e436977c8894e35ffff9d
A3486,647e436977c8894e35ffff9d
A3349,647e436977c8894e35ffffa2
A2014,647e436977c8894e35ffffa2
A3961,647cf190f5dc04386d46cbfb
A2014,647f94915ff31228c0be8eeb
A2014,647f94915ff31228c0be8eed
A4088,647f94915ff31228c0be8eed
A4217,647f94925ff31228c0be8ef1
A4422,647e436477c8894e35ffff69
A1964,647f94925ff31228c0be8ef1
A3593,647e436577c8894e35ffff6e
A2783,647e436577c8894e35ffff6e
A3216,647cf191f5dc04386d46cc06
A4157,647cf191f5dc04386d46cc06
A3020,647f94b95ff31228c0be9034
A1246,647f94b95ff31228c0be9034
A1781,6480e64c916615f14563bac8
A2728,6480e64c916615f14563bac8
A3605,6480e64d916615f14563bacc
A4318,6480e64d916615f14563bacc
A1781,6480e64e916615f14563bad3
A2728,6480e64e916615f14563bad3
A3052,6480e64e916615f14563bad7
A2014,6480e64e916615f14563bad9
A0317,6480e64e916615f14563bad7
A2993,6480e64e916615f14563bad9
A2966,6480e64f916615f14563bae6
A4473,6480e64e916615f14563bad3
A2014,6480e650916615f14563baee
A3006,6480e650916615f14563baf0
A0301,6480e650916615f14563baf0
A3940,6480e650916615f14563baf2
A0111,6480e650916615f14563baf2
A2956,6480e651916615f14563bafd
A2014,6480e652916615f14563bb02
A3298,6480e652916615f14563bb02
A2925,6480e652916615f14563bb04
A2014,6480e653916615f14563bb07
A2014,6480e653916615f14563bb08
A3597,6480e653916615f14563bb07
A2876,6480e653916615f14563bb08
A2014,6480e655916615f14563bb0d
A4400,6480e655916615f14563bb0d
A3623,6480e656916615f14563bb10
A2014,6480e656916615f14563bb12
A2253,6480e656916615f14563bb10
A4188,6480e656916615f14563bb15
A2787,6480e656916615f14563bb12
A2747,6480e656916615f14563bb15
A2014,6480e656916615f14563bb1e
A3866,6480e656916615f14563bb1e
A2014,6480e657916615f14563bb21
A2274,6480e657916615f14563bb21
A2014,6480e658916615f14563bb2a
A3996,6480e658916615f14563bb2a
A2014,6480e658916615f14563bb2e
A2274,6480e658916615f14563bb2e
A2014,6480e65a916615f14563bb3c
A4014,6480e65a916615f14563bb3c
A2014,6480e65c916615f14563bb56
A2014,6480e65c916615f14563bb58
A2745,6480e65c916615f14563bb56
A3987,6480e65c916615f14563bb58
A2143,647f94915ff31228c0be8eeb
A4364,647f94915ff31228c0be8eeb
A4408,647f94925ff31228c0be8ef1
A4033,647b9fe053a2bf85122e6c0c
A1028,647b9fde53a2bf85122e6bf1
A4269,6483896d868bcd5401f45d02
A2966,6483896d868bcd5401f45d07
A1809,6483896d868bcd5401f45d07
A1440,64862c8f37bf5e2fe3cb8097
A4048,64862c8f37bf5e2fe3cb8097
A3058,64877dfc9ade972d226e30e7
A1681,64877dfc9ade972d226e30e7
A2966,6488cfacf76e18dd142761dc
A4483,6488cfadf76e18dd142761e1
A3907,6488cfadf76e18dd142761e1
A2946,648a2135e27cf3d9d8dc0757
A3373,648a2136e27cf3d9d8dc0762
A0535,648a2136e27cf3d9d8dc0762
A2377,648a2135e27cf3d9d8dc0757
A1452,648a2135e27cf3d9d8dc0757
A4470,648e15cbb4fc4a0303a6ce53
A0302,648e15cbb4fc4a0303a6ce58
A1789,648e15cbb4fc4a0303a6ce53
A1248,648e15cbb4fc4a0303a6ce5d
A1683,648e15cbb4fc4a0303a6ce5e
A3832,648e15cbb4fc4a0303a6ce5e
A3065,648e15cbb4fc4a0303a6ce5d
A3006,648e15cbb4fc4a0303a6ce58
A1126,6483896d868bcd5401f45d07
A3278,648f675e163cd843b13b824c
A4077,648f675e163cd843b13b824c
A4160,648f675e163cd843b13b824f
A0474,648f675e163cd843b13b824c
A2647,648f675e163cd843b13b824f
A2014,6490b8cc62a907b0561eaf30
A3391,6490b8cc62a907b0561eaf30
A4269,6488cfacf76e18dd142761dc
A1432,64920a94dcdcb67d9634651e
A0634,64920a96dcdcb67d9634652d
A3914,64920a96dcdcb67d9634652d
A3826,64935c3655f3d0da954adc43
A2014,64935c3655f3d0da954adc49
A2783,64935c3655f3d0da954adc49
A3727,64fcd4608304eb3c88c621e1
A3974,64fcd4608304eb3c88c621e2
A0676,64fcd4608304eb3c88c621e1
A1469,64fcd4608304eb3c88c621e2
A3834,64fcd4608304eb3c88c621e5
A0415,64fcd4608304eb3c88c621e5
A3910,64fcd4608304eb3c88c621ea
A2462,64fcd4608304eb3c88c621ea
A3710,64fcd4618304eb3c88c621ef
A3191,64fcd4618304eb3c88c621ef
A4030,64fcd4628304eb3c88c621f2
A4142,64fcd4628304eb3c88c621f4
A0016,64fcd4628304eb3c88c621f4
A4265,64fcd4628304eb3c88c621f7
A0230,64fcd4628304eb3c88c621f7
A4202,64fcd4638304eb3c88c621fc
A2608,64fcd4638304eb3c88c621fc
A3876,64fcd4648304eb3c88c62202
A3455,64fcd4658304eb3c88c62205
A2552,64fcd4658304eb3c88c62208
A2987,64fcd4658304eb3c88c62205
A3720,64fcd4668304eb3c88c6220d
A2909,64fcd4668304eb3c88c62210
A2392,64fcd4668304eb3c88c6220d
A2890,64fcd4688304eb3c88c62223
A1694,64fcd4688304eb3c88c62226
A1694,64fcd4688304eb3c88c62223
A0073,64fcd4668304eb3c88c62210
A3856,64fcd4668304eb3c88c62210
A1695,64fcd4688304eb3c88c62223
A1695,64fcd4688304eb3c88c62226
A3362,64fcd46b8304eb3c88c62251
A0462,64fcd46e8304eb3c88c62265
A3711,64fcd46f8304eb3c88c62269
A2552,64fcd46e8304eb3c88c62265
A0462,64fcd4708304eb3c88c62270
A4398,64fcd4708304eb3c88c62274
A2772,64fcd4708304eb3c88c62270
A2288,64fcd4758304eb3c88c62297
A1847,64fcd4758304eb3c88c6229b
A3178,64fcd4758304eb3c88c6229b
A2278,64fcd4758304eb3c88c62297
A2869,64fcd4788304eb3c88c622c8
A1888,64fcd4788304eb3c88c622c8
A2383,64fcd4788304eb3c88c622c8
A3929,64fcd47d8304eb3c88c622f3
A3744,64fcd47d8304eb3c88c622f3
A1147,64fcd47d8304eb3c88c622f3
A3568,64fcd47e8304eb3c88c62302
A4196,64fcd47e8304eb3c88c62302
A2466,64fcd47e8304eb3c88c62302
A3542,64fcd47e8304eb3c88c62302
A4459,64fcd47f8304eb3c88c62317
A2130,64fcd47f8304eb3c88c62317
A4459,64fcd4818304eb3c88c62321
A2130,64fcd4818304eb3c88c62321
A0478,64fcd47e8304eb3c88c62302
A0685,64fcd47e8304eb3c88c62302
A4459,64fcd4868304eb3c88c6234c
A2130,64fcd4868304eb3c88c6234c
A2909,64fcd4908304eb3c88c62373
A2909,64fcd4918304eb3c88c6237d
A2909,64fcd4918304eb3c88c62380
A3856,64fcd4908304eb3c88c62373
A1297,64fcd4908304eb3c88c62373
A0073,64fcd4918304eb3c88c62380
A0459,64fcd47e8304eb3c88c62302
A3856,64fcd4918304eb3c88c62380
A3744,64fcd4998304eb3c88c623ef
A1059,64fcd4998304eb3c88c623ef
A3856,64fcd4918304eb3c88c6237d
A3929,64fcd4998304eb3c88c623ef
A1297,64fcd4918304eb3c88c6237d
A0073,64fcd4908304eb3c88c62373
A3492,64fcd4ad8304eb3c88c624ef
A3313,64fcd4ad8304eb3c88c624ef
A1420,64fcd4ad8304eb3c88c624ef
A0073,64fcd4918304eb3c88c6237d
A2260,64fcd4bd8304eb3c88c625a6
A1698,64fcd4bd8304eb3c88c625a6
A3744,64fcd4be8304eb3c88c625b6
A2288,64fcd4bd8304eb3c88c625a6
A1147,64fcd4be8304eb3c88c625b6
A3013,64fcd4be8304eb3c88c625b6
A3952,64fcd4c38304eb3c88c625e3
A2091,64fcd4c38304eb3c88c625e3
A4273,64fcd4c48304eb3c88c625f1
A1453,64fcd4c48304eb3c88c625f1
A1315,64fcd4ca8304eb3c88c62606
A3381,64fcd4ca8304eb3c88c62606
A0104,64fcd4d68304eb3c88c6264a
A3757,64fcd4d68304eb3c88c6264a
A3565,64fcd4d68304eb3c88c6264a
A1018,64fcd4d68304eb3c88c6264a
A1676,64fcd4d68304eb3c88c6264a
A2282,64fcd4d68304eb3c88c6264a
A0172,64fcd4d68304eb3c88c6264a
A2966,64fcd4e08304eb3c88c626aa
A2662,64fcd4e08304eb3c88c626aa
A2966,64fcd4e18304eb3c88c626af
A3929,64fcd4be8304eb3c88c625b6
A2662,64fcd4e18304eb3c88c626af
A1059,64fcd4be8304eb3c88c625b6
A2966,64fcd4e18304eb3c88c626b7
A2662,64fcd4e18304eb3c88c626b7
A3826,64fcd4e38304eb3c88c626c4
A3825,64fcd4e38304eb3c88c626c4
A2966,64fcd4e38304eb3c88c626c9
A2662,64fcd4e38304eb3c88c626c9
A3535,64fcd4e48304eb3c88c626d4
A3045,64fcd4e48304eb3c88c626d4
A3157,64fcd4e48304eb3c88c626d4
A2467,64fcd4ea8304eb3c88c626f4
A3825,64935c3655f3d0da954adc43
A3784,64fcd4ea8304eb3c88c626f4
A1431,64920a94dcdcb67d9634651e
A2020,64920a94dcdcb67d9634651e
A3216,64fcd4ea8304eb3c88c626f4
A2211,64fcd4ea8304eb3c88c626f4
A1843,64fcd4ea8304eb3c88c626f4
A3654,64fcd4ea8304eb3c88c626f4
A4398,64fe25e9d0860dc1bf3b583f
A2745,64ff777472793fb358f74e43
A1935,64fcd46f8304eb3c88c62269
A2745,6500c902dd9f6b1af0c0e45a
A1069,6500c902dd9f6b1af0c0e45e
A2422,6500c902dd9f6b1af0c0e45e
A1847,64fcd4648304eb3c88c62202
A3120,64fcd4d68304eb3c88c6264a
A0726,6504bdac47c15c9eb69e64ea
A0449,6504bdac47c15c9eb69e64e9
A0053,6500c902dd9f6b1af0c0e45e
A0053,64fcd4648304eb3c88c62202
A3876,64fcd4758304eb3c88c6229b
A2406,64fcd4ad8304eb3c88c624ef
A4118,64fcd4ad8304eb3c88c624ef
A2805,64fcd4658304eb3c88c62208
A0944,6508b24e90fc3600b1d909bd
A3604,6508b24e90fc3600b1d909bd
A0312,6483896d868bcd5401f45d02
A2734,650b557acde4ae3f51eb606b
A4485,650b557acde4ae3f51eb606b
A4485,64fcd4908304eb3c88c62373
A0462,650ca6d84a9c4972a6bc0c08
A4485,650ca6d84a9c4972a6bc0c0d
A2734,650ca6d84a9c4972a6bc0c0d
A4275,650ca6d94a9c4972a6bc0c11
A4275,650ca6d94a9c4972a6bc0c13
A4292,650df858997cc192a8296e9c
A2896,650df858997cc192a8296e9b
A2898,650df858997cc192a8296e9a
A1049,6504bdac47c15c9eb69e64ea
A0067,6504bdac47c15c9eb69e64ea
A1391,6504bdac47c15c9eb69e64e9
A1782,6504bdac47c15c9eb69e64e9
A1262,650f49df3dd8a1cdda328da5
A3677,650f49df3dd8a1cdda328da5
A1492,650f49df3dd8a1cdda328da5
A0130,650f49df3dd8a1cdda328da5
A4485,65109cb4e222b464cb49f2b7
A4485,65109cb5e222b464cb49f2bb
A4485,65109cb8e222b464cb49f2d5
A4485,65109cb8e222b464cb49f2d7
A4485,65109ccae222b464cb49f365
A2734,65109ccae222b464cb49f369
A2734,65109ccae222b464cb49f36a
A3856,65109ccae222b464cb49f369
A4485,65109ccae222b464cb49f36a
A2987,65109ccbe222b464cb49f370
A4254,65109ccbe222b464cb49f374
A1503,65109ccbe222b464cb49f374
A2142,64fcd4708304eb3c88c62270
A3156,64fcd4708304eb3c88c62270
A1927,6511ee49d2665110e8440334
A2959,6511ee49d2665110e8440338
A1498,6511ee49d2665110e8440338
A2634,650ca6d94a9c4972a6bc0c11
A2634,650ca6d94a9c4972a6bc0c13
A2402,6511ee72d2665110e84403f8
A4325,64fcd4658304eb3c88c62208
A3168,65133fef06b94336455c3042
A3856,65133fef06b94336455c3044
A0073,65133fef06b94336455c3044
A1165,65133fef06b94336455c303e
A3957,6511ee49d2665110e8440334
A1782,650df858997cc192a8296e9c
A1490,650f49df3dd8a1cdda328da5
A3689,650f49df3dd8a1cdda328da5
A1554,650f49df3dd8a1cdda328da5
A4498,650f49df3dd8a1cdda328da5
A4163,650f49df3dd8a1cdda328da5
A1455,650f49df3dd8a1cdda328da5
A1165,64fcd4688304eb3c88c62223
A2291,64fcd4688304eb3c88c62223
A3790,64fcd4688304eb3c88c62223
A4265,65149171f692ef5afdd454bc
A4265,65149171f692ef5afdd454be
A1882,65149171f692ef5afdd454be
A4189,65149171f692ef5afdd454c1
A0953,65149171f692ef5afdd454c1
A0714,65149172f692ef5afdd454c8
A3149,65149172f692ef5afdd454c8
A0216,64fe25e9d0860dc1bf3b583f
A4265,64fcd46f8304eb3c88c62269
A1882,64fcd46f8304eb3c88c62269
A1308,6515e2a605f3052a5cbe8987
A1485,6515e2a605f3052a5cbe898a
A0290,6515e2a605f3052a5cbe898a
A2991,6515e2a605f3052a5cbe898a
A1844,650f49df3dd8a1cdda328da5
A3604,65187ff108078af561c81593
A2959,65187ff108078af561c81592
A3037,65187ff108078af561c81594
A0944,65187ff108078af561c81593
A4162,65187ff108078af561c81592
A4491,65187ff108078af561c81594
A3137,65187ff208078af561c815a0
A0049,65187ff208078af561c815a0
A3439,65187ff208078af561c815aa
A0402,65187ff208078af561c815aa
A3057,65187ff208078af561c815b5
A0006,65187ff208078af561c815b5
A3683,65187ff308078af561c815c8
A4352,65187ff308078af561c815c9
A1366,65187ff308078af561c815c8
A0665,65187ff308078af561c815c9
A3788,65187ff308078af561c815d4
A2657,65187ff308078af561c815d4
A4480,65187ff308078af561c815e1
A1797,65187ff308078af561c815e1
A2776,65187ff308078af561c815e7
A3541,65187ff308078af561c815ed
A3579,65187ff308078af561c815f0
A3908,65187ff308078af561c815f3
A1598,65187ff308078af561c815f0
A4490,65187ff408078af561c815f7
A0914,65187ff408078af561c815f7
A3586,65187ff408078af561c815fe
A1046,65187ff408078af561c815fe
A4140,65187ff408078af561c81604
A4205,65187ff408078af561c81606
A0019,65187ff408078af561c81606
A4162,6511ee49d2665110e8440338
A2655,650f49df3dd8a1cdda328da5
A1247,650df858997cc192a8296e9b
A3305,650f49df3dd8a1cdda328da5
A1718,6504bdac47c15c9eb69e64e9
A0297,6504bdac47c15c9eb69e64e9
A3814,6519d15a4b08346b2b674161
A4228,6519d15a4b08346b2b674160
A0291,6519d15a4b08346b2b67415f
A2361,6519d15a4b08346b2b674160
A2842,6519d15a4b08346b2b67416b
A1521,6519d15a4b08346b2b67416b
A2789,6519d15a4b08346b2b674172
A2262,6519d15a4b08346b2b674172
A3957,6519d15a4b08346b2b674177
A3555,6519d15a4b08346b2b674178
A1927,6519d15a4b08346b2b674177
A1993,6519d15a4b08346b2b674178
A3984,6519d15a4b08346b2b67417f
A1926,6519d15a4b08346b2b67417f
A4205,6519d15a4b08346b2b674188
A0019,6519d15a4b08346b2b674188
A3861,6519d15b4b08346b2b674196
A0240,6519d15b4b08346b2b674196
A3312,6519d15b4b08346b2b6741b4
A2320,6519d15b4b08346b2b6741b4
A0018,6519d15c4b08346b2b6741c7
A0245,65187ff308078af561c815e7
A2054,65133fef06b94336455c3042
A2422,6483896d868bcd5401f45d07
A3505,651b22e6503d0ebdd27347a4
A3826,651b22e6503d0ebdd27347a5
A4182,651b22e6503d0ebdd27347a6
A1993,651b22e6503d0ebdd27347a5
A2842,651b22e6503d0ebdd27347ab
A1521,651b22e6503d0ebdd27347ab
A3621,651b22e6503d0ebdd27347af
A3826,651b22e6503d0ebdd27347b1
A3825,651b22e6503d0ebdd27347b1
A2999,651b22e6503d0ebdd27347b7
A1927,651b22e6503d0ebdd27347b1
A3957,651b22e6503d0ebdd27347b1
A4285,651b22e6503d0ebdd27347c0
A4173,651b22e7503d0ebdd27347cc
A2579,651b22e7503d0ebdd27347cc
A2961,651b22e7503d0ebdd27347d0
A1322,651b22e7503d0ebdd27347d0
A3545,651b22e7503d0ebdd27347d8
A2598,651b22e7503d0ebdd27347d8
A3817,651b22e7503d0ebdd27347df
A2511,651b22e7503d0ebdd27347df
A3586,651b22e7503d0ebdd27347f2
A1046,651b22e7503d0ebdd27347f2
A3689,651b22e8503d0ebdd2734801
A1490,651b22e8503d0ebdd2734801
A4052,651b22e8503d0ebdd273480d
A2387,651b22e8503d0ebdd273480d
A3971,651b22e8503d0ebdd2734818
A0616,651b22e8503d0ebdd2734818
A3984,651b22e8503d0ebdd273481e
A1926,651b22e8503d0ebdd273481e
A0013,6519d15a4b08346b2b674161
A1259,65187ff308078af561c815ed
A1674,65187ff308078af561c815f3
A2678,650df858997cc192a8296e9b
A4062,64fcd46f8304eb3c88c62269
A0923,64fcd4758304eb3c88c62297
A3727,651c7475af9b617c67368ee8
A3853,651c7475af9b617c67368ee9
A3966,651c7475af9b617c67368ef3
A2173,651c7475af9b617c67368ef3
A3206,651c7475af9b617c67368ef9
A3460,651c7476af9b617c67368f07
A2904,651c7476af9b617c67368f1c
A4313,651c7476af9b617c67368f20
A4100,651c7476af9b617c67368f21
A0736,651c7476af9b617c67368f21
A2848,651c7477af9b617c67368f32
A3486,651c7477af9b617c67368f33
A1982,651c7477af9b617c67368f32
A4386,651c7477af9b617c67368f37
A2300,651c7477af9b617c67368f33
A1549,651c7477af9b617c67368f33
A2403,651c7477af9b617c67368f33
A2402,651c7477af9b617c67368f42
A4198,651c7477af9b617c67368f33
A1962,651b22e6503d0ebdd27347a4
A0953,651c7477af9b617c67368f33
A2054,651c7477af9b617c67368f33
A1535,651b22e6503d0ebdd27347a6
A3555,651b22e6503d0ebdd27347a5
A3824,651b22e6503d0ebdd27347b1
A2991,6519d15c4b08346b2b6741c7
A0143,650df858997cc192a8296e9a
A0711,650ca6d84a9c4972a6bc0c08
A3453,650ca6d84a9c4972a6bc0c08
A2508,650ca6d84a9c4972a6bc0c08
A3827,650ca6d84a9c4972a6bc0c08
A3113,6511ee72d2665110e84403f8
A3826,6511ee72d2665110e84403f8
A0339,64fcd4708304eb3c88c62270
A0216,64fcd4708304eb3c88c62274
A4021,64fcd46f8304eb3c88c62269
A3797,651dc5feff6382638c81d34c
A4441,651dc5feff6382638c81d349
A3040,651dc5feff6382638c81d34a
A4008,651dc5feff6382638c81d34b
A1338,651dc5feff6382638c81d34b
A1529,651dc5feff6382638c81d349
A3760,651dc5ffff6382638c81d355
A3297,651dc5ffff6382638c81d356
A1470,651dc5ffff6382638c81d355
A0482,651dc5ffff6382638c81d356
A4254,651dc5ffff6382638c81d363
A3429,651dc5ffff6382638c81d366
A3481,651dc5ffff6382638c81d369
A1503,651dc5ffff6382638c81d363
A0262,651dc5ffff6382638c81d369
A0984,651dc5ffff6382638c81d370
A3619,651dc5ffff6382638c81d379
A0219,651dc5ffff6382638c81d379
A2975,651dc600ff6382638c81d37f
A4059,651dc600ff6382638c81d382
A3188,651dc5ffff6382638c81d370
A1450,651dc600ff6382638c81d382
A2789,651dc600ff6382638c81d397
A2262,651dc600ff6382638c81d397
A3317,651dc600ff6382638c81d3a3
A0494,651dc600ff6382638c81d3a3
A0507,651c7475af9b617c67368ee8
A2408,651c7475af9b617c67368ee9
A0995,651c7476af9b617c67368f20
A4162,651b22e6503d0ebdd27347a5
A2959,651b22e6503d0ebdd27347a5
A0936,64fcd4688304eb3c88c62223
A3632,64fcd4688304eb3c88c62223
A2768,64fcd4788304eb3c88c622c8
A2951,651f178b490b4e299ff46b18
A4271,651f178b490b4e299ff46b19
A3776,651f178b490b4e299ff46b17
A3862,651f178b490b4e299ff46b1a
A2009,651f178b490b4e299ff46b19
A2440,651f178b490b4e299ff46b18
A4297,651f178b490b4e299ff46b22
A4242,651f178b490b4e299ff46b23
A3309,651f178b490b4e299ff46b2b
A4200,651f178b490b4e299ff46b2c
A3308,651f178b490b4e299ff46b2b
A2982,651f178c490b4e299ff46b32
A3037,651f178c490b4e299ff46b37
A1728,651f178c490b4e299ff46b37
A4285,651f178c490b4e299ff46b45
A2071,651f178c490b4e299ff46b45
A3154,651f178c490b4e299ff46b52
A0672,651f178c490b4e299ff46b52
A3737,651f178c490b4e299ff46b59
A2120,651f178c490b4e299ff46b59
A3708,651f178d490b4e299ff46b63
A3259,651f178d490b4e299ff46b63
A4248,651f178d490b4e299ff46b67
A4250,651f178d490b4e299ff46b79
A0175,651f178d490b4e299ff46b79
A2200,651f178d490b4e299ff46b8d
A2943,651f178d490b4e299ff46b8d
A2416,651dc5ffff6382638c81d366
A3884,651c7475af9b617c67368ef9
A1728,65187ff108078af561c81594
A2617,64fcd4ea8304eb3c88c626f4
A3760,652068fe5590d2e352bbac08
A4490,652068fe5590d2e352bbac07
A3546,652068fe5590d2e352bbac09
A3057,652068fe5590d2e352bbac06
A1470,652068fe5590d2e352bbac08
A3845,652068ff5590d2e352bbac10
A3439,652068ff5590d2e352bbac11
A0062,652068ff5590d2e352bbac10
A0697,652068ff5590d2e352bbac11
A3972,652068ff5590d2e352bbac1a
A3873,652068ff5590d2e352bbac1b
A3482,652068ff5590d2e352bbac1d
A3450,652068ff5590d2e352bbac1a
A0659,652068ff5590d2e352bbac1d
A3140,652068ff5590d2e352bbac21
A1070,652068ff5590d2e352bbac21
A4263,652068ff5590d2e352bbac26
A2777,652068ff5590d2e352bbac2c
A0936,652068ff5590d2e352bbac2c
A4287,652069005590d2e352bbac37
A4056,652069005590d2e352bbac39
A2933,652069005590d2e352bbac42
A1592,652069005590d2e352bbac42
A0549,652069005590d2e352bbac45
A2643,652069005590d2e352bbac45
A2703,651f178b490b4e299ff46b1a
A2003,652069005590d2e352bbac45
A0123,652069005590d2e352bbac45
A1952,652069005590d2e352bbac45
A4012,652069005590d2e352bbac45
A0938,651f178b490b4e299ff46b23
A4103,652069005590d2e352bbac45
A2156,651f178b490b4e299ff46b2c
A3819,651f178b490b4e299ff46b2c
A2759,652069005590d2e352bbac45
A2133,652069005590d2e352bbac45
A4057,652069005590d2e352bbac45
A0694,652069005590d2e352bbac45
A0426,651dc5feff6382638c81d34c
A0192,651c7476af9b617c67368f07
A1922,651c7476af9b617c67368f07
A2372,651c7477af9b617c67368f37
A3723,651b22e6503d0ebdd27347af
A2422,64fcd4648304eb3c88c62202
A3264,652c46e30820e1a98833d8b3
A0089,652c46e30820e1a98833d8b3
A3981,652c46e30820e1a98833d8cd
A4343,652c46e30820e1a98833d8d1
A4281,652c46e40820e1a98833d8e2
A1865,652c46e40820e1a98833d8e2
A3243,652c46e50820e1a98833d90a
A3007,652c46e50820e1a98833d90d
A0711,652c46e50820e1a98833d90d
A0406,652c46e50820e1a98833d90a
A3220,652c46e60820e1a98833d923
A1923,652c46e60820e1a98833d923
A4134,652c46e60820e1a98833d929
A1627,652c46e60820e1a98833d929
A2940,652c46e60820e1a98833d931
A4260,652c46e60820e1a98833d934
A1597,652c46e60820e1a98833d934
A4190,652c46e60820e1a98833d939
A1214,652c46e60820e1a98833d939
A3317,652c46e70820e1a98833d953
A3931,652c46e70820e1a98833d955
A2555,652c46e70820e1a98833d955
A0494,652c46e70820e1a98833d953
A3158,652c46e70820e1a98833d966
A4439,652c46e70820e1a98833d96a
A2516,652c46e70820e1a98833d966
A1527,652c46e70820e1a98833d96a
A4395,652c46e70820e1a98833d975
A3115,652c46e70820e1a98833d975
A1551,652c46e70820e1a98833d975
A1942,652c46e70820e1a98833d975
A3838,652c46e80820e1a98833d9a3
A3920,652c46e80820e1a98833d9a4
A1938,652c46e80820e1a98833d9a4
A4073,652c46e90820e1a98833d9ab
A1426,652c46e90820e1a98833d9ab
A1112,652c46e80820e1a98833d9a3
A2946,652c46e90820e1a98833d9b9
A1146,652c46e90820e1a98833d9b9
A4429,652c46e90820e1a98833d9c4
A2631,652c46e90820e1a98833d9c4
A3183,652c46e90820e1a98833d9c8
A2293,652c46e90820e1a98833d9c8
A3793,652c46ea0820e1a98833d9d3
A1140,652c46ea0820e1a98833d9d3
A4104,652c46ea0820e1a98833d9d9
A1476,652c46ea0820e1a98833d9d9
A2072,652c46e90820e1a98833d9c4
A4104,652c46ea0820e1a98833d9e7
A4199,652c46ea0820e1a98833d9ea
A1476,652c46ea0820e1a98833d9e7
A3407,652c46ea0820e1a98833d9f0
A4275,652c46ea0820e1a98833d9f2
A2634,652c46ea0820e1a98833d9f2
A4435,652c46ea0820e1a98833d9fc
A1980,652c46eb0820e1a98833da00
A3958,652c46eb0820e1a98833da06
A0409,652c46eb0820e1a98833da06
A3325,652c46eb0820e1a98833da16
A0275,652c46eb0820e1a98833da16
A3804,652c46eb0820e1a98833da1b
A0736,652c46eb0820e1a98833da1b
A4285,652c46ec0820e1a98833da32
A2071,652c46ec0820e1a98833da32
A3356,652c46ec0820e1a98833da39
A0299,652c46eb0820e1a98833da00
A3586,652c46ec0820e1a98833da42
A1048,652c46ec0820e1a98833da42
A4172,652c46eb0820e1a98833da00
A3065,652c46ec0820e1a98833da48
A1248,652c46ec0820e1a98833da48
A3777,652c46ec0820e1a98833da4e
A2274,652c46ec0820e1a98833da4e
A1165,652c46ed0820e1a98833da70
A3504,652c46ed0820e1a98833da71
A0207,652c46ed0820e1a98833da71
A3354,652c46ed0820e1a98833da84
A0534,652c46ed0820e1a98833da84
A1121,652c46ed0820e1a98833da84
A4459,652c46ee0820e1a98833da9b
A3650,652c46ee0820e1a98833da9f
A2130,652c46ee0820e1a98833da9b
A2107,652c46ee0820e1a98833da9f
A4163,652c46ee0820e1a98833dab0
A4039,652c46ef0820e1a98833dac4
A2203,652c46ef0820e1a98833dac4
A3589,652c46ef0820e1a98833dac9
A0157,652c46ef0820e1a98833dac9
A3563,652c46ef0820e1a98833dace
A3009,652c46ef0820e1a98833dad2
A0303,652c46ef0820e1a98833dad2
A3935,652c46ef0820e1a98833dad7
A4403,652c46ef0820e1a98833dada
A1272,652c46ef0820e1a98833dad7
A1178,652c46ef0820e1a98833dada
A4141,652c46f00820e1a98833dae1
A1391,652c46f00820e1a98833dae1
A2786,652c46f00820e1a98833daf7
A2186,652c46f00820e1a98833daf9
A1492,652c46f00820e1a98833daf9
A2175,652c46f00820e1a98833dafe
A0915,652c46f00820e1a98833daf7
A3253,652c46f00820e1a98833daf9
A3745,652c46f00820e1a98833db0c
A0677,652c46f00820e1a98833dafe
A1868,652c46f00820e1a98833db0c
A3401,652c46f10820e1a98833db27
A4344,652c46f10820e1a98833db2b
A1835,652c46f10820e1a98833db27
A4492,652c46f10820e1a98833db2b
A3816,652c46f10820e1a98833db3f
A0935,652c46f10820e1a98833db3f
A3571,652c46f20820e1a98833db46
A0891,652c46f20820e1a98833db46
A3100,652c46f20820e1a98833db55
A0736,652c46f20820e1a98833db55
A3126,652c46f20820e1a98833db5c
A1933,652c46f20820e1a98833db5c
A3512,652c46f20820e1a98833db6d
A0870,652c46f20820e1a98833db6d
A3367,652c46f30820e1a98833db7b
A1471,652c46f30820e1a98833db7b
A4397,652c46f30820e1a98833db8d
A2011,652c46f30820e1a98833db8d
A0921,652c46f30820e1a98833db94
A4109,652c46f30820e1a98833db94
A4480,652c46f30820e1a98833db9c
A1798,652c46f30820e1a98833db9c
A3030,652c46f40820e1a98833dbad
A4500,652c46f40820e1a98833dbad
A4421,652c46f40820e1a98833dbbc
A2193,652c46f40820e1a98833dbbc
A3764,652c46f40820e1a98833dbca
A2687,652c46f40820e1a98833dbca
A3524,652c46f50820e1a98833dbdb
A1157,652c46f50820e1a98833dbdb
A4459,652c46f50820e1a98833dbe0
A2130,652c46f50820e1a98833dbe0
A4186,652c46f50820e1a98833dbe9
A1881,652c46f50820e1a98833dbe9
A2204,652c46f50820e1a98833dbf5
A3230,652c46f50820e1a98833dbfa
A4242,652c46f50820e1a98833dbfa
A3294,652c46f50820e1a98833dbf5
A3684,652c46f60820e1a98833dc18
A2190,652c46f60820e1a98833dc18
A4183,652c46f60820e1a98833dc20
A2140,652c46f60820e1a98833dc20
A3971,652c46f80820e1a98833dc7f
A0616,652c46f80820e1a98833dc7f
A2874,652c46f80820e1a98833dc89
A1466,652c46f80820e1a98833dc89
A3633,652c46f90820e1a98833dca2
A1388,652c46f90820e1a98833dca2
A3522,652c46f90820e1a98833dcb3
A3012,652c46f90820e1a98833dcb4
A1107,652c46f90820e1a98833dcb3
A0128,652c46f90820e1a98833dcb4
A4371,652c46f90820e1a98833dcca
A2206,652c46f90820e1a98833dcca
A3296,652c46fa0820e1a98833dcd1
A3685,652c46fa0820e1a98833dcd2
A0594,652c46fa0820e1a98833dcd1
A1006,652c46fa0820e1a98833dcd2
A3295,652c46fa0820e1a98833dcd1
A4456,652c46fa0820e1a98833dcea
A1031,652c46fa0820e1a98833dcea
A3591,652c46fa0820e1a98833dcf2
A2399,652c46fa0820e1a98833dcf2
A3192,652c46fa0820e1a98833dcfe
A4220,652c46fb0820e1a98833dd02
A2187,652c46fa0820e1a98833dcfe
A0593,652c46fb0820e1a98833dd02
A3696,652c46fb0820e1a98833dd19
A3545,652c46fb0820e1a98833dd1b
A3724,652c46fb0820e1a98833dd19
A2598,652c46fb0820e1a98833dd1b
A3487,652c46fb0820e1a98833dd20
A2308,652c46fb0820e1a98833dd20
A3476,652c46fc0820e1a98833dd37
A4339,652c46fc0820e1a98833dd3f
A2599,652c46fc0820e1a98833dd3f
A3487,652c46fc0820e1a98833dd4b
A3663,652c46fc0820e1a98833dd4e
A2308,652c46fc0820e1a98833dd4b
A3922,652c46fc0820e1a98833dd52
A0743,652c46fc0820e1a98833dd4e
A1491,652c46fc0820e1a98833dd52
A4202,652c46fd0820e1a98833dd68
A3579,652c46fd0820e1a98833dd6e
A0934,652c46fd0820e1a98833dd6e
A3140,652c46fd0820e1a98833dd81
A1070,652c46fd0820e1a98833dd81
A4265,652c46fd0820e1a98833dd85
A2844,652c46fd0820e1a98833dd88
A1546,652c46fd0820e1a98833dd88
A2536,652c46fe0820e1a98833dd93
A1425,652c46fe0820e1a98833dd93
A3727,652c46fe0820e1a98833dda5
A0507,652c46fe0820e1a98833dda5
A4116,652c46fe0820e1a98833ddaa
A1052,652c46fe0820e1a98833ddaa
A4372,652c46fe0820e1a98833ddb3
A0422,652c46fe0820e1a98833ddb3
A4469,652c46fe0820e1a98833ddba
A2420,652c46fe0820e1a98833ddba
A4313,652c46ff0820e1a98833ddcc
A0995,652c46ff0820e1a98833ddcc
A3489,652c46ff0820e1a98833dde2
A0005,652c46ff0820e1a98833dde2
A2904,652c46ff0820e1a98833dde9
A2880,652c46ff0820e1a98833dde9
A3460,652c46ff0820e1a98833ddee
A1922,652c46ff0820e1a98833ddee
A3964,652c47000820e1a98833ddfd
A2676,652c47000820e1a98833ddfd
A3504,652c47000820e1a98833de01
A0207,652c47000820e1a98833de01
A2967,652c47000820e1a98833de0e
A0264,652c47000820e1a98833de0e
A3624,652c47000820e1a98833de1a
A4182,652c47000820e1a98833de1b
A0213,652c47000820e1a98833de1a
A1535,652c47000820e1a98833de1b
A3615,652c47010820e1a98833de32
A0947,652c47010820e1a98833de32
A3464,652c47010820e1a98833de38
A2519,652c47010820e1a98833de38
A4475,652c47010820e1a98833de3f
A2631,652c47010820e1a98833de3f
A4048,652c47010820e1a98833de4c
A1440,652c47010820e1a98833de4c
A3434,652c47020820e1a98833de56
A2337,652c47020820e1a98833de56
A0408,652c47020820e1a98833de6f
A2965,652c47020820e1a98833de6f
A2565,652c47020820e1a98833de74
A4413,652c47020820e1a98833de74
A2556,652c47020820e1a98833de74
A3551,652c47030820e1a98833de7f
A2854,652c47030820e1a98833de86
A2845,652c47030820e1a98833de86
A4436,652c47030820e1a98833de8a
A1234,652c47030820e1a98833de8a
A0208,652c47040820e1a98833dea9
A3600,652c47040820e1a98833deb0
A0793,652c47040820e1a98833deb0
A1694,652c47040820e1a98833deb8
A2890,652c47040820e1a98833deb8
A3915,652c47050820e1a98833dece
A3262,652c47050820e1a98833dece
A4102,652c47040820e1a98833dea9
A4426,652c47060820e1a98833def4
A2357,652c47060820e1a98833def4
A3629,652c47060820e1a98833defd
A2295,652c47060820e1a98833defd
A2835,652c47070820e1a98833df1b
A0236,652c47070820e1a98833df1b
A0927,652068fe5590d2e352bbac09
A0914,652068fe5590d2e352bbac07
A0402,652068ff5590d2e352bbac11
A1790,652068ff5590d2e352bbac1b
A1730,652068ff5590d2e352bbac26
A0706,652069005590d2e352bbac37
A0990,652069005590d2e352bbac39
A1507,651f178b490b4e299ff46b17
A2648,651f178b490b4e299ff46b22
A1727,651f178c490b4e299ff46b37
A0202,651f178d490b4e299ff46b67
A0620,651dc5feff6382638c81d34a
A2207,651dc600ff6382638c81d37f
A2880,651c7476af9b617c67368f1c
A1565,651b22e6503d0ebdd27347b7
A2071,651b22e6503d0ebdd27347c0
A0018,6519d15a4b08346b2b67415f
A2074,6519d15a4b08346b2b674161
A1886,65187ff408078af561c81604
A3974,6515e2a605f3052a5cbe8987
A2320,65149171f692ef5afdd454c1
A2415,65133fef06b94336455c303e
A4193,65133fef06b94336455c303e
A0073,65109ccae222b464cb49f369
A3089,650df858997cc192a8296e9b
A2772,650ca6d84a9c4972a6bc0c08
A1149,650ca6d84a9c4972a6bc0c08
A4312,650ca6d84a9c4972a6bc0c08
A0303,6504bdac47c15c9eb69e64e9
A2634,64fcd4688304eb3c88c62223
A0937,64fcd4688304eb3c88c62223
A4391,64fcd4708304eb3c88c62270
A2541,64fcd4708304eb3c88c62270
A0152,64fcd4d68304eb3c88c6264a
A2866,6483896d868bcd5401f45d07
A3002,6483896d868bcd5401f45d07
A3352,652d984a0f17069d475e4305
A4427,652d984a0f17069d475e4304
A2941,652d984a0f17069d475e4306
A1944,652d984a0f17069d475e4306
A0385,652d984a0f17069d475e4305
A3470,652d984a0f17069d475e4317
A2338,652d984a0f17069d475e4317
A2696,652d984b0f17069d475e431e
A3735,652d984b0f17069d475e4329
A0401,652d984b0f17069d475e4329
A1701,652d984b0f17069d475e431e
A3267,652d984b0f17069d475e431e
A3993,652d984c0f17069d475e4342
A2151,652d984c0f17069d475e4342
A4300,652d984d0f17069d475e4379
A2177,652d984d0f17069d475e4379
A4191,652d984d0f17069d475e4386
A0475,652d984d0f17069d475e4386
A3444,652d984e0f17069d475e438d
A0410,652d984e0f17069d475e438d
A2492,652c46e30820e1a98833d8cd
A0205,652c46e30820e1a98833d8d1
A0067,652c46e60820e1a98833d931
A1585,652c46ea0820e1a98833d9fc
A0079,652c46ec0820e1a98833da39
A0635,652c46ef0820e1a98833dace
A2418,652c46fc0820e1a98833dd37
A1567,652c47030820e1a98833de7f
A0284,651f178c490b4e299ff46b32
A3113,651c7477af9b617c67368f42
A0748,64fcd4628304eb3c88c621f2
A3068,6483896d868bcd5401f45d07
A3786,6483896d868bcd5401f45d07
A0302,6480e650916615f14563baf0
A3646,6480e64f916615f14563bae6
A4294,6480e650916615f14563baee
A2588,6480e651916615f14563bafd
A0729,6480e652916615f14563bb04
A4122,647cf191f5dc04386d46cc0a
A3365,647b9fe053a2bf85122e6c0a
A0106,647b9fde53a2bf85122e6bf1
A0703,647a3314e9a41d9def526a4b
A3882,652d992b0f17069d475e6012
A4137,652d992b0f17069d475e6012
A0089,652d992d0f17069d475e603e
A3022,652d992d0f17069d475e603e
A0135,652d992b0f17069d475e6012
A2014,652d992e0f17069d475e604f
A4157,652d992e0f17069d475e604f
A2409,652d992e0f17069d475e6055
A1877,652d992e0f17069d475e6055
A2014,652d992e0f17069d475e6059
A4157,652d992e0f17069d475e6059
A2811,652d992e0f17069d475e605c
A0239,652d992e0f17069d475e605c
A3446,652d992e0f17069d475e605f
A4331,652d992e0f17069d475e605f
A3682,652d99300f17069d475e6093
A2433,652d99310f17069d475e60a9
A2832,652d99310f17069d475e60a9
A4208,652d99310f17069d475e60b2
A3195,652d99310f17069d475e60b2
A3514,652d99310f17069d475e60b7
A3041,652d99300f17069d475e6093
A2272,652d99310f17069d475e60b7
A3034,652d99310f17069d475e60bd
A1872,652d99310f17069d475e60bd
A2508,652d99330f17069d475e60f7
A2328,652d99330f17069d475e60f7
A0462,652d99330f17069d475e60f7
A0708,652d99330f17069d475e60f7
A1973,652d99330f17069d475e60f7
A3196,652d99380f17069d475e6182
A0645,652d99380f17069d475e6182
A4333,652d99390f17069d475e6198
A0231,652d99390f17069d475e6198
A2014,652d993b0f17069d475e61f3
A4085,652d993b0f17069d475e61f3
A2014,652d993b0f17069d475e61fe
A2833,652d993b0f17069d475e61fe
A2014,652d993c0f17069d475e6212
A4315,652d993c0f17069d475e6212
A4301,652ee9e1d7eb61eda6182405
A0561,652ee9e1d7eb61eda6182405
A3218,652ee9e1d7eb61eda618240b
A0419,652ee9e1d7eb61eda618240b
A2776,652ee9e2d7eb61eda6182416
A3910,652ee9e2d7eb61eda6182418
A3934,652ee9e2d7eb61eda6182416
A2462,652ee9e2d7eb61eda6182418
A0245,652ee9e2d7eb61eda6182416
A3541,652ee9e2d7eb61eda6182423
A1260,652ee9e2d7eb61eda6182423
A3727,652ee9e2d7eb61eda618242b
A0507,652ee9e2d7eb61eda618242b
A1882,652c46fd0820e1a98833dd85
A0006,652068fe5590d2e352bbac06
A1498,651b22e6503d0ebdd27347a5
A1146,65133fef06b94336455c303e
A2666,650df858997cc192a8296e9b
A1152,6500c902dd9f6b1af0c0e45a
A1152,64ff777472793fb358f74e43
A3714,65303b4ece574241e96027cc
A3627,65303b4ece574241e96027d2
A0955,65303b4ece574241e96027d2
A3712,65303b4ece574241e96027d8
A1122,65303b4ece574241e96027d8
A3936,65303b4ece574241e96027db
A2941,65303b4ece574241e96027dd
A1274,65303b4ece574241e96027db
A1944,65303b4ece574241e96027dd
A3683,65303b4fce574241e96027e5
A2573,652d984a0f17069d475e4304
A3790,65133fef06b94336455c303e
A1665,64fe25e9d0860dc1bf3b583f
A3828,64fe25e9d0860dc1bf3b583f
A2971,65318ceb2b9019411a3f769c
A3797,65318ceb2b9019411a3f769d
A0271,65318ceb2b9019411a3f769e
A0426,65318ceb2b9019411a3f769d
A3458,65318ceb2b9019411a3f76a8
A1044,65303b4ece574241e96027cc
A1366,65303b4fce574241e96027e5
A2109,652c46eb0820e1a98833da16
A4202,6532de4cdef69da33a90cf1a
A3908,6532de4ddef69da33a90cf21
A0726,65318ceb2b9019411a3f76a8
A1882,65149171f692ef5afdd454bc
A3787,6483896d868bcd5401f45d07
A4420,647a4e45808d0f16ba724475
A4134,65342fe309f700df5a65314d
A4020,65342fe309f700df5a65314f
A4316,65342fe309f700df5a65314e
A4480,65342fe309f700df5a653150
A1627,65342fe309f700df5a65314d
A1787,65342fe309f700df5a653150
A4073,65342fe309f700df5a653159
A1426,65342fe309f700df5a653159
A3706,65342fe309f700df5a653162
A3966,65342fe309f700df5a653163
A1101,65342fe309f700df5a653162
A2788,65342fe409f700df5a653169
A1099,65342fe409f700df5a653169
A3546,65342fe409f700df5a65316f
A0927,65342fe409f700df5a65316f
A1816,65342fe409f700df5a653171
A4128,65342fe409f700df5a653182
A1367,65342fe409f700df5a653182
A4460,65342fe409f700df5a653171
A0237,65342fe509f700df5a6531a0
A0236,65342fe509f700df5a6531a0
A2327,652c46ea0820e1a98833d9ea
A4020,653581540738244760b65079
A1339,653581540738244760b65079
A4284,653581550738244760b65095
A3730,653581550738244760b6509a
A1051,653581550738244760b6509a
A4450,653581550738244760b650a6
A3361,653581560738244760b650aa
A1158,653581550738244760b650a6
A0131,653581560738244760b650aa
A0170,653581560738244760b650b7
A4020,653581560738244760b650be
A1339,653581560738244760b650be
A2926,653581560738244760b650b7
A0566,65342fe309f700df5a65314e
A1339,65342fe309f700df5a65314f
A2173,65342fe309f700df5a653163
A0575,6532de4cdef69da33a90cf1a
A1674,6532de4ddef69da33a90cf21
A1675,6532de4ddef69da33a90cf21
A1242,6532de4ddef69da33a90cf21
A2616,652c46ee0820e1a98833dab0
A0575,652c46fd0820e1a98833dd68
A3825,651b22e6503d0ebdd27347a5
A4275,65133fef06b94336455c303e
A1418,65109ccbe222b464cb49f370
A3455,6536d3148a0605c0ac0f4dab
A0889,6536d3158a0605c0ac0f4dcc
A4287,6536d3158a0605c0ac0f4dd3
A0706,6536d3158a0605c0ac0f4dd3
A3510,6536d3158a0605c0ac0f4dcc
A3637,6536d3178a0605c0ac0f4e24
A0963,6536d3178a0605c0ac0f4e24
A1555,6536d3198a0605c0ac0f4e65
A0273,65318ceb2b9019411a3f769c
A1226,65318ceb2b9019411a3f769e
A3416,65303b4ece574241e96027db
A1069,64fcd4648304eb3c88c62202
A0181,64fcd4d68304eb3c88c6264a
A2370,64fcd4ea8304eb3c88c626f4
A2047,653581550738244760b65095
A2540,650df858997cc192a8296e9b
A1146,64fcd4688304eb3c88c62223
A3787,653975f9619fa7900c881a72
A4227,6536d3198a0605c0ac0f4e65
A2207,65397606619fa7900c881c5d
A2975,65397606619fa7900c881c5d
A0462,64fcd4658304eb3c88c62208
A3573,653ac77d4aac5942cc9cc273
A3827,653ac77d4aac5942cc9cc274
A2508,653ac77d4aac5942cc9cc274
A4269,653975f9619fa7900c881a72
A2274,653ac77f4aac5942cc9cc297
A3777,653ac77f4aac5942cc9cc297
A3822,65397606619fa7900c881c5d
A0432,6519d15b4b08346b2b6741b4
A3119,653c190a80caf5afcc8683cc
A2613,653c190a80caf5afcc8683cc
A2794,653c190a80caf5afcc8683d3
A2064,651dc5feff6382638c81d34a
A2577,64fcd4658304eb3c88c62208
A3146,64fcd4658304eb3c88c62208
A2274,653d6a7aff6d5a92d23174cc
A0105,653c190a80caf5afcc8683d3
A4147,653d6a7bff6d5a92d23174f1
A1603,653d6a7bff6d5a92d23174f1
A2987,6536d3148a0605c0ac0f4dab
A3755,652069005590d2e352bbac45
A3311,652d99310f17069d475e60bd
A3777,653d6a7aff6d5a92d23174cc
A1988,653ac77d4aac5942cc9cc273
A1486,65133fef06b94336455c303e
A1486,64fcd4688304eb3c88c62223
A4145,64fcd4688304eb3c88c62223
A4087,65400d7231ffda02357b9773
A3692,65400d7231ffda02357b9773
A0008,65133fef06b94336455c3044
A2909,65133fef06b94336455c3044
A4485,65133fef06b94336455c3044
A4275,64fcd4688304eb3c88c62223
A1502,65415efefc77ac0bd21548ca
A3856,65415efefc77ac0bd21548ca
A4200,653ac77d4aac5942cc9cc273
A3815,64fcd4688304eb3c88c62223
A3897,64fcd46b8304eb3c88c62251
A1440,6544026bd09d71f70e93c33e
A1502,6544026bd09d71f70e93c346
A1502,6544026bd09d71f70e93c345
A1502,6544026cd09d71f70e93c34d
A1502,6544026cd09d71f70e93c357
A1502,6544026cd09d71f70e93c35f
A1502,6544026cd09d71f70e93c361
A1502,6544026cd09d71f70e93c368
A1502,6544026cd09d71f70e93c369
A1502,6544026cd09d71f70e93c36a
A1502,6544026cd09d71f70e93c370
A1502,6544026dd09d71f70e93c379
A1502,6544026dd09d71f70e93c37b
A1502,6544026dd09d71f70e93c382
A1502,6544026dd09d71f70e93c383
A1502,6544026dd09d71f70e93c38b
A1502,6544026dd09d71f70e93c38c
A1502,6544026dd09d71f70e93c390
A1502,6544026dd09d71f70e93c39a
A1502,6544026dd09d71f70e93c39b
A1502,6544026ed09d71f70e93c3a0
A1502,6544026ed09d71f70e93c3a4
A1502,6544026ed09d71f70e93c3a5
A1502,6544026ed09d71f70e93c3a8
A1502,6544026ed09d71f70e93c3aa
A1502,6544026ed09d71f70e93c3ad
A1502,6544026ed09d71f70e93c3ac
A1502,6544026ed09d71f70e93c3b0
A1502,6544026ed09d71f70e93c3b2
A1502,6544026ed09d71f70e93c3b5
A1502,6544026ed09d71f70e93c3b8
A1502,6544026ed09d71f70e93c3ba
A1502,6544026ed09d71f70e93c3bd
A1502,6544026ed09d71f70e93c3c2
A1502,6544026ed09d71f70e93c3c4
A1502,6544026fd09d71f70e93c3c8
A1502,6544026fd09d71f70e93c3cc
A1502,6544026fd09d71f70e93c3cd
A1502,6544026fd09d71f70e93c3d2
A1502,6544026fd09d71f70e93c3dc
A1502,6544026fd09d71f70e93c3e2
A1502,6544026fd09d71f70e93c3e3
A1502,6544026fd09d71f70e93c3ea
A1502,65440270d09d71f70e93c3eb
A1502,65440270d09d71f70e93c3f3
A1502,65440270d09d71f70e93c3fa
A1502,65440270d09d71f70e93c400
A1502,65440270d09d71f70e93c404
A1502,65440270d09d71f70e93c408
A1502,65440270d09d71f70e93c40a
A1502,65440270d09d71f70e93c40c
A1502,65440270d09d71f70e93c40b
A4485,65440270d09d71f70e93c40b
A1502,65440271d09d71f70e93c411
A1502,65440271d09d71f70e93c415
A1502,65440271d09d71f70e93c41a
A1502,65440271d09d71f70e93c426
A1502,65440271d09d71f70e93c42b
A1502,65440271d09d71f70e93c42e
A1502,65440271d09d71f70e93c432
A1502,65440271d09d71f70e93c434
A1502,65440272d09d71f70e93c439
A1502,65440272d09d71f70e93c43a
A1502,65440272d09d71f70e93c441
A1502,65440272d09d71f70e93c449
A1502,65440272d09d71f70e93c44a
A1502,65440272d09d71f70e93c44b
A1502,65440272d09d71f70e93c451
A1502,65440272d09d71f70e93c456
A4485,65440272d09d71f70e93c456
A2909,65109ccae222b464cb49f369
A3617,6544032dd09d71f70e93dc48
A2606,6544032dd09d71f70e93dc48
A2423,64fcd4648304eb3c88c62202
A3757,654553f5f3b43aeeecdb3294
A0172,654553f5f3b43aeeecdb3294
A0965,6544026bd09d71f70e93c33e
A0213,6546a570beb559f312dc02ab
A0213,652c46ee0820e1a98833da9b
A2780,6547f6d203837e2de10fddd5
A4275,6547f6d203837e2de10fddd6
A2634,6547f6d203837e2de10fddd6
A3071,6547f6d203837e2de10fdddd
A3206,6547f6d203837e2de10fdde1
A3884,6547f6d203837e2de10fdde1
A0777,6546a570beb559f312dc02ab
A1331,64fcd46f8304eb3c88c62269
A2587,6547f6d203837e2de10fdde1
A1502,654a99ded51ca283ea248667
A1502,654a99ded51ca283ea248666
A1502,654a99ded51ca283ea24866d
A1502,654a99ded51ca283ea24866f
A1502,654a99ded51ca283ea248673
A1502,654a99dfd51ca283ea248677
A1502,654a99dfd51ca283ea248676
A1502,654a99dfd51ca283ea24867a
A1502,654a99dfd51ca283ea24867b
A1502,654a99dfd51ca283ea24867f
A1502,654a99dfd51ca283ea248682
A1502,654a99dfd51ca283ea248686
A1502,654a99dfd51ca283ea248687
A1502,654a99dfd51ca283ea24868a
A1502,654a99dfd51ca283ea24868b
A1502,654a99dfd51ca283ea24868e
A3677,654beb58bc2a051d24893813
A3071,654beb58bc2a051d24893812
A3405,654beb58bc2a051d24893815
A1951,654beb58bc2a051d24893815
A3901,654beb58bc2a051d24893815
A4265,654beb5abc2a051d2489385e
A1882,654beb5abc2a051d2489385e
A4142,654beb5abc2a051d2489386b
A1485,654beb5abc2a051d2489386b
A2274,654beb5bbc2a051d24893886
A3777,654beb5bbc2a051d24893886
A2681,653975f9619fa7900c881a72
A2269,64fcd46f8304eb3c88c62269
A4201,654d3cda2c30a2db3878bf38
A4243,654d3cda2c30a2db3878bf39
A4442,654d3cda2c30a2db3878bf37
A1160,654d3cda2c30a2db3878bf37
A4488,654d3cda2c30a2db3878bf38
A0403,654d3cda2c30a2db3878bf38
A0495,6546a570beb559f312dc02ab
A1262,651b22e8503d0ebdd2734801
A3677,651b22e8503d0ebdd2734801
A1502,654e8e6bf8ddcb0f6ccb701b
A1502,654e8e6bf8ddcb0f6ccb701c
A1502,654e8e6cf8ddcb0f6ccb7034
A1502,654e8e6cf8ddcb0f6ccb703b
A1502,654e8e6cf8ddcb0f6ccb703d
A2391,64fcd4658304eb3c88c62208
A3586,654fdfea5c2967ef8ae603b0
A4316,654fdfea5c2967ef8ae603ae
A3541,654fdfeb5c2967ef8ae603bf
A1260,654fdfeb5c2967ef8ae603bf
A4490,654fdfeb5c2967ef8ae603c5
A1048,654fdfea5c2967ef8ae603b0
A3439,654fdfeb5c2967ef8ae603c9
A0914,654fdfeb5c2967ef8ae603c5
A3579,654fdfeb5c2967ef8ae603d0
A0697,654fdfeb5c2967ef8ae603c9
A0934,654fdfeb5c2967ef8ae603d0
A2056,654fdfeb5c2967ef8ae603c9
A3057,654fdfeb5c2967ef8ae603d7
A0006,654fdfeb5c2967ef8ae603d7
A3149,654fdfeb5c2967ef8ae603dc
A1787,654fdfeb5c2967ef8ae603dc
A3908,654fdfec5c2967ef8ae603e6
A0714,654fdfeb5c2967ef8ae603d0
A1242,654fdfec5c2967ef8ae603e6
A4284,654fdfec5c2967ef8ae603f1
A2047,654fdfec5c2967ef8ae603f1
A3683,654fdfec5c2967ef8ae603f6
A1366,654fdfec5c2967ef8ae603f6
A2372,654d3cda2c30a2db3878bf39
A0437,6547f6d203837e2de10fdddd
A0303,652c46ed0820e1a98833da70
A1272,652c46ed0820e1a98833da70
A1816,652c46ed0820e1a98833da70
A1492,652c46ee0820e1a98833dab0
A2143,650f49df3dd8a1cdda328da5
A4364,650f49df3dd8a1cdda328da5
A2647,64ff777472793fb358f74e43
A2892,64fcd4658304eb3c88c62208
A0519,655131723529699cda819c16
A1067,655131723529699cda819c16
A0566,654fdfea5c2967ef8ae603ae
A2475,654beb58bc2a051d24893815
A4254,6547f6d203837e2de10fdde1
A1218,650ca6d84a9c4972a6bc0c08
A2596,655282e60b66734cdf2b0375
A3873,655282e60b66734cdf2b0375
A0777,6547f6d203837e2de10fdde1
A2291,65133fef06b94336455c303e
A3632,65133fef06b94336455c303e
A2328,650ca6d84a9c4972a6bc0c08
A1441,6544032dd09d71f70e93dc48
A2082,647a4e45808d0f16ba724475
A3391,6553d487167c68ae65c198d9
A0987,6553d487167c68ae65c198d9
A1128,6553d487167c68ae65c198e0
A4446,6553d487167c68ae65c198e0
A3542,654beb5bbc2a051d24893886
A0726,652c46ed0820e1a98833da84
A3724,652c46ed0820e1a98833da84
A1669,64fcd4688304eb3c88c62223
A1069,6483896d868bcd5401f45d07
A2068,655525f50528d454ee068001
A3621,655525f50528d454ee068001
A3653,654e8e6cf8ddcb0f6ccb7034
A4145,65133fef06b94336455c303e
A3002,64fcd4648304eb3c88c62202
A3792,65567772b02679941c5f15f5
A3863,65567772b02679941c5f15f5
A3361,654e8e6cf8ddcb0f6ccb703b
A2430,654a99dfd51ca283ea24867f
A3219,6547f6d203837e2de10fddd5
A4143,654a99dfd51ca283ea24867b
A4108,654a99dfd51ca283ea24867f
A3354,65591a75f2786bca5e0531e5
A3354,65591a75f2786bca5e0531e6
A0534,65591a75f2786bca5e0531e5
A0534,65591a75f2786bca5e0531e6
A1491,65591a75f2786bca5e0531f1
A3534,65591a75f2786bca5e0531f1
A0509,65591a75f2786bca5e0531f1
A3497,65591a75f2786bca5e0531f1
A1496,654e8e6cf8ddcb0f6ccb703d
A2297,654a99dfd51ca283ea248682
A2391,654a99dfd51ca283ea24868e
A4180,655a6be1b318044fce8c973d
A4287,655a6be1b318044fce8c973b
A0706,655a6be1b318044fce8c973b
A4143,654e8e6bf8ddcb0f6ccb701b
A4325,655a6be9b318044fce8c9893
A3410,654a99ded51ca283ea24866d
A1966,654a99ded51ca283ea24866d
A1838,654a99ded51ca283ea24866f
A0117,654a99ded51ca283ea248673
A4394,654a99ded51ca283ea24866f
A1496,654a99dfd51ca283ea24868a
A3102,654a99dfd51ca283ea24868a
A0509,647a4e45808d0f16ba724475
A0153,655bbd851c32eb9c0e146faa
A3801,655bbd851c32eb9c0e146fac
A0986,655bbd851c32eb9c0e146fac
A3925,655bbd851c32eb9c0e146faa
A2257,655bbd851c32eb9c0e146fac
A0569,655a6be1b318044fce8c973d
A1929,654a99dfd51ca283ea248677
A4148,654a99dfd51ca283ea248677
A0704,654a99dfd51ca283ea248676
A4144,654a99dfd51ca283ea248676
A0379,654a99dfd51ca283ea248676
A3661,654a99dfd51ca283ea248682
A2541,654a99dfd51ca283ea248686
A2649,654a99dfd51ca283ea248686
A2207,654a99dfd51ca283ea24868b
A2975,654a99dfd51ca283ea24868b
A0921,6544026dd09d71f70e93c39b
A1262,652c46ee0820e1a98833dab0
A3677,652c46ee0820e1a98833dab0
A0827,647a4e45808d0f16ba724475
A3391,655d0efb094871169b71b18d
A3391,655d0efb094871169b71b18b
A3504,655d0efb094871169b71b18a
A0987,655d0efb094871169b71b18b
A0987,655d0efb094871169b71b18d
A0207,655d0efb094871169b71b18a
A4420,65591a75f2786bca5e0531f1
A3361,654a99dfd51ca283ea248686
A1782,652c46ed0820e1a98833da70
A0463,652c46ed0820e1a98833da70
A3825,64ff777472793fb358f74e43
A1163,64fcd4688304eb3c88c62223
A0471,64fcd4688304eb3c88c62223
A3916,64fcd4688304eb3c88c62223
A0737,655db4d61bb8395eb853175f
A2291,655db4d61bb8395eb8531769
A3632,655db4d61bb8395eb8531769
A1487,655db4d61bb8395eb853175f
A3945,655db4db1bb8395eb853182b
A2988,655db4db1bb8395eb853182b
A2982,655db4d61bb8395eb853175f
A1907,655db4db1bb8395eb853182b
A0284,655db4d61bb8395eb853175f
A1553,655db4d61bb8395eb853175f
A4213,655db4d61bb8395eb853175f
A3811,655db4db1bb8395eb853182b
A3825,655db4db1bb8395eb853182b
A3805,655db4db1bb8395eb853182b
A1575,655db4db1bb8395eb853182b
A2014,655db4e21bb8395eb8531945
A2876,655db4e21bb8395eb8531945
A2014,655db4e21bb8395eb8531954
A2787,655db4e21bb8395eb8531954
A2014,655db4e21bb8395eb8531968
A4400,655db4e21bb8395eb8531968
A3216,655db4e31bb8395eb853197e
A2211,655db4e31bb8395eb853197e
A2014,655db4e31bb8395eb853198d
A4422,655db4e31bb8395eb853198d
A2014,655db4e41bb8395eb8531998
A4014,655db4e41bb8395eb8531998
A2014,655db4e41bb8395eb85319a3
A2143,655db4e41bb8395eb85319a3
A2014,655db4e41bb8395eb85319ac
A3298,655db4e41bb8395eb85319ac
A2014,655db4e51bb8395eb85319c2
A2930,655db4e51bb8395eb85319c2
A2014,655db4e51bb8395eb85319c4
A3784,655db4e51bb8395eb85319c4
A2734,655db4e51bb8395eb85319cd
A4485,655db4e51bb8395eb85319cd
A2014,655db4e51bb8395eb85319d0
A0134,655db4e51bb8395eb85319cd
A3987,655db4e51bb8395eb85319d0
A4122,655db4e51bb8395eb85319cd
A2966,655db4e61bb8395eb85319e3
A2014,655db4e71bb8395eb8531a06
A2993,655db4e71bb8395eb8531a06
A1107,655db4e61bb8395eb85319e3
A2014,655db4e71bb8395eb8531a1e
A3945,655db4e71bb8395eb8531a1e
A2014,655db4e81bb8395eb8531a2e
A3597,655db4e81bb8395eb8531a2e
A1791,655db4d61bb8395eb853175f
A2014,655db4e91bb8395eb8531a62
A4317,655db4e91bb8395eb8531a62
A2243,655db4d61bb8395eb853175f
A2014,655db4ea1bb8395eb8531a75
A3654,655db4ea1bb8395eb8531a75
A2014,655db4ea1bb8395eb8531a8c
A4088,655db4ea1bb8395eb8531a8c
A2014,655db4eb1bb8395eb8531ab0
A3593,655db4eb1bb8395eb8531ab0
A3976,655db4ec1bb8395eb8531ac2
A0449,655db4ec1bb8395eb8531ac2
A2014,655db4ec1bb8395eb8531ade
A3216,655db4ec1bb8395eb8531ade
A3494,655db4ed1bb8395eb8531ae3
A2734,655db4ed1bb8395eb8531ae3
A2014,655db4ed1bb8395eb8531af8
A2745,655db4ed1bb8395eb8531af8
A3996,655db4ee1bb8395eb8531b14
A4487,655db4d61bb8395eb853175f
A2014,655db4f01bb8395eb8531b54
A2274,655db4f01bb8395eb8531b54
A2014,655db4f01bb8395eb8531b5b
A4294,655db4f01bb8395eb8531b5b
A2014,655db4ee1bb8395eb8531b14
A4406,655db4f21bb8395eb8531b96
A0914,655db4f21bb8395eb8531b96
A0073,655db4f31bb8395eb8531bc0
A4146,655db4d61bb8395eb853175f
A1067,655db4f31bb8395eb8531bc7
A3856,655db4f31bb8395eb8531bc0
A3196,655db4f31bb8395eb8531bc7
A0645,655db4f31bb8395eb8531bc7
A3255,655db4f51bb8395eb8531c1e
A3256,655db4f51bb8395eb8531c1e
A3321,655db4f51bb8395eb8531c1e
A2014,655db4f61bb8395eb8531c42
A2274,655db4f61bb8395eb8531c42
A2014,655db4f71bb8395eb8531c63
A3486,655db4f71bb8395eb8531c63
A3455,655db4f51bb8395eb8531c1e
A3953,655db4f81bb8395eb8531c85
A0873,655db4f81bb8395eb8531c85
A2014,655db4f91bb8395eb8531c99
A1315,655db4f91bb8395eb8531c99
A3417,655db4f31bb8395eb8531bc7
A2966,655db4fa1bb8395eb8531cce
A4269,655db4fa1bb8395eb8531cce
A1160,655db4fa1bb8395eb8531cce
A4442,655db4fa1bb8395eb8531cce
A2014,655db4fc1bb8395eb8531d07
A4472,655db4fc1bb8395eb8531d07
A2014,655db4fc1bb8395eb8531d0d
A3572,655db4fc1bb8395eb8531d0d
A4384,655db4f51bb8395eb8531c1e
A2014,655db4fc1bb8395eb8531d1a
A4018,655db4f51bb8395eb8531c1e
A3349,655db4fc1bb8395eb8531d1a
A2014,655db4fd1bb8395eb8531d27
A3961,655db4fd1bb8395eb8531d27
A0877,655db4fd1bb8395eb8531d40
A2014,655db4fd1bb8395eb8531d41
A3866,655db4fd1bb8395eb8531d41
A3474,655db4fd1bb8395eb8531d40
A0936,655db4fe1bb8395eb8531d59
A2434,655db4fe1bb8395eb8531d59
A1486,655db4fe1bb8395eb8531d59
A2291,655db4fe1bb8395eb8531d59
A3944,655db4fe1bb8395eb8531d66
A2014,655db4ff1bb8395eb8531d6e
A4157,655db4ff1bb8395eb8531d6e
A2014,655db4fe1bb8395eb8531d66
A2014,655db5001bb8395eb8531d9e
A4157,655db5001bb8395eb8531d9e
A0218,655db5001bb8395eb8531dab
A3566,655db5001bb8395eb8531dab
A3249,655db5011bb8395eb8531db0
A0412,655db5011bb8395eb8531db0
A0551,655db4f51bb8395eb8531c1e
A4037,655db5041bb8395eb8531e1f
A1353,655db5041bb8395eb8531e1f
A2014,655db5051bb8395eb8531e3e
A4472,655db5051bb8395eb8531e3e
A2014,655db5051bb8395eb8531e45
A3572,655db5051bb8395eb8531e45
A2014,655db5051bb8395eb8531e49
A3349,655db5051bb8395eb8531e49
A2014,655db5051bb8395eb8531e4e
A4213,655db5051bb8395eb8531e4e
A4178,655db5061bb8395eb8531e55
A2014,655db5061bb8395eb8531e57
A2414,655db5061bb8395eb8531e55
A3461,655db5061bb8395eb8531e57
A2014,655db5061bb8395eb8531e73
A2876,655db5061bb8395eb8531e73
A2014,655db5071bb8395eb8531e81
A2833,655db5071bb8395eb8531e81
A2014,655db5071bb8395eb8531e8b
A3135,655db5071bb8395eb8531e8b
A3937,655db5061bb8395eb8531e55
A2014,655db5071bb8395eb8531e94
A4400,655db5071bb8395eb8531e94
A2014,655db5081bb8395eb8531ea3
A2787,655db5081bb8395eb8531ea3
A1256,655db5091bb8395eb8531ebd
A0918,655db5091bb8395eb8531ebd
A4331,655db5091bb8395eb8531ebd
A2014,655db50a1bb8395eb8531ee2
A2014,655db50a1bb8395eb8531ee4
A3298,655db50a1bb8395eb8531ee2
A3597,655db50a1bb8395eb8531ee4
A2014,655db50a1bb8395eb8531eed
A3150,655db50a1bb8395eb8531eed
A2014,655db50a1bb8395eb8531ef2
A4085,655db50a1bb8395eb8531ef2
A2014,655db50a1bb8395eb8531ef9
A2014,655db50a1bb8395eb8531efa
A4315,655db50a1bb8395eb8531ef9
A3654,655db50a1bb8395eb8531efa
A2014,655db50b1bb8395eb8531f04
A3866,655db50b1bb8395eb8531f04
A2014,655db50b1bb8395eb8531f08
A3115,655db50b1bb8395eb8531f08
A2014,655db50b1bb8395eb8531f16
A4395,655db50b1bb8395eb8531f16
A2014,655db50b1bb8395eb8531f1b
A4033,655db50b1bb8395eb8531f1b
A2014,655db50c1bb8395eb8531f23
A4364,655db50c1bb8395eb8531f23
A2014,655db50c1bb8395eb8531f3a
A3185,655db50c1bb8395eb8531f3a
A2014,655db50c1bb8395eb8531f40
A4099,655db50c1bb8395eb8531f40
A0134,655db50d1bb8395eb8531f5f
A4122,655db50d1bb8395eb8531f5f
A3825,655db50e1bb8395eb8531f7f
A2745,655db50e1bb8395eb8531f7f
A2014,655db50f1bb8395eb8531f8c
A3945,655db50e1bb8395eb8531f7f
A3386,655db50f1bb8395eb8531f8c
A2518,655db50e1bb8395eb8531f7f
A2988,655db50e1bb8395eb8531f7f
A2294,655db5101bb8395eb8531fb1
A0407,655db5101bb8395eb8531fb1
A0372,655db5101bb8395eb8531fb8
A3446,655db5101bb8395eb8531fb1
A1074,655db5101bb8395eb8531fb8
A1806,655db5101bb8395eb8531fb8
A0300,655db5101bb8395eb8531fc1
A0546,655db5101bb8395eb8531fb8
A3446,655db5101bb8395eb8531fc1
A2400,655db5101bb8395eb8531fb8
A0663,655db5101bb8395eb8531fb8
A4485,655db50d1bb8395eb8531f5f
A0024,655db5101bb8395eb8531fb8
A2667,655db5101bb8395eb8531fb8
A1215,655db5111bb8395eb8531fd0
A1793,655db5101bb8395eb8531fb8
A1613,655db5101bb8395eb8531fb8
A0975,655db5111bb8395eb8531fd0
A0484,655db5101bb8395eb8531fb8
A1775,655db5101bb8395eb8531fb8
A2181,655db5111bb8395eb8531fd0
A0905,655db5111bb8395eb8531fd0
A0139,655db5101bb8395eb8531fb8
A0560,655db5111bb8395eb8531fd0
A3446,655db5101bb8395eb8531fb8
A0542,655db5101bb8395eb8531fb8
A1500,655db5101bb8395eb8531fb8
A3446,655db5111bb8395eb8531fd0
A0279,655db5101bb8395eb8531fb8
A0353,655db5111bb8395eb8531fd0
A1444,655db5111bb8395eb8531fd0
A1461,655db5111bb8395eb8531fd0
A1084,655db5111bb8395eb8531fd0
A2379,655db5101bb8395eb8531fb8
A0500,655db5101bb8395eb8531fb8
A2514,655db5141bb8395eb8532041
A1095,655db5101bb8395eb8531fb8
A0932,655db5141bb8395eb8532041
A1803,655db5101bb8395eb8531fb8
A1460,655db5141bb8395eb8532041
A1077,655db5141bb8395eb8532041
A1167,655db5101bb8395eb8531fb8
A2739,655db5141bb8395eb8532041
A3446,655db5141bb8395eb8532041
A1410,655db5111bb8395eb8531fd0
A1019,655db5101bb8395eb8531fb8
A1652,655db5111bb8395eb8531fd0
A0780,655db5111bb8395eb8531fd0
A0089,655db5171bb8395eb853209e
A0819,655db5101bb8395eb8531fb8
A3446,655db5171bb8395eb853209e
A1395,655db5101bb8395eb8531fb8
A0639,655db5171bb8395eb85320aa
A1586,655db5171bb8395eb85320ab
A2044,655db5171bb8395eb85320ab
A0315,655db5101bb8395eb8531fb8
A0114,655db5171bb8395eb85320ab
A0763,655db5171bb8395eb85320ab
A1427,655db5171bb8395eb85320ab
A0196,655db5181bb8395eb85320bb
A3446,655db5181bb8395eb85320bb
A1757,655db5171bb8395eb85320ab
A0533,655db5171bb8395eb85320ab
A3446,655db5171bb8395eb85320ab
A2044,655db5181bb8395eb85320c6
A0821,655db5181bb8395eb85320c6
A1088,655db5181bb8395eb85320c6
A1104,655db5181bb8395eb85320cd
A1562,655db5181bb8395eb85320cd
A2044,655db5181bb8395eb85320cd
A3446,655db5181bb8395eb85320c6
A1712,655db5181bb8395eb85320cd
A3446,655db5171bb8395eb85320aa
A2044,655db5191bb8395eb85320e7
A0908,655db5181bb8395eb85320cd
A2575,655db5191bb8395eb85320e7
A2125,655db5181bb8395eb85320cd
A3446,655db5191bb8395eb85320e7
A0446,655db5181bb8395eb85320cd
A0681,655db5181bb8395eb85320cd
A3446,655db5181bb8395eb85320cd
A2401,655db51a1bb8395eb8532109
A1170,655db51a1bb8395eb853210c
A4478,655db51a1bb8395eb8532109
A1863,655db51a1bb8395eb853210d
A2081,655db51a1bb8395eb853210d
A3446,655db51a1bb8395eb8532109
A3114,655db51a1bb8395eb853210c
A3446,655db51a1bb8395eb853210d
A2014,655db51b1bb8395eb8532127
A1010,655db51a1bb8395eb853210c
A4317,655db51b1bb8395eb8532127
A2401,655db51b1bb8395eb8532131
A4478,655db51b1bb8395eb8532131
A0109,655db51a1bb8395eb853210c
A2014,655db51c1bb8395eb853213e
A3446,655db51a1bb8395eb853210c
A3216,655db51c1bb8395eb853213e
A2014,655db51c1bb8395eb8532148
A2014,655db51c1bb8395eb8532149
A2783,655db51c1bb8395eb8532148
A2274,655db51c1bb8395eb8532149
A3242,655db51a1bb8395eb853210c
A2014,655db51d1bb8395eb853215a
A4422,655db51d1bb8395eb853215a
A2014,655db51d1bb8395eb853215f
A3987,655db51d1bb8395eb853215f
A2014,655db51d1bb8395eb8532177
A4014,655db51d1bb8395eb8532177
A2014,655db51e1bb8395eb853217d
A3996,655db51e1bb8395eb853217d
A4299,655db51e1bb8395eb8532191
A2024,655db51e1bb8395eb8532191
A2014,655db51f1bb8395eb853219a
A3784,655db51f1bb8395eb853219a
A2014,655db51f1bb8395eb85321b5
A2274,655db51f1bb8395eb85321b5
A2014,655db5201bb8395eb85321c0
A3961,655db5201bb8395eb85321c0
A2014,655db5211bb8395eb85321e5
A3593,655db5211bb8395eb85321e5
A2014,655db5211bb8395eb85321ef
A4088,655db5211bb8395eb85321ef
A2014,655db5221bb8395eb8532216
A2934,655db5221bb8395eb8532216
A3644,655db5221bb8395eb8532219
A0009,655db5221bb8395eb8532219
A3106,655db5231bb8395eb853223a
A3493,655db5231bb8395eb853223f
A3493,655db5231bb8395eb8532240
A2714,655db5231bb8395eb853223f
A2714,655db5231bb8395eb8532240
A3493,655db5241bb8395eb8532249
A2714,655db5241bb8395eb8532249
A1908,655db5231bb8395eb853223a
A3828,655db5241bb8395eb8532252
A1665,655db5241bb8395eb8532252
A2093,655db5231bb8395eb853223a
A2008,655db5231bb8395eb853223a
A1295,655db5251bb8395eb8532264
A4192,655db5251bb8395eb8532264
A3071,655db5251bb8395eb8532267
A0413,655db5251bb8395eb8532267
A1731,655db5231bb8395eb853223a
A4085,655db5251bb8395eb8532267
A2682,6457b343f9a054337509e7e4
A3753,6457b343f9a054337509e7e4
A3944,6457b345f9a054337509e813
A2745,6457b348f9a054337509e825
A2988,6457b348f9a054337509e825
A0364,6457b349f9a054337509e82d
A1999,6457b34df9a054337509e86f
A4157,6457b34ff9a054337509e890
A3689,6457b34ff9a054337509e890
A2987,6457b356f9a054337509e944
A4018,6457b356f9a054337509e944
A3867,6457b357f9a054337509e973
A0916,6457b388f9a054337509f0a4
A0736,6457b388f9a054337509f0ab
A0914,6457b388f9a054337509f0a4
A1695,6457b38ef9a054337509f189
A1294,6457b38ef9a054337509f176
A4333,6457b392f9a054337509f214
A0487,6457b38ef9a054337509f176
A0318,6457b38ef9a054337509f176
A4398,6457b392f9a054337509f225
A1665,6457b392f9a054337509f225
A0216,6457b392f9a054337509f225
A1943,6457b38ef9a054337509f176
A3775,6457b394f9a054337509f24e
A4325,6457b394f9a054337509f24e
A3296,6457b38ef9a054337509f176
A0283,6457b394f9a054337509f24e
A4286,6457b3a0f9a054337509f3d7
A4156,6457b3a0f9a054337509f3d7
A1355,6457b3a0f9a054337509f3d7
A3638,6457b3a0f9a054337509f3d7
A3856,6457b3a2f9a054337509f417
A3466,6457b3a0f9a054337509f3d7
A2697,6457b3a0f9a054337509f3d7
A2902,6457b3a0f9a054337509f3d7
A4072,6457b3a0f9a054337509f3d7
A4135,6457b3a0f9a054337509f3d7
A3821,6457b3a0f9a054337509f3d7
A4286,6457b3a0f9a054337509f3ed
A3758,6457b3a0f9a054337509f3d7
A3638,6457b3a0f9a054337509f3ed
A0266,6457b3a0f9a054337509f3d7
A2948,6457b3a0f9a054337509f3d7
A3821,6457b3a0f9a054337509f3ed
A1355,6457b3a0f9a054337509f3ed
A4218,6457b3a0f9a054337509f3ed
A3478,6457b3a0f9a054337509f3ed
A2697,6457b3a0f9a054337509f3ed
A0266,6457b3a0f9a054337509f3ed
A2948,6457b3a0f9a054337509f3ed
A4072,6457b3a0f9a054337509f3ed
A2902,6457b3a0f9a054337509f3ed
A3466,6457b3a0f9a054337509f3ed
A4156,6457b3a0f9a054337509f3ed
A4135,6457b3a0f9a054337509f3ed
A2617,6457b3a9f9a054337509f4f0
A3753,6457b3b2f9a054337509f5df
A0489,6457b3bdf9a054337509f76f
A4324,6457b394f9a054337509f24e
A2024,6457b3bcf9a054337509f769
A0640,6457b3bff9a054337509f7a1
A3194,6457b3bff9a054337509f7a1
A0263,6457b3c2f9a054337509f7dc
A3542,6457b3c5f9a054337509f835
A1809,6457b3c2f9a054337509f7dc
A1619,6457b3c2f9a054337509f7dc
A1665,6457b3cbf9a054337509f918
A3812,6457b3ccf9a054337509f92f
A4228,6457b3cdf9a054337509f947
A0216,6457b3cbf9a054337509f918
A3828,6457b3cbf9a054337509f918
A2842,6457b3cdf9a054337509f947
A3540,6457b3cef9a054337509f966
A0700,6457b3cef9a054337509f966
A3491,6457b3cef9a054337509f966
A2807,6457b3cef9a054337509f966
A4074,6457b3cef9a054337509f966
A1107,6457b3cef9a054337509f966
A0882,6457b3cef9a054337509f966
A0190,6457b394f9a054337509f24e
A0699,6457b3cef9a054337509f966
A2383,6457b3ecf9a054337509fc10
A2768,6457b3ecf9a054337509fc10
A3753,6457b3dcf9a054337509fa93
A2520,6457b3ecf9a054337509fc10
A2682,6457b3e0f9a054337509fb09
A3753,6457b3dcf9a054337509fa98
A0568,6457b3ecf9a054337509fc0d
A3483,6457b3ecf9a054337509fc0d
A3913,6457b3f2f9a054337509fccc
A2686,6457b3f2f9a054337509fccc
A3668,6457b3f2f9a054337509fccc
A2420,6457b3eef9a054337509fc4d
A4469,6457b3eef9a054337509fc4d
A2236,6457b3eff9a054337509fc70
A2764,6457b3eff9a054337509fc70
A2193,6457b3eff9a054337509fc74
A0422,6457b3f0f9a054337509fc92
A4372,6457b3f0f9a054337509fc92
A2335,6457b3f0f9a054337509fc94
A0571,6457b3f1f9a054337509fcaf
A4320,6457b3f1f9a054337509fcaf
A4326,6457b3f0f9a054337509fc94
A2140,6457b3f1f9a054337509fcb6
A4183,6457b3f1f9a054337509fcb6
A4109,6457b3f2f9a054337509fcd6
A0921,6457b3f2f9a054337509fcd6
A2688,6457b3f2f9a054337509fcd1
A2141,6457b3f3f9a054337509fcec
A4056,6457b3f2f9a054337509fcd1
A3971,6457b3f3f9a054337509fcec
A3817,6457b3f3f9a054337509fcf6
A1164,6457b3f3f9a054337509fcf6
A0426,6457b3f4f9a054337509fd0d
A3797,6457b3f4f9a054337509fd0d
A1845,6457b3f4f9a054337509fd0c
A3781,6457b3f4f9a054337509fd0c
A3760,6457b3f4f9a054337509fd13
A1996,6457b3f4f9a054337509fd13
A2189,6457b3f5f9a054337509fd32
A3684,6457b3f5f9a054337509fd32
A1887,6457b3f5f9a054337509fd35
A3624,6457b3f5f9a054337509fd35
A0793,6457b3f5f9a054337509fd30
A0870,6457b3f6f9a054337509fd4b
A3600,6457b3f5f9a054337509fd30
A3512,6457b3f6f9a054337509fd4b
A2419,6457b3f6f9a054337509fd47
A3297,6457b3f6f9a054337509fd59
A3476,6457b3f6f9a054337509fd47
A1229,6457b3f6f9a054337509fd4f
A3210,6457b3f6f9a054337509fd4f
A1887,6457b3f7f9a054337509fd68
A1944,6457b3f7f9a054337509fd6f
A2941,6457b3f7f9a054337509fd6f
A1489,6457b3f7f9a054337509fd7a
A2842,6457b3f7f9a054337509fd78
A2848,6457b3f7f9a054337509fd7a
A1521,6457b3f7f9a054337509fd78
A0914,6457b3f9f9a054337509fda5
A0212,6457b3fbf9a054337509fdd8
A2036,6457b3fff9a054337509fe32
A4271,6457b3fff9a054337509fe32
A2009,6457b3fff9a054337509fe32
A4228,6457b400f9a054337509fe35
A1102,6457b400f9a054337509fe35
A2647,6457b400f9a054337509fe40
A4160,6457b400f9a054337509fe40
A1359,6457b401f9a054337509fe43
A4151,6457b401f9a054337509fe43
A1168,6457b401f9a054337509fe48
A4052,6457b401f9a054337509fe48
A2827,6457b401f9a054337509fe45
A3984,6457b401f9a054337509fe45
A1926,6457b401f9a054337509fe45
A3972,6457b401f9a054337509fe5a
A0935,6457b402f9a054337509fe61
A3816,6457b402f9a054337509fe61
A1507,6457b402f9a054337509fe68
A0711,6457b401f9a054337509fe5a
A3776,6457b402f9a054337509fe68
A1868,6457b402f9a054337509fe70
A1911,6457b402f9a054337509fe6e
A3670,6457b402f9a054337509fe6e
A3745,6457b402f9a054337509fe70
A0219,6457b403f9a054337509fe7c
A0944,6457b403f9a054337509fe76
A3619,6457b403f9a054337509fe7c
A3604,6457b403f9a054337509fe76
A0891,6457b403f9a054337509fe7f
A0296,6457b403f9a054337509fe83
A3571,6457b403f9a054337509fe7f
A3415,6457b403f9a054337509fe83
A1855,6457b404f9a054337509fe8e
A2647,6457b404f9a054337509fe8c
A2373,6457b404f9a054337509fe92
A3304,6457b404f9a054337509fe8c
A3367,6457b404f9a054337509fe8e
A3273,6457b404f9a054337509fe92
A0049,6457b404f9a054337509fe97
A2440,6457b405f9a054337509fea0
A1941,6457b405f9a054337509fea0
A2951,6457b405f9a054337509fea0
A2845,6457b405f9a054337509fea3
A2854,6457b405f9a054337509fea3
A2789,6457b405f9a054337509feaa
A3137,6457b404f9a054337509fe97
A2262,6457b405f9a054337509feaa
A4398,6457b41ef9a05433750a00c3
A0216,6457b41ef9a05433750a00c3
A3821,6457b420f9a05433750a0102
A1355,6457b420f9a05433750a0102
A4218,6457b420f9a05433750a0102
A3478,6457b420f9a05433750a0102
A3455,6457b421f9a05433750a011f
A4018,6457b421f9a05433750a011f
A2973,6457b434f9a05433750a03d3
A2734,6457b43af9a05433750a0495
A0957,6457b434f9a05433750a03d3
A2909,6457b445f9a05433750a05a9
A0911,6457b451f9a05433750a06f2
A2054,6457b451f9a05433750a06f2
A4341,6457b451f9a05433750a06f2
A2320,6457b451f9a05433750a06f2
A4189,6457b451f9a05433750a06f2
A1041,6457b49bf9a05433750a0faa
A3392,6457b4b0f9a05433750a1266
A2300,6457b451f9a05433750a06f2
A4198,6457b451f9a05433750a06f2
A2581,6457b451f9a05433750a06f2
A3186,6457b4baf9a05433750a1389
A1022,6457b4baf9a05433750a1389
A1440,6457b531f9a05433750a21e5
A4230,6457b53bf9a05433750a2309
A2745,6457b56bf9a05433750a276d
A3398,6457b56ef9a05433750a27ec
A1016,6457b57ff9a05433750a2948
A4199,6457b57ff9a05433750a2948
A3929,6457b5cef9a05433750a3060
A0708,6457b5cef9a05433750a3060
A0711,6457b5cef9a05433750a3060
A1059,6457b5cef9a05433750a3060
A1847,6457b5cef9a05433750a3060
A3905,6457b5cef9a05433750a3060
A2157,6457b5dbf9a05433750a319f
A2245,6457b60ff9a05433750a36be
A3530,6457b60ff9a05433750a36be
A0270,6457b60ff9a05433750a36be
A3021,6457b61cf9a05433750a386f
A0119,6457b60ff9a05433750a36be
A1935,6457b621f9a05433750a3900
A4021,6457b621f9a05433750a3900
A2117,6457b60ff9a05433750a36be
A3590,6457b60ff9a05433750a36be
A0642,6457b60ff9a05433750a36be
A0959,6457b63ff9a05433750a3b61
A4367,6457b60ff9a05433750a36be
A4146,6457b63ff9a05433750a3b52
A4213,6457b63ff9a05433750a3b52
A2054,6457b63ff9a05433750a3b52
A0006,6457b6a8f9a05433750a43a1
A1871,6457b6a4f9a05433750a4345
A3080,6457b6a4f9a05433750a4345
A1319,6457b6c4f9a05433750a4659
A1940,6457b60ff9a05433750a36be
A1218,6457b6ecf9a05433750a4a82
A2328,6457b6ecf9a05433750a4a82
A3876,6457b6ecf9a05433750a4a82
A3929,6457b6ecf9a05433750a4a82
A2734,6457b721f9a05433750a4efe
A2054,6457b704f9a05433750a4c73
A2745,6457b721f9a05433750a4ef8
A2988,6457b721f9a05433750a4ef8
A0987,6457b72af9a05433750a506b
A4014,6457b72af9a05433750a506b
A1979,6457b60ff9a05433750a36be
A1844,6457b757f9a05433750a5618
A3856,6457b721f9a05433750a4efe
A1016,6457b77df9a05433750a59a9
A3006,6457b7a1f9a05433750a5d84
A0645,6457b7a4f9a05433750a5de4
A3196,6457b7a4f9a05433750a5de4
A0173,6457b7e1f9a05433750a6547
A3252,6457b7e1f9a05433750a6547
A2844,6457b7e1f9a05433750a6547
A2165,6457b7e1f9a05433750a6547
A1663,6457b7d4f9a05433750a63f5
A0914,6457b7e1f9a05433750a6547
A3097,6457b7e1f9a05433750a6547
A3284,6457b823f9a05433750a6e14
A1491,6457b81bf9a05433750a6d10
A2407,6457b7e1f9a05433750a6547
A2451,6457b83ff9a05433750a71fc
A1702,6457b83ff9a05433750a71fc
A4390,6457b83ff9a05433750a71fc
A3173,6457b83ff9a05433750a71db
A3827,6457b85bf9a05433750a75c3
A2340,6457b85ef9a05433750a7634
A4392,6457b7e1f9a05433750a6547
A0879,6457b882f9a05433750a7ad3
A4131,6457b882f9a05433750a7ad3
A2244,6457b7e1f9a05433750a6547
A2241,6457b882f9a05433750a7ad3
A1051,6457b8acf9a05433750a806e
A1190,6457b8acf9a05433750a806e
A4147,6457b8a4f9a05433750a7f4b
A1546,6457b7e1f9a05433750a6547
A0393,6457b8b2f9a05433750a8122
A3231,6457b8b2f9a05433750a8122
A2347,6457b8b2f9a05433750a8122
A2493,6457b8b2f9a05433750a8122
A0703,6457b8d0f9a05433750a8502
A2947,6457b8d8f9a05433750a85ea
A0104,6457b8dbf9a05433750a864b
A2534,6457b8dbf9a05433750a864b
A0602,6457b8fbf9a05433750a8a35
A3411,6457b8e9f9a05433750a87da
A2053,6457b8fbf9a05433750a8a35
A3468,6457b8fbf9a05433750a8a35
A3457,6457b8e9f9a05433750a87da
A3161,6457b8fbf9a05433750a8a35
A1225,6457b8fbf9a05433750a8a35
A1921,6457b8fbf9a05433750a8a35
A1233,6457b8fbf9a05433750a8a35
A3827,6457b90bf9a05433750a8c5a
A3044,6457b90df9a05433750a8ca3
A1665,6457b92df9a05433750a9016
A1239,6457b943f9a05433750a9300
A2353,6457b955f9a05433750a9580
A1416,6457b955f9a05433750a9580
A0708,6457b960f9a05433750a9731
A1665,6457b942f9a05433750a92e6
A0829,6457b995f9a05433750a9df5
A1497,6457b995f9a05433750a9dff
A3144,6457b942f9a05433750a92e6
A3368,6457b9fef9a05433750aac2f
A1156,6457ba36f9a05433750ab411
A0727,6457ba7bf9a05433750abefa
A2734,6457baf8f9a05433750ad1d8
A2734,6457bafaf9a05433750ad226
A4417,6457bba3f9a05433750aea32
A0736,6457bba3f9a05433750aea32
A0987,6457bb5af9a05433750ae053
A4255,6457bba3f9a05433750aea32
A4029,6457bba3f9a05433750aea32
A3279,6457bbe2f9a05433750af168
A2142,6457bbe2f9a05433750af168
A2966,6457bd6af9a05433750b2baa
A3856,6457be72f9a05433750b5437
A3790,6457c09ef9a05433750baa07
A1297,6457bffbf9a05433750b9103
A1294,6457c160f9a05433750bc25b
A4275,6457c185f9a05433750bc776
A1165,6457c185f9a05433750bc776
A2890,6457c1aff9a05433750bccaa
A2291,6457c1b6f9a05433750bcdd6
A3632,6457c1b6f9a05433750bcdd6
A3790,6457c1b6f9a05433750bcdd6
A0887,6457c1b6f9a05433750bcdd6
A2890,6457c1b6f9a05433750bcdd6
A2165,6457c220f9a05433750bdd74
A2691,6457c220f9a05433750bdd74
A3480,6457c220f9a05433750bdd74
A2518,6457c212f9a05433750bdb2e
A2552,6457c2fef9a05433750bfd5c
A3279,6457c2fef9a05433750bfd5c
A0712,6457c2fef9a05433750bfd5c
A2600,6457c414f9a05433750c1c4f
A1237,6457c329f9a05433750c0364
A1809,6457c479f9a05433750c27ab
A1463,6457c479f9a05433750c27ab
A3156,6457c4a7f9a05433750c2d58
A2607,6457c4a7f9a05433750c2d58
A0612,6457c4a7f9a05433750c2d58
A0053,6457c4a7f9a05433750c2d58
A4269,6457c4a7f9a05433750c2d58
A0914,6457c544f9a05433750c41e1
A1159,6457c544f9a05433750c41e1
A1921,6457c6f8f9a05433750c7ddb
A0443,655db64c1bb8395eb8534a53
A3194,655db64c1bb8395eb8534a53
A4486,655db64c1bb8395eb8534a57
A3156,655db64c1bb8395eb8534a59
A0612,655db64c1bb8395eb8534a59
A2966,655db64c1bb8395eb8534a59
A3445,655db64c1bb8395eb8534a57
A3378,655db64c1bb8395eb8534a57
A4269,655db64c1bb8395eb8534a59
A3709,655db64e1bb8395eb8534a8a
A2901,655db64e1bb8395eb8534a94
A3542,655db64e1bb8395eb8534a94
A2683,655db64e1bb8395eb8534a8a
A3071,655db64e1bb8395eb8534a94
A2966,655db6501bb8395eb8534ab1
A3795,655db6501bb8395eb8534ab1
A2344,655db6501bb8395eb8534ab1
A1999,655db6511bb8395eb8534ad4
A0622,655db6521bb8395eb8534adb
A4482,655db6511bb8395eb8534ad4
A1729,655db6521bb8395eb8534adb
A3071,655db6511bb8395eb8534ad4
A1983,655db6521bb8395eb8534adb
A2422,655db6521bb8395eb8534ae8
A2540,655db6521bb8395eb8534adb
A3002,655db6521bb8395eb8534ae8
A0438,655db6511bb8395eb8534ad4
A3918,655db6521bb8395eb8534adb
A3390,655db6521bb8395eb8534adb
A0408,655db6521bb8395eb8534adb
A3083,655db6521bb8395eb8534adb
A2966,655db6521bb8395eb8534ae8
A3613,655db6511bb8395eb8534ad4
A3350,655dbcd16a28217f707ce44a
A2260,655dbcd16a28217f707ce453
A1907,655dbcd16a28217f707ce44a
A4133,655dbcd16a28217f707ce453
A0504,655dbcd16a28217f707ce44a
A0131,655dbcd16a28217f707ce44a
A1495,655dbcd16a28217f707ce461
A3075,655dbcd16a28217f707ce461
A1847,655dbcd26a28217f707ce475
A3146,655dbcd26a28217f707ce479
A1495,655dbcd26a28217f707ce475
A2577,655dbcd26a28217f707ce479
A1252,655dbcd26a28217f707ce479
A3361,655dbcd16a28217f707ce44a
A2559,655dbcd16a28217f707ce44a
A1698,655dbcd26a28217f707ce479
A1243,655dbcd16a28217f707ce44a
A2863,655dbcd16a28217f707ce44a
A3075,655dbcd26a28217f707ce475
A2930,655dbcd16a28217f707ce44a
A2205,655dbcd66a28217f707ce501
A2783,655dbcd66a28217f707ce501
A2117,655dbcd66a28217f707ce501
A4367,655dbcd66a28217f707ce501
A3410,655dbcd86a28217f707ce539
A1067,655dbcd86a28217f707ce539
A3265,655dbcd86a28217f707ce539
A1315,655dbcda6a28217f707ce57f
A3381,655dbcda6a28217f707ce57f
A0006,655dbcdb6a28217f707ce5b5
A1844,655dbcd66a28217f707ce501
A3677,655dbcd66a28217f707ce501
A0558,655dbcdb6a28217f707ce5b5
A0931,655dbcdd6a28217f707ce5f0
A2066,655dbcdd6a28217f707ce5ff
A3350,655dbcde6a28217f707ce60a
A2879,655dbcd66a28217f707ce501
A2059,655dbcde6a28217f707ce623
A1107,655dbcde6a28217f707ce623
A2393,655dbcde6a28217f707ce623
A1318,655dbce06a28217f707ce64a
A0736,655dbce06a28217f707ce64a
A2115,655dbce06a28217f707ce658
A2772,655dbce16a28217f707ce65b
A4035,655dbce06a28217f707ce658
A2772,655dbce16a28217f707ce65c
A1972,655dbce16a28217f707ce65b
A1160,655dbce06a28217f707ce658
A2138,655dbce16a28217f707ce65c
A3713,655dbce16a28217f707ce65b
A4442,655dbce06a28217f707ce658
A3148,655dbce16a28217f707ce65c
A0462,655dbce16a28217f707ce65c
A0712,655dbce16a28217f707ce65c
A2814,655dbce16a28217f707ce65c
A0462,655dbce16a28217f707ce65b
A3002,655dbce16a28217f707ce65b
A2421,655dbce16a28217f707ce65b
A2422,655dbce16a28217f707ce65b
A3156,655dbce16a28217f707ce65c
A2671,655dbce16a28217f707ce65c
A2142,655dbce16a28217f707ce65c
A4451,655dbce16a28217f707ce65c
A4391,655dbce16a28217f707ce65c
A3279,655dbce16a28217f707ce65c
A2660,655dbce16a28217f707ce65c
A0339,655dbce16a28217f707ce65c
A3542,655e6080e09f32e425280408
A0437,655e6080e09f32e425280408
A3071,655e6080e09f32e425280408
A0613,654e8e6bf8ddcb0f6ccb701c
A0437,654beb58bc2a051d24893812
A4241,654a99ded51ca283ea248673
A0722,654a99dfd51ca283ea248687
A4161,655dbcdd6a28217f707ce5f0
A4249,655e6081e09f32e42528040d
A2959,65440271d09d71f70e93c432
A3619,6544026fd09d71f70e93c3dc
A3788,6544026ed09d71f70e93c3c2
A4352,65109cb8e222b464cb49f2d5
A2892,654a99dfd51ca283ea24868e
A3788,65109cb4e222b464cb49f2b7
A3305,655dbcde6a28217f707ce60a
A2789,65440272d09d71f70e93c44a
A4271,6544026dd09d71f70e93c382
A3309,65440270d09d71f70e93c408
A3713,6457c329f9a05433750c0364
A3555,6544026fd09d71f70e93c3ea
A2904,65440272d09d71f70e93c441
A3957,6544026ed09d71f70e93c3b0
A3676,654a99ded51ca283ea248667
A4421,6544026cd09d71f70e93c357
A3977,6544026ed09d71f70e93c3a8
A3505,65440270d09d71f70e93c3f3
A3760,6544026fd09d71f70e93c3cd
A3367,65440270d09d71f70e93c404
A3600,6544026fd09d71f70e93c3e2
A4250,6544026dd09d71f70e93c38b
A3817,6544026ed09d71f70e93c3ba
A3434,65440270d09d71f70e93c400
A3591,6544026fd09d71f70e93c3e3
A4397,6544026cd09d71f70e93c361
A3814,6544026ed09d71f70e93c3bd
A0616,6544026ed09d71f70e93c3ac
A3964,6544026ed09d71f70e93c3ad
A4372,6544026cd09d71f70e93c369
A4371,6544026cd09d71f70e93c368
A4362,6544026cd09d71f70e93c36a
A4297,65109ccae222b464cb49f365
A1868,6544026fd09d71f70e93c3cc
A3487,65440270d09d71f70e93c3fa
A4205,6544026dd09d71f70e93c38c
A4403,6544026cd09d71f70e93c35f
A4463,65109cb8e222b464cb49f2d7
A4463,6544026bd09d71f70e93c345
A4056,6544026ed09d71f70e93c3a0
A4297,6544026dd09d71f70e93c379
A3545,65440270d09d71f70e93c3eb
A4263,6544026dd09d71f70e93c383
A4116,6544026dd09d71f70e93c39a
A4413,65109cb5e222b464cb49f2bb
A2842,65440272d09d71f70e93c449
A4456,6544026bd09d71f70e93c346
A3972,6544026ed09d71f70e93c3aa
A2933,65440272d09d71f70e93c43a
A4485,6544026dd09d71f70e93c390
A4485,65440272d09d71f70e93c451
A4485,6544026ed09d71f70e93c3aa
A2780,65440272d09d71f70e93c44b
A3781,6544026ed09d71f70e93c3c4
A3187,64fcd4be8304eb3c88c625b6
A4264,6457c1e7f9a05433750bd4d1
A3785,6457c1e7f9a05433750bd4d1
A4352,6544026cd09d71f70e93c370
A3774,6544026fd09d71f70e93c3c8
A4155,657b3b937d0a559ab3b777d9
A3253,650f49df3dd8a1cdda328da5
A3146,655a6be9b318044fce8c9893
A4364,652c46ea0820e1a98833d9f0
A3184,657b3b937d0a559ab3b777d9
A3296,65440270d09d71f70e93c40c
A3915,6544026ed09d71f70e93c3b5
A3066,6457c1e7f9a05433750bd4d1
A3538,655e6081e09f32e42528040d
A3668,657f2253d6c1ba135f8b2cc6
A3609,6457c1e7f9a05433750bd4d1
A4269,64fcd4648304eb3c88c62202
A3668,6457c1e7f9a05433750bd4d1
A2541,658347e645b7c39f5dc0a8ed
A3609,658347e645b7c39f5dc0a8ed
A1892,657f2253d6c1ba135f8b2cc6
A3785,657f2253d6c1ba135f8b2cc6
A2049,657f2253d6c1ba135f8b2cc6
A2577,655a6be9b318044fce8c9893
A4364,654beb58bc2a051d24893813
A0176,657f2253d6c1ba135f8b2cc6
A2060,655e6081e09f32e42528040d
A3178,654a99ded51ca283ea248666
A4291,654a99ded51ca283ea248666
A2363,654a99ded51ca283ea248667
A4120,654a99dfd51ca283ea24867a
A3153,654a99dfd51ca283ea248687
A2357,6544026cd09d71f70e93c34d
A4426,6544026cd09d71f70e93c34d
A1491,6544026ed09d71f70e93c3b2
A1250,6544026ed09d71f70e93c3b5
A3922,6544026ed09d71f70e93c3b2
A0240,6544026ed09d71f70e93c3b8
A3861,6544026ed09d71f70e93c3b8
A1470,6544026fd09d71f70e93c3cd
A1855,65440270d09d71f70e93c404
A2204,65440271d09d71f70e93c411
A3294,65440271d09d71f70e93c411
A2187,65440271d09d71f70e93c415
A3192,65440271d09d71f70e93c415
A3126,65440271d09d71f70e93c426
A0264,65440271d09d71f70e93c42e
A1933,65440271d09d71f70e93c426
A2967,65440271d09d71f70e93c42e
A0186,65440272d09d71f70e93c441
A4241,6457b7e1f9a05433750a6547
A1892,6457c1e7f9a05433750bd4d1
A4249,6457c1e7f9a05433750bd4d1
A3538,6457c1e7f9a05433750bd4d1
A2037,6457c1e7f9a05433750bd4d1
A2060,6457c1e7f9a05433750bd4d1
A3677,652c46f00820e1a98833daf9
A3902,6457c1e7f9a05433750bd4d1
A1926,6544026ed09d71f70e93c3a4
A2440,65440271d09d71f70e93c434
A4364,652c46f00820e1a98833daf9
A3677,653581560738244760b650aa
A3086,65440271d09d71f70e93c42b
A3979,6544026ed09d71f70e93c3a5
A3297,65440270d09d71f70e93c40a
A3190,65440271d09d71f70e93c41a
A3684,6544026fd09d71f70e93c3d2
A3219,65440272d09d71f70e93c44b
A4313,6544026dd09d71f70e93c37b
A2941,65440272d09d71f70e93c439
A3796,655dbcd26a28217f707ce479
A2892,655a6be9b318044fce8c9893
A4442,655dbcdd6a28217f707ce5ff
