pinch-chance,pinch-time,super-level,step,avg-super-score,avg-normal-score,gap-super-normal,avg-super-score_effect_diff,avg-normal-score_effect_diff
0.1,0,high,1,163.49235949508008,117.21012848717959,46.28223100790049,56.24235949508009,49.77769605474714
0.1,0,high,1,166.63363802863802,122.36574082684764,44.26789720179035,55.483638028638026,49.771146232253045
0.1,0,low,1,72.05659969115852,131.89281354590952,-59.83621385475102,52.25659969115852,49.582002735098726
0.1,0,low,1,69.9227555124614,138.31027661809395,-68.38752110563249,53.12275551246139,49.64811445593179
0.1,0,high,1,157.41613747363746,122.84948212010903,34.56665535352839,53.76613747363747,49.33596860659552
0.1,0,low,1,74.42520174270174,137.5796651324128,-63.154463389711026,53.87520174270175,49.30939486214254
0.1,0,high,1,172.5979975579976,120.04000456245035,52.55799299554718,53.497997557997564,50.90486942731524
0.1,0,high,2,176.025,115.14323706750172,60.88176293249826,58.775,39.422516346781066
0.1,0,low,1,79.9090177147414,127.13372097857393,-47.22470326383248,56.35901771474139,49.2012885461415
0.1,0,high,1,164.76349206349207,117.95828376335342,46.80520830013866,53.16349206349206,49.282608087677765
0.1,0,low,2,47.43949346405229,132.63713575540206,-85.19764229134974,21.639493464052286,41.49749611576235
0.1,0,low,2,64.01383394383394,140.4964869949003,-76.48265305106635,45.21383394383394,43.27576627417959
0.1,0,low,2,68.64704545454546,141.40945662408515,-72.76241116953966,45.09704545454545,44.94098815561666
0.1,0,high,3,184.21166666666664,121.23141685575891,62.98024981090771,56.961666666666666,36.86204748638959
0.1,0,high,2,191.75055555555556,118.1078349617823,73.64272059377323,62.650555555555556,41.04477189871927
0.1,0,low,3,44.622549019607845,140.4480833796237,-95.82553436001578,10.822549019607843,39.21835364989388
0.1,0,high,2,182.72111111111107,122.43676455886204,60.28434655224902,61.5711111111111,42.00433212642967
0.1,0,low,3,59.94915861915862,147.18985434732335,-87.2406957281647,31.149158619158623,40.41958407705312
0.1,0,high,2,174.6745238095238,116.59540446974657,58.07911933977725,53.074523809523804,39.54135041569253
0.1,0,low,2,52.10977272727273,129.44303769501138,-77.33326496773866,21.559772727272723,43.22231697429065
0.1,0,high,2,162.68130036630038,124.80455010396955,37.876750262330816,49.03130036630037,43.27301857243809
0.1,0,high,4,192.425,128.56381077189897,63.86118922810104,55.175,34.554801762890015
0.1,0,low,4,44.36666666666667,148.20098778922306,-103.83432112255642,8.566666666666666,37.962249050484346
0.1,0,high,3,202.61499999999998,121.8555191469665,80.75948085303347,64.51499999999999,35.332996624444
0.1,0,low,3,61.25916666666667,146.20171819355255,-84.94255152688585,28.70916666666667,40.634150625984965
0.1,0,low,4,61.769230769230774,155.79897034649355,-94.02973957726275,25.969230769230773,40.19987124739448
0.1,0,high,5,202.31624999999997,138.15607469229755,64.16017530770239,55.066250000000004,34.9578764940994
0.1,0,high,3,187.69,121.3006964815788,66.38930351842114,56.09000000000001,34.51691269779506
0.1,0,low,3,51.9125,135.56693227196322,-83.65443227196326,14.3625,39.796662001692944
0.1,0,high,4,212.79833333333335,130.61487998987994,82.18345334345335,63.69833333333334,35.533798908798914
0.1,0,high,3,189.18,126.75567881070975,62.4243211892902,58.02999999999999,36.50342655845753
0.1,0,low,5,50.06666666666667,158.67605619645096,-108.6093895297843,9.266666666666667,39.1580381784329
0.1,0,low,4,64.74916666666667,155.38504885710768,-90.63588219044101,27.199166666666667,40.44811192017074
0.1,0,high,3,170.6815079365079,129.6946961833572,40.986811753150704,47.03150793650794,38.97397546263644
0.1,0,low,5,63.12411477411477,164.32186874052192,-101.19775396640723,19.324114774114776,39.803850722503974
0.1,0,high,6,209.8492105263158,145.76729009275454,64.08192043356132,52.59921052631579,34.19071351617791
0.1,0,low,4,56.64178571428572,144.97630990788886,-88.33452419360312,16.091785714285713,39.296129727708674
0.1,0,high,4,194.30055555555558,130.45275266238886,63.84780289316666,52.70055555555556,34.65995986959611
0.1,0,low,5,69.12194570135748,162.61532139523624,-93.49337569387876,23.571945701357468,38.669375449290314
0.1,0,high,5,226.8392307692308,138.20471487704464,88.63451589218627,67.73923076923079,34.2047148770446
0.1,0,low,6,54.21,166.66382023576298,-112.45382023576298,10.41,37.77643284837556
0.1,0,high,4,201.50166666666664,134.50641758219163,66.99524908447503,60.35166666666667,35.42533650111049
0.1,0,high,7,224.70444444444442,154.31993152124738,70.38451292319704,57.45444444444445,34.27488647620225
0.1,0,high,4,175.47,137.79886778636777,37.67113221363218,41.82,37.16823715573717
0.1,0,low,6,66.9830869783811,174.22222264126287,-107.23913566288178,19.183086978381095,41.41591633495657
0.1,0,high,5,208.65458333333336,137.18078990757007,71.47379342576332,57.05458333333333,33.1897989165791
0.1,0,low,5,58.19096153846154,153.7090763524587,-95.51811481399713,13.64096153846154,39.01988716326951
0.1,0,high,6,236.22826923076923,147.96349258555148,88.26477664521778,67.12826923076923,34.9544835765424
0.1,0,low,6,74.9375,172.6599887744625,-97.72248877446236,19.3875,40.06539417986786
0.1,0,low,7,54.15,176.95961864564802,-122.80961864564807,9.35,38.43259161862104
0.1,0,high,5,209.16324786324785,142.96698896041,66.19625890283788,58.01324786324788,34.87689887031993
0.1,0,high,8,232.26,163.48346337885815,68.77653662114184,55.00999999999999,34.51949941489415
0.1,0,low,7,70.81367521367522,180.8453001401531,-110.03162492647789,19.013675213675214,39.66061545546841
0.1,0,high,5,183.98118881118882,145.5275133654391,38.45367544574975,40.33118881118881,35.34733318525887
0.1,0,high,6,213.21472222222218,147.1390683917,66.07565383052221,51.61472222222221,34.58951884215042
0.1,0,low,6,62.95955128205128,162.44336215849378,-99.48381087644248,15.409551282051282,39.01543423056581
0.1,0,low,7,74.95464285714284,179.72353952342343,-104.76889666628055,15.404642857142857,39.11092691081081
0.1,0,high,7,246.76500000000001,156.23347670994733,90.53152329005275,67.66499999999999,34.395638872109465
0.1,0,low,8,58.216666666666676,185.9256680639034,-127.70900139723668,10.416666666666668,37.84909148732678
0.1,0,high,6,217.24055555555555,151.58205187717576,65.65850367837982,56.090555555555554,34.30277259789643
0.1,0,high,6,195.28357142857143,154.71960254371243,40.563968884858895,42.63357142857143,35.71059353470344
0.1,0,low,8,72.5905982905983,189.16280856629146,-116.57221027569325,17.79059829059829,39.23938514286814
0.1,0,high,9,242.38000000000002,172.67618487560443,69.70381512439562,55.129999999999995,34.79330199272149
0.1,0,low,7,64.70694444444445,172.08917596417595,-107.38223151973153,14.156944444444443,39.111698486698494
0.1,0,high,7,227.22375000000002,157.41478359241515,69.80896640758488,55.623749999999994,34.95532413295572
0.1,0,low,8,82.04374999999999,189.0584959893783,-107.01474598937824,14.49375,39.34678427766666
0.1,0,low,9,65.23333333333333,194.7363943202179,-129.50306098688452,9.433333333333334,37.470628554452084
0.1,0,high,8,255.2645454545455,163.95640265713797,91.30814279740756,66.16454545454546,33.74018644092173
0.1,0,high,7,230.065,160.87682682682683,69.18817317317323,58.915,33.23718718718719
0.1,0,high,7,206.13277777777776,162.74110338878148,43.39167438899639,42.48277777777778,35.35371600139401
0.1,0,high,10,254.76499999999996,181.40897403296782,73.35602596703214,57.515,34.51708214107595
0.1,0,low,9,79.03367521367521,198.19038389406037,-119.15670868038517,19.233675213675212,39.79849200216849
0.1,0,low,9,94.75750000000001,198.34153756653757,-103.58403756653756,19.2075,38.81000603500605
0.1,0,low,8,67.74392857142857,181.65228131110482,-113.90835273967627,14.193928571428572,38.674803833627365
0.1,0,high,8,240.15571428571428,165.90607750607757,74.24963677963689,58.555714285714274,34.61778921778921
0.1,0,high,8,239.865,169.14509247009244,70.71990752990754,58.71500000000001,33.12707445207445
0.1,0,low,10,74.6625,204.67293769453215,-130.01043769453213,9.8625,38.127892649487066
0.1,0,high,9,264.1842307692308,172.35336187511112,91.83086889411967,65.08423076923074,33.578587100336314
0.1,0,high,11,262.8155882352941,189.88461270864522,72.93097552664892,55.56558823529413,34.61434243837494
0.1,0,high,8,214.81482456140353,170.48122530978569,44.33359925161781,42.164824561403506,34.715459544019915
0.1,0,low,10,84.15367521367521,206.81208104760734,-122.65840583393218,20.353675213675217,39.50127023679657
0.1,0,low,10,99.7779761904762,209.34099971882478,-109.56302352834858,18.22797619047619,39.62928800711308
0.1,0,high,9,244.46999999999997,172.7805776611117,71.68942233888819,52.870000000000005,33.6544515349856
0.1,0,low,9,71.16361111111112,190.89903146350514,-119.73542035239396,14.613611111111112,38.912544977018655
0.1,0,high,9,252.215814479638,177.65070256119014,74.56511191844783,61.06581447963801,33.34439625488388
0.1,0,low,11,79.43333333333334,214.9236842029411,-135.49035086960788,10.633333333333335,37.56782834708532
0.1,0,high,10,275.26750000000004,181.35798724208166,93.90951275791843,66.16749999999999,33.574203458297895
0.1,0,high,12,268.4297058823529,197.7551001116791,70.67460577067374,51.179705882352934,33.29564065221961
0.1,0,low,11,86.58367521367522,216.69580555331325,-130.112130339638,18.783675213675213,39.92553528304303
0.1,0,high,9,225.42166666666668,179.40611201570957,46.01555465095714,41.77166666666666,35.26196787156541
0.1,0,low,11,103.45660256410255,217.56031328283652,-114.10371071873396,16.906602564102563,38.7495024720257
0.1,0,high,10,257.775,182.57177024487382,75.20322975512599,56.175,33.896094569198276
0.1,0,low,10,73.6723717948718,199.6328403670509,-125.9604685721792,14.122371794871796,38.186894421104945
0.1,0,high,10,262.45020361990953,188.3281078452905,74.12209577461897,61.30020361990951,34.652432169614826
0.1,0,low,12,85.23333333333333,223.88043881793874,-138.6471054846055,8.433333333333334,37.78584422334423
0.1,0,high,13,280.9288235294118,208.4594598863949,72.46936364301689,53.67882352941177,35.80180222873721
0.1,0,high,11,285.14785714285716,190.40465535202378,94.74320179083341,66.04785714285715,33.88213282950126
0.1,0,low,12,90.35034188034189,223.08735479900344,-132.7370129186616,18.550341880341882,38.028796240444855
0.1,0,high,11,266.83160714285714,190.47119326314373,76.36041387971346,55.231607142857136,33.86758965954013
0.1,0,high,10,233.36396471949107,187.8683103346416,45.495654384849445,39.71396471949104,34.985427451758724
0.1,0,low,11,76.1913888888889,208.05625119769857,-131.86486230880962,13.641388888888889,37.78147642292378
0.1,0,low,12,106.93438228438227,226.6390847206637,-119.70470243628144,16.384382284382284,39.179625261204194
0.1,0,high,11,266.54,195.33598829980403,71.20401170019593,55.39,33.732384696200484
0.1,0,low,13,90.61666666666666,233.71473193191457,-143.09806526524795,8.816666666666666,38.07058778777045
0.1,0,high,14,290.3995378151261,215.30741777119485,75.09212004393117,53.14953781512604,34.54165200542908
0.1,0,high,12,290.28000000000003,198.8587135409117,91.42128645908835,61.17999999999999,34.22808291028107
0.1,0,low,13,94.19200854700854,234.31374329315506,-140.1217347461465,18.392008547008547,39.4353649147767
0.1,0,high,12,274.74833333333333,198.39697007460163,76.35136325873174,53.14833333333333,33.86543854307011
0.1,0,low,13,115.98843795093794,235.9857109636521,-119.99727301271412,16.43843795093795,39.60733258527377
0.1,0,high,11,246.4633333333333,196.6607006480459,49.802632685287534,42.813333333333325,34.858898846244045
0.1,0,low,12,80.51519841269841,218.150954158191,-137.63575574549247,14.965198412698413,38.9572604644973
0.1,0,high,12,278.2142712550607,204.3138237755111,73.90044747954957,57.064271255060724,34.15166161334892
0.1,0,low,14,95.55,242.50191956008513,-146.95191956008512,10.75,37.3082258663915
0.1,0,high,15,299.805,223.37163187821093,76.43336812178924,52.55499999999999,34.587848094427045
0.1,0,high,13,304.3566666666666,208.1996966457492,96.15697002091738,65.25666666666666,34.28978673583937
0.1,0,low,14,97.94034188034188,242.58008846244135,-144.6397465820994,18.14034188034188,39.32333170568466
0.1,0,high,12,252.74071428571432,204.98208329129372,47.758630994420514,39.090714285714284,34.891993201203746
0.1,0,low,13,82.44329365079366,227.12192433674633,-144.67863068595275,13.893293650793652,39.189491904313876
0.1,0,high,13,280.9265384615384,208.7827317900847,72.14380667145375,49.32653846153847,33.71065971801266
0.1,0,low,14,120.09623015873017,244.94781584650005,-124.85158568776994,16.54623015873016,39.92078881947304
0.1,0,high,13,290.55454545454546,212.54511341128986,78.00943204325563,59.40454545454545,34.45502332119979
0.1,0,high,14,308.68148325358857,217.11529783306085,91.56618542052749,59.58148325358851,34.01619873396188
0.1,0,low,15,99.975,252.78567533788123,-152.81067533788118,10.175,38.04243209463797
0.1,0,high,16,313.31,232.0306737600855,81.27932623991455,56.05999999999999,33.69734042675219
0.1,0,low,15,100.11010378510379,254.06758426294027,-153.95748047783655,17.310103785103784,38.918935614291655
0.1,0,high,14,297.0346761133603,217.12188716333443,79.91278895002577,55.43467611336032,33.220986262433634
0.1,0,low,15,127.15138888888889,252.6624796874796,-125.51109079859073,15.601388888888888,39.347164372164386
0.1,0,low,14,88.54227272727272,235.2014999560666,-146.6592272287938,16.992272727272727,38.62041887498543
0.1,0,high,13,264.31965919701213,213.6370671935688,50.68259200344335,40.66965919701214,35.438868995370534
0.1,0,high,14,295.77315789473687,220.35736448960134,75.41579340513545,54.62315789473685,33.528535660772505
0.1,0,high,15,324.45575757575756,224.9449491949492,99.51080838080838,65.35575757575756,33.6476518976519
0.1,0,high,17,318.815,240.74017671517672,78.07482328482325,51.56500000000001,33.397834372834375
0.1,0,low,16,104.20714285714284,262.5054684995862,-158.2983256424434,11.407142857142858,37.58204507616271
0.1,0,high,15,308.04404761904755,224.27014513779213,83.77390248125533,56.444047619047616,32.261136128783185
0.1,0,low,16,105.83589743589744,262.74275399523077,-156.90685655933328,18.035897435897436,39.12563687811366
0.1,0,low,15,88.12224789915965,243.87246878717463,-155.75022088801498,13.572247899159663,38.19228860699448
0.1,0,low,16,143.0181313131313,259.70520499665224,-116.68707368352105,11.468131313131314,38.19169148313887
0.1,0,high,14,275.1433333333333,222.40754744725336,52.73578588607987,42.49333333333333,35.74088078058667
0.1,0,high,15,307.0098039215686,229.71952041952042,77.2902835020482,55.85980392156862,34.692493392493404
0.1,0,high,18,328.905,249.98360935477805,78.92139064522192,51.654999999999994,34.71333908450781
0.1,0,high,16,333.135,235.14520121091334,97.98979878908668,64.035,34.47853454424661
0.1,0,low,17,104.83333333333334,271.7667875226698,-166.93345418933652,9.033333333333335,37.92444518032753
0.1,0,high,16,316.4323684210526,234.01419453064187,82.41817389041077,54.83236842105263,33.08626660271397
0.1,0,low,17,109.26903235653235,273.1836558101263,-163.914623453594,19.46903235653236,39.65662878309937
0.1,0,low,16,93.18498987854251,253.52083952579304,-160.3358496472506,15.634989878542513,39.01183051678407
0.1,0,low,17,146.4714285714286,270.64154732831196,-124.17011875688337,9.921428571428573,39.57848426524897
0.1,0,high,15,285.2828571428571,230.1909565409565,55.091900601900505,41.632857142857134,34.335100685100684
0.1,0,high,16,318.98333333333335,237.67306283753658,81.31027049579683,57.833333333333336,33.3667565312302
0.1,0,high,19,340.64190789473685,258.64056865960896,82.00133923512783,53.391907894736846,33.460388479428744
0.1,0,high,17,342.78499999999997,242.8798001683064,99.90519983169366,63.68499999999999,33.47439476290095
0.1,0,low,18,120.26666666666668,280.1680108531114,-159.90134418644473,7.466666666666666,37.04638923148986
0.1,0,high,17,326.65,240.97830504784844,85.67169495215165,55.05,32.03235910190244
0.1,0,low,18,111.32367521367523,281.5899228888393,-170.26624767516398,19.52367521367521,39.77460757352397
0.1,0,low,18,154.6302380952381,278.9242404507885,-124.29400235555045,12.080238095238096,38.852168378716364
0.1,0,low,17,122.56972222222221,262.5940182497458,-140.0242960275237,14.019722222222223,38.265189420916975
0.1,0,high,16,293.8705555555556,238.41654491360367,55.45401064195195,41.22055555555555,33.731860228919054
0.1,0,high,17,329.8158653846154,247.24723571039362,82.56862967422185,58.665865384615394,33.21119967435756
0.1,0,high,20,351.52500000000003,267.55457329799435,83.97042670200568,54.27499999999999,34.356375099796146
0.1,0,high,18,356.62678571428575,250.63541704803316,105.99136866625253,67.52678571428572,33.48226389487999
0.1,0,low,0,0,0,0,0,0
0.1,0,low,19,126.63333333333335,290.24699108391053,-163.61365775057712,9.833333333333334,37.84609018300969
0.1,0,high,18,333.45874999999995,252.56252563311386,80.89622436688617,51.85875,32.80576887635712
0.1,0,low,19,114.26034188034188,290.63714420854507,-176.37680232820313,17.46034188034188,39.902909974310916
0.1,0,low,18,125.80511904761904,272.9292685488505,-147.12414950123173,14.255119047619047,38.33016944975149
0.1,0,low,19,160.63833333333332,286.51232653264384,-125.8739931993104,10.088333333333335,38.06187608219342
0.1,0,high,17,303.97235294117644,250.47212814914045,53.50022479203591,40.32235294117647,34.43609211310451
0.1,0,high,18,336.58,254.97074747601067,81.60925252398926,55.42999999999999,33.006783512046674
0.1,0,low,1,76.35739845938376,126.02968991088193,-49.6722914514981,51.757398459383765,49.51617639736833
0.1,0,high,19,361.90000000000003,260.990238965239,100.90976103476112,62.79999999999999,34.10735608235608
0.1,0,high,19,346.0091666666667,262.7816607092923,83.22750595737449,54.40916666666667,33.11499404262562
0.1,0,low,20,131.9247619047619,301.4983895085676,-169.57362760380562,11.124761904761906,37.92631743649546
0.1,5,high,0,0,0,0,0,0
0.1,0,low,20,118.7925641025641,298.92170958223596,-180.12914547967188,18.992564102564103,39.899187059713384
0.1,5,high,0,0,0,0,0,0
0.1,0,low,20,167.78690476190476,296.0202458952459,-128.23334113334104,12.236904761904762,38.38060625560623
0.1,0,low,19,131.11326923076922,282.38827628192945,-151.27500705116023,16.563269230769233,38.690078083731336
0.1,5,high,0,0,0,0,0,0
0.1,0,high,18,317.0517563138616,258.38709818330557,58.664658130556006,43.40175631386158,33.61232340853085
0.1,0,high,19,348.185,263.98516741891353,84.19983258108641,57.035000000000004,33.55273498648112
0.1,0,high,20,353.425,271.0797163577349,82.3452836422652,51.825,33.39503167305025
0.1,5,high,0,0,0,0,0,0
0.1,0,low,2,60.463529411764696,128.7937043459102,-68.33017493414555,29.86352941176471,43.45136200356789
0.1,0,high,20,374.7672222222222,269.84282635942856,104.92439586279363,65.66722222222224,34.491475008077174
0.1,5,high,0,0,0,0,0,0
0.1,5,high,1,161.10111704085392,116.81649010371919,44.284626937134746,47.101117040853886,50.85703064425974
0.1,5,high,1,169.87806184012067,129.85653674991906,40.02152509020161,48.82806184012067,50.0322124255948
0.1,5,high,1,160.30646321686567,124.48672711056615,35.819736106299544,52.6064632168657,49.37861900245802
0.1,0,low,20,129.96027777777778,291.4863797260856,-161.52610194830783,12.410277777777779,37.51791125761713
0.1,5,low,0,0,0,0,0,0
0.1,0,high,19,325.3059803921568,269.3921493072421,55.913831084914705,41.65598039215686,35.15791507300796
0.1,0,high,20,359.96975708502026,271.533488670176,88.43626841484428,58.81975708502024,33.4433985800859
0.1,5,low,0,0,0,0,0,0
0.1,0,low,3,57.68333333333334,133.88098082703345,-76.19764749370012,16.083333333333336,39.169269115321754
0.1,5,high,1,144.4859649122807,114.66470994052261,29.821254971758094,48.035964912280704,48.96200723781994
0.1,5,high,1,148.2692268842269,121.28596373782135,26.98326314640552,53.16922688422689,49.35353130538891
0.1,5,high,2,169.73999999999998,105.11767402994181,64.62232597005814,55.73999999999999,39.15821457048237
0.1,5,high,2,181.1585714285714,121.4144007851438,59.744170643427566,60.10857142857143,41.590076460819496
0.1,5,low,1,68.65912719633309,133.56970826668973,-64.91058107035659,48.55912719633308,49.44808664506805
0.1,5,high,2,161.16429824561405,116.63750437868083,44.52679386693326,53.46429824561403,41.529396270572754
0.1,0,high,20,332.70064892623714,278.0237296185826,54.67691930765449,39.050648926237145,34.87057646542941
0.1,5,low,0,0,0,0,0,0
0.1,5,low,1,71.39538093442505,129.45366253779562,-58.05828160337066,49.195380934425046,49.94014902428218
0.1,0,low,4,62.07261904761905,142.4972169031379,-80.42459785551893,13.472619047619048,38.2359556418767
0.1,5,high,2,156.1056140350877,105.68586233330815,50.419751701779546,59.655614035087716,39.983159630605456
0.1,5,high,3,175.96579365079361,101.348928023541,74.6168656272526,61.96579365079365,35.38946856408157
0.1,5,high,2,137.86213622291024,113.62859064635379,24.233545576556423,42.762136222910215,41.69615821392138
0.1,5,high,3,180.64632414369254,116.17241693329156,64.47390721040104,59.59632414369257,36.34809260896722
0.1,5,low,1,72.00135069179187,122.1146343707876,-50.11328367899577,54.30135069179187,50.26328301943627
0.1,5,low,2,69.13496753246753,127.19204222841998,-58.05707469595244,49.03496753246753,43.07042060679831
0.1,5,low,2,67.96713383838384,122.71838817419315,-54.751254335809264,45.767133838383835,43.20487466067962
0.1,5,high,3,155.04474358974358,112.43334708334709,42.611396506396474,47.34474358974359,37.32523897523898
0.1,0,low,5,69.06439393939395,150.36981309659328,-81.30541915719935,11.46439393939394,37.64008336686356
0.1,5,high,4,172.65277777777777,99.31640190080593,73.33637587697183,58.652777777777786,33.356942441346476
0.1,5,high,3,158.17999999999998,99.08118761961639,59.09881238038358,61.730000000000004,33.37848491691372
0.1,5,high,4,182.35999999999999,113.94819405875904,68.41180594124094,61.31,34.123869734434756
0.1,5,low,2,65.03159965034965,114.98325499478749,-49.95165534443788,47.331599650349645,43.13190364343616
0.1,5,high,3,136.66142857142856,109.82045350721816,26.840975064210326,41.561428571428564,37.88802107478579
0.1,5,low,3,48.4602380952381,117.65672415188669,-69.19648605664858,26.260238095238094,38.143210638373176
0.1,5,high,4,154.01762626262627,111.52124209624206,42.496384166384146,46.31762626262626,36.41313398813399
0.1,5,low,3,62.12984848484848,121.67617158429853,-59.54632309945006,42.02984848484848,37.55454996267689
0.1,5,high,4,158.525,99.09041459335579,59.43458540664422,62.075,33.38771189065306
0.1,0,low,6,76.22363095238096,159.3491654763714,-83.12553452399034,12.623630952380953,37.61042673763261
0.1,5,high,5,173.57,99.20360217836995,74.36639782162999,59.57000000000001,33.244142718910524
0.1,5,high,5,179.91384615384612,113.43899221793959,66.47485393590655,58.86384615384615,33.61466789361526
0.1,5,high,4,131.07517543859652,107.26147834611454,23.813697092481945,35.975175438596494,35.32904591368216
0.1,5,low,3,68.01708333333333,109.4815273840042,-41.46444405067088,50.317083333333336,37.630176032652805
0.1,5,low,4,53.20666666666667,121.74313389321134,-68.53646722654466,33.10666666666666,37.621512271589665
0.1,5,low,4,50.507941176470595,116.53569450109697,-66.02775332462635,28.307941176470592,37.02218098758347
0.1,5,high,5,158.24348039215687,109.43239616285281,48.81108422930407,50.543480392156866,34.32428805474472
0.1,5,high,5,151.50034090909088,98.5714370500361,52.92890385905477,55.05034090909091,32.868734347333415
0.1,5,high,6,176.09499999999997,100.00155754130213,76.09344245869784,62.095000000000006,34.04209808184266
0.1,0,low,7,88.33599439775911,168.6822941403049,-80.34629974254581,10.735994397759104,38.384996843007684
0.1,5,high,5,135.53944444444443,107.36866977675798,28.170774667686416,40.43944444444445,35.43623734432558
0.1,5,high,6,188.32075757575757,112.6030733614325,75.71768421432508,67.27075757575759,32.77874903710816
0.1,5,low,4,49.47083333333333,108.25261242118829,-58.781779087854886,31.770833333333332,36.40126106983692
0.1,5,low,5,59.375,116.2200674383724,-56.84506743837238,37.175,36.70655392485888
0.1,5,high,6,158.56166666666667,109.52360784400258,49.03805882266413,50.861666666666665,34.415499735894464
0.1,5,low,5,57.50624999999999,121.54211207005326,-64.0358620700533,37.40624999999999,37.42049044843161
0.1,5,high,6,153.21142857142857,98.36176237793886,54.849666193489725,56.76142857142857,32.65905967523615
0.1,0,low,8,94.89423076923076,176.98959669393105,-82.09536592470032,11.294230769230769,37.68329038762475
0.1,5,high,7,182.245,107.85933649764922,74.38566350235077,58.245000000000005,33.43140856972125
0.1,5,high,6,132.37218487394958,107.04740506911558,25.324779804834066,37.27218487394957,35.11497263668316
0.1,5,high,7,190.07500000000002,121.08790647025943,68.98709352974056,59.025,33.33565421800716
0.1,5,low,5,42.829166666666666,109.2372568905077,-66.40809022384101,25.129166666666666,37.38590553915631
0.1,5,low,6,36.562000835421884,116.55347389759152,-79.99147306216965,14.362000835421886,37.03996038407803
0.1,5,high,7,167.7147737556561,116.00435035876215,51.71042339689396,50.01477375565611,32.878224232635986
0.1,5,low,6,36.73625,120.24859485416759,-83.51234485416761,16.63625,36.12697323254599
0.1,0,low,9,97.68430735930735,184.67145565895552,-86.98714829964825,8.084307359307356,36.89668088418088
0.1,5,high,7,162.66500000000002,107.50148249687724,55.16351750312276,56.214999999999996,33.60058159597633
0.1,5,high,8,192.19807692307694,116.99119608237258,75.20688084070441,58.19807692307692,34.00470959588605
0.1,5,high,7,142.77944444444444,115.083544780681,27.695899663763456,37.67944444444445,35.133094330230556
0.1,5,high,8,199.9144642857143,130.25710296445592,69.65736132125838,58.86446428571429,33.766111973464916
0.1,5,low,6,46.68954545454546,107.11194730730331,-60.42240185275785,28.989545454545457,35.260595955952
0.1,5,low,7,43.470334168755215,125.15733739684983,-81.68700322809458,15.270334168755221,37.26544550495788
0.1,5,high,8,176.942091503268,125.68071189321186,51.261379610056125,49.24209150326797,33.9960272085272
0.1,5,low,7,38.59166666666666,129.92782275282275,-91.33615608615611,12.491666666666665,37.06746239246238
0.1,5,high,8,176.26970085470086,114.97940261740567,61.29029823729513,59.81970085470086,33.060483698486806
0.1,0,low,10,109.61500000000001,193.276271995351,-83.66127199535092,10.015,36.94293866201761
0.1,5,high,9,209.6178571428571,138.1052068045489,71.51265033830819,58.56785714285714,32.695296894638986
0.1,5,high,9,203.0813157894737,124.34608788610338,78.73522790337036,59.081315789473685,33.07131311132859
0.1,5,low,7,45.08954545454545,117.13396891686364,-72.0444234623182,18.389545454545452,37.08441936731411
0.1,5,high,8,153.48833333333332,124.00008535008534,29.488247983247987,38.388333333333335,35.22080607080607
0.1,5,low,8,48.42684210526316,133.83423677107885,-85.40739466581569,11.226842105263156,36.843245780087884
0.1,5,low,8,42.406111111111116,139.83931160583637,-97.43320049472523,13.306111111111113,37.879852146376926
0.1,5,high,9,188.57623376623377,134.3578951765484,54.218338589685374,50.87623376623377,33.66420148285474
0.1,5,high,9,181.49411764705883,122.76781328031329,58.72630436674555,55.044117647058826,32.3804258929259
0.1,0,low,11,115.98452380952381,202.15778797175852,-86.17326416223463,8.384523809523808,37.08571589968647
0.1,5,high,10,222.1238888888889,148.34491557912608,73.77897330976282,61.07388888888888,34.46653720074772
0.1,5,high,10,213.73555555555558,133.0909641389518,80.64459141660384,59.735555555555564,32.98736053534815
0.1,5,low,8,46.95287878787879,125.23463151682965,-78.28175272895086,13.25287878787879,36.536433318631474
0.1,5,high,9,163.8262393162393,134.2755810834758,29.55065823276351,38.72623931623932,36.757563065457795
0.1,5,low,9,58.42833333333333,141.79546095923808,-83.3671276259047,11.228333333333335,35.97564113941823
0.1,5,high,10,197.77090909090913,143.78884158373322,53.98206750717594,50.07090909090908,34.08613888103051
0.1,5,low,9,50.85333333333333,149.49691455937582,-98.6435812260425,13.753333333333334,38.438356000817315
0.1,5,high,10,192.4230753968254,132.12617953535135,60.29689586147404,55.9730753968254,32.819873229045065
0.1,0,low,12,122.74000000000001,210.92652234455647,-88.18652234455638,8.14,37.566161984196036
0.1,5,high,11,226.23368421052632,141.25734776102425,84.97633644950207,62.23368421052633,32.77536577904225
0.1,5,high,11,230.8768382352941,156.34239349897246,74.53444473632163,59.82683823529411,33.63518629176523
0.1,5,low,9,53.809282296650714,134.9920017589135,-81.18271946226278,14.109282296650719,37.19470446161624
0.1,5,high,10,171.47785714285715,140.49997123944493,30.977885903412215,36.377857142857145,34.87384511331879
0.1,5,high,11,209.65993006993008,152.52488931041563,57.13504075951445,51.95993006993008,33.903267688794
0.1,5,low,10,62.75,151.53759411127828,-88.78759411127828,11.55,36.618675192359404
0.1,5,low,10,56.47166666666667,156.79599264746324,-100.32432598079652,13.371666666666664,37.17887553034612
0.1,0,low,13,135.81742424242424,218.23854765035097,-82.42112340792676,11.217424242424244,36.67998909179251
0.1,5,high,11,204.49499999999998,139.66544642210275,64.82955357789717,58.045,31.530311286967642
0.1,5,high,12,230.66043859649125,149.43979229168858,81.2206463048027,56.66043859649123,32.219071570967856
0.1,5,high,12,237.51588235294116,164.76107348580257,72.75480886713856,56.46588235294117,33.044857269586366
0.1,5,low,10,58.45467365967365,144.0711111711112,-85.61643751143751,10.75467365967366,36.99453459453458
0.1,5,high,11,183.9490909090909,150.0304608042611,33.91863010482979,38.84909090909092,36.02595629975662
0.1,5,low,11,70.56666666666666,161.08631862381864,-90.51965195715195,11.366666666666667,36.61785015535014
0.1,5,low,11,62.00880952380952,165.95263003749852,-103.94382051368903,13.908809523809524,36.78596337083177
0.1,5,high,12,218.17617647058825,161.7676535642093,56.40852290637895,50.476176470588236,34.22711302366875
0.1,5,high,12,209.68064425770308,147.78810709909783,61.89253715860528,53.23064425770308,32.085404396395106
0.1,0,low,14,141.85166666666666,228.48870455642898,-86.63703788976247,10.251666666666665,36.569785637510094
0.1,5,high,13,239.38666666666668,161.2374431012976,78.14922356536908,55.38666666666668,34.28699265084714
0.1,5,high,13,249.93136363636367,173.41960239936253,76.51176123700114,58.88136363636363,33.8655483453084
0.1,5,low,11,68.32703463203462,153.0923328274721,-84.76529819543752,12.627034632034633,37.186927422066745
0.1,5,high,12,197.06901960784313,159.54053970745142,37.52847990039169,41.96901960784314,36.61711628402805
0.1,5,low,12,71.02166666666668,176.2634155852422,-105.24174891857555,13.921666666666667,37.27692909875574
0.1,5,low,12,79.39791666666667,171.22464277464275,-91.82672610797601,11.197916666666668,37.566985116985116
0.1,5,high,13,228.05277777777778,169.009014016367,59.043763761410844,50.352777777777774,32.81982482717777
0.1,5,high,13,222.48507352941175,156.93032365992894,65.55474986948278,56.03507352941176,32.84924257884784
0.1,0,low,15,146.93173076923077,236.46960934925326,-89.5378785800226,9.331730769230768,36.17231205195601
0.1,5,high,14,255.98236842105263,170.58006433010303,85.4023040909496,61.98236842105264,34.62060487064357
0.1,5,high,14,259.1837990196078,181.03470099720104,78.14909802240683,58.13379901960784,32.65181811431812
0.1,5,low,12,72.00768037518037,161.74348795451726,-89.73580757933698,10.307680375180375,37.00925372028313
0.1,5,low,13,73.82119047619048,186.10912098117984,-112.28793050498936,11.721190476190475,37.48299485505369
0.1,5,high,13,206.8834210526316,167.1523290539545,39.731091998677186,41.78342105263158,35.49016689179227
0.1,5,low,13,89.45555555555555,179.0969551969551,-89.64139964139969,11.255555555555555,36.34019844019843
0.1,5,high,14,236.9025,168.28479089136988,68.61770910863015,60.45250000000001,33.12262872920767
0.1,0,low,16,155.58751082251084,245.61356040032504,-90.02604957781432,11.987510822510822,36.487434274198975
0.1,5,high,14,238.50041666666667,177.98557214335082,60.5148445233159,50.80041666666666,33.4180045757832
0.1,5,high,15,268.67857142857144,190.08530320956797,78.59326821900356,57.62857142857142,33.77449239875708
0.1,5,high,15,262.43644796380096,177.69680039606504,84.73964756773586,58.4364479638009,33.08869228795699
0.1,5,low,14,83.0325,194.33578031325717,-111.30328031325718,13.9325,37.06100553848232
0.1,5,low,13,79.25510101010101,171.5186939051877,-92.26359289508667,11.55510101010101,38.135811022304836
0.1,5,high,14,211.09292609351434,174.89741987241987,36.19550622109446,35.992926093514335,34.49651897151897
0.1,5,low,14,96.95773809523808,188.45820551482316,-91.50046741958505,12.757738095238093,36.60234965896729
0.1,5,high,15,242.0480158730159,177.08003118908695,64.96798468392899,55.59801587301588,33.179130288186
0.1,5,high,15,249.19453666216822,186.88417698738914,62.31035967477911,51.49453666216823,33.39769050090258
0.1,0,low,17,160.0996212121212,258.64275584186555,-98.54313462974446,10.499621212121212,37.17428737339729
0.1,5,high,16,271.5658543417367,186.56165359687031,85.00420074486641,57.56585434173669,33.755347290564025
0.1,5,high,16,279.7325,199.1633599460999,80.56914005390004,58.682500000000005,33.30299958573953
0.1,5,low,15,92.895,203.7027033873397,-110.8077033873396,11.794999999999998,36.96846915310537
0.1,5,low,14,84.28454545454545,180.42503005297118,-96.14048459842581,11.584545454545456,37.31241744035861
0.1,5,high,15,224.05578947368417,183.70388767888772,40.35190179479653,38.95578947368421,33.66334713834715
0.1,5,high,16,254.62147058823535,184.9762908287289,69.64517975950645,58.171470588235294,32.69701154944964
0.1,5,low,15,105.24521978021978,197.39086106783486,-92.14564128761491,11.04521978021978,36.2557259326996
0.1,0,low,18,164.88555555555556,268.3852967800336,-103.49974122447813,10.285555555555556,37.72763912237597
0.1,5,high,16,255.3685780885781,196.52070967372822,58.8478684148499,47.66857808857808,33.124313277331865
0.1,5,high,17,281.78499999999997,194.28362576981,87.50137423018998,57.78499999999999,32.64849063467486
0.1,5,low,16,100.715,211.797875956119,-111.08287595611895,11.614999999999998,36.77535343359647
0.1,5,high,17,287.7879487179488,208.1546813382727,79.6332673796762,56.73794871794871,33.73576241935375
0.1,5,low,15,100.44168831168831,189.38054224613828,-88.93885393444991,9.741688311688314,36.35801972361568
0.1,5,high,16,230.99843137254902,193.94173901344945,37.056692359099486,35.89843137254902,34.17146874317928
0.1,5,low,16,112.43722222222223,206.76773654714827,-94.33051432492599,11.237222222222222,36.53350231291409
0.1,5,high,17,263.10291666666666,194.02393981070455,69.07897685596211,56.652916666666655,33.18610197286667
0.1,0,low,19,173.92666666666665,276.12080525393225,-102.1941385872656,12.326666666666668,36.90458903771598
0.1,5,high,17,265.4680357142857,205.1665820869769,60.30145362730886,47.768035714285716,33.39180731220205
0.1,5,high,18,291.46500000000003,203.88623681978945,87.57876318021059,57.464999999999996,32.70155213510477
0.1,5,low,16,105.3378787878788,199.4513332870144,-94.11345449913557,8.637878787878787,36.60899094467206
0.1,5,low,17,109.79388888888889,220.82491049890433,-111.03102161001524,12.693888888888887,36.34292851692233
0.1,5,high,18,298.93508021390375,217.81284688653105,81.12223332737267,57.885080213903734,33.30383787752209
0.1,5,high,17,240.78542391045488,203.0955728955729,37.68985101488204,36.68542391045487,34.40638370638371
0.1,5,low,17,131.5389423076923,216.87806240894477,-85.3391201012524,12.338942307692307,37.63481916570153
0.1,5,high,18,275.20666666666665,200.833269200181,74.3733974664857,58.756666666666675,32.0675034344152
0.1,5,high,18,275.9322089314195,213.56218240471335,62.37002652670617,48.232208931419464,33.04866889119987
0.1,0,low,20,178,287.43782389889196,-109.43782389889202,11.4,38.40178786285597
0.1,5,low,0,0,0,0,0,0
0.1,5,high,19,308.9159090909091,226.8244720060897,82.09143708481946,57.8659090909091,33.846994528612164
0.1,5,high,19,302.97999999999996,213.39460925637388,89.585390743626,58.980000000000004,34.011726373491086
0.1,5,low,17,113.63515151515153,208.54415540681015,-94.9090038916587,11.935151515151514,37.053164415819225
0.1,5,low,18,113.32357142857143,231.18458881651603,-117.8610173879446,11.22357142857143,36.07197620390344
0.1,5,high,18,252.07973856209145,214.40438883159467,37.67534973049672,36.97973856209151,35.89537982258572
0.1,5,low,18,134.8763888888889,225.54003420032834,-90.66364531143941,9.676388888888889,36.206700866994986
0.1,5,high,19,285.055294117647,222.773916545511,62.28137757213602,47.355294117647055,33.071213842808255
0.1,5,high,19,284.31,208.19910711342604,76.11089288657396,57.85999999999999,31.685593599912487
0.1,5,low,1,73.82338629207052,128.5958616216743,-54.77247532960379,50.57338629207051,50.90667243248513
0.1,5,high,20,320.71402597402596,235.72016998081233,84.99385599321351,59.66402597402598,34.09404385468626
0.1,5,low,0,0,0,0,0,0
0.1,5,low,18,118.40692640692642,215.50368023676847,-97.09675382984211,9.706926406926408,35.54422077730901
0.1,5,high,20,313.0127777777778,220.75665581102888,92.25612196674894,59.01277777777777,32.544944099317156
0.1,10,high,0,0,0,0,0,0
0.1,5,low,19,121.955,238.9802767710276,-117.02527677102744,13.854999999999999,35.66946596021675
0.1,5,high,19,258.96901709401703,222.32711337711345,36.64190371690364,33.86901709401709,34.44873499873499
0.1,5,low,19,145.3659523809524,235.25598858690967,-89.89003620595727,10.165952380952382,36.91364624456728
0.1,5,high,20,291.4521380657526,232.0156208107833,59.43651725496923,43.75213806575262,33.84444963961218
0.1,10,high,0,0,0,0,0,0
0.1,5,high,20,298.87,218.16491546917243,80.70508453082749,62.42,32.91266321692018
0.1,10,high,0,0,0,0,0,0
0.1,5,low,2,85.39195804195803,119.91623592130559,-34.52427787934754,62.141958041958034,42.2270467321164
0.1,5,low,19,124.42359307359308,226.73053430514724,-102.3069412315543,8.723593073593074,37.762065836678836
0.1,10,high,1,166.63678266178266,124.44396691045296,42.19281575132972,50.836782661782664,49.64666961315568
0.1,5,low,1,65.88338249469828,124.63442651085838,-58.751044016160066,50.88338249469828,48.688480564912446
0.1,5,low,20,123.74202380952383,250.57955712491315,-126.83753331538938,12.642023809523806,37.539016584372604
0.1,10,high,0,0,0,0,0,0
0.1,5,high,20,272.5666666666667,233.02011873114816,39.54654793551859,37.46666666666666,35.95255116358056
0.1,10,high,0,0,0,0,0,0
0.1,5,low,20,154.0445238095238,244.6260826551848,-90.58155884566096,10.844523809523807,37.63509166419383
0.1,10,low,0,0,0,0,0,0
0.1,10,high,1,170.88442429603418,125.76628951702482,45.11813477900938,51.33442429603419,50.40142465215993
0.1,10,high,1,154.43930788509735,125.52206021404936,28.917247671047917,48.83930788509737,48.58962778161697
0.1,5,low,3,45.305151515151515,115.00708258591382,-69.7019310707623,22.055151515151515,37.31789339672467
0.1,5,low,20,132.41645021645022,234.95535652942772,-102.53890631297767,12.716450216450216,36.887788961860174
0.1,10,high,2,162.185,116.14773640864965,46.03726359135037,46.385,41.35043911135243
0.1,10,low,0,0,0,0,0,0
0.1,5,low,2,60.13174089068825,119.53332984327564,-59.40158895258742,45.13174089068826,43.58738389732972
0.1,10,high,1,172.19074934869053,116.50200968312424,55.68873966556632,56.54074934869053,50.25876643988101
0.1,10,high,1,168.676452991453,124.08892654627947,44.58752644517354,56.02645299145299,49.18352114087409
0.1,10,high,2,154.53916666666666,118.07287927276319,36.466287393903485,48.939166666666665,41.14044684033074
0.1,10,high,2,177.7432330827068,115.04826332597227,62.69496975673452,58.19323308270676,39.683398461107444
0.1,10,low,1,69.2187973137973,127.10340836915911,-57.8846110553618,53.31879731379731,50.103408369159155
0.1,5,low,4,56.351341991342,115.93448120414071,-59.58313921279867,33.10134199134199,38.24529201495143
0.1,10,high,3,162.68429487179486,110.56248715021934,52.12180772157549,46.88429487179488,35.765189852922056
0.1,5,low,3,50.96432234432234,115.4931963691639,-64.52887402484154,35.96432234432234,39.5472504232179
0.1,10,low,1,71.66130189255189,131.17299474729822,-59.51169285474627,51.261301892551884,48.13245420675759
0.1,10,high,2,178.74205882352945,106.03393688846471,72.70812193506474,63.09205882352942,39.79069364522151
0.1,10,high,2,170.94222222222223,117.22019241512274,53.72202980709949,58.29222222222221,42.31478700971738
0.1,10,low,2,81.41758241758242,120.93260469731052,-39.51502227972816,65.51758241758242,43.93260469731057
0.1,10,high,3,150.03880116959064,115.84756753862796,34.19123363096277,44.43880116959065,38.91513510619548
0.1,10,high,3,177.13500000000005,110.29281548693314,66.84218451306694,57.585,34.92795062206826
0.1,5,low,5,62.34714285714286,115.43615808070143,-53.089015223558526,39.097142857142856,37.74696889151224
0.1,10,high,4,164.49357142857144,109.06589959980056,55.42767182877091,48.693571428571424,34.26860230250323
0.1,5,low,4,49.869603495919286,114.13453189083991,-64.26492839492064,34.86960349591929,38.18858594489399
0.1,10,low,2,55.25169871794873,125.61672364122055,-70.36502492327182,34.851698717948715,42.576183100680005
0.1,10,high,4,151.8761111111111,114.68464401192725,37.19146709918381,46.27611111111112,37.75221157949487
0.1,10,high,3,181.5214285714286,101.91798219263389,79.60344637879471,65.87142857142857,35.674738949390644
0.1,10,low,3,59.249572649572656,115.67996934246932,-56.43039669289671,43.34957264957265,38.67996934246935
0.1,10,high,3,165.02333333333334,112.95845057965803,52.06488275367535,52.373333333333335,38.05304517425262
0.1,10,high,4,177.5488461538461,109.44008777685251,68.1087583769936,57.99884615384616,34.07522291198762
0.1,5,low,6,60.50507631257631,114.78243874640934,-54.27736243383302,37.25507631257632,37.09324955722015
0.1,10,high,5,169.93625,108.47206872942161,61.46418127057835,54.13625,33.67477143212437
0.1,5,low,5,49.1347619047619,113.56978926522268,-64.43502736046082,34.1347619047619,37.623843319276766
0.1,10,low,3,54.626686507936505,120.88468996088965,-66.25800345295312,34.226686507936506,37.844149420349126
0.1,10,high,5,153.3140350877193,114.21051783633052,39.10351725138882,47.714035087719296,37.278085403898096
0.1,10,high,4,162.81882352941176,111.02180478562055,51.79701874379121,50.16882352941177,36.11639938021518
0.1,10,high,4,181.135,100.00254214851742,81.13245785148258,65.48500000000001,33.75929890527413
0.1,10,low,4,54.39166666666667,115.16604613349968,-60.77437946683302,38.49166666666666,38.1660461334997
0.1,10,high,5,176.51154970760234,108.26791019449689,68.24363951310546,56.961549707602344,32.90304532963202
0.1,10,high,6,165.9163725490196,108.13493817541804,57.78143437360154,50.1163725490196,33.33764087812076
0.1,5,low,7,47.02497198879552,123.23463824787346,-76.20966625907803,17.77497198879552,36.80671031994562
0.1,10,low,4,48.845257936507934,120.68906932591139,-71.84381138940351,28.445257936507936,37.6485287853709
0.1,5,low,6,53.170416666666675,111.54414761400054,-58.37373094733389,38.17041666666667,35.598201668054614
0.1,10,high,6,152.77333333333337,114.09754351793823,38.675789815395106,47.17333333333333,37.16511108550582
0.1,10,high,5,179.805,100.56410376925082,79.24089623074919,64.155,34.320860526007586
0.1,10,high,5,162.6177777777778,111.38004510512246,51.237732672655284,49.96777777777778,36.4746396997171
0.1,10,low,5,61.76416666666667,115.67593557461977,-53.91176890795313,45.86416666666666,38.675935574619785
0.1,10,high,6,176.54333333333335,108.79515277239739,67.748180560936,56.99333333333334,33.43028790753249
0.1,5,low,8,51.99873015873017,132.8125885008238,-80.81385834209364,13.74873015873016,37.105381293616595
0.1,10,high,7,163.45906015037596,109.32027533242702,54.13878481794893,47.65906015037594,34.52297803512974
0.1,5,low,7,40.51785714285715,120.42190520251665,-79.90404805965949,18.517857142857142,36.097580878192325
0.1,10,low,5,55.94752747252746,119.40755153386733,-63.46002406133989,35.54752747252748,36.36701099332677
0.1,10,high,7,151.26460784313727,111.63444673444667,39.63016110869056,45.664607843137254,34.70201430201432
0.1,10,high,6,162.9451012145749,109.97262355377683,52.972477660798106,50.2951012145749,35.0672181483714
0.1,10,low,6,67.83519230769231,113.30556560270183,-45.47037329500951,51.93519230769232,36.30556560270181
0.1,10,high,6,178.97333333333336,100.53480654777097,78.4385267855624,63.32333333333334,34.29156330452771
0.1,10,high,7,177.17,109.14602974014743,68.0239702598526,57.620000000000005,33.781164875282506
0.1,5,low,9,54.88269841269842,142.2836030424266,-87.40090462972817,12.632698412698414,38.10792736675088
0.1,10,high,8,161.48820512820512,108.95380487880493,52.53440024940025,45.68820512820513,34.156507581507576
0.1,5,low,8,50.32000000000001,128.9715459391156,-78.65154593911559,20.32,35.99857296614263
0.1,10,low,6,50.57038461538461,120.6179440633388,-70.04755944795414,30.170384615384613,37.57740352279827
0.1,10,high,8,150.857134502924,110.9958781511413,39.86125635178273,45.257134502923975,34.06344571870888
0.1,10,high,7,174.30999999999997,100.34696207784444,73.96303792215552,58.660000000000004,34.103718834601175
0.1,10,high,7,161.2835714285714,109.39506151441135,51.888509914160025,48.63357142857143,34.48965610900595
0.1,10,low,7,51.30255012531329,111.8953713444038,-60.59282121909054,35.40255012531328,34.895371344403856
0.1,10,high,8,175.69333333333333,109.03146907411613,66.66186425921718,56.14333333333333,33.66660420925127
0.1,5,low,10,59.98269841269841,150.3489439668232,-90.3662455541248,11.732698412698413,36.623718741598
0.1,10,high,9,167.29000000000002,109.49860395386715,57.79139604613292,51.489999999999995,34.70130665656981
0.1,5,low,9,53.44454545454546,137.56013966013967,-84.1155942055942,17.444545454545455,36.3889684889685
0.1,10,high,9,156.01352941176475,113.19071995101405,42.82280946075066,50.413529411764706,36.25828751858164
0.1,10,low,7,68.47878031325399,120.34432795202926,-51.865547638775254,48.07878031325399,37.303787411488656
0.1,10,high,8,159.35277777777776,109.6881965256965,49.664581252081234,46.70277777777777,34.78279112029112
0.1,10,high,8,175.8992857142857,100.6230875072593,75.27619820702635,60.249285714285705,34.37984426401609
0.1,10,low,8,57.92314970117602,113.99452976008702,-56.071380058911025,42.023149701176024,36.99452976008704
0.1,10,high,9,173.98615384615385,107.80934560276665,66.17680824338719,54.43615384615384,32.44448073790178
0.1,5,low,11,63.31206349206349,160.12588713115028,-96.81382363908682,11.06206349206349,37.121382626645776
0.1,10,high,10,163.35330065359477,108.85846307363337,54.49483757996141,47.553300653594775,34.06116577633606
0.1,10,low,8,54.71138694638694,120.09691121529356,-65.38552426890666,34.311386946386946,37.056370674753026
0.1,5,low,10,63.07068627450981,147.5536953473099,-84.48300907280013,17.070686274509804,37.01315480676935
0.1,10,high,10,157.02777777777777,111.41423365301074,45.61354412476703,51.427777777777784,34.481801220578305
0.1,10,high,9,161.93398785425103,109.72650155479103,52.20748629946003,49.28398785425101,34.82109614938562
0.1,10,high,9,178.1371428571429,99.29841890731984,78.83872394982305,62.487142857142864,33.05517566407659
0.1,10,low,9,66.85857585139318,113.74856463641292,-46.88998878501978,50.958575851393185,36.74856463641293
0.1,10,high,10,175.0207142857143,107.4624962882316,67.5582179974827,55.47071428571428,32.09763142336671
0.1,5,low,12,73.33984126984127,169.5634406538819,-96.22359938404055,15.08984126984127,37.27965687009803
0.1,10,high,11,169.74382352941177,107.74242221479061,62.00140131462112,53.94382352941176,32.94512491749335
0.1,10,low,9,48.64752913752913,119.84748328827271,-71.19995415074364,28.247529137529142,36.80694274773223
0.1,5,low,11,69.24071428571429,155.9565887999325,-86.71587451421823,18.240714285714287,36.49712934047299
0.1,10,high,11,154.4975,112.3955309786192,42.10196902138078,48.897499999999994,35.46309854618677
0.1,10,high,10,178.57250000000002,99.2524951319843,79.32000486801567,62.9225,33.009251888741055
0.1,10,high,10,164.56619047619046,110.07731488524834,54.48887559094213,51.91619047619048,35.17190947984292
0.1,10,low,10,54.08248987854252,113.53411424200897,-59.451624363466436,38.18248987854251,36.534114242008975
0.1,10,high,11,176.77333333333334,108.04459025302673,68.72874308030659,57.22333333333332,32.679725388161934
0.1,5,low,13,76.15373015873016,179.92449815820555,-103.77076799947545,12.903730158730161,37.910984644692086
0.1,10,low,10,63.65397435897436,120.37092257057425,-56.71694821159989,43.25397435897436,37.33038203003374
0.1,5,low,12,73.51602564102565,165.18689708983828,-91.67087144881272,16.516025641025642,37.34905925200042
0.1,10,high,12,175.24875000000003,116.5091091694033,58.73964083059677,49.448750000000004,33.60370376399787
0.1,10,high,12,160.19227272727272,119.26354267538476,40.92873005188791,44.59227272727273,34.40318231502441
0.1,10,low,11,60.3896052631579,114.97851797162946,-54.58891270847155,44.48960526315789,37.978517971629415
0.1,10,high,11,162.29055555555558,109.58811323285009,52.70244232270554,49.64055555555556,34.68270782744468
0.1,10,high,11,177.62736842105264,99.87499023307845,77.75237818797416,61.977368421052645,33.631746989835236
0.1,10,high,12,185.17333333333332,117.01693135377347,68.15640197955982,55.62333333333335,33.2736881105302
0.1,5,low,14,80.30539682539683,189.33827708409757,-109.03288025870074,12.055396825396825,38.495934741755164
0.1,10,high,13,168.05333333333334,127.31516565521984,40.738167678113555,42.453333333333326,34.0764269164811
0.1,10,low,11,44.895225950520064,119.44532293742816,-74.55009698690813,24.49522595052007,36.40478239688766
0.1,5,low,13,83.98166666666667,173.03754711103778,-89.05588044437111,16.981666666666666,36.28079035428106
0.1,10,high,13,185.8483333333333,124.9330264935528,60.915306839780456,50.04833333333333,33.73933279985911
0.1,10,low,12,46.40263931888545,122.92182931579221,-76.51918999690675,25.50263931888545,37.45336084732369
0.1,10,high,12,169.97692307692307,117.46715459656637,52.509768480356655,47.32692307692308,34.36355099296276
0.1,5,low,14,88.33833333333334,181.79673059069344,-93.45839725736008,17.33833333333334,36.66159545555829
0.1,10,high,13,196.65894736842108,124.35284814975219,72.30609921866888,57.10894736842105,32.321316618220635
0.1,5,low,15,92.01569985569985,198.70338234436528,-106.68768248866549,12.765699855699856,38.04122018220316
0.1,10,high,12,189.10333333333332,108.27486687947216,80.82846645386111,63.45333333333333,33.65324525785051
0.1,10,low,12,47.1848076923077,127.83751524986046,-80.65270755755276,18.78480769230769,36.418596330941526
0.1,10,high,14,181.69833333333335,136.1556313670865,45.54270196624688,46.09833333333334,34.718694430149526
0.1,10,high,14,190.91833333333335,134.65145276855802,56.266880564775335,45.118333333333325,34.809110426215696
0.1,10,low,13,49.85877966976264,130.1318312697182,-80.27305159995555,23.95877966976264,36.28498442287143
0.1,10,high,13,178.98675324675327,125.91949719697398,53.0672560497793,47.33675324675325,34.43751521499198
0.1,5,low,15,100.08194805194805,190.88115530689063,-90.79920725494247,19.08194805194805,36.466740892476174
0.1,10,high,15,188.94476190476195,145.3940399396282,43.55072196513379,43.34476190476191,35.128274173862415
0.1,5,low,16,97.92873015873016,206.13775022157364,-108.20902006284356,12.678730158730158,36.826939410762954
0.1,10,low,13,58.26936204146731,135.75518394334185,-77.48582190187454,19.869362041467305,35.95788664604455
0.1,10,high,14,210.65666666666667,135.26789756863286,75.38876909803378,61.10666666666666,33.86699666773197
0.1,10,high,13,191.33499999999998,116.31072060441262,75.02427939558746,55.68499999999999,33.31072060441254
0.1,10,high,15,200.61967105263156,142.1532856539823,58.46638539864935,44.81967105263158,34.1127451134417
0.1,10,low,14,53.825968899521534,140.64260659717314,-86.8166376976516,22.92596889952153,37.786750741317306
0.1,5,low,16,111.39666666666668,199.9898443530796,-88.59317768641299,16.396666666666665,37.28714165037696
0.1,10,high,14,192.845,134.26613326744902,58.57886673255095,50.19500000000001,34.49586299717878
0.1,10,high,15,219.49499999999998,143.43096142832985,76.0640385716701,59.94500000000001,33.29132178869021
0.1,10,low,14,63.15770272383274,144.866160362213,-81.70845763838021,18.757702723832754,36.420214416267044
0.1,5,low,17,103.30039682539682,214.87809131485596,-111.57769448945915,14.050396825396826,36.64836158512629
0.1,10,high,16,201.1625401069519,152.23043585423616,48.93210425271573,45.56254010695187,34.39710252090282
0.1,10,high,16,211.18615497076024,151.10866265881748,60.07749231194279,45.386154970760245,34.68974373989855
0.1,10,high,14,208.575,124.6984465589729,83.87655344102711,62.92499999999999,32.689437549963856
0.1,10,low,15,55.6946052631579,149.30086138762607,-93.6062561244682,19.794605263157894,37.70626679303151
0.1,5,low,17,119.96714285714286,206.46721096457952,-86.50006810743658,17.967142857142857,35.386129883498306
0.1,10,high,15,193.35999999999999,144.08300499747872,49.27699500252129,41.71,35.393815808289496
0.1,10,high,16,227.4005263157895,151.81842461842464,75.58210169736483,57.850526315789466,33.120226420226416
0.1,5,low,18,109.18706349206347,224.68140985838355,-115.49434636632004,14.937063492063492,37.5327612097349
0.1,10,low,15,69.3709090909091,154.45522839191563,-85.08431930100656,16.97090909090909,37.54081397750129
0.1,10,high,17,210.00453781512607,162.18029282174024,47.82424499338583,44.40453781512605,35.428040569487926
0.1,10,high,15,215.16785714285714,133.629862037215,81.53799510564218,59.51785714285713,33.33256473991768
0.1,10,high,17,220.31722222222226,157.16843102961522,63.14879119260698,44.51722222222222,32.64140400258821
0.1,5,low,18,125.2175,215.52892727892726,-90.31142727892734,17.2175,34.80820655820657
0.1,10,low,16,57.90621240601504,158.18828539826993,-100.28207299225488,19.006212406015038,37.76486197484648
0.1,10,high,17,235.91,161.12476068857643,74.78523931142348,56.36,33.147283211099
0.1,10,low,16,75.67602299016772,161.80873246240895,-86.13270947224117,17.27602299016773,36.24566939934588
0.1,10,high,16,209.1982051282051,149.74619772955694,59.45200739864816,46.548205128205126,33.21917070252983
0.1,10,high,18,218.9359064327485,169.798571417302,49.13733501544647,43.33590643274854,34.307580426311084
0.1,10,high,16,228.08,143.55681479543713,84.52318520456294,62.43000000000001,34.430688669310946
0.1,10,high,18,233.31233918128655,167.87039138323962,65.44194779804687,47.51233918128655,33.973994986843294
0.1,5,low,19,123.29650793650794,233.8581584395439,-110.5616505030359,13.046507936507933,37.52032060170604
0.1,5,low,19,128.24666666666667,224.2883571830941,-96.04169051642731,15.246666666666666,35.369438264175095
0.1,10,high,18,247.74163101604282,169.51287636426952,78.22875465177324,58.19163101604279,32.796660148053334
0.1,10,low,17,66.13460526315791,167.27837153560833,-101.14376627245042,22.234605263157896,37.30539856263542
0.1,10,low,17,82.17245098039216,169.7651901054378,-87.59273912504564,15.772450980392154,36.00392884417651
0.1,10,high,19,230.45923076923083,178.10861310981278,52.35061765941808,44.85923076923077,34.05906356026324
0.1,10,high,17,219.13295454545454,160.78320112166864,58.34975342378593,46.48295454545455,35.87779571626321
0.1,5,low,20,128.3453968253968,243.91503973195148,-115.56964290655469,12.095396825396824,38.388012704924456
0.1,10,low,0,0,0,0,0,0
0.1,10,high,17,235.21947368421056,151.29459056827474,83.92488311593581,59.56947368421053,33.609905883590095
0.1,10,high,19,240.4644534412956,176.57880894792666,63.885644493368915,44.66445344129554,34.484214353332
0.1,5,low,20,133.48115384615386,234.868905001258,-101.38775115510416,15.481153846153845,36.67070680305975
0.1,10,low,0,0,0,0,0,0
0.1,10,low,18,91.92918803418804,179.53111222426233,-87.60192419007426,19.529188034188035,37.03111222426238
0.1,10,low,18,67.1296052631579,175.74337578284948,-108.61377051969158,20.229605263157897,37.30193434140803
0.1,10,high,20,238.94997076023395,187.9567289647011,50.99324179553281,43.349970760233916,35.61889112686326
0.1,10,low,0,0,0,0,0,0
0.1,10,high,19,255.69333333333333,179.44258324467305,76.25075008866037,56.14333333333334,33.807448109537894
0.1,10,high,20,252.8472619047619,184.864990561972,67.98227134278991,47.0472619047619,34.031657228638664
0.1,15,high,0,0,0,0,0,0
0.1,10,high,18,230.45388888888888,168.34714333030894,62.10674555857997,47.80388888888888,34.16245864562428
0.1,10,high,18,244.03545454545457,160.38847993077866,83.64697461467583,58.38545454545456,34.05514659744536
0.1,10,low,1,62.418770001927896,131.36238655131845,-68.94361654939058,47.2687700019279,49.02454871348061
0.1,10,low,1,74.33535714285713,130.2663701847525,-55.93101304189534,54.23535714285714,49.090694509076876
0.1,10,low,1,69.70136437908496,130.0183881531405,-60.317023774055485,49.301364379084966,50.896766531518864
0.1,10,high,20,265.79644230769225,188.71453088426767,77.08191142342451,56.246442307692305,32.62894529868215
0.1,15,high,0,0,0,0,0,0
0.1,10,low,19,97.10629827688652,189.53703934524367,-92.43074106835715,16.706298276886514,37.307309615513944
0.1,10,low,19,73.65674812030075,185.94434881919406,-112.28760069889337,21.756748120300756,37.95335782820303
0.1,15,high,1,163.13031376518217,123.23302115380291,39.89729261137924,56.1803137651822,50.084372505154256
0.1,10,high,19,241.98423076923078,177.2798036835188,64.70442708571193,49.33423076923077,34.446470350185535
0.1,10,high,19,257.905,168.1730196138091,89.73198038619091,62.254999999999995,32.83067727146675
0.1,10,low,2,80.2418286099865,124.94470164207006,-44.70287303208356,65.0918286099865,42.60686380423222
0.1,10,low,2,61.164702380952384,122.6272565246249,-61.46255414367257,40.764702380952386,43.505634903003326
0.1,15,high,1,170.4055094905095,122.16122848986623,48.24428100064327,52.35550949050948,47.742309570947334
0.1,10,low,2,72.05897435897435,122.91622712373488,-50.85725276476059,51.95897435897435,41.7405514480592
0.1,10,low,20,75.69127192982457,193.1230328986907,-117.43176096886619,19.791271929824564,36.39330316896107
0.1,15,high,0,0,0,0,0,0
0.1,10,low,20,102.25025062656641,197.6762481038797,-95.42599747731322,14.850250626566412,36.34741927505086
0.1,15,high,0,0,0,0,0,0
0.1,15,high,2,162.89749999999998,114.40559813175913,48.491901868240845,55.947500000000005,41.25694948311047
0.1,10,high,20,254.50287157287158,186.725566759816,67.77730481305554,51.85287157287157,33.89223342648267
0.1,10,high,20,266.27875000000006,177.92041564885994,88.35833435114012,60.62874999999999,33.208703937148215
0.1,10,low,3,62.992083333333326,120.40309814520336,-57.41101481187013,47.842083333333335,38.06526030736558
0.1,15,low,0,0,0,0,0,0
0.1,15,high,0,0,0,0,0,0
0.1,10,low,3,56.884935064935064,118.81664615341083,-61.93171108847574,36.484935064935065,39.69502453178926
0.1,15,high,1,146.83788108949875,129.72844681734,17.10943427215875,50.38788108949874,50.40412249301566
0.1,15,high,2,184.93,115.3854507282139,69.54454927178605,66.88,40.966531809294956
0.1,15,high,1,161.7914766081871,126.56090324526859,35.23057336291852,54.091476608187136,50.91225459661991
0.1,10,low,3,58.30038461538462,119.96148598617644,-61.661101370791805,38.20038461538462,38.7858103105007
0.1,15,high,3,158.12065656565656,109.70110356066239,48.4195530049942,51.170656565656564,36.552454912013744
0.1,10,low,4,66.8112693498452,121.26835785879902,-54.4570885089538,51.66126934984519,38.93052002096119
0.1,15,low,1,74.5889943553179,124.79830085000367,-50.20930649468572,49.68899435531789,49.00100355270634
0.1,15,high,1,151.78414002664005,126.26676371939529,25.51737630724473,48.28414002664002,49.537033989665574
0.1,10,low,4,63.40752747252748,118.34510337130301,-54.93757589877559,43.00752747252747,39.22348174968144
0.1,15,high,2,142.64499999999998,121.9044016092004,20.740598390799576,46.19500000000001,42.58007728487603
0.1,15,high,3,179.305,110.14096879839917,69.16403120160084,61.254999999999995,35.72204987948021
0.1,15,high,2,156.27846153846153,117.29007382242675,38.988387716034765,48.57846153846154,41.64142517377812
0.1,10,low,4,74.02875,119.30504330109598,-45.27629330109592,53.92875,38.12936762542026
0.1,15,high,4,160.20688311688315,108.01359419714683,52.19328891973632,53.25688311688312,34.86494554849817
0.1,15,low,2,66.44994588744588,118.42415608371488,-51.97421019626903,41.54994588744589,42.62685878641761
0.1,10,low,5,61.67622733303849,119.74760358146582,-58.07137624842729,46.52622733303848,37.409765743627965
0.1,15,high,2,148.72787878787878,120.18719146826733,28.540687319611422,45.22787878787879,43.457461738537596
0.1,10,low,5,51.30309523809524,117.41946134446131,-66.11636610636606,30.90309523809524,38.297839722839726
0.1,15,high,3,144.12666666666667,115.45925268494928,28.667413981717402,47.67666666666668,36.13492836062495
0.1,15,high,5,158.71833333333333,108.46146027016768,50.256873063165656,51.76833333333334,35.31281162151906
0.1,15,high,4,179.87500000000003,108.64973749973747,71.22526250026252,61.825,34.23081858081858
0.1,15,high,3,156.9158012820513,112.16290711526774,44.752894166783534,49.21580128205129,36.51425846661916
0.1,10,low,5,37.12083333333333,118.48105497563708,-81.36022164230369,17.020833333333332,37.30537929996134
0.1,15,high,3,148.02555555555554,115.38175051925055,32.64380503630504,44.525555555555556,38.65202078952078
0.1,10,low,6,47.32401960784314,120.76829145064434,-73.44427184280127,32.174019607843135,38.430453612806545
0.1,15,low,3,54.378392857142856,116.23535207637377,-61.85695921923087,29.478392857142854,40.43805477907645
0.1,15,high,4,139.9693650793651,115.66794177529472,24.301423304070397,43.51936507936507,36.3436174509704
0.1,10,low,6,40.504379084967326,116.68233417134347,-76.17795508637614,20.104379084967317,37.56071254972184
0.1,10,low,6,62.02976190476191,118.09188658782314,-56.06212468306123,41.929761904761904,36.91621091214744
0.1,15,high,6,161.56733082706768,107.43327853846431,54.1340522886034,54.61733082706767,34.28462988981565
0.1,15,high,5,177.34833333333333,108.22080757579982,69.1275257575335,59.298333333333325,33.80188865688093
0.1,15,high,4,155.00416666666666,111.66849772058752,43.33566894607911,47.304166666666674,36.01984907193885
0.1,15,high,4,148.97707602339182,111.761302436612,37.215773586779804,45.47707602339181,35.031572706882315
0.1,15,low,4,46.657361111111115,114.42371534515499,-67.76635423404389,21.757361111111113,38.626418047857676
0.1,10,low,7,58.733547008547006,119.40900311682041,-60.67545610827344,43.58354700854701,37.07116527898262
0.1,10,low,7,34.418531321619554,116.36862676858809,-81.95009544696848,14.018531321619557,37.24700514696645
0.1,15,high,5,138.8437969924812,116.7967383239442,22.047058668536963,42.39379699248121,37.47241399961988
0.1,10,low,7,56.962801857585134,117.6141854391854,-60.6513835816003,36.86280185758514,36.43850976350978
0.1,15,high,7,171.685,106.97848236598237,64.70651763401767,64.73499999999999,33.82983371733373
0.1,15,high,6,177.73,108.35731205177801,69.37268794822197,59.67999999999999,33.93839313285908
0.1,15,high,5,156.22642857142858,109.71909403271634,46.50733453871223,48.526428571428575,34.070445384067675
0.1,15,high,5,152.70206766917295,110.63197285124528,42.070094817927654,49.20206766917293,33.90224312151556
0.1,10,low,8,49.29215811965812,119.5071861607465,-70.21502804108843,34.14215811965812,37.169348322908704
0.1,15,low,5,66.77416666666667,114.08272705408928,-47.30856038742259,41.87416666666667,38.28542975679199
0.1,10,low,8,53.43382352941177,116.92749514645799,-63.4936716170462,33.03382352941177,37.80587352483637
0.1,10,low,8,43.13250000000001,118.32222397222402,-75.18972397222392,23.0325,37.14654829654828
0.1,15,high,6,138.58277777777775,115.68066952625776,22.902108251520005,42.13277777777778,36.356345201933436
0.1,15,high,8,162.32410256410256,106.03985938316431,56.28424318093819,55.374102564102564,32.89121073451568
0.1,15,high,7,178.84,108.9345875534343,69.90541244656576,60.79,34.51566863451538
0.1,15,high,6,155.13238095238097,109.68119320325201,45.45118774912889,47.432380952380946,34.03254455460339
0.1,15,low,6,61.17583333333333,114.00595556624971,-52.83012223291638,36.27583333333333,38.208658268952384
0.1,15,high,6,156.62323529411765,109.97400707122071,46.64922822289695,53.12323529411765,33.24427734149096
0.1,10,low,9,49.48972222222223,120.56852040087327,-71.07879817865111,34.33972222222222,38.230682563035515
0.1,10,low,9,51.36684550743373,115.85994428749846,-64.4930987800648,30.966845507433742,36.738322665876844
0.1,15,high,7,137.89714349376115,115.73908113908114,22.158062354680027,41.447143493761146,36.41475681475681
0.1,10,low,9,53.45050239234449,117.54808244216142,-64.0975800498169,33.350502392344495,36.372406766485724
0.1,15,high,8,176.27500000000003,108.53878207082543,67.73621792917463,58.225,34.11986315190649
0.1,15,high,9,155.90599567099565,106.88461251127659,49.021383159719065,48.95599567099566,33.73596386262795
0.1,15,high,7,156.79375,110.7009556413968,46.09279435860313,49.09375,35.052306992748164
0.1,15,low,7,58.145423976608186,113.9413652574643,-55.795941280856155,33.24542397660819,38.14406796016704
0.1,15,high,7,156.96462184873948,110.69291371284407,46.27170813589542,53.4646218487395,33.96318398311432
0.1,10,low,10,44.8468137254902,119.6435460690491,-74.79673234355894,29.6968137254902,37.305708231211334
0.1,15,high,8,135.56867705694717,115.35364448835809,20.21503256858908,39.11867705694718,36.02932016403379
0.1,10,low,10,57.941472672064776,118.23522552168062,-60.293752849615856,37.841472672064775,37.059549846004955
0.1,10,low,10,58.266711518615544,114.96418972374853,-56.69747820513302,37.866711518615546,35.84256810212693
0.1,15,high,9,179.53000000000003,108.3216656671765,71.20833433282353,61.48,33.90274674825759
0.1,15,high,10,157.65309523809523,108.25612489923637,49.39697033885889,50.70309523809524,35.1074762505877
0.1,15,high,8,154.2898245614035,110.79017366478664,43.49965089661683,46.58982456140352,35.14152501613802
0.1,15,low,8,63.728290043290045,113.86819829660385,-50.13990825331382,38.82829004329004,38.07090099930658
0.1,10,low,11,48.777499999999996,120.24712898536427,-71.46962898536435,33.6275,37.90929114752646
0.1,15,high,8,155.50639705882355,110.33681332431331,45.16958373451024,52.00639705882353,33.6070835945836
0.1,15,high,9,141.06333333333333,114.37976821653297,26.68356511680038,44.613333333333344,35.0554438922086
0.1,10,low,11,47.68568181818182,117.8716740716741,-70.1859922534923,27.58568181818182,36.69599839599838
0.1,10,low,11,41.32418693793307,115.35107286136696,-74.02688592343387,20.924186937933065,36.229451239745366
0.1,15,high,11,154.9388095238095,107.1855373105373,47.75327221327218,47.98880952380953,34.036888661888646
0.1,15,high,10,169.46105263157898,108.36006181927235,61.10099081230662,51.411052631578954,33.94114290035343
0.1,15,high,9,155.4205555555556,110.61682981682982,44.80372573872579,47.72055555555555,34.96818116818117
0.1,15,low,9,61.83610516934046,112.50992575926787,-50.673820589927395,36.936105169340465,36.712628461970574
0.1,10,low,12,32.6375,127.58630427895132,-94.94880427895133,13.4875,36.779997972645035
0.1,15,high,9,147.94517801857586,109.94938279497104,37.995795223604844,44.44517801857585,33.2196530652413
0.1,10,low,12,40.066313407954276,124.62163219167864,-84.55531878372435,13.666313407954277,37.21172228176873
0.1,10,low,12,45.19512237762238,126.79928805586702,-81.60416567824468,20.095122377622374,36.88487364145258
0.1,15,high,10,135.523310994561,115.69087948499717,19.832431509563804,39.073310994561,36.366555160672796
0.1,15,high,11,176.3735714285714,108.10600684567406,68.26756458289739,58.32357142857143,33.68708792675509
0.1,15,high,12,157.75833333333335,107.63981625324502,50.118517080088324,50.80833333333334,34.4911676045964
0.1,15,high,10,153.95035947712418,109.99214607929777,43.9582133978264,46.25035947712418,34.34349743064913
0.1,15,low,10,64.84805322128852,113.02960194879701,-48.18154872750844,39.94805322128851,37.232304651499696
0.1,10,low,13,36.027499999999996,138.21226427046858,-102.18476427046863,12.877500000000001,38.126678684883025
0.1,15,high,11,141.33012820512823,114.81138052608638,26.51874767904188,44.8801282051282,35.487056201762094
0.1,15,high,10,154.83970588235297,110.5487621579727,44.29094372438034,51.33970588235294,33.81903242824296
0.1,10,low,13,43.1221052631579,134.6448194803458,-91.52271421718791,7.722105263157895,38.2259005614269
0.1,10,low,13,47.26145104895105,134.3706673127726,-87.10921626382154,17.161451048951047,35.71751415961942
0.1,15,high,12,181.2659090909091,108.3641290670703,72.90178002383885,63.215909090909086,33.94521014815132
0.1,15,high,13,158.315,106.10524920157272,52.20975079842724,51.364999999999995,32.95660055292409
0.1,15,high,11,153.88565476190476,109.59445630521486,44.29119845668991,46.18565476190476,33.94580765656615
0.1,15,low,11,62.34298245614036,112.64520589520588,-50.302223439065486,37.44298245614035,36.84790859790861
0.1,15,high,12,144.21166666666667,114.94573588706714,29.26593077959957,47.76166666666667,35.62141156274285
0.1,10,low,14,37.4275,146.59253669447162,-109.1650366944717,12.2775,37.76821237014737
0.1,15,high,11,158.84250000000003,110.44564753512118,48.39685246487886,55.342499999999994,33.7159178053915
0.1,10,low,14,47.384605263157894,142.68756105226697,-95.30295578910908,8.984605263157894,36.98936285406874
0.1,15,high,13,178.15214285714285,108.7032881282881,69.44885472885473,60.10214285714285,34.28436920936922
0.1,10,low,14,58.31102564102564,144.61042704463756,-86.2994014036119,19.21102564102564,37.48880542301595
0.1,15,high,14,158.95,107.02881579390868,51.92118420609131,52,33.880167145260025
0.1,15,high,12,155.72999999999996,109.20398440789307,46.526015592106845,48.029999999999994,33.55533575924442
0.1,15,high,13,136.64166666666668,112.26909514134746,24.372571525319245,40.19166666666666,32.94477081702314
0.1,10,low,15,40.97083333333333,154.65204350661008,-113.68121017327672,12.820833333333331,36.63852999309655
0.1,15,low,12,56.96869630369631,112.77781149096936,-55.80911518727306,32.068696303696306,36.98051419367209
0.1,15,high,12,148.52,109.41205385903531,39.10794614096473,45.019999999999996,32.68232412930555
0.1,10,low,15,61.512611336032386,153.1895429935291,-91.67693165749671,17.412611336032388,36.878732182718245
0.1,15,high,14,176.07684210526318,107.58446871542849,68.49237338983477,58.026842105263164,33.165549796509545
0.1,10,low,15,58.451867167919794,150.53584026478768,-92.08397309686788,10.051867167919799,36.09890332785069
0.1,15,high,15,154.27484848484846,107.14076045616294,47.1340880286855,47.32484848484849,33.99211180751428
0.1,15,high,13,153.02403766769868,108.90330957118888,44.12072809650981,45.324037667698654,33.254660922540175
0.1,10,low,16,43.2375,166.22751720805127,-122.99001720805124,13.0875,38.394183874717925
0.1,15,high,14,137.75357142857143,113.98539700892647,23.76817441964498,41.30357142857143,34.6610726846021
0.1,15,low,13,46.165,112.40938289320641,-66.24438289320645,21.265,36.61208559590913
0.1,10,low,16,72.39035256410256,162.74249618065411,-90.3521436165515,16.290352564102562,37.602856541014425
0.1,15,high,13,158.41644736842107,110.3720922401263,48.04435512829477,54.91644736842106,33.64236251039656
0.1,10,low,16,66.07603383458647,160.06420132155435,-93.9881674869678,8.676033834586466,36.61825537560832
0.1,15,high,15,173.69105263157894,107.95932458796236,65.7317280436166,55.641052631578965,33.54040566904344
0.1,15,high,16,151.55633173843702,106.4102082102082,45.14612352822883,44.60633173843699,33.26155956155957
0.1,15,high,14,154.81543417366947,109.78007914733921,45.03535502633022,47.115434173669456,34.131430498690555
0.1,10,low,17,47.924166666666665,174.1059935708156,-126.18182690414888,10.774166666666668,37.08347104829303
0.1,15,low,14,56.85634920634921,112.52788836418866,-55.671539157839405,31.956349206349206,36.73059106689139
0.1,10,low,17,78.04667832167831,171.42005533669624,-93.3733770150179,15.946678321678323,37.271406688047556
0.1,15,high,15,141.5213533834587,113.93213993213993,27.589213451318784,45.07135338345865,34.60781560781562
0.1,15,high,14,155.875,110.23288779411065,45.64211220588933,52.375,33.50315806438098
0.1,10,low,17,73.24503566608831,169.34097567329,-96.09594000720156,9.845035666088298,37.786921619235855
0.1,15,high,17,165.5774358974359,114.67855024348832,50.89888565394763,48.6274358974359,33.1515232164613
0.1,15,high,16,174.8061111111111,107.56747995672146,67.2386311543897,56.75611111111111,33.14856103780251
0.1,15,high,15,157.63222222222223,110.00265847785201,47.62956374437026,49.93222222222222,34.35400982920333
0.1,15,low,15,67.59508771929825,112.86921858465972,-45.27413086536147,42.69508771929825,37.071921287362485
0.1,15,high,16,145.48888888888888,113.08449625640029,32.404392632488594,49.038888888888884,33.760171932075956
0.1,10,low,18,62.32416666666668,183.21449148968492,-120.89032482301829,10.174166666666668,37.633410408603915
0.1,10,low,18,86.19023351648352,180.4996241555065,-94.30939063902298,18.090233516483515,36.62124577712814
0.1,15,high,15,152.9675,109.70485064896829,43.26264935103168,49.4675,32.97512091923856
0.1,10,low,18,80.15321637426901,177.19758647533416,-97.0443701010651,8.753216374269005,36.814703592451266
0.1,15,high,18,175.6192857142857,124.74841493425087,50.87087078003486,48.66928571428572,34.39255907839498
0.1,15,high,17,185.82,115.47822458329424,70.34177541670579,57.77,32.95119755626721
0.1,15,high,16,157.57214285714286,109.34036033842533,48.23178251871751,49.872142857142855,33.69171168977671
0.1,15,low,16,44.177857142857135,113.02228257506899,-68.84442543221186,19.277857142857144,37.224985277771644
0.1,10,low,19,68.19416666666666,191.74935150213787,-123.55518483547115,13.044166666666666,37.78989204267842
0.1,15,high,17,152.10833333333332,121.00983914536546,31.098494187967873,45.65833333333333,33.8476769832033
0.1,10,low,19,90.82037707390649,189.96174896020088,-99.14137188629456,17.720377073906484,37.16445166290369
0.1,10,low,19,85.67543859649123,186.53596877807408,-100.86053018158276,8.27543859649123,36.87380661591187
0.1,15,high,16,154.3592857142857,108.69832945556631,45.66095625871941,50.85928571428572,31.968599725836565
0.1,15,high,17,161.84205882352944,117.09283905754495,44.74921976598449,44.14205882352941,33.87662284132872
0.1,15,high,19,184.40833333333333,133.43070324517691,50.9776300881563,47.45833333333333,34.33610865058233
0.1,15,high,18,193.2742105263158,123.74762097482693,69.52658955148894,55.22421052631579,33.02239574960161
0.1,10,low,20,71.79083333333332,201.3461524670502,-129.55531913371698,11.640833333333333,38.37768399858183
0.1,15,low,0,0,0,0,0,0
0.1,10,low,20,93.75043859649124,195.6263615947827,-101.87592299829141,12.350438596491228,37.22546069388174
0.1,15,low,17,47.2347619047619,120.81534536929274,-73.58058346453086,13.334761904761908,37.00003005397741
0.1,15,low,0,0,0,0,0,0
0.1,15,high,18,161.6711111111111,129.06289636289637,32.60821474821478,45.22111111111112,33.88271618271619
0.1,10,low,20,95.38996336996337,199.61445690930978,-104.22449353934644,16.289963369963374,37.44779024264318
0.1,15,low,0,0,0,0,0,0
0.1,15,high,17,161.89733766233766,119.32285547378429,42.574482188553404,48.397337662337655,34.57510772603652
0.1,15,high,19,202.61666666666665,132.53720390709555,70.0794627595711,54.56666666666668,33.43360030349195
0.1,15,high,18,172.9395215311005,124.38673092767523,48.552790603425294,45.23952153110048,33.24258678353107
0.1,15,high,20,194.75,142.1547759613549,52.595224038645085,47.8,34.50162280820175
0.1,15,low,0,0,0,0,0,0
0.1,15,low,1,74.68289597657244,125.21599481433073,-50.53309883775832,52.932895976572446,50.44572454406047
0.1,15,low,18,54.31748120300752,130.33081884068727,-76.01333763767973,12.41748120300752,37.506494516362935
0.1,15,high,19,166.33499999999998,137.95428912677366,28.38071087322632,39.88499999999999,34.125460297944805
0.1,15,low,1,71.950929038282,129.23701862126788,-57.28608958298588,52.450929038281984,50.37215375640297
0.1,15,low,1,75.68785892212364,132.81855720667636,-57.13069828455275,49.437858922123624,49.305043693162915
0.1,15,high,18,172.44833333333332,127.16167391341543,45.286659419917925,48.94833333333332,34.39590814764962
0.1,15,high,20,216.36000000000004,140.52765235474214,75.83234764525795,58.31000000000002,33.04567037276017
0.1,20,high,0,0,0,0,0,0
0.1,15,high,19,187.1425,133.85621810621817,53.286281893781904,49.442499999999995,33.79315504315504
0.1,15,low,1,63.87877923976608,134.25734534747698,-70.37856610771087,50.37877923976608,50.824912915044514
0.1,15,low,2,59.85040616246498,116.33444954451147,-56.484043382046465,38.100406162464985,41.56417927424118
0.1,15,high,20,179.69590909090908,145.4651984434879,34.230710647421176,43.24590909090909,33.61835159664108
0.1,20,high,0,0,0,0,0,0
0.1,15,low,2,59.98551226551226,125.60221739780566,-65.61670513229339,33.73551226551226,42.08870388429211
0.1,15,low,2,46.18728070175438,121.56764081764088,-75.38036011588645,26.687280701754382,42.70277595277596
0.1,15,low,19,61.109761904761896,137.83822718822714,-76.72846528346533,10.209761904761903,36.81570466570466
0.1,15,high,19,183.06126984126985,134.94726527698666,48.114004564283164,49.56126984126984,32.90222023194159
0.1,20,high,1,162.89834903099995,120.22678680410881,42.67156222689118,49.94834903099995,49.74030031762231
0.1,15,low,2,49.97236111111111,126.42058711060258,-76.44822599949148,36.47236111111111,42.98815467817016
0.1,15,high,20,193.92543859649123,141.43633029817244,52.489108298318854,46.22543859649123,32.99488885673096
0.1,20,high,0,0,0,0,0,0
0.1,15,low,3,49.01028138528138,113.04763899028606,-64.03735760500467,27.260281385281388,38.27736872001579
0.1,15,low,3,56.350831624515834,122.64817510158072,-66.29734347706484,30.100831624515838,39.13466158806716
0.1,20,high,2,173.445,112.23393492871045,61.211065071289525,60.495000000000005,41.747448442223984
0.1,15,low,3,48.27833333333333,118.22642641520358,-69.94809308187021,28.77833333333333,39.36156155033863
0.1,15,low,20,75.14333333333333,146.9581196777017,-71.81478634436833,13.243333333333334,37.01667823626028
0.1,20,high,1,162.97391983016982,121.23953329452556,41.73438653564422,60.82391983016983,49.92872248371472
0.1,20,high,0,0,0,0,0,0
0.1,15,high,20,189.5436274509804,144.3489964909082,45.19463096007223,46.043627450980395,34.19584333775512
0.1,20,high,0,0,0,0,0,0
0.1,15,low,3,31.05777777777778,120.31445014753841,-89.25667236976065,17.55777777777778,36.88201771510597
0.1,20,high,1,154.8621611721612,122.81759919790106,32.04456197426016,47.312161172161176,48.96624784654969
0.1,15,low,4,67.4752380952381,112.66784874799576,-45.19261065275771,45.7252380952381,37.897578477725546
0.1,20,high,2,156.70666666666665,114.73614490348241,41.97052176318425,54.55666666666667,43.425334092671534
0.1,15,low,4,51.74277777777777,120.93989745042371,-69.19711967264595,25.492777777777782,37.42638393691026
0.1,20,high,1,165.8160180995475,122.72865462505555,43.08736347449192,50.46601809954751,50.32324921965013
0.1,20,high,3,172.86499999999998,106.5624623956667,66.30253760433332,59.915,36.075975909180244
0.1,15,low,4,37.81316239316239,115.9037324787325,-78.0905700855701,18.313162393162393,37.038867613867616
0.1,20,high,1,153.99494556913675,121.9719451395922,32.02300042954458,51.84494556913675,50.36383703148407
0.1,15,low,4,59.97285714285715,121.85382282661695,-61.88096568375978,46.472857142857144,38.42139039418449
0.1,20,high,2,159.0058241758242,114.69388422503748,44.31193995078671,51.45582417582417,40.842532873686125
0.1,20,high,3,152.92598684210526,109.22686772903486,43.69911911307038,50.77598684210527,37.91605691822411
0.1,15,low,5,58.11325566590271,111.69999938157834,-53.58674371567558,36.36325566590272,36.929729111308056
0.1,15,low,5,58.3564393939394,121.54406955656955,-63.1876301626301,32.1064393939394,38.03055604305603
0.1,15,low,5,56.20444444444445,116.54763694527627,-60.34319250083186,36.70444444444444,37.6827720804114
0.1,20,high,4,173.1257894736842,105.58492193825009,67.54086753543409,60.1757894736842,35.09843545176363
0.1,20,high,2,175.42000000000002,113.19602577911398,62.22397422088606,60.07000000000001,40.79062037370861
0.1,20,high,2,149.15844611528823,113.80704035282209,35.35140576246614,47.008446115288216,42.19893224471399
0.1,15,low,5,36.21113553113553,119.73449279238757,-83.52335726125199,22.711135531135533,36.3020603599551
0.1,20,high,3,160.54000000000002,109.05696513622215,51.48303486377789,52.99000000000001,35.205613784870735
0.1,20,high,4,163.12,106.46044038323448,56.659559616765506,60.970000000000006,35.149629572423684
0.1,15,low,6,41.62375891265597,112.38149551137167,-70.75773659871571,19.873758912655973,37.6112252411014
0.1,15,low,6,76.66396825396825,120.58599420406694,-43.92202595009876,50.41396825396826,37.07248069055345
0.1,20,high,5,169.51254385964913,104.71404977066743,64.79849408898174,56.562543859649125,34.227563284180945
0.1,15,low,6,45.06583333333334,115.78753631253629,-70.72170297920297,25.565833333333334,36.92267144767145
0.1,20,high,3,145.89322368421054,109.29855883892265,36.59466484528792,43.74322368421052,37.6904507308145
0.1,20,high,3,170.58772727272725,107.81829973594687,62.769427536780455,55.23772727272727,35.41289433054137
0.1,20,high,4,160.70999999999998,109.42792788454548,51.28207211545451,53.160000000000004,35.576576533194185
0.1,15,low,6,47.16583333333334,120.65459809801915,-73.48876476468584,33.66583333333334,37.22216566558672
0.1,20,high,5,161.16500000000002,105.70686136274377,55.45813863725628,59.014999999999986,34.396050551932895
0.1,15,low,7,41.37720588235294,111.0815901684323,-69.70438428607933,19.62720588235294,36.31131989816201
0.1,15,low,7,56.390454545454546,121.36073491723644,-64.9702803717819,30.14045454545455,37.84722140372294
0.1,20,high,4,154.60464646464646,106.68139443278764,47.92325203185881,52.45464646464647,35.0732863246795
0.1,20,high,6,173.86000000000004,104.6601860691257,69.19981393087429,60.90999999999999,34.17369958263922
0.1,15,low,7,55.426541353383456,115.58470806102387,-60.15816670764039,35.92654135338346,36.71984319615898
0.1,20,high,4,177.92894736842106,107.79717298293151,70.13177438548955,62.57894736842104,35.39176757752609
0.1,20,high,6,163.4079411764706,106.29667147093622,57.11126970553441,61.25794117647058,34.98586066012535
0.1,20,high,5,162.415,107.80762738556855,54.60737261443144,54.86499999999999,33.95627603421721
0.1,15,low,7,47.37861111111111,120.45203228438521,-73.07342117327408,33.87861111111111,37.0195998519528
0.1,15,low,8,64.89831002331002,110.02398919457747,-45.12567917126745,43.148310023310025,35.253718924307165
0.1,15,low,8,40.63944444444444,114.29576262207841,-73.65631817763398,21.139444444444447,35.43089775721355
0.1,15,low,8,53.87714285714286,120.85167551417557,-66.97453265703271,27.62714285714286,37.338162000662
0.1,20,high,5,148.2164705882353,105.93360140774998,42.28286918048531,46.0664705882353,34.325493299641906
0.1,20,high,7,174.69750000000002,103.43373019862962,71.26376980137042,61.7475,32.94724371214309
0.1,20,high,5,172.7613157894737,106.47267643885294,66.28863935062076,57.41131578947369,34.06727103344749
0.1,20,high,7,159.79833333333335,105.15679185679187,54.64154147654148,57.64833333333333,33.845981045981034
0.1,20,high,6,160.87375,106.90599884152512,53.96775115847487,53.32375,33.054647490173814
0.1,15,low,8,48.87444444444444,121.34860379206356,-72.47415934761909,35.37444444444444,37.91617135963112
0.1,15,low,9,51.910598290598294,111.0820628779994,-59.17146458740108,30.160598290598283,36.31179260772914
0.1,20,high,6,150.30946532999164,106.24715676031465,44.06230856967696,48.159465329991654,34.63904865220655
0.1,15,low,9,42.13301587301587,115.83071054321057,-73.69769467019469,22.63301587301587,36.965845678345666
0.1,20,high,8,169.37624999999997,102.52562343413732,66.85062656586264,56.426249999999996,32.03913694765089
0.1,15,low,9,51.8297619047619,120.75734156717128,-68.92757966240941,25.579761904761902,37.243828053657765
0.1,20,high,6,172.1275,106.40334773229512,65.72415226770488,56.77750000000001,33.997942326889685
0.1,20,high,8,162.59499999999997,104.73845636628143,57.85654363371847,60.44500000000001,33.42764555547064
0.1,20,high,7,162.27164473684212,108.56807432028022,53.70357041656192,54.72164473684211,34.71672296892884
0.1,15,low,9,49.380530303030305,121.1830872251925,-71.80255692216213,35.88053030303031,37.75065479276005
0.1,15,low,10,51.41198412698412,112.71320834478728,-61.30122421780315,29.661984126984123,37.94293807451702
0.1,15,low,10,60.434444444444445,115.84419895743426,-55.4097545129898,40.934444444444445,36.97933409256938
0.1,20,high,7,152.45214285714286,105.13298481166127,47.319158045481586,50.30214285714285,33.52487670355318
0.1,15,low,10,50.36079365079365,122.12909305811777,-71.76829940732414,24.11079365079365,38.61557954460432
0.1,20,high,9,175.71,103.53425558162402,72.17574441837603,62.75999999999999,33.047769095137504
0.1,20,high,7,171.305,107.19044021544015,64.11455978455982,55.955,34.78503481003482
0.1,20,high,8,159.71039682539683,107.43038318038315,52.28001364501367,52.16039682539683,33.579031829031834
0.1,20,high,9,155.07,104.8381593455123,50.23184065448774,52.92,33.527348534701474
0.1,15,low,10,35.42333333333333,120.42146658361833,-84.99813325028502,21.923333333333336,36.989034151185855
0.1,15,low,11,47.87416666666667,111.39615674813047,-63.52199008146374,26.124166666666667,36.62588647786016
0.1,15,low,11,54.165,114.91630798143956,-60.75130798143953,34.665,36.0514431165747
0.1,20,high,8,147.92960784313726,105.24896509501775,42.68064274811954,45.77960784313726,33.64085698690962
0.1,20,high,10,174.75,103.21267476414538,71.53732523585467,61.80000000000001,32.726188277658856
0.1,15,low,11,54.83416666666667,120.84430040943198,-66.01013374276536,28.584166666666665,37.33078689591848
0.1,20,high,8,168.00999999999996,107.22622994209684,60.783770057903126,52.65999999999999,34.820824536691404
0.1,20,high,9,161.35348484848484,107.66905342338778,53.68443142509702,53.80348484848486,33.81770207203642
0.1,15,low,11,45.15660256410256,120.37615394031808,-75.21955137621549,31.656602564102563,36.94372150788557
0.1,20,high,10,158.34045454545455,105.18821821542406,53.152236330030476,56.19045454545454,33.877407404613294
0.1,15,low,12,58.40833333333334,115.17983672163236,-56.771503388299074,38.90833333333333,36.31497185676753
0.1,15,low,12,62.01138888888888,110.32230322427691,-48.310914335388055,40.26138888888889,35.552032954006634
0.1,20,high,9,149.1226633986928,105.12417441682149,43.99848898187133,46.97266339869282,33.516066308713356
0.1,15,low,12,71.60025252525253,121.56672888863292,-49.96647636338038,45.35025252525253,38.053215375119386
0.1,20,high,10,160.26944444444445,107.65080845816142,52.61863598628305,52.71944444444445,33.79945710681004
0.1,20,high,11,173.74763157894736,104.32095350798912,69.42667807095822,60.79763157894737,33.834467021502626
0.1,20,high,9,169.97105263157897,106.42508077113338,63.54597186044559,54.621052631578934,34.01967536572799
0.1,20,high,11,157.66653846153844,105.78742145607465,51.87911700546371,55.51653846153846,34.476610645263904
0.1,15,low,12,45.138333333333335,121.20656564959972,-76.06823231626639,31.638333333333332,37.77413321716727
0.1,15,low,13,39.5429797979798,110.26131846131847,-70.71833866333867,17.7929797979798,35.49104819104819
0.1,15,low,13,43.68312865497076,115.189444308562,-71.50631565359122,24.183128654970762,36.32457944369708
0.1,20,high,10,148.4929411764706,104.73024755524759,43.76269362122301,46.34294117647059,33.122139447139446
0.1,15,low,13,55.88191086691086,121.43867277311551,-65.55676190620467,29.631910866910868,37.92515925960199
0.1,20,high,12,175.67499999999998,103.2944076069076,72.38059239309239,62.725,32.80792112042111
0.1,20,high,11,159.50096491228072,107.92909645088437,51.57186846139632,51.95096491228071,34.077745099533004
0.1,20,high,10,171.99111111111114,106.52685366292177,65.46425744818934,56.641111111111115,34.12144825751637
0.1,20,high,12,158.0660606060606,104.83431274681271,53.231747859247875,55.91606060606061,33.52350193600195
0.1,15,low,13,53.666666666666664,120.68240744711338,-67.01574078044672,40.16666666666667,37.249975014680885
0.1,15,low,14,52.18138888888889,111.19545459978892,-59.01406571090001,30.431388888888886,36.42518432951871
0.1,15,low,14,63.877619047619056,115.26287137200448,-51.385252324385455,44.37761904761905,36.39800650713964
0.1,20,high,11,150.6951787101787,106.03816636185059,44.65701234832807,48.54517871017871,34.43005825374248
0.1,20,high,12,161.99473684210528,107.55545246721715,54.439284374888075,54.44473684210526,33.70410111586582
0.1,15,low,14,51.83888888888889,120.93025538346748,-69.0913664945786,25.588888888888885,37.416741869953945
0.1,20,high,13,172.72500000000002,103.82867681795705,68.89632318204302,59.775,33.34219033147052
0.1,20,high,11,179.270873015873,106.15459876845327,73.11627424741977,63.920873015873006,33.74919336304785
0.1,15,low,15,47.45602564102563,115.63997028923498,-68.18394464820938,27.95602564102564,36.77510542437014
0.1,15,low,15,56.84983660130719,109.87037501669853,-53.02053841539136,35.09983660130719,35.100104746428265
0.1,20,high,13,156.6744117647059,105.81474992051618,50.859661844189745,54.52441176470588,34.50393910970536
0.1,15,low,14,63.24872549019608,119.62099617351164,-56.37227068331556,49.74872549019608,36.18856374107922
0.1,20,high,13,163.305,108.27970113175223,55.02529886824779,55.75500000000001,34.42834978040085
0.1,20,high,12,150.9633333333333,104.96594920553899,45.99738412779436,48.81333333333334,33.35784109743087
0.1,20,high,14,174.01,102.48147892621577,71.52852107378419,61.05999999999999,31.994992439729284
0.1,15,low,15,66.66545454545454,120.46817334251544,-53.80271879706093,40.415454545454544,36.95465982900194
0.1,20,high,12,172.945,106.00571900362922,66.93928099637084,57.595000000000006,33.60031359822381
0.1,20,high,14,163.0688888888889,104.68927153532411,58.37961735356467,60.91888888888889,33.37846072451337
0.1,15,low,16,65.83156135531135,114.9604706435589,-49.12890928824754,46.33156135531135,36.09560577869401
0.1,15,low,15,53.48443977591037,120.26586744415691,-66.78142766824655,39.98443977591036,36.83343501172448
0.1,15,low,16,48.022222222222226,111.3183663300923,-63.29614410787012,26.272222222222222,36.548096059822065
0.1,20,high,14,166.11764705882354,107.43687027897549,58.680776779848,58.567647058823525,33.5855189276242
0.1,20,high,15,172.03973684210527,103.79347260485034,68.24626423725493,59.08973684210527,33.30698611836383
0.1,20,high,13,147.55616830537883,104.42068578426938,43.135482521109424,45.406168305378834,32.81257767616126
0.1,20,high,13,170.82,104.84531009062744,65.97468990937251,55.470000000000006,32.43990468522202
0.1,15,low,16,42.928138528138525,120.52031600290114,-77.59217747476262,16.67813852813853,37.00680248938763
0.1,15,low,17,44.88221611721612,123.24981548182015,-78.367599364604,16.38221611721612,36.00657223857688
0.1,15,low,16,33.68697767145136,120.31947733712438,-86.63249966567307,20.186977671451356,36.887044904691976
0.1,15,low,17,44.52755414520121,119.65918708565766,-75.13163294045647,14.777554145201204,36.51053843700904
0.1,20,high,15,160.75088235294118,104.16902613230016,56.58185622064104,58.60088235294118,32.85821532148931
0.1,20,high,15,162.95571428571427,107.90088104956526,55.05483323614902,55.40571428571428,34.04952969821391
0.1,20,high,14,153.71478129713427,104.88253171279489,48.83224958433941,51.56478129713423,33.27442360468675
0.1,20,high,16,172.33,103.80475917178708,68.52524082821301,59.379999999999995,33.31827268530055
0.1,15,low,17,46.499047619047616,127.67629462420483,-81.17724700515724,14.24904761904762,35.33395228186251
0.1,15,low,18,53.446819291819295,131.5387863618127,-78.09196706999337,17.946819291819292,35.73698456001088
0.1,20,high,14,173.6616666666667,105.95361126255094,67.70805540411575,58.31166666666667,33.548205857145476
0.1,15,low,18,51.43949786324786,128.29704704279013,-76.85754917954225,15.689497863247862,36.950200195943225
0.1,15,low,17,30.807793522267207,129.66930502588394,-98.8615115036168,13.307793522267207,37.4981338547128
0.1,20,high,16,158.49583333333334,104.44262412056528,54.05320921276807,56.34583333333334,33.131813309754484
0.1,20,high,16,163.96166666666667,108.3569202120285,55.60474645463813,56.41166666666667,34.50556886067722
0.1,20,high,15,150.185,104.89425652219771,45.29074347780234,48.035,33.28614841408959
0.1,20,high,17,174.255,103.4425214256097,70.81247857439031,61.30499999999999,32.956034939123164
0.1,15,low,19,61.11143939393939,138.231011313906,-77.1195719199667,15.361439393939396,38.055335638230375
0.1,15,low,18,54.65404761904762,138.74601727628044,-84.0919696572328,14.40404761904762,37.48475601501917
0.1,15,low,19,58.08435897435898,141.50743515449403,-83.42307618013506,15.584358974358974,36.15608380314263
0.1,20,high,15,172.13000000000002,106.24199559853588,65.88800440146414,56.779999999999994,33.836590193130434
0.1,20,high,17,160.315,104.17698029880692,56.1380197011931,58.165,32.86616948799611
0.1,15,low,18,36.45833333333333,137.45553457093715,-100.9972012376037,10.958333333333332,36.725804841207314
0.1,20,high,17,162.3719230769231,107.84774327142745,54.52417980549562,54.82192307692308,33.996391920076135
0.1,20,high,16,148.4354024767802,105.1005726902786,43.33482978650164,46.285402476780185,33.49246458217046
0.1,20,high,18,171.7388888888889,102.54522194522195,69.19366694366695,58.78888888888888,32.05873545873546
0.1,15,low,20,72.215,150.9494204167579,-78.7344204167579,12.715,36.949420416757874
0.1,15,low,19,64.13349206349207,147.5767323267323,-83.44324026324017,17.883492063492064,38.027182777182766
0.1,20,low,0,0,0,0,0,0
0.1,20,high,18,155.77595693779904,104.23211807093385,51.54383886686517,53.625956937799046,32.92130726012305
0.1,20,high,16,167.06815789473683,105.79483487950985,61.27332301522702,51.71815789473685,33.389429474104396
0.1,15,low,20,68.08814574314574,145.60858200068728,-77.52043625754153,15.338145743145741,36.06353695564222
0.1,20,low,0,0,0,0,0,0
0.1,20,high,18,162.65578947368422,107.35880949042718,55.296979983257074,55.105789473684204,33.50745813907578
0.1,15,low,19,48.56952380952381,147.58690002954708,-99.01737622002327,16.069523809523808,37.938251380898436
0.1,20,high,19,172.23,102.28878329172446,69.94121670827549,59.28000000000001,31.802296805237994
0.1,20,low,1,73.62965230718714,139.1448488623411,-65.51519655515398,49.17965230718714,49.11782183531409
0.1,15,low,20,69.73857142857142,155.87916810505817,-86.14059667648684,17.48857142857143,36.41970864559874
0.1,20,low,0,0,0,0,0,0
0.1,20,low,1,68.93981143856145,127.57939038078351,-58.639578942222045,51.68981143856145,49.05236335375656
0.1,20,high,17,148.64880952380955,105.71806343056342,42.93074609324607,46.49880952380953,34.10995532245532
0.1,20,high,19,161.49388888888888,104.2833954934961,57.21049339539279,59.343888888888884,32.972584682685294
0.1,20,high,17,179.17000000000002,107.17225482039726,71.9977451796028,63.81999999999999,34.766849414991825
0.1,15,low,20,52.537619047619046,155.68860984302157,-103.15099079540258,13.037619047619046,37.030952185363965
0.1,20,low,0,0,0,0,0,0
0.1,20,high,19,163.5376923076923,107.38592498000392,56.151767327688376,55.98769230769231,33.53457362865258
0.1,20,low,2,62.11892156862746,131.82099337606306,-69.70207180743557,37.66892156862745,41.79396634903602
0.1,20,high,20,174.00833333333333,102.34332527633607,71.66500805699722,61.05833333333335,31.856838789849625
0.1,20,high,18,149.08333333333334,104.62417096101306,44.45916237232028,46.93333333333334,33.01606285290496
0.1,20,low,0,0,0,0,0,0
0.1,20,high,20,158.2505263157895,102.69673808040682,55.55378823538268,56.10052631578948,31.385927269596
0.3,0,high,0,0,0,0,0,0
0.1,20,low,2,56.83578088578088,122.2606391295633,-65.4248582437824,39.58578088578089,43.733612102536256
0.1,20,low,1,69.51979395604397,136.06043765888964,-66.5406437028457,51.06979395604395,49.85773495618697
0.1,20,high,18,171.75,105.87645161395166,65.8735483860484,56.4,33.4710462085462
0.1,20,low,1,75.66172619047619,132.57436152857983,-56.91263533810367,52.4117261904762,50.06084801506628
0.1,20,high,20,157.67000000000002,107.39604544604546,50.27395455395457,50.12,33.5446940946941
0.3,0,high,0,0,0,0,0,0
0.1,20,low,3,55.16722222222222,129.1923692956588,-74.02514707343656,30.717222222222222,39.165342268631726
0.1,20,high,19,152.04055555555556,106.1179636654095,45.92259189014612,49.89055555555556,34.50985555730137
0.1,20,low,1,74.10287074037073,132.92718417192103,-58.824313431550294,56.10287074037073,51.224481469218325
0.1,20,low,3,48.60826923076924,118.06229156488442,-69.45402233411518,31.35826923076923,39.53526453785743
0.1,20,low,2,63.20112554112554,128.65788884337647,-65.45676330225089,44.751125541125546,42.45518614067378
0.3,0,high,1,157.7110896112831,121.4112165592429,36.2998730520402,55.41108961128312,50.370676018702326
0.1,20,high,19,173.805,105.76076601258487,68.04423398741511,58.455,33.35536060717949
0.1,20,low,2,85.53741883116884,125.79249140278552,-40.25507257161668,62.28741883116883,43.278977889272014
0.1,20,low,4,80.5902380952381,127.41827166405335,-46.828033568815286,56.140238095238104,37.39124463702636
0.3,0,high,1,156.23517094017092,126.11505792883509,30.12011301133586,55.73517094017094,50.196139009916095
0.1,20,high,20,146.40380116959062,104.25030393637203,42.15349723321857,44.253801169590645,32.642195828263944
0.1,20,low,3,60.3310606060606,126.27330173409892,-65.9422411280383,41.8810606060606,40.07059903139625
0.1,20,low,2,67.51345238095239,125.78695452577031,-58.27350214481791,49.51345238095239,44.08425182306762
0.3,0,high,0,0,0,0,0,0
0.1,20,low,4,47.5175,116.40239337541969,-68.88489337541971,30.267500000000002,37.87536634839265
0.3,0,high,2,162.32026315789471,120.60787778210377,41.71238537579089,50.02026315789474,41.549319223545226
0.1,20,low,3,54.15898838004101,120.4876155464391,-66.32862716639805,30.908988380041013,37.97410203292556
0.1,20,high,20,172.85384615384618,106.50818035427166,66.34566579957448,57.50384615384617,34.102774948866276
0.3,0,high,0,0,0,0,0,0
0.1,20,low,5,73.03104010025064,128.5333388267212,-55.5022987264706,48.581040100250625,38.50631179969417
0.3,0,high,2,164.6927777777778,124.70593948182967,39.98683829594823,54.19277777777777,40.678912454802536
0.1,20,low,3,67.11345238095237,121.99890885274016,-54.88545647178775,49.113452380952374,40.2962061500374
0.1,20,low,4,52.20333333333333,124.5678184061698,-72.36448507283643,33.75333333333333,38.3651157034671
0.3,0,high,1,177.2961736058059,121.96378250639081,55.33239109941505,53.54617360580596,49.78810683071519
0.1,20,low,5,40.454345238095236,115.43476909924279,-74.98042386114753,23.204345238095236,36.90774207221575
0.3,0,high,3,168.13666666666666,126.18244587462851,41.95422079203814,45.83666666666666,37.574337766520436
0.1,20,low,4,74.2583116883117,121.40678158224598,-47.148469893934305,51.00831168831168,38.893268068732475
0.1,20,low,6,49.539824561403506,127.24868272739793,-77.70885816599439,25.08982456140351,37.22165570037086
0.3,0,high,1,157.01903403227317,129.13500901465298,27.884025017620132,54.41903403227319,50.22960360924757
0.3,0,high,3,171.6966666666667,129.62427128034713,42.072395386319556,51.19666666666667,36.678325334401194
0.1,20,low,5,45.281666666666666,124.2757797316621,-78.99411306499545,26.831666666666667,38.07307702895939
0.1,20,low,4,46.97523809523809,120.89062715312716,-73.91538905788909,28.97523809523809,39.18792445042446
0.3,0,high,2,201.9,118.53269193636841,83.36730806363157,68.15,38.15881806249453
0.1,20,low,6,44.986785714285716,115.6254030872452,-70.63861737295946,27.736785714285713,37.098376060218165
0.3,0,high,4,172.5723611111111,134.0179673607305,38.55439375038057,40.27236111111112,36.04048988325304
0.1,20,low,7,55.723157894736836,127.41135599057421,-71.68819809583738,31.27315789473684,37.38432896354725
0.1,20,low,5,62.58545454545456,119.66628573002409,-57.08083118456954,39.335454545454546,37.15277221651061
0.3,0,high,4,180.2214472455649,138.50412464653954,41.71732259902535,49.721447245564896,36.819439961854805
0.3,0,high,2,160.54500000000002,130.76753617895255,29.777463821047377,47.94500000000001,44.11438302579945
0.1,20,low,6,50.05614035087719,123.13499840930182,-73.07885805842463,31.606140350877194,36.932295706599106
0.1,20,low,5,63.60746031746032,119.36762841836372,-55.76016810090336,45.60746031746031,37.664925715661006
0.3,0,high,3,213.1775,125.21969469272098,87.95780530727905,69.4275,35.11609108911741
0.1,20,low,7,38.465439560439556,116.17624614664086,-77.71080658620124,21.215439560439556,37.64921911961385
0.3,0,high,5,189.14076923076922,142.41268087150442,46.72808835926483,46.84076923076923,35.06583402465754
0.1,20,low,8,81.66166666666666,127.01591591591587,-45.354249249249264,57.211666666666666,36.98888888888889
0.1,20,low,6,46.12497835497835,119.02307202160142,-72.8980936666231,22.874978354978357,36.50955850808792
0.3,0,high,5,190.35642857142858,147.66281126954502,42.693617301883506,49.85642857142857,36.33848694522068
0.3,0,high,3,165.80055555555555,134.40625028821623,31.39430526733932,43.20055555555555,38.65399803596397
0.1,20,low,6,58.45193277310925,118.58348980934119,-60.13155703623194,40.45193277310925,36.88078710663851
0.1,20,low,7,42.982121212121214,123.02198241486165,-80.03986120274047,24.53212121212121,36.81927971215896
0.3,0,high,4,219.8059523809524,132.40571146623782,87.40024091471466,66.05595238095238,33.65345921398553
0.1,20,low,8,50.14828947368421,115.85288751821261,-65.70459804452844,32.898289473684216,37.325860491185566
0.3,0,high,6,197.47548076923076,151.8822409153291,45.59323985390165,45.175480769230774,35.616475149563385
0.1,20,low,9,54.17303571428571,127.18587123293011,-73.01283551864435,29.72303571428572,37.158844205903016
0.1,20,low,7,53.680411255411265,119.51201236568885,-65.8316011102776,30.430411255411258,36.99849885217532
0.3,0,high,6,200.28125,154.39204255980565,45.88920744019427,49.78125,35.139790307553476
0.1,20,low,8,61.285476190476196,122.94494808318336,-61.659471892707195,42.83547619047619,36.742245380480675
0.1,20,low,7,58.38666666666667,117.97718476689062,-59.590518100223974,40.38666666666667,36.27448206418795
0.3,0,high,4,180.6889285714286,143.55819021949048,37.13073835193808,48.08892857142856,37.89602805732838
0.3,0,high,5,233.24479797979797,142.56468775818624,90.6801102216117,69.49479797979798,34.89351658701504
0.1,20,low,9,42.84640350877193,113.74524022832843,-70.89883671955651,25.596403508771928,35.218213201301445
0.3,0,high,7,202.1281168831169,160.07174273656472,42.056374146552116,39.82811688311688,35.33750850233048
0.1,20,low,10,49.24035714285714,127.12106387508868,-77.88070673223154,24.790357142857143,37.09403684806162
0.3,0,high,7,211.78215686274507,163.35132111173144,48.430835751013774,51.28215686274509,36.08105084146107
0.1,20,low,8,43.20793650793651,119.94017856959032,-76.73224206165379,19.95793650793651,37.42666505607682
0.1,20,low,8,35.3190675990676,118.36286229091952,-83.04379469185199,17.3190675990676,36.66015958821688
0.1,20,low,9,69.84,122.3106881418801,-52.47068814188009,51.39,36.107985439177384
0.3,0,high,6,242.70979797979794,150.2854385229385,92.4243594568594,68.95979797979798,33.60525834275835
0.1,20,low,10,42.67498538011696,115.77356247247887,-73.0985770923619,25.424985380116958,37.246535445451855
0.3,0,high,5,190.0875,150.37239638590256,39.71510361409739,48.48750000000001,36.42194593545214
0.3,0,high,8,215.62000000000003,167.68415159371045,47.93584840628964,43.32000000000001,34.661629071187896
0.1,20,low,11,70.99083333333333,127.13648324383622,-56.14564991050288,46.54083333333333,37.10945621680916
0.3,0,high,8,223.34727272727272,172.6853229859809,50.661949741291835,52.84727272727273,36.58622388688177
0.1,20,low,9,81.39761904761905,119.74170375091427,-38.34408470329525,58.147619047619045,37.22819023740077
0.1,20,low,10,61.98621212121211,121.92399259152356,-59.93778047031146,43.53621212121213,35.72128988882085
0.1,20,low,9,53.72222222222223,118.47998069406736,-64.75775847184507,35.72222222222222,36.77727799136468
0.3,0,high,7,251.16789473684213,157.73330645238536,93.43458828445671,67.4178947368421,32.49456771364667
0.3,0,high,6,197.5319298245614,158.24323570639362,39.288694118167825,46.93192982456141,35.37386633702423
0.1,20,low,11,60.14714285714285,114.9772130455567,-54.830070188413785,42.89714285714285,36.450186018529685
0.3,0,high,9,225.73038461538462,176.64483079556607,49.08555381981856,43.43038461538462,34.703389354124646
0.1,20,low,12,70.79706349206349,128.1547883393085,-57.35772484724505,46.34706349206349,38.12776131228143
0.3,0,high,9,229.18,180.23019051486534,48.94980948513464,48.67999999999999,35.66262294729787
0.1,20,low,10,44.618529411764705,118.95674557145146,-74.33821615968677,21.368529411764705,36.44323205793795
0.1,20,low,10,62.67032467532467,117.54762178972707,-54.877297114402346,44.67032467532467,35.84491908702435
0.3,0,high,7,205.85642857142858,167.2602792782746,38.5961492931539,43.25642857142857,35.742261260256626
0.1,20,low,11,57.12166666666667,123.35375163285379,-66.23208496618714,38.67166666666667,37.1510489301511
0.3,0,high,8,261.3194444444444,165.9228956532749,95.39654879116947,67.56944444444444,32.57604880642807
0.1,20,low,12,35.15084795321637,115.12672505544025,-79.97587710222382,17.900847953216374,36.5996980284132
0.3,0,high,10,234.61259920634922,185.43470942220935,49.17788978413972,42.312599206349205,34.12389861139862
0.1,20,low,13,67.13740896358543,126.62870240873339,-59.49129344514793,42.68740896358543,36.60167538170634
0.1,20,low,11,60.80166666666666,119.1939982969395,-58.39233163027279,37.55166666666666,36.68048478342594
0.3,0,high,10,246.10499999999996,189.69879268350635,56.40620731649369,55.605000000000004,36.48257646729009
0.1,20,low,11,53.09272727272727,118.12499317499315,-65.03226590226592,35.092727272727274,36.42229047229048
0.1,20,low,12,46.1664705882353,122.0753827602125,-75.9089121719772,27.716470588235296,35.87268005750977
0.3,0,high,8,216.85722222222225,175.0441865712764,41.813035650945835,44.25722222222222,35.14779017487996
0.3,0,high,9,270.94,176.70933358959684,94.23066641040316,67.19,33.45257683283998
0.1,20,low,13,53.05499999999999,114.92022301755281,-61.86522301755278,35.805,36.393195990525705
0.3,0,high,11,246.37970588235294,195.63960849881897,50.740097383533964,44.07970588235295,34.5990679582785
0.1,20,low,12,51.04380952380952,117.89869032771512,-66.85488080390553,27.79380952380952,35.385176814201586
0.1,20,low,14,55.76572434101845,126.79363155980802,-71.02790721878955,31.31572434101846,36.76660453278101
0.3,0,high,11,249.25120300751882,197.03477163635839,52.21643137116041,48.75120300751879,35.62035722194389
0.1,20,low,12,62.41166666666667,119.29688390377248,-56.8852172371057,44.41166666666667,37.59418120106976
0.1,20,low,13,63.13179487179487,121.4752003717561,-58.343405499961264,44.68179487179487,35.2724976690534
0.3,0,high,9,224.19583333333335,185.2590498567278,38.93678347660543,42.59583333333333,35.542833640511674
0.3,0,high,10,281.8635714285714,184.20518815665872,97.65838327191258,68.11357142857143,33.02050347197406
0.3,0,high,12,256.0697727272727,205.33046747760372,50.73930524966906,43.76977272727272,36.00163864877487
0.1,20,low,14,51.10205366357069,115.31243770508476,-64.21038404151406,33.852053663570686,36.785410678057744
0.1,20,low,13,64.63952380952381,119.82644676661702,-55.186922957093245,41.38952380952381,37.31293325310354
0.1,20,low,15,50.51191176470588,127.56683485990759,-77.0549230952017,26.061911764705883,37.539807832880584
0.3,0,high,12,260.4675,205.43607910550637,55.03142089449361,49.9675,35.463106132533376
0.1,20,low,13,49.72724386724387,119.06895655866239,-69.34171269141858,31.727243867243867,37.36625385595975
0.1,20,low,14,51.339999999999996,121.68058787064204,-70.34058787064205,32.89,35.477885167939355
0.3,0,high,10,231.15078263841423,195.26044433149704,35.8903383069173,38.550782638414205,35.63431820537084
0.3,0,high,11,291.4479144385026,195.1943047729813,96.25360966552137,67.69791443850268,34.189800268476745
0.1,20,low,15,52.00343837535014,115.22559416901518,-63.22215579366508,34.75343837535014,36.69856714198819
0.3,0,high,13,268.32956140350876,215.25467471628465,53.07488668722411,46.029561403508765,37.00692696853689
0.1,20,low,16,49.8525,127.13827969880603,-77.28577969880607,25.4025,37.11125267177898
0.1,20,low,14,58.012994987468666,119.69775952790664,-61.684764540437946,34.762994987468666,37.18424601439308
0.3,0,high,13,270.29131578947374,213.736095878201,56.55521991127256,49.79131578947369,35.65501479712006
0.1,20,low,14,65.32214285714285,117.07679358724248,-51.75465073009967,47.32214285714285,35.37409088453981
0.3,0,high,11,249.38500000000005,204.35449863278805,45.03050136721194,46.785000000000004,36.079723858013324
0.1,20,low,16,57.85875939849624,116.32450692648062,-58.465747527984384,40.60875939849625,37.79747989945357
0.1,20,low,15,54.82333333333334,122.17923625237866,-67.35590291904533,36.373333333333335,35.97653354967596
0.3,0,high,12,299.57441176470587,201.97512294369884,97.59928882100715,65.82441176470587,32.50214997072582
0.3,0,high,14,278.6025,221.03804273804275,57.5644572619573,46.30250000000001,34.23173643173643
0.1,20,low,15,56.032361560008624,118.97609259521028,-62.94373103520164,32.782361560008624,36.46257908169672
0.1,20,low,17,55.535000000000004,126.41846949346946,-70.88346949346953,31.085,36.39144246644246
0.3,0,high,14,282.54333333333335,222.4247699009696,60.11856343236383,52.04333333333333,36.41576089196061
0.1,20,low,15,53.246547619047625,118.13783161283155,-64.89128399378393,35.246547619047625,36.43512891012892
0.3,0,high,12,254.1579185520362,212.61498478998485,41.542933762051405,41.5579185520362,35.78165145665144
0.1,20,low,16,41.85785714285714,122.56730391111195,-80.70944676825486,23.407857142857143,36.364601208409255
0.1,20,low,17,50.89558479532164,115.49923644393455,-64.60365164861291,33.64558479532164,36.97220941690756
0.3,0,high,13,313.365,210.7233910733911,102.64160892660894,69.61500000000001,32.60176945176945
0.3,0,high,15,285.31166666666667,230.2936548627338,55.018011803932865,43.01166666666667,35.01888008795903
0.1,20,low,16,48.92633758398465,120.1858936245159,-71.2595560405313,25.67633758398464,37.6723801110024
0.1,20,low,18,69.72585434173669,127.11938406543669,-57.39352972370004,45.27585434173669,37.09235703840967
0.3,0,high,15,288.030808080808,229.91813092142047,58.11267715938766,47.53080808080808,35.4406534439429
0.1,20,low,16,55.6006746031746,118.36072062221444,-62.76004601903981,37.600674603174596,36.658017919511735
0.1,20,low,17,54.77888585099112,122.28105893578027,-67.50217308478915,36.328885850991114,36.0783562330776
0.1,20,low,18,40.94680097680098,116.37003687793155,-75.42323590113065,23.696800976800976,37.84300985090458
0.3,0,high,13,265.6057692307692,220.20439338461784,45.40137584615141,43.005769230769225,34.27196095218542
0.3,0,high,14,317.94,219.04685431229555,98.89314568770456,64.19000000000001,32.36667413211531
0.3,0,high,16,299.64517027863775,239.68952870725315,59.955641571384575,47.345170278637774,35.58592510364956
0.3,0,high,16,300.5146703296703,238.47615597878757,62.038514350882764,50.014670329670324,34.98966949230108
0.1,20,low,17,62.00476190476191,119.38202299189146,-57.37726108712948,38.75476190476191,36.868509478377895
0.1,20,low,19,77.61361990950226,126.66491412226705,-49.051294212764844,53.163619909502266,36.63788709524004
0.1,20,low,17,56.874523809523815,118.42654778831255,-61.552023978788675,38.87452380952381,36.72384508560979
0.1,20,low,18,61.98226273726274,123.04308556293853,-61.06082282567579,43.53226273726274,36.84038286023579
0.1,20,low,19,56.82051282051282,115.16926737716214,-58.348754556649325,39.57051282051283,36.642240350135076
0.3,0,high,14,274.2395098039216,229.98816102701548,44.25134877690596,41.63950980392156,34.686359225213714
0.3,0,high,15,328.72457983193283,226.8659698563724,101.85860997556043,64.97457983193279,32.07768156808404
0.3,0,high,17,306.1724812030075,249.6766611974042,56.49582000560329,43.872481203007524,33.86134588208892
0.1,20,low,18,53.11316391941392,119.42616385263439,-66.31299993322048,29.86316391941392,36.91265033912094
0.3,0,high,17,308.0538235294117,246.5802843880631,61.47353914134871,47.55382352941176,35.07577988355852
0.1,20,low,20,57.519444444444446,127.02628887833998,-69.50684443389552,33.06944444444444,36.99926185131293
0.3,0,high,0,0,0,0,0,0
0.1,20,low,18,51.435751633986925,118.86788401637467,-67.43213238238778,33.435751633986925,37.165181313672036
0.1,20,low,19,60.184210526315795,122.53186195632014,-62.34765143000432,41.73421052631579,36.32915925361746
0.1,20,low,20,42.61358974358974,115.09832663780033,-72.48473689421056,25.363589743589742,36.571299610773295
0.3,0,low,0,0,0,0,0,0
0.3,0,high,16,341.98602564102566,236.08671184301986,105.89931379800575,68.23602564102563,32.64977490608296
0.3,0,high,15,285.0233333333333,239.4910834112072,45.53224992212611,42.42333333333333,35.720813140936976
0.3,0,high,18,312.40078431372547,260.38874187295244,52.01204244077303,40.10078431372548,35.11396709817763
0.1,20,low,19,77.30650793650793,120.69845620441589,-43.39194826790805,54.056507936507934,38.18494269090247
0.3,0,high,18,319.2166911764706,256.8520437450003,62.364647431470246,48.71669117647059,35.79798969094635
0.3,0,high,1,156.94096320346324,111.13755307095097,45.8034101325123,51.64096320346321,49.38079631419414
0.1,20,low,19,34.506407563025206,118.22639754203216,-83.71998997900697,16.50640756302521,36.523694839329536
0.1,20,low,20,54.03671052631579,122.74308176359258,-68.70637123727683,35.58671052631579,36.54037906088988
0.3,0,low,0,0,0,0,0,0
0.3,0,low,1,64.78769230769231,130.83701900791684,-66.0493267002245,46.487692307692306,48.63431630521414
0.3,0,high,17,352.19500000000005,245.83234876477906,106.36265123522088,68.44500000000001,32.57559200802235
0.3,0,high,19,323.455,268.0433349433349,55.41166505666513,41.15499999999999,34.57036197036195
0.3,0,high,16,297.745,249.17973127895732,48.56526872104277,45.144999999999996,34.5986501978762
0.1,20,low,20,65.83690476190478,119.10735223432589,-53.270447472421154,42.58690476190476,36.593838720812414
0.3,0,low,0,0,0,0,0,0
0.3,0,high,19,333.31500000000005,267.49047828235126,65.82452171764874,52.815,33.913901705774784
0.3,0,low,1,75.63470695970696,128.42556746120982,-52.79086050150289,56.584706959706956,50.57421610985853
0.3,0,high,2,170.255,110.57428112354582,59.68071887645421,54.955000000000005,40.709416258680946
0.1,20,low,20,60.22783613445379,118.91830763870234,-58.690471504248585,42.22783613445378,37.21560493599967
0.3,0,low,0,0,0,0,0,0
0.3,0,low,2,52.34741591741592,134.4021064058216,-82.05469048840564,29.04741591741591,43.64084514456033
0.3,0,high,18,359.1914912280703,254.4865680475588,104.70492318051154,65.44149122807019,32.76134282233353
0.3,0,high,20,336.1275,277.83275998144404,58.294740018555956,43.8275,34.81023745892167
0.3,0,low,0,0,0,0,0,0
0.3,0,high,17,305.6861904761905,259.0728463471884,46.61334412900203,43.08619047619048,34.401675176017285
0.3,0,low,1,79.21204517704518,131.2758729121732,-52.06382773512803,55.66204517704519,48.61371075001105
0.3,0,high,20,341.18500000000006,276.08725865502174,65.09774134497832,50.685,34.582754150517296
0.3,5,high,0,0,0,0,0,0
0.3,0,low,2,54.290952380952376,129.57255025006572,-75.28159786911334,28.240952380952375,43.342820520336005
0.3,0,high,3,178.875,114.9900081979029,63.88499180209703,53.575,35.75577396366871
0.3,0,low,1,77.23523180122251,129.9624475567587,-52.727215755536236,56.535231801222515,50.840825935137076
0.3,0,low,3,55.76454545454546,141.79106794466705,-86.0265224901215,26.46454545454545,41.750527404126466
0.3,0,high,19,371.90749999999997,262.57675173263414,109.33074826736595,68.1575,32.56323821912056
0.3,0,low,1,77.00885225541573,129.52639238827317,-52.517540132857434,57.20885225541573,50.310176172057005
0.3,5,high,1,160.14040614356404,114.89400136489915,45.24640477866487,50.34040614356404,50.610217581115386
0.3,0,low,3,51.96160130718954,135.31768159794478,-83.35608029075524,16.911601307189546,39.62849240875558
0.3,0,high,18,317.94571428571425,267.8696640762431,50.07605020947125,46.34571428571427,34.5498442564232
0.3,0,low,2,68.9401221001221,134.94046777831605,-66.00034567819401,42.3901221001221,43.359386697234996
0.3,0,high,4,187.97222222222223,123.07367136775031,64.89855085447196,52.67222222222222,33.92952722360617
0.3,0,low,2,52.791042510121464,129.68643855996797,-76.89539604984645,25.09104251012146,41.82607819960761
0.3,0,low,4,59.28238095238096,150.7005331942639,-91.41815224188291,25.982380952380957,41.921253914984575
0.3,0,high,20,381.5664285714286,270.7138289982717,110.85259957315691,67.81642857142856,32.77238755683028
0.3,5,high,0,0,0,0,0,0
0.3,0,low,2,64.47578035999089,132.13658220310697,-67.66080184311605,41.67578035999089,44.54198760851237
0.3,5,high,2,177.61954420364634,103.751143762328,73.86840044131834,67.81954420364636,39.46735997854418
0.3,0,low,4,57.385294117647064,143.56757137403426,-86.1822772563872,17.33529411764706,38.95946326592609
0.3,0,low,3,64.32319902319902,138.91050527629474,-74.58730625309572,31.773199023199027,37.59969446548396
0.3,0,high,5,199.13,131.9721727208569,67.15782727914305,53.83,33.00820875689298
0.3,0,high,19,327.46722222222223,277.9411710891974,49.526051133024794,44.867222222222225,35.071801719828045
0.3,0,low,5,61.03664642375168,158.46190662587722,-97.42526020212554,22.736646423751687,41.03397869794928
0.3,0,low,3,47.62560606060605,136.91071984090559,-89.28511378029953,10.92560606060606,39.23053966072541
0.3,0,low,3,54.14228753702438,138.21702581180136,-84.07473827477696,23.34228753702438,40.71252130729685
0.3,5,high,1,169.16273372826004,124.23370477960263,44.929028948657404,57.86273372826005,49.23370477960261
0.3,0,low,5,58.11742424242425,151.82709424756646,-93.70967000514213,12.067424242424243,38.48024740071951
0.3,5,high,3,181.6573529411765,98.0560566229684,83.60129631820813,71.85735294117646,33.7722728391846
0.3,0,low,4,65.31605616605617,149.08659289011456,-83.77053672405833,27.766056166056167,38.40641270993439
0.3,0,high,6,212.775,141.57689563018513,71.19810436981493,57.475,33.96428301757249
0.3,0,high,20,336.000701754386,286.0808400903215,49.91986166406457,43.40070175438596,35.01327252275395
0.3,5,high,0,0,0,0,0,0
0.3,0,low,6,65.91666666666667,167.6617187864866,-101.74505211981985,23.616666666666667,41.58514220991002
0.3,0,low,4,53.30250000000001,145.73634829555883,-92.43384829555882,11.602500000000001,39.047159106369634
0.3,0,low,6,64.17193779904305,160.18323214499685,-96.0112943459538,14.121937799043062,38.36791682968154
0.3,0,low,4,56.64704944178628,146.14325078191175,-89.49620134012547,22.847049441786286,39.62973726839828
0.3,5,high,2,167.5072514619883,116.20260512296117,51.30464633902713,56.207251461988314,41.202605122961145
0.3,5,high,4,183.04000000000002,96.80218516990959,86.23781483009039,73.23999999999998,32.51840138612585
0.3,0,low,5,66.79105616605617,159.09031278837782,-92.2992566223216,28.241056166056165,38.590312788377794
0.3,0,high,7,221.45228070175435,149.95569495097354,71.49658575078081,56.15228070175438,33.69443368971233
0.3,5,high,1,154.2621409584567,127.58906956043182,26.673071398024916,51.36214095845675,49.183664155026385
0.3,0,low,7,68.29982456140353,176.103194063759,-107.80336950235555,23.99982456140351,40.386977847542866
0.3,0,low,5,65.41388888888888,155.82535578390832,-90.41146689501956,13.713888888888892,39.946977405530035
0.3,0,low,5,58.34679303152986,154.7211733711733,-96.3743803396435,22.54679303152987,39.378831028831044
0.3,0,low,7,72.71483766233766,168.1199177743296,-95.40508011199185,16.664837662337664,38.01631417072592
0.3,5,high,3,169.83315789473681,111.65532064506523,58.17783724967164,58.53315789473684,36.65532064506523
0.3,5,high,5,183.39076023391814,98.08490368056933,85.30585655334883,73.59076023391813,33.801119896785536
0.3,0,high,8,227.75499999999997,158.71704716410594,69.037952835894,52.455,33.53686698392582
0.3,0,low,6,71.78968253968254,166.4223173019226,-94.63263476223999,15.239682539682542,36.913308292913555
0.3,5,high,2,162.79045454545457,119.7247550539346,43.06569949151991,59.89045454545453,41.319349648529226
0.3,0,low,8,72.79161616161615,184.9759289494583,-112.18431278784222,22.491616161616168,39.34980282333224
0.3,0,low,6,67.53333333333333,164.02741536959797,-96.49408203626467,11.833333333333336,38.86975771194039
0.3,0,low,8,75.78623737373736,176.54367341081738,-100.75743603708004,15.736237373737373,37.79142115856512
0.3,0,low,6,63.35260499734183,163.16201703570127,-99.80941203835953,22.552604997341838,38.900755774439986
0.3,5,high,4,170.03,111.42614489336624,58.60385510663377,58.73,36.42614489336624
0.3,0,low,7,80.28551587301588,176.70543013371957,-96.41991426070375,15.735515873015874,38.09732202561151
0.3,5,high,6,182.66500000000002,96.32854479359901,86.33645520640101,72.86500000000001,32.0447610098152
0.3,0,high,9,235.97999999999996,168.5094548969549,67.47054510304505,50.67999999999999,34.23017561767561
0.3,5,high,3,148.44424242424242,113.84486184091455,34.599380583327886,45.54424242424243,35.43945643550906
0.3,0,low,7,76.93685897435896,172.8576644870762,-95.92080551271727,11.236858974358976,38.15045727986906
0.3,0,low,9,75.81916666666666,193.5359683670055,-117.71680170033886,22.519166666666667,38.99092332196047
0.3,0,low,9,85.47727941176471,184.90366223380929,-99.42638282204454,14.427279411764705,37.77303160317866
0.3,0,low,7,66.73038277511961,172.4019022210198,-105.67151944590023,23.930382775119618,39.58208240120004
0.3,5,high,5,167.45650584795322,109.8053119099172,57.65119393803609,56.15650584795321,34.805311909917165
0.3,5,high,7,191.31,105.67951150342793,85.63048849657206,71.50999999999999,33.5578898818063
0.3,0,low,8,82.03968253968254,184.95100342666134,-102.9113208869788,14.489682539682539,37.3338863095442
0.3,0,high,10,252.86999999999998,178.4815993600436,74.38840063995636,57.57000000000001,34.20232008076436
0.3,0,low,8,82.57380952380953,183.6269691125729,-101.05315958876326,12.873809523809523,39.730572716176425
0.3,0,low,10,87.11666666666666,201.74172105832318,-114.6250543916566,21.81666666666667,38.63811745471963
0.3,5,high,4,160.79500000000002,112.70587467731426,48.08912532268573,57.895,34.300469271908895
0.3,0,low,10,93.75396825396825,194.81276590908942,-101.05879765512123,16.703968253968252,37.95240554872909
0.3,5,high,6,175.69076923076923,109.61631819956122,66.07445103120803,64.39076923076922,34.61631819956124
0.3,0,low,9,88.73968253968255,194.28552137669786,-105.54583883701531,17.189682539682543,37.8395754307519
0.3,5,high,8,199.055,113.86824249250722,85.18675750749276,69.25500000000001,33.72860285286755
0.3,0,low,8,69.12958912432596,180.76605613432244,-111.63646700999648,24.329589124325967,39.56785793612419
0.3,0,high,11,260.77636363636367,187.98730876377937,72.7890548725843,55.47636363636364,33.708029484500074
0.3,0,low,9,91.18656862745098,190.65038477062475,-99.46381614317363,12.486568627450982,37.92515954539949
0.3,0,low,11,86.84848484848484,213.29578227592935,-126.44729742744448,19.54848484848485,40.19217867232573
0.3,5,high,5,155.16166666666666,112.74733142124782,42.41433524541881,52.26166666666667,34.34192601584242
0.3,0,low,11,96.36363636363636,202.88860164045929,-106.52496527682295,14.313636363636363,36.92914218099976
0.3,5,high,7,179.03804511278196,118.10597383376015,60.93207127902177,57.73804511278197,34.997865725652105
0.3,5,high,9,211.41500000000002,120.77063917079391,90.6443608292061,71.61500000000001,32.7931616933165
0.3,0,low,9,70.16847801321487,188.92733192512608,-118.7588539119111,23.368478013214855,38.17958417737829
0.3,0,high,12,267.09000000000003,196.62896263213605,70.46103736786398,51.790000000000006,33.971304974478336
0.3,0,low,10,95.81190476190476,202.74282611979973,-106.93092135789503,16.261904761904766,37.55814143511512
0.3,0,low,10,94.43277777777777,200.7152007270041,-106.28242294922632,11.732777777777779,38.08006559186901
0.3,5,high,6,160.45615325077398,112.01961261965134,48.43654063112264,57.55615325077399,33.6142072142459
0.3,0,low,12,93.71166666666667,222.72028531730538,-129.0086186506388,22.41166666666667,39.076141173161304
0.3,0,low,12,101.76,213.8546384040965,-112.09463840409664,14.709999999999999,37.985269034727246
0.3,5,high,8,184.71999999999997,126.83257937743225,57.887420622567674,53.419999999999995,35.436182981035934
0.3,0,low,10,75.77538277511961,198.44673440989237,-122.67135163477282,22.975382775119616,39.23051819367609
0.3,5,high,10,217.81,129.11170439196752,88.69829560803245,68.01000000000002,32.75584853611169
0.3,0,low,11,102.12301587301587,212.48849573296167,-110.36547985994576,15.573015873015873,37.93444167890763
0.3,0,high,13,283.0766666666667,204.39276322732206,78.68390343934462,57.776666666666664,33.266637101195926
0.3,0,low,13,98.89736842105265,230.87186416544014,-131.9744957443874,22.597368421052636,38.39889119246703
0.3,0,low,11,97.025,209.62356347685292,-112.59856347685292,10.325000000000001,37.88932924261871
0.3,5,high,7,167.98089285714286,119.3342805303332,48.646612326809745,55.080892857142864,33.00094719699982
0.3,0,low,13,109.54404761904762,223.25607645650226,-113.7120288374545,14.49404761904762,39.18850888893458
0.3,5,high,9,191.59880952380954,133.7370118724221,57.861797651387405,50.29880952380952,33.782056917467145
0.3,0,low,12,109.50079365079364,221.72653942061842,-112.22574576982475,14.950793650793651,37.713025907104864
0.3,0,high,14,292.8616666666667,213.92655638781804,78.93511027884867,57.56166666666668,34.331961793223414
0.3,0,low,11,82.7954578960771,206.01333131008047,-123.2178734140034,17.99545789607709,38.328646625395876
0.3,5,high,11,228.83,137.9659109951293,90.86408900487072,69.03,32.60104613026438
0.3,0,low,14,99.525,241.42664222439768,-141.90164222439768,20.225,39.76448006223548
0.3,0,low,12,100.63928571428572,219.86004063043535,-119.22075491614969,10.939285714285713,38.486166756561495
0.3,5,high,8,174.92000000000002,128.3308929612335,46.589107038766514,52.019999999999996,33.529091159431715
0.3,0,low,14,118.33333333333334,232.10439595586655,-113.77106262253321,18.283333333333335,38.39718874865934
0.3,5,high,10,206.02606060606064,143.74999104352818,62.276069562532456,54.726060606060614,35.056297349834516
0.3,0,low,12,86.16754006227691,215.04025711525708,-128.87271705298016,19.367540062276905,38.79701387201387
0.3,0,low,13,112.99877344877345,231.4060338835494,-118.40726043477605,16.448773448773448,38.11324109075656
0.3,0,high,15,298.4236363636364,221.80059345454094,76.62304290909546,53.123636363636365,33.91771057165792
0.3,5,high,12,236.575,147.5820021109495,88.99299788905051,66.775,33.56848859743596
0.3,0,low,15,101.04122807017544,249.53536715680679,-148.49413908663144,18.74122807017544,39.04437616581581
0.3,0,low,13,106.10833333333332,229.3565196795847,-123.24818634625143,9.408333333333333,38.79345661652163
0.3,5,high,9,190.21999999999997,137.64646473249422,52.573535267505804,57.32000000000001,34.28610437213378
0.3,0,low,15,118.49792568542568,239.88395262311673,-121.38602693769096,14.447925685425684,37.888457127621216
0.3,5,high,11,210.79619047619045,151.91189755969168,58.88429291649874,49.49619047619048,34.119104766898886
0.3,0,high,16,308.16999999999996,230.23874503363663,77.93125496636335,52.870000000000005,33.61712341201506
0.3,0,low,14,116.83968253968256,240.4781493599605,-123.63846682027788,16.28968253968254,38.17634755815871
0.3,0,low,13,87.74007974481658,224.64709164267978,-136.90701189786324,18.940079744816586,37.77321776880601
0.3,5,high,13,247.37888888888898,154.9900486589727,92.38884022991616,67.5788888888889,32.95851712744128
0.3,0,low,16,103.88166666666666,257.68631696271024,-153.8046502960434,19.58166666666667,38.27640705280024
0.3,5,high,10,193.7275,144.41298099092216,49.31451900907783,50.8275,33.304872882814045
0.3,0,low,14,110.30595238095239,237.60077262848162,-127.29482024752923,10.605952380952383,38.20888073658971
0.3,0,low,16,124.75888888888889,248.7738937152251,-124.01500482633608,11.708888888888888,37.31893876027003
0.3,5,high,12,223.82833333333332,162.44803849269795,61.38029484063543,52.52833333333333,35.73632678098623
0.3,0,high,17,320.1416666666667,239.73897884339056,80.4026878232761,54.841666666666676,34.28852839294015
0.3,0,low,15,122.0413492063492,250.07659229137548,-128.03524308502654,16.491349206349206,37.774790489573775
0.3,5,high,14,255.50750000000002,164.57864027128736,90.92885972871275,65.70750000000001,33.08764928029633
0.3,0,low,14,90.00257974481659,233.46009148900015,-143.45751174418356,19.202579744816585,37.75738878629746
0.3,0,low,17,111.36833333333331,268.078325499262,-156.70999216592864,23.068333333333335,40.109857030793556
0.3,5,high,11,202.82236842105263,154.7425942080353,48.07977421301723,49.92236842105264,33.81466628010746
0.3,0,low,15,119.325,245.75742984009244,-126.43242984009235,12.624999999999998,37.53670911937164
0.3,0,low,17,130.7575,258.7494285967969,-127.99192859679692,13.7075,38.28546463283305
0.3,5,high,13,233.86666666666665,168.8379653346758,65.02870133199079,53.56666666666668,34.198325695036225
0.3,0,high,18,328.83333333333337,247.51897095620004,81.3143623771333,53.533333333333324,33.32978176701087
0.3,0,low,16,132.84968253968253,258.5807059873624,-125.73102344767983,15.29968253968254,37.99061589727223
0.3,0,low,15,90.3982615629984,244.7535776634848,-154.35531610048645,17.598261562998406,39.231055140962276
0.3,5,high,15,268.33333333333337,172.7747950412424,95.55853829209099,68.53333333333333,33.53605630250368
0.3,0,low,18,111.79166666666667,276.1964052073572,-164.40473854069057,20.491666666666667,39.66937818033019
0.3,0,low,18,135.32296918767506,267.3165780563613,-131.9936088686862,14.272969187675073,37.393154632937915
0.3,0,low,16,127.22575757575757,254.9825697456502,-127.75681216989267,13.525757575757575,37.93302019610069
0.3,5,high,12,212.6483333333333,163.53487828859352,49.11345504473982,49.748333333333335,34.13848189219705
0.3,5,high,14,240.38944444444445,177.59875345862176,62.79069098582255,51.089444444444446,34.670825530693946
0.3,0,low,17,135.39968253968254,268.2517039357596,-132.8520213960772,14.849682539682538,38.202154386210104
0.3,0,low,16,94.01354128327812,251.93724662145712,-157.923705338179,19.213541283278126,37.585895270105794
0.3,0,high,19,337.9633333333334,256.3567323676457,81.60660096568773,52.663333333333334,33.69907470998802
0.3,5,high,16,277.76,181.15947289314164,96.60052710685835,67.96,33.36217559584433
0.3,0,low,19,113.50238095238096,286.0921095839827,-172.58972863160164,20.202380952380956,38.8443618362349
0.3,0,low,19,143.3414285714286,276.61320911154496,-133.2717805401163,15.291428571428572,36.869965868301776
0.3,0,low,17,131.6561111111111,263.2814693916861,-131.62535828057503,12.956111111111108,37.58327119348791
0.3,5,high,15,257.6877777777778,185.44493443243442,72.24284334534326,56.38777777777777,34.4088983963984
0.3,5,high,13,220.08736842105264,173.68831893239792,46.39904948865478,47.187368421052625,32.85048109456004
0.3,0,low,17,101.40392589866273,261.94609700859695,-160.54217110993426,17.603925898662744,37.68483574733574
0.3,0,high,20,349.835,266.5547733351138,83.28022666488613,54.535000000000004,33.62684540718596
0.3,0,low,18,144.0863492063492,278.23735198394644,-134.15100277759728,16.536349206349204,37.37699162358605
0.3,5,high,0,0,0,0,0,0
0.3,5,high,17,283.65944444444443,190.3586290196584,93.30081542478612,63.85944444444444,32.9216920827215
0.3,0,low,20,125.84166666666667,295.90484576777146,-170.06317910110474,22.541666666666668,39.467908830834524
0.3,5,high,0,0,0,0,0,0
0.3,0,low,18,145.9827777777778,272.5838223469803,-126.60104456920249,13.282777777777781,38.32706559022348
0.3,0,low,20,151.86477272727274,285.9429740769523,-134.07820134967972,14.814772727272729,37.01054164451997
0.3,5,low,0,0,0,0,0,0
0.3,5,high,14,232.98499999999999,184.0097225597226,48.97527744027738,50.085,33.80251535251535
0.3,5,high,16,266.0675,196.06299065637307,70.00450934362698,54.767500000000005,34.93686453024689
0.3,5,high,1,161.12015174883595,125.9130791504244,35.207072598411614,52.37015174883595,49.84551158285679
0.3,0,low,18,103.27150831624517,270.30578784390696,-167.03427952766185,17.471508316245156,37.846328384447574
0.3,0,low,19,145.4163492063492,287.947135199109,-142.53078599275966,14.866349206349208,37.537225289198986
0.3,5,high,18,293.8011111111111,200.05437889714207,93.74673221396904,64.00111111111111,33.6985230412862
0.3,5,high,1,173.43807985873775,121.84719874340624,51.59088111533161,50.438079858737765,49.60395550016291
0.3,0,low,19,151.54038461538462,280.9572350322351,-129.4168504168504,12.840384615384618,37.69146926646926
0.3,5,low,1,79.56384657439223,132.5281111507891,-52.96426457639693,52.86384657439224,50.21730033997837
0.3,5,high,15,240.33295454545456,192.73403174208133,47.598922803373284,47.43295454545455,33.42772543577495
0.3,5,high,17,275.31000000000006,204.65965334189013,70.65034665810981,55.00999999999999,35.24523892747577
0.3,5,high,2,158.06530959752322,116.11946548591284,41.94584411161037,49.31530959752322,40.05189791834531
0.3,0,low,19,105.7750797448166,280.8791035988405,-175.10402385402386,17.975079744816586,39.32054504028187
0.3,0,low,20,147.3306349206349,297.56558684658535,-150.23495192595038,14.78063492063492,38.50702828802674
0.3,5,low,0,0,0,0,0,0
0.3,5,high,19,305.17227272727274,207.1415747800422,98.03069794723052,65.37227272727274,32.49743063589812
0.3,5,high,2,184.3870760233918,112.40764083395659,71.97943518943516,61.387076023391806,40.16439759071337
0.3,0,low,20,157.71166666666664,290.16398653531,-132.45231986864343,13.011666666666667,38.33966221098576
0.3,5,low,0,0,0,0,0,0
0.3,5,low,2,87.78928571428571,123.62264078119345,-35.83335506690766,61.08928571428571,41.31182997038259
0.3,5,high,16,248.74066580478342,201.32167607732626,47.41898972745727,45.84066580478344,33.72708148273164
0.3,5,high,18,278.5209090909091,212.78690285524652,65.73400623566252,49.220909090909096,33.37248844083209
0.3,0,low,20,121.18579403053086,288.33684175828125,-167.1510477277505,19.385794030530874,38.39990482134444
0.3,5,low,0,0,0,0,0,0
0.3,5,high,3,157.6323529411765,112.51678244178245,45.11557049939404,48.88235294117648,36.449214874214874
0.3,5,low,1,78.32715909090909,123.25980619916378,-44.932647108254685,53.877159090909096,48.36791430727188
0.3,5,high,20,319.44500000000005,216.44317240211194,103.00182759788802,69.64500000000001,33.510739969679605
0.3,5,low,0,0,0,0,0,0
0.3,5,high,3,187.69236842105266,106.8918572469269,80.80051117412569,64.69236842105263,34.648614003683655
0.3,5,low,3,69.3937969924812,121.43852581221,-52.04472881972883,42.693796992481204,39.12771500139921
0.3,5,low,1,74.53916666666666,132.27866572967193,-57.7394990630053,54.439166666666665,48.68407113507733
0.3,5,high,17,262.3933333333333,211.07453572453568,51.318797608797695,49.493333333333325,33.84030149030149
0.3,5,high,19,293.2905555555555,222.63783489375598,70.65272066179958,51.99055555555556,34.03423129015234
0.3,5,high,4,159.0416374269006,110.4216497716498,48.61998765525085,50.29163742690059,34.3540822040822
0.3,5,low,1,73.67857608765503,125.43721356031733,-51.758637472662244,55.82857608765504,48.59937572247942
0.3,5,low,2,91.08805555555556,118.38457706615598,-27.296521510600513,66.63805555555555,43.492685174264125
0.3,5,high,4,186.66022875816992,105.97737680458275,80.68285195358723,63.660228758169936,33.73413356133945
0.3,5,low,1,73.84727272727272,126.99569532112102,-53.148422593848295,56.14727272727273,50.73893856436428
0.3,5,low,2,88.25752525252526,125.29894509232746,-37.04141983980212,68.15752525252526,41.70435049773286
0.3,5,low,4,80.66114718614719,120.778375531665,-40.11722834551777,53.96114718614719,38.46756472085419
0.3,5,high,20,301.5055555555556,231.16893363414255,70.33662192141307,51.20555555555556,34.09686156207054
0.3,5,high,5,159.21800666825433,111.62799328225023,47.590013386004074,50.46800666825435,35.56042571468267
0.3,5,high,18,268.8047368421053,220.3140551456341,48.49068169647117,45.904736842105265,34.791532623111564
0.3,10,high,0,0,0,0,0,0
0.3,5,low,2,74.16003996003997,118.63525912643561,-44.47521916639562,56.310039960039965,41.79742128859777
0.3,5,low,3,74.3253846153846,112.80688945688951,-38.481504841504886,49.87538461538462,37.91499756499755
0.3,5,high,5,187.79499999999996,106.08881754423548,81.7061824557644,64.795,33.84557430099226
0.3,5,low,5,78.06569548872181,120.64682606718213,-42.58113057846025,51.365695488721805,38.33601525637128
0.3,5,low,2,93.78999999999999,119.18832151014807,-25.398321510148094,76.09,42.931564753391385
0.3,5,low,3,48.25363636363636,123.93090532746102,-75.67726896382473,28.15363636363636,40.336310732866465
0.3,5,high,6,162.9121564327485,109.89338803495149,53.01876839779703,54.162156432748546,33.82582046738394
0.3,5,low,3,65.60442307692307,116.30240466861987,-50.69798159169679,47.754423076923075,39.464566830782005
0.3,10,high,1,161.39423319327733,125.05460681141795,36.33962638185942,54.29423319327731,49.82487708168824
0.3,5,high,19,281.41499999999996,226.97997024347646,54.43502975652348,48.515,33.07906934257552
0.3,5,low,4,58.21464285714286,112.60227715316725,-54.387634296024444,33.76464285714285,37.71038526127535
0.3,5,high,6,187.51751461988303,104.78991118697,82.72760343291303,64.51751461988303,32.54666794372677
0.3,5,low,6,68.35730158730158,119.76763420052895,-51.410332613227396,41.65730158730158,37.45682338971812
0.3,5,low,3,60.43127192982456,113.58543498806658,-53.15416305824195,42.73127192982456,37.32867823130981
0.3,5,low,4,76.05923076923077,122.04118129199401,-45.98195052276321,55.95923076923077,38.44658669739938
0.3,5,high,7,163.74280701754384,118.88541040069676,44.857396616847055,44.99280701754386,34.70973472502111
0.3,5,low,4,52.96333333333333,114.98675485954898,-62.023421526215635,35.11333333333333,38.14891702171115
0.3,5,high,20,295.01101010101013,237.12464414832843,57.8863659526817,52.11101010101011,34.03455405823827
0.3,10,high,0,0,0,0,0,0
0.3,10,high,2,159.94,117.79109751389166,42.14890248610838,52.839999999999996,42.56136778416189
0.3,5,low,5,68.82720723720725,112.35724778224778,-43.53004054504056,44.37720723720724,37.46535589035589
0.3,5,low,7,57.30361111111112,129.6949608483277,-72.39134973721656,22.603611111111114,39.095861749228625
0.3,5,high,7,192.275,112.89489009489012,79.38010990510992,59.275,32.54353874353875
0.3,5,low,4,43.596111111111114,113.74032214949402,-70.14421103838285,25.89611111111111,37.48356539273721
0.3,5,low,5,70.84982683982683,120.96773513023511,-50.11790829040834,50.74982683982684,37.373140535640545
0.3,5,high,8,176.02708333333334,126.98461898349676,49.042464349836536,47.27708333333334,34.070204569082286
0.3,5,low,5,72.50666666666667,115.48966333641252,-42.9829966697459,54.65666666666667,38.651825498574716
0.3,10,high,1,176.84067515817515,128.69446615541816,48.14620900275699,56.24067515817516,50.937709398661404
0.3,5,low,6,74.68901116427432,111.16770494096345,-36.47869377668913,50.239011164274324,36.27581304907156
0.3,10,high,3,161.06154970760232,114.07796719576908,46.98358251183335,53.961549707602344,38.84823746603933
0.3,5,high,8,206.76500000000001,120.60478049719539,86.16021950280467,63.764999999999986,31.965140857555717
0.3,5,low,8,61.71961378490791,137.34741196080208,-75.62779817589414,19.0196137849079,38.279844393234484
0.3,5,high,9,186.25184210526317,136.2640202758624,49.98782182940079,47.501842105263165,35.24149775333986
0.3,5,low,5,77.97913419913421,112.6472193913371,-34.66808519220285,60.279134199134205,36.39046263458027
0.3,5,low,6,58.87996498599439,121.19785943818448,-62.31789445219012,38.7799649859944,37.603264843589926
0.3,5,low,6,68.38833333333335,114.05804170277854,-45.6697083694452,50.53833333333334,37.22020386494071
0.3,10,high,2,185.42,117.8720696875496,67.54793031245048,64.82000000000001,40.115312930792825
0.3,5,low,7,54.64140350877193,120.04401768519412,-65.4026141764222,22.19140350877193,36.86383750501398
0.3,10,high,4,162.38384615384615,111.19045755736927,51.19338859647681,55.28384615384615,35.9607278276396
0.3,5,low,9,65.78772283272284,146.2150278878994,-80.42730505517659,15.087722832722832,39.03935221222374
0.3,5,high,9,210.73499999999999,131.1769094025286,79.55809059747145,57.73499999999999,33.25799048360968
0.3,5,high,10,193.0551754385965,145.6752678960884,47.379907542508164,44.30517543859649,35.10319582401624
0.3,5,low,6,70.56873949579833,112.5702872769436,-42.00154778114532,52.86873949579832,36.31353052018686
0.3,5,low,7,50.64264069264069,122.2170542098174,-71.57441351717671,26.792640692640692,37.090928083691225
0.3,5,low,7,51.49480158730158,130.22856639191784,-78.73376480461623,26.39480158730159,38.165503328854726
0.3,10,high,3,185.98833333333332,113.31514292752685,72.67319040580647,65.38833333333332,35.55838617077005
0.3,5,low,8,59.51016290726817,128.41771314023634,-68.90755023296818,21.06016290726817,36.49879422131743
0.3,10,high,5,161.35999999999996,110.17492252561908,51.18507747438082,54.260000000000005,34.9451927958894
0.3,5,high,10,223.34731092436976,138.96158980276633,84.38572112160347,60.34731092436975,33.56519340636988
0.3,5,low,10,71.76540598290597,154.7596110545027,-82.99420507159672,13.065405982905983,38.034385829277475
0.3,5,high,11,205.24,154.36439506783938,50.87560493216063,46.489999999999995,35.323854527298785
0.3,5,low,7,48.37269841269841,121.95458736472668,-73.58188895202828,23.672698412698413,37.409542319681655
0.3,5,low,8,51.22619047619048,138.35183470222174,-87.12564422603126,16.126190476190477,37.27976263014961
0.3,5,low,8,50.63149184149184,132.43439136496417,-81.80289952347225,19.781491841491842,38.38934631991907
0.3,10,high,4,181.76910216718267,111.80167484641166,69.96742732077101,61.16910216718266,34.04491808965494
0.3,5,low,9,60.09472334682861,138.04619515378027,-77.95147180695167,15.64472334682861,37.208357315942436
0.3,10,high,6,163.00551378446113,110.08027685725052,52.92523692721062,55.90551378446115,34.85054712752081
0.3,5,low,11,77.47444444444444,162.97226738004602,-85.49782293560152,13.774444444444445,37.59839350617215
0.3,5,high,12,207.2804334365325,161.66340412222772,45.61702931430477,39.530433436532505,33.79403475285829
0.3,5,high,11,236.17,147.3542471974748,88.81575280252525,63.17,32.94884179206933
0.3,5,low,8,48.936031746031745,131.46362517906633,-82.52759343303458,20.23603174603175,37.54921076465195
0.3,5,low,9,57.720000000000006,148.83495080495854,-91.11495080495857,14.62,39.47459044459817
0.3,5,low,9,58.51429487179487,139.99597911370356,-81.48168424190868,17.664294871794873,37.48246560019005
0.3,10,high,5,184.775,111.32601763565384,73.44898236434616,64.175,33.56926087889712
0.3,5,low,10,65.98875598086124,147.13264817397948,-81.14389219311826,10.538755980861245,37.646161687492956
0.3,5,high,13,219.30947368421053,170.7788163008751,48.530657383335466,42.55947368421052,34.531068553127376
0.3,10,high,7,159.6334188034188,110.2147371262696,49.41868167714918,52.533418803418805,34.9850073965399
0.3,5,low,12,86.55905982905982,173.49526649596308,-86.93620666690323,14.859059829059827,39.20247370317029
0.3,5,high,12,246.76500000000001,155.86885350414764,90.89614649585246,63.765,32.09407872937285
0.3,5,low,9,51.018253968253966,139.62517584947926,-88.60692188122533,18.318253968253966,36.88193260623601
0.3,10,high,6,183.67,110.49722481258857,73.17277518741139,63.07000000000001,32.74046805583184
0.3,5,low,10,67.00555555555556,155.7999571427203,-88.79440158716474,15.905555555555557,37.79094813371128
0.3,5,low,10,61.028900134952764,149.87287960051123,-88.84397946555846,13.178900134952766,37.71972644735801
0.3,5,high,14,233.24333333333334,180.41989648080983,52.823436852523514,44.493333333333325,34.6225991835125
0.3,5,low,11,76.85785714285714,155.93284366086223,-79.07498651800506,9.407857142857143,36.98689771491628
0.3,10,high,8,161.6522794117647,110.11863473113472,51.53364468063002,54.55227941176471,34.888905001405014
0.3,10,high,7,186.28,111.250139828468,75.02986017153198,65.67999999999999,33.49338307171125
0.3,5,low,13,95.86222222222221,181.27909185738145,-85.4168696351592,16.16222222222222,38.33765041593989
0.3,5,low,10,54.87380952380952,148.88168776311187,-94.00787823930239,18.173809523809524,36.588894970319124
0.3,5,high,13,253.06285714285718,166.1107939364518,86.95206320640531,60.06285714285714,33.32701015266805
0.3,5,low,11,76.01959595959597,164.4606276062159,-88.44103164661983,18.91959595959596,37.17233931792755
0.3,5,low,11,70.95346153846154,157.9302616570418,-86.97680011858037,14.10346153846154,36.67800940478959
0.3,5,high,15,242.7,188.58552418970373,54.114475810296256,43.95,34.409848514028084
0.3,5,low,12,81.99392857142858,165.19915013336072,-83.20522156193205,8.543928571428571,37.60455553876605
0.3,10,high,9,159.54504901960783,108.79674687101158,50.74830214859625,52.44504901960785,33.56701714128186
0.3,5,low,11,55.06547619047619,157.99933627689038,-102.9338600864143,15.36547619047619,36.87771465526884
0.3,5,high,14,262.89,174.38026184670917,88.50973815329081,59.89000000000001,33.037919504366876
0.3,5,low,14,100.29597222222222,189.86845481977056,-89.57248259754846,15.595972222222224,38.63872509004088
0.3,10,high,8,183.92,111.07751357666216,72.84248642333782,63.32000000000001,33.320756819905434
0.3,5,low,12,73.91634032634033,167.72233000181922,-93.80598967547877,12.066340326340327,37.64124892073808
0.3,5,low,12,77.41081699346407,173.52617654695825,-96.11535955349419,12.310816993464051,36.95860897939071
0.3,5,high,16,251.12601439496174,197.87081222460486,53.255202170356824,42.37601439496176,34.866307720100274
0.3,5,low,13,85.41985294117646,173.8600728094149,-88.44021986823847,7.969852941176471,37.2564692058113
0.3,5,high,15,276.1050000000001,184.08624706565882,92.01875293434125,63.105,33.5547155341273
0.3,5,low,15,105.58717171717171,198.98888032177504,-93.4017086046033,16.887171717171718,37.48888032177506
0.3,10,high,10,161.67079545454544,108.48156136314036,53.1892340914051,54.570795454545454,33.251831633410575
0.3,5,low,12,64.30714285714286,168.93110370904492,-104.623960851902,16.607142857142858,38.53020280814399
0.3,5,low,13,82.74429487179486,175.88083473362113,-93.1365398618263,13.89429487179487,36.880834733621114
0.3,10,high,9,180.34997592019263,110.97706334153703,69.37291257865562,59.749975920192654,33.22030658478027
0.3,5,low,13,91.67527777777778,182.66130730914006,-90.98602953136225,15.57527777777778,37.80545145328428
0.3,5,high,17,257.73,206.87063045050667,50.85936954949335,38.980000000000004,34.857116936993094
0.3,5,low,14,92.31818181818183,183.9607500993336,-91.64256828115178,9.868181818181819,37.807596946180546
0.3,5,high,16,284.345,192.22559436189462,92.11940563810543,61.345000000000006,32.68505382135414
0.3,5,low,16,113.42640522875817,209.88206588601324,-96.45566065725501,14.726405228758168,39.19287669682406
0.3,10,high,11,160.67754385964915,108.23030203041807,52.44724182923102,53.57754385964912,33.00057230068841
0.3,5,low,13,70.70285714285714,177.6842929849896,-106.98143584213247,13.002857142857144,37.733842534539114
0.3,10,high,10,180.66000000000003,110.56683276648451,70.09316723351557,60.06000000000002,32.810076009727716
0.3,5,low,14,99.5076923076923,186.47735614051413,-86.96966383282178,19.657692307692308,37.92780659096448
0.3,5,high,18,268.31157894736845,216.97840445499105,51.33317449237737,39.56157894736843,35.59552157210826
0.3,5,low,14,98.93833333333333,190.8039478503875,-91.86561451705415,15.838333333333333,37.56971361615325
0.3,5,low,15,107.16666666666666,191.9989082621435,-84.83224159547692,6.716666666666666,36.56647582971111
0.3,5,high,17,294.975,200.48582882483808,94.48917117516197,61.97500000000001,32.5669099059192
0.3,10,high,12,169.10523809523812,116.57574592756477,52.5294921676733,52.005238095238084,33.508178359997245
0.3,5,low,17,122.65896825396825,217.86742432400334,-95.20845607003503,14.958968253968251,38.25931621589516
0.3,5,low,14,77.92619047619048,187.20263341385635,-109.27644293766595,15.226190476190476,38.06299377421667
0.3,5,low,15,101.13858058608058,195.16204179292419,-94.0234612068436,15.288580586080585,37.42330305418539
0.3,10,high,11,180.775,110.52036893352681,70.25463106647322,60.175,32.763612176770074
0.3,5,high,19,280.14500000000004,224.41086387053878,55.734136129461405,41.395,34.8297827894577
0.3,5,low,15,103.21446886446886,199.59161895675047,-96.37715009228172,13.114468864468865,37.52855589368747
0.3,5,low,16,112.58333333333333,201.72166087758183,-89.13832754424861,7.133333333333335,36.919859075780124
0.3,5,high,18,304.53,208.59047971904005,95.93952028095987,61.529999999999994,32.563452692013065
0.3,10,high,13,175.03166666666667,124.79839951438245,50.2332671522842,47.93166666666666,33.98308419906718
0.3,5,low,18,128.68277777777777,226.80588187101353,-98.12310409323555,13.982777777777779,37.82840439353597
0.3,5,low,16,104.28131868131868,204.33690315064155,-100.05558446932287,12.431318681318677,36.95852477226316
0.3,5,high,20,288.51666666666665,236.30927353922715,52.207393127439474,39.766666666666666,35.28675101670458
0.3,10,high,0,0,0,0,0,0
0.3,10,high,12,186.005,119.04006019594259,66.96493980405745,55.40500000000001,33.355375511257854
0.3,5,low,15,78.52285714285713,197.04467474482954,-118.52181760197237,12.82285714285714,38.445575645730436
0.3,5,low,16,107.87859649122808,207.1810559086875,-99.30245941745946,12.778596491228074,36.919794647426215
0.3,5,low,17,119.24166666666667,210.67646165277748,-91.43479498611072,8.791666666666668,36.95574093205672
0.3,5,high,19,314.78499999999997,217.3597033296725,97.42529667032767,61.78499999999999,32.05339702336606
0.3,10,high,14,185.17708333333334,132.40858586063692,52.76849747269634,48.07708333333334,33.21489216694326
0.3,5,low,19,134.87539682539682,236.53922685753182,-101.66383003213497,13.175396825396822,37.832019650324604
0.3,5,low,17,118.66043123543122,215.06499628875778,-96.4045650533267,10.810431235431235,37.50643773019934
0.3,10,high,13,196.38,127.60460034933718,68.77539965066285,55.779999999999994,33.72171746645432
0.3,10,high,1,162.09553925262907,122.11499144989855,39.98054780273047,49.895539252629035,49.35823469314181
0.3,5,low,16,82.69285714285714,204.89827427195846,-122.20541712910135,13.992857142857142,37.01989589358013
0.3,5,low,18,124.74666666666667,219.99682085065214,-95.25015418398544,9.296666666666667,37.53736139119266
0.3,5,low,17,120.23875000000001,218.00980373623568,-97.7710537362357,15.138749999999998,38.37917310560499
0.3,5,high,20,326.46500000000003,225.14654025876942,101.31845974123061,63.46499999999999,31.822215934445044
0.3,10,high,0,0,0,0,0,0
0.3,5,low,20,143.88777777777779,247.18438118012426,-103.29660340234639,16.187777777777775,39.82852532426837
0.3,10,high,0,0,0,0,0,0
0.3,10,high,15,194.83333333333334,141.28490916230854,53.54842417102478,48.733333333333334,34.3434677208671
0.3,5,low,18,124.71274725274725,223.6480270952021,-98.93527984245475,9.862747252747251,37.26063970781462
0.3,10,high,14,203.20642857142857,136.599216749836,66.60721182159264,52.606428571428566,33.61723476785396
0.3,10,high,2,168.72666666666666,112.88483221826871,55.84183444839793,56.526666666666664,40.12807546151201
0.3,5,low,19,136.12888888888887,230.52370204870218,-94.39481315981322,9.678888888888888,38.96514349014349
0.3,5,low,17,85.66785714285714,215.50401034812802,-129.8361532052708,13.967857142857142,37.98599233010999
0.3,5,low,18,122.76445054945057,226.78997192522738,-104.02552137577675,12.664450549450553,38.33051246576788
0.3,10,high,1,169.8783547008547,124.61547816269182,45.262876538162885,56.0283547008547,48.764126811340425
0.3,10,high,1,165.78052422723474,123.87753752533162,41.9029867019031,53.880524227234744,49.62078076857487
0.3,5,low,19,128.35679487179488,231.89420207218197,-103.5374072003871,8.506794871794872,37.038346216326104
0.3,10,high,16,204.87187675070027,150.4018570095969,54.4700197411033,47.77187675070027,34.00095610869605
0.3,10,high,3,168.42357142857142,108.18401745828216,60.23955397028925,56.223571428571425,35.42726070152541
0.3,10,high,15,213.04071428571427,144.47524652017685,68.56546776553742,52.440714285714286,33.47524652017686
0.3,5,low,19,134.62166666666667,236.17932415815548,-101.55765749148867,15.521666666666667,38.26040523923652
0.3,5,low,20,142.93666666666667,236.95255042944675,-94.01588376277999,9.486666666666668,36.47507295196923
0.3,10,low,0,0,0,0,0,0
0.3,5,low,18,87.50119047619047,223.2100845185984,-135.7088940424079,13.801190476190476,36.8632376717516
0.3,10,high,2,178.92676470588236,114.89158044576,64.03518426012235,65.07676470588235,39.04022909440866
0.3,10,high,2,177.75930555555556,114.3631498170585,63.39615573849703,65.85930555555555,40.10639306030172
0.3,5,low,20,139.89941391941392,241.34738895102677,-101.44797503161277,11.049413919413917,37.84288444652223
0.3,10,low,0,0,0,0,0,0
0.3,10,high,4,165.15007518796992,107.79954613704619,57.35052905092374,52.95007518796992,35.04278938028938
0.3,10,high,17,217.14934343434342,157.65145477134644,59.497888662996985,50.04934343434344,33.412716032607676
0.3,5,low,19,90.19285714285715,233.94098919098923,-143.748132048132,14.492857142857142,36.873421623421606
0.3,10,low,1,75.0057874070374,127.52768395690224,-52.52189654986479,55.955787407037406,49.39254882176708
0.3,10,high,16,219.58998445998446,152.1387640320303,67.45122042795413,48.989984459984456,33.21083610410236
0.3,5,low,20,138.57536881419236,243.1334473486177,-104.55807853442525,14.47536881419234,36.655969871140165
0.3,10,low,0,0,0,0,0,0
0.3,10,high,3,182.2106578947368,109.85625375962061,72.3544041351162,68.36065789473683,34.00490240826929
0.3,10,high,3,179.56973684210527,110.04269699780536,69.52703984429989,67.66973684210527,35.78594024104859
0.3,10,low,1,79.26947287447675,132.38549029690674,-53.116017422429934,57.069472874476745,50.3854902969067
0.3,10,high,5,171.38500000000002,106.44172188905164,64.9432781109484,59.18499999999999,33.68496513229484
0.3,10,high,18,228.07625000000002,166.90256872400835,61.17368127599164,50.97625000000001,33.384550705990335
0.3,10,high,17,229.37269841269844,162.42640493364178,66.94629347905664,48.772698412698425,34.399377906614745
0.3,10,low,1,73.3754015837104,127.97443090620331,-54.59902932249297,56.8754015837104,49.33929577106824
0.3,5,low,20,90.31666666666666,241.61018475941086,-151.29351809274416,12.616666666666669,35.713788363014366
0.3,10,low,2,86.74166666666667,119.21922822015702,-32.47756155349035,67.69166666666668,41.08409308502188
0.3,10,low,0,0,0,0,0,0
0.3,10,high,4,179.49555555555554,109.17806643340694,70.31748912214857,65.64555555555555,33.32671508205565
0.3,10,high,4,177.91666666666669,107.07788314115713,70.83878352550953,66.01666666666667,32.82112638440037
0.3,10,low,2,75.56230158730158,125.77549265575584,-50.213191068454265,53.36230158730159,43.775492655755805
0.3,10,high,6,165.56750000000005,105.97126610330946,59.59623389669059,53.36749999999999,33.2145093465527
0.3,10,high,19,236.17625000000004,174.9839262944526,61.19232370554744,49.076249999999995,33.53798034850667
0.3,10,high,18,240.61833333333334,170.52412014726255,70.09421318607079,50.01833333333333,33.39799402113643
0.3,10,low,2,81.67622549019607,121.57430255402394,-39.89807706382783,65.17622549019607,42.939167418888786
0.3,10,low,1,72.71887529137528,120.99828786283896,-48.279412571463695,51.4188752913753,48.403693268244346
0.3,10,low,3,58.42179292929293,116.59127094390253,-58.169478014609616,39.37179292929293,38.456135808767385
0.3,10,high,5,179.99999999999997,108.18198071564943,71.81801928435053,66.14999999999999,32.33062936429809
0.3,10,high,5,177.67997592019262,108.25761375393729,69.42236216625534,65.77997592019263,34.00085699718053
0.3,10,low,3,66.30484126984126,121.96354113149779,-55.6586998616565,44.10484126984127,39.96354113149777
0.3,10,high,20,246.32952380952383,182.88505380347485,63.444470006049045,49.229523809523805,33.15081956924062
0.3,10,low,0,0,0,0,0,0
0.3,10,high,7,167.6048484848485,106.97871703266442,60.62613145218411,55.40484848484848,34.22196027590765
0.3,10,low,2,65.3068550163287,115.87755016702386,-50.57069515069516,44.0068550163287,43.28295557242925
0.3,10,low,3,60.896085311317506,117.79235843926246,-56.89627312794494,44.39608531131751,39.15722330412734
0.3,10,high,19,251.20250000000001,179.5081318027525,71.69436819724751,50.602500000000006,34.00362729824805
0.3,10,low,4,79.75982456140352,114.9076934573838,-35.147868895980324,60.709824561403515,36.77255832224873
0.3,10,high,6,177.74999999999997,108.25735949067987,69.49264050932011,63.9,32.40600813932859
0.3,10,high,6,175.7675,107.30054822067203,68.466951779328,63.86750000000002,33.043791463915305
0.3,10,low,4,81.06674603174604,120.00265393818027,-38.935907906434224,58.86674603174604,38.00265393818025
0.3,10,high,8,167.96083333333334,106.86254274710153,61.0982905862318,55.76083333333334,34.10578599034481
0.3,10,low,1,64.68005347593582,123.88860563163969,-59.208552155703856,51.33005347593583,48.79401103704509
0.3,10,low,5,47.29493316624896,115.09105814895294,-67.7961249827039,28.244933166248956,36.955923013817745
0.3,10,high,20,262.96999999999997,187.91441947417184,75.05558052582819,52.370000000000005,34.12162668137901
0.3,15,high,0,0,0,0,0,0
0.3,10,low,3,61.85782828282828,110.1288105888725,-48.27098230604423,40.55782828282828,37.534215994277915
0.3,10,low,4,84.86684210526316,116.13329116401879,-31.26644905875554,68.36684210526316,37.498156028883564
0.3,10,high,7,182.13500000000002,108.1204671118758,74.01453288812421,68.285,32.26911576052441
0.3,10,high,7,180.365,106.60778399601925,73.75721600398076,68.465,32.35102723926253
0.3,10,low,5,49.79755639097744,120.69647127147127,-70.89891488049383,27.597556390977445,38.69647127147125
0.3,10,low,4,56.156410256410254,111.01847230229585,-54.86206204588555,34.85641025641026,38.42387770770124
0.3,10,low,2,69.80156862745098,115.1759582181022,-45.37438959065122,56.45156862745098,40.08136362350759
0.3,10,high,9,165.37287704555507,106.99467076069244,58.378206284862586,53.17287704555506,34.23791400393568
0.3,10,low,5,68.20208333333332,114.80209048935828,-46.600007156024986,51.702083333333334,36.16695535422315
0.3,10,low,6,78.68861111111111,114.51653859614387,-35.827927485032745,59.63861111111112,36.381403461008716
0.3,15,high,1,153.9131623931624,119.42438285828382,34.48877953487863,51.6131623931624,50.910869344770276
0.3,10,high,8,178.5,108.72665735165737,69.77334264834268,64.65,32.87530600030598
0.3,10,high,8,178.73963562753036,107.42050735800736,71.31912826952302,66.83963562753037,33.1637506012506
0.3,10,low,6,64.9283572567783,119.93496495977142,-55.006607702993136,42.7283572567783,37.93496495977146
0.3,10,high,10,169.20555555555558,107.23510880747722,61.970446748078345,57.00555555555555,34.478352050720474
0.3,10,low,3,73.77149509803921,113.79318003141528,-40.02168493337612,60.421495098039216,38.69858543682072
0.3,10,low,5,77.34544117647059,109.81545872865533,-32.47001755218477,56.04544117647058,37.22086413406073
0.3,10,low,7,57.44295123177476,115.3686489212805,-57.92569768950567,38.39295123177476,37.23351378614535
0.3,10,low,6,64.45649122807018,116.13817498565945,-51.68168375758934,47.95649122807017,37.50303985052437
0.3,15,high,2,157.17855263157895,110.09738207601984,47.08117055555911,54.87855263157894,41.58386856250631
0.3,10,high,9,182.44943609022556,107.30644466379758,75.14299142642795,68.59943609022557,31.455093312446255
0.3,10,high,9,181.15507646120653,107.026569991392,74.12850646981461,69.25507646120649,32.76981323463522
0.3,10,low,7,55.64415726817042,120.83599239187475,-65.19183512370434,33.44415726817043,38.83599239187474
0.3,10,low,6,60.622970265029096,108.47023177681073,-47.84726151178157,39.32297026502909,35.875637182216146
0.3,10,low,4,47.344975674480324,112.33443102119566,-64.98945534671536,33.99497567448032,37.23983642660115
0.3,10,high,11,166.20269865841072,106.07357017318323,60.1291284852276,54.002698658410736,33.31681341642643
0.3,10,low,8,85.4624045691151,115.80519798600294,-30.342793416887886,66.4124045691151,37.6700628508678
0.3,10,low,7,68.22272740675217,115.1734191702458,-46.950691763493595,51.72272740675218,36.538284035110664
0.3,15,high,3,160.27500000000003,103.72729249045034,56.54770750954965,57.975,35.21377897693687
0.3,10,high,10,180.74388888888888,107.12765745621788,73.61623143267107,66.89388888888888,31.276306104866467
0.3,10,high,10,180.19128205128203,107.19672872172873,72.99455332955327,68.29128205128205,32.93997196497195
0.3,10,low,8,71.62158496732027,119.43915379797734,-47.817568830657066,49.42158496732027,37.43915379797733
0.3,10,low,5,46.863340336134456,112.83382413165698,-65.9704837955225,33.513340336134455,37.73922953706236
0.3,10,low,7,68.21992424242424,109.52988381076618,-41.309959568341895,46.919924242424244,36.93528921617157
0.3,10,low,9,54.46488124276824,114.05610881183638,-59.59122756906817,35.41488124276824,35.92097367670123
0.3,10,low,8,70.18224747474748,113.84178536728844,-43.65953789254094,53.68224747474748,35.20665023215333
0.3,10,high,12,173.45666666666665,116.061568445005,57.395098221661684,51.25666666666666,35.01652339995993
0.3,15,high,4,160.17333333333335,104.00061096763879,56.17272236569454,57.87333333333335,35.487097454125326
0.3,10,high,11,181.75095662507428,109.6499480874481,72.10100853762617,67.90095662507427,33.798596736096734
0.3,10,high,11,180.42780542986426,106.85379276041039,73.57401266945391,68.52780542986424,32.59703600365367
0.3,10,low,9,67.91788461538462,117.67053634112457,-49.75265172574001,45.71788461538461,35.670536341124574
0.3,10,low,6,59.6,110.75348173169378,-51.153481731693724,46.25,35.65888713709922
0.3,10,low,8,45.806599168375485,108.21628790827708,-62.40968873990161,24.506599168375484,35.62169331368247
0.3,10,high,13,185.29487616099075,123.4423777344443,61.85249842654646,53.0948761609907,33.92886422093078
0.3,10,low,9,64.94634674922601,115.0829794190475,-50.136632669821495,48.44634674922601,36.447844283912396
0.3,10,low,10,71.64167502088556,115.23680404469883,-43.59512902381326,52.59167502088555,37.10166890956364
0.3,10,high,12,184.94,116.09891642561924,68.84108357438076,61.089999999999996,32.139456966159756
0.3,15,high,5,158.24830409356724,102.77935941620154,55.468944677365684,55.94830409356725,34.265845902688
0.3,10,high,12,187.27912955465587,114.41081817862002,72.8683113760358,65.37912955465586,32.04595331375518
0.3,10,low,10,62.60678571428572,118.77749366534194,-56.170707951056215,40.40678571428572,36.777493665341964
0.3,10,low,11,72.94040598290597,114.34438433188434,-41.4039783489783,53.89040598290599,36.20924919674919
0.3,10,high,14,192.805,130.6907059455434,62.114294054456565,50.605000000000004,33.15917441401187
0.3,10,low,10,61.57943553178846,114.59713275963283,-53.01769722784435,45.07943553178848,35.96199762449761
0.3,10,low,7,47.58980960216254,111.63735304563471,-64.04754344347222,34.23980960216254,36.5427584510402
0.3,10,low,9,71.90081699346406,109.31058446131972,-37.40976746785569,50.60081699346405,36.71598986672515
0.3,10,high,13,195.21921052631578,126.01221259077293,69.20699793554282,61.36921052631578,33.40410448266484
0.3,15,high,6,161.41938596491224,103.33041657697227,58.08896938793994,59.11938596491227,34.81690306345879
0.3,10,high,13,195.02,122.97405454692606,72.04594545307394,63.120000000000005,32.14072121359274
0.3,10,low,11,75.42075757575758,118.44878766128762,-43.028030085530105,53.22075757575758,36.448787661287675
0.3,10,low,12,53.27862493715436,123.27320624193695,-69.99458130478256,26.228624937154347,36.4894224581531
0.3,10,low,8,63.55822802197802,112.5061436887288,-48.94791566675078,50.20822802197802,37.411549094134244
0.3,10,low,10,62.25719696969696,108.93870216509536,-46.68150519539846,40.957196969696966,36.34410757050075
0.3,10,high,15,200.17666666666668,140.62362901248352,59.553037654183186,47.97666666666667,33.8128182016727
0.3,10,low,11,59.94525252525252,115.11378975043836,-55.16853722518588,43.44525252525252,36.47865461530322
0.3,10,high,14,206.00500000000002,133.47709247709247,72.52790752290755,62.154999999999994,32.220335720335726
0.3,15,high,7,158.63388888888886,103.01066253523682,55.62322635365206,56.333888888888886,34.49714902172334
0.3,10,low,12,47.86267857142857,128.06806425711227,-80.20538568568372,15.662678571428572,37.689685878733854
0.3,10,high,14,207.1677777777778,131.52006517227105,75.64771260550674,65.26777777777778,32.758803911009814
0.3,10,low,9,53.1899814439946,112.57547528631117,-59.38549384231662,39.8399814439946,37.48088069171662
0.3,10,low,13,57.355928858722976,133.48528513528512,-76.12935627656215,24.305928858722975,37.69249234249234
0.3,10,low,11,66.57339869281046,109.34447788635093,-42.77107919354047,45.27339869281045,36.74988329175637
0.3,10,high,16,213.65379084967321,148.9091684279764,64.7446224216967,51.453790849673204,33.81006932887739
0.3,10,low,12,45.43333333333333,123.75706606573478,-78.32373273240145,19.933333333333334,36.833642642311375
0.3,10,high,15,217.70999999999998,142.03343155843154,75.67656844156843,63.86,32.21811624311624
0.3,15,high,8,154.90402834008097,102.1411918469968,52.76283649308418,52.60402834008097,33.62767833348329
0.3,10,high,15,214.9471428571429,140.8379615683795,74.10918128876332,63.04714285714285,32.79742102783898
0.3,10,low,13,53.88780303030303,136.31331683251187,-82.42551380220887,11.68780303030303,37.28628980548487
0.3,10,low,14,62.56957264957265,141.95724007070754,-79.38766742113489,22.51957264957265,37.24552835899586
0.3,10,low,10,53.5280701754386,111.98212029462029,-58.4540501191817,40.1780701754386,36.8875257000257
0.3,10,high,17,223.9853289473684,157.6401585541292,66.34517039323921,51.78532894736843,34.07259098656158
0.3,10,low,13,54.93611111111111,132.693942661048,-77.75783154993681,21.43611111111111,36.94169040879566
0.3,10,low,12,47.35666666666667,117.13705431778185,-69.78038765111522,17.056666666666665,36.43435161507916
0.3,10,high,16,224.9331578947368,152.3422158152034,72.59094207953342,61.083157894736836,32.88726086024848
0.3,10,high,16,223.4865384615385,150.9555544371721,72.53098402436643,61.58653846153847,33.45555443717209
0.3,10,low,14,65.64309523809524,144.38967234040763,-78.74657710231241,14.443095238095239,36.62390657464187
0.3,15,high,9,157.885,100.8406559455321,57.04434405446791,55.585,32.327142432018576
0.3,10,low,15,66.0801282051282,151.96622769087944,-85.88609948575117,19.030128205128204,37.79505651970821
0.3,10,low,11,58.73972222222223,111.20275658878602,-52.46303436656375,45.38972222222223,36.108161994191406
0.3,10,low,14,54.73611111111111,140.84208600164484,-86.1059748905337,18.23611111111111,36.08082474038357
0.3,10,high,18,237.1646153846154,165.83109499030553,71.33352039430983,54.964615384615385,33.52478868399921
0.3,10,low,13,52.94028195488721,126.63869478157412,-73.69841282668683,13.640281954887218,36.65671279959205
0.3,10,high,17,233.58499999999998,160.07759343788751,73.50740656211246,59.735,32.60462046491459
0.3,10,high,17,234.150873015873,159.21139533206102,74.93947768381202,62.250873015873026,32.97265659332222
0.3,10,low,15,74.80791125541126,154.6451811995542,-79.83726994414309,15.607911255411256,38.59112714550021
0.3,15,high,10,155.03055555555557,102.02127319108739,53.00928236446818,52.730555555555554,33.50775967757392
0.3,10,low,16,74.46929487179486,160.77917241477616,-86.30987754298127,19.41929487179487,37.689082324686034
0.3,10,high,19,246.72444444444437,175.3886060251385,71.3358384193059,54.52444444444444,34.1633807999133
0.3,10,low,14,57.47555555555556,134.81542334998218,-77.33986779442662,13.175555555555556,36.09470262926145
0.3,10,low,15,55.904999999999994,150.52526629438395,-94.62026629438401,15.404999999999998,36.574815843933486
0.3,10,low,12,41.34850786468433,120.71642938879788,-79.36792152411348,19.998507864684335,37.78399695636537
0.3,10,high,18,244.01617647058825,169.63897583088757,74.37720063970067,60.16617647058824,32.52636321827497
0.3,10,high,18,249.17999999999998,166.7853919228919,82.39460807710807,67.28,32.34845498595497
0.3,15,high,11,162.8191812865497,102.16121032568398,60.657970960865725,60.51918128654971,33.647696812170516
0.3,10,low,16,82.38071428571428,161.495736122942,-79.11502183722766,14.180714285714288,36.9732136004195
0.3,10,low,17,80.11040598290597,169.57537956508548,-89.46497358217943,20.060405982905984,37.386190375896255
0.3,10,high,20,250.5494642857143,183.89991863231035,66.64954565340403,48.349464285714284,33.66568439807603
0.3,15,high,0,0,0,0,0,0
0.3,10,low,15,64.47111111111111,143.80300692537537,-79.33189581426426,12.17111111111111,36.25345737582579
0.3,10,low,13,46.226548573975045,130.0685517619728,-83.84200318799782,18.87654857397505,38.307290500711545
0.3,10,low,16,66.66,161.47660750493574,-94.81660750493569,14.16,38.156787685115845
0.3,10,high,19,247.8283333333333,180.02053909325573,67.80779424007756,53.97833333333333,33.448467021183745
0.3,10,high,19,257.505,176.1441385682485,81.36086143175146,65.605,33.05855298266288
0.3,10,low,17,90.05089743589744,171.84909955981936,-81.79820212392184,11.850897435897437,38.67792838864821
0.3,15,high,12,162.39,100.98738797415268,61.402612025847276,60.09000000000001,32.47387446063916
0.3,10,low,18,85.73179487179488,178.64998018287497,-92.9181853110801,18.68179487179487,37.361691894586635
0.3,15,high,1,153.41834733893558,122.97446375070209,30.44388358823349,57.418347338935575,49.44743672367513
0.3,10,high,20,262.2511904761905,188.62354498670288,73.62764548948772,58.40119047619048,33.49291435607226
0.3,15,high,0,0,0,0,0,0
0.3,10,low,16,72.64190476190477,152.78229598612722,-80.14039122422251,10.341904761904761,36.584097787929075
0.3,10,low,14,50.872142857142855,137.28136688268265,-86.40922402553988,15.522142857142859,36.78136688268269
0.3,10,low,17,71.975,169.25593911317594,-97.280939113176,15.475,37.19738055461738
0.3,10,high,20,264.4706220095694,185.58663508911178,78.88398692045752,62.57062200956936,33.85240085487763
0.3,15,high,0,0,0,0,0,0
0.3,10,low,18,105.06589743589745,178.4719856219857,-73.4060881860882,17.865897435897438,36.83234598234597
0.3,15,high,13,160.3769590643275,100.64486370368725,59.73209536064027,58.07695906432749,32.13135019017372
0.3,10,low,19,89.2101282051282,187.97013335983928,-98.76000515471105,17.160128205128206,37.76292615263204
0.3,15,high,2,158.69,113.45303373612198,45.23696626387802,62.68999999999998,39.92600670909492
0.3,10,low,15,59.61014555619819,144.51490401196287,-84.90475845576462,17.26014555619819,35.546435543494354
0.3,15,high,1,151.58836996336996,112.62683186042317,38.96153810294676,59.63836996336996,48.76196699555833
0.3,10,low,17,78.66055555555555,162.1605788929318,-83.50002333737636,10.360555555555557,36.95337168572463
0.3,10,low,18,81.49833333333333,178.32781425149847,-96.8294809181651,12.998333333333335,36.2692556929399
0.3,15,high,1,165.1220688642283,124.47214731994146,40.64992154428684,57.1220688642283,49.91809326588736
0.3,10,low,19,106.9980303030303,188.49731513481507,-81.49928483178482,10.798030303030302,38.6594772969773
0.3,15,high,3,153.62906432748542,109.59152946064707,44.03753486683833,57.62906432748538,36.06450243362008
0.3,15,high,14,162.53500000000003,101.10050254729045,61.43449745270952,60.23499999999999,32.586989033776966
0.3,10,low,20,95.54100539811066,196.19730596789418,-100.65630056978358,19.49100539811066,37.161269931858165
0.3,15,high,0,0,0,0,0,0
0.3,10,low,16,66.68102564102563,156.30362433849274,-89.6225986974672,18.33102564102564,37.875696410564835
0.3,15,high,2,151.91324561403508,103.97170221562638,47.9415433984087,59.963245614035074,40.106837350761495
0.3,10,low,18,80.59833333333333,171.49384367871204,-90.89551034537865,8.298333333333332,37.18753737240579
0.3,15,high,2,165.1539285714286,114.10102209366924,51.05290647775938,57.15392857142857,39.546968039615095
0.3,10,low,19,86.71176470588236,187.89959030713675,-101.18782560125439,12.211764705882354,36.561752469298916
0.3,15,high,4,151.46499999999997,109.15672544349013,42.3082745565098,55.46500000000001,35.629698416463114
0.3,10,low,20,118.13023809523808,196.3025898251904,-78.1723517299523,12.930238095238092,37.00529252789315
0.3,15,low,0,0,0,0,0,0
0.3,15,high,15,158.79789473684212,101.75347692979271,57.044417807049385,56.4978947368421,33.23996341627921
0.3,15,high,1,160.71525702238938,112.06787548625779,48.647381536131505,53.61525702238937,49.91922683760922
0.3,10,low,17,72.42360484544696,162.4826730951731,-90.05906824972615,17.073604845446955,36.12681723931724
0.3,15,high,3,147.88285714285712,99.05498774430659,48.82786939855052,55.932857142857145,35.19012287944177
0.3,10,low,20,97.46833333333333,197.7039313626388,-100.23559802930538,11.968333333333332,37.17690433561176
0.3,15,low,0,0,0,0,0,0
0.3,15,high,3,166.45,108.85042384067152,57.59957615932848,58.45,34.29636978661747
0.3,10,low,19,88.55,180.70732991394752,-92.15732991394749,8.25,37.12174432836197
0.3,15,high,5,151.03277777777777,109.06252425517133,41.97025352260641,55.03277777777778,35.53549722814429
0.3,15,low,1,67.89886002886003,125.55853527695638,-57.659675248096306,52.298860028860034,49.07204879046983
0.3,15,high,16,161.15,101.64555492403787,59.50444507596208,58.85,33.13204141052439
0.3,15,high,2,167.60921052631576,101.07793508555895,66.53127544075683,60.50921052631579,38.929286436910274
0.3,15,high,4,142.17511278195488,99.02512259424024,43.149990187714636,50.225112781954884,35.160257729375374
0.3,10,low,18,82.63857142857141,172.60516376104613,-89.96659233247469,19.28857142857143,37.690749346631705
0.3,15,high,4,161.996387235056,107.82720060285845,54.16918663219752,53.99638723505596,33.27314654880446
0.3,15,high,6,151.4715059708094,109.01533128398452,42.45617468682484,55.47150597080938,35.488304256957505
0.3,15,low,1,73.75882650029709,132.65118270226628,-58.89235620196919,58.458826500297086,47.89442594550954
0.3,15,low,2,59.379951159951155,119.2620125954104,-59.882061435459285,43.77995115995115,42.77552610892395
0.3,10,low,20,98.2252380952381,189.30756670238088,-91.0823286071429,10.925238095238097,36.98324237805663
0.3,15,low,0,0,0,0,0,0
0.3,15,high,17,165.805,109.48394548735108,56.32105451264893,53.504999999999995,33.222684226089804
0.3,15,high,3,165.895,97.94447857168444,67.9505214283156,58.795,35.795829923035804
0.3,15,high,5,146.64055555555555,99.88482248675747,46.755733068798094,54.69055555555555,36.019957621892615
0.3,10,low,19,93.06965367965367,179.8196010776893,-86.74994739803566,22.719653679653682,36.887168645256864
0.3,15,high,5,161.18960109549894,109.8228065438592,51.366794551639785,53.18960109549893,35.268752489805124
0.3,15,high,7,153.19411764705882,107.75174973913361,45.4423679079252,57.19411764705883,34.22472271210662
0.3,15,low,2,60.95769841269841,127.94087261173163,-66.98317419903324,45.65769841269841,43.184115854975
0.3,15,low,1,71.4418714537097,129.80623072372293,-58.36435927001327,54.341871453709686,48.29271721020947
0.3,15,high,18,179.49444444444447,116.86684545457764,62.627598989866854,57.194444444444436,32.49747608520829
0.3,15,low,3,71.85197368421052,116.38952811731453,-44.537554433104006,56.25197368421052,39.903041630828
0.3,15,high,4,166.67,96.38351014914483,70.28648985085516,59.57000000000001,34.234861500496166
0.3,10,low,20,94.57333333333334,188.0831104703008,-93.50977713696749,17.223333333333333,36.86238974958016
0.3,15,low,0,0,0,0,0,0
0.3,15,high,6,146.26875276426358,98.29687466018733,47.971878104076254,54.31875276426359,34.432009795322486
0.3,15,high,6,165.72464912280702,108.29363006007745,57.431019062729604,57.72464912280702,33.73957600602337
0.3,15,low,3,82.97352813852814,124.4140821979057,-41.44055405937756,67.67352813852814,39.65732544114898
0.3,15,high,19,183.8516666666667,126.04848120080321,57.803185465863535,51.55166666666666,32.85028300260499
0.3,15,high,8,153.85346153846154,107.8212652462652,46.03219629219633,57.85346153846153,34.29423821923823
0.3,15,low,2,58.54850544063779,125.36036242851252,-66.81185698787476,41.44850544063779,43.84684891499909
0.3,15,low,4,64.28666666666666,115.08276429197483,-50.796097625308136,48.686666666666675,38.596277805488334
0.3,15,high,5,169.69069659442727,96.47525238926171,73.21544420516558,62.59069659442724,34.326603740613024
0.3,15,high,7,143.6483333333333,97.23316220154456,46.41517113178877,51.69833333333334,33.36829733667969
0.3,15,low,1,69.5940268065268,130.35648760068264,-60.76246079415587,53.5440268065268,48.478109222304276
0.3,15,low,4,75.48807692307693,121.76709444406808,-46.279017520991104,60.188076923076935,37.01033768731138
0.3,15,high,7,160.94666666666666,108.42323032323033,52.52343634343633,52.94666666666667,33.86917626917627
0.3,15,high,9,153.285,107.18119474443004,46.10380525556998,57.28500000000001,33.65416771740302
0.3,15,high,20,196.93428571428575,134.3103433139424,62.62394240034334,54.63428571428572,33.36439736799643
0.3,15,low,0,0,0,0,0,0
0.3,15,low,5,53.98927836052836,113.93282763282762,-59.94354927229925,38.389278360528365,37.44634114634115
0.3,15,low,3,79.96205128205128,121.51569005245473,-41.55363877040344,62.862051282051276,40.00217653894126
0.3,15,high,6,168.95622807017543,95.50550799827118,73.45072007190424,61.85622807017544,33.3568593496225
0.3,15,high,8,145.24073112645868,98.206684692211,47.03404643424766,53.29073112645868,34.34181982734615
0.3,15,low,2,86.15039432789432,124.42925307685371,-38.278858748959365,70.10039432789434,42.55087469847532
0.3,15,high,8,160.41340557275538,106.88987352737355,53.52353204538191,52.413405572755416,32.33581947331948
0.3,15,low,5,52.35536324786325,122.30900430165137,-69.95364105378817,37.05536324786325,37.55224754489459
0.3,15,high,10,150.04555555555558,108.4663267861797,41.57922876937586,54.045555555555566,34.939299759152696
0.3,15,low,1,64.93079426421532,124.61070116847984,-59.6799069042645,52.48079426421532,50.46205251983113
0.3,15,low,6,77.32823529411765,113.83785595403246,-36.50962065991477,61.728235294117646,37.35136946754593
0.3,15,low,4,56.84673202614378,119.97433962801612,-63.12760760187233,39.746732026143796,38.46082611450258
0.3,15,high,7,162.32315789473682,96.69035796930537,65.6327999254315,55.22315789473684,34.54170932065668
0.3,15,high,9,139.79144945697576,96.74902026086237,43.0424291961134,47.84144945697577,32.8841553959975
0.3,15,low,3,51.15940476190476,121.54250610349682,-70.38310134159204,35.10940476190477,39.66412772511843
0.3,15,high,9,164.82061403508771,106.73379532845479,58.086818706632926,56.82061403508773,32.17974127440071
0.3,15,low,6,64.88547619047618,121.98809902892718,-57.10262283845101,49.58547619047618,37.23134227217045
0.3,15,high,11,152.77894736842103,108.73487874285085,44.044068625570134,56.77894736842104,35.20785171582384
0.3,15,low,7,54.743412698412705,113.77068456522791,-59.02727186681515,39.1434126984127,37.28419807874142
0.3,15,low,5,56.4872796811032,118.52162735692151,-62.03434767581824,39.38727968110321,37.008113843407955
0.3,15,low,2,59.15456582633053,116.81350721219147,-57.65894138586088,46.70456582633053,42.664858563542786
0.3,15,high,8,165.35,95.84022270036202,69.50977729963796,58.25,33.691574051713374
0.3,15,high,10,139.7971428571429,96.04621285008282,43.75093000706002,47.847142857142856,32.181347985217954
0.3,15,low,4,48.81067042606516,119.32925891675887,-70.5185884906937,32.76067042606516,37.450880538380545
0.3,15,high,10,165.75357757137942,108.07877783071278,57.67479974066666,57.753577571379424,33.52472377665876
0.3,15,low,7,49.614877899877904,122.51821279584438,-72.90333489596648,34.31487789987791,37.761456039087626
0.3,15,low,8,56.75802631578947,112.44330318668553,-55.68527687089611,41.15802631578948,35.95681670019905
0.3,15,high,12,151.78994152046783,107.69915105081516,44.0907904696527,55.789941520467835,34.17212402378811
0.3,15,high,9,167.89315789473685,94.4117142051352,73.48144368960156,60.79315789473685,32.26306555648661
0.3,15,low,3,59.67083333333333,113.04928311573052,-53.378449782397176,47.22083333333333,38.9006344670818
0.3,15,low,6,51.628787878787875,119.60983737698139,-67.98104949819347,34.52878787878788,38.096323863467816
0.3,15,high,11,146.82,96.87813237275309,49.94186762724688,54.870000000000005,33.01326750788825
0.3,15,high,11,162.89166666666668,109.38083293083295,53.510833735833714,54.89166666666667,34.82677887677889
0.3,15,low,5,80.73535714285715,119.32005273328807,-38.58469559043087,64.68535714285716,37.44167435490965
0.3,15,low,8,51.07095238095238,121.84102083660906,-70.77006845565667,35.77095238095238,37.08426407985231
0.3,15,low,9,73.75467948717949,113.30215120729828,-39.54747172011881,58.154679487179486,36.81566472081178
0.3,15,high,13,153.31000000000003,107.82923687068426,45.48076312931575,57.30999999999999,34.3022098436572
0.3,15,high,12,144.22309941520467,96.87006125934141,47.35303815586323,52.27309941520467,33.005196394476584
0.3,15,high,10,170.155,95.05475401725397,75.100245982746,63.05500000000001,32.906105368605374
0.3,15,low,7,80.67916666666666,119.60176953741194,-38.922602870745266,63.579166666666666,38.08825602389844
0.3,15,low,4,63.08988038277512,110.64891955039016,-47.559039167615055,50.63988038277512,36.50027090174148
0.3,15,high,12,165.56944444444443,107.93616009854398,57.63328434590041,57.56944444444444,33.382106044489944
0.3,15,low,6,56.48222222222222,118.0141339903337,-61.531911768111485,40.43222222222222,36.1357556119553
0.3,15,low,9,78.80686868686868,121.08525223084045,-42.27838354397183,63.506868686868685,36.32849547408371
0.3,15,low,10,49.94764705882353,113.26141231950058,-63.313765260676995,34.34764705882353,36.77492583301407
0.3,15,high,11,170.07,92.93217488527081,77.13782511472918,62.970000000000006,30.783526236622215
0.3,15,high,14,151.1114372469636,107.14571333611583,43.96572391084774,55.111437246963554,33.61868630908877
0.3,15,low,8,51.21876262626263,117.62028568917106,-66.4015230629085,34.11876262626263,36.10677217565764
0.3,15,high,13,147.40388888888893,97.37697976018404,50.026909128704844,55.4538888888889,33.512114895319236
0.3,15,low,5,59.61333333333332,110.84110605886923,-51.22777272553588,47.163333333333334,36.692457410220555
0.3,15,high,13,163.45888888888888,106.7320268843489,56.72686200453998,55.45888888888889,32.17797283029481
0.3,15,low,7,55.7792731829574,118.29571343321342,-62.516440250256025,39.729273182957385,36.41733505483507
0.3,15,low,10,54.036153846153844,120.57729014160905,-66.54113629545517,38.73615384615384,35.820533384852254
0.3,15,low,11,60.992808123249304,113.57561489256534,-52.58280676931602,45.392808123249296,37.089128406078885
0.3,15,high,15,156.41065789473686,107.32305787878545,49.087600015951395,60.410657894736836,33.7960308517584
0.3,15,high,14,147.64317813765183,96.55695546577898,51.08622267187285,55.69317813765183,32.69209060091413
0.3,15,high,12,166.41368421052633,94.46964253434845,71.9440416761779,59.31368421052632,32.320993885699764
0.3,15,low,9,61.91888888888889,119.15256984811941,-57.233680959230526,44.81888888888889,37.63905633460586
0.3,15,low,6,49.28741702741702,112.53865290482936,-63.251235877412384,36.83741702741703,38.39000425618073
0.3,15,low,8,47.29833333333333,118.55262217104323,-71.25428883770985,31.248333333333335,36.67424379266485
0.3,15,high,14,168.0244805194805,108.42508183700133,59.59939868247919,60.02448051948052,33.8710277829473
0.3,15,low,11,55.00277777777778,121.30375961935555,-66.30098184157775,39.702777777777776,36.54700286259883
0.3,15,low,12,67.83416666666668,112.28383174633174,-44.44966507966504,52.23416666666667,35.79734525984527
0.3,15,high,16,151.03834586466164,109.2126094452333,41.825736419428324,55.03834586466165,35.685582418206245
0.3,15,high,15,147.21325174825174,97.77888939359528,49.43436235465646,55.263251748251754,33.91402452873041
0.3,15,high,13,163.8009133126935,95.35435930714566,68.44655400554782,56.70091331269349,33.20571065849705
0.3,15,low,10,62.51980742296918,118.37363198818306,-55.853824565213856,45.41980742296919,36.86011847466955
0.3,15,low,9,69.44214285714284,118.60470398976591,-49.1625611326231,53.392142857142844,36.72632561138754
0.3,15,low,7,41.566753246753244,110.78973912967726,-69.22298588292401,29.116753246753245,36.641090481028556
0.3,15,high,15,164.93219298245614,107.74843635896272,57.18375662349348,56.93219298245615,33.19438230490862
0.3,15,low,12,58.158743756243766,119.89161950241673,-61.732875746172965,42.858743756243754,35.134862745659966
0.3,15,high,17,156.45375,116.40111395111394,40.052636048886,50.45375,34.856068906068906
0.3,15,low,13,60.30044566544566,113.45294408781251,-53.15249842236684,44.700445665445656,36.96645760132603
0.3,15,high,16,148.40727956254273,97.83807565518094,50.56920390736181,56.45727956254272,33.97321079031604
0.3,15,low,11,60.356272918258206,117.58056089650516,-57.224287978247,43.25627291825821,36.06704738299166
0.3,15,high,14,170.57999999999998,94.7500029227583,75.82999707724167,63.48,32.601354274109696
0.3,15,low,8,61.51248471557682,111.80320506287994,-50.290720347303136,49.062484715576815,37.65455641423134
0.3,15,low,10,57.41992557150451,119.57756453449181,-62.157638962987306,41.36992557150451,37.699186156113385
0.3,15,high,16,164.86384615384617,107.81200321587313,57.051842937973035,56.863846153846154,33.257949161819134
0.3,15,low,13,72.71333333333332,120.49287309635604,-47.77953976302274,57.413333333333334,35.73611633959931
0.3,15,high,18,165.48000000000002,124.02798628607458,41.452013713925524,49.480000000000004,33.65411241220065
0.3,15,low,14,57.86722222222221,112.54278803489329,-54.67556581267108,42.26722222222222,36.05630154840681
0.3,15,high,17,152.475,106.4645878020878,46.0104121979122,50.525,34.671795009295
0.3,15,high,15,167.82986928104575,95.0393817699932,72.7904875110525,60.72986928104575,32.890733121344574
0.3,15,low,12,60.426300505050506,117.62053760211658,-57.194237097066036,43.326300505050504,36.107024088603026
0.3,15,low,9,52.642647058823535,111.11767427491107,-58.47502721608759,40.19264705882353,36.969025626262486
0.3,15,low,11,57.50487950645845,118.8792481461599,-61.374368639701416,41.454879506458454,37.000869767781516
0.3,15,high,17,174.24777777777777,116.39822987292031,57.849547904857474,56.24777777777778,33.64597762066802
0.3,15,low,14,49.4975,121.6139012146752,-72.11640121467521,34.197500000000005,36.85714445791845
0.3,15,high,19,177.4875,131.12592451671404,46.361575483286,51.4875,32.37367226446174
0.3,15,high,18,153.97064102564104,114.27520483263517,39.695436193005875,42.02064102564103,34.1941237515541
0.3,15,low,15,58.475833333333334,112.57452224952225,-54.09868891618891,42.87583333333334,36.08803576303576
0.3,15,low,13,62.575238095238106,117.1998947939738,-54.62465669873562,45.47523809523809,35.686381280460225
0.3,15,high,16,168.34763157894736,94.38907111298755,73.95856046595986,61.24763157894737,32.24042246433888
0.3,15,low,10,57.12571428571429,110.17968737968741,-53.053973093973106,44.675714285714285,36.03103873103873
0.3,15,high,18,181.11999999999998,124.95572040618482,56.16427959381514,53.120000000000005,33.374639325103715
0.3,15,low,12,59.49228758169934,117.93149861601874,-58.43921103431942,43.44228758169935,36.053120237640364
0.3,15,high,20,187.53863636363636,140.41340847277382,47.12522789086256,51.538636363636364,33.46295802232334
0.3,20,high,0,0,0,0,0,0
0.3,15,low,15,71.27194444444444,121.78399453728396,-50.5120500928396,55.971944444444446,37.02723778052725
0.3,15,high,19,166.40970760233918,122.52400200701285,43.88570559532634,44.45970760233918,34.33481281782364
0.3,15,low,16,74.77706007442849,112.59298724325814,-37.815927168829646,59.177060074428496,36.10650075677167
0.3,15,low,14,63.287777777777784,117.90960763611692,-54.62182985833912,46.18777777777778,36.39609412260342
0.3,15,high,17,172.26500000000001,102.37996393627198,69.885036063728,55.165,32.39347744978551
0.3,15,low,11,46.68806471306472,111.24412708832206,-64.5560623752574,34.238064713064716,37.095478439673506
0.3,15,high,19,189.6125,134.50461370461372,55.10788629538632,51.6125,34.54515424515424
0.3,15,low,13,50.18282428355958,118.0239473385758,-67.84112305501621,34.13282428355958,36.14556896019743
0.3,20,high,1,153.8388564213564,112.89522729596258,40.943629125393784,44.78885642135642,49.12495702569231
0.3,15,low,16,62.09083333333333,121.61529475159506,-59.52446141826173,46.79083333333333,36.858537994838315
0.3,15,high,20,176.9396562261268,130.81197031177683,46.127685914349996,44.989656226126804,34.424582924389426
0.3,20,high,0,0,0,0,0,0
0.3,15,low,17,45.386813490946615,121.0667192542193,-75.67990576327264,21.786813490946617,35.84149402899403
0.3,15,low,15,66.47460784313725,116.74146281131576,-50.26685496817849,49.374607843137255,35.22794929780225
0.3,15,high,18,183.90999999999997,109.77372017135949,74.13627982864047,56.81,31.589035486674803
0.3,15,low,12,59.115404040404044,110.97219582734292,-51.856791786938885,46.66540404040404,36.823547178694234
0.3,15,high,20,198.26342105263157,142.35849932777182,55.90492172485975,50.263421052631585,33.840481309753756
0.3,20,high,0,0,0,0,0,0
0.3,15,low,14,56.48468002585649,118.30919854669852,-61.824518520842034,40.434680025856494,36.430820168320174
0.3,20,high,2,176.28912280701752,104.12842697506008,72.16069583195744,67.23912280701754,40.35815670478983
0.3,15,low,17,40.66583333333333,129.30756299579826,-88.64172966246488,17.36583333333333,36.17242786066316
0.3,20,high,1,165.15715506715506,117.39126338859306,47.76589167856204,55.95715506715506,48.45883095616067
0.3,15,low,18,49.85854636591479,130.56615653891197,-80.7076101729972,18.25854636591479,36.87246284521826
0.3,15,low,16,57.346067251461974,118.58428732093593,-61.2382200694739,40.24606725146198,37.07077380742243
0.3,15,high,19,195.57,119.37302278184633,76.19697721815366,58.469999999999985,32.17932908815262
0.3,15,low,13,61.53174603174604,110.79110325573171,-49.25935722398572,49.08174603174603,36.642454607083096
0.3,20,high,1,160.10018170426065,120.48620097408802,39.61398073017267,55.55018170426065,50.013228001115
0.3,15,low,15,67.73261363636364,118.8923900792322,-51.15977644286859,51.682613636363634,37.0140117008538
0.3,20,high,3,171.36555555555555,99.56232838241357,71.80322717314208,62.315555555555555,35.79205811214325
0.3,20,high,2,165.6458479532164,107.42281993237877,58.22302802083762,56.445847953216365,38.49038749994632
0.3,15,low,18,44.50356060606061,138.5634745759746,-94.05991396991396,16.203560606060606,36.41933043183042
0.3,15,low,19,55.49628446115288,140.0822489159176,-84.58596445476469,17.89628446115288,37.0191858528546
0.3,15,low,17,45.76162393162393,126.36503174618502,-80.60340781456107,22.66162393162393,36.83350021465346
0.3,15,high,20,203.945,128.61788441742004,75.32711558257998,56.845000000000006,32.95572225525787
0.3,20,high,0,0,0,0,0,0
0.3,15,low,14,57.59222943722945,110.30541242673597,-52.71318298950655,45.14222943722944,36.1567637780873
0.3,20,high,2,163.24500000000003,108.75899278902376,54.486007210976254,58.69499999999999,38.286019816050775
0.3,15,low,16,73.49728049728051,118.04889200721244,-44.551611509931945,57.447280497280495,36.17051362883406
0.3,20,high,3,163.3078431372549,103.62011211674525,59.68773102050966,54.107843137254896,34.68767968431282
0.3,15,low,19,50.589166666666664,147.79172984351,-97.20256317684343,17.289166666666667,36.63857669035688
0.3,20,high,4,166.65966374269004,96.77689956292896,69.88276417976108,57.60966374269005,33.00662929265872
0.3,15,low,20,57.90659581646423,149.7889932600072,-91.88239744354294,15.306595816464238,37.35656082757476
0.3,20,high,0,0,0,0,0,0
0.3,15,low,18,48.92989316239316,135.86297892218946,-86.93308575979627,17.829893162393166,37.772888832099355
0.3,20,high,1,171.0760803167421,122.48094596353107,48.59513435321102,55.12608031674208,49.535000017585155
0.3,20,high,3,167.93157894736842,104.62761795962265,63.30396098774581,63.38157894736842,34.15464498664962
0.3,15,low,17,44.41277777777778,126.77012836486522,-82.35735058708745,20.36277777777778,36.51337160810844
0.3,15,low,15,54.38847041847041,111.15204672573095,-56.763576307260486,41.93847041847042,37.00339807708229
0.3,20,high,5,172.10384615384618,97.20342920447406,74.90041694937213,63.05384615384615,33.43315893420383
0.3,20,high,4,163.9373076923077,104.51197014858006,59.42533754372762,54.737307692307695,35.57953771614762
0.3,15,low,19,58.59777777777778,143.82016320108423,-85.22238542330642,21.497777777777777,37.17151455243561
0.3,15,low,20,55.5475,157.4849276782714,-101.93742767827139,13.247499999999999,37.59303578637942
0.3,20,low,0,0,0,0,0,0
0.3,20,high,2,188.45499999999998,111.43059614588256,77.02440385411748,72.505,38.48465019993659
0.3,20,high,1,159.21087435440376,116.4964628307895,42.71441152361426,54.51087435440377,49.53700337133
0.3,20,high,4,164.73666666666665,103.42460862867212,61.3120580379946,60.18666666666667,32.951635655699135
0.3,15,low,18,46.797222222222224,136.34509183197258,-89.54786960975042,14.74722222222222,37.259506246387055
0.3,15,low,16,48.17631578947368,110.7861278068708,-62.609812017397196,35.72631578947368,36.637479158222206
0.3,20,high,5,163.86055555555555,103.96803568622455,59.89251986933104,54.66055555555556,35.03560325379212
0.3,20,high,6,173.345,98.15898331115054,75.18601668884949,64.29499999999999,34.38871304088021
0.3,15,low,20,61.58857142857143,151.82255820792972,-90.23398677935829,15.48857142857143,36.61535100072253
0.3,20,low,0,0,0,0,0,0
0.3,20,low,1,74.31077991452992,133.82286427433485,-59.51208435980493,52.710779914529915,48.187729139199725
0.3,20,high,3,186.62,107.47183333549425,79.14816666450567,70.67,34.52588738954838
0.3,20,high,2,167.87500000000003,108.19776907865145,59.67723092134861,63.17500000000001,41.23830961919195
0.3,20,high,5,167.18578947368422,103.36184517500307,63.823944298681184,62.63578947368421,32.88887220203009
0.3,15,low,17,35.81140575798471,119.89324109324109,-84.08183533525636,14.361405757984704,37.276123976123976
0.3,15,low,19,54.5025,145.07526725769762,-90.57276725769754,16.4525,37.16085284328319
0.3,20,high,6,163.06269230769232,102.388003341138,60.6746889665543,53.862692307692306,33.45557090870559
0.3,20,low,2,97.4711111111111,127.42575567575567,-29.954644564644596,75.8711111111111,41.790620540620544
0.3,20,high,7,170.83526315789473,96.50263866440335,74.3326244934914,61.78526315789475,32.73236839413311
0.3,20,low,1,70.11366114707447,130.87646612662093,-60.76280497954643,48.36366114707446,50.18727693743173
0.3,20,high,6,168.32042182662536,103.27466080546576,65.04576102115958,63.77042182662539,32.80168783249279
0.3,20,high,4,187.45999999999998,106.67633128635447,80.78366871364547,71.51000000000002,33.73038534040857
0.3,20,high,3,165.67000000000002,103.19805393543785,62.471946064562175,60.970000000000006,36.23859447597837
0.3,15,low,20,60.44517676767676,152.8428226178227,-92.39764585014592,15.395176767676768,36.18966946466946
0.3,15,low,18,39.37833333333333,128.29013457449986,-88.9118012411665,9.928333333333333,37.294639079004405
0.3,20,low,0,0,0,0,0,0
0.3,20,high,7,165.17470760233917,102.56980402181641,62.60490358052277,55.97470760233919,33.637371589383974
0.3,20,low,2,86.94803030303031,121.19243064436564,-34.24440034133531,65.19803030303031,40.50324145517643
0.3,20,low,3,65.37896825396825,123.66907272348452,-58.29010446951625,43.778968253968266,38.03393758834934
0.3,20,high,8,171.935,96.1759261465531,75.75907385344695,62.885000000000005,32.40565587628281
0.3,20,high,7,166.44464912280702,103.73056429886923,62.71408482393781,61.894649122807024,33.25759132589629
0.3,20,high,4,168.9036240110079,101.36646620234083,67.53715780866708,64.20362401100792,34.40700674288136
0.3,20,high,5,187.98,104.87740710976001,83.10259289023999,72.03,31.931461163814106
0.3,15,low,19,45.245,136.7068534196243,-91.4618534196243,10.794999999999998,36.972619185390094
0.3,20,low,1,74.07718697968697,130.5643637489226,-56.4871767692356,56.827186979686985,49.226525911084735
0.3,20,high,9,172.69315789473686,96.26401577388425,76.42914212085262,63.64315789473683,32.49374550361393
0.3,20,high,8,169.10529704944182,102.76465832781618,66.34063872162561,59.905297049441785,33.832225895383786
0.3,20,low,3,74.63888888888889,117.83130663130665,-43.19241774241772,52.88888888888889,37.14211744211744
0.3,20,low,4,79.62738095238095,123.52982157982153,-43.902440627440626,58.027380952380966,37.89468644468646
0.3,20,high,8,167.04763157894737,104.01159825424534,63.03603332470206,62.49763157894738,33.53862528127233
0.3,20,high,6,188.88184210526313,105.77943082436116,83.10241128090198,72.93184210526317,32.833484878415234
0.3,20,high,5,170.9946574770259,99.89945866366145,71.09519881336446,66.2946574770259,32.939999204201996
0.3,15,low,20,54.24810606060606,144.88409745445352,-90.6359913938474,10.79810606060606,36.68139475175079
0.3,20,low,0,0,0,0,0,0
0.3,20,low,2,88.83530219780219,124.61288601195726,-35.777583814155065,71.58530219780219,43.27504817411938
0.3,20,high,10,170.89769230769235,96.41535848935231,74.48233381834004,61.847692307692306,32.64508821908203
0.3,20,low,5,77.47115384615384,122.50706439595753,-45.03591054980373,55.871153846153845,36.87192926082244
0.3,20,high,9,173.275,103.05106940014059,70.2239305998594,64.075,34.11863696770817
0.3,20,low,4,70.29606951871656,116.93408221953115,-46.6380127008146,48.54606951871658,36.24489303034193
0.3,20,high,9,168.35750000000002,103.39404812779429,64.96345187220574,63.807500000000005,32.921075154821295
0.3,20,high,6,168.36118421052632,100.34165849730864,68.01952571321766,63.661184210526315,33.3821990378492
0.3,20,high,7,188.0563054695562,105.77451735280682,82.28178811674933,72.10630546955625,32.828571406860874
0.3,20,low,1,80.04925648697707,130.74333907147374,-50.69408258449667,55.749256486977075,49.85144717958186
0.3,20,low,3,42.19695175438596,120.80737325129742,-78.61042149691147,24.946951754385964,39.46953541345958
0.3,20,high,10,166.32711323763957,101.73826464964239,64.58884858799722,57.12711323763956,32.80583221720993
0.3,20,low,6,72.92183257918552,122.83394856092227,-49.91211598173672,51.32183257918551,37.19881342578712
0.3,20,high,11,175.1125,96.79324705106441,78.31925294893563,66.0625,33.02297678079412
0.3,20,low,5,63.92175824175823,117.1885003694214,-53.266742127663186,42.17175824175824,36.499311180232226
0.3,20,high,10,165.24444444444444,104.71453731453731,60.52990712990717,60.69444444444446,34.24156434156435
0.3,20,high,7,167.27000000000004,100.23342397018867,67.03657602981136,62.56999999999999,33.27396451072921
0.3,20,high,8,187.95891812865497,105.17064984642379,82.78826828223113,72.00891812865497,32.2247039004779
0.3,20,low,2,98.28033896658897,123.03234467630753,-24.752005709718503,73.98033896658896,42.140452784415615
0.3,20,low,4,77.28690476190476,119.8847940215587,-42.597889259653954,60.03690476190476,38.54695618372091
0.3,20,low,6,68.45799422799422,118.38336912160442,-49.92537489361021,46.707994227994234,37.694179932415224
0.3,20,high,11,167.39850427350427,101.45766596943065,65.94083830407362,58.19850427350427,32.525233536998265
0.3,20,low,7,71.17662393162394,121.71652441652441,-50.53990048490046,49.57662393162393,36.081389281389285
0.3,20,high,12,171.42,97.18267455767459,74.23732544232544,62.370000000000005,33.41240428740428
0.3,20,high,11,168.22831269349848,103.47987294237292,64.74843975112553,63.678312693498455,33.006899969399974
0.3,20,high,8,170.33295321637428,101.45168779212902,68.88126542424527,65.63295321637426,34.4922283326695
0.3,20,high,9,188.70555555555558,104.30780208918753,84.39775346636804,72.75555555555555,31.36185614324159
0.3,20,low,3,58.45237781954887,119.62388497574258,-61.171507156193655,34.152377819548875,38.731993083850675
0.3,20,low,5,57.633058608058604,119.3106551252062,-61.67759651714759,40.38305860805861,37.972817287368365
0.3,20,low,7,71.14950395150086,116.32889429205217,-45.179390340551336,49.399503951500854,35.639705102863
0.3,20,high,12,166.82117647058826,100.91209441101081,65.90908205957741,57.62117647058824,31.979661978578395
0.3,20,low,8,66.81766981556456,122.92611740769641,-56.10844759213181,45.217669815564555,37.290982272561216
0.3,20,high,12,173.2640058479532,102.62743457743457,70.63657127051863,68.71400584795322,32.15446160446161
0.3,20,high,13,173.70000000000002,96.45934539018901,77.24065460981099,64.65,32.689075119918776
0.3,20,high,10,189.45999999999998,105.34349882066604,84.11650117933397,73.51000000000002,32.397552874720056
0.3,20,low,4,74.27679160021265,119.8628032816887,-45.58601168147611,49.97679160021265,38.97091138979683
0.3,20,high,9,162.54090643274853,99.70159154779905,62.83931488494946,57.84090643274855,32.74213208833951
0.3,20,low,6,78.90333333333334,118.73720107617166,-39.833867742838336,61.65333333333333,37.399363238333834
0.3,20,low,8,90.25666666666667,118.08761779291964,-27.830951126252955,68.50666666666667,37.39842860373046
0.3,20,high,13,168.0444169637552,101.2560418531007,66.78837511065454,58.8444169637552,32.32360942066825
0.3,20,low,9,53.476354026090874,123.3691212322791,-69.89276720618822,31.876354026090873,37.733986097143976
0.3,20,high,14,168.9811961722488,95.99020829787085,72.99098787437792,59.931196172248804,32.21993802760056
0.3,20,high,13,162.93,101.37040704409128,61.55959295590874,58.379999999999995,30.89743407111827
0.3,20,low,5,71.75066240261287,118.49495878094955,-46.744296378336585,47.45066240261286,37.60306688905758
0.3,20,high,10,162.91183479532165,99.68383450558373,63.228000289737935,58.211834795321636,32.724375046124266
0.3,20,high,11,189.65,105.13038713228343,84.51961286771657,73.69999999999999,32.184441186337466
0.3,20,low,9,73.7636111111111,117.1939130643078,-43.430301953196675,52.0136111111111,36.50472387511861
0.3,20,low,7,53.812698412698396,117.69795234114123,-63.885253928442836,36.56269841269842,36.36011450330335
0.3,20,low,10,82.67571428571429,122.88768054994836,-40.211966264234064,61.075714285714284,37.25254541481323
0.3,20,high,14,169.63581871345028,101.14172233363414,68.49409637981621,60.435818713450296,32.20928990120166
0.3,20,high,15,171.48131578947368,96.49946222333993,74.98185356613376,62.43131578947367,32.72919195306965
0.3,20,high,14,168.99432748538013,102.8394139664264,66.15491351895375,64.44432748538011,32.366440993453374
0.3,20,low,6,78.43960784313724,117.37628746444534,-38.9366796213081,54.139607843137256,36.484395572553474
0.3,20,high,11,164.39499999999998,101.06841332797214,63.326586672027815,59.69500000000001,34.10895386851269
0.3,20,high,12,186.40999999999997,105.46812697904029,80.94187302095973,70.46000000000001,32.52218103309434
0.3,20,low,8,79.55952380952382,118.36701713025246,-38.80749332072861,62.30952380952381,37.02917929241458
0.3,20,low,10,58.7130303030303,118.5746430641167,-59.86161276108641,36.9630303030303,37.88545387492757
0.3,20,low,11,76.18528846153846,122.75171072322767,-46.566422261689254,54.58528846153846,37.11657558809262
0.3,20,high,15,168.15449760765551,100.91287019301723,67.24162741463827,58.95449760765549,31.980437760584824
0.3,20,high,16,171.9091004471964,96.88798858164184,75.02111186555459,62.85910044719642,33.11771831137157
0.3,20,high,15,169.075,102.68531668756124,66.3896833124387,64.525,32.2123437145883
0.3,20,high,12,163.92176470588237,99.47648443294727,64.4452802729351,59.22176470588234,32.51702497348783
0.3,20,high,13,186.48034055727555,104.81332877164924,81.66701178562631,70.53034055727555,31.867382825703256
0.3,20,low,7,76.47554824561404,118.0646993470523,-41.589151101438205,52.17554824561404,37.172807455160395
0.3,20,low,9,61.06130252100841,118.17135510424991,-57.110052583241476,43.8113025210084,36.83351726641199
0.3,20,low,12,72.44556623931625,121.81975145856728,-49.37418521925102,50.845566239316234,36.184616323432124
0.3,20,low,11,83.29195906432747,118.00955129770921,-34.717592233381794,61.54195906432748,37.32036210852
0.3,20,high,17,177.10143790849673,96.13793216378357,80.96350574471317,68.05143790849672,32.36766189351329
0.3,20,high,16,165.68300059417706,101.63218928482088,64.05081130935615,56.483000594177064,32.699756852388425
0.3,20,high,16,164.67540935672517,102.87455464297574,61.80085471374947,60.12540935672514,32.40158167000271
0.3,20,high,13,168.34055555555557,100.30667266108438,68.03388289447113,63.640555555555544,33.347213201624974
0.3,20,high,14,187.02463562753036,103.75395610318213,83.27067952434825,71.07463562753036,30.808010157236158
0.3,20,low,8,76.94853383458647,117.4831886290091,-40.53465479442259,52.648533834586466,36.59129673711717
0.3,20,low,10,65.51464285714286,119.33081382160333,-53.8161709644605,48.26464285714286,37.99297598376544
0.3,20,low,13,92.88333333333333,122.53631550605233,-29.652982172719035,71.28333333333333,36.9011803709172
0.3,20,low,12,55.937655658754736,117.96495005113427,-62.02729439237953,34.187655658754736,37.27576086194509
0.3,20,high,17,168.46362057103545,101.89178585780753,66.57183471322789,59.26362057103544,32.9593534253751
0.3,20,high,18,174.2795373237014,96.68103264798312,77.59850467571825,65.22953732370141,32.910762377712835
0.3,20,high,17,169.2173684210526,102.71971567265683,66.49765274839578,64.66736842105263,32.24674269968388
0.3,20,high,15,186.39000000000001,104.59144868850753,81.79855131149253,70.44,31.645502742561565
0.3,20,high,14,160.23888888888888,100.0966477695193,60.1422411193696,55.53888888888889,33.13718831005982
0.3,20,low,9,67.35505341880341,117.26686312862782,-49.911809709824425,43.05505341880342,36.37497123673595
0.3,20,low,11,62.988214285714285,117.36207993487402,-54.37386564915976,45.73821428571428,36.024242097036215
0.3,20,low,14,66.84236842105263,122.68221319471317,-55.83984477366059,45.24236842105263,37.04707805957806
0.3,20,high,18,170.71504273504274,102.67542103567644,68.03962169936628,61.51504273504272,33.74298860324403
0.3,20,high,19,172.92375000000004,96.58855973488328,76.33519026511675,63.873749999999994,32.818289464613
0.3,20,low,13,81.57666666666667,116.59309624375418,-35.01642957708749,59.82666666666667,35.90390705456495
0.3,20,high,18,161.74088235294116,103.33392651554414,58.40695583739702,57.19088235294117,32.86095354257119
0.3,20,high,16,184.1,104.42361971259027,79.6763802874097,68.15,31.477673766644365
0.3,20,high,15,160.77,101.30160606553795,59.46839393446207,56.07000000000001,34.342146606078494
0.3,20,low,10,80.33777777777779,117.85659093128136,-37.51881315350359,56.037777777777784,36.96469903938943
0.3,20,low,12,54.99261904761905,117.71026887276888,-62.717649825149785,37.742619047619044,36.37243103493103
0.3,20,low,15,71.15474747474748,122.80777096473695,-51.65302348998941,49.55474747474747,37.172635829601774
0.3,20,high,19,169.75084263689524,103.14433408554922,66.60650855134595,60.550842636895275,34.21190165311684
0.3,20,low,14,63.13081699346405,115.8881527921002,-52.757335798636134,41.38081699346405,35.198963602910965
0.3,20,high,20,169.40944444444443,94.95202635036226,74.45741809408217,60.35944444444444,31.18175608009198
0.3,20,low,0,0,0,0,0,0
0.3,20,high,19,167.42000000000002,103.14869289389412,64.27130710610588,62.870000000000005,32.67571992092116
0.3,20,low,11,61.97802232854865,116.02131092282025,-54.0432885942716,37.67802232854865,35.129419030928304
0.3,20,high,17,181.63,104.45264289672183,77.17735710327813,65.68000000000002,31.5066969507759
0.3,20,high,16,167.8629813976873,100.35712990643333,67.50585149125394,63.16298139768728,33.397670446973855
0.3,20,low,13,59.08555555555556,117.53707532418831,-58.45151976863275,41.83555555555556,36.199237486350505
0.3,20,low,16,89.10333333333332,122.80997583218945,-33.7066424988561,67.50333333333333,37.17484069705431
0.3,20,low,15,83.70912698412698,116.13987618151708,-32.43074919739007,61.95912698412699,35.450686992327846
0.3,20,low,1,70.62136721122016,123.01896486602368,-52.39759765480353,53.52136721122015,49.8297756768345
0.3,20,high,20,170.575,102.54826125414361,68.02673874585633,61.375,33.61582882171116
0.5,0,high,0,0,0,0,0,0
0.3,20,high,20,162.905,104.11501655797323,58.78998344202677,58.355,33.64204358500024
0.5,0,high,0,0,0,0,0,0
0.3,20,high,18,186.31157894736842,105.53402693379475,80.77755201357365,70.36157894736843,32.588080987848784
0.3,20,low,12,66.85163742690058,117.24408568595872,-50.392448259058185,42.551637426900584,36.35219379406687
0.3,20,high,17,166.13000000000002,100.5883454456984,65.54165455430167,61.42999999999999,33.62888598623893
0.3,20,low,14,58.47654761904762,117.23561289613922,-58.75906527709162,41.22654761904762,35.89777505830137
0.3,20,low,17,69.13477272727273,121.92380344489476,-52.78903071762204,47.534772727272724,36.288668309759636
0.5,0,high,1,175.55257104007103,120.24733740751545,55.30523363255554,50.15257104007104,49.07166173183974
0.3,20,low,16,54.370555555555555,116.51466440676964,-62.14410885121417,32.620555555555555,35.82547521758049
0.3,20,low,2,59.29833333333333,116.12109256350745,-56.82275923017413,42.19833333333334,42.93190337431823
0.5,0,high,1,164.52113636363634,126.5194036609671,38.001732702669216,53.22113636363637,49.00589014745363
0.3,20,high,19,185.20000000000002,103.98938135188139,81.2106186481187,69.25,31.043435405935405
0.3,20,low,13,68.97840054510333,117.846472605954,-48.868072060850636,44.67840054510333,36.95458071406214
0.3,20,high,18,163.37535714285713,100.28539357749888,63.08996356535829,58.67535714285714,33.32593411803938
0.3,20,low,15,74.08478744939272,117.37936702890265,-43.294579579509886,56.83478744939271,36.041529191064804
0.3,20,low,18,69.30193362193361,121.82719842785635,-52.52526480592273,47.70193362193363,36.19206329272119
0.5,0,high,2,202.43499999999997,118.78105884135299,83.65394115864706,67.035,39.31709487738898
0.3,20,low,3,59.92947368421053,110.83853008249295,-50.90905639828244,42.82947368421053,37.64934089330373
0.3,20,low,17,75.01186868686868,117.42070050626549,-42.40883181939688,53.26186868686868,36.73151131707633
0.5,0,high,2,176.5713157894737,126.67879647221758,49.89251931725612,55.27131578947368,40.87699467041572
0.3,20,high,20,182.06561403508772,104.6007696435328,77.4648443915549,66.11561403508772,31.654823697586856
0.5,0,high,0,0,0,0,0,0
0.3,20,low,14,67.41726142278773,118.1275512277834,-50.710289804995696,43.117261422787735,37.23565933589153
0.3,20,low,16,50.792107351712616,117.36629921947261,-66.57419186776002,33.542107351712616,36.028461381634756
0.3,20,high,19,165.4005555555555,99.75012476943591,65.65043078611961,60.70055555555556,32.790665309976454
0.5,0,high,3,210.87000000000003,123.84727848911288,87.02272151088717,65.47,35.64457578641014
0.3,20,low,19,70.11732142857143,121.46318006724348,-51.34585863867204,48.51732142857143,35.8280449321084
0.3,20,low,18,73.93571428571428,117.14444753140573,-43.20873324569146,52.18571428571429,36.45525834221655
0.3,20,low,4,58.40899267399267,110.53655875567642,-52.12756608168375,41.30899267399268,37.34736956648721
0.5,0,high,3,181.74653846153848,131.53162183556918,50.214916625969295,50.446538461538466,36.8109011148485
0.5,0,high,1,168.77233082706766,124.37961575960797,44.39271506745966,56.422330827067675,49.01475089474315
0.3,20,low,15,69.4802564102564,116.69081019661513,-47.21055378635873,45.18025641025641,35.79891830472326
0.3,20,low,17,78.94150793650795,117.93464560654961,-38.993137670041676,61.69150793650793,36.5968077687118
0.3,20,high,20,165.49196594427247,100.44655234655235,65.04541359772011,60.79196594427244,33.487092887092885
0.5,0,high,0,0,0,0,0,0
0.5,0,high,4,217.54000000000002,132.84887855723767,84.69112144276232,62.14,35.18671639507553
0.3,20,low,20,90.61023809523809,122.47957767787486,-31.869339582636798,69.0102380952381,36.84444254273976
0.5,0,high,0,0,0,0,0,0
0.3,20,low,5,62.717638888888885,109.08220942485652,-46.364570535967616,45.61763888888889,35.893020235667294
0.3,20,low,19,73.59833333333333,116.38749842279255,-42.78916508945922,51.848333333333336,35.69830923360336
0.5,0,high,4,188.38500000000002,139.9325018857913,48.45249811420868,47.084999999999994,35.84241179570129
0.3,20,low,18,54.96639515455305,116.64139187889185,-61.67499672433883,37.71639515455305,35.30355404105404
0.5,0,high,2,185.64000000000001,125.19356797185745,60.446432028142524,63.29,42.171045449334905
0.3,20,low,16,77.69833333333334,116.72776578500263,-39.029432451669265,53.39833333333333,35.835873893110744
0.5,0,high,1,156.00340794009912,115.30810332795626,40.69530461214292,60.153407940099115,47.686481706334646
0.3,20,low,6,55.65817182817183,108.71541884483062,-53.05724701665879,38.55817182817183,35.52622965564142
0.5,0,high,5,231.01999999999998,141.24166150466453,89.77833849533545,65.62,34.57049033349344
0.5,0,high,1,153.22615509361637,124.91360824917334,28.312546844443034,49.8761550936164,48.994689330254346
0.3,20,low,20,78.2420343137255,117.55523783612013,-39.31320352239469,56.49203431372549,36.866048646931006
0.5,0,low,0,0,0,0,0,0
0.5,0,high,5,199.10444444444445,148.84994059502574,50.25450384941877,47.80444444444444,36.38147212655726
0.5,0,high,3,194.27818181818185,129.3248596244726,64.95332219370925,61.92818181818181,36.482517282130274
0.3,20,low,19,53.120000000000005,117.22482124680266,-64.10482124680271,35.87,35.886983408964824
0.3,20,low,17,65.25374060150378,116.8358308164423,-51.582090214938475,40.95374060150375,35.94393892455036
0.3,20,low,7,70.06333333333333,109.57167210108388,-39.50833876775053,52.96333333333333,36.382482911894684
0.5,0,high,6,236.50500000000002,149.52029134494305,86.98470865505703,61.105,34.20047152512324
0.5,0,high,2,167.50500000000002,126.32800452637913,41.176995473620934,54.154999999999994,42.48115767953232
0.5,0,high,2,157.89222222222222,116.54349754729017,41.34872467493214,52.04222222222222,40.723677727470296
0.5,0,high,6,209.2266666666667,157.27024854037236,51.95641812629435,47.92666666666666,35.882861152984994
0.5,0,low,1,85.4336403508772,127.40790907060259,-41.97426871972536,62.48364035087718,49.20520636789988
0.5,0,high,4,201.41857142857143,136.25831709980318,65.1602543287683,59.06857142857142,34.31687565836173
0.3,20,low,20,43.07525793650793,117.70658008618537,-74.63132214967743,25.82525793650793,36.3687422483475
0.5,0,low,0,0,0,0,0,0
0.3,20,low,18,87.74551820728291,117.60893367735476,-29.863415470071814,63.44551820728291,36.71704178546284
0.3,20,low,8,65.34099733599734,109.02050965843534,-43.67951232243806,48.240997335997335,35.83132046924617
0.5,0,high,7,245.85,157.86796754823067,87.98203245176927,60.45,33.62922880949197
0.5,0,high,3,183.78,130.75442787733814,53.025572122661885,60.43000000000001,37.448121571031784
0.5,0,high,3,166.74333333333328,121.41151404371217,45.33181928962105,50.89333333333334,35.952054584252735
0.5,0,high,7,216.49448228414175,166.55296193519877,49.941520348943016,45.19448228414173,37.057466439703276
0.5,0,low,2,61.04657685881371,131.5257422169187,-70.47916535810499,31.096576858813698,45.12484131601779
0.5,0,high,5,217.38444444444445,145.69240831098412,71.69203613346028,65.03444444444445,35.37258849116435
0.5,0,high,8,259.46815789473686,167.38231880178478,92.08583909295209,64.06815789473684,34.67511159457753
0.5,0,low,1,77.75676615051614,134.74047056384515,-56.98370441332901,60.656766150516134,50.91614623952084
0.3,20,low,19,63.130768588137016,116.73739494621852,-53.60662635808144,38.830768588137005,35.84550305432658
0.5,0,high,4,173.99666666666667,129.01054989143233,44.98611677523445,48.146666666666675,34.54208142296378
0.5,0,high,4,195.265,137.17533091294703,58.08966908705298,61.915,34.49965523727134
0.3,20,low,9,55.92270146520146,108.2238002376547,-52.30109877245324,38.82270146520146,35.03461104846553
0.5,0,high,8,224.58874999999998,173.584586588534,51.00416341146598,43.28875000000001,34.539541543488916
0.5,0,low,3,64.72411654135338,137.5516802543118,-72.82756371295842,25.774116541353386,41.96159016422176
0.5,0,high,6,223.93181818181816,153.8368168743168,70.09500130750126,61.581818181818186,34.057537595037594
0.5,0,high,9,267.765,175.41792063727044,92.34707936272946,62.364999999999995,34.24224496159481
0.5,0,low,2,66.41718281718283,135.14630141483858,-68.72911859765574,46.31718281718282,42.6733284418656
0.3,20,low,20,85.22060606060606,116.89433620273404,-31.673730142127965,60.920606060606055,36.00244431084216
0.5,0,low,0,0,0,0,0,0
0.5,0,high,5,187.76166666666666,139.0873165137871,48.674350152879555,52.91166666666667,35.609839036309616
0.5,0,high,5,199.76500000000001,147.04207273824147,52.72292726175854,56.415,35.53756823373697
0.3,20,low,10,52.867619047619044,109.17713009686696,-56.30951104924793,35.76761904761905,35.98794090767775
0.5,0,high,9,238.3114285714286,183.9099039177986,54.401524653629934,47.01142857142857,34.774768782663536
0.5,0,high,7,231.87045454545455,162.38654537845713,69.48390916699742,59.52045454545455,34.228887720799484
0.5,0,low,4,71.65304511278195,145.89344950807802,-74.24040439529607,24.70304511278195,40.483539598168065
0.5,0,high,10,276.225,184.92838425175887,91.29661574824121,60.825,34.653609476984094
0.5,0,low,3,51.77688311688312,142.42230294331682,-90.64541982643377,16.67688311688312,40.85023087124481
0.5,0,high,6,195.41833333333335,147.07308898411844,48.345244349214994,49.56833333333334,34.76678267781209
0.5,0,low,1,75.07920967920968,127.66033329102217,-52.58112361181247,50.77920967920968,50.1197927504816
0.5,0,high,6,208.62567307692308,154.8990493873234,53.72662368959968,55.27567307692308,35.376526864800866
0.5,0,high,10,246.5442261904762,193.55880356565342,52.985422624822775,45.24422619047619,36.315560322410185
0.3,20,low,11,57.98528214475583,107.43584433363846,-49.45056218888264,40.88528214475583,34.246655144449264
0.5,0,low,5,76.5936403508772,154.75113682246032,-78.15749647158316,22.64364035087719,40.6024881738117
0.5,0,high,8,240.935,170.58269265254563,70.35230734745443,58.585,34.22683679668973
0.5,0,high,11,289.37125,194.00936040967,95.36188959033004,63.97125000000001,34.72557662588623
0.5,0,low,4,49.46476190476191,150.4261021525727,-100.96134024781082,10.364761904761902,38.58375981023042
0.5,0,high,7,219.67970588235295,162.50235155730508,57.17735432504787,56.32970588235295,34.781630836584405
0.5,0,low,2,63.85587634587635,129.19103883542735,-65.33516248955104,36.55587634587634,42.82166946605801
0.5,0,high,7,200.89,155.1139783094505,45.77602169054953,45.04,34.969834165306295
0.3,20,low,12,76.0889479638009,109.32214485790335,-33.23319689410249,58.98894796380091,36.13295566871419
0.5,0,high,11,259.6542857142857,201.82562817500903,57.82865753927675,48.35428571428572,36.20400655338736
0.5,0,low,6,84.48913568887254,162.37154295242527,-77.88240726355274,23.53913568887253,39.84451592539829
0.5,0,high,9,256.5694117647059,179.68109061859064,76.88832114611532,64.21941176470588,34.94685638435638
0.5,0,high,12,298.29499999999996,202.4419568209042,95.85304317909575,62.895,34.50952438847176
0.5,0,low,5,53.09809523809524,160.49532908209383,-107.39723384399859,8.998095238095237,39.193527280292
0.5,0,high,8,229.99115384615385,171.9681264622441,58.02302738390978,56.64115384615385,34.87803637215402
0.5,0,high,8,212.78541666666666,163.89855083845018,48.886865828216486,46.93541666666667,34.56521750511688
0.5,0,low,3,60.537521367521364,135.99570343494491,-75.45818206742355,27.237521367521367,39.71642415566565
0.3,20,low,13,57.12990052431229,108.38391023789634,-51.254009713584054,40.02990052431229,35.19472104870711
0.5,0,high,12,264.5057247899159,210.12331054660768,54.38241424330815,43.20572478991597,36.30349072678795
0.5,0,high,13,305.22,211.49268034933675,93.72731965066333,59.82000000000001,33.74042809708445
0.5,0,low,7,89.56742822966507,171.3136371162687,-81.74620888660365,22.61742822966507,39.95778126041285
0.5,0,high,10,262.00750000000005,187.89035227324698,74.11714772675307,59.65749999999999,34.77773966063441
0.5,0,low,6,57.03142857142857,168.7923159335311,-111.7608873621025,9.931428571428569,38.48150512272029
0.5,0,high,9,239.3783333333334,179.71524229674387,59.66309103658952,56.02833333333334,33.1656927471943
0.3,20,low,14,74.20333333333333,108.83233967645732,-34.629006343124004,57.10333333333333,35.64315048726814
0.5,0,high,9,223.98500000000004,172.37458461703815,51.610415382961804,48.135,34.12233236478592
0.5,0,low,4,60.27333333333333,144.1261078958448,-83.85277456251143,10.973333333333333,38.747729517466354
0.5,0,high,13,276.95112348178134,220.2401278440752,56.71099563770616,45.65112348178138,37.05093865488603
0.5,0,low,8,94.54114035087719,179.28516011016,-84.7440197592829,21.59114035087719,39.100475425475445
0.5,0,high,14,320.84000000000003,219.87559674103798,100.964403258962,65.44000000000001,33.7449661104073
0.5,0,high,11,272.79357142857145,195.8857418945654,76.90782953400597,60.443571428571445,34.30466081348435
0.3,20,low,15,56.20388888888889,108.97449235502644,-52.77060346613755,39.10388888888889,35.78530316583723
0.5,0,high,10,247.412012987013,188.47412028135716,58.93789270565583,54.062012987012984,33.996642803879645
0.5,0,low,7,63.776666666666664,177.4563525333262,-113.67968586665964,9.676666666666666,38.316712893686564
0.5,0,high,10,232.35500000000002,182.45910228924936,49.8958977107506,46.505,34.38703021717728
0.5,0,low,5,63.415606060606066,154.07942609784718,-90.66382003724108,8.11560606060606,39.69203871045977
0.5,0,high,15,328.08,228.5940776582031,99.48592234179691,62.67999999999999,33.274257838383235
0.5,0,high,14,284.9318131868132,228.33838566876506,56.59342751804817,43.63181318681319,36.68072801110728
0.5,0,low,9,100.16655701754385,188.02012761424533,-87.85357059670139,21.216557017543856,38.73634383046147
0.5,0,high,12,284.8516666666667,205.40616863116858,79.4454980354981,62.501666666666665,34.545808270808266
0.5,0,high,11,255.4105555555555,195.9436250897551,59.4669304658004,52.06055555555555,32.817498963629006
0.3,20,low,16,59.92621212121212,108.08600729115436,-48.15979516994226,42.82621212121212,34.89681810196516
0.5,0,low,8,64.47666666666666,187.26589626194888,-122.78922959528228,9.376666666666665,38.216346712399336
0.5,0,high,11,246.56928571428574,189.19625964571793,57.37302606856784,50.71928571428572,33.10616955562777
0.5,0,low,6,69.10166666666666,163.08478635638068,-93.98311968971416,7.801666666666665,38.6973989689934
0.5,0,low,10,107.69124136097818,196.9044161897103,-89.2131748287322,23.7412413609782,39.15216393745805
0.5,0,high,15,295.35333333333335,235.71143910288637,59.64189423044692,44.05333333333333,35.945673337120716
0.5,0,high,16,342.96000000000004,239.62130437525178,103.33869562474825,67.56,34.03121428516165
0.5,0,high,12,266.65181818181816,205.9383109940385,60.713507187779754,53.30181818181818,33.71308576881333
0.5,0,high,13,291.495,215.66602808661634,75.82897191338358,59.144999999999996,32.82368574427398
0.3,20,low,17,52.42681680161943,107.60815398249609,-55.1813371808767,35.32681680161943,34.41896479330689
0.5,0,high,12,255.89000000000001,198.83737245501962,57.05262754498048,50.03999999999999,34.36890398655103
0.5,0,low,9,77.50500000000001,196.41912289485822,-118.91412289485824,12.405,37.82002379575907
0.5,0,low,7,73.92416666666666,172.0428585434777,-98.11869187681098,9.624166666666666,39.0969125975318
0.5,0,high,17,353.31000000000006,247.41046355709665,105.89953644290338,67.91,33.53208517871831
0.5,0,high,16,306.79738095238093,245.43841951589636,61.35896143648455,45.49738095238095,35.67265375013053
0.5,0,low,11,113.79344193817879,205.16134281753486,-91.36790087935601,22.843441938178778,38.85053200672396
0.5,0,high,13,277.2075,213.37163786231133,63.835862137688764,53.8575,33.128394619068
0.5,0,high,14,306.53499999999997,225.07699444146817,81.45800555853185,64.185,34.0364539009276
0.3,20,low,18,72.31612637362636,108.21969616675499,-35.90356979312864,55.21612637362638,35.03050697756581
0.5,0,high,13,265.55552631578945,205.40210847563787,60.15341784015155,49.70552631578947,32.82553189906133
0.5,0,low,10,80.8,204.01205084219797,-123.21205084219797,11.7,37.12466345481051
0.5,0,low,8,77.39166666666667,180.74310651477833,-103.35143984811178,7.091666666666666,38.698061469733304
0.5,0,high,18,358.0331578947368,259.56891382247426,98.46424407226255,62.63315789473685,34.33918409274446
0.5,0,high,17,316.15575396825403,255.11532595866953,61.040428009584446,44.85575396825397,36.70091154425521
0.5,0,low,12,117.43322368421055,213.14579423395207,-95.71257054974164,20.48322368421053,38.45660504476293
0.5,0,high,14,288.90029914529913,221.75945683971997,67.14084230557916,55.55029914529915,33.588285668548814
0.5,0,high,15,315.08,232.78715661115046,82.29284338884963,62.73,33.36823769223152
0.3,20,low,19,58.79408867190601,107.75784103473733,-48.963752362831286,41.694088671906016,34.56865184554813
0.5,0,high,14,275.58625,215.54270951240767,60.04354048759234,49.73625,33.77694374664189
0.5,0,low,11,84.01,213.69755578896442,-129.68755578896446,10.91,37.71106930247799
0.5,0,low,9,81.45595238095238,188.99812915722362,-107.54217677627132,8.15595238095238,38.39452555361997
0.5,0,low,13,123.83762844611529,221.63860141201465,-97.80097296589936,20.88762844611529,38.931394204807525
0.5,0,high,18,328.53367521367517,262.7417205726804,65.79195464099479,47.23367521367521,36.2191980501578
0.5,0,high,15,300.65999999999997,230.85993935614687,69.80006064385307,57.31000000000002,34.58066007686749
0.5,0,high,19,366.175,269.0956689173021,97.07933108269799,60.775,34.316389638022756
0.5,0,high,16,323.575,242.41265730066038,81.1623426993396,61.225,34.34508973309283
0.3,20,low,20,64.27428571428571,108.40762250769993,-44.133336793414216,47.17428571428571,35.218433318510705
0.5,0,low,0,0,0,0,0,0
0.5,0,high,15,284.935,223.767888516418,61.167111483582005,49.08500000000001,33.26338401191343
0.5,0,low,10,84.87222222222223,198.10342636987366,-113.23120414765151,7.572222222222223,37.8601831266305
0.5,0,low,12,85.36,221.6021425634815,-136.24214256348165,8.26,36.786827248166254
0.5,0,high,20,379.445,276.7788095702955,102.66619042970439,64.045,34.16169245317852
0.5,0,high,16,308.0783333333333,239.6042082284729,68.4741251048604,54.72833333333333,33.77537939964411
0.5,0,high,19,337.29705882352937,269.8855862704547,67.4114725530747,45.9970588235294,35.43513582000425
0.5,0,low,0,0,0,0,0,0
0.5,0,low,14,127.68275651249334,230.01186279460262,-102.32910628210934,18.732756512493356,38.83618711892707
0.5,0,high,17,335.78029411764703,252.2580876791403,83.52220643850674,63.43029411764705,34.73106065211328
0.5,0,low,1,80.62152661064427,132.8870528171999,-52.265526206555606,58.87152661064425,49.08975551990256
0.5,0,high,16,294.71000000000004,231.67013960303433,63.039860396965594,48.86000000000001,33.14761708051182
0.5,0,low,11,88.79166666666666,207.4864793507209,-118.69481268405423,8.491666666666669,38.23422709846859
0.5,0,low,13,95.7988888888889,232.94234751583835,-137.14345862694944,9.69888888888889,38.307212380703085
0.5,0,low,1,69.66940656565656,134.1011171874562,-64.43171062179967,53.46940656565656,49.222738809077825
0.5,0,low,15,144.9425,238.2540542419412,-93.31155424194134,15.992499999999998,38.06936955725655
0.5,0,high,17,318.89149572649575,247.26748931354194,71.62400641295375,55.54149572649571,33.42064246669511
0.5,0,high,18,342.3665079365079,258.7711820289994,83.59532590750848,60.016507936507935,33.58649734431469
0.5,0,low,2,67.87087184873948,134.98381263381265,-67.11294078507316,42.120871848739505,42.44777659777661
0.5,0,high,20,346.6205555555555,279.49590601068934,67.1246495448662,45.32055555555555,36.12653664131993
0.5,5,high,0,0,0,0,0,0
0.5,0,high,17,304.21285714285716,242.59734339618257,61.61551374667479,48.36285714285715,34.07482087365988
0.5,0,low,14,112.13142857142857,240.49095012129067,-128.3595215498621,11.031428571428572,37.56752669786725
0.5,0,low,12,94.20277777777778,217.07107256472582,-122.86829478694798,7.90277777777778,39.17017166382492
0.5,0,low,3,61.2174025974026,140.62795727072043,-79.41055467331783,25.4674025974026,38.45228159504476
0.5,0,low,2,60.05996212121213,136.2707637129851,-76.21080159177293,40.85996212121213,42.47346641568776
0.5,0,high,18,327.91777777777776,256.0685356106409,71.84924216713682,54.56777777777777,34.203670745776
0.5,0,high,19,353.83352941176474,266.50032760822234,87.33320180354235,61.48352941176471,32.847174455069194
0.5,5,high,1,161.24875031830913,122.13936582419554,39.1093844941136,56.39875031830915,50.85558204041176
0.5,0,low,16,151.46989177489178,248.4357570343639,-96.96586525947214,16.51989177489177,39.332153430760236
0.5,0,high,18,312.89875,251.705881654411,61.19286834558892,47.048750000000005,34.53471048323991
0.5,0,low,13,97.785,225.52780592602574,-127.74280592602574,8.485,37.536814935034755
0.5,0,low,15,119.12666666666664,249.4230314131631,-130.29636474649638,12.026666666666666,36.95005844019002
0.5,0,low,4,65.79906862745098,148.6565247440247,-82.85745611657377,19.049068627450982,37.56193014943016
0.5,5,high,2,158.27925727866904,111.50316796125618,46.77608931741284,53.42925727866905,40.219384177472406
0.5,0,low,3,50.42430735930736,143.15641491225853,-92.73210755295125,17.22430735930736,39.989748245591905
0.5,0,low,17,155.52045454545456,256.880599695886,-101.36014515043152,14.570454545454544,39.488707803994195
0.5,0,high,20,364.50000000000006,275.3697392353351,89.1302607646648,62.15,33.24811761371359
0.5,5,high,0,0,0,0,0,0
0.5,0,high,19,338.1103846153846,264.36574599008804,73.74463862529655,54.76038461538462,33.13151175585385
0.5,0,high,19,324.263431372549,261.22769488357744,63.035736488971736,48.41343137254903,34.41688407276643
0.5,0,low,14,99.82738095238095,235.02667723259825,-135.19929628021737,7.5273809523809545,37.756406962328015
0.5,0,low,16,122.09666666666666,259.09571292365416,-136.99904625698738,10.996666666666664,36.80292013086132
0.5,0,low,5,71.65733893557423,158.95096677465094,-87.29362783907673,19.907338935574227,38.39691272059693
0.5,5,high,3,155.1025,107.45487033381772,47.64762966618228,50.25250000000001,36.17108655003392
0.5,5,high,1,160.20794871794874,127.29329474697123,32.914653970977525,58.20794871794872,49.18518663886312
0.5,0,low,4,54.6378787878788,151.54734672528795,-96.90946793740909,15.437878787878788,38.83113050907168
0.5,0,low,18,166.27166666666668,266.59255900978036,-100.32089234311363,19.321666666666665,40.82228873951011
0.5,0,high,20,346.80029914529916,274.9144814822059,71.88581766309329,53.45029914529914,34.13069769842215
0.5,5,high,0,0,0,0,0,0
0.5,0,high,20,336.05249999999995,269.957527842822,66.094972157178,50.2025,35.3989692842634
0.5,5,high,0,0,0,0,0,0
0.5,0,low,15,100.89388888888888,242.94725022139878,-142.05336133251,6.593888888888889,36.39770067184928
0.5,0,low,17,126.11416666666666,269.0106084988438,-142.896441832177,11.014166666666664,37.52862651686181
0.5,5,high,1,165.28494491619492,123.16816749800495,42.116777418189955,58.03494491619491,49.50600533584282
0.5,5,high,4,160.09652882205515,107.56113465231113,52.53539416974402,55.24652882205513,36.27735086852733
0.5,0,low,6,73.83158730158729,165.413241661268,-91.5816543596807,17.081587301587305,36.48080922883556
0.5,0,low,19,170.3502380952381,275.2713115102047,-104.92107341496668,17.400238095238095,39.68122142011461
0.5,5,high,2,150.74716030271756,119.95777769752227,30.789382605195243,48.747160302717575,41.84966958941417
0.5,0,low,5,56.89787878787879,161.2083116951538,-104.31043290727501,12.697878787878787,39.03263601947811
0.5,5,high,1,166.50257957728542,125.87762830618873,40.624951271096805,58.95257957728545,48.391141819702185
0.5,0,low,16,104.71833333333333,253.55578092946513,-148.83744759613177,8.418333333333333,37.636862010546224
0.5,0,low,18,130.41277777777776,278.1003601089127,-147.68758233113493,12.312777777777777,37.969729478282105
0.5,5,high,2,170.38028766769867,112.91655797449144,57.46372969320724,63.13028766769867,39.25439581232924
0.5,5,high,3,147.31361111111113,116.26413272075037,31.049478390360747,45.313611111111115,38.15602461264226
0.5,5,high,5,159.76332817337465,107.23183524948229,52.53149292389239,54.91332817337461,35.948051465698526
0.5,0,low,7,78.02785714285714,176.07958135984458,-98.05172421698741,16.277857142857144,37.147148927412076
0.5,0,low,20,174.38514705882352,285.3358673891957,-110.95072033037212,15.435147058823526,38.12415567748384
0.5,5,high,0,0,0,0,0,0
0.5,0,low,6,65.11287878787878,169.83121594723758,-104.7183371593588,13.912878787878787,38.73662135264303
0.5,5,high,2,168.20656776745787,118.2164998075989,49.990067959858976,60.656567767457865,40.7300133211124
0.5,0,low,17,109.53015873015872,262.51318946427307,-152.9830307341143,8.230158730158731,37.855531806615396
0.5,0,low,19,134.31,285.7567759518612,-151.44677595186113,11.209999999999999,37.247766942852095
0.5,5,high,1,169.93643079143078,120.70553653053656,49.230894260894274,53.386430791430804,49.63796896296896
0.5,5,high,3,174.96103715170275,107.16783622077739,67.79320093092538,67.7110371517028,33.50567405861523
0.5,5,high,4,146.43930838124723,116.3755314014602,30.063776979786994,44.43930838124724,38.26742329335209
0.5,5,high,6,161.2413888888889,106.29915566827331,54.94223322061558,56.39138888888889,35.01537188448953
0.5,0,low,8,84.30934523809523,185.7103647268121,-101.40101948871683,17.559345238095236,38.3094638259112
0.5,0,low,7,68.88677988677988,178.7764230627235,-109.88964317594359,15.686779886779885,38.222369008669304
0.5,5,high,3,167.07619883040937,114.38706586098229,52.68913296942709,59.52619883040936,36.9005793744958
0.5,0,low,18,112.3009706959707,271.35198168859165,-159.051010992621,9.000970695970699,37.77540511201502
0.5,5,high,2,189.08222222222224,110.7646650058415,78.31755721638079,72.53222222222222,39.69709743827392
0.5,0,low,20,144.50166666666664,294.7137239097766,-150.21205724310997,12.401666666666666,37.91642661247924
0.5,5,low,0,0,0,0,0,0
0.5,5,high,4,170.5519421101774,107.25092101922604,63.30102109095145,63.3019421101774,33.5887588570638
0.5,0,low,9,89.75648692810458,195.11638061374902,-105.35989368564444,19.00648692810457,38.79656079392922
0.5,5,high,7,166.72166666666666,114.20940331598219,52.512263350684435,51.87166666666667,34.54724115382012
0.5,5,high,5,149.37235903930952,114.30068984476878,35.07166919454072,47.37235903930951,36.19258173666068
0.5,0,low,8,73.47954545454544,189.45455849647038,-115.9750130419248,14.279545454545456,39.89149543340717
0.5,5,high,4,167.75593708536044,111.4356199146834,56.32031717067706,60.20593708536046,33.9491334281969
0.5,0,low,19,130.745,279.192430004427,-148.44743000442696,9.445,36.96720477920169
0.5,5,high,3,188.56026315789475,107.39249742999745,81.16776572789726,72.01026315789473,36.324929862429855
0.5,5,low,1,74.99750188536953,126.90244607419531,-51.90494418882578,54.897501885369536,50.32136499311422
0.5,5,high,8,174.3107287449393,123.3948711882535,50.915857556685765,49.46072874493926,35.264240557622905
0.5,5,high,5,170.0341834365325,106.20337573309712,63.83080770343537,62.78418343653251,32.541213570934936
0.5,0,low,10,95.30190476190475,201.74635103365748,-106.44444627175278,18.551904761904762,37.318423105729615
0.5,5,high,6,145.27795930247942,114.33754790465316,30.94041139782621,43.277959302479424,36.22943979654506
0.5,0,low,9,80.35833333333333,197.50857595563483,-117.15024262230152,7.158333333333334,38.125693072751886
0.5,5,high,5,169.04605042016806,111.9581737230344,57.08787669713368,61.49605042016807,34.471687236547915
0.5,0,low,20,133.125,289.9868229125969,-156.86182291259695,8.825000000000003,38.48231840809242
0.5,5,low,0,0,0,0,0,0
0.5,5,high,4,183.76320261437905,105.1157844657845,78.64741814859457,67.21320261437909,34.048216898216886
0.5,5,low,2,69.6191391941392,118.29396921444135,-48.67483002030214,49.51913919413919,41.712888133360266
0.5,5,high,6,166.35666666666668,106.54477784849304,59.811888818173685,59.10666666666666,32.88261568633085
0.5,5,high,9,185.71666666666664,131.43054085968174,54.2861258069849,50.86666666666666,35.281892211033075
0.5,0,low,10,85.68333333333334,206.62373395388101,-120.94040062054776,8.483333333333334,38.14175197189904
0.5,0,low,11,107.25003663003663,210.69157801015385,-103.44154138011721,16.500036630036625,36.62401044258629
0.5,5,high,7,147.4955860805861,123.95544716794716,23.540138912638923,35.49558608058608,37.82932104182103
0.5,5,high,6,167.31290247678018,111.14822291312234,56.164679563657884,59.762902476780184,33.66173642663581
0.5,5,low,1,74.91583667880107,130.0583099907017,-55.142473311900574,57.81583667880108,48.45020188259352
0.5,5,high,5,179.87653657616895,104.64246808677925,75.23406848938973,63.32653657616893,33.57490051921167
0.5,5,low,3,63.810935774751556,115.39141017724614,-51.58047440249457,43.71093577475157,38.810329096165
0.5,5,high,7,172.14264705882354,114.65210467532444,57.49054238349909,54.892647058823535,33.062014585234415
0.5,0,low,11,88.58333333333334,215.65007987949167,-127.06674654615833,8.383333333333335,38.06899879841056
0.5,5,high,10,193.9204761904762,139.19304851069558,54.72742767978062,49.070476190476185,34.75611157375863
0.5,5,high,8,161.93,130.23087229925466,31.69912770074535,39.93,35.906547974930334
0.5,0,low,12,112.74444444444445,221.68909110770562,-108.94464666326117,16.994444444444447,38.252154170768726
0.5,5,high,7,176.05499999999998,119.93505191388317,56.119948086116764,58.50500000000001,34.43054740937868
0.5,5,low,2,94.07166666666667,124.11975362327533,-30.048086956608685,76.97166666666666,42.51164551516718
0.5,5,high,6,182.282213622291,104.6245553554377,77.65765826685329,65.73221362229101,33.556987787870156
0.5,5,low,4,54.407328417196844,114.97724151288394,-60.56991309568709,34.30732841719684,38.39616043180286
0.5,5,high,8,185.87,125.02765334475863,60.84234665524137,58.61999999999999,34.608734425839685
0.5,0,low,12,90.75,225.9662924195819,-135.21629241958172,8.55,39.64647259976208
0.5,5,high,9,166.47441176470588,137.77499250881607,28.699419255889808,34.47441176470589,34.531749265572785
0.5,5,high,11,202.1578947368421,148.50497299568508,53.65292174115703,47.3078947368421,34.60857659928868
0.5,0,low,13,119.91910256410259,230.35629570497989,-110.4371931408773,17.169102564102566,37.640079488763675
0.5,5,high,8,182.17538461538464,127.8518149856385,54.3235696297461,54.62538461538461,33.608571742395284
0.5,5,low,3,64.09413919413919,119.59703350755981,-55.50289431342061,46.9941391941392,37.98892539945172
0.5,5,high,7,190.17166666666665,111.35669805464698,78.81496861201965,63.62166666666667,32.271112469061386
0.5,5,low,5,53.26690476190477,113.98656018714065,-60.71965542523591,33.16690476190477,37.405479106059595
0.5,5,high,9,192.13666666666666,133.55099053125372,58.58567613541297,54.88666666666668,34.57351305377622
0.5,0,low,14,120.94928571428571,238.99322508281494,-118.04393936852921,14.199285714285713,37.53827012785992
0.5,0,low,13,94.94333333333333,234.2723257411725,-139.3289924078392,10.743333333333334,39.123677092523835
0.5,5,high,12,214.0791666666667,156.75198277237746,57.32718389428922,49.229166666666664,34.477207997602726
0.5,5,high,10,174.9488023088023,146.6311121606013,28.31769014820094,32.948802308802314,35.189670719159885
0.5,5,high,9,190.3578947368421,136.20132740109523,54.15656733574693,52.8078947368421,33.30943550920332
0.5,5,low,4,64.04968253968255,119.31259226185695,-55.26290972217443,46.94968253968254,37.704484153748844
0.5,5,high,8,196.73833333333332,120.01022096943149,76.72811236390181,60.18833333333333,32.005716464927
0.5,5,low,6,70.04156565656567,114.12044241235412,-44.078876755788514,49.94156565656566,37.53936133127311
0.5,5,high,13,223.2,165.88534617087254,57.314653829127536,48.35,34.96192274744906
0.5,0,low,15,132.12992997198882,247.64837168339488,-115.51844171140601,17.379929971988798,37.09431762934086
0.5,5,high,10,201.65,141.2195030843638,60.43049691563618,54.4,33.50328686814755
0.5,0,low,14,94.66666666666667,243.47138211844097,-148.8047154517742,8.466666666666669,39.04345419051302
0.5,5,high,11,187.64150974025975,155.14762024541434,32.493889494845405,35.64150974025974,34.96744006523418
0.5,5,high,10,200.8177777777778,146.96052220390453,53.85725557387323,53.26777777777778,35.05962130300367
0.5,5,low,5,59.66880952380952,119.54446930724019,-59.8756597834307,42.56880952380952,37.9363611991321
0.5,5,high,9,206.12333333333336,129.33108043274447,76.79225290058889,59.57333333333334,32.948197549861646
0.5,5,high,14,236.25666666666666,175.05372287369192,61.202943792974764,51.40666666666666,34.49065981062885
0.5,5,high,11,209.57435897435894,149.20993544956394,60.364423524795,52.32435897435897,33.025250764879246
0.5,5,low,7,48.47277777777778,121.78676277975819,-73.31398500198036,21.372777777777777,36.91739341038876
0.5,0,low,16,137.37602564102565,256.7262041012041,-119.35017846017854,17.62602564102564,37.4334113084113
0.5,5,high,12,198.61347593582886,162.96232249394015,35.65115344188871,36.61347593582887,34.49385402547167
0.5,0,low,15,97.23333333333333,253.5435327066907,-156.3101993733573,9.033333333333335,39.29578495894286
0.5,5,high,11,212.47000000000003,153.13524466024467,59.33475533975533,54.92,32.946055471055466
0.5,5,low,6,80.54672385620914,118.72258848903581,-38.17586463282666,63.44672385620915,37.11448038092776
0.5,5,high,15,245.14388888888888,184.98527162381637,60.15861726507242,50.29388888888888,35.413199551744434
0.5,5,high,10,217.39735294117645,137.75666269729734,79.64069024387908,60.847352941176474,33.085491526126205
0.5,0,low,17,154.44027777777777,265.5873638509087,-111.14708607313091,15.69027777777778,37.7360124995574
0.5,5,high,12,221.93285714285716,158.00673704671385,63.926120096143364,54.68285714285715,32.90313344311023
0.5,5,low,8,52.022777777777776,130.7419048030503,-78.71912702527251,14.922777777777776,36.50316606431158
0.5,5,high,13,208.538038277512,170.94210612960623,37.59593214790584,36.538038277511966,34.27543946293946
0.5,0,low,16,105.77833333333334,261.81997389056215,-156.04164055722882,9.578333333333333,38.47312704371527
0.5,5,high,12,224.73499999999999,162.7479968061625,61.98700319383755,57.185,33.54979860796425
0.5,5,low,7,47.073750000000004,127.33817425067433,-80.2644242506743,22.973750000000003,37.26159767409766
0.5,5,high,11,227.8822222222222,145.72276771615006,82.15945450607208,61.33222222222223,31.862407355789703
0.5,5,high,16,252.5832706766918,193.274826614726,59.308444061965844,47.73327067669173,34.60365544355482
0.5,5,high,13,233.0531818181818,167.32242599545242,65.73075582272944,55.80318181818181,34.200804373830685
0.5,0,low,18,162.24136363636362,277.0170770645616,-114.77571342819792,18.491363636363637,37.904464451948975
0.5,5,low,9,59.11444444444444,141.07405856701527,-81.95961412257074,15.014444444444445,38.276761269717916
0.5,0,low,17,105.97833333333332,270.0317979259157,-164.05346459258234,7.778333333333333,37.8561222502399
0.5,5,high,14,220.5718253968254,181.57356229113196,38.99826310569341,38.571825396825396,35.807796525366186
0.5,5,high,13,230.40163461538458,170.2680132335705,60.13362138181418,52.85163461538461,32.33107629663358
0.5,5,low,8,46.21664248762933,137.2957693098947,-91.0791268222654,19.116642487629328,38.120093634219025
0.5,5,high,12,236.97708333333335,155.59478068243547,81.38230265089783,60.427083333333336,33.26595185360666
0.5,5,high,17,265.2887301587302,201.93408035319803,63.35464980553209,50.438730158730166,34.794440713558345
0.5,5,high,14,239.60833333333335,175.88157346915094,63.726759864182554,52.35833333333333,33.84103292861033
0.5,0,low,19,161.3312415654521,287.9727042477043,-126.64146268225215,12.581241565452093,36.69792947292947
0.5,5,low,10,67.44806998556999,147.720453135159,-80.27238314958905,18.348069985569985,36.81504772975362
0.5,0,low,18,115.91666666666667,280.23483990028103,-164.31817323361446,7.716666666666669,39.1402453056865
0.5,5,high,15,228.11592760180997,189.1180316628846,38.99789593892535,36.11592760180996,34.6135271583801
0.5,5,high,14,240.11333333333332,180.7469136675019,59.36641966583136,52.56333333333332,33.80096772155595
0.5,5,low,9,48.64111111111111,145.84864308378238,-97.20753197267123,15.54111111111111,37.75404848918782
0.5,5,high,13,245.0007692307692,162.6362973862974,82.36447184447181,58.45076923076922,31.568729818729825
0.5,5,high,18,275.90309523809526,208.6365843329079,67.26651090518743,51.05309523809525,33.208656404979926
0.5,5,high,15,250.37833333333333,186.58363818731465,63.79469514601868,53.12833333333333,34.72327782695428
0.5,0,low,20,166.04746031746032,297.58765370824204,-131.54019339078167,12.297460317460317,37.66423028481853
0.5,5,low,0,0,0,0,0,0
0.5,5,low,11,67.4076479076479,157.66257256454622,-90.25492465689838,11.307647907647908,37.387797789771476
0.5,5,high,16,239.97192089386363,198.4252464362758,41.54667445758781,37.97192089386361,34.73155274258215
0.5,0,low,19,119.50833333333335,288.27735575367154,-168.7690224203382,8.308333333333334,37.813391789707566
0.5,5,high,15,250.16666666666669,187.7945667131426,62.3720999535241,52.61666666666665,32.92069283926869
0.5,5,low,10,49.70777777777778,155.45059264467164,-105.74281486689375,13.607777777777779,38.70734940142835
0.5,5,high,14,254.43357142857138,172.70372799873573,81.72984342983563,57.88357142857143,32.446971241978986
0.5,5,high,19,283.695,218.29288261617987,65.40211738382007,48.845000000000006,34.12621594951317
0.5,5,low,12,71.13338383838384,166.47919537327428,-95.34581153489047,12.033383838383838,37.01523140931036
0.5,5,high,16,257.39404040404037,193.22733406943942,64.16670633460109,50.1440404040404,33.34895569106095
0.5,0,low,20,121.85833333333335,297.67079530728915,-175.81246197395586,8.658333333333335,38.10773224422605
0.5,5,high,17,249.24384615384616,207.88190102706358,41.36194512678259,37.24384615384615,35.17919832436086
0.5,5,low,0,0,0,0,0,0
0.5,5,low,1,82.13992216117217,127.21996716872877,-45.08004500755656,55.58992216117216,50.003750952512554
0.5,5,high,16,261.5333333333333,198.789173839406,62.74415949392727,53.983333333333334,33.64502969526189
0.5,5,high,20,294.39666666666665,225.97689058644946,68.41977608021713,49.54666666666667,33.25166536122419
0.5,5,low,11,56.252222222222215,161.82041151305856,-105.56818929083626,12.152222222222223,35.88797908062614
0.5,5,low,0,0,0,0,0,0
0.5,5,high,15,262.84044547643623,179.51105327715226,83.32939219928386,56.29044547643618,31.506548772647847
0.5,5,low,1,75.80887987012987,119.64562245285933,-43.83674258272944,52.55887987012987,47.564541371778226
0.5,5,high,17,268.57076923076926,204.10638075049832,64.46438848027086,51.32076923076924,33.14692129103895
0.5,5,low,13,79.74492063492063,176.16106462062342,-96.41614398570285,12.644920634920634,37.23764119720004
0.5,5,low,2,93.1617673992674,120.55532756589263,-27.393560166625193,66.6117673992674,43.33911134967637
0.5,5,high,18,258.57658008658007,218.15242241743778,40.424157669142176,36.576580086580094,35.539809804825275
0.5,5,high,17,267.9070588235294,207.58683481562736,60.320224007902056,50.35705882352941,34.424672653465215
0.5,5,low,1,73.17259570494865,120.96936029544389,-47.796764590495286,52.47259570494865,48.26665759274119
0.5,5,low,12,68.66111111111111,172.35519313901668,-103.69408202790557,9.561111111111112,37.143481427304955
0.5,5,high,16,275.44666666666666,191.77822046707493,83.66844619959173,58.89666666666667,33.41335560221009
0.5,5,high,18,277.22119047619043,214.7121793915525,62.50901108463796,49.971190476190486,33.21217939155246
0.5,5,low,2,67.29384920634921,113.26795485104306,-45.97410564469385,44.04384920634921,41.186873769962
0.5,5,low,14,88.33080808080808,185.12221062937002,-96.79140254856193,12.230808080808082,36.8294178365773
0.5,5,low,3,68.43517857142858,115.1202083091789,-46.68502973775034,41.88517857142857,37.903992092962675
0.5,5,high,19,267.88730984701573,224.75612512725525,43.13118471976054,35.88730984701573,34.30567467680469
0.5,5,high,18,273.8222222222222,216.10851183072546,57.713710391496704,46.272222222222226,34.38779111000473
0.5,5,low,2,70.36909916837548,114.85933904420746,-44.490239875832,49.66909916837549,42.156636341504765
0.5,5,low,13,74.27777777777779,181.45801862578173,-107.18024084800398,11.177777777777779,37.14720781497098
0.5,5,high,17,285.85470588235296,200.18224354609814,85.6724623362548,59.304705882352934,33.61918048303497
0.5,5,low,3,64.43071895424836,108.09218659121909,-43.661467636970755,41.18071895424836,36.01110551013802
0.5,5,high,20,280.530873015873,235.25043408151004,45.28043893436302,38.53087301587301,35.97115480223065
0.5,10,high,0,0,0,0,0,0
0.5,5,low,15,96.3200505050505,194.34667415917414,-98.02662365412367,13.220050505050505,37.22505253755254
0.5,5,low,4,66.88814204629219,115.36309168809169,-48.4749496417995,40.338142046292205,38.14687547187547
0.5,5,high,19,291.42174603174607,224.52958843608988,66.89215759565602,54.17174603174603,33.66021906672062
0.5,5,high,19,287.9247368421053,223.9504186497221,63.97431819238324,50.37473684210525,34.12158982089323
0.5,5,low,3,69.52918782971415,112.32032144605674,-42.79113361634258,48.82918782971415,39.61761874335404
0.5,5,low,14,83.0111111111111,189.90606589031506,-106.89495477920401,12.911111111111111,37.036696520945746
0.5,5,high,18,293.03297979797986,207.39953370762197,85.6334460903579,56.48297979797981,32.90854271663095
0.5,5,low,4,62.65440794499618,108.85201514435262,-46.19760719935644,39.40440794499618,36.770934063271525
0.5,10,high,1,157.25981856378917,122.992095680718,34.2677228830712,50.609818563789155,49.49209568071798
0.5,5,low,5,65.22041146761735,115.10811471032058,-49.887703242703296,38.67041146761735,37.89189849410438
0.5,5,high,20,296.41142857142853,233.24407091040223,63.1673576610263,49.16142857142857,33.45578262211389
0.5,10,high,0,0,0,0,0,0
0.5,5,low,16,102.54870268620269,202.72988960121305,-100.18118691501044,13.448702686202685,36.86952924085278
0.5,5,high,20,300.235,234.04606782695026,66.18893217304986,52.685,33.85687863776098
0.5,10,high,0,0,0,0,0,0
0.5,5,low,4,72.20671617855828,108.88531299734858,-36.67859681879028,51.50671617855829,36.18261029464589
0.5,5,high,19,305.8440909090909,216.5180821506672,89.32600875842357,59.294090909090905,32.29736142994657
0.5,5,low,15,85.67020202020203,199.0058304440657,-113.33562842386368,11.570202020202021,37.48781242604771
0.5,5,low,5,51.7008658008658,108.45520348298987,-56.75433768212402,28.450865800865802,36.374122401908785
0.5,5,low,6,60.111414112203576,114.61944141228196,-54.50802730007838,33.561414112203586,37.403225196065755
0.5,10,high,1,177.0794243338361,118.67589151668099,58.40353281715515,53.7794243338361,49.62183746262697
0.5,10,high,2,161.43183350533192,113.28729524786023,48.144538257471694,54.78183350533196,39.78729524786027
0.5,5,low,17,104.90194444444447,211.28448153668737,-106.3825370922429,10.801944444444441,36.95565270785859
0.5,10,high,1,143.73753082701612,128.03460708154984,15.702923745466308,50.587530827016124,50.29136383830658
0.5,5,low,5,60.37502923976608,108.3365284409402,-47.961499201174135,39.67502923976609,35.6338257382375
0.5,5,high,20,314.96125,225.87925087027259,89.08199912972754,58.411249999999995,32.28916078018244
0.5,10,high,0,0,0,0,0,0
0.5,5,low,6,73.22890977443609,108.34190305146188,-35.11299327702581,49.97890977443609,36.26082197038079
0.5,5,low,16,87.97611111111111,208.3742475992476,-120.39813648813644,10.876111111111111,37.757130482130485
0.5,10,high,2,192.45841245270037,110.1128786729018,82.34553377979854,69.15841245270038,41.05882461884785
0.5,5,low,7,54.2484768009768,123.64539195127435,-69.39691515029753,20.698476800976803,37.87061717649953
0.5,10,high,3,167.68500816993463,107.51738887400647,60.167619295928105,61.035008169934635,34.017388874006514
0.5,5,low,18,123.08944444444447,221.18987282145187,-98.10042837700729,12.989444444444441,38.03221516379409
0.5,10,high,2,139.86642857142857,119.89147702146927,19.974951549959258,46.71642857142857,42.14823377822603
0.5,5,low,6,74.51478623028159,109.62061110884639,-35.10582487856489,53.814786230281584,36.9179084061437
0.5,10,high,1,167.9877074314574,119.85604887655973,48.13165855489771,59.83770743145743,49.59929211980294
0.5,5,low,7,57.90190476190476,116.36616697011434,-58.464262208209576,25.651904761904763,35.7265273304747
0.5,5,low,17,94.72111111111113,217.6421749485603,-122.92106383744922,12.62111111111111,37.565598371983846
0.5,5,low,8,60.67166666666666,132.91920287434996,-72.24753620768331,19.121666666666663,37.955238910385965
0.5,10,high,3,188.91317509459924,103.19092720439474,85.72224789020454,65.61317509459926,34.136873150340634
0.5,10,high,4,173.12849673202615,106.43790362575193,66.69059310627428,66.47849673202613,32.93790362575192
0.5,5,low,19,129.60405982905982,231.80498291748296,-102.20092308842314,14.504059829059827,37.83651444901444
0.5,10,high,3,144.87859010270776,116.26906542908864,28.60952467361912,51.72859010270774,38.52582218584541
0.5,5,low,7,53.41636904761905,116.14381878638845,-62.72744973876939,23.716369047619047,35.33300797557763
0.5,10,high,2,173.62845029239767,113.49556814015016,60.13288215224745,65.47845029239765,43.23881138339341
0.5,5,low,8,59.906547619047615,126.74958914811856,-66.84304152907092,19.656547619047622,37.64148104001046
0.5,5,low,18,97.9011111111111,226.81573022432147,-128.9146191132103,12.801111111111112,38.09050499909633
0.5,5,low,9,65.22333333333333,139.77700432522417,-74.55367099189075,17.673333333333332,36.25448180270161
0.5,5,low,20,137.58968253968254,240.5758681883682,-102.98618564868568,13.489682539682539,36.607399719899725
0.5,10,high,0,0,0,0,0,0
0.5,10,high,5,167.40140522875816,106.45618491868494,60.94522031007327,60.75140522875817,32.95618491868491
0.5,10,high,4,191.58543171654625,102.63177881297077,88.95365290357554,68.28543171654627,33.577724758916716
0.5,10,high,4,138.1389814107461,115.12530790351997,23.013673507226116,44.98898141074612,37.382064660276725
0.5,5,low,8,62.20678571428571,125.44404286571472,-63.237257151428956,24.506785714285716,35.89449331616513
0.5,5,low,9,60.9537912087912,133.446881175635,-72.49308996684381,14.70379120879121,36.140574869328745
0.5,10,high,3,173.61087891296867,108.1875988677072,65.42328004526148,65.46087891296871,37.93084211095048
0.5,5,low,19,106.44444444444443,236.27968544365604,-129.8352409992116,10.344444444444445,38.095000758971345
0.5,5,low,10,71.97318181818181,148.0967826086248,-76.12360079044294,18.42318181818182,35.92561143745354
0.5,10,high,6,165.2175641025641,106.70736487207073,58.510199230493384,58.5675641025641,33.20736487207075
0.5,10,high,1,167.7587858220211,122.98120579591172,44.777580026109405,54.50878582202112,48.84607066077652
0.5,10,high,5,140.0519684628237,114.13084474655682,25.92112371626689,46.90196846282372,36.38760150331356
0.5,10,high,5,191.9043300653595,101.65809063096219,90.24623943439735,68.60433006535946,32.60403657690808
0.5,5,low,9,73.6113924963925,134.75024930860843,-61.138856812215934,27.911392496392494,36.82232138068051
0.5,5,low,10,74.77907967032966,143.73454016414541,-68.95546049381578,16.529079670329672,37.32913475874002
0.5,10,high,4,177.489068627451,105.76086640146238,71.72820222598861,69.33906862745098,35.50410964470563
0.5,5,low,20,112.17861111111112,245.95647233808998,-133.7778612269788,11.078611111111112,37.9519678335855
0.5,10,low,0,0,0,0,0,0
0.5,10,high,2,179.4454024767802,111.99720523660154,67.44819724017866,66.19540247678019,37.862070101466394
0.5,10,high,7,170.15982456140352,106.20967200506672,63.950152556336775,63.50982456140351,32.709672005066736
0.5,10,high,6,143.33717230481938,112.70807506836918,30.629097236450207,50.18717230481936,34.96483182512595
0.5,5,low,11,76.03,159.14921498737283,-83.11921498737286,17.48,38.059124897282814
0.5,10,high,6,188.89422385620915,100.97522024108713,87.91900361512204,65.59422385620914,31.92116618703306
0.5,5,low,10,75.675,142.1543111127863,-66.47931111278633,22.975,35.84800480648004
0.5,5,low,11,80.69821428571427,151.57520214714484,-70.87698786143056,14.448214285714283,36.88150845345118
0.5,10,high,5,174.42041666666665,105.65109826011529,68.76931840655136,66.27041666666666,35.394341503358525
0.5,10,high,3,181.9681290849673,109.73951540081575,72.22861368415161,68.71812908496733,35.60438026568059
0.5,10,high,8,165.7231746031746,104.7110898934428,61.01208470973181,59.07317460317461,31.211089893442832
0.5,5,low,12,81.94681818181817,167.33831220255377,-85.39149402073556,16.39681818181818,37.59957346381495
0.5,10,low,1,70.07243201243202,129.89768460886884,-59.82525259643677,54.92243201243201,51.07336028454448
0.5,10,high,7,145.1550378787879,112.1929607871945,32.96207709159337,52.00503787878788,34.449717543951294
0.5,10,high,7,193.04541666666665,102.28599485708621,90.75942180958049,69.74541666666667,33.23194080303214
0.5,5,low,12,92.86428571428571,160.4734266402223,-67.60914092593661,12.614285714285712,36.86081402760969
0.5,5,low,11,84.78975885225886,151.7447811382022,-66.95502228594337,26.089758852258853,36.60964600306704
0.5,10,high,6,176.50277777777777,102.40502483873227,74.09775293904546,68.35277777777776,32.14826808197551
0.5,10,high,4,179.4899415204678,108.05722099406314,71.4327205264047,66.23994152046785,33.922085858927964
0.5,10,high,9,171.58846577227382,106.54777916109182,65.04068661118197,64.93846577227382,33.04777916109185
0.5,10,high,8,192.83776960784314,101.35813727857072,91.47963232927243,69.53776960784315,32.304083224516674
0.5,5,low,13,89.39605006105006,175.9344121720284,-86.5383621109782,17.84605006105006,37.00648424410032
0.5,10,low,2,102.22291666666668,120.599668370334,-18.376751703667324,87.07291666666667,41.77534404600968
0.5,10,high,8,142.3219696969697,111.34134716634718,30.980622530622526,49.1719696969697,33.59810392310391
0.5,5,low,13,98.5076754385965,170.4978611441847,-71.9901857055882,11.25767543859649,37.24560889193244
0.5,5,low,12,90.17193722943723,161.88606150959086,-71.71412428015365,22.471937229437227,37.20137682490624
0.5,10,high,7,172.69394736842105,103.49188931371592,69.20205805470515,64.54394736842106,33.23513255695919
0.5,10,high,9,192.8772222222222,101.96811757543178,90.9091046467904,69.57722222222223,32.91406352137776
0.5,10,high,10,165.11792827657376,105.57394758072002,59.54398069585376,58.4679282765738,32.073947580720024
0.5,10,high,5,177.14004213966288,108.47966318817711,68.66037895148578,63.89004213966289,34.344528053042005
0.5,10,low,3,49.4461403508772,117.06416856033724,-67.61802820946004,34.296140350877195,38.239844236012964
0.5,5,low,14,97.08088235294119,185.68558783164042,-88.60470547869934,19.530882352941177,37.20811035416299
0.5,10,high,9,141.66478407557355,111.57853007458274,30.08625400099085,48.51478407557355,33.83528683133946
0.5,5,low,13,99.60333333333332,169.47548797548794,-69.87215464215458,17.903333333333336,35.871884371884384
0.5,5,low,14,104.90833333333335,179.4294058962789,-74.52107256294563,10.658333333333333,36.98796445483753
0.5,10,high,8,172.4501680672269,102.37174075335835,70.0784273138685,64.30016806722688,32.114983996601644
0.5,10,low,4,84.0266339869281,116.5141993531312,-32.48756536620316,68.87663398692811,37.689875028806924
0.5,10,high,10,190.7110302717578,101.46638734107778,89.24464293068006,67.41103027175782,32.412333287023685
0.5,5,low,15,102.97714285714285,194.17232598939253,-91.19518313224962,19.427142857142854,36.77592959299614
0.5,10,high,6,181.09932404540763,107.00135906552315,74.09796497988451,67.84932404540764,32.866223930388024
0.5,10,high,11,164.42380116959063,106.01969582743574,58.40410534215489,57.77380116959064,32.51969582743577
0.5,10,high,10,140.5818580542265,111.67019463466832,28.911663419558153,47.43185805422648,33.92695139142508
0.5,5,low,14,107.37404761904763,177.77699420245852,-70.40294658341092,18.67404761904762,35.70492213038652
0.5,10,high,9,175.02440789473684,102.77658824864706,72.24781964608975,66.87440789473685,32.51983149189032
0.5,5,low,15,109.68839285714284,189.5479684229684,-79.85957556582557,8.438392857142857,37.64706752206751
0.5,10,low,5,48.06456510809452,115.85798269915917,-67.79341759106461,32.91456510809452,37.03365837483485
0.5,10,high,11,191.51159442724457,100.47733406851052,91.03426035873402,68.21159442724459,31.42328001445648
0.5,5,low,16,105.26000000000002,204.24401440210264,-98.98401440210264,15.710000000000003,36.937708095796324
0.5,10,high,12,172.53000000000003,115.4687033614665,57.06129663853346,55.879999999999995,33.77050516326833
0.5,10,high,7,179.3219362745098,107.7335459085459,71.58839036596386,66.0719362745098,33.59841077341078
0.5,10,high,11,146.82994949494952,112.14728277038645,34.68266672456306,53.6799494949495,34.40403952714325
0.5,10,low,6,77.0015644078144,114.59546139546141,-37.59389698764696,61.85156440781441,35.771137071137076
0.5,5,low,15,115.94503496503496,187.46859939328976,-71.52356442825489,20.245034965034968,36.38751831220871
0.5,10,high,10,175.0714973262032,103.42542296075577,71.64607436544743,66.9214973262032,33.16866620399903
0.5,5,low,16,116.24847041847042,197.72552573663248,-81.47705531816206,9.99847041847042,37.446246457353276
0.5,5,low,17,120.9990404040404,214.33553034156742,-93.3364899375271,15.449040404040403,37.11931412535127
0.5,10,high,12,195.5114285714286,109.42426955193979,86.0871590194888,62.21142857142858,32.081927209597495
0.5,10,high,13,185.29000000000002,123.86660307120836,61.42339692879173,58.64,33.60984631445157
0.5,10,high,12,143.06166666666664,121.40095907332748,21.660707593339154,39.91166666666667,35.45951763188606
0.5,10,high,8,176.87058823529406,106.52045736155642,70.35013087373763,63.62058823529412,32.385322226421316
0.5,10,low,7,57.05291666666667,116.02158180052916,-58.96866513386248,41.90291666666667,37.197257476204854
0.5,10,high,11,174.56999999999996,103.22950949367363,71.34049050632638,66.42000000000002,32.972752736916824
0.5,5,low,16,122.5507215007215,197.07830665733147,-74.52758515660992,20.8507215007215,37.43866701769178
0.5,5,low,17,122.53857142857142,205.25097453479808,-82.71240310622672,7.288571428571426,36.32304660687013
0.5,5,low,18,127.28544117647058,224.70012091420762,-97.414679737737,15.73544117647059,38.47489568898237
0.5,10,high,13,206.9394444444444,119.4008753692964,87.538569075148,63.639444444444436,32.959433927854974
0.5,10,high,14,192.14,132.8535459096605,59.286454090339504,55.489999999999995,33.767960324074856
0.5,10,high,13,152.32090909090908,129.47387245916653,22.847036631742498,39.17090909090909,34.793692278986406
0.5,10,high,9,176.35786205710355,107.02780179359125,69.33006026351228,63.107862057103546,32.89266665845613
0.5,5,low,17,130.8296338383838,205.08189225031325,-74.25225841192957,21.129633838383835,36.703513871934945
0.5,10,high,12,176.94,111.56991013175224,65.37008986824776,58.790000000000006,33.114955176797274
0.5,10,low,8,48.01308060360692,116.07002779135128,-68.05694718774438,32.86308060360692,37.24570346702701
0.5,5,low,18,145.64135338345864,215.27579852579856,-69.63444514233993,11.391353383458645,36.61814086814086
0.5,5,low,19,132.8881746031746,233.06541002017005,-100.17723541699547,15.338174603174604,37.02036497512502
0.5,10,high,14,213.64499999999998,127.31910938226729,86.3258906177327,60.345000000000006,32.589379652537545
0.5,10,high,14,163.38060606060606,137.28979407059902,26.090811990007097,40.23060606060606,34.41141569222066
0.5,10,high,15,204.19982456140352,141.67475185927205,62.52507270213147,57.54982456140351,32.76934645386657
0.5,10,high,10,180.14160818713452,106.86538711724464,73.2762210698898,66.8916081871345,32.73025198210957
0.5,5,low,18,133.61525252525254,212.55790582799096,-78.94265330273845,17.915252525252527,35.440788710873846
0.5,10,low,9,59.15575091575092,115.71890040547154,-56.56314948972068,44.005750915750916,36.894576081147285
0.5,5,low,19,157.05833333333334,224.50813623839946,-67.4498029050661,13.808333333333334,36.03065876092191
0.5,10,high,13,189.62500000000003,118.70557642798356,70.91942357201648,61.475,32.052423274830396
0.5,5,low,20,138.0767105263158,242.13414918101435,-104.05743865469867,14.526710526315787,37.350365397230725
0.5,10,low,0,0,0,0,0,0
0.5,10,high,15,222.27666666666664,135.83659975765244,86.44006690901429,59.97666666666667,33.08885200990464
0.5,10,high,16,210.7804761904762,149.38508846759618,61.39538772288,54.1304761904762,32.10130468381244
0.5,10,high,15,177.33499999999998,144.87761276724132,32.45738723275875,44.185,33.17040556003404
0.5,10,high,11,179.9814176986584,106.06533601270444,73.91608168595396,66.73141769865842,31.9302008775693
0.5,5,low,19,141.31307692307692,221.72771874776515,-80.41464182468837,17.613076923076925,36.412403432449864
0.5,5,low,20,159.75,236.41586558769208,-76.66586558769217,9.5,37.12757729940393
0.5,10,low,0,0,0,0,0,0
0.5,10,low,10,53.2479357897005,114.34475337168837,-61.09681758198786,38.09793578970049,35.52042904736403
0.5,10,high,14,198.20590909090907,127.57885180497406,70.627057285935,60.05590909090908,32.81759054371285
0.5,10,low,1,73.26137470372765,139.78913726696237,-66.52776256323472,50.161374703727645,50.275623753448826
0.5,10,high,16,235.36076923076925,145.03174424126436,90.32902498950494,62.06076923076923,32.644356853876985
0.5,10,high,16,184.1065789473684,154.57855140788575,29.528027539482707,40.95657894736842,34.4929658223002
0.5,10,high,17,221.47565359477125,159.04452593570238,62.43112765906889,54.825653594771246,33.022003413179895
0.5,10,high,12,187.75,115.59410967986817,72.15589032013177,64.5,33.440956526715034
0.5,10,low,1,68.33103301926832,134.2629407562457,-65.93190773697734,50.631033019268315,49.93861643192139
0.5,5,low,20,148.08822510822512,234.43322349498825,-86.3449983867632,18.388225108225107,35.69448475624948
0.5,10,low,0,0,0,0,0,0
0.5,10,low,11,61.14721878224974,114.72872298708212,-53.581504204832385,45.99721878224974,35.90439866275779
0.5,10,high,15,206.72382352941176,136.60739824048645,70.11642528892534,58.57382352941177,32.65694779003603
0.5,10,low,2,78.02904761904763,132.2939711096058,-54.26492349055816,54.929047619047616,42.78045759609226
0.5,10,high,17,193.61844155844156,162.4630107722987,31.155430786142972,40.468441558441555,34.08913689842484
0.5,10,high,17,245.88666666666663,154.84188265554366,91.04478401112297,62.58666666666666,33.08512589878689
0.5,10,high,18,234.64666666666668,167.83861254453356,66.80805412213303,57.996666666666655,32.26654047246153
0.5,10,high,13,193.22499999999997,123.38115209968925,69.8438479003107,59.975,32.849620568157725
0.5,10,low,2,71.67860734037204,128.74246399385717,-57.06385665348516,53.97860734037205,44.41813966953285
0.5,10,low,1,71.24070028011205,130.92184637974108,-59.68114609962906,51.14070028011205,49.43535989325462
0.5,10,low,12,43.827549019607844,124.10179912679915,-80.27425010719126,20.67754901960784,36.71891624391625
0.5,10,high,16,218.75333333333333,144.3450861658292,74.40824716750407,60.60333333333333,32.106347427090455
0.5,10,low,3,59.22740429505135,128.86907514713243,-69.64167085208112,36.12740429505135,39.355561633618926
0.5,10,high,18,254.55277777777778,163.58137346032083,90.97140431745703,61.25277777777777,33.266058145005516
0.5,10,high,19,244.76769230769233,177.0216387380475,67.74605356964486,58.1176923076923,32.710827927236586
0.5,10,high,18,204.0630701754386,172.30451250768584,31.75855766775274,40.9130701754386,34.0207287239021
0.5,10,high,14,208.48000000000002,132.42524415171474,76.05475584828528,65.22999999999999,32.79461352108411
0.5,10,low,2,75.05666666666666,125.88129679995004,-50.824630133283435,54.95666666666667,44.39481031346358
0.5,10,low,3,64.74226423902894,122.35345547470156,-57.61119123567268,47.04226423902894,38.02913115037728
0.5,10,low,13,45.64397759103641,133.14392744392742,-87.499949852891,15.493977591036417,36.84212564212565
0.5,10,low,4,78.42999999999999,128.23988442591383,-49.809884425913864,55.33,38.72637091240033
0.5,10,high,17,226.7552380952381,154.63566112459299,72.11957697064503,58.605238095238086,33.29782328675518
0.5,10,high,19,214.6532196969697,181.73255774703136,32.92066194993836,41.5032196969697,34.43976495423863
0.5,10,low,3,82.21819444444444,120.93067936156173,-38.712484917117294,62.11819444444444,39.44419287507522
0.5,10,high,19,264.6464705882353,172.62257110051218,92.02389948772299,61.3464705882353,33.65860713654831
0.5,10,high,20,256.4757142857143,186.58487255155214,69.89084173416214,59.8257142857143,33.35514282182238
0.5,10,low,0,0,0,0,0,0
0.5,10,high,15,215.88999999999996,141.21799435034734,74.67200564965268,62.64,32.48826462061756
0.5,10,low,4,70.01605263157894,121.91677933361369,-51.900726702034746,52.31605263157894,37.59245500928939
0.5,10,high,18,237.40924242424245,164.112383031462,73.2968593927805,59.259242424242416,33.315085734164676
0.5,10,low,5,73.16882936507936,126.00947741365695,-52.84064804857759,50.06882936507937,36.495963900143465
0.5,10,low,14,46.275882352941174,141.84517496239633,-95.56929260945515,12.125882352941176,36.89472451194587
0.5,10,high,20,224.0762971342383,190.93237551914032,33.14392161509801,40.92629713423831,35.081024167788854
0.5,15,high,0,0,0,0,0,0
0.5,10,low,1,71.61642230576442,127.298036397572,-55.68161409180752,55.86642230576441,49.62236072189631
0.5,10,low,4,70.30637531328321,119.11963574904756,-48.81326043576432,50.2063753132832,37.63314926256103
0.5,10,high,20,275.7981818181818,180.49061927351397,95.30756254466772,62.49818181818182,32.968096750991485
0.5,15,high,0,0,0,0,0,0
0.5,10,high,16,224.49499999999998,150.16659557712188,74.32840442287807,61.245000000000005,32.24767665820299
0.5,10,low,5,47.41462481146305,121.12238248569518,-73.70775767423206,29.71462481146305,36.79805816137086
0.5,10,low,15,52.15588235294117,150.94869752749008,-98.7928151745489,10.005882352941176,36.62887770767027
0.5,10,high,19,246.14749999999998,173.03906475965306,73.10843524034698,57.99749999999999,33.59311881370704
0.5,10,low,6,64.97341057635175,124.27906423486917,-59.30565365851744,41.87341057635176,34.76555072135568
0.5,10,low,2,72.04465506715506,117.54584364243804,-45.50118857528297,56.29465506715506,39.87016796676241
0.5,15,high,1,170.09976237728557,119.3904249579172,50.70933741936834,58.7997623772856,49.32285739034967
0.5,10,low,5,56.182938965059705,119.03253996195171,-62.84960099689201,36.082938965059704,37.54605347546524
0.5,15,high,1,154.59274509803922,127.71563367178692,26.87711142625227,53.94274509803921,50.188606644759886
0.5,10,high,17,234.05,158.55033022749734,75.49966977250256,60.8,32.25303293020011
0.5,10,low,6,59.35589423648247,120.22939271739575,-60.87349848091333,41.65589423648247,35.90506839307149
0.5,10,high,20,256.28259615384616,180.0290458553617,76.25355029848447,58.13259615384616,32.83535216166795
0.5,15,high,0,0,0,0,0,0
0.5,10,low,16,57.955882352941174,159.08919290254428,-101.13331054960311,9.805882352941177,36.66126497461637
0.5,10,low,7,67.39638157894737,125.88456149864822,-58.48817991970084,44.29638157894736,36.37104798513467
0.5,10,low,3,52.854960127591696,116.5390059213589,-63.68404579376721,37.1049601275917,38.863330245683166
0.5,15,high,2,180.11551693404635,110.869457244999,69.2460596890473,68.81551693404634,40.801889677431475
0.5,15,high,2,147.94006904516192,119.63373141914167,28.30633762602031,47.29006904516192,42.106704392114615
0.5,10,low,6,74.67,118.1996129452012,-43.52961294520118,54.57000000000001,36.71312645871468
0.5,10,high,18,244.72999999999996,166.65498534589094,78.07501465410905,61.48,31.61894930985489
0.5,10,low,7,70.80555014430016,121.07991778727074,-50.27436764297053,53.10555014430015,36.75559346294641
0.5,15,high,1,157.35416725431432,124.19685346322349,33.15731379109084,53.25416725431431,49.45361021998019
0.5,10,low,8,69.76,125.62122637943072,-55.86122637943073,46.660000000000004,36.1077128659172
0.5,10,low,17,63.18088235294117,168.89624771610067,-105.71536536315945,10.030882352941177,37.639490959343895
0.5,15,high,3,142.7222084623323,113.36406229633782,29.358146165994484,42.0722084623323,35.83703526931082
0.5,15,high,3,177.935,104.94037383081502,72.99462616918498,66.635,34.87280626324743
0.5,10,low,4,62.51694444444445,114.3359696217669,-51.81902517732236,46.76694444444445,36.66029394609115
0.5,10,low,7,40.68679487179487,117.85857592699696,-77.17178105520209,20.586794871794872,36.3720894405105
0.5,10,high,19,255.90500000000003,176.24977090035148,79.65522909964858,62.654999999999994,31.93445558503609
0.5,10,low,18,72.41659663865546,178.27250439092546,-105.85590775226997,11.266596638655463,37.646378264799324
0.5,10,low,8,61.19110389610389,119.54386456886458,-58.35276067276066,43.491103896103894,35.21954024454023
0.5,10,low,9,78.05292518626884,125.59430224120626,-47.54137705493743,54.95292518626884,36.08078872769276
0.5,15,high,2,160.93725514767308,113.89780468356314,47.039450464109876,56.837255147673105,39.15456144031995
0.5,15,high,4,145.51311919504641,113.54633998925802,31.966779205788455,44.863119195046444,36.0193129622309
0.5,15,high,4,178.55270940832474,103.96717640889467,74.58553299943006,67.25270940832475,33.8996088413271
0.5,10,low,5,62.63917710944027,114.32270274901849,-51.683525639578264,46.88917710944027,36.647027073342876
0.5,10,high,20,268.14500000000004,184.83930220106683,83.30569779893321,64.89500000000001,31.78524814701285
0.5,10,low,8,68.74934837092732,118.47156574099297,-49.722217370065664,48.64934837092732,36.985079254506495
0.5,15,high,0,0,0,0,0,0
0.5,10,low,19,85.14333333333335,187.28047206011598,-102.13713872678267,10.993333333333332,36.834526114170075
0.5,10,low,10,56.186602870813395,126.57650128826602,-70.38989841745263,33.086602870813394,37.062987774752486
0.5,10,low,9,58.463270202020205,119.30972535024392,-60.84645514822373,40.7632702020202,34.98540102591961
0.5,15,high,3,163.9922858617131,110.73773406099255,53.25455180072055,59.892285861713106,35.994490817749316
0.5,15,high,5,140.16401530787752,113.1922019824496,26.97181332542789,39.514015307877536,35.66517495542264
0.5,10,low,6,72.94301523038365,114.18455370955374,-41.24153847917009,57.19301523038365,36.50887803387803
0.5,15,high,5,178.7002786377709,102.95371154086324,75.74656709690767,67.4002786377709,32.88614397329568
0.5,15,high,1,155.93406746031746,125.44814020723467,30.48592725308282,55.584067460317456,50.42111318020761
0.5,10,low,9,64.85848901098902,117.66637513344168,-52.80788612245263,44.75848901098901,36.17988864695521
0.5,10,low,20,86.935,197.61167878068028,-110.67667878068028,9.784999999999998,38.15672382572537
0.5,15,high,0,0,0,0,0,0
0.5,10,low,11,67.17292207792207,126.54682350843339,-59.373901430511296,44.07292207792207,37.033309994919904
0.5,10,low,10,47.112625348507706,121.40181318126366,-74.28918783275597,29.412625348507703,37.07748885693931
0.5,15,high,4,164.5426745786034,110.15949493654605,54.383179642057385,60.44267457860337,35.41625169330277
0.5,10,low,7,64.86451213260423,112.84680791960201,-47.98229578699781,49.11451213260423,35.17113224392637
0.5,15,high,6,144.66624195292155,113.5088255377729,31.15741641514863,44.01624195292152,35.98179851074588
0.5,15,high,6,174.97117647058823,104.06341171066401,70.90776475992419,63.671176470588236,33.99584414309646
0.5,15,high,2,158.11539215686278,116.03380113918043,42.0815910176824,57.765392156862745,41.00677411215337
0.5,10,low,10,53.49883458646616,118.65697653650442,-65.15814195003823,33.39883458646616,37.17049005001791
0.5,15,high,1,167.15564572682223,124.69650511693855,42.459140609883704,57.2056457268222,48.953261873695304
0.5,15,high,5,163.90810629514962,109.10076537669418,54.807340918455495,59.80810629514964,34.35752213345092
0.5,10,low,11,65.90658337019018,121.4982741137153,-55.591690743525106,48.20658337019019,37.17394978939098
0.5,10,low,12,47.13300653594772,134.09088651004285,-86.95787997409514,17.033006535947713,36.01881443797079
0.5,10,low,8,46.48921052631579,114.76501080634208,-68.27580028002629,30.739210526315787,37.0893351306664
0.5,15,high,7,144.52578947368423,111.73478580769603,32.791003665988214,43.87578947368421,34.207758780669
0.5,15,high,3,162.40910737439373,111.63954011604939,50.76956725834435,62.05910737439376,36.61251308902238
0.5,10,low,11,75.25,117.55546577268713,-42.3054657726871,55.15,36.068979286200644
0.5,15,high,7,174.98911764705883,103.55005675992523,71.43906088713366,63.68911764705882,33.48248919235761
0.5,15,high,2,166.19945780741446,115.28132741282894,50.91813039458552,56.249457807414466,39.5380841695857
0.5,10,low,12,40.81213453213453,130.16527841160197,-89.35314387946741,15.112134532134533,37.46257570889922
0.5,10,low,13,49.88527310924369,144.26290292846025,-94.37762981921654,13.785273109243699,36.911551577108845
0.5,15,high,6,160.1616666666667,110.08729776690298,50.0743688997637,56.06166666666667,35.34405452365981
0.5,15,high,8,149.47107843137252,113.04694511683674,36.42413331453578,48.821078431372555,35.51991808980972
0.5,10,low,9,72.70973484848484,113.65353926309807,-40.9438044146132,56.95973484848484,35.97786358742242
0.5,10,low,12,41.253689839572196,126.42046073690811,-85.16677089733594,13.153689839572191,36.55559587204324
0.5,15,high,4,161.5689370485036,111.82714527582945,49.74179177267415,61.218937048503605,36.80011824880246
0.5,15,high,8,174.16390756302522,103.68231604779591,70.48159151522931,62.8639075630252,33.614748480228364
0.5,15,high,3,166.6286842105263,112.96576883198398,53.66291537854228,56.678684210526306,37.22252558874076
0.5,10,low,14,57.96205882352941,153.85843889021137,-95.89638006668187,14.862058823529413,37.85843889021133
0.5,10,low,13,46.81547619047619,138.32476508134405,-91.5092888908679,16.11547619047619,37.243684000262945
0.5,15,high,7,158.10043429652563,110.28120653410902,47.81922776241662,54.000434296525626,35.537963290865754
0.5,15,high,9,147.85165204678364,111.73232474513433,36.11932730164932,47.20165204678362,34.20529771810731
0.5,10,low,10,58.443137254901956,113.69262575644153,-55.24948850153959,42.693137254901956,36.01695008076587
0.5,10,low,13,45.404901960784315,135.3684278150609,-89.96352585427664,12.304901960784312,36.76482421145734
0.5,15,high,9,173.04229102167182,104.78903852588066,68.25325249579119,61.742291021671825,34.72147095831307
0.5,15,high,5,160.7158359133127,109.55342382366375,51.162412089648896,60.365835913312694,34.52639679663673
0.5,10,low,14,50.69072871572872,146.5931601475719,-95.90243143184318,14.990728715728716,36.86343041784219
0.5,15,high,4,166.1820450636395,111.86337763017335,54.318667433466175,56.23204506363949,36.12013438693005
0.5,10,low,15,67.76039215686275,162.41789675319083,-94.65750459632814,16.660392156862745,36.50798684328096
0.5,15,high,8,159.1497385620915,108.8575690960753,50.29216946601622,55.0497385620915,34.114325852832046
0.5,15,high,10,145.24034829721364,113.16834029628147,32.07200800093216,44.59034829721362,35.64131326925445
0.5,10,low,11,37.17377828054299,115.28988451291085,-78.11610623236784,21.423778280542983,37.614208837235154
0.5,10,low,14,59.09823529411765,143.66018636719096,-84.56195107307332,14.998235294117645,36.588114295118935
0.5,15,high,10,171.3822377020984,104.61208832919357,66.77014937290481,60.08223770209837,34.54452076162604
0.5,15,high,6,160.55716202270384,108.60400071205024,51.95316131065361,60.20716202270381,33.57697368502323
0.5,10,low,15,57.76250000000001,156.17749476093135,-98.41499476093125,17.0625,37.79911638255291
0.5,15,high,5,173.68522875816993,109.44368651396518,64.24154224420477,63.73522875816993,33.70044327072191
0.5,10,low,16,72.09247549019608,170.9745947976211,-98.88211930742506,15.99247549019608,36.68630650933282
0.5,15,high,9,162.10441786283891,108.63847881665218,53.465939046186705,58.004417862838906,33.89523557340896
0.5,15,high,11,141.29636497661264,112.59784471471778,28.698520261894828,40.64636497661265,35.070817687690756
0.5,10,low,12,37.72770604395605,123.99429105284369,-86.26658500888766,16.977706043956044,37.66996672851935
0.5,10,low,15,63.4006162464986,155.19582421192334,-91.79520796542474,11.300616246498599,38.57420259030166
0.5,15,high,11,174.99471854770613,103.99699445949442,70.99772408821165,63.69471854770616,33.9294268919269
0.5,15,high,7,157.46315918472652,109.35590439158551,48.10725479314098,57.11315918472652,34.32887736455847
0.5,10,low,16,63.431501831501826,165.31181561320884,-101.88031378170697,12.731501831501834,37.383887685280875
0.5,15,high,6,170.69482142857143,109.64670530696077,61.048116121610676,60.744821428571434,33.90346206371747
0.5,10,low,17,79.33311942959003,180.39394783473728,-101.06082840514722,15.233119429590015,37.186740627530085
0.5,15,high,10,165.22773109243698,108.3234120491474,56.90431904328966,61.127731092436974,33.58016880590409
0.5,15,high,12,146.50566563467493,112.1274573002514,34.37820833442353,45.855665634674935,34.600430273224404
0.5,10,low,13,41.45870959449907,131.14398809069863,-89.68527849619953,15.708709594499073,35.81065475736527
0.5,15,high,12,176.34805555555556,103.66209067973773,72.68596487581782,65.04805555555555,33.59452311217018
0.5,10,low,16,72.14823529411765,164.41539363304062,-92.267158338923,12.04823529411765,37.70368192132899
0.5,10,low,17,74.97577922077923,173.9293759782924,-98.95359675751317,18.27577922077922,37.80324985216626
0.5,15,high,8,161.90813799203892,108.28133490250366,53.626803089535215,61.558137992038915,33.254307875476584
0.5,15,high,7,170.503341503268,110.17691813349704,60.32642336977089,60.55334150326799,34.43367489025384
0.5,10,low,18,86.26539215686276,189.69005737825407,-103.4246652213912,17.165392156862744,37.203570891767484
0.5,15,high,11,164.78782765737873,108.00523305631663,56.7825946010621,60.68782765737874,33.26198981307341
0.5,15,high,13,142.92977167182661,112.8295348452469,30.100236826579703,42.27977167182663,35.302507818219894
0.5,10,low,14,43.0936302294197,142.94305850652597,-99.8494282771063,14.343630229419706,38.33044589391341
0.5,10,low,17,80.28833333333333,172.90362782170067,-92.61529448836728,9.188333333333333,37.72344764152038
0.5,15,high,13,173.45489483512702,103.77961748286825,69.67527735225879,62.15489483512704,33.71204991530069
0.5,15,high,9,162.08019736842104,109.72113678812595,52.35906058029509,61.730197368421045,34.694109761098915
0.5,15,high,8,173.08944444444444,108.42303216428603,64.66641228015835,63.139444444444436,32.679788921042785
0.5,10,low,18,76.58539682539683,184.1282464955066,-107.54284967010972,13.885396825396828,37.82194018920024
0.5,10,low,19,89.72443977591038,199.48492225992226,-109.76048248401185,14.624439775910364,37.98942676442676
0.5,15,high,12,160.97436090225568,108.48203880336234,52.49232209889338,56.874360902255646,33.73879556011909
0.5,15,high,14,142.8134488795518,112.44815169749381,30.365297182057972,42.163448879551815,34.921124670466774
0.5,10,low,18,88.58261904761903,181.34528997032868,-92.76267092270965,10.482619047619048,37.96691159195029
0.5,10,low,15,49.772326810616285,151.31325988311283,-101.54093307249647,16.022326810616285,37.331277901130846
0.5,15,high,14,173.55622807017545,103.68096795890915,69.87526011126629,62.25622807017544,33.613400391341564
0.5,15,high,10,159.08515013022753,108.56092226579845,50.52422786442909,58.73515013022753,33.53389523877139
0.5,15,high,9,172.51208382948317,108.6830974983065,63.828986331176694,62.56208382948322,32.93985425506323
0.5,10,low,19,83.04103174603173,192.43734545058072,-109.39631370454907,15.341031746031746,37.39230040553571
0.5,10,low,20,95.22785968933027,206.85665421621297,-111.62879452688279,15.127859689330279,36.35214971170853
0.5,15,low,0,0,0,0,0,0
0.5,15,high,13,161.20825077399383,108.99869962246123,52.20955115153261,57.1082507739938,34.255456379218
0.5,15,high,15,141.4339123071631,113.12177379398742,28.31213851317564,40.783912307163085,35.594746766960384
0.5,10,low,19,100.11340909090909,190.0075182943991,-89.89410920348995,12.01340909090909,37.530040816921634
0.5,10,low,16,52.405809716599194,160.34539502441984,-107.93958530782056,14.655809716599185,37.62467430369905
0.5,15,high,15,175.74218610251117,102.80653883448002,72.93564726803119,64.44218610251119,32.73897126691243
0.5,15,high,11,158.6818674136321,108.9308326470091,49.751034766623036,58.33186741363211,33.903805619982094
0.5,15,high,10,172.26611111111112,108.58373471229507,63.68237639881602,62.316111111111105,32.840491469051855
0.5,10,low,20,84.68452380952381,200.35989519658244,-115.67537138705866,12.984523809523811,36.215751052438364
0.5,15,low,0,0,0,0,0,0
0.5,15,low,1,75.00505119880118,137.86689710373923,-62.86184590493808,55.5050511988012,50.20473494157706
0.5,10,low,20,109.94928571428572,199.97937797202502,-90.03009225773933,11.849285714285713,37.862260854907916
0.5,15,high,16,145.52714285714285,112.09073944023636,33.43640341690649,44.87714285714286,34.563712413209316
0.5,15,low,0,0,0,0,0,0
0.5,15,high,14,161.74875000000003,109.45882383277896,52.28992616722108,57.64875000000001,34.715580589535705
0.5,10,low,17,58.512051282051274,169.67756510848616,-111.165513826435,13.762051282051283,37.58747501839606
0.5,15,high,16,172.86222953216372,103.82866399042874,69.03356554173506,61.56222953216375,33.76109642286113
0.5,15,high,12,163.28182121971597,109.63400032409324,53.64782089562273,62.93182121971596,34.60697329706617
0.5,15,high,11,170.94858187134503,108.78434669874297,62.164235172602034,60.998581871345024,33.04110345549975
0.5,15,low,1,77.46369755244754,126.19803045642828,-48.73433290398074,55.56369755244755,49.76559802399587
0.5,15,low,1,79.07846153846154,135.06213807072942,-55.98367653226785,53.878461538461536,50.629705638296976
0.5,15,low,2,67.07867673992675,128.9356174822893,-61.856940742362525,47.57867673992674,41.27345532012714
0.5,15,high,15,165.56496289743967,109.0593322701295,56.50563062731017,61.46496289743968,34.31608902688623
0.5,15,high,17,144.47899134534197,120.66900174988412,23.809989595457836,33.82899134534196,35.394226975109326
0.5,10,low,18,61.002051282051276,178.56035275667628,-117.55830147462507,13.252051282051283,37.46125365757719
0.5,15,high,13,158.90995356037152,108.34679198216352,50.56316157820801,58.55995356037151,33.31976495513646
0.5,15,high,17,179.29352941176472,111.66639659507307,67.62713281669164,57.99352941176471,33.4006308293073
0.5,15,high,12,172.9244486215539,108.87123678636836,64.05321183518552,62.97444862155389,33.12799354312513
0.5,15,low,2,70.91934731934732,119.18211968037812,-48.26277236103083,49.01934731934732,42.749687247945786
0.5,15,low,2,76.97702991452992,125.87408236405915,-48.897052449529184,51.77702991452992,41.44164993162673
0.5,15,low,3,74.94916666666667,126.13373501763594,-51.18456835096927,55.44916666666667,38.47157285547378
0.5,15,high,16,163.57473512211905,108.31649242334225,55.258242698776826,59.47473512211902,33.57324918009904
0.5,15,high,18,159.33166666666665,128.0552763780705,31.276390288596104,38.68166666666666,34.31203313482725
0.5,10,low,19,64.73538461538462,187.96241099329333,-123.22702637790871,13.985384615384614,37.58403261491496
0.5,15,high,18,186.63722222222225,119.84235606735605,66.79486615486618,55.33722222222222,33.378392103392095
0.5,15,high,14,160.52321862348177,107.92797681497373,52.59524180850805,60.17321862348179,32.90094978794669
0.5,15,high,13,172.44015458225985,109.08210485691139,63.35804972534849,62.49015458225985,33.33886161366811
0.5,15,low,3,62.68063492063493,115.25861006255741,-52.57797514192248,40.78063492063492,38.826177630125
0.5,15,low,3,79.36,122.57608310108309,-43.21608310108307,54.160000000000004,38.14365066865067
0.5,15,high,17,166.52,118.8367406360053,47.683259363994665,52.419999999999995,35.895299194563904
0.5,15,high,19,165.60414860681112,136.86668713715926,28.737461469651862,34.95414860681114,34.92524569571784
0.5,10,low,20,71.37189976689976,198.5166804575473,-127.1447806906476,14.62189976689977,38.22839216925904
0.5,15,low,4,49.52790935672515,124.56315420796847,-75.03524485124328,30.027909356725143,36.90099204580629
0.5,15,low,0,0,0,0,0,0
0.5,15,high,19,197.54999999999998,128.51179384271492,69.03820615728506,56.250000000000014,33.66945150037255
0.5,15,high,15,163.79813676347732,107.84623488447016,55.95190187900711,63.448136763477315,32.81920785744316
0.5,15,high,14,166.85924787458845,108.7986274303999,58.06062044418857,56.90924787458844,33.055384187156626
0.5,15,low,4,78.59515837104072,122.33897220673536,-43.74381383569464,53.39515837104072,37.90653977430294
0.5,15,low,4,59.885757575757566,113.44076634602949,-53.55500877027194,37.985757575757575,37.00833391359708
0.5,15,low,5,63.97042950513539,125.42637754576607,-61.45594804063065,44.470429505135385,37.764215383603926
0.5,15,high,18,174.7290756302521,124.54409135186998,50.184984278382146,50.6290756302521,33.764812072590715
0.5,15,low,1,70.65016317016317,123.26611850435381,-52.615955334190616,55.50016317016317,49.847199585434886
0.5,15,high,20,172.551162464986,145.6263845047127,26.92477796027333,31.901162464985998,35.216474594802776
0.5,15,low,0,0,0,0,0,0
0.5,15,high,20,207.9968181818182,136.76536702128809,71.23145116053016,56.69681818181819,33.544646300567344
0.5,20,high,0,0,0,0,0,0
0.5,15,high,16,163.2209064327485,108.54161554293131,54.67929088981718,62.870906432748555,33.51458851590431
0.5,15,high,15,176.98882352941177,108.69823939889726,68.29058413051453,67.03882352941177,32.95499615565405
0.5,15,low,5,68.63724789915966,113.14864911548345,-44.511401216323776,46.73724789915966,36.71621668305105
0.5,15,low,5,60.76534090909091,121.04830563580562,-60.282964726714724,35.565340909090914,36.61587320337319
0.5,15,high,19,179.64564102564103,131.91507353883514,47.73056748680588,45.54564102564103,33.02768615144776
0.5,15,low,6,66.97111111111111,125.4009671869967,-58.42985607588547,47.471111111111114,37.73880502483443
0.5,15,low,2,79.84125159154571,117.8332877650215,-37.992036173475825,64.69125159154571,44.4143688461026
0.5,15,low,1,74.92763177998472,128.5723055921973,-53.64467381221249,53.92763177998472,49.923656943548565
0.5,20,high,1,157.16241258741258,128.08611688050547,29.07629570690719,49.46241258741259,50.11314390753248
0.5,15,high,17,168.67,115.87610026112348,52.793899738876505,58.32000000000001,33.01123539625863
0.5,15,high,16,169.98614035087718,107.72296084532924,62.263179505547896,60.03614035087719,31.979717602086016
0.5,15,low,6,71.6014047987616,113.7911720714352,-42.18976727267359,49.701404798761615,37.3587396390028
0.5,15,low,6,69.84293650793651,120.61212595279932,-50.76918944486276,44.64293650793651,36.17969352036691
0.5,15,high,20,192.95119047619048,142.34666072073193,50.60452975545854,48.851190476190474,35.17098504505625
0.5,20,high,0,0,0,0,0,0
0.5,15,low,7,71.63051587301587,124.23682806182804,-52.6063121888122,52.13051587301588,36.5746658996659
0.5,15,low,3,71.42533936651583,111.46350224113384,-40.03816287461798,56.275339366515844,38.04458332221489
0.5,20,high,2,166.67280578898223,120.2980099747515,46.374795814230794,58.97280578898227,42.32503700177849
0.5,15,low,2,91.72976190476192,122.68616478597124,-30.95640288120933,70.72976190476192,44.03751613732263
0.5,15,high,18,173.48666003243403,124.1458711103448,49.34078892208923,53.136660032434044,33.17289813737183
0.5,15,high,17,175.77912280701756,116.20404181522605,59.57508099179155,55.82912280701754,32.35269046387468
0.5,15,low,7,70.70648926237162,111.84555460468769,-41.1390653423161,48.80648926237161,35.41312217225531
0.5,20,high,1,163.81881546815757,134.04030868647743,29.778506781680136,52.51881546815756,49.94571409188281
0.5,15,low,7,60.83479853479854,120.08374589036355,-59.248947355564994,35.634798534798534,35.6513134579311
0.5,15,low,8,57.128813408813414,124.91476258647306,-67.7859491776597,37.62881340881341,37.25260042431096
0.5,15,low,4,63.970355167708114,109.83055272211621,-45.86019755440808,48.820355167708115,36.41163380319726
0.5,20,high,3,164.30999298774842,113.7785932508456,50.531399736902856,56.60999298774841,35.80562027787259
0.5,15,low,3,52.39154411764706,116.51475648534473,-64.12321236769768,31.391544117647054,37.86610783669607
0.5,15,high,19,188.45,133.0298709496078,55.42012905039218,58.1,33.67851959825644
0.5,15,high,18,184.94614035087722,125.39907396316066,59.54706638771654,54.99614035087719,33.439614503701186
0.5,15,low,8,57.19655812324929,111.6987108907388,-54.50215276748949,35.296558123249305,35.266278458306324
0.5,15,low,8,74.82956140350878,120.35421035421034,-45.524648950701604,49.629561403508774,35.92177792177791
0.5,20,high,2,179.33568498452013,126.20746299407288,53.128221990447216,68.03568498452012,42.11286839947831
0.5,15,low,5,46.10866522366523,109.51411654306388,-63.40545131939871,30.958665223665225,36.095197624145
0.5,15,low,9,70.15065323565324,123.0495621798253,-52.898908944172064,50.65065323565324,35.38740001766318
0.5,20,high,4,161.79845588235293,113.88804417600859,47.91041170634428,54.09845588235294,35.915071203035595
0.5,15,high,20,192.82997076023395,141.54844323594324,51.28152752429071,53.47997076023391,33.458353145853145
0.5,20,high,0,0,0,0,0,0
0.5,15,low,4,70.40920634920636,116.32821470321467,-45.919008354008355,49.40920634920635,37.67956605456607
0.5,15,low,9,71.74453463203464,112.82114295585654,-41.07660832382196,49.84453463203464,36.388710523424145
0.5,15,high,19,189.5828571428571,132.68381476539372,56.89904237746333,49.63285714285714,32.61624719782614
0.5,15,low,9,50.08757575757575,119.88826977642766,-69.80069401885191,24.887575757575757,35.45583734399524
0.5,20,high,3,176.95048718610252,119.57819956496424,57.37228762113824,65.65048718610251,35.483604970369676
0.5,15,low,6,72.42611111111111,109.86154473375835,-37.435433622647224,57.27611111111112,36.44262581483944
0.5,15,low,10,65.59714285714286,123.78975915578083,-58.192616298637944,46.097142857142856,36.12759699361866
0.5,20,high,5,166.86565359477123,113.2199245790577,53.64572901571353,59.16565359477124,35.24695160608472
0.5,15,low,5,88.1292879256966,115.95719803219804,-27.827910106501434,67.1292879256966,37.30854938354939
0.5,20,high,1,169.45887935078335,118.19379384692851,51.26508550385488,58.45887935078338,49.2748749280096
0.5,15,low,10,67.12208333333334,111.57156337852928,-44.449480045195955,45.22208333333333,35.1391309460969
0.5,15,low,10,74.27082417582417,119.83591004105712,-45.565085865232916,49.07082417582417,35.40347760862466
0.5,15,high,20,203.99499999999998,141.5838933929104,62.41110660708958,54.045,33.22803753705457
0.5,20,high,4,174.04487050960734,119.0641256138547,54.980744895752665,62.74487050960736,34.96953101926013
0.5,20,high,0,0,0,0,0,0
0.5,15,low,7,59.62598901098902,110.87518990436949,-51.24920089338043,44.47598901098901,37.45627098545056
0.5,15,low,11,58.145005484711376,125.06973671973677,-66.92473123502539,38.64500548471137,37.407574557574556
0.5,20,high,6,170.58747899159664,112.2422631709009,58.345215820695685,62.88747899159664,34.26929019792797
0.5,20,high,2,176.9826969384245,108.09527003938767,68.88742689903687,65.98269693842448,39.17635112046877
0.5,15,low,6,60.95102941176471,114.43850866350864,-53.48747925174398,39.95102941176471,35.78986001486001
0.5,15,low,11,57.88572523881347,111.5252045541519,-53.63947931533843,35.98572523881347,35.0927721217195
0.5,15,low,11,59.562910618792976,119.83694501415088,-60.27403439535791,34.362910618792974,35.404512581718464
0.5,20,high,5,173.71605134158926,117.09345492306018,56.622596418529085,62.416051341589274,32.99886032846559
0.5,20,high,1,170.74418109668107,128.41971454951334,42.32446654716776,52.994181096681096,48.9332280630268
0.5,15,low,8,50.96334054834055,108.85350485942595,-57.89016431108539,35.81334054834055,35.434585940506985
0.5,20,high,7,166.12088235294115,112.30302015170439,53.81786220123678,58.42088235294118,34.330047178731384
0.5,15,low,12,62.364619269619276,124.25557184307185,-61.89095257345257,42.86461926961927,36.59340968090968
0.5,20,high,3,178.09745098039215,103.87326206679923,74.22418891359294,67.09745098039215,34.95434314788029
0.5,15,low,12,69.21394257703079,111.8196275141322,-42.60568493710136,47.313942577030815,35.387195081699716
0.5,15,low,7,87.8515404040404,115.38565358894307,-27.53411318490265,66.8515404040404,36.73700494029441
0.5,15,low,12,63.20111111111112,120.25846144739334,-57.05735033628221,38.001111111111115,35.82602901496091
0.5,20,high,6,174.75904024767803,117.65592115522458,57.10311909245348,63.459040247678026,33.561326560629965
0.5,20,high,2,183.42759740259743,121.07964364705852,62.347953755538924,65.6775974025974,41.59315716057202
0.5,20,high,8,176.72176470588235,111.55630073191992,65.16546397396235,69.02176470588236,33.58332775894695
0.5,15,low,9,71.87431818181818,109.74127167370202,-37.86695349188385,56.724318181818184,36.3223527547831
0.5,20,high,4,178.16845588235293,102.96452031862249,75.20393556373047,67.16845588235294,34.04560139970358
0.5,15,low,13,59.998749999999994,124.12542071621019,-64.12667071621019,40.49875,36.46325855404802
0.5,15,low,13,78.23970842882608,120.32623774361392,-42.086529314787825,53.039708428826074,35.89380531118146
0.5,15,low,8,59.71366955756662,114.6666401695813,-54.952970612014724,38.71366955756662,36.0179915209327
0.5,15,low,13,57.52982142857144,111.38676754400439,-53.85694611543302,35.62982142857143,34.95433511157195
0.5,20,high,7,172.07972136222912,116.98680996475113,55.09291139747799,60.7797213622291,32.89221537015655
0.5,20,high,9,168.35375816993465,111.37201524322265,56.981742926711945,60.65375816993465,33.399042270249694
0.5,20,high,3,178.57191133470934,118.35818962266329,60.21372171204608,60.82191133470932,38.87170313617681
0.5,15,low,10,46.38045321637427,109.74475646739579,-63.36430325102153,31.23045321637427,36.32583754847686
0.5,15,low,14,55.377222222222215,119.92440103322453,-64.5471788110024,30.177222222222223,35.491968600792134
0.5,15,low,9,58.81284798534798,115.64518825973934,-56.83234027439135,37.81284798534798,36.9965396110907
0.5,15,low,14,55.407933732933735,123.97028821622472,-68.56235448329102,35.907933732933735,36.30812605406259
0.5,20,high,5,176.09166666666664,103.30895896619585,72.78270770047082,65.09166666666667,34.39004004727688
0.5,15,low,14,62.223333333333336,112.2038591619474,-49.980525828614084,40.32333333333334,35.77142672951497
0.5,20,high,8,173.4744682506176,117.05560962519166,56.418858625425926,62.17446825061762,32.96101503059708
0.5,20,high,10,172.1770098039216,111.28182045550466,60.89518934841696,64.47700980392156,33.30884748253168
0.5,15,low,11,71.89419076537497,109.81877307659046,-37.924582311215445,56.74419076537497,36.39985415767148
0.5,20,high,4,180.10264705882352,115.59255755111019,64.51008950771337,62.35264705882353,36.106071064623684
0.5,15,low,15,78.56620190181336,124.3481286259924,-45.781926724179,59.06620190181336,36.68596646383023
0.5,15,low,10,74.03056637806637,115.53464288139214,-41.504076503325706,53.030566378066375,36.88599423274346
0.5,20,high,6,174.1010702614379,102.57403672179215,71.5270335396458,63.101070261437904,33.655117802873214
0.5,15,low,15,70.06593137254902,120.57012943522228,-50.50419806267324,44.865931372549014,36.13769700278989
0.5,15,low,15,61.10109243697478,111.52856947856945,-50.42747704159471,39.2010924369748,35.09613704613705
0.5,20,high,9,180.80452399380806,116.71117699658721,64.09334699722082,69.50452399380805,32.61658240199262
0.5,20,high,11,169.85910947712418,111.51877372008956,58.34033575703464,62.15910947712418,33.54580074711653
0.5,15,low,12,54.349150326797385,109.18636200934966,-54.83721168255225,39.19915032679738,35.76744309043069
0.5,20,high,5,178.0993218954248,115.00563876090189,63.093683134522834,60.34932189542485,35.51915227441543
0.5,15,low,16,61.20391053391053,123.46004533945711,-62.256134805546594,41.70391053391053,35.79788317729495
0.5,20,high,7,176.29892156862743,102.48984894166782,73.8090726269596,65.29892156862746,33.570930022748904
0.5,15,low,11,61.40142857142856,115.04290886334222,-53.64148029191373,40.40142857142857,36.394260214693674
0.5,15,low,16,63.74646591970121,120.91421114532568,-57.16774522562447,38.54646591970121,36.48177871289326
0.5,15,low,16,57.56753119429591,111.27154119723774,-53.704010002941814,35.667531194295904,34.83910876480536
0.5,20,high,10,179.53300653594772,115.84854814100169,63.68445839494602,68.23300653594772,31.753953546407107
0.5,20,high,12,168.9564985380117,110.7604117992276,58.19608673878406,61.25649853801169,32.78743882625463
0.5,20,high,6,176.48048282470884,115.18295932758015,61.29752349712878,58.73048282470884,35.696472841093566
0.5,15,low,13,52.13095238095239,109.94845870728224,-57.81750632632984,36.98095238095239,36.52953978836332
0.5,15,low,12,59.55960317460317,114.59455160500058,-55.034948430397364,38.55960317460317,35.94590295635186
0.5,15,low,17,40.07000000000001,132.23798815880855,-92.1679881588086,11.570000000000002,36.19744761826807
0.5,15,low,17,55.856025641025646,119.94367996333943,-64.08765432231374,25.95602564102564,35.31304933270877
0.5,15,low,17,48.976111111111116,129.1409666049372,-80.16485549382608,15.77611111111111,36.60042606439665
0.5,20,high,8,172.7599527003784,102.8680279748391,69.89192472553931,61.75995270037839,33.949109055920204
0.5,20,high,11,172.67137254901962,116.74939807633308,55.92197447268653,61.37137254901961,32.65480348173847
0.5,20,high,13,173.56320941614285,110.2651592786268,63.29805013751613,65.86320941614285,32.29218630565379
0.5,20,high,7,178.52099560741976,115.78669356893037,62.734302038489375,60.77099560741975,36.30020708244393
0.5,15,low,14,69.89731837606838,109.40396501201455,-39.50664663594618,54.74731837606838,35.985046093095626
0.5,15,low,18,58.52222222222222,137.2654004256945,-78.7431782034723,18.32222222222222,36.436571596865704
0.5,15,low,13,81.2736274509804,114.4389260602496,-33.165298609269186,60.27362745098039,35.79027741160095
0.5,15,low,18,58.10491596638656,128.79528619528617,-70.6903702288997,18.204915966386555,35.6961870961871
0.5,20,high,9,179.05261437908499,102.5691434083462,76.4834709707388,68.05261437908496,33.650224489427266
0.5,15,low,18,49.542857142857144,140.3678871872757,-90.82503004441858,14.042857142857144,35.588607907996455
0.5,20,high,12,181.4775,116.34904784115304,65.12845215884688,70.1775,32.254453246558526
0.5,20,high,14,179.92105263157896,110.4217609270241,69.49929170455493,72.22105263157894,32.448787954051106
0.5,20,high,8,176.18503205128204,113.95691785680181,62.2281141944803,58.43503205128205,34.47043137031528
0.5,15,low,15,48.78940170940171,109.87644909734693,-61.08704738794521,33.63940170940171,36.45753017842801
0.5,15,low,14,71.18622549019608,113.97647816003078,-42.790252669834686,50.18622549019608,35.327829511382156
0.5,15,low,19,60.56388888888889,147.19411719938032,-86.63022831049147,14.363888888888889,36.99591900118216
0.5,15,low,19,70.55769230769232,138.35468266126156,-67.7969903535693,22.657692307692308,36.516844823423774
0.5,20,high,10,176.5798099415205,103.01196781196784,73.56784212955267,65.57980994152045,34.093048893048895
0.5,15,low,19,58.44,149.89025170882758,-91.45025170882755,12.940000000000001,36.01187333044918
0.5,20,high,13,173.10397316821465,115.58373427580084,57.5202388924138,61.803973168214654,31.48913968120626
0.5,20,high,15,174.94149767801855,111.1432634656706,63.79823421234799,67.24149767801858,33.17029049269762
0.5,20,high,9,174.77034313725488,114.12448220168808,60.6458609355668,57.0203431372549,34.63799571520159
0.5,15,low,16,72.94824561403509,109.77360224302944,-36.8253566289944,57.79824561403509,36.35468332411058
0.5,15,low,15,56.02904196766426,115.34945311470078,-59.3204111470365,35.029041967664256,36.70080446605213
0.5,15,low,20,65.48472222222222,154.9658183584654,-89.48109613624317,12.284722222222221,35.93879133143838
0.5,20,high,0,0,0,0,0,0
0.5,20,high,14,177.62323529411762,116.6960649052754,60.927170388842214,66.32323529411764,32.60147031068083
0.5,15,low,20,78.59825396825397,145.52999378146444,-66.93173981321044,22.69825396825397,35.674137925608505
0.5,20,low,0,0,0,0,0,0
0.5,20,high,11,178.60101307189544,102.1276624313389,76.47335064055652,67.60101307189542,33.208743512419986
0.5,15,low,20,65.71615384615384,158.18330088330092,-92.4671470371471,9.216153846153848,36.01663421663422
0.5,20,low,0,0,0,0,0,0
0.5,20,high,16,172.01265866873067,111.45189918808342,60.56075948064728,64.31265866873065,33.47892621511042
0.5,20,high,10,176.26968008255932,113.67512069880493,62.594559383754415,58.51968008255934,34.18863421231841
0.5,15,low,17,48.81738095238096,118.32337102139736,-69.5059900690164,24.667380952380956,36.43598363400995
0.5,15,low,16,60.70638888888889,115.90814789630583,-55.20175900741692,39.70638888888889,37.259499247657146
0.5,20,high,1,157.39957121310061,121.75417566524382,35.645395547856864,53.29957121310063,49.65958107064919
0.5,20,high,17,170.77943842449264,110.69121307468829,60.08822534980432,63.07943842449261,32.71824010171534
0.5,20,low,1,75.2820637940491,122.29193385973575,-47.00987006568661,56.83206379404909,49.18382575162761
0.5,20,high,15,176.96330882352942,116.30547512265781,60.657833700871606,65.66330882352942,32.210880528063186
0.5,20,high,12,177.74766640866875,101.18184429446042,76.56582211420837,66.74766640866872,32.26292537554147
0.5,20,low,1,73.99861047449282,124.28705982150251,-50.2884493470097,59.74861047449283,48.74651928096201
0.5,20,high,11,182.22254643962847,113.8383820256498,68.38416441397865,64.47254643962847,34.351895539163344
0.5,15,low,18,51.756190476190476,127.1989524498039,-75.44276197361347,18.606190476190477,36.66291641376781
0.5,15,low,17,46.294310776942346,123.35300031089511,-77.05868953395273,20.294310776942357,36.506153464048204
0.5,20,high,2,158.3768581379921,112.47617290206298,45.90068523592912,54.27685813799204,40.38157830746841
0.5,20,low,2,64.01098039215687,117.11857144426799,-53.10759105211119,45.560980392156864,44.010463336159916
0.5,20,low,2,80.93777777777778,117.64644203223924,-36.70866425446147,66.6877777777778,42.10590149169873
0.5,20,high,13,179.35620313037495,101.92462913647122,77.4315739939037,68.35620313037495,33.00571021755233
0.5,20,high,18,171.33002450980393,111.65983344303773,59.67019106676614,63.63002450980391,33.68686047006481
0.5,20,high,16,177.22330409356726,115.9334775856835,61.28982650788383,65.92330409356727,31.83888299108887
0.5,20,high,12,180.59777949776398,114.50275260275258,66.09502689501143,62.84777949776401,35.01626611626612
0.5,15,low,18,46.34230994152047,131.6107990252727,-85.26848908375219,14.342309941520469,36.56575398022767
0.5,15,low,19,56.241666666666674,136.57874820467694,-80.33708153801035,17.091666666666665,37.39406351999232
0.5,20,high,19,173.50116873065014,110.50572086493145,62.99544786571879,65.80116873065015,32.53274789195841
0.5,20,low,3,61.6,112.31023743376684,-50.71023743376684,43.15,39.202129325658746
0.5,20,high,3,160.69196078431372,106.9521814865081,53.73977929780561,56.591960784313734,34.85758689191351
0.5,20,low,3,66.51508169934641,113.72005740461624,-47.20497570526986,52.26508169934641,38.17951686407569
0.5,20,high,14,179.39993464052287,101.88068272870902,77.51925191181387,68.39993464052287,32.961763809790156
0.5,20,high,17,177.43523262813895,116.93761892144244,60.49761370669651,66.135232628139,32.84302432684787
0.5,20,high,13,179.8876762985896,114.79863036921863,65.089045929371,62.13767629858961,35.312143882732116
0.5,15,low,20,60.95119047619048,145.49756613506614,-84.54637565887569,16.801190476190474,36.673241810741814
0.5,20,low,0,0,0,0,0,0
0.5,15,low,19,56.40780701754386,141.29304966952026,-84.88524265197643,12.407807017543862,36.96872534519592
0.5,20,high,4,160.64917373089588,106.03751623325924,54.61165749763664,56.54917373089586,33.94292163866467
0.5,20,high,20,173.5115277777778,110.82159014883466,62.68993762894304,65.81152777777777,32.84861717586177
0.5,20,low,4,56.21019607843137,108.934570070019,-52.72437399158762,37.76019607843138,35.82646196191087
0.5,20,low,0,0,0,0,0,0
0.5,20,low,4,67.88929292929294,112.35924453184514,-44.4699516025522,53.639292929292935,36.818703991304616
0.5,20,high,18,173.53470760233918,116.82049223891326,56.71421536342591,62.234707602339185,32.72589764431871
0.5,20,high,15,180.4196353629171,101.28362695274464,79.13600841017247,69.41963536291709,32.36470803382568
0.5,20,high,14,178.0301633986928,113.40909866765135,64.6210647310415,60.28016339869282,33.922612181164816
0.5,20,low,1,73.49716876260995,131.51581418349994,-58.018645420889996,55.647168762609944,49.2725709402567
0.5,15,low,20,67.26333333333334,148.9883543659859,-81.7250210326526,13.263333333333332,36.37574175337334
0.5,20,low,0,0,0,0,0,0
0.5,20,high,5,161.9205908152735,106.2948018623715,55.625788952901985,57.820590815273476,34.200207267776946
0.5,20,low,1,74.89081847718845,121.7264176196065,-46.83559914241802,55.24081847718844,49.03722843041729
0.5,20,low,5,61.241249999999994,110.22897496376592,-48.98772496376597,42.79125,37.12086685565789
0.5,20,high,19,178.3536410545079,115.81377535324903,62.53986570125886,67.05364105450795,31.719180758654453
0.5,20,low,5,46.89152777777778,112.7802247618424,-65.88869698406457,32.64152777777778,37.23968422130187
0.5,20,high,16,179.84540935672516,101.71510661224288,78.13030274448232,68.84540935672514,32.796187693323915
0.5,20,high,15,174.80127450980393,111.9570686327265,62.84420587707744,57.05127450980392,32.47058214624005
0.5,20,low,1,69.64586707410237,134.3759122571042,-64.73004518300183,54.195867074102374,48.80834468953665
0.5,20,low,2,72.38769841269841,124.8898857001798,-52.50218728748139,54.53769841269841,42.64664245693657
0.5,20,high,6,158.18172932330828,106.20539646789649,51.97633285541181,54.081729323308274,34.11080187330187
0.5,20,low,2,91.47692307692309,114.84263028326498,-23.365707206341867,71.82692307692308,42.15344109407578
0.5,20,low,6,51.02970588235294,109.59044266726148,-58.5607367849086,32.57970588235294,36.48233455915345
0.5,20,high,20,173.39826453388372,116.47812041279529,56.920144121088356,62.09826453388373,32.383525818200745
0.7,0,high,0,0,0,0,0,0
0.5,20,low,6,88.46,111.94941802329573,-23.489418023295784,74.21,36.40887748275519
0.5,20,high,17,178.80125,101.54697221330353,77.25427778669652,67.80125,32.628053294384564
0.5,20,high,16,178.32882008943926,112.99834362616872,65.33047646327053,60.578820089439276,33.51185713968221
0.5,20,low,2,92.22916666666667,128.74970345028393,-36.52053678361726,76.77916666666667,43.18213588271638
0.5,20,low,3,88.55277777777778,119.80222832583515,-31.249450548057396,70.70277777777778,37.558985082591896
0.5,20,high,7,155.90632180942552,106.06706127147304,49.8392605379525,51.80632180942551,33.97246667687845
0.7,0,high,1,170.67979797979797,115.4325368224362,55.247261157361706,57.57979797979798,48.67578006567945
0.5,20,low,3,64.54632667169433,111.66924208669563,-47.12291541500129,44.896326671694325,38.98005289750647
0.5,20,low,7,54.812772372106735,110.47169823214718,-55.658925860040426,36.36277237210673,37.36359012403904
0.5,20,low,7,58.83745241686419,110.11401524427843,-51.27656282741419,44.58745241686419,34.57347470373786
0.5,20,high,17,177.61179262258207,114.26879087587297,63.34300174670915,59.86179262258211,34.78230438938643
0.5,20,high,18,180.55707070707075,101.08029085304626,79.47677985402449,69.55707070707072,32.161371934127345
0.5,20,low,3,61.830476190476176,124.67232641180014,-62.84185022132395,46.38047619047619,39.10475884423253
0.5,20,low,4,56.84018274853802,120.48899298767722,-63.6488102391392,38.99018274853801,38.24574974443395
0.5,20,high,8,156.64761312217195,105.97449487058623,50.67311825158578,52.547613122171946,33.879900275991616
0.5,20,low,4,60.87275357511426,109.66282656816708,-48.79007299305283,41.222753575114254,36.97363737897795
0.7,0,high,2,183.07615384615386,115.82336359085585,67.25279025529798,59.97615384615385,41.31885908635135
0.5,20,low,8,73.50239898989899,111.34426425370697,-37.84186526380793,59.252398989898985,35.803723713166455
0.5,20,low,8,59.380714285714284,108.42578792505265,-49.04507363933836,40.93071428571428,35.317679816944526
0.5,20,high,18,172.57929824561404,112.80357188178398,59.7757263638301,54.82929824561404,33.31708539529746
0.5,20,low,4,66.71333333333334,122.13026951776949,-55.41693618443615,51.263333333333335,36.562701950201955
0.5,20,high,19,177.67360466116273,101.55674486305296,76.11685979810977,66.67360466116273,32.63782594413398
0.5,20,low,5,69.2339152024446,119.46464441379308,-50.23072921134845,51.38391520244461,37.221401170549754
0.5,20,high,9,160.7761261609907,106.31544374570692,54.46068241528374,56.67612616099071,34.22084915111231
0.5,20,low,9,65.06581196581196,109.69623994244735,-44.63042797663542,46.615811965811965,36.588131834339265
0.7,0,high,3,191.60944444444442,120.87946165426811,70.72998279017627,59.509444444444455,36.73531751012402
0.5,20,low,5,54.0758101135191,109.65480722914931,-55.578997115630216,34.42581011351909,36.96561803996015
0.5,20,low,9,61.16647186147186,111.80613921333735,-50.6396673518655,46.91647186147186,36.26559867279682
0.5,20,high,19,184.43002776549216,112.80896695618058,71.62106080931154,66.68002776549217,33.322480469694085
0.5,20,low,5,67.80946497946499,121.97487158891956,-54.16540660945459,52.359464979464974,36.40730402135202
0.5,20,high,20,181.57724071207434,101.95546262249047,79.62177808958384,70.57724071207431,33.03654370357156
0.7,0,high,0,0,0,0,0,0
0.5,20,high,10,156.53588235294117,106.44556154703213,50.090320805909045,52.435882352941164,34.35096695243754
0.5,20,low,6,59.101710526315784,119.15894523100407,-60.05723470468827,41.25171052631579,36.9157019877608
0.5,20,low,10,65.7694362745098,110.203935415971,-44.43449914146123,47.319436274509805,37.09582730786291
0.5,20,low,10,61.34758658008658,111.16555025633971,-49.81796367625312,47.09758658008658,35.625009715799195
0.5,20,high,20,182.51375000000002,112.65733539282299,69.85641460717704,64.76375,33.17084890633653
0.7,0,high,0,0,0,0,0,0
0.7,0,high,4,204.17666666666668,129.35321923967427,74.82344742699232,63.07666666666667,36.56042644688158
0.5,20,low,6,65.87973304473304,109.05062327515887,-43.17089023042587,46.229733044733045,36.36143408596968
0.5,20,low,6,78.20787878787878,123.21722558313112,-45.00934679525234,62.757878787878795,37.6496580155636
0.7,0,high,1,179.1264393939394,120.31316437663186,58.81327501730752,55.826439393939395,47.69154275501025
0.5,20,high,11,158.4222549019608,106.20332137832138,52.218933523639436,54.32225490196079,34.10872678372678
0.5,20,low,7,55.337261904761895,119.45503985062811,-64.11777794586618,37.4872619047619,37.211796607384834
0.5,20,low,11,54.7799008885851,109.26875516051214,-54.48885427192703,36.3299008885851,36.160647052404016
0.5,20,low,11,67.12714285714286,111.02200407858301,-43.89486122144015,52.87714285714285,35.48146353804248
0.7,0,high,1,160.69667992825887,116.74328031657753,43.95339961168132,60.64667992825887,49.148685721982915
0.5,20,low,7,60.464537815126036,108.7764948949934,-48.31195707986731,40.81453781512606,36.08730570580416
0.7,0,high,5,209.84499999999997,137.03928039411784,72.80571960588213,59.745000000000005,35.05729841213587
0.5,20,low,7,43.841620879120875,122.557604116118,-78.71598323699723,28.391620879120882,36.990036548550485
0.7,0,high,2,200.70499999999998,120.47439094234758,80.23060905765236,67.405,39.92484139279806
0.5,20,high,12,159.22285714285712,105.17105818421607,54.05179895864103,55.12285714285714,33.076463589621476
0.5,20,low,8,62.926676003734826,119.46184823023057,-56.535172226495746,45.076676003734825,37.21860498698735
0.5,20,low,12,53.637532467532466,108.32526218722042,-54.68772971968792,35.18753246753247,35.21715407911227
0.5,20,low,8,70.2375,121.62455091352155,-51.387050913521506,54.7875,36.05698334595393
0.7,0,high,2,174.95499999999998,115.33093867513374,59.624061324866304,64.905,39.718326062521115
0.5,20,low,12,49.162979797979794,111.13756494956185,-61.97458515158204,34.912979797979794,35.59702440902131
0.5,20,low,8,53.160327657378744,108.28385040358722,-55.12352274620851,33.51032765737874,35.594661214398066
0.7,0,high,6,220.33499999999998,147.03401264345536,73.30098735654454,61.23499999999999,36.31329192273466
0.7,0,high,3,211.285,126.7480685804215,84.53693141957845,67.98499999999999,36.018338850691805
0.5,20,high,13,154.88302561215875,106.85842874260057,48.02459686955818,50.78302561215874,34.76383414800597
0.5,20,low,13,45.16541064198959,110.11988514372413,-64.95447450173455,26.715410641989585,37.01177703561605
0.5,20,low,9,60.27977124183006,118.8881628293393,-58.60839158750919,42.42977124183007,36.644919586096066
0.5,20,low,13,74.30555555555556,112.68917806274615,-38.383622507190594,60.05555555555556,37.14863752220565
0.5,20,low,9,58.961273448773454,122.21004666592903,-63.248773217155616,43.51127344877345,36.64247909836145
0.7,0,high,3,186.23,119.94932196983284,66.28067803016718,66.17999999999999,34.87724989776073
0.7,0,high,7,235.52999999999997,154.85000790604505,80.6799920939549,62.43000000000001,34.66982772586486
0.5,20,low,9,63.06722222222222,108.96026751762045,-45.89304529539829,43.41722222222222,36.271078328431265
0.7,0,high,4,216.59499999999997,133.4643697017536,83.13063029824642,63.295,34.446351683735585
0.5,20,high,14,155.76731829573936,105.3665184462011,50.400799849538174,51.66731829573935,33.27192385160651
0.5,20,low,14,50.84131907308379,110.91539338892277,-60.07407431583899,32.39131907308378,37.8072852808147
0.5,20,low,10,57.05455065359477,119.30771896437528,-62.25316831078052,39.20455065359477,37.06447572113207
0.5,20,low,14,58.011655982905985,112.69825362193785,-54.686597639031824,43.761655982905985,37.15771308139728
0.5,20,low,10,73.6547619047619,121.71644344659047,-48.06168154182859,58.2047619047619,36.148875879022945
0.7,0,high,4,192.255,128.59176668274966,63.66323331725036,62.205,34.15032524130821
0.7,0,high,8,241.79333333333335,163.99566852291304,77.79766481042032,59.69333333333335,35.527200054444634
0.5,20,low,10,65.74484962406014,109.65386938622231,-43.90901976216219,46.09484962406015,36.96468019703315
0.5,20,high,15,159.67634827075227,105.64490314405174,54.03144512670052,55.57634827075229,33.550308549457164
0.7,0,high,5,224.50499999999997,141.61025253084074,82.8947474691592,61.205,33.31295523354347
0.7,0,high,5,202.025,137.07081821772223,64.95418178227777,61.975,33.44018758709162
0.5,20,low,15,52.28781021609969,109.5482861366763,-57.26047592057656,33.8378102160997,36.440178028568106
0.5,20,low,15,67.64549825174825,112.35848959862116,-44.712991346872926,53.39549825174824,36.81794905808064
0.5,20,low,11,70.62555555555556,120.27928384844019,-49.65372829288468,52.775555555555556,38.03604060519696
0.5,20,low,11,51.03797428062135,123.00005969479653,-71.96208541417522,35.58797428062134,37.43249212722897
0.5,20,low,11,55.35905982905983,109.09589454941623,-53.7368347203564,35.709059829059825,36.406705360227036
0.7,0,high,9,253.14307692307693,173.0586153454575,80.08446157761944,60.043076923076924,35.49104777788988
0.5,20,high,16,157.30411682014238,105.74314872376019,51.560968096382226,53.204116820142374,33.64855412916558
0.7,0,high,6,234.68999999999997,149.6207317674423,85.06926823255765,61.39000000000001,32.67478582149634
0.7,0,high,6,211.965,145.82643323835268,66.1385667616473,61.915,34.538144950064456
0.5,20,low,12,70.28809523809522,119.68092032565715,-49.392825087561945,52.43809523809523,37.43767708241392
0.5,20,low,16,69.3870588235294,109.21810343795639,-39.831044614426986,50.93705882352941,36.10999532984825
0.5,20,low,16,63.09543634727845,110.61204954099692,-47.51661319371847,48.84543634727845,35.07150900045637
0.5,20,low,12,65.50287698412698,109.01393822353573,-43.511061239408704,45.852876984126986,36.32474903434656
0.5,20,low,12,65.83287878787878,121.59897966147966,-55.76610087360086,50.382878787878795,36.031412093912095
0.5,20,high,17,155.44597572362278,105.97031157820629,49.47566414541649,51.34597572362278,33.87571698361172
0.7,0,high,10,257.15,181.7910135870662,75.35898641293377,54.05,34.49371628976893
0.7,0,high,7,243.10999999999999,158.50504825191354,84.60495174808642,59.81,33.27081401767934
0.7,0,high,7,222.82499999999996,153.86471070151413,68.9602892984858,62.775,33.38723322403663
0.5,20,low,17,62.448672161172155,110.41746815496812,-47.968795993795965,48.19867216117216,34.876927614427615
0.5,20,low,13,54.67311688311688,118.83230145227049,-64.15918456915358,36.82311688311688,36.58905820902725
0.5,20,low,13,54.216071428571425,121.27013387582274,-67.0540624472513,38.76607142857142,35.70256630825517
0.5,20,low,17,57.862407796451905,108.33818743555585,-50.47577963910393,39.41240779645191,35.230079327447754
0.5,20,low,13,49.25944444444445,108.34529269002955,-59.085848245585076,29.609444444444442,35.656103500840345
0.7,0,high,11,270.60973684210524,190.94370954738596,79.66602729471921,58.509736842105255,35.35812396180043
0.5,20,high,18,154.96221405228758,105.0689313747364,49.89328267755121,50.86221405228757,32.97433678014172
0.5,20,low,18,58.985416666666666,111.16605544210033,-52.18063877543365,44.735416666666666,35.625514901559804
0.7,0,high,8,254.4,169.16558774426423,85.23441225573578,61.1,34.47189405057052
0.7,0,high,8,229.25,162.19237977233337,67.05762022766672,59.2,33.606794186747756
0.5,20,low,14,53.72879870129869,122.02179689900275,-68.29299819770401,38.2787987012987,36.45422933143522
0.5,20,low,14,72.95772058823529,108.86647699956525,-35.90875641132993,53.30772058823529,36.177287810376036
0.5,20,low,14,66.36857142857143,118.04052407210297,-51.67195264353157,48.51857142857143,35.79728082885979
0.5,20,low,18,73.37291666666667,109.14080115368814,-35.767884487021476,54.92291666666667,36.03269304558005
0.7,0,high,12,280.33,198.4070856881229,81.92291431187704,59.23000000000002,34.1728514538886
0.5,20,high,19,150.86492278962868,106.42071387125569,44.44420891837301,46.76492278962868,34.32611927666106
0.5,20,low,19,56.80948232323233,111.85115380335968,-55.041671480127405,42.55948232323232,36.310613262819146
0.7,0,high,9,265.685,177.28626413626415,88.39873586373591,62.385000000000005,34.39437224437224
0.5,20,low,15,57.56873015873016,122.40930095415389,-64.84057079542372,42.11873015873016,36.841733386586334
0.7,0,high,9,240.30411764705883,172.993635109115,67.31048253794387,60.254117647058834,34.85849997397985
0.5,20,low,15,72.52089869281045,118.2470494656253,-45.726150772814904,54.670898692810454,36.00380622238209
0.5,20,low,15,69.04275326797386,107.57803745303747,-38.535284185063574,49.39275326797386,34.88884826384825
0.5,20,low,19,44.59262981987054,109.10018163694626,-64.50755181707582,26.142629819870535,35.99207352883824
0.5,20,high,20,156.40105263157895,105.97098463282674,50.43006799875221,52.30105263157894,33.87639003823214
0.7,0,high,0,0,0,0,0,0
0.7,0,high,13,289.28,209.6797808166229,79.60021918337708,59.17999999999999,35.805906942749054
0.5,20,low,20,54.55372668997669,111.44126904126905,-56.88754235129239,40.30372668997669,35.90072850072851
0.7,0,high,0,0,0,0,0,0
0.7,0,high,10,272.34000000000003,188.41005969755966,83.92994030244043,59.040000000000006,34.97762726512727
0.5,20,low,16,82.95147058823531,118.22319284482603,-35.27172225659068,65.1014705882353,35.979949601582724
0.5,20,low,16,60.80043650793651,121.76335368177473,-60.96291717383822,45.350436507936514,36.195786114207166
0.7,0,high,10,253.02999999999997,180.0338764159197,72.99612358408027,62.98,33.430272812316154
0.5,20,low,16,63.53253968253968,108.35864993395958,-44.826110251419806,43.88253968253968,35.66946074477034
0.5,20,low,20,67.64848484848484,108.28716156405788,-40.63867671557303,49.19848484848485,35.179053455949735
0.7,0,low,0,0,0,0,0,0
0.7,0,high,14,301.30000000000007,215.9457079081305,85.35429209186958,62.200000000000024,33.42318538560798
0.7,0,high,1,157.14221212610917,118.8117247837836,38.33048734232557,57.54221212610919,48.47388694594575
0.7,0,high,1,173.5547093837535,121.76770684139106,51.78700254236247,53.404709383753506,48.99743657112077
0.7,0,high,11,282.5199999999999,196.4536512979624,86.06634870203746,59.220000000000006,34.55275039706155
0.7,0,high,11,261.22,189.5434038865927,71.67659611340736,61.169999999999995,33.02989037307922
0.5,20,low,17,62.02949112978526,118.15238776179177,-56.122896632006544,44.17949112978525,35.90914451854855
0.5,20,low,17,45.92087606837607,121.52510516326304,-75.60422909488696,30.470876068376064,35.957537595695506
0.5,20,low,17,60.20765345765345,108.59413133453378,-48.38647787688038,40.55765345765345,35.90494214534463
0.7,0,low,1,77.42918552036198,125.50242915169386,-48.07324363133188,57.77918552036199,49.69161834088305
0.7,0,high,2,158.275,116.82267264175157,41.4523273582484,48.675,37.926276245355204
0.7,0,high,15,306.38,225.88989176094438,80.49010823905556,58.279999999999994,33.72772959878223
0.7,0,high,2,195.6375,121.92564473617107,73.71185526382894,65.48749999999998,41.04726635779266
0.7,0,high,12,272.0525,198.27440129305458,73.77809870694549,62.00250000000001,33.38250940116266
0.7,0,high,12,292.91,203.6656223450341,89.24437765496589,59.610000000000014,33.29625297566473
0.5,20,low,18,53.896701595618005,108.68552541346659,-54.78882381784859,34.246701595618006,35.99633622427739
0.5,20,low,18,66.59644736842105,118.36541176734679,-51.76896439892569,48.74644736842105,36.12216852410349
0.7,0,low,2,60.99256410256411,128.005080020289,-67.0125159177249,37.3425641025641,43.72580074100973
0.5,20,low,18,42.043737879767285,122.81659439105265,-80.77285651128534,26.593737879767286,37.24902682348502
0.7,0,high,16,312.55375,235.07503375494858,77.47871624505126,55.45375,34.354313034227914
0.7,0,high,3,204.2442857142857,126.93419290671612,77.31009280756956,64.0942857142857,36.14590461842785
0.7,0,high,3,163.16,123.82682942946099,39.333170570539,43.56,35.921424024055604
0.5,20,low,19,54.360168067226894,108.6782517696991,-54.31808370247224,34.71016806722689,35.989062580509966
0.7,0,high,13,276.90500000000003,208.3913199104376,68.51368008956246,56.855,33.67960819872583
0.7,0,high,13,307.685,212.76341630946888,94.92158369053115,64.385,34.105758651811286
0.5,20,low,19,64.02479946524065,118.5800513065219,-54.555251841281276,46.17479946524064,36.33680806327865
0.7,0,low,3,47.614102564102566,134.96529305573418,-87.3511904916317,12.964102564102564,40.59592368636486
0.5,20,low,19,54.039242424242424,121.89078527019703,-67.85154284595458,38.58924242424243,36.32321770262948
0.7,0,high,4,214.19181818181818,134.84617089005636,79.3456472917618,64.04181818181817,34.5984231423086
0.7,0,high,17,332.09000000000003,243.27352943452013,88.8164705654799,58.99000000000001,33.543799704790416
0.7,0,high,4,174.7853743315508,132.86180678165974,41.92356754989112,45.185374331550804,36.397842817695754
0.5,20,low,20,56.57421568627451,109.50693146525192,-52.932715778977425,36.92421568627451,36.817742276062695
0.7,0,low,0,0,0,0,0,0
0.7,0,high,14,286.0761111111111,216.30655100140405,69.76956010970727,56.026111111111106,33.75700145185439
0.5,20,low,20,58.014047619047616,119.64532828917504,-61.631280670127424,40.164047619047615,37.4020850459318
0.7,0,low,0,0,0,0,0,0
0.7,0,high,14,311.565,220.0631916355601,91.50180836443991,58.265,32.66679523916364
0.7,0,low,4,53.08910256410256,143.55111340196478,-90.46201083786228,12.439102564102564,39.992554843406246
0.5,20,low,20,60.38388585099111,121.49220291720292,-61.10831706621182,44.93388585099111,35.924635349635345
0.7,0,low,0,0,0,0,0,0
0.7,0,high,18,341.2655555555556,252.60785494206547,88.65770061349014,58.16555555555556,34.0492963835069
0.7,0,high,5,225.53000000000003,142.7673208026149,82.76267919738515,65.38,33.690744226038355
0.7,0,high,5,184.82666666666665,140.66275225238073,44.16391441428593,45.226666666666674,35.18977927940776
0.7,0,high,15,295.28673076923076,224.33333146905125,70.95339930017946,55.23673076923077,32.954953090672895
0.7,0,high,15,322.4500000000001,229.7577450926136,92.69225490738668,59.15,34.34333067819911
0.7,0,low,1,75.04301255589954,118.23639008921516,-43.19337753331564,53.29301255589955,48.7634171162422
0.7,0,low,1,74.05547452547452,122.05501608392477,-47.99954155845026,50.65547452547453,49.500962029870706
0.7,0,low,5,57.48410256410257,151.29338295866933,-93.80928039456678,12.834102564102562,38.63572530101169
0.7,0,low,1,66.38688492063491,129.25875824165303,-62.871873321018114,51.68688492063492,49.43443391732863
0.7,0,high,19,352.52166666666665,261.7088615726773,90.81280509398937,60.42166666666667,34.68183454565034
0.7,0,high,6,196.3510458839406,149.8363837429627,46.51466214097789,46.75104588394063,36.07512248170142
0.7,0,high,6,232.98500000000004,152.7404322706567,80.24456772934334,62.834999999999994,34.474666504890976
0.7,0,high,16,302.54470588235296,233.16151016019438,69.3831957221586,52.49470588235293,33.22457322325743
0.7,0,low,6,59.752435897435895,159.71683398641602,-99.96439808898009,13.102435897435896,37.149266418848455
0.7,0,high,16,334.1,238.14129322364622,95.95870677635392,60.8,33.80795989031283
0.7,0,low,2,62.54552947052947,123.02603359391284,-60.4805041233834,35.14552947052947,41.55306062093989
0.7,0,low,2,62.0301987030857,120.91994323352682,-58.88974453044112,36.2801987030857,42.97850179208538
0.7,0,high,20,363.46999999999997,271.01829909066754,92.45170090933243,62.370000000000005,33.99127206364047
0.7,0,low,0,0,0,0,0,0
0.7,0,low,2,49.44357142857143,132.38882483220718,-82.94525340363575,29.743571428571432,43.915851859234216
0.7,0,high,7,243.54250000000002,161.2899408487644,82.25255915123563,63.3925,34.465616524440044
0.7,0,high,7,207.68250000000003,157.35686937130433,50.32563062869562,48.0825,34.94695946139444
0.7,0,low,7,66.54624542124542,169.1494727543877,-102.60322733314219,13.89624542124542,37.482806087720945
0.7,0,high,17,316.0072222222222,243.02930709548357,72.9779151267386,55.95722222222223,33.63291069908717
0.7,0,high,17,348.37500000000006,246.79704061085627,101.57795938914376,65.075,34.17541898923479
0.7,0,low,3,56.92375457875458,130.09115829541528,-73.16740371666067,18.52375457875458,39.338906043162986
0.7,0,low,3,53.91799019607843,125.83639710605652,-71.91840690997813,13.167990196078431,38.075135844795284
0.7,0,low,3,48.29166666666667,136.7950907436201,-88.50342407695344,22.591666666666665,38.86265831118774
0.7,0,low,1,86.45279304029303,128.71916444478364,-42.26637140449067,61.402793040293034,49.01646174208095
0.7,0,high,8,250.55026315789473,170.999857667853,79.55040549004167,60.40026315789474,35.25661442460977
0.7,0,high,8,214.34,166.7499384117031,47.59006158829695,44.739999999999995,35.69137985314458
0.7,0,low,8,72.81576923076923,176.966521587729,-104.15075235695983,12.16576923076923,37.19174681295425
0.7,0,high,18,327.24000000000007,251.94115929924752,75.29884070075252,57.19,33.085303443391695
0.7,0,high,18,352.425,255.61627648779347,96.80872351220648,59.125000000000014,34.07573594725296
0.7,0,low,4,55.144285714285715,145.29647178911884,-90.1521860748331,23.444285714285716,38.26494025758733
0.7,0,low,4,62.09048319327731,134.86076346594922,-72.77028027267191,14.340483193277311,37.5499526551384
0.7,0,high,9,263.09166666666664,179.04238068885897,84.04928597780764,62.94166666666668,33.29913744561577
0.7,0,low,2,56.62625080801551,131.4050763377002,-74.77882552968468,23.576250808015516,43.143815076438905
0.7,0,low,4,63.279404761904765,137.71984202378943,-74.4404372618846,15.87940476190476,38.49912130306868
0.7,0,high,9,222.40931372549022,176.16594521401018,46.24336851148004,42.80931372549019,35.01729656536159
0.7,0,low,9,84.25326923076923,186.4231126794981,-102.16984344872887,11.60326923076923,37.729418985804436
0.7,0,low,5,63.294047619047625,155.01446000656523,-91.72041238751765,23.594047619047622,38.97391946602474
0.7,0,low,3,56.156190476190474,139.26645987675394,-83.11026940056344,17.106190476190477,41.09528870558283
0.7,0,low,5,67.52904528478058,143.50515923731868,-75.97611395253813,13.77904528478058,37.45560968776913
0.7,0,high,19,361.92999999999995,265.9899317679504,95.94006823204955,58.629999999999995,34.7196614976801
0.7,0,high,10,273.325,189.2537557729509,84.07124422704919,63.175,34.681683700878736
0.7,0,high,19,337.0379545454545,261.6440020395903,75.3939525058642,56.98795454545454,33.50886690445514
0.7,0,low,5,68.44993506493508,146.49377677806476,-78.04384171312962,15.049935064935065,37.813596597884505
0.7,0,high,10,234.94500000000002,186.12136024504437,48.82363975495551,45.34499999999999,35.333071956756164
0.7,0,low,10,87.5824358974359,196.01444977257674,-108.43201387514084,11.932435897435898,37.68111643924339
0.7,0,low,6,76.70750000000001,152.0537964168769,-75.34629641687684,17.9575,37.44568830876881
0.7,0,high,20,373.98,274.93595181609885,99.04404818390117,60.68000000000001,35.01703289717995
0.7,0,high,11,282.27166666666665,195.80452489334064,86.46714177332606,62.12166666666667,33.03425462307042
0.7,0,low,6,64.27222222222221,164.12089413118827,-99.848671908966,19.572222222222223,38.98125449154861
0.7,5,high,0,0,0,0,0,0
0.7,0,low,4,57.26619047619048,146.31723973391925,-89.05104925772883,16.21619047619048,38.95687937355895
0.7,0,high,20,343.96575757575755,270.0184135495281,73.94734402622947,53.91575757575756,33.144539675654244
0.7,0,low,6,76.17939849624061,155.75791162540392,-79.57851312916331,14.7793984962406,37.07773144522369
0.7,5,high,0,0,0,0,0,0
0.7,0,high,11,240.35619047619053,195.17993548368935,45.176254992501185,40.756190476190476,35.29254809630195
0.7,0,low,11,91.85576923076923,204.93021734732272,-113.07444811655347,12.205769230769231,37.407694824800075
0.7,0,low,7,87.74301587301586,160.8251857372987,-73.08216986428287,16.99301587301587,37.11797853009152
0.7,0,high,12,292.221923076923,206.2346111264842,85.98731195043885,62.07192307692308,32.83371022558328
0.7,5,high,1,160.880101010101,118.6814028257527,42.19869818434829,58.73010101010101,48.789510933860754
0.7,0,low,7,67.1465367965368,172.1155707575212,-104.96903396098452,20.446536796536797,37.066021207971666
0.7,0,low,5,60.80619047619048,156.28824178603588,-95.4820513098454,15.756190476190474,39.91887241666655
0.7,5,high,1,172.0665132416603,123.3835167753511,48.68299646630916,53.71651324166031,50.55919245102682
0.7,0,low,7,83.53357142857143,164.77954247923287,-81.24597105066144,15.133571428571429,37.00026319995361
0.7,0,high,12,251.285,203.91793691793703,47.36706308206297,41.684999999999995,35.29181079181079
0.7,0,low,8,96.21,169.21395019874123,-73.00395019874115,15.459999999999997,37.12836461315562
0.7,0,low,12,99.68910256410257,216.67613536715712,-116.98703280305452,11.039102564102565,37.35181104283272
0.7,5,high,2,161.66565656565655,109.20815978726196,52.45749677839463,59.515656565656556,39.316267895370075
0.7,0,high,13,301.13307692307694,216.76388679283428,84.36919013024274,60.98307692307692,34.26388679283417
0.7,0,low,8,69.95000000000002,180.88573701793513,-110.93573701793508,21.250000000000004,37.367718999917145
0.7,0,low,6,60.44119047619048,164.6748257863583,-104.23363531016778,14.391190476190479,39.4766275881601
0.7,0,high,13,262.09499999999997,213.52835672835667,48.566643271643244,42.495000000000005,35.35268105268103
0.7,0,low,8,86.62357142857141,173.82916077842546,-87.20558934985408,13.223571428571429,36.770602219866944
0.7,5,high,2,191.01875,112.3131074763815,78.70564252361852,72.66874999999999,39.488783152057124
0.7,0,high,14,312.63852941176475,225.28394222999492,87.3545871817698,62.4885294117647,34.58574403179667
0.7,0,low,13,102.66410256410256,225.6105984469762,-122.94649588287359,12.014102564102565,37.27726511364283
0.7,0,low,9,100.76,177.55435385164483,-76.79435385164486,12.01,36.369669166960186
0.7,5,high,3,158.01478408029877,105.18374823045878,52.831035849840006,55.86478408029878,35.29185633856686
0.7,0,low,9,76.00952380952381,191.31774390551487,-115.30822009599098,18.309523809523807,39.24116732893824
0.7,0,low,7,68.79452380952381,173.8109511761602,-105.01642736663638,15.744523809523809,39.60374396895294
0.7,0,high,14,271.7004166666667,221.2020082979061,50.49840836876058,42.100416666666675,35.00831460421244
0.7,0,low,9,94.2302380952381,184.67261029826807,-90.44237220303012,14.830238095238096,38.06450219016009
0.7,5,high,3,192.24316176470592,107.58503559300775,84.65812617169819,73.89316176470587,34.7607112686834
0.7,0,low,10,80.08619047619047,198.53793516587635,-118.45174468968588,19.386190476190478,36.46135858929975
0.7,0,high,15,319.7607894736842,233.6556222022554,86.10516727142877,59.610789473684214,34.21868526531839
0.7,0,low,10,110.61333333333332,187.10336113091532,-76.49002779758203,14.863333333333333,37.45020797776215
0.7,0,low,14,103.05076923076925,235.71643306380142,-132.66566383303223,11.40076923076923,37.653370000738434
0.7,0,high,15,283.71666666666664,230.06685994197616,53.649806724690535,44.11666666666666,33.96325633837245
0.7,0,low,8,71.91285714285713,182.92973413929292,-111.01687699643587,15.862857142857143,39.89369810325694
0.7,5,high,4,155.3709663865546,105.08944703871173,50.281519347842945,53.22096638655463,35.197555146819866
0.7,0,low,10,109.6952380952381,193.0089906986966,-83.31375260345854,13.295238095238096,37.93241412212
0.7,5,high,4,191.60081269349843,106.79119802726613,84.80961466623225,73.25081269349846,33.96687370294181
0.7,0,high,16,331.91,241.75339493199397,90.15660506800603,61.75999999999999,32.766908445507504
0.7,0,low,11,115.95833333333334,195.11852871779334,-79.16019538446008,13.208333333333334,36.99690709617181
0.7,0,low,15,117.46713286713289,245.74963598566546,-128.28250311853247,5.817132867132868,38.13702337305279
0.7,0,low,11,83.28730158730158,208.7952717526247,-125.50797016532312,19.587301587301585,37.79977625712919
0.7,0,high,16,294.04841991341993,239.0463606947353,55.002059218684536,44.44841991341991,34.11392826230288
0.7,0,low,11,113.3827380952381,202.60547176967458,-89.22273367443645,11.982738095238094,38.51988618408896
0.7,5,high,5,151.05821078431376,103.68344302225874,47.37476776205497,48.90821078431373,33.79155113036692
0.7,0,low,9,73.9595238095238,190.97654668180994,-117.01702287228602,15.90952380952381,39.562132267395405
0.7,5,high,5,184.03161764705882,105.96564335333687,78.06597429372196,65.68161764705883,33.14131902901253
0.7,0,low,12,122.72666666666666,204.29064799815578,-81.56398133148898,12.976666666666668,37.52037772788547
0.7,0,high,17,342.31909090909085,251.42702167849222,90.8920692305986,62.16909090909091,34.1522469037175
0.7,0,low,12,90.34404761904761,218.84007285655895,-128.4960252375114,13.644047619047617,38.1148476313337
0.7,0,low,16,121.06826923076923,255.14375163492807,-134.07548240415886,6.418269230769231,37.260868752045226
0.7,5,high,6,151.77715686274507,103.63358678138086,48.14357008136422,49.627156862745096,33.74169488948902
0.7,0,high,17,299.7633333333333,247.8673352508878,51.895998082445516,40.16333333333334,34.196164079716716
0.7,0,low,10,77.06952380952382,199.78616092439617,-122.71663711487238,17.01952380952381,39.272647410882705
0.7,0,low,12,122.2197619047619,211.4634904475462,-89.24372854278434,11.819761904761908,38.18871567277139
0.7,5,high,6,191.86564425770308,106.7320132445519,85.13363101315115,73.51564425770309,33.90768892022762
0.7,0,low,13,129.43488095238095,214.15525124863356,-84.72037029625255,13.68488095238095,37.29489088827325
0.7,0,high,18,351.0858771929824,259.0314968741439,92.05438031883847,60.93587719298247,33.37834372099078
0.7,0,low,17,124.28076923076924,264.66014668220566,-140.37937745143626,6.63076923076923,37.768254790313605
0.7,0,low,13,99.09285714285714,228.412248181985,-129.31939103912777,13.392857142857144,37.86720313693999
0.7,0,high,18,313.8508974358974,256.8713774603868,56.979519975510584,44.25089743589743,35.00200809101736
0.7,5,high,7,159.92556818181816,113.74434626942362,46.18122191239449,47.77556818181817,35.92452644960386
0.7,0,low,11,78.65861471861471,208.54681500637383,-129.88820028775905,16.60861471861472,39.47474293430176
0.7,0,low,13,132.18690476190474,219.54289844355628,-87.35599368165154,14.786904761904765,37.349204749862636
0.7,5,high,7,197.27882352941177,114.43135507179625,82.84746845761553,68.92882352941177,33.318742459183646
0.7,0,low,14,141.20999999999998,222.99740316284425,-81.78740316284438,15.459999999999999,37.66857433401552
0.7,0,high,19,361.15000000000003,269.9994022686747,91.15059773132532,61,33.71561848489093
0.7,0,low,18,127.14326923076923,272.6531795199753,-145.50991028920606,7.493269230769231,36.75227861907428
0.7,0,low,14,102.38119047619048,236.06898573740682,-133.68779526121634,12.681190476190478,36.78520195362301
0.7,0,low,12,99.95119047619048,217.56229968226864,-117.61110920607823,14.901190476190475,38.94067806064711
0.7,0,high,19,323.75746753246756,265.5542841355535,58.203183396914085,44.15746753246752,34.85608593735528
0.7,5,high,8,167.1616666666667,121.05094537946707,46.11072128719968,45.01166666666666,34.67256700108867
0.7,0,low,14,143.29940476190478,229.9161320497621,-86.61672728785717,14.899404761904762,37.00171763534767
0.7,5,high,8,201.78,122.62858018450125,79.15141981549878,63.43000000000001,33.137589193510244
0.7,0,high,20,369.42785714285714,279.63481903350316,89.7930381093538,59.277857142857144,32.99067488935909
0.7,5,high,0,0,0,0,0,0
0.7,0,low,15,149.55666666666667,231.75055343731813,-82.19388677065152,17.806666666666665,37.95325614002086
0.7,0,low,19,132.19410256410256,280.8339856876235,-148.6398831235209,6.544102564102566,36.28443613807391
0.7,0,low,15,109.32583333333335,245.59638219851072,-136.27054886517726,12.625833333333336,37.66394976607825
0.7,5,high,9,178.2829166666667,128.9988818304608,49.284034836205905,46.13291666666667,34.15203498361393
0.7,0,low,13,104.24119047619047,226.2663219687601,-122.02513149256967,15.19119047619048,38.81587151830959
0.7,0,high,20,328.2311904761905,274.0899070818575,54.141283394332845,38.631190476190476,34.56288005483053
0.7,5,high,0,0,0,0,0,0
0.7,0,low,15,148.5612781954887,239.34685772402494,-90.78557952853623,13.16127819548872,37.603614480781665
0.7,5,high,9,208.555,131.53812206219328,77.01687793780675,60.205000000000005,33.30839233246354
0.7,0,low,16,157.0525,239.91387496093384,-82.86137496093377,14.3025,37.467929014987845
0.7,0,low,20,136.97124542124544,292.001602753383,-155.03035733213756,8.321245421245424,37.36196311374331
0.7,5,high,0,0,0,0,0,0
0.7,5,high,1,162.47539979757084,119.9879153720485,42.48748442552237,55.975399797570844,48.97440185853498
0.7,0,low,16,112.04166666666667,257.1142505171917,-145.072583850525,12.341666666666669,38.19082709376828
0.7,5,high,10,187.31333333333333,136.8986835861836,50.41464974714967,45.163333333333334,34.12390881140881
0.7,5,high,1,165.3354618446569,124.00158237220933,41.333879472447606,51.63546184465689,49.015095885722815
0.7,0,low,16,153.99844322344322,249.09392422945047,-95.0954810060073,13.598443223443223,38.2515818871082
0.7,0,low,14,106.34619047619049,235.73912982926137,-129.39293935307091,14.296190476190475,39.00940009953169
0.7,5,high,10,221.9177777777778,141.09683952176212,80.82093825601567,63.56777777777778,34.218461143383756
0.7,0,low,17,161.52416666666664,247.79114284563204,-86.26697617896536,12.774166666666664,36.966818521307694
0.7,5,high,2,173.25843054563256,109.60718564484051,63.651244900792136,66.75843054563255,38.593672131326926
0.7,5,high,1,164.89571683218742,124.92827780165241,39.96743903053502,57.045716832187416,49.374223747598364
0.7,0,low,17,114.11944444444444,266.53592321518016,-152.41647877073567,12.419444444444446,37.97286015211713
0.7,5,high,11,196.5617320261438,147.82325907260125,48.73847295354258,44.411732026143795,35.40884465818676
0.7,5,high,2,180.53050180598555,113.83665217875743,66.69384962722815,66.83050180598555,38.85016569227096
0.7,0,low,15,108.27619047619046,244.02758473621483,-135.7513942600244,15.226190476190476,38.37893608756611
0.7,0,low,17,161.08357142857142,257.47744034520366,-96.39386891663219,14.68357142857143,38.25671962448278
0.7,5,high,11,233.41625,148.7705366156605,84.64571338433959,65.06625,32.793059138182976
0.7,0,low,18,177.78833333333336,257.0199002574002,-79.23156692406695,17.038333333333334,37.90728764478765
0.7,5,high,3,172.8172794117647,106.13666813751952,66.68061127424517,66.3172794117647,35.12315462400601
0.7,5,high,2,158.90780462184873,117.16979419278182,41.73801042906693,51.05780462184874,41.61574013872775
0.7,0,low,18,115.17083333333335,274.75911777885455,-159.58828444552125,12.470833333333335,37.36722588696273
0.7,5,high,12,203.61088235294116,154.72552633442726,48.88535601851382,41.46088235294117,33.57237318127411
0.7,5,high,3,180.754520123839,108.5059881766151,72.24853194722388,67.05452012383901,33.51950169012863
0.7,0,low,16,113.23785714285714,253.75205180561227,-140.51419466275513,15.18785714285714,39.364664418224805
0.7,0,low,18,164.94690476190476,265.3603866253246,-100.41348186341992,13.546904761904761,36.86038662532473
0.7,0,low,19,181.91333333333333,265.22707084177665,-83.31373750844332,15.163333333333336,37.46580958051547
0.7,5,high,12,243.4205263157895,157.37554866695731,86.04497764883217,65.07052631578948,33.199872991281666
0.7,5,high,4,168.90211601307186,105.55001769556725,63.352098317504584,62.4021160130719,34.53650418205372
0.7,5,high,3,159.70715934349448,112.88430822254354,46.82285112095093,51.85715934349448,37.33025416848945
0.7,0,low,19,119.64166666666665,284.81417572029034,-165.17250905362368,11.941666666666666,37.06192346803802
0.7,5,high,13,214.88791666666665,162.99977820357077,51.8881384630958,43.73791666666666,33.8286070323996
0.7,5,high,4,180.06955882352943,109.4194096032331,70.65014922029633,66.3695588235294,34.43292311674665
0.7,0,low,19,170.03023809523808,276.41774569584163,-106.38750760060356,14.630238095238093,38.09792587602185
0.7,0,low,20,194.74916666666667,274.6962546514018,-79.9470879847351,16.99916666666667,36.75481320996026
0.7,5,low,0,0,0,0,0,0
0.7,5,high,13,252.9136842105263,165.7693980132061,87.14428619732016,64.56368421052632,33.395524139332196
0.7,0,low,17,116.81619047619044,262.14171497867306,-145.32552450248266,15.766190476190477,39.37594921290743
0.7,5,high,5,168.91745485036117,104.71126000100458,64.20619484935658,62.417454850361196,33.697746487491074
0.7,5,high,4,161.26309523809522,110.51340278248172,50.74969245561344,53.41309523809524,34.95934872842766
0.7,0,low,20,124.47500000000002,293.7776235703093,-169.3026235703092,12.775,37.106452399138156
0.7,5,low,0,0,0,0,0,0
0.7,5,high,14,227.76027777777776,173.2326793039255,54.527598473852294,47.610277777777775,34.24168831293445
0.7,5,high,5,183.25295321637427,108.53908870422023,74.71386451215402,69.55295321637428,33.5526022177338
0.7,5,low,1,75.5744908114761,135.39967258922366,-59.82518177774756,52.174490811476105,49.791564481115564
0.7,5,high,14,262.04499999999996,172.63877418745838,89.40622581254155,63.69500000000001,31.886521935206144
0.7,0,low,20,180.26690476190475,284.94781633992153,-104.68091157801683,11.866904761904763,36.98835688046214
0.7,5,low,0,0,0,0,0,0
0.7,0,low,18,122.05619047619048,271.2356322997964,-149.17944182360594,14.006190476190477,38.28968635385044
0.7,5,high,5,164.77964052287584,109.48298701603656,55.29665350683929,56.92964052287581,33.9289329619825
0.7,5,high,6,171.50948185414515,104.92400070000686,66.58548115413828,65.00948185414515,33.9104871864934
0.7,5,low,1,82.43003544615,123.23801164478405,-40.80797619863405,57.380035446149996,49.156930563703035
0.7,5,high,15,238.96119047619044,181.47549732093066,57.48569315525975,46.811190476190475,34.37639822183167
0.7,5,high,6,178.68634803921572,109.03149618517263,69.65485185404303,64.98634803921568,34.045009698686165
0.7,5,low,1,73.80838128847417,130.37346238994843,-56.56508110147429,51.60838128847416,48.07616509265118
0.7,5,low,2,56.826396520146524,128.04517735767735,-71.21878083753083,33.426396520146525,42.43706924956925
0.7,5,high,15,274.0105882352941,184.6228883745137,89.38769986078032,65.66058823529413,33.33009558172097
0.7,0,low,19,122.87119047619049,280.8949438890228,-158.0237534128323,12.821190476190475,38.66971866379761
0.7,5,high,7,178.8642857142857,112.16125748300674,66.70302823127903,62.364285714285714,32.949545771294986
0.7,5,high,6,162.86400326797383,110.1865144838829,52.67748878409087,55.01400326797386,34.63246042982886
0.7,5,low,2,74.34326297025987,116.07950211320956,-41.736239142949685,49.293262970259875,41.99842103212847
0.7,5,high,7,187.39,117.97605298046471,69.41394701953527,63.69,34.61118811559989
0.7,5,high,16,247.31749999999997,189.63825557509765,57.67924442490241,45.167500000000004,34.43104836789048
0.7,5,low,3,72.95,123.3474163106516,-50.397416310651565,49.55,37.73930820254349
0.7,5,low,2,69.1135656010656,122.46001830270409,-53.34645270163848,46.9135656010656,40.16272100540675
0.7,5,high,16,282.3016666666666,194.02987012700635,88.2717965396603,63.95166666666667,33.547888145024366
0.7,0,low,20,124.13619047619049,289.47062714698166,-165.3344366707912,13.086190476190477,38.50666318301767
0.7,5,low,0,0,0,0,0,0
0.7,5,high,8,189.925,120.47499324999326,69.45000675000682,63.425,32.5245427995428
0.7,5,high,7,169.61625000000004,118.72704325204325,50.889206747956834,51.76625,34.614430639430644
0.7,5,low,3,71.33186920922215,110.29532888991098,-38.963459680688786,46.281869209222144,36.214247808829846
0.7,5,high,17,257.4905357142857,199.44544741406193,58.045088300223824,45.34053571428571,35.409411378025936
0.7,5,high,8,195.895,123.53187974209645,72.36312025790355,62.19500000000001,32.14899685921357
0.7,5,high,17,291.0399707602339,202.08262242604346,88.9573483341905,62.68997076023392,33.852892696313766
0.7,5,low,4,71.95471177944862,121.68398664207479,-49.7292748626263,48.554711779448624,36.07587853396678
0.7,5,low,3,63.66724089635854,118.6360901439849,-54.968849247626345,41.46724089635855,36.33879284668758
0.7,5,low,1,80.79829503013327,128.16602331594595,-47.367728285812646,55.14829503013327,49.72007736999999
0.7,5,high,8,176.60839285714286,128.2745222370222,48.33387062012065,48.758392857142866,35.33308079558079
0.7,5,high,9,196.48857142857145,130.54871324503677,65.93985818353465,59.98857142857143,33.318983515307046
0.7,5,low,4,68.0529121824168,110.42936099128045,-42.376448808863685,43.00291218241682,36.348279910199416
0.7,5,high,18,264.81624999999997,206.59379671155986,58.22245328844008,42.666250000000005,34.81001292777609
0.7,5,high,9,204.03,131.9513829278535,72.07861707214647,60.33,32.10003157650217
0.7,5,low,4,65.50138157894736,119.98765327855887,-54.486271699611464,43.30138157894737,37.690355981261554
0.7,5,low,5,63.598973771326726,123.01044058544056,-59.41146681411385,40.19897377132671,37.40233247733248
0.7,5,high,18,295.96,213.57485971839685,82.3851402816031,57.61,33.633418276955425
0.7,5,low,2,83.0476402682285,120.3649447884742,-37.31730452024573,57.39764026822851,41.91899884252826
0.7,5,high,9,184.85378542510122,136.1320664528869,48.721718972214376,47.003785425101206,34.81224663306707
0.7,5,high,10,202.789126984127,139.1019932149963,63.687133769130696,56.28912698412698,33.13352474652785
0.7,5,high,10,211.63000000000002,141.59841769818547,70.03158230181455,57.92999999999999,33.00832760809541
0.7,5,low,5,57.87536549707603,110.04401122195239,-52.16864572487634,32.82536549707602,35.962930140871336
0.7,5,high,19,276.8136842105263,217.1434791287345,59.67020508179175,44.66368421052631,34.90924489450032
0.7,5,low,5,51.226564405666565,118.97451594162119,-67.74795153595467,29.026564405666573,36.6772186443239
0.7,5,high,19,315.98545454545456,221.26492257003093,94.72053197542357,67.63545454545454,33.48564329075165
0.7,5,low,3,61.79277777777778,116.69218897280042,-54.8994111950227,36.14277777777777,38.24624302685448
0.7,5,low,6,53.49071428571428,122.69750362250356,-69.20678933678929,30.09071428571429,37.08939551439553
0.7,5,high,10,200.36999999999998,144.16847499347494,56.201525006524975,52.52,33.20901553401554
0.7,5,high,11,214.60730769230767,148.65272951983485,65.95457817247285,58.1073076923077,33.49507186217711
0.7,5,high,11,225.425,150.29550589879534,75.12949410120461,61.725,32.60631670960618
0.7,5,low,6,55.60884032634033,110.15562173456911,-54.54678140822877,30.558840326340334,36.074540653488015
0.7,5,high,20,282.9160714285714,225.41691548630394,57.49915594226732,40.766071428571436,33.993492062880605
0.7,5,low,0,0,0,0,0,0
0.7,5,low,6,67.83671157059315,119.14292838240206,-51.306216811808895,45.63671157059315,36.84563108510478
0.7,5,high,20,323.4427272727272,230.56556205600324,92.877165216724,65.09272727272727,33.056553046994225
0.7,5,low,7,46.3298051948052,130.31697391434236,-83.98716871953715,15.929805194805194,36.69084778821621
0.7,10,high,0,0,0,0,0,0
0.7,5,low,4,63.23814935064936,115.61292546807258,-52.374776117423174,37.588149350649346,37.16697952212658
0.7,5,high,11,204.87953947368425,153.258321908322,51.62121756536226,47.02953947368421,33.6502138002138
0.7,5,high,12,220.63666666666668,156.89334754268958,63.7433191239771,54.13666666666667,33.17713132647343
0.7,5,high,12,230.59999999999997,158.2600826424356,72.33991735756445,56.9,32.46278534513828
0.7,5,low,7,52.50282051282052,117.74181974247765,-65.23899922965714,20.452820512820516,35.28236028301818
0.7,5,low,1,76.43684020657705,127.71667247847583,-51.279832271898826,56.78684020657704,49.82478058658398
0.7,5,low,7,47.78902568922305,128.17989814661638,-80.39087245739336,17.589025689223057,37.59431256103084
0.7,10,high,1,165.85771645021646,127.81127183228575,38.04644461793072,53.357716450216444,49.04100156201548
0.7,5,low,8,49.48690476190477,140.20330472040996,-90.71639995850519,12.086904761904762,37.20780922491449
0.7,5,low,5,67.52976884226884,116.78847884943089,-49.25871000716205,41.87976884226883,38.34253290348492
0.7,5,high,12,214.85500000000002,162.86291594712642,51.99208405287354,47.00500000000001,34.606159190369716
0.7,5,high,13,234.7109595959596,165.72327665543614,68.98768294052351,58.210959595959594,33.35841179057123
0.7,5,high,13,247.11999999999998,166.75860348279076,80.36139651720919,63.419999999999995,31.952297176484475
0.7,5,low,8,61.500658508158516,127.92193464430311,-66.42127613614451,21.450658508158508,36.72373644610486
0.7,5,low,2,83.82052527151211,120.63565833519395,-36.81513306368184,64.1705252715121,42.74376644330204
0.7,5,low,8,52.967993697478995,136.56691535515066,-83.5989216576717,18.767993697478992,37.242591030826325
0.7,10,high,2,171.42309012066366,119.24735390985393,52.175736210809745,58.92309012066365,40.47708363958364
0.7,5,low,9,54.223333333333336,149.52997573237516,-95.3066423990418,7.823333333333335,37.97592167832105
0.7,5,low,6,66.65707264957265,115.57826113023475,-48.92118848066221,41.00707264957265,37.13231518428888
0.7,5,high,13,223.48000000000002,170.63351155800845,52.84648844199157,45.63000000000001,33.81819624269315
0.7,5,high,14,245.90784992784992,173.7075347487112,72.20031517913876,59.40784992784993,32.603931145107616
0.7,5,high,14,253.865,175.61803855689303,78.24696144310693,60.165,32.52344396229846
0.7,5,low,9,64.51274725274725,136.9566959118429,-72.44394865909571,17.462747252747256,36.56930852445559
0.7,5,low,3,55.636607142857144,115.57407833657834,-59.93747119372121,35.986607142857146,37.68218644468644
0.7,5,low,9,58.624519230769224,145.11057285654806,-86.48605362577887,16.424519230769228,37.317780063755315
0.7,5,low,10,61.63625,158.79807414938992,-97.1618241493899,10.23625,38.505281356597166
0.7,5,low,7,56.16994422244422,125.52663064133651,-69.35668641889231,23.519944222444224,38.612216226922115
0.7,10,high,3,169.88831269349845,115.41263967366913,54.4756730198293,57.388312693498435,36.64236940339882
0.7,5,high,14,232.93666666666667,179.70816169790632,53.22850496876035,45.086666666666666,33.883837373581954
0.7,5,high,15,255.2554166666667,182.22276927625228,73.03264739041444,58.75541666666667,32.74078729427026
0.7,5,high,15,266.5542307692308,183.53083573652466,83.02339503270619,62.854230769230774,32.41822312391198
0.7,5,low,10,68.86663614163614,145.7924498766991,-76.92581373506296,16.816636141636145,36.486143570392784
0.7,5,low,10,67.01791666666665,153.82022914522915,-86.8023124785625,16.81791666666667,37.4688777938778
0.7,5,low,4,55.99190126050421,115.7625783250783,-59.7706770645741,36.3419012605042,37.87068643318644
0.7,5,low,11,68.72,165.83917615101828,-97.11917615101831,7.32,36.62746443930654
0.7,10,high,4,168.81979225023343,113.92622022176971,54.89357202846368,56.31979225023342,35.15594995149949
0.7,5,high,15,241.24222093695775,187.888625869276,53.35359506768174,43.39222093695777,34.046283526933685
0.7,5,low,8,56.349344997108155,134.75018762379443,-78.40084262668634,17.699344997108152,38.73667411028094
0.7,5,high,16,276.02,192.04933590127095,83.97066409872915,62.32000000000001,32.5583449102799
0.7,5,high,16,265.9871428571429,193.3423145407665,72.64482831637639,59.487142857142864,34.13060282905485
0.7,5,low,11,79.20953823953823,154.3809683217578,-75.17143008221947,16.15953823953824,36.60619354698302
0.7,5,low,11,77.15134920634921,161.8535074910075,-84.70215828465828,9.951349206349207,37.21386785136786
0.7,5,low,12,79.70051948051949,176.39756853835803,-96.69704905783851,11.30051948051948,38.08675772754719
0.7,5,low,5,67.69713064713065,115.05864873860229,-47.36151809147165,48.04713064713065,37.1667568467104
0.7,10,high,5,171.7153619909502,113.12631253722586,58.589049453724385,59.21536199095023,34.35604226695557
0.7,5,low,9,63.232628205128194,142.716091218568,-79.48346301343985,18.582628205128206,38.23410923658602
0.7,5,high,16,251.4643315018315,195.7881407381407,55.67619076369067,43.6143315018315,33.657510107510106
0.7,5,high,17,285.70166666666665,202.1023954234867,83.59927124317986,62.001666666666665,33.872665693757014
0.7,5,high,17,270.98333333333323,200.18585689909216,70.79747643424099,54.483333333333334,32.5957668090021
0.7,5,low,12,87.03095238095237,162.00753602359634,-74.97658364264403,19.98095238095238,35.67420269026306
0.7,5,low,12,87.47058823529413,171.6466880690565,-84.17609983376245,12.270588235294118,37.097138519506956
0.7,5,low,13,82.52166666666668,184.62766002371274,-102.10599335704592,8.121666666666666,37.84838074443338
0.7,5,low,6,61.66808221534228,114.97743090111511,-53.30934868577282,42.01808221534228,37.08553900922322
0.7,10,high,6,175.35294117647058,113.28539746697642,62.06754370949413,62.85294117647059,34.51512719670614
0.7,5,high,17,262.08309523809527,207.0771053652632,55.00598987283206,44.23309523809523,35.39692518508308
0.7,5,low,10,65.79707264957264,153.1580418262307,-87.36096917665799,17.147072649572646,39.036420204609065
0.7,5,high,18,292.7968421052632,209.58316603780992,83.21367606745326,59.09684210526316,33.15523810988209
0.7,5,high,18,282.35041666666666,208.38317456634016,73.96724210032644,55.85041666666666,32.14443582760146
0.7,5,low,13,101.00279720279721,181.2716422466422,-80.268845043845,11.802797202797203,37.7130836880837
0.7,5,low,14,90.21540404040404,192.63799183636644,-102.42258779596237,8.81540404040404,36.66952336789798
0.7,5,low,13,90.76484126984126,173.139855216287,-82.3750139464458,17.71484126984127,37.5272426036745
0.7,5,low,7,48.656764705882345,123.26014618367562,-74.60338147779328,23.006764705882354,36.899785823315234
0.7,5,low,11,70.42537330316742,161.24138485353654,-90.81601155036915,17.77537330316742,38.11075422290592
0.7,10,high,7,171.67112745098038,113.3277750038586,58.34335244712179,59.171127450980386,34.557504733588324
0.7,5,high,18,272.8407821637427,213.61512043644404,59.22566172729873,44.990782163742686,33.466471787795314
0.7,5,high,19,305.885,220.62878674279597,85.25621325720405,62.185,32.66932728333657
0.7,5,low,14,105.5325,189.31779055463267,-83.7852905546327,10.332500000000001,36.84031307715519
0.7,5,high,19,289.1838461538461,219.11756754918522,70.06627860466088,52.68384615384616,34.32027025188789
0.7,5,low,15,95.76666666666668,202.06631623102214,-106.2996495643554,8.366666666666667,37.80955947426537
0.7,5,low,14,97.1970634920635,180.34847234030676,-83.15140884824316,17.147063492063495,36.177301169135525
0.7,5,low,8,51.857320261437906,131.58308113528705,-79.7257608738492,21.20732026143791,36.48398203618792
0.7,5,low,12,73.7963782051282,170.20441661931602,-96.40803841418784,17.146378205128205,38.24495715985653
0.7,10,high,8,169.9013531991744,113.50228428397938,56.399068915195,57.40135319917441,34.732014013709055
0.7,5,high,19,281.55615384615385,224.71021553521553,56.84593831093832,43.70615384615384,33.93093625593625
0.7,5,high,20,315.03000000000003,231.4332186289229,83.59678137107713,61.330000000000005,33.47375916946351
0.7,10,high,0,0,0,0,0,0
0.7,5,low,16,101.72153846153847,210.18110152816033,-108.45956306662185,8.321538461538461,37.36578621284503
0.7,5,low,15,113.15277777777779,198.36779301136895,-85.2150152335911,12.952777777777778,37.33175697533282
0.7,5,high,20,295.87823529411764,227.48405312762893,68.39418216648872,49.37823529411764,33.948017091592945
0.7,10,high,0,0,0,0,0,0
0.7,5,low,15,105.79939560439558,189.9103842206784,-84.1109886162827,20.749395604395602,37.360834671128785
0.7,5,low,9,57.42435897435898,140.6886992453169,-83.26434027095793,19.774358974358975,36.760771317388965
0.7,5,low,13,79.90444638694639,178.91066686434328,-99.0062204773969,15.254446386946388,37.40165785533433
0.7,10,high,1,162.1535984848485,120.74900079381509,41.404597691033544,53.553598484848486,49.97873052354473
0.7,10,high,9,172.15444561157796,112.05396158499872,60.10048402657925,59.65444561157797,33.28369131472848
0.7,5,high,20,293.5120577461754,231.75821542474011,61.753842321435286,45.6620577461754,32.96091812744289
0.7,10,high,0,0,0,0,0,0
0.7,5,low,16,119.89952380952381,207.44421935869303,-87.54469554916925,8.699523809523809,37.669444583918256
0.7,5,low,17,114.86634920634921,219.34780106792496,-104.48145186157575,9.466349206349209,37.61356683369066
0.7,5,low,16,110.22900793650793,199.55938554096454,-89.33037760445656,18.179007936507936,37.099926081505025
0.7,5,low,10,60.78269230769231,150.12876984126987,-89.3460775335775,18.132692307692313,37.64228335478334
0.7,10,high,1,171.94393306040368,117.3645672344976,54.57936582590605,54.34393306040365,48.445648315578644
0.7,10,high,2,169.44036764705882,112.09189550931042,57.34847213774843,60.84036764705883,41.32162523904009
0.7,10,high,10,172.66217492260063,113.04269943468863,59.61947548791203,60.16217492260061,34.27242916441832
0.7,5,low,14,87.89393939393939,189.4209672040554,-101.52702781011602,19.243939393939392,38.36240864549688
0.7,10,high,1,154.03812622018503,124.40803900006684,29.630087220118142,50.38812622018505,48.78641737844524
0.7,5,low,17,130.21466450216448,216.81792295077898,-86.6032584486145,9.0146645021645,37.58368871654475
0.7,5,low,18,124.24238095238096,229.43813353944938,-105.19575258706826,9.842380952380953,38.78498038629616
0.7,5,low,17,128.7397619047619,207.14204401828246,-78.40228211352061,14.689761904761905,36.57447645071484
0.7,5,low,11,66.89303030303032,158.8865151845802,-91.9934848815499,14.243030303030304,37.661289959354974
0.7,10,high,2,182.33787581699346,107.83577921921578,74.5020965977777,64.73787581699347,38.91686030029681
0.7,5,low,15,91.57502586594691,198.40967548289538,-106.83464961694835,18.925025865946917,38.07183764505746
0.7,10,high,3,168.44350017199864,106.45618601028818,61.9873141617105,59.84350017199863,35.68591574001791
0.7,10,high,11,171.70038576834241,112.61592778245252,59.08445798588987,59.20038576834243,33.845657512182285
0.7,10,high,2,152.56258467023173,117.72394852526433,34.838636144967424,48.91258467023174,42.10232690364269
0.7,5,low,18,137.54151515151514,224.454959180114,-86.91344402859892,9.34151515151515,36.30180602696084
0.7,5,low,19,128.64294871794874,236.42358277253777,-107.78063405458911,8.242948717948718,36.67133052028563
0.7,5,low,12,72.3025,166.32484025123344,-94.02234025123339,14.652500000000003,36.09060601699921
0.7,5,low,18,137.29666666666668,218.09310247785479,-80.79643581118808,17.246666666666666,37.075084459836766
0.7,10,high,3,181.05495098039216,104.57932665138546,76.47562432900672,63.45495098039216,35.66040773246657
0.7,5,low,16,95.70138760362445,207.70088070858188,-111.99949310495748,19.051387603624445,37.63331314101438
0.7,10,high,4,171.47709150326796,105.69744109523522,65.77965040803274,62.87709150326798,34.92717082496494
0.7,10,high,12,174.45375,120.30632479672727,54.147425203272775,51.95374999999999,33.42794641834889
0.7,10,high,3,152.17103641456583,113.88890685338053,38.282129561185286,48.52103641456582,38.267285231758905
0.7,5,low,19,147.4145238095238,234.86093568198837,-87.44641187246452,8.214523809523808,37.608683429736054
0.7,5,low,20,146.19389610389612,245.29387103798868,-99.09997493409256,10.793896103896103,37.34342058753823
0.7,10,high,0,0,0,0,0,0
0.7,5,low,13,89.10880952380953,177.15879424037317,-88.0499847165637,18.458809523809528,38.09573117731013
0.7,5,low,19,141.32416666666666,226.63689190473235,-85.31272523806578,15.274166666666668,36.790045057885635
0.7,5,low,17,99.46429487179486,216.07968456718467,-116.61538969538967,18.814294871794868,37.36346835096834
0.7,10,high,4,182.67992647058824,103.32603018558902,79.35389628499921,65.07992647058823,34.4071112666701
0.7,10,high,5,171.53432447540416,104.67162959148253,66.86269488392159,62.93432447540421,33.901359321212254
0.7,10,high,13,185.11576923076922,128.65093145093144,56.46483777983772,52.61576923076923,33.394174694174694
0.7,10,high,4,148.11116725637623,112.02056390438746,36.090603351988776,44.461167256376235,36.398942282765795
0.7,5,low,20,165.29756410256408,243.23106512169974,-77.93350101913566,10.097564102564098,37.780614671249346
0.7,10,low,0,0,0,0,0,0
0.7,5,low,20,152.3261111111111,236.44292063854755,-84.11680952743657,21.276111111111113,37.40688460251154
0.7,10,low,0,0,0,0,0,0
0.7,5,low,14,90.81666666666666,185.3478888552418,-94.53122218857516,15.166666666666668,37.54608705343998
0.7,10,high,1,169.11855869620575,119.69668567168573,49.42187302452007,58.418558696205764,50.71019918519915
0.7,10,high,5,184.3469934640523,102.43919292251333,81.90780054153895,66.7469934640523,33.52027400359445
0.7,5,low,18,108.03506410256409,225.6643960529023,-117.62933195033818,18.3850641025641,38.029260917767104
0.7,10,high,6,172.05754901960782,104.09102257918045,67.9665264404273,63.457549019607846,33.320752308910194
0.7,10,high,14,197.75824175824175,138.1534296812548,59.604812076986946,55.258241758241766,33.25703328485835
0.7,10,high,5,152.2970290923387,111.26158276266632,41.03544632967237,48.647029092338684,35.639961141044736
0.7,10,low,1,76.84477622867328,128.88708094617533,-52.042304717502105,56.74477622867329,49.30599986509427
0.7,10,low,1,79.73223391031054,125.01743921364665,-45.285205303336085,57.38223391031054,49.53095272716016
0.7,5,low,15,94.07666666666667,192.3497859872859,-98.27311932061924,14.426666666666666,35.89933553683553
0.7,10,high,2,180.01961601307192,108.977870712236,71.04174530083593,69.3196160130719,39.99138422574954
0.7,10,high,6,187.5549264705882,101.22800684368023,86.32691962690797,69.95492647058823,32.30908792476129
0.7,5,low,19,112.12929487179488,234.74501958549936,-122.61572471370454,18.47929487179487,38.64141598189586
0.7,10,high,7,169.86796482628137,104.40487467004498,65.46309015623639,61.2679648262814,33.63460439977467
0.7,10,high,6,149.10054738562093,109.6338081588082,39.46673922681278,45.45054738562092,34.01218653718654
0.7,10,high,15,204.4355357142857,147.36743618666998,57.068099527615715,51.935535714285706,33.82239114162488
0.7,10,low,2,72.51805555555555,122.4939719692429,-49.9759164136873,52.41805555555557,42.91289088816179
0.7,5,low,16,98.19166666666665,203.87404582106598,-105.68237915439919,15.541666666666666,38.054226001246136
0.7,10,low,2,74.82495098039217,117.01341533768009,-42.18846435728793,52.47495098039216,41.526928851193546
0.7,10,high,3,179.24168214654281,103.69014814088348,75.55153400565942,68.54168214654284,34.703661654396946
0.7,10,high,7,183.42180555555555,102.26823091676037,81.1535746387952,65.82180555555556,33.3493119978414
0.7,10,high,8,168.09183006535946,103.92554077422497,64.16628929113445,59.49183006535949,33.155270503954725
0.7,5,low,20,115.98339743589743,242.3175277926438,-126.33413035674629,18.33339743589744,37.38509536021147
0.7,10,low,0,0,0,0,0,0
0.7,10,high,7,150.28727640178877,111.67985118646884,38.60742521531988,46.63727640178879,36.0582295648472
0.7,10,high,16,219.52833333333334,155.9627068863911,63.56562644694222,57.02833333333333,33.58883301251723
0.7,10,low,3,70.47481900452489,118.3494192868419,-47.874600282317004,50.37481900452489,38.768338205760806
0.7,5,low,17,104.08,211.77051356037418,-107.69051356037424,13.430000000000001,37.03177482163551
0.7,10,high,4,179.85822368421051,101.2983001106453,78.55992357356521,69.15822368421053,32.31181362415883
0.7,10,high,8,185.07560110211426,101.6176539584434,83.45794714367084,67.47560110211427,32.69873503952451
0.7,10,low,3,69.28631535947711,110.9922206210906,-41.70590526161351,46.93631535947712,35.50573413460411
0.7,10,high,9,176.31583333333333,105.09390701031569,71.22192632301768,67.71583333333334,34.32363674004541
0.7,10,low,1,81.11973762950157,132.45921083939666,-51.33947320989506,55.31973762950156,49.067318947504695
0.7,10,high,8,149.316185500516,110.05515019706195,39.261035303454065,45.666185500515994,34.433528575440334
0.7,10,high,17,229.14000000000001,164.9154850794557,64.22451492054435,56.64000000000001,34.703773367743956
0.7,5,low,18,108.60666666666665,221.29617105425922,-112.68950438759256,14.956666666666667,36.737612495700745
0.7,10,low,4,59.369285714285716,117.49102005239776,-58.12173433811207,39.269285714285715,37.909938971316684
0.7,10,high,5,182.62198529411765,102.197512820307,80.42447247381067,71.92198529411765,33.21102633382044
0.7,10,high,9,181.38443240454077,102.0020900957433,79.38234230879748,63.784432404540766,33.08317117682443
0.7,10,low,4,52.559932126696836,111.95733326406702,-59.39740113737014,30.209932126696838,36.470846777580526
0.7,10,high,10,172.77694444444444,104.14394373953198,68.63300070491248,64.17694444444444,33.373673469261696
0.7,10,low,2,96.41240601503759,123.26205138674176,-26.849645371704213,70.61240601503759,39.8701594948499
0.7,10,high,9,150.86902777777777,110.14674328463023,40.72228449314751,47.21902777777778,34.525121663008676
0.7,10,high,18,234.3125,171.9318886811533,62.380611318846604,51.8125,33.071528320793036
0.7,5,low,19,115.0652380952381,231.56942039442046,-116.50418229918236,13.415238095238095,37.191042016042026
0.7,10,low,5,67.22268170426065,118.1582097109961,-50.935528006735424,47.12268170426066,38.577128629915016
0.7,10,high,6,181.22845588235296,102.55985886280004,78.66859701955296,70.52845588235296,33.57337237631356
0.7,10,high,10,182.53016806722687,102.72440162587223,79.80576644135466,64.9301680672269,33.80548270695329
0.7,10,low,5,55.07780622370406,111.21756063791668,-56.139754414212646,32.72780622370406,35.73107415143019
0.7,10,high,11,167.9627941176471,103.88774468488087,64.07504943276619,59.362794117647056,33.11747441461064
0.7,10,low,3,60.920972222222225,120.90551175771765,-59.98453953549542,35.12097222222222,37.51361986582576
0.7,10,low,6,74.56570972886763,117.44955703419328,-42.88384730532563,54.465709728867616,37.86847595311219
0.7,10,high,10,153.23957516339868,110.39025537721365,42.84931978618505,49.58957516339869,34.76863375559195
0.7,5,low,20,120.4542857142857,240.2670116419343,-119.81272592764842,13.804285714285715,37.059804434727035
0.7,10,high,19,241.32227272727272,181.06546813419874,60.25680459307398,48.82227272727273,33.73663930536997
0.7,10,low,0,0,0,0,0,0
0.7,10,high,11,178.93222953216375,101.05322974757959,77.87899978458415,61.33222953216373,32.13431082866067
0.7,10,high,7,178.03876633986926,100.87871084121088,77.16005549865841,67.33876633986927,31.892224354724345
0.7,10,low,6,56.26298103856927,111.54275276039981,-55.27977172183052,33.91298103856927,36.056266273913344
0.7,10,high,12,176.95,112.88376404630277,64.06623595369717,58.35,34.09547575801445
0.7,10,low,4,50.9581623931624,121.68910518001073,-70.73094278684833,25.158162393162392,38.297213288118854
0.7,10,low,7,60.003823529411775,116.629445364546,-56.62562183513421,39.90382352941177,37.04836428346489
0.7,10,high,11,151.00574045407637,110.42681072472092,40.578929729355394,47.35574045407637,34.805189103099316
0.7,10,low,1,86.38885735179852,133.02642996064046,-46.63757260884191,58.78885735179853,49.25615969037025
0.7,10,high,20,252.91944444444442,190.58263700543117,62.336807439013256,50.419444444444444,34.695249618043725
0.7,10,low,0,0,0,0,0,0
0.7,10,high,8,178.72156862745098,100.7110493268388,78.01051930061222,68.02156862745099,31.724562840352313
0.7,10,high,12,186.87298245614033,109.94584569189833,76.92713676424204,59.272982456140355,32.828728574781195
0.7,10,low,7,63.844577677224734,111.71200800020462,-47.86743032297987,41.49457767722473,36.2255215137181
0.7,10,high,13,182.84833333333333,120.37276785097995,62.4755654823534,54.248333333333335,32.575470553682614
0.7,10,low,5,63.61380952380953,121.93778776143328,-58.32397823762373,37.813809523809525,38.54589586954138
0.7,10,low,8,66.68801587301587,116.98978978127582,-50.30177390825999,46.58801587301587,37.40870870019476
0.7,10,high,12,153.93485410831,118.13499596382722,35.799858144482826,40.28485410831,34.5854464142777
0.7,10,low,2,75.95946428571429,128.36051649999018,-52.401052214275865,48.35946428571428,44.59024622971992
0.7,10,high,13,196.2711111111111,118.02490037134001,78.24621073977114,58.67111111111111,32.259134605574246
0.7,10,low,1,78.91075729224336,130.79844760053737,-51.88769030829398,57.61075729224336,49.63628543837522
0.7,10,high,9,178.34170235638118,102.1055163698353,76.2361859865459,67.64170235638115,33.11902988334876
0.7,10,low,8,56.815924426450735,110.99713883169765,-54.18121440524693,34.46592442645074,35.51065234521118
0.7,10,high,14,191.64352941176472,128.29273978352924,63.350789628235475,53.04352941176471,32.02697401776349
0.7,10,low,6,64.60183473389355,122.36837392131508,-57.76653918742154,38.80183473389356,38.97648202942321
0.7,10,low,3,61.38759920634921,125.12092169100683,-63.73332248465759,33.787599206349206,41.350651420736554
0.7,10,low,9,70.14642857142857,114.32845528874942,-44.182026717320795,50.04642857142857,34.74737420766833
0.7,10,high,13,163.6616666666667,125.7811879955843,37.8804786710824,40.01166666666667,34.39380060819689
0.7,10,high,14,206.66,127.00717809150471,79.65282190849524,59.06,32.86303394736056
0.7,10,low,9,62.93869674185463,112.71082536303126,-49.772128621176606,40.58869674185464,37.22433887654476
0.7,10,low,2,78.69594537815127,124.02392300681772,-45.327977628666446,57.39594537815126,42.86176084465558
0.7,10,high,10,180.70678104575163,102.50626048458861,78.20052056116297,70.00678104575164,33.519773998102174
0.7,10,high,15,203.90499999999997,138.02025590775588,65.88474409224409,55.30499999999999,32.29503068253069
0.7,10,low,4,73.75190476190477,121.77108588555956,-48.01918112365476,46.15190476190476,38.00081561528929
0.7,10,high,15,214.0555741626794,136.47084699367983,77.58472716899959,56.45557416267943,32.77715329998612
0.7,10,high,14,173.24101608187135,135.41330195645213,37.82771412541922,39.59101608187134,35.1069956501458
0.7,10,low,7,59.182366522366536,120.76632217978975,-61.58395565742315,33.382366522366524,37.37443028789777
0.7,10,low,10,55.574913419913415,116.15467931060033,-60.57976589068697,35.47491341991341,36.57359822951928
0.7,10,high,11,184.21778121775026,101.97470909456203,82.24307212318821,73.51778121775027,32.98822260807554
0.7,10,low,10,68.14033613445379,111.36084859981919,-43.22051246536536,45.79033613445379,35.8743621133327
0.7,10,high,16,214.34500000000003,145.5735748841399,68.77142511586013,55.745000000000005,32.2807820913471
0.7,10,low,3,69.65738328664798,120.53764489279192,-50.880261606143975,48.35738328664799,39.375482730629784
0.7,10,low,5,66.34757936507937,120.77036854931593,-54.42278918423652,38.74757936507937,37.000098279045645
0.7,10,high,15,181.61516806722688,142.86095854257618,38.75420952465069,37.965168067226884,33.99609367771132
0.7,10,high,16,225.90771929824558,146.81708071576494,79.09063858248064,58.307719298245615,33.844107742791955
0.7,10,low,8,59.6088888888889,121.11450139538381,-61.50561250649483,33.80888888888889,37.72260950349184
0.7,10,high,12,185.01227272727274,108.7886028886029,76.2236698386698,64.31227272727271,31.784098384098375
0.7,10,low,11,67.155,116.96392326392333,-49.808923263923276,47.055,37.382842182842175
0.7,10,low,11,64.13763888888889,111.07782142340969,-46.94018253452076,41.78763888888888,35.59133493692317
0.7,10,high,17,222.27000000000004,153.93698619507444,68.3330138049256,53.67,32.62617538426362
0.7,10,low,4,70.56819291819293,121.55560547987017,-50.98741256167722,49.26819291819292,40.39344331770803
0.7,10,low,6,60.26642857142857,121.67899760005025,-61.4125690286217,32.66642857142857,37.90872732977996
0.7,10,high,16,193.33260458839408,151.93753396253393,41.3950706258602,39.68260458839406,35.054651079651094
0.7,10,low,9,64.81677224736049,120.37014147733957,-55.5533692299791,39.01677224736047,36.97824958544772
0.7,10,high,17,236.71749999999997,154.24207081339435,82.47542918660565,59.11749999999999,32.44026901159254
0.7,10,high,13,189.7242857142857,118.06072574052448,71.66355997376124,59.02428571428571,32.407572587371355
0.7,10,low,12,53.96744047619048,124.89070074437724,-70.9232602681868,27.867440476190474,36.66097101464748
0.7,10,low,12,50.96472222222222,119.61104357257611,-68.64632135035386,20.614722222222223,35.92635888789138
0.7,10,low,5,65.92936274509805,119.47060600516484,-53.54124326006679,44.629362745098035,38.30844384300268
0.7,10,high,18,230.01,163.18551350246395,66.82448649753596,51.410000000000004,32.4152432321937
0.7,10,low,7,77.09972222222223,119.65349462114166,-42.55377239891945,49.49972222222222,35.88322435087141
0.7,10,high,17,200.5074310776942,160.47530338846127,40.03212768923299,36.85743107769423,35.21404212720002
0.7,10,low,10,71.70443722943723,120.11830846536724,-48.413871235930046,45.90443722943722,36.726416573475404
0.7,10,high,14,202.51500000000001,125.67491853389689,76.84008146610314,61.815,31.82356718254551
0.7,10,high,18,244.81776223776222,163.79293835470304,81.0248238830591,57.21776223776224,32.71185727362198
0.7,10,low,13,53.08674603174603,134.11714324767735,-81.03039721593126,20.98674603174603,37.05858468911875
0.7,10,low,13,55.702222222222225,129.32117576862157,-73.61895354639938,18.35222222222222,36.357211804657624
0.7,10,high,19,242.91973684210524,171.87705946730725,71.04267737479807,54.31973684210526,32.638320728568395
0.7,10,low,6,69.2270238095238,119.23996113941938,-50.01293732989558,47.92702380952382,38.07779897725719
0.7,10,high,18,208.79807644110278,168.27402714523467,40.524049295868195,35.14807644110275,34.183937055144476
0.7,10,low,8,71.04381598793364,119.41431907681904,-48.37050308888543,43.44381598793364,35.64404880654882
0.7,10,low,11,70.76728070175439,120.95863393162153,-50.19135322986713,44.96728070175438,37.56674203972966
0.7,10,high,19,253.6128151260504,172.51627691054932,81.09653821550108,56.01281512605042,33.0568174510899
0.7,10,high,15,211.12384615384616,133.99956322502763,77.12428292881856,60.42384615384615,32.13019385565824
0.7,10,low,14,56.60333333333333,143.5200779465486,-86.91674461321526,15.503333333333334,37.18224010871068
0.7,10,low,14,66.27147660818714,138.22752220840457,-71.95604560021742,21.921476608187135,36.704999685882036
0.7,10,high,20,251.318947368421,180.22504442539272,71.0939029430283,52.71894736842105,32.96828766863597
0.7,15,high,0,0,0,0,0,0
0.7,10,low,7,53.418055555555554,118.49407221466049,-65.07601665910494,32.11805555555556,37.33191005249828
0.7,10,low,9,70.95856900452489,120.65329007236907,-49.694721067844156,43.35856900452489,36.88301980209874
0.7,10,low,12,52.769705882352945,129.7991886998079,-77.02948281745495,19.969705882352944,37.848738249357446
0.7,10,high,19,220.6663888888889,177.35326387094958,43.31312501793923,37.01638888888889,34.70461522230097
0.7,10,high,16,224.21615384615384,142.103193609076,82.11296023707791,63.51615384615384,31.765355771238124
0.7,10,high,20,265.23333333333335,182.2189820309016,83.01435130243186,57.633333333333326,33.300063111982624
0.7,15,high,0,0,0,0,0,0
0.7,10,low,15,61.98166666666666,151.80594865997344,-89.82428199330681,15.881666666666664,36.99964235366713
0.7,10,low,15,72.22277777777778,146.76814349531065,-74.5453657175329,20.872777777777777,36.506882234049414
0.7,15,high,1,150.77560821531412,120.40307173662436,30.37253647868978,52.075608215314105,50.20036903392166
0.7,10,low,8,69.76920274170274,118.62171915999312,-48.85251641829038,48.469202741702745,37.45955699783101
0.7,10,low,10,57.207980769230765,119.19374221800692,-61.98576144877617,29.607980769230767,35.423471947736644
0.7,10,high,20,231.5885714285714,185.35423670276617,46.23433472580527,37.93857142857143,34.77766012618954
0.7,15,high,0,0,0,0,0,0
0.7,10,low,13,57.98309523809523,139.74750126719945,-81.7644060291042,20.18309523809524,38.78804180773995
0.7,10,low,16,64.8729365079365,160.34967597668845,-95.47673946875189,13.77293650793651,36.714540841553216
0.7,15,high,1,170.40578683657245,123.67517982545074,46.730607011121734,54.755786836572454,49.29680144707237
0.7,10,high,17,231.8291176470588,149.15620277044428,82.67291487661456,61.12911764705884,30.710256824498305
0.7,10,low,16,74.28888888888888,155.30256692822488,-81.01367803933597,16.938888888888886,36.84310746876537
0.7,15,high,2,159.55605392156863,110.66167173945811,48.894382182110576,60.85605392156863,40.45896903675541
0.7,10,low,9,64.6288888888889,117.75366991222258,-53.12478102333367,43.32888888888889,36.59150775006037
0.7,10,low,14,61.65761904761905,148.2938910783338,-86.63627203071468,19.857619047619046,38.86596315040588
0.7,10,low,11,77.15236842105263,118.90264688391623,-41.75027846286362,49.552368421052634,35.13237661364596
0.7,15,high,1,164.78080128205127,122.93377469882894,41.84702658322237,52.58080128205129,50.32566659072076
0.7,10,high,18,247.08999999999997,160.60234475234475,86.48765524765523,66.38999999999999,32.06630871630872
0.7,15,high,2,183.36570304437564,114.163939149388,69.20176389498758,67.71570304437564,39.78556077100969
0.7,10,low,17,68.29277777777777,171.74979656492812,-103.4570187871504,14.192777777777778,37.75430106943264
0.7,10,low,17,80.16152777777776,165.27676630029575,-85.1152385225179,16.811527777777776,37.44793747146688
0.7,15,high,3,166.1582434640523,106.1094444599089,60.04879900414346,67.45824346405229,35.90674175720614
0.7,10,low,10,67.17853132161956,118.17608233637645,-50.997551014756894,45.878531321619555,37.01392017421429
0.7,10,low,15,67.55,157.0880239728537,-89.53802397285365,17.75,38.741177126006846
0.7,10,low,12,58.309166666666655,127.92706972443816,-69.61790305777147,21.70916666666667,35.6883309856994
0.7,10,low,18,69.64166666666667,181.56790738590274,-111.92624071923605,12.541666666666666,37.84268216067752
0.7,15,high,2,180.69392156862745,114.67821255959805,66.01570900902941,68.49392156862744,42.07010445148991
0.7,15,high,3,180.23705882352942,109.44122023595706,70.79583858757238,64.5870588235294,35.06284185757872
0.7,10,high,19,253.92153846153843,168.85125374409432,85.07028471744414,63.221538461538465,31.576478969319524
0.7,10,low,18,86.01984126984127,173.9650400812166,-87.94519881137535,16.66984126984127,35.86594098211745
0.7,15,high,4,164.91445261437906,106.20363562747461,58.71081698690445,66.21445261437908,36.000932924771945
0.7,10,low,11,64.89335386835387,117.15819547336575,-52.26484160501188,43.593353868353866,35.996033311203604
0.7,10,low,16,69.4230303030303,164.28793911839568,-94.86490881536544,15.623030303030305,36.93208326253993
0.7,10,low,13,58.556309523809524,137.98825013240653,-79.43194060859699,15.956309523809523,36.650412294568625
0.7,15,high,3,183.97472222222223,107.22959331929918,76.74512890292304,71.77472222222222,34.621485211191114
0.7,15,high,4,181.5925193498452,107.70797386586862,73.88454548397662,65.9425193498452,33.32959548749022
0.7,10,low,19,95.19888888888889,183.34316509978282,-88.14427621089385,15.848888888888888,36.595417352035
0.7,10,high,20,261.835,178.23510114392474,83.59989885607521,61.135000000000005,31.771137179960693
0.7,15,high,0,0,0,0,0,0
0.7,10,low,19,79.97888888888889,189.258760078613,-109.27987118972413,11.878888888888888,36.4344357542887
0.7,15,high,5,168.01343825249398,104.13705972719134,63.876378525302655,69.31343825249398,33.9343570244886
0.7,10,low,17,72.0575,175.4955041665568,-103.43800416655671,15.257500000000002,37.77928795034058
0.7,10,low,12,56.06054112554112,126.64783965078082,-70.58729852523973,27.760541125541124,37.467659470600644
0.7,10,low,14,60.78083333333333,148.06039661894923,-87.2795632856159,13.180833333333334,37.62345968201231
0.7,10,low,20,98.54626068376068,191.37982312127045,-92.83356243750983,13.196260683760684,35.262706004153365
0.7,15,high,0,0,0,0,0,0
0.7,15,high,4,190.1716806722689,107.75837196692466,82.41330870534432,77.9716806722689,35.150263858816494
0.7,15,high,1,163.68302033492824,126.70653929202689,36.9764810429014,54.63302033492823,48.80113388662148
0.7,15,high,5,181.49165849673201,109.06619545458554,72.42546304214646,65.84165849673204,34.68781707620717
0.7,15,high,6,160.1378104575163,104.3274445292634,55.81036592825288,61.43781045751634,34.124741826560715
0.7,10,low,20,86.28999999999999,199.23790318062765,-112.9479031806276,11.190000000000001,37.4045698472943
0.7,15,low,0,0,0,0,0,0
0.7,10,low,13,59.38220779220778,135.62114025604734,-76.23893246383956,24.08220779220779,38.24276187766901
0.7,10,low,18,76.67625,184.09809982054566,-107.42184982054563,14.876249999999999,37.01251423496005
0.7,10,low,15,64.85345238095239,156.93146979396982,-92.07801741301746,13.253452380952378,37.39543375793376
0.7,15,high,2,160.5898319327731,117.6044521169521,42.98537981582106,51.53983193277311,39.69904671154671
0.7,15,high,5,187.16686274509803,106.74283328474503,80.42402946035297,74.96686274509804,34.134725176636955
0.7,15,high,1,167.73537224471437,115.65228627469341,52.083085970020974,54.78537224471434,49.32796195036907
0.7,15,high,6,179.41529411764708,109.40104449616837,70.0142496214787,63.76529411764706,35.02266611778996
0.7,15,low,1,70.88014831573656,129.46083504268486,-58.5806867269483,51.98014831573655,49.42029450214435
0.7,15,high,7,163.67080882352943,103.22492075986659,60.44588806366288,64.97080882352941,33.022218057163876
0.7,10,low,19,85.19333333333334,193.562624645171,-108.36929131183764,13.393333333333334,37.19775978030622
0.7,10,low,14,62.6773593073593,143.15764391573217,-80.48028460837284,17.377359307359306,36.86034661843486
0.7,10,low,16,70.98722222222223,165.63010057739166,-94.64287835516937,15.38722222222222,37.17514562243663
0.7,15,high,6,182.36333333333334,106.68104313104314,75.68229020229022,70.16333333333333,34.07293502293502
0.7,15,high,3,163.87534700722395,113.5821177196177,50.29322928760625,54.82534700722395,35.676712314212324
0.7,15,high,7,181.75860294117646,107.54912160736461,74.20948133381182,66.10860294117647,33.170743228986275
0.7,15,high,2,176.8862242002064,106.81031963597758,70.07590456422889,63.936224200206404,40.48599531165319
0.7,15,high,8,163.49698529411765,103.49772583936672,59.99925945475094,64.79698529411765,33.29502313666399
0.7,15,low,2,63.048157202274844,122.5275180439267,-59.47936084165193,44.148157202274845,42.48697750338617
0.7,10,low,20,91.21166666666667,203.47651149578394,-112.26484482911732,15.411666666666667,37.8323673516398
0.7,15,low,0,0,0,0,0,0
0.7,10,low,15,66.393675096833,150.84787810643067,-84.45420300959768,16.093675096832992,36.352382610935265
0.7,10,low,17,83.1875,174.52344160699417,-91.33594160699417,14.5875,36.78920737276
0.7,15,high,4,163.93568938371567,114.71454151895328,49.2211478647624,54.8856893837157,36.80913611354788
0.7,15,high,7,181.34583333333336,106.17915401382896,75.16667931950442,69.14583333333333,33.57104590572082
0.7,15,high,8,180.7804248366013,108.45433823065403,72.3260866059473,65.1304248366013,34.07595985227564
0.7,15,high,3,176.97343954248367,101.88639231797131,75.08704722451245,64.02343954248366,35.562067993646934
0.7,15,high,9,166.60180555555556,103.59555824555822,63.006247309997306,67.90180555555555,33.39285554285555
0.7,15,low,3,72.70932539682539,118.75244585244583,-46.043120455620496,53.80932539682541,38.71190531190532
0.7,15,low,1,78.22858134512546,126.44444070767602,-48.21585936255049,56.328581345125464,49.9579542211895
0.7,15,high,5,158.47485466116268,112.87118024420653,45.603674416956125,49.42485466116271,34.96577483880116
0.7,10,low,18,84.78988095238097,183.5679056567988,-98.77802470441785,11.189880952380951,36.55439214328533
0.7,10,low,16,71.31378787878788,161.74135631960718,-90.42756844081933,16.013787878787877,37.60622118447195
0.7,15,high,9,178.89492647058825,107.71793386120018,71.1769926093881,63.24492647058823,33.33955548282173
0.7,15,high,8,186.9255043859649,105.93387784769361,80.99162653827128,74.72550438596492,33.32576973958553
0.7,15,high,10,160.54595588235293,102.98746068804115,57.55849519431176,61.84595588235294,32.78475798533847
0.7,15,high,4,178.9252205882353,100.17292507029346,78.75229551794182,65.97522058823529,33.84860074596917
0.7,15,low,4,46.457664835164834,117.70673612438318,-71.24907128921832,27.557664835164836,37.66619558384264
0.7,15,low,2,62.663984239444765,119.25457789730237,-56.5905936578576,40.76398423944476,42.76809141081588
0.7,15,high,6,161.9914963880289,114.08246098222884,47.909035405800125,52.94149638802891,36.17705557682338
0.7,10,low,19,95.43559523809525,191.18036751701604,-95.74477227892085,14.835595238095237,35.69838553503414
0.7,10,low,17,80.89878787878787,170.44988659791287,-89.55109871912508,19.598787878787874,38.29673344475975
0.7,15,high,9,185.8563011695906,106.23919421419427,79.61710695539637,73.65630116959065,33.63108610608609
0.7,15,low,5,56.711686646686644,117.18905792168172,-60.47737127499502,37.811686646686645,37.14851738114124
0.7,15,high,11,164.7143223254214,102.45063513879303,62.263687186628346,66.01432232542139,32.24793243609033
0.7,15,high,10,173.81334590246357,107.30231151481145,66.51103438765207,58.16334590246355,32.92393313643314
0.7,15,high,5,177.59043793495806,100.59033297303422,77.00010496192381,64.64043793495806,34.26600864870989
0.7,15,low,3,59.268797313797315,115.03758671552791,-55.76878940173055,37.368797313797316,38.55110022904139
0.7,10,low,20,101.0509249084249,202.66028254801478,-101.60935763958982,15.45092490842491,36.63776002549221
0.7,15,high,7,161.60921955624354,114.24193049340106,47.367289062842445,52.559219556243555,36.336525087995675
0.7,15,low,0,0,0,0,0,0
0.7,10,low,18,83.67581168831167,177.84062496365132,-94.1648132753396,16.375811688311682,37.128913251939586
0.7,15,low,6,70.42957264957263,118.71323883351747,-48.28366618394479,51.52957264957265,38.672698292976925
0.7,15,high,12,160.86066950464397,102.61488167776864,58.2457878268753,62.160669504643955,32.412178975065984
0.7,15,high,10,183.9543382352941,105.07442218251042,78.87991605278368,71.75433823529411,32.4663140744023
0.7,15,high,6,179.73789000687995,101.07996440833125,78.65792559854867,66.78789000687993,34.755640084006956
0.7,15,high,11,176.31628482972138,107.56247736116157,68.75380746855981,60.66628482972135,33.18409898278319
0.7,15,low,4,52.370946969696966,114.0504704254704,-61.679523455773484,30.470946969696968,37.563983938983945
0.7,15,high,8,162.34728632478635,114.86393169868398,47.48335462610238,53.29728632478632,36.95852629327864
0.7,15,low,1,76.27021353646353,130.68234624364655,-54.41213270718299,55.72021353646353,48.006670567970886
0.7,10,low,19,92.57792207792207,186.33405448804064,-93.75613241011843,16.277922077922078,36.79351394750001
0.7,15,high,11,183.05735294117648,105.98651617343569,77.07083676774077,70.85735294117647,33.37840806532757
0.7,15,low,7,62.21565391308038,118.34618302934867,-56.13052911626826,43.31565391308038,38.30564248880812
0.7,15,high,13,162.72339869281046,102.4149808907162,60.308417802094255,64.02339869281047,32.212278188013485
0.7,15,high,12,177.77359649122806,108.0608244311418,69.71277206008632,62.12359649122808,33.68244605276338
0.7,15,high,7,178.72014705882356,100.00871523882364,78.71143181999996,65.77014705882353,33.68439091449928
0.7,15,low,5,66.71545733678087,111.86750861603802,-45.15205127925714,44.81545733678086,35.38102212955154
0.7,15,high,9,158.07120098039215,112.94008427510751,45.131116705284626,49.02120098039216,35.034678869702084
0.7,15,low,2,70.16363095238094,125.7886891011891,-55.62505814880812,49.61363095238095,43.113013425513444
0.7,10,low,20,98.00738636363636,194.82284247841525,-96.81545611477893,14.707386363636363,37.26428391985668
0.7,15,low,0,0,0,0,0,0
0.7,15,high,12,185.29069444444443,105.5110995655113,79.7795948789331,73.09069444444445,32.902991457403225
0.7,15,low,8,70.23104826546003,117.6028181287469,-47.371769863286886,51.331048265460026,37.56227758820638
0.7,15,high,14,163.12279411764706,102.45549549299551,60.667298624651536,64.42279411764706,32.25279279029279
0.7,15,high,8,177.92601307189543,99.7734421960041,78.15257087589133,64.97601307189544,33.44911787167978
0.7,15,high,13,179.17736928104577,107.67165856020345,71.50571072084227,63.52736928104575,33.29328018182509
0.7,15,low,6,65.04569856485105,113.02267193122454,-47.97697336637353,43.145698564851045,36.53618544473809
0.7,15,high,10,160.57369926040593,113.41522587180485,47.15847338860114,51.52369926040592,35.50982046639942
0.7,15,low,3,75.67301691729324,120.74106376409007,-45.06804684679683,55.12301691729324,38.06538808841441
0.7,15,low,1,77.86875,129.96781313298342,-52.09906313298339,52.96875,49.61646178163203
0.7,15,high,13,181.15607843137255,105.2427454626758,75.91333296869675,68.95607843137256,32.634637354567694
0.7,15,high,15,166.47322712418298,102.8307768866593,63.64245023752369,67.77322712418301,32.628074183956535
0.7,15,low,9,61.880123839009286,117.54984155378891,-55.66971771477962,42.980123839009295,37.50930101324838
0.7,15,high,9,176.87708333333333,99.17965573557679,77.69742759775653,63.92708333333333,32.85533141125247
0.7,15,high,14,173.6857679738562,106.65906587450702,67.02670209934911,58.03576797385622,32.28068749612868
0.7,15,low,7,65.17300993124522,112.59904506963335,-47.42603513838813,43.27300993124523,36.11255858314681
0.7,15,high,11,156.39166666666668,113.24686569109936,43.14480097556729,47.34166666666666,35.34146028569404
0.7,15,low,4,64.00371848739495,118.40248921885916,-54.398770731464225,43.453718487394966,35.726813543183525
0.7,15,low,2,75.6089705882353,122.44903412353098,-46.84006353529567,50.70897058823529,42.097682772179674
0.7,15,high,16,160.01085784313725,104.09061207877004,55.92024576436725,61.31085784313725,33.88790937606726
0.7,15,high,14,180.30525326797388,105.04611121190065,75.2591420560732,68.10525326797386,32.43800310379258
0.7,15,high,15,174.31225490196078,107.04246099137741,67.26979391058335,58.662254901960786,32.66408261299901
0.7,15,low,8,64.60474816849816,113.09470782829916,-48.489959659800974,42.70474816849817,36.60822134181269
0.7,15,low,10,50.390064102564104,117.25533893579554,-66.86527483323147,31.490064102564105,37.21479839525507
0.7,15,high,10,178.27735294117645,98.9935607060607,79.28379223511573,65.32735294117647,32.66923638173638
0.7,15,high,12,161.18590686274507,113.0698979978391,48.11600886490591,52.1359068627451,35.16449259243378
0.7,15,low,5,58.35124819624819,118.93320509988466,-60.58195690363645,37.801248196248196,36.257529424209
0.7,15,low,3,78.02579365079364,118.84225250181132,-40.816458851017686,53.12579365079365,38.49090115045998
0.7,15,high,16,176.87418300653596,107.84108825765169,69.03309474888427,61.22418300653595,33.46270987927334
0.7,15,high,17,169.005,111.5440822895157,57.46091771048427,60.30499999999999,33.323361568795015
0.7,15,low,9,60.04903594771241,111.94446248196252,-51.89542653425006,38.14903594771241,35.45797599547599
0.7,15,high,15,186.82899509803923,105.06542847580008,81.76356662223924,74.62899509803921,32.45732036769187
0.7,15,high,11,179.7247794117647,101.17293484793483,78.55184456382985,66.7747794117647,34.84861052361053
0.7,15,low,11,66.07083333333334,117.32894523653042,-51.25811190319705,47.170833333333334,37.288404695989826
0.7,15,high,13,161.16446078431372,113.0024540425856,48.162006741728135,52.11446078431372,35.09704863718023
0.7,15,low,6,62.63730158730159,118.94228791225696,-56.30498632495534,42.08730158730159,36.26661223658129
0.7,15,high,18,176.465,118.90354328519966,57.56145671480037,57.765,31.6738135554699
0.7,15,high,16,183.0091865079365,105.27069832205284,77.73848818588372,70.80918650793652,32.662590213944696
0.7,15,low,4,70.46744397759105,118.42818516568516,-47.96074118809412,45.56744397759104,38.07683381433382
0.7,15,high,17,180.93,115.82373872873102,65.10626127126898,55.28000000000001,33.33725224224449
0.7,15,low,10,62.90142318465848,113.47618290470449,-50.574759720046046,41.00142318465848,36.98969641821811
0.7,15,high,12,178.04454850361196,99.80107986210926,78.24346864150269,65.09454850361197,33.47675553778496
0.7,15,high,14,157.29556722689074,112.26779109232666,45.02777613456408,48.245567226890756,34.3623856869213
0.7,15,low,12,59.100257936507944,115.9854110614173,-56.88515312490934,40.20025793650793,35.94487052087669
0.7,15,low,7,71.97777777777777,119.24449273102523,-47.266714953247444,51.42777777777777,36.56881705534957
0.7,15,high,19,189.465,128.51586245994145,60.94913754005856,60.76500000000001,32.72757417165312
0.7,15,high,17,184.85076923076923,113.25190392493025,71.598865305839,62.65076923076923,32.62577779880411
0.7,15,low,11,52.454528388278376,113.0405388794708,-60.58601049119241,30.554528388278392,36.55405239298429
0.7,15,high,18,189.65894736842102,123.76863639951875,65.89031096890227,54.00894736842106,32.8136814445638
0.7,15,low,5,77.78996794871794,116.90624559212019,-39.11627764340224,52.88996794871794,36.55489424076885
0.7,15,high,13,176.18875371360667,99.86226308412843,76.32649062947827,63.23875371360666,33.53793875980407
0.7,15,high,15,158.88541666666669,112.03419609154903,46.85122057511764,49.83541666666666,34.12879068614363
0.7,15,low,13,53.40538003663003,114.26640966281062,-60.86102962618059,34.50538003663003,34.22586912227005
0.7,15,low,8,53.14140522875816,116.92973811723812,-63.78833288847997,32.59140522875817,34.25406244156243
0.7,15,high,20,197.015,137.51474822132718,59.500251778672805,58.31500000000001,32.98772119430014
0.7,15,low,0,0,0,0,0,0
0.7,15,low,6,64.62583333333333,115.65853136294312,-51.03269802960985,39.725833333333334,35.30718001159176
0.7,15,high,18,196.3325,120.591870674301,75.74062932569903,64.13250000000001,31.497276079706417
0.7,15,high,14,175.34017156862745,98.95920360920356,76.38096795942384,62.390171568627466,32.63487928487929
0.7,15,low,12,53.09646403433169,112.90116679524567,-59.804702760914054,31.196464034331683,36.414680308759266
0.7,15,high,19,201.05333333333334,132.41933260214995,68.63400073118339,55.40333333333334,33.266179448996795
0.7,15,high,16,161.81325372254165,112.14303488645592,49.67021883608574,52.76325372254165,34.23762948105054
0.7,15,low,14,69.24538587229763,115.80964135635185,-46.564255484054215,50.34538587229764,35.769100815811356
0.7,15,low,9,63.07849206349207,117.56889661641983,-54.490404552927764,42.52849206349207,34.89322094074415
0.7,15,low,1,66.56620726495727,131.2417965857207,-64.67558932076348,50.066207264957264,49.93098577490991
0.7,15,low,7,73.81061274509804,115.65511754172748,-41.84450479662944,48.910612745098035,35.3037661903761
0.7,15,high,17,162.86228070175437,119.6493569998988,43.21292370185556,43.812280701754375,34.086293936835744
0.7,15,high,15,179.45444444444445,98.59833541145458,80.85610903298983,66.50444444444445,32.27401108713028
0.7,15,high,19,206.35,129.35804369554373,76.9919563044563,64.15,31.524710362210357
0.7,15,low,15,50.21728004022121,116.24108603814489,-66.02380599792366,31.317280040221213,36.20054549760432
0.7,15,high,20,213.81499999999997,141.15996064823463,72.65503935176534,58.165,32.90770839598239
0.7,15,low,13,53.25986928104576,112.9067022271357,-59.64683294608994,31.359869281045754,36.420215740649176
0.7,20,high,0,0,0,0,0,0
0.7,15,low,10,64.83467320261438,119.37735577708487,-54.542682574470476,44.28467320261438,36.70168010140921
0.7,15,low,2,71.55644841269842,124.33540431628666,-52.778955903588255,55.05644841269841,43.024593505475885
0.7,15,high,20,218.34666666666666,139.65693944579394,78.68972722087275,66.14666666666668,33.445227734082216
0.7,20,high,0,0,0,0,0,0
0.7,15,low,14,53.47921245421245,113.2625827689295,-59.7833703147171,31.579212454212456,36.77609628244303
0.7,20,high,1,157.90487331296157,118.29898958722492,39.60588372573666,55.15487331296155,49.7449355331708
0.7,15,high,16,179.82441176470587,98.84130199544285,80.98310976926301,66.87441176470588,32.51697767111853
0.7,15,high,18,174.95086134453783,128.8442286665971,46.10663267794072,45.900861344537816,34.63251695488538
0.7,15,low,8,63.471014957264956,116.32064451383337,-52.849629556568416,38.57101495726495,35.96929316248202
0.7,15,low,16,61.13723009446693,115.62385232985078,-54.48662223538386,42.23723009446694,35.58331178931026
0.7,15,low,11,59.274847374847376,118.49986485795311,-59.225017483105766,38.72484737484738,35.824189182277415
0.7,15,low,3,42.66638888888889,118.57880333983269,-75.91241445094384,26.16638888888889,37.267992529021946
0.7,20,high,1,164.05487012987012,125.0164557136694,39.03841441620075,52.90487012987013,50.61105030826392
0.7,15,low,15,60.74388888888889,111.56358490240065,-50.8196960135118,38.843888888888884,35.0770984159142
0.7,15,high,19,184.3633918128655,136.46858460755513,47.894807205310286,45.3133918128655,33.878494517465114
0.7,15,high,17,184.985,108.54016090204172,76.44483909795832,62.035000000000004,33.83745819933901
0.7,15,low,9,64.49873529978792,115.95083183581632,-51.45209653602842,39.598735299787926,35.599480484465
0.7,20,high,2,160.06305555555556,109.68436414899263,50.378691406562936,57.31305555555556,41.130310094938565
0.7,15,low,17,44.95045454545455,124.99987387522218,-80.04941932976766,18.050454545454546,36.851225226573526
0.7,15,low,12,63.38993395493395,119.04621351722744,-55.656279562293506,42.839933954933954,36.37053784155177
0.7,15,low,4,51.00916666666667,118.97086625182604,-67.96169958515935,34.509166666666665,37.66005544101518
0.7,20,high,2,166.1732051282051,117.53211923072605,48.641085897479044,55.02320512820512,43.126713825320635
0.7,15,high,20,196.51944444444445,146.1004825676265,50.41896187681792,47.46944444444445,34.501383468527436
0.7,20,high,0,0,0,0,0,0
0.7,15,low,16,51.019042682463734,111.93679133559164,-60.917748653127944,29.119042682463736,35.450304849105166
0.7,15,high,18,192.22505847953215,115.57755257755258,76.64750590197959,59.27505847953216,32.586561586561594
0.7,20,high,3,163.2204166666667,104.87032408150826,58.35009258515838,60.470416666666665,36.31627002745425
0.7,15,low,10,58.43597840755736,116.79954047883612,-58.36356207127878,33.53597840755735,36.44818912748479
0.7,15,low,18,50.616212121212115,135.27641680393228,-84.66020468272019,17.71621212121212,37.217858245373726
0.7,15,low,13,61.81166666666667,118.48457152280687,-56.67290485614021,41.26166666666667,35.80889584713113
0.7,20,high,1,158.07872493734334,119.4975867320295,38.58113820531385,51.12872493734335,49.68677592121866
0.7,15,low,5,64.52714285714286,117.55719776056463,-53.03005490342174,48.02714285714286,36.24638694975383
0.7,20,high,3,165.67069295900177,110.4976771751539,55.17301578384783,54.52069295900178,36.09227176974855
0.7,15,low,17,46.15095238095238,120.74708710087968,-74.59613471992725,16.250952380952384,35.972312326104884
0.7,20,high,4,164.15297385620914,104.78151507636802,59.37145877984115,61.40297385620916,36.22746102231396
0.7,15,high,19,203.97500000000002,125.13398772075242,78.84101227924761,61.025,32.95380754057224
0.7,15,low,19,54.02190476190477,143.00191622691628,-88.9800114650115,14.121904761904762,36.4748891998892
0.7,15,low,11,90.0594298245614,115.81800538116323,-25.758575556601883,65.1594298245614,35.466654029811934
0.7,15,low,14,54.71444444444445,119.49688153240787,-64.78243708796339,34.16444444444444,36.82120585673216
0.7,15,low,6,46.88442226890756,118.03866655999008,-71.15424429108253,30.38442226890756,36.72785574917928
0.7,20,high,2,173.4015815273478,108.93441626394412,64.46716526340366,66.45158152734778,39.1236054531333
0.7,20,high,4,165.6980289949988,110.49269941924739,55.20532957575138,54.54802899499881,36.087294013842005
0.7,15,low,20,62.499404761904756,152.98358453161092,-90.48417976970605,13.599404761904761,37.44754849557479
0.7,20,high,0,0,0,0,0,0
0.7,20,high,5,162.54230478156177,102.92730974863329,59.61499503292855,59.79230478156175,34.373255694579214
0.7,15,low,18,50.08827838827839,130.9395450994135,-80.85126671113517,14.188278388278388,37.065671225539646
0.7,15,high,20,212.29357142857143,132.0941243362296,80.19944709234187,59.34357142857142,31.895926138031403
0.7,20,high,0,0,0,0,0,0
0.7,15,low,12,58.4840811965812,117.04687415542675,-58.562792958845534,33.584081196581195,36.69552280407543
0.7,15,low,15,64.99179271708684,118.26162734030385,-53.26983462321701,44.44179271708684,35.58595166462812
0.7,20,high,3,172.53843954248367,103.87089746354454,68.66754207893916,65.58843954248366,34.06008665273372
0.7,15,low,7,48.75083333333334,119.12825731049412,-70.37742397716079,32.25083333333334,37.817446499683356
0.7,20,high,1,152.4580235042735,122.66749512341616,29.790528380857296,51.6580235042735,49.55938701530805
0.7,20,high,6,161.86822844724935,103.2734794688742,58.59474897837515,59.11822844724934,34.71942541482016
0.7,15,low,19,55.26277777777777,137.41857777446012,-82.15579999668238,12.36277777777778,34.98614534202769
0.7,20,high,5,170.51363777089787,108.24597496493783,62.267662805960114,59.36363777089783,33.84056955953241
0.7,15,low,13,63.690441176470586,116.16507564015296,-52.47463446368245,38.79044117647059,35.8137242888017
0.7,20,high,1,159.90023252890902,129.5915182320755,30.308714296833443,54.90023252890901,48.672599313156596
0.7,15,low,16,56.944673202614375,118.39428013178012,-61.449606929165746,36.39467320261438,35.71860445610447
0.7,20,high,4,174.22646929824563,103.64325305513383,70.58321624311178,67.2764692982456,33.83244224432307
0.7,20,high,2,161.2694117647059,113.90041641752173,47.368995347184196,60.46941176470589,40.79230830941358
0.7,20,high,6,167.81402390780875,110.67714509502433,57.13687881278442,56.66402390780875,36.27173968961893
0.7,15,low,20,67.0937134502924,149.72386921032432,-82.63015576003193,14.193713450292398,37.741887228342335
0.7,20,low,0,0,0,0,0,0
0.7,15,low,8,48.13666666666666,118.47391321327082,-70.33724654660412,31.636666666666667,37.16310240245998
0.7,15,low,14,75.4198611111111,115.55097667597664,-40.131115564865596,50.51986111111111,35.19962532462533
0.7,20,high,7,159.79736928104575,102.56759114944097,57.22977813160482,57.04736928104576,34.013537095386944
0.7,20,high,2,163.4804656862745,121.86689562177179,41.61357006450268,58.48046568627452,40.94797670285286
0.7,15,low,17,43.9075,128.24039033152812,-84.33289033152812,14.357499999999998,37.366516457654235
0.7,20,high,7,168.43032212885154,109.29996285762545,59.13035927122614,57.28032212885155,34.894557452219985
0.7,20,high,3,156.1464133986928,108.6819596319596,47.464453766733186,55.34641339869281,35.57385152385153
0.7,20,high,5,172.00290290677674,104.70198862257689,67.30091428419983,65.05290290677674,34.89117781176604
0.7,20,low,1,77.57004241372661,132.39705003172492,-54.82700761799836,59.870042413726615,49.35650949118442
0.7,15,low,9,55.790277777777774,119.59980446671618,-63.80952668893845,39.290277777777774,38.28899365590543
0.7,15,low,15,64.55058080808081,116.38827519462193,-51.83769438654113,39.650580808080804,36.03692384327059
0.7,20,high,8,157.53239551083593,102.86569239820011,54.66670311263577,54.78239551083591,34.31163834414608
0.7,20,high,3,159.44666666666666,117.39678922534964,42.04987744131704,54.44666666666667,36.47787030643066
0.7,15,low,18,50.33333333333333,136.76873855329737,-86.4354052199641,12.783333333333335,37.15612594068476
0.7,20,high,6,172.59859778121773,103.20903579819988,69.38956198301786,65.64859778121776,33.39822498738908
0.7,20,high,8,169.98314536340854,108.87645745145745,61.1066879119511,58.83314536340852,34.47105204605204
0.7,20,high,4,156.1468954248366,107.96249035072562,48.18440507411094,55.3468954248366,34.85438224261755
0.7,20,low,2,60.48905303030303,124.87376934931113,-64.38471631900813,42.78905303030303,41.83322880877061
0.7,15,low,10,53.67583333333333,117.80966858304322,-64.13383524970985,37.17583333333333,36.4988577722324
0.7,15,low,16,70.0202990430622,116.84605045266807,-46.82575140960586,45.1202990430622,36.49469910131676
0.7,20,high,4,172.63820261437908,115.44060087895227,57.1976017354268,67.63820261437908,34.52168196003335
0.7,20,high,9,162.18914473684214,102.95329843886344,59.235846297978654,59.4391447368421,34.3992443848094
0.7,15,low,19,54.2125,144.48911281674435,-90.27661281674435,11.6625,36.047671375302954
0.7,20,high,7,172.30721878224975,102.95247993812237,69.35473884412743,65.35721878224975,33.141669127311545
0.7,20,high,9,168.4105675954592,109.82864989134342,58.58191770411581,57.260567595459236,35.423244485937985
0.7,20,high,5,161.41486928104575,107.94734892935357,53.46752035169216,60.61486928104574,34.839240821245454
0.7,20,low,3,52.97345238095238,122.73248571460641,-69.759033333654,35.27345238095238,39.691945174065935
0.7,15,low,11,46.224862996480645,119.2631516109458,-73.0382886144651,29.724862996480642,37.952340800134905
0.7,20,high,5,167.3133823529412,115.02116114321998,52.29222120972122,62.313382352941176,34.10224222430106
0.7,20,high,10,162.5018137254902,103.14689573702732,59.35491798846286,59.751813725490194,34.592841682973265
0.7,15,low,17,53.79915329768271,124.73336017337569,-70.93420687569296,19.89915329768271,36.45408089409638
0.7,15,low,20,62.225,153.86786979991317,-91.64286979991311,11.675,36.417419349462705
0.7,20,low,0,0,0,0,0,0
0.7,20,high,6,161.90024509803922,107.62776030972623,54.27248478831292,61.10024509803922,34.519652201618165
0.7,20,high,10,169.7935294117647,108.48933341580401,61.30419599596068,58.6435294117647,34.08392801039861
0.7,20,high,8,173.65881161236425,103.99324637354822,69.66556523881606,66.70881161236424,34.182435562737425
0.7,20,low,4,55.81655844155845,119.67831506159685,-63.861756620038356,38.11655844155844,36.63777452105624
0.7,15,low,12,56.05126262626262,118.02860539791654,-61.977342771653944,39.55126262626263,36.717794587105736
0.7,20,high,6,163.04423976608186,115.55540592258859,47.48883384349324,58.044239766081866,34.636487003669664
0.7,20,high,11,162.6745394736842,103.34101622925151,59.3335232444327,59.92453947368422,34.786962175197466
0.7,15,low,18,51.813547008547005,134.57739528559964,-82.7638482770526,12.913547008547008,36.92874663695097
0.7,20,low,1,72.15931588019825,123.42232390978523,-51.263008029586985,57.30931588019824,49.219621207082504
0.7,20,high,11,168.2724591503268,108.64169642331403,59.630762727012666,57.122459150326804,34.23629101790867
0.7,20,high,7,160.46514705882353,108.3366910397096,52.12845601911391,59.66514705882353,35.22858293160152
0.7,20,high,9,174.9271568627451,103.57133509161373,71.35582177113137,67.97715686274509,33.76052428080291
0.7,20,low,5,54.577748917748906,119.73355161578846,-65.15580269803954,36.87774891774892,36.69301107524792
0.7,15,low,13,66.18059937611409,119.4562001046908,-53.275600728576734,49.68059937611408,38.145389293880015
0.7,20,high,12,161.68632352941177,102.61693091576994,59.06939261364184,58.936323529411766,34.06287686171587
0.7,20,high,7,174.57364207086343,114.38121393268459,60.1924281381789,69.57364207086343,33.46229501376558
0.7,15,low,19,58.2783660130719,144.39621602048072,-86.11785000740879,10.378366013071894,37.19801782228254
0.7,20,high,8,159.71477124183008,106.90639749954771,52.8083737422824,58.91477124183007,33.79828939143954
0.7,20,high,12,165.23204936360509,108.55992436213029,56.672125001474896,54.082049363605094,34.154518956724836
0.7,20,low,2,51.39741830065359,115.1367472646884,-63.739328964034875,36.54741830065359,40.93404456198575
0.7,20,high,10,170.76401960784315,103.17720774036563,67.58681186747752,63.814019607843136,33.366396929554845
0.7,20,low,6,56.0439393939394,120.720784603718,-64.67684520977863,38.34393939393939,37.680244063177504
0.7,15,low,14,40.2369070961718,117.7601658555606,-77.5232587593888,23.736907096171798,36.44935504474977
0.7,20,high,13,164.42362229102167,101.72400634966418,62.699615941357436,61.67362229102166,33.1699522956102
0.7,20,high,8,173.5390114379085,114.51724479479894,59.02176664310956,68.5390114379085,33.598325875880064
0.7,15,low,20,62.57277777777777,152.54743431512,-89.97465653734226,11.672777777777778,36.79067755836334
0.7,20,low,0,0,0,0,0,0
0.7,20,low,3,58.6625408496732,110.32793121136775,-51.665390361694584,43.812540849673205,36.12522850866504
0.7,20,high,9,161.02220588235292,107.24418862503224,53.778017257320684,60.22220588235293,34.13608051692419
0.7,20,high,11,173.53794633642931,102.35922633159474,71.17872000483453,66.58794633642933,32.54841552078394
0.7,20,high,13,168.56965557275544,108.7120418603391,59.857613712416324,57.41965557275542,34.30663645493367
0.7,20,high,14,158.69971405228756,101.63268183821593,57.06703221407163,55.9497140522876,33.07862778416183
0.7,20,high,9,168.90277777777777,114.74655450758395,54.15622327019385,63.902777777777786,33.82763558866499
0.7,20,low,7,60.10999999999999,120.32068924042612,-60.21068924042607,42.410000000000004,37.28014869988552
0.7,15,low,15,58.64858974358974,119.02199587830395,-60.3734061347142,42.148589743589746,37.711185067493105
0.7,20,low,1,71.28697302697302,121.45262317383062,-50.16565014685757,54.33697302697302,49.101271822479255
0.7,20,low,4,48.40887605042017,110.34043029855724,-61.93155424813707,33.55887605042017,36.13772759585453
0.7,20,high,12,172.37599673202615,102.14706742520212,70.22892930682404,65.42599673202615,32.33625661439128
0.7,20,high,14,170.72104952237305,107.7238619092334,62.997187613139644,59.57104952237304,33.31845650382801
0.7,20,high,10,157.40890350877194,107.36332393228679,50.04557957648517,56.60890350877194,34.25521582417868
0.7,20,low,8,63.779563492063495,120.87134786318221,-57.091784371118756,46.07956349206349,37.83080732264169
0.7,20,high,10,167.3255637254902,113.3166128942058,54.00895083128441,62.32556372549019,32.39769397528684
0.7,20,high,15,161.3501737233355,103.33453568732209,58.015638036013414,58.60017372333548,34.780481633268
0.7,15,low,16,48.42677687809267,118.67441950135446,-70.24764262326181,31.926776878092664,37.36360869054368
0.7,20,low,2,55.869204545454544,115.2126687962215,-59.34346425076695,38.91920454545455,42.86131744487006
0.7,20,high,15,167.97960784313725,107.5741377057166,60.40547013742059,56.829607843137254,33.168732300311255
0.7,20,low,5,46.76143196672608,110.69939797439795,-63.93796600767179,31.91143196672608,36.49669527169527
0.7,20,high,13,172.92504901960788,102.78382738924535,70.14122163036258,65.97504901960785,32.973016578434525
0.7,20,high,11,161.62319444444444,106.43696239431529,55.186232050129064,60.82319444444445,33.328854286207246
0.7,20,high,16,161.16696078431374,101.67729689045476,59.48966389385896,58.41696078431372,33.123242836400735
0.7,15,low,17,35.04449633699633,128.61537759552462,-93.57088125852832,12.544496336996339,38.92618840633547
0.7,20,low,9,53.00776960784314,119.59225105475106,-66.58448144690786,35.307769607843134,36.551710514210534
0.7,20,high,11,161.3461111111111,112.85650116060336,48.489609950507784,56.346111111111114,31.937582241684403
0.7,20,low,3,52.41701127819549,111.85207440021686,-59.43506312202133,35.467011278195486,39.50072304886544
0.7,20,high,16,166.43195378151262,107.24938599985039,59.182567781662186,55.281953781512605,32.84398059444499
0.7,20,low,6,47.06071428571428,109.91640252890255,-62.8556882431883,32.21071428571428,35.71369982619982
0.7,20,high,14,174.58875,102.28726743064976,72.30148256935021,67.63874999999999,32.47645661983898
0.7,20,high,12,162.46088086749853,107.55647214199844,54.904408725500076,61.66088086749852,34.44836403389034
0.7,15,low,18,39.17597069597069,136.29503866156344,-97.11906796559278,9.675970695970696,37.50675037327514
0.7,20,high,17,161.79490884072928,102.26249979504624,59.532409045682996,59.04490884072926,33.70844574099218
0.7,20,high,12,173.80982843137255,113.10417674597242,60.70565168540013,68.80982843137255,32.18525782705349
0.7,20,low,10,42.856359351432886,120.12000262809086,-77.26364327665794,25.15635935143288,37.07946208755032
0.7,20,low,4,51.434444444444445,111.04188254056676,-59.607438096122316,34.48444444444444,38.690531189215385
0.7,20,high,13,162.73680555555558,107.06583875333877,55.67096680221678,61.936805555555566,33.95773064523063
0.7,20,high,17,165.70383089133088,108.83094223651496,56.872888654815895,54.55383089133089,34.42553683110959
0.7,20,low,7,41.5719298245614,110.15323278190928,-68.58130295734784,26.721929824561403,35.95053007920654
0.7,15,low,19,42.63835164835165,144.25824308691958,-101.61989143856792,10.138351648351648,36.64112596980244
0.7,20,high,15,172.76496001031992,103.02192016023285,69.74303985008709,65.81496001031991,33.21110934942204
0.7,20,high,18,162.13526186790506,102.45480468560963,59.68045718229547,59.38526186790506,33.90075063155558
0.7,20,high,13,167.07753353973172,113.57307398971487,53.504459550016875,62.077533539731675,32.65415507079594
0.7,20,low,11,62.594064327485384,119.29177396700614,-56.69770963952075,44.89406432748538,36.25123342646563
0.7,20,low,5,33.350865800865805,110.20619005177825,-76.85532425091247,16.4008658008658,37.854838700426946
0.7,20,high,14,160.25155228758172,107.98656792077847,52.26498436680329,59.45155228758169,34.87845981267034
0.7,15,low,20,51.784693639693636,153.02726628024618,-101.24257264055251,9.28469363969364,37.03177078475068
0.7,20,low,0,0,0,0,0,0
0.7,20,high,18,166.14239962651726,108.32459240826111,57.817807218256135,54.99239962651727,33.91918700285574
0.7,20,low,8,63.064460784313724,108.88967815879576,-45.82521737448204,48.21446078431373,34.68697545609311
0.7,20,high,16,172.64355392156864,102.26932146142676,70.37423246014191,65.69355392156862,32.45851065061591
0.7,20,high,19,160.96073529411765,102.31189919351684,58.64883610060086,58.21073529411765,33.75784513946279
0.7,20,high,14,166.40500000000003,113.47789126357237,52.92710873642763,61.404999999999994,32.558972344653455
0.7,20,low,12,63.07946401637578,119.91888772713075,-56.839423710755,45.379464016375785,36.87834718659022
0.7,20,high,15,162.5540879772962,106.31761241540657,56.23647556188968,61.75408797729618,33.209504307298424
0.7,20,low,6,64.4875,110.93620014796484,-46.44870014796487,47.5375,38.58484879661351
0.7,20,low,1,69.9742183985605,127.97052494138413,-57.9963065428236,55.27421839856051,50.13268710354623
0.7,20,high,17,173.2593954248366,102.62579836329839,70.63359706153821,66.3093954248366,32.814987552487544
0.7,20,low,9,50.65742063492063,109.19814440244004,-58.54072376751942,35.80742063492063,34.99544169973737
0.7,20,high,19,165.99383556931545,108.28892127676954,57.70491429254582,54.84383556931546,33.88351587136417
0.7,20,high,15,168.6106932773109,113.56244247494247,55.04825080236844,63.61069327731093,32.64352355602355
0.7,20,high,20,165.13927287581697,103.41707969575616,61.7221931800608,62.389272875816985,34.86302564170211
0.7,20,low,0,0,0,0,0,0
0.7,20,low,13,68.88262987012986,120.2180281098625,-51.3353982397326,51.18262987012987,37.17748756932193
0.7,20,low,2,79.29992063492064,121.56174587200128,-42.26182523708066,64.59992063492064,43.72390803416346
0.7,20,high,16,165.76881535947714,106.95246355524995,58.81635180422724,64.96881535947713,33.84435544714182
0.7,20,low,10,59.46479437229438,109.78632456132456,-50.32153018903017,44.61479437229438,35.58362185862187
0.7,20,high,18,173.26174019607842,102.33585213341406,70.92588806266434,66.31174019607843,32.52504132260324
0.7,20,low,1,73.01520562770563,131.86361150652945,-58.84840587882388,53.51520562770563,51.02577366869161
0.7,20,high,20,169.01676470588237,107.64746481046791,61.36929989541444,57.86676470588236,33.2420594050625
0.9,0,high,0,0,0,0,0,0
0.7,20,low,7,65.72029914529915,110.48321173189592,-44.76291258659677,48.77029914529914,38.131860380544595
0.7,20,high,16,160.24524159663866,113.86445518577871,46.380786410859955,55.24524159663865,32.9455362668598
0.7,20,low,14,57.811157796451916,120.16784511053086,-62.35668731407896,40.11115779645191,37.127304569990315
0.7,20,high,17,162.02254127966975,107.70318906568907,54.319352213980665,61.222541279669755,34.595080957580954
0.7,20,low,3,54.96980894922071,115.0856007797184,-60.11579183049775,40.26980894922072,37.24776294188059
0.7,20,low,2,83.82257936507936,124.80717435357529,-40.98459498849597,64.32257936507936,43.96933651573746
0.7,20,low,11,48.11968434343434,109.9683252106627,-61.84864086722834,33.26968434343435,35.76562250795997
0.7,20,high,19,170.9584068627451,101.10682507919347,69.85158178355164,64.00840686274509,31.296014268382695
0.9,0,high,1,169.09923076923076,119.77952304159736,49.3197077276334,57.34923076923077,48.8470906091649
0.7,20,low,8,50.72863553113553,109.53875009660611,-58.81011456547059,33.77863553113553,37.187398745254775
0.7,20,high,17,167.34811497326206,114.35326982954693,52.99484514371515,62.34811497326204,33.434350910628
0.7,20,low,15,72.98130952380953,120.29083615445842,-47.30952663064883,55.281309523809526,37.250295613917906
0.7,20,low,4,56.36291666666667,115.678664414926,-59.31574774825935,41.662916666666675,37.84082657708819
0.7,20,high,18,158.79244281045752,107.02157067408615,51.770872136371366,57.99244281045751,33.91346256597806
0.7,20,low,3,59.4453663003663,119.57875442465232,-60.133388124286,39.945366300366295,38.74091658681439
0.7,20,high,20,172.20392156862746,102.08716680624573,70.11675476238173,65.25392156862745,32.27635599543494
0.7,20,low,12,60.95127450980392,108.97707122707125,-48.02579671726734,46.10127450980392,34.77436852436852
0.9,0,high,0,0,0,0,0,0
0.7,20,low,9,60.61555652680653,110.39059734427379,-49.775040817467286,43.665556526806526,38.03924599292246
0.9,0,high,2,180.34,119.5264346445848,60.813565355415236,58.589999999999996,40.575984194134335
0.7,20,high,18,166.61422858617132,114.5539678032325,52.060260782938826,61.61422858617131,33.6350488843136
0.7,20,low,16,52.31140522875817,120.4540076620959,-68.14260243333771,34.61140522875817,37.41346712155535
0.7,20,low,5,75.84349206349206,113.97386146306425,-38.130369399572146,61.143492063492054,36.13602362522642
0.7,20,high,19,165.02926341589267,105.63773321799636,59.39153019789627,64.22926341589267,32.529625109888265
0.7,20,low,13,60.14106060606061,109.4517295465825,-49.310668940521886,45.291060606060604,35.24902684387978
0.9,0,high,1,158.43344337679864,130.31575844621509,28.11768493058358,54.18344337679864,50.38332601378264
0.7,20,high,19,160.99041666666668,113.99141184311466,46.99900482355204,55.99041666666667,33.07249292419571
0.7,20,low,10,58.38430023923445,109.53989534817707,-51.15559510894269,41.434300239234446,37.188543996825715
0.7,20,low,4,61.95061274509804,118.59970588720591,-56.649093142107844,42.45061274509804,37.76186804936805
0.9,0,high,3,190.17974789915965,124.57320830850243,65.60653959065725,58.429747899159665,36.16329839859253
0.7,20,low,17,64.77886002886002,120.50072530219593,-55.721865273335865,47.07886002886003,37.46018476165534
0.7,20,low,6,57.606597632673484,113.15042715704483,-55.54382952437136,42.90659763267349,35.312589319206964
0.7,20,high,20,162.7294117647059,105.5212229481579,57.208188816548,61.92941176470589,32.413114840049836
0.9,0,high,0,0,0,0,0,0
0.7,20,low,14,41.83713585434174,110.2212187869309,-68.3840829325891,26.987135854341737,36.01851608422817
0.9,0,high,2,165.9122222222222,129.20119603803818,36.71102618418411,51.662222222222226,41.07056540740751
0.7,20,high,20,162.9180065359477,114.07492508742509,48.84308144852265,57.91800653594771,33.15600616850617
0.9,0,high,0,0,0,0,0,0
0.7,20,low,5,65.63222222222223,118.70772289955727,-53.075500677335,46.132222222222225,37.86988506171943
0.9,0,high,4,201.27749999999997,132.4994208758915,68.7780791241085,59.52749999999999,34.90032177679237
0.7,20,low,11,70.40039872408293,109.30464219450288,-38.90424347041993,53.45039872408294,36.95329084315153
0.7,20,low,18,55.24748931623931,119.54173173844228,-64.29424242220298,37.54748931623932,36.50119119790172
0.7,20,low,7,60.02672268907562,115.01764644264645,-54.99092375357085,45.32672268907562,37.179808604808606
0.9,0,high,1,177.87105975723622,126.96666025992647,50.904399497309726,56.37105975723623,49.58828188154814
0.7,20,low,15,48.117105263157896,111.15005529634013,-63.03295003318222,33.267105263157895,36.94735259363742
0.9,0,high,5,207.98222222222222,140.797900793489,67.18432142873317,56.23222222222222,34.73033322592147
0.9,0,high,1,160.32433799430703,122.93923566493227,37.38510232937479,52.02433799430704,49.331127556824164
0.9,0,high,3,177.8585119047619,133.75263387326083,44.105878031501135,53.6085119047619,36.97335459398153
0.7,20,low,6,53.4375,117.0631438559457,-63.62564385594571,33.9375,36.225306018107865
0.7,20,low,19,74.91277777777779,119.47582009249967,-44.56304231472184,57.212777777777774,36.435279551959106
0.7,20,low,12,39.18881977671451,108.6221023831318,-69.43328260641736,22.23881977671451,36.27075103178044
0.7,20,low,8,57.872058823529414,115.18665483959602,-57.31459601606663,43.17205882352941,37.34881700175818
0.9,0,high,2,190.14000000000004,127.80863394930738,62.33136605069271,58.64,42.86268800336139
0.7,20,low,16,56.140714285714296,109.91310946024568,-53.77239517453137,41.290714285714294,35.710406757542984
0.9,0,high,4,189.59222222222223,142.14869910907066,47.4435231131516,55.34222222222222,36.360410820782334
0.9,0,high,2,166.365,123.87073140455493,42.494268595445135,48.065,42.334695368518894
0.9,0,high,6,220.58750000000003,149.83579811861543,70.75170188138458,58.83749999999999,34.75922154203889
0.7,20,low,20,54.42541666666666,117.64771004360786,-63.222293376941195,36.72541666666666,34.60716950306734
0.9,0,high,0,0,0,0,0,0
0.7,20,low,7,63.28794871794871,117.76026930585752,-54.472320587908825,43.787948717948716,36.92243146801971
0.7,20,low,13,78.99452380952381,110.1081291570068,-31.11360534748306,62.044523809523824,37.75677780565553
0.7,20,low,9,49.99189393939394,115.905837906341,-65.91394396694707,35.291893939393944,38.06800006850315
0.9,0,high,3,200.48777777777778,131.5681720497897,68.91960572798808,58.98777777777777,36.53213601375366
0.7,20,low,17,51.54710656990069,110.70317159581862,-59.15606502591794,36.69710656990068,36.50046889311595
0.9,0,high,3,173.64155870445342,130.4238888604214,43.217669844031974,45.34155870445344,39.51848345501596
0.9,0,high,7,229.925,157.77228316345966,72.15271683654035,58.175,34.31732820850468
0.7,20,low,8,56.66484126984126,117.06182268306881,-60.39698141322752,37.16484126984127,36.223984845230966
0.9,0,high,5,197.58444444444442,149.9885114863056,47.59593295813886,53.33444444444444,35.19121418900829
0.9,0,high,1,175.62127323656733,130.85300419700576,44.768269039561574,59.82127323656734,49.06922041322196
0.7,20,low,14,46.08245098039216,109.85312283787518,-63.77067185748299,29.132450980392157,37.50177148652381
0.7,20,low,10,59.47307692307692,114.11014724083607,-54.637070317759154,44.773076923076914,36.272309402998275
0.9,0,high,4,213.76,140.35861133113454,73.40138866886548,62.260000000000005,36.673926646449864
0.9,0,high,8,241.39500000000004,166.70018623768618,74.69481376231377,59.645,34.416402453902464
0.7,20,low,9,53.13262626262626,116.3339384721738,-63.201312209547496,33.63262626262626,35.496100634335924
0.7,20,low,18,39.720147058823535,110.86499619196984,-71.14484913314635,24.87014705882353,36.662293489267185
0.9,0,high,4,180.57194014447887,138.21203492225158,42.35990522222727,42.271940144478855,38.29762050783722
0.9,0,high,6,207.84595238095238,158.78934138678724,49.05661099416511,53.59595238095238,35.25330535075116
0.9,0,high,2,183.36166666666665,131.64733882907254,51.714327837594084,57.56166666666668,41.7554469371807
0.7,20,low,15,59.99230769230769,110.05171842671844,-50.05941073441073,43.04230769230769,37.70036707536706
0.7,20,low,11,71.21649321266968,115.16332994885619,-43.946836736186526,56.51649321266969,37.32549211101844
0.9,0,high,5,225.475,146.71392779775135,78.76107220224867,63.975,34.380594464417996
0.9,0,high,5,186.60861111111112,146.77543868321732,39.8331724278938,38.30861111111112,38.48264589042452
0.9,0,high,9,250.66500000000002,175.51842464922964,75.1465753507704,58.915000000000006,34.40581203661699
0.7,20,low,10,58.475,118.19650151987618,-59.72150151987618,38.975,37.358663682038284
0.7,20,low,19,48.69709150326797,109.30209077267898,-60.60499926941101,33.847091503267976,35.09938806997631
0.9,0,high,7,216.96125,166.64328308260193,50.317966917398024,52.71124999999999,35.08922902854792
0.9,0,high,3,191.18529411764706,136.87512725585484,54.310166861792254,55.385294117647064,37.703956084683625
0.7,20,low,16,52.58888973771326,107.94904154819018,-55.36015181047691,35.638889737713264,35.59769019683879
0.7,20,low,12,49.74542483660131,114.14469356675241,-64.39926873015105,35.04542483660131,36.30685572891455
0.9,0,high,6,234.66,156.60716349663724,78.05283650336284,63.15999999999999,35.35491124438491
0.7,20,low,20,49.49046218487395,110.59912357675516,-61.108661391881256,34.640462184873954,36.39642087405245
0.7,20,low,11,61.46960784313726,117.73629659713251,-56.26668875399525,41.969607843137254,36.89845875929465
0.9,0,low,0,0,0,0,0,0
0.9,0,high,8,226.67834224598928,175.00321820074146,51.6751240452478,52.4283422459893,35.701416398939614
0.9,0,high,6,194.5387896825397,156.16446289913785,38.374326783401955,36.23878968253969,38.59239082706575
0.9,0,high,10,262.23857142857145,183.4289707341565,78.809600694415,60.48857142857143,34.47852028370604
0.9,0,high,4,197.34916666666663,145.1926794397383,52.156487226928334,51.549166666666665,37.19267943973825
0.7,20,low,17,58.92279411764706,108.37224474066578,-49.44945062301872,41.97279411764706,36.02089338931445
0.9,0,high,7,245.15833333333336,163.94322296516566,81.2151103681677,63.658333333333324,34.943222965165695
0.7,20,low,13,74.57000000000001,114.28196935182228,-39.711969351822276,59.870000000000005,36.44413151398446
0.7,20,low,12,65.11692386045327,115.99630452792213,-50.87938066746884,45.61692386045328,35.15846669008433
0.9,0,high,7,209.725,162.75663346979132,46.96836653020864,41.425,36.35573256889046
0.9,0,high,11,271.7536363636364,190.80746994020984,80.94616642342649,60.003636363636346,33.658821291561246
0.9,0,high,9,236.25124999999997,184.03922357231184,52.21202642768816,52.001250000000006,36.359043392131625
0.9,0,low,1,72.24496280680104,134.2180343458595,-61.97307153905841,53.04496280680104,49.6234397512648
0.7,20,low,18,61.41274000509295,108.3744935994162,-46.961753594323234,44.462740005092954,36.02314224806485
0.9,0,high,5,205.34863636363633,153.77453116570763,51.57410519792873,49.54863636363636,36.9457023368788
0.7,20,low,14,52.14476307189543,112.96933711105535,-60.82457403915998,37.44476307189542,35.13149927321755
0.9,0,high,8,250.69500000000002,172.17177648528272,78.52322351471733,59.19500000000001,34.61321792672412
0.9,0,high,8,217.59875000000002,171.85106983856988,45.747680161430196,39.29875,36.531250018750015
0.7,20,low,13,51.700024509803924,115.66198065625308,-63.96195614644918,32.200024509803924,34.82414281841528
0.9,0,low,2,52.21825466200467,137.54250522392937,-85.32425056192467,27.018254662004665,44.4794421608663
0.9,0,high,12,277.775,201.05821448035073,76.71678551964925,56.02499999999999,34.08974601188224
0.9,0,high,10,246.35,191.14484670367028,55.20515329632971,52.1,35.53673859556213
0.7,20,low,19,52.27018048128343,107.8451075497128,-55.57492706842933,35.32018048128342,35.49375619836147
0.9,0,high,6,213.79166666666666,162.60918191320673,51.1824847534599,47.991666666666674,36.77134407536884
0.7,20,low,15,39.89925213675214,115.22937197128378,-75.33011983453159,25.199252136752136,37.391534133445894
0.9,0,high,9,261.1023529411765,182.05846894523356,79.04388399594279,59.60235294117647,34.13955002631473
0.7,20,low,14,70.6575,117.13478939655411,-46.4772893965541,51.1575,36.296951558716266
0.9,0,high,9,226.59061403508773,180.2607683739262,46.32984566116144,38.29061403508772,36.92293053608843
0.9,0,high,11,257.46685606060606,199.98097832292885,57.485877737677356,53.21685606060605,35.363861205811666
0.9,0,low,3,47.916666666666664,143.53838767050843,-95.62172100384174,13.716666666666665,40.8356849678057
0.9,0,high,13,289.1094736842105,209.13626206273267,79.97321162147793,57.35947368421053,33.60923503570563
0.7,20,low,20,51.464058686411626,108.25278471462686,-56.788726028215216,34.51405868641163,35.90143336327546
0.9,0,low,0,0,0,0,0,0
0.9,0,high,7,223.1130555555556,170.39306115258125,52.71999440297432,47.31305555555555,36.53720529672542
0.7,20,low,16,48.16456766917294,115.06258742257192,-66.89801975339901,33.464567669172936,37.224749584734106
0.9,0,high,10,273.275,193.52753085384663,79.74746914615332,61.775,35.33834166465745
0.7,20,low,15,54.65583333333334,117.8683529662245,-63.212519632891166,35.155833333333334,37.03051512838663
0.9,0,high,10,236.1970851370851,187.24737205987205,48.949713077213175,38.89708513708514,35.350975663475666
0.9,0,low,4,59.07952380952381,150.9526880500178,-91.87316424049402,14.879523809523809,38.88061597794571
0.9,0,high,12,266.61,209.69957396029378,56.91042603970618,52.36,33.91128567200548
0.9,0,high,14,299.3764285714286,217.7460799056773,81.63034866575117,57.626428571428576,34.47130513090266
0.9,0,high,8,238.19222222222226,178.73768528327344,59.45453693894876,52.39222222222223,35.242189787778
0.9,0,low,1,78.24107968828557,132.50190877110376,-54.26082908281819,54.69107968828557,48.393800662995716
0.7,20,low,17,50.528076923076924,113.9563460563461,-63.428269133269154,35.82807692307692,36.118508218508204
0.9,0,high,11,282.705,201.73706646798746,80.96793353201244,61.205,34.71904844996951
0.9,0,low,5,58.96666666666666,159.3039783772755,-100.33731171060896,5.766666666666666,37.231906305203516
0.7,20,low,16,64.70069444444445,116.65564137259179,-51.95494692814731,45.20069444444444,35.817803534754006
0.9,0,high,11,247.93386554621847,196.07878612673497,51.855079419483474,39.63386554621848,35.08329063123956
0.9,0,high,15,311.63903508771926,225.3598667275525,86.2791683601668,59.8890350877193,34.33734420502997
0.9,0,high,13,272.03791666666666,219.89355718891315,52.144359477753426,47.787916666666675,34.55571935107539
0.9,0,high,9,246.6892307692308,187.39580724727782,59.29342352195289,50.88923076923078,35.9723838238544
0.7,20,low,18,63.398888888888884,114.8964866555811,-51.497597766692174,48.69888888888889,37.05864881774323
0.9,0,low,2,64.0515170940171,136.66324044876677,-72.61172335474973,35.501517094017096,44.53711432264063
0.9,0,high,12,293.9,210.7170239861416,83.18297601385828,62.4,34.68999695911459
0.9,0,low,6,71.66022727272727,169.70230945230946,-98.0420821795822,8.460227272727273,38.53113828113827
0.9,0,high,12,254.67999999999998,206.33945811051066,48.3405418894892,37.379999999999995,34.9836022546549
0.7,20,low,17,50.52020758910852,116.95550376142481,-66.43529617231631,31.02020758910852,36.11766592358699
0.9,0,high,14,284.89138888888886,230.12787492439185,54.76351396449695,50.64138888888889,35.60084789736492
0.9,0,high,16,320.95285714285717,235.47004635967497,85.48281078318223,59.20285714285715,33.54662293625142
0.9,0,low,3,53.337435897435896,141.98259242787108,-88.64515653043516,17.7874358974359,39.856466301744945
0.7,20,low,19,64.60166666666666,114.35325398928342,-49.75158732261676,49.90166666666667,36.51541615144556
0.9,0,high,13,302.1877777777778,218.90493513276013,83.28284264501767,60.687777777777775,34.5896198174449
0.9,0,high,10,257.1166666666667,195.86958755488158,61.2470791117851,51.31666666666668,35.527245212539334
0.9,0,high,13,266.4247368421053,216.44714684517325,49.97758999693207,40.124736842105264,36.803002701029
0.9,0,low,7,75.825,177.06166296065675,-101.23666296065677,7.625,36.97157287056669
0.7,20,low,18,63.37777777777778,116.54048438456331,-53.16270660678555,43.87777777777778,35.70264654672549
0.9,0,high,15,295.6,238.04234324892226,57.5576567510777,51.35,35.31711802369697
0.9,0,high,17,331.89166666666665,244.98993337317643,86.90173329349017,60.14166666666667,35.589032472275505
0.7,20,low,20,64.20748949579831,114.40148905148905,-50.19399955569074,49.50748949579832,36.563651213651205
0.9,0,low,0,0,0,0,0,0
0.9,0,low,4,58.59243589743589,150.53565554529175,-91.94321964785586,17.042435897435897,39.310430320066544
0.9,0,high,14,311.28999999999996,226.81004823922777,84.47995176077225,59.79,34.2064446356242
0.9,0,high,11,267.53359649122814,203.7308342207723,63.802762270455844,51.73359649122807,35.280383770321876
0.9,0,high,14,274.1589119433198,223.75085655689367,50.4080553864261,38.858911943319846,36.17878448482163
0.9,0,low,8,83.31309523809524,186.55747719277127,-103.24438195467611,8.113095238095237,37.09801773331186
0.9,0,high,16,302.71571895424836,249.08167383155774,53.63404512269071,48.465718954248366,35.72581797570188
0.7,20,low,19,71.40992063492064,116.30059868295164,-44.890678048031006,51.90992063492064,35.46276084511378
0.9,0,high,18,342.3219230769231,250.65405007854696,91.6678729983762,60.57192307692308,33.054950979447874
0.9,0,low,5,65.11417832167832,160.3295039626697,-95.21532564099134,17.56417832167832,40.27544990861553
0.9,0,low,1,79.5596568627451,128.7878404552166,-49.22818359247148,53.4596568627451,47.8554080227842
0.9,0,high,15,324.275,236.01321800559415,88.26178199440582,62.775,34.400605392981554
0.9,0,high,12,277.40999999999997,212.73461729390522,64.6753827060949,51.61,35.725608284896204
0.9,0,high,15,284.35771241830065,232.63869871884575,51.71901369945499,36.057712418300646,36.868428448575514
0.7,20,low,20,56.50522886427298,116.27079168549758,-59.76556282122466,37.00522886427298,35.43295384765974
0.9,0,low,0,0,0,0,0,0
0.9,0,low,9,88.86666666666666,196.78062904312904,-107.91396237646232,8.666666666666666,38.58243084493085
0.9,0,high,17,314.2038888888889,256.7408256419093,57.46306324697974,49.95388888888889,34.28587068695427
0.9,0,high,19,350.83500000000004,260.6921416839372,90.1428583160627,59.084999999999994,34.714664206459865
0.9,0,low,2,66.75604575163399,135.14443662760226,-68.38839087596827,36.65604575163398,46.193986177151814
0.9,0,high,16,333.45884615384614,244.74778323013618,88.71106292370993,61.95884615384615,33.31535079770374
0.9,0,high,13,289.1,222.28332969350768,66.81667030649245,53.3,36.08513149530951
0.9,0,low,6,67.74410256410256,166.93800394903343,-99.19390138493092,17.194102564102565,37.69476070579012
0.9,0,high,16,293.0645510835913,241.95042925983327,51.114121823757955,35.76455108359132,35.63961844902247
0.9,0,low,1,75.84988445378151,121.47147933904898,-45.621594885267484,53.79988445378151,49.593100960670625
0.9,0,low,10,92.92,204.1088090068353,-111.18880900683531,7.719999999999999,37.26196215998847
0.9,0,high,18,327.52,265.40107165091695,62.118928349083205,53.269999999999996,34.92809867794387
0.9,0,high,20,363.1,266.941584738334,96.15841526166594,61.35,32.94608924283847
0.9,0,low,0,0,0,0,0,0
0.9,0,high,17,340.69657894736844,254.62412057775833,86.0724583696101,59.1965789473684,34.362859316497094
0.9,0,low,3,58.633333333333326,139.31456118201473,-80.68122784868135,18.53333333333333,41.08483145228501
0.9,0,low,7,73.6774358974359,175.68089347501117,-102.00345757757522,18.127435897435895,37.42864122275886
0.9,0,high,14,297.03611111111115,232.04035457050162,64.99575654060968,51.23611111111111,36.56287709302417
0.9,0,high,17,302.3106862745098,251.51985203088148,50.79083424362838,36.0106862745098,35.659491670521085
0.9,0,low,2,55.07053921568628,123.23857715622427,-68.16803794053793,26.020539215686277,42.80164021928727
0.9,0,low,11,96.81666666666666,214.0057281155965,-117.18906144892992,7.616666666666667,38.42014253001094
0.9,0,high,19,331.9455555555556,274.6338032213032,57.31175233425233,47.69555555555556,35.60227168977169
0.9,0,low,1,74.56789724164726,123.46809291325545,-48.90019567160819,50.26789724164725,49.441065886228415
0.9,0,high,18,357.72,264.70536479286477,93.01463520713526,66.22,35.525184612684605
0.9,0,low,4,64.37583333333333,147.68966913177437,-83.31383579844109,15.275833333333333,39.09957904168431
0.9,0,low,8,79.69220862470863,185.64764132117077,-105.95543269646217,17.142208624708623,38.56656024008964
0.9,0,high,15,309.09877192982464,241.5097068898539,67.5890650399707,53.298771929824554,36.93313031327738
0.9,0,low,3,52.11964285714286,128.9516090075301,-76.83196615038725,17.06964285714286,38.24440180032284
0.9,0,low,12,104.40833333333333,223.6015806878811,-119.19324735454771,7.208333333333331,36.75473384103416
0.9,0,high,18,310.88117647058823,260.8749496826122,50.00622678797595,35.58117647058825,35.645219952882485
0.9,0,high,19,361.04,273.01726950256364,88.0227304974365,59.540000000000006,34.28753977283389
0.9,0,low,2,60.289734848484855,124.42170523138016,-64.13197038289532,29.98973484848485,41.6559394656144
0.9,0,high,20,346.9727935222672,285.3105271665256,61.662266355741565,52.72279352226722,35.197914553913
0.9,5,high,0,0,0,0,0,0
0.9,0,low,5,66.12666666666668,155.20353496897621,-89.07686830230953,14.026666666666666,37.51434577978696
0.9,0,low,9,87.97576923076923,194.85925191513434,-106.8834826843651,16.42576923076923,38.22862128450364
0.9,0,high,16,318.98868686868684,247.59664763929476,71.39203922939214,53.18868686868687,35.18223322488027
0.9,0,high,19,328.67500000000007,269.53145041895027,59.143549581049626,40.375,35.56298195048194
0.9,0,low,4,56.291309523809524,135.8739137804927,-79.5826042566832,14.241309523809525,35.88742729400625
0.9,0,low,13,129.55,232.13877731965968,-102.58877731965964,7.349999999999997,35.92256110344347
0.9,0,low,3,52.99154761904763,131.4563704828411,-78.46482286379347,11.69154761904762,38.87078489725548
0.9,0,high,20,374.30500000000006,282.1554399670112,92.1495600329888,62.80499999999999,34.686971498542704
0.9,5,high,0,0,0,0,0,0
0.9,5,high,1,158.2526050420168,124.25167591502729,34.00092912698949,54.452605042016806,50.27870294205434
0.9,0,low,6,72.01249999999999,164.53035642130072,-92.51785642130079,14.9125,37.381707772652035
0.9,0,low,10,94.34910256410257,203.68349700284685,-109.33439443874423,17.799102564102565,38.58439790374775
0.9,0,high,20,338.3895798319328,276.75048458399857,61.63909524793422,40.08957983193278,35.1243584578724
0.9,5,high,0,0,0,0,0,0
0.9,0,high,17,327.255,256.6888959278665,70.56610407213356,51.455,36.34655358552418
0.9,0,low,5,68.71477272727273,145.92307224807223,-77.20829952079953,13.664772727272728,37.3780272030272
0.9,0,low,14,135.025,243.31872236818054,-108.29372236818054,7.8249999999999975,38.183587233045444
0.9,5,high,1,161.8079126265891,120.50095517583905,41.306957450750076,54.1079126265891,50.703657878541776
0.9,0,low,4,60.98710317460317,140.34131733872448,-79.35421416412129,14.687103174603177,38.20618220358932
0.9,5,high,2,165.69619047619045,112.94000480865803,52.75618566753249,61.896190476190476,38.96703183568509
0.9,0,low,7,76.2625,174.32896959607487,-98.06646959607487,12.1625,37.90104166814693
0.9,0,low,6,73.15178571428571,155.11907239956773,-81.96728668528202,13.101785714285715,37.92537870587405
0.9,0,low,11,95.27819347319347,210.7888602992704,-115.51066682607696,16.728193473193475,37.221292731702945
0.9,5,high,1,167.72781385281385,123.43163859104261,44.29617526177121,56.57781385281385,49.68839534779937
0.9,0,high,18,337.6638888888889,265.0934729530705,72.57041593581835,51.863888888888894,35.65203151162902
0.9,0,low,15,148.88,250.4993971435148,-101.61939714351487,6.6800000000000015,36.35525299937064
0.9,0,low,5,63.8359126984127,147.88852596526746,-84.05261326685485,10.535912698412698,36.92456200130349
0.9,5,high,2,180.15249999999997,110.03114552534056,70.12135447465941,72.45249999999999,40.23384822804327
0.9,5,high,3,160.0654656862745,109.00916003102533,51.056305655249176,56.2654656862745,35.03618705805239
0.9,0,low,8,77.63428571428571,182.98480111076853,-105.35051539648288,11.534285714285714,37.818134444101936
0.9,0,low,12,102.80076923076922,221.66076846076842,-118.8599992299992,15.250769230769231,37.46257026257026
0.9,0,high,19,344.8115151515152,274.43352344195995,70.37799170955532,49.011515151515155,34.811901820338335
0.9,0,low,7,84.25833333333333,163.10320511187385,-78.84487177854052,12.208333333333332,36.810412319081045
0.9,5,high,2,174.0251955642397,116.76279083566237,57.26240472857732,62.87519556423969,43.01954759241911
0.9,0,low,16,156.85666666666665,262.37861822401305,-105.52195155734634,8.656666666666666,38.05429389968863
0.9,5,high,3,176.54930555555558,104.78773254435016,71.7615730112054,68.84930555555556,34.99043524705291
0.9,0,low,6,71.02619047619046,157.98533793065522,-86.95914745446478,10.726190476190476,38.19254513786248
0.9,5,high,4,165.21666666666667,106.81382998615966,58.40283668050695,61.416666666666664,32.84085701318675
0.9,0,low,9,80.4125,191.55168179115546,-111.13918179115552,12.312499999999998,37.55618629566
0.9,0,high,20,357.8628431372549,283.87262363202774,73.99021950522734,52.0628431372549,35.33208309148712
0.9,5,high,0,0,0,0,0,0
0.9,0,low,13,107.22267399267398,232.27505139192445,-125.05237739925053,15.672673992673992,39.24802436489743
0.9,5,high,3,174.87009803921572,111.69625345128445,63.17384458793127,63.7200980392157,37.95301020804116
0.9,0,low,8,93.675,172.45804702724215,-78.78304702724212,13.625,37.336425405620446
0.9,0,low,17,162.63,269.83271389529136,-107.20271389529131,9.430000000000001,37.13001119258858
0.9,5,high,4,179.02676470588239,102.80544244038825,76.22132226549412,71.32676470588237,33.008145143090964
0.9,0,low,7,75.7895238095238,166.30442246576146,-90.51489865623763,9.489523809523808,37.41253057386958
0.9,5,high,5,163.8022866826156,107.18125310927172,56.62103357334391,60.00228668261563,33.2082801362987
0.9,0,low,10,81.61166666666666,199.08433129814713,-117.47266463148041,11.511666666666665,36.890637604453396
0.9,5,high,1,160.7244355317885,119.6266205612568,41.09781497053174,54.07443553178847,48.194188128824344
0.9,0,low,14,113.09410256410256,242.1172724055851,-129.02316984148246,16.544102564102566,39.54069582900855
0.9,0,low,9,95.49065934065933,181.49188235329876,-86.00122301263946,9.44065934065934,37.72161208302848
0.9,5,high,4,174.6809068627451,109.34371803439142,65.33718882835367,63.53090686274511,35.60047479114816
0.9,0,low,18,166.21666666666664,278.6599439145491,-112.44327724788246,9.016666666666666,37.03832229292755
0.9,5,high,6,167.4861274509804,107.37821388076802,60.10791357021233,63.68612745098039,33.40524090779509
0.9,0,low,11,89.84444444444445,209.1136002830662,-119.26915583862173,12.744444444444445,37.73071740018335
0.9,5,high,5,182.10605263157896,102.5661751211287,79.53987751045031,74.40605263157894,32.768877823831396
0.9,0,low,8,85.10666666666665,176.39937252584318,-91.29270585917646,9.806666666666667,38.138111264581845
0.9,0,low,15,116.91315018315018,249.39205799484438,-132.4789078116942,15.363150183150182,37.896562499348875
0.9,5,high,2,170.9210649360959,111.06130847895552,59.85975645714032,64.27106493609588,39.6288760465231
0.9,0,low,10,101.01809523809524,190.36207788355614,-89.34398264546081,11.96809523809524,37.58279860427693
0.9,5,high,5,180.345,108.68966949292027,71.65533050707971,69.195,34.94642624967702
0.9,0,low,19,171.965873015873,288.4528530544784,-116.4869800386054,8.765873015873018,37.82222242384781
0.9,5,high,7,166.2525,115.56679848498734,50.68570151501268,52.45250000000001,33.21544713363599
0.9,0,low,12,96.965,219.8573226722608,-122.89232267226072,9.864999999999997,38.384349699287775
0.9,5,high,6,181.01250000000002,102.51319772175034,78.49930227824966,73.31250000000001,32.71590042445307
0.9,0,low,9,91.56785714285715,185.88355852237424,-94.31570137951715,11.267857142857142,38.43310807192386
0.9,0,low,11,105.21666666666665,200.37226426514354,-95.15559759847692,10.166666666666666,38.043435436314695
0.9,5,high,3,166.88333333333333,105.95079472184739,60.93253861148594,60.233333333333334,34.51836228941493
0.9,0,low,16,122.03743589743593,263.297042594411,-141.25960669697506,15.487435897435898,39.18893448630291
0.9,5,high,6,176.16534313725487,108.06152644380197,68.10381669345287,65.0153431372549,34.318283200558746
0.9,0,low,20,180.72595238095238,297.5893742643743,-116.86342188342195,8.52595238095238,37.49928417428417
0.9,5,high,0,0,0,0,0,0
0.9,5,high,8,179.75101307189544,124.2042270246218,55.546786047273656,55.95101307189543,33.38440720480194
0.9,5,high,7,182.9,109.73177735217209,73.1682226478279,65.2,31.916462036856775
0.9,0,low,13,101.25,229.54754438334163,-128.29754438334174,11.15,38.43493177072898
0.9,0,low,10,97.9595238095238,194.1429449807546,-96.18342117123086,13.65952380952381,38.31411615192574
0.9,0,low,12,113.92095238095237,209.26855638848667,-95.34760400753436,7.87095238095238,37.480268100198444
0.9,5,high,4,165.2746581196581,105.39265926839457,59.88199885126359,58.62465811965812,33.96022683596214
0.9,0,low,17,126.76076923076923,271.1317467850363,-144.37097755426706,14.21076923076923,38.64526029854977
0.9,5,high,7,181.22000000000003,115.83686039587744,65.38313960412256,60.06999999999999,34.25577931479635
0.9,5,high,9,184.543431372549,132.37570162175425,52.167729750794706,50.743431372549026,33.26759351364614
0.9,5,high,1,174.88276515151514,114.87658479984337,60.00618035167186,57.73276515151515,48.484692907951406
0.9,5,high,8,194.395,119.69457673331516,74.70042326668488,66.69500000000001,33.05043258917097
0.9,0,low,11,109.45119047619046,204.0645200754334,-94.61332959924285,12.151190476190475,37.695150706064005
0.9,0,low,14,111.75333333333333,238.32522184728063,-126.57188851394741,9.653333333333332,38.11351013556895
0.9,0,low,13,123.18666666666668,218.04773726484262,-94.86107059817583,8.136666666666665,37.520710237815514
0.9,5,high,5,169.85426470588237,105.7566712572518,64.09759344863059,63.20426470588236,34.32423882481932
0.9,0,low,18,141.61410256410258,279.4381107859048,-137.82400822180225,9.064102564102566,38.39306574085987
0.9,5,high,10,194.2236764705882,141.59509060832593,52.628585862262355,50.423676470588234,33.38788340111869
0.9,5,high,8,190.90773109243702,124.31501998793019,66.59271110450686,59.75773109243696,34.35556052847074
0.9,5,high,2,192.2622549019608,105.46968180160901,86.79257310035179,75.11225490196078,39.07778990971716
0.9,0,low,12,115.74285714285713,212.10542327105796,-96.36256612820083,10.442857142857141,36.4567746224093
0.9,0,low,14,137.51179653679654,227.1386353829079,-89.62683884611135,6.461796536796536,37.422419166691604
0.9,5,high,9,203.45999999999998,127.59864351613577,75.8613564838642,65.76,32.48603090352318
0.9,0,low,15,116.82151515151516,247.4612369979242,-130.63972184640903,11.721515151515153,38.42069645738378
0.9,0,low,19,151.4696581196581,289.8382211013789,-138.3685629817208,9.91965811965812,38.61299587615377
0.9,5,high,6,167.11673245614034,105.36698759140712,61.749744864733245,60.466732456140356,33.93455515897467
0.9,5,high,11,206.4340909090909,150.64772154447078,55.786369364620185,52.6340909090909,34.242316139065366
0.9,5,high,9,198.65541666666667,132.43911588253695,66.21630078412977,57.50541666666667,34.10127804469909
0.9,5,high,3,193.20730392156864,102.46230051400323,90.74500340756533,76.05730392156862,36.070408622111415
0.9,0,low,15,147.18214285714288,236.75551045551043,-89.5733675983675,6.132142857142858,38.4807356807357
0.9,0,low,13,123.18119047619048,222.83104145805385,-99.6498509818634,10.881190476190477,37.0923027193151
0.9,5,high,10,209.865,135.90792797240164,73.95707202759831,62.165000000000006,32.41693698141067
0.9,0,low,16,117.08333333333334,256.26216938585355,-139.1788360525202,8.983333333333333,38.12252974621396
0.9,0,low,20,166.0113247863248,298.63513018513004,-132.62380539880536,9.461324786324784,37.13963468963469
0.9,5,low,0,0,0,0,0,0
0.9,5,high,12,213.51041666666669,159.656912058847,53.85350460781967,49.71041666666666,35.05330845524345
0.9,5,high,7,169.33088235294116,113.41175237889635,55.919129974044836,52.68088235294118,33.42076138790535
0.9,5,high,10,212.76727272727277,141.7396112741701,71.0276614531027,61.61727272727272,34.663034697593524
0.9,5,high,4,193.6843137254902,99.72528028750942,93.95903343798079,76.53431372549021,33.3333883956175
0.9,0,low,16,154.575,245.81489190080524,-91.23989190080542,8.525,38.35092793684123
0.9,0,low,14,130.65503663003662,232.38787441875675,-101.73283778872016,13.355036630036631,37.8203068511892
0.9,0,low,17,123.05,267.32652865559214,-144.27652865559207,8.95,39.36706919613268
0.9,5,high,11,219.26500000000001,144.5148060328015,74.75019396719858,61.565,32.82561684361218
0.9,5,low,1,73.37555944055944,130.33084005247318,-56.955280611913736,55.22555944055945,51.03354275517588
0.9,5,high,13,228.43166666666667,167.90113132942082,60.53053533724585,54.63166666666666,34.64887907716856
0.9,5,high,11,217.11807692307693,148.97579672517747,68.14228019789942,55.96807692307692,33.791112040492855
0.9,5,high,8,182.19076923076926,122.05190020847915,60.13886902229014,55.54076923076923,33.592440749019694
0.9,5,high,5,192.0676388888889,99.71909655330708,92.34854233558185,74.91763888888889,33.327204661415195
0.9,0,low,17,163.52333333333334,253.85213016072154,-90.3287968273882,7.4733333333333345,37.46924727783861
0.9,0,low,15,136.6420238095238,240.99673236290883,-104.35470855338508,11.342023809523807,37.14988551606198
0.9,0,low,18,127.00833333333335,275.53518143518136,-148.52684810184812,10.908333333333335,37.30545170545173
0.9,5,high,12,231.15894736842105,153.17028888201492,77.9886584864062,63.45894736842105,33.463081674807675
0.9,5,high,14,237.4688888888889,177.31810965340378,60.150779235485174,53.66888888888889,35.0568483921425
0.9,5,low,2,79.72204906204907,121.14739184603737,-41.42534278398833,61.57204906204906,41.85009454874006
0.9,5,high,12,227.325,158.14858604270367,69.17641395729629,56.175,34.31525270937036
0.9,5,high,9,191.3324922600619,130.88602975886258,60.44646250119928,54.68249226006193,33.507651380484184
0.9,5,high,6,191.68117647058824,98.78404426097924,92.89713220960894,74.53117647058824,32.39215236908736
0.9,0,low,16,142.52619047619046,250.9840441588118,-108.45785368262145,11.226190476190474,37.587647762415564
0.9,0,low,18,171.60641025641024,264.63210432587357,-93.02569406946333,9.556410256410256,39.15012234389171
0.9,0,low,19,129.56,284.8738571591513,-155.31385715915138,9.459999999999999,37.09457787987199
0.9,5,high,13,238.83117647058825,161.52815979987037,77.30301667071788,61.13117647058823,33.08221385392439
0.9,5,high,15,242.82625000000002,184.77222987044973,58.05402012955034,49.02624999999999,32.6911487893686
0.9,5,high,10,200.7426923076923,140.00477124339358,60.737921064298746,54.09269230769231,33.437203675825955
0.9,5,high,13,236.73857142857142,166.41327660186025,70.32529482671123,55.588571428571434,33.841204529788115
0.9,5,low,3,56.67930555555556,118.47915902041288,-61.799853464857364,38.52930555555555,39.181861723115595
0.9,0,low,17,149.64952380952383,259.4532613644843,-109.80373755496049,13.349523809523811,37.13794604916897
0.9,5,high,7,192.78500000000003,106.52180633399674,86.26319366600332,65.635,32.65243696462736
0.9,0,low,19,178.6734126984127,271.42378626283426,-92.75037356442166,9.623412698412697,36.30216464121263
0.9,0,low,20,135.46666666666664,294.4318420547522,-158.9651753880857,10.366666666666664,38.544454667364874
0.9,5,low,0,0,0,0,0,0
0.9,5,high,14,246.60500000000002,169.6914371701911,76.91356282980894,58.904999999999994,32.95720293595681
0.9,5,high,16,257.0366666666667,194.37474577981547,62.66192088685128,53.236666666666665,34.00537641044606
0.9,5,high,14,245.47143198906355,176.22382376987642,69.24760821918713,54.32143198906358,35.27337331942594
0.9,5,high,11,212.23910353535354,149.26010462333994,62.978998912013594,55.58910353535354,33.953798317033595
0.9,5,low,4,58.06678921568628,117.54923972571031,-59.48245051002406,39.91678921568628,38.25194242841301
0.9,5,high,8,209.305,114.47837196923884,94.82662803076111,72.155,32.681074671941545
0.9,0,low,18,150.8920238095238,270.0517681186799,-119.15974430915614,10.592023809523807,38.27699334390508
0.9,5,high,15,257.885,178.94256715123586,78.9424328487641,60.185,32.74887345754218
0.9,5,low,1,69.27065284388813,130.4489445532402,-61.17829170935211,54.270652843888136,50.51651212080779
0.9,0,low,20,184.31666666666666,281.9295500956106,-97.61288342894386,9.266666666666666,37.798919464979825
0.9,5,low,0,0,0,0,0,0
0.9,5,high,17,262.62666666666667,202.61612810807858,60.01053855858814,48.82666666666667,33.59811009006056
0.9,5,high,12,223.52666666666664,158.2500663257242,65.2766003409424,56.876666666666665,33.39421046986838
0.9,5,high,15,255.84507442849548,184.261473340382,71.58360108811357,55.69507442849549,35.02273460164328
0.9,5,low,5,58.93166666666666,117.74663519949897,-58.81496853283235,40.781666666666666,38.44933790220168
0.9,5,high,9,215.25,124.15954283690348,91.09045716309647,68.1,32.99287617023687
0.9,5,low,1,79.12625,133.5986148672295,-54.47236486722943,62.776250000000005,49.720236488851015
0.9,0,low,19,155.01087301587302,278.85432706628535,-123.84345405041233,11.710873015873014,38.070543282501475
0.9,5,low,2,59.90677350427351,121.85590706066715,-61.949133556393626,44.9067735042735,41.923474628234686
0.9,5,high,16,266.50461538461536,187.5294487079703,78.97516667664499,58.80461538461539,32.68710636562803
0.9,5,high,18,276.07000000000005,211.28792303792298,64.78207696207704,52.27,33.3509861009861
0.9,5,high,13,230.67412280701757,166.51691336865488,64.15720943836274,54.024122807017555,33.282679134420626
0.9,5,high,16,266.3635897435897,193.52515933634345,72.83843040724628,55.21358974358975,35.637771948956164
0.9,5,low,6,61.72402597402597,117.69509698604128,-55.971071012015265,43.57402597402598,38.39779968874395
0.9,0,low,20,162.23619047619047,289.53705713508344,-127.30086665889303,9.936190476190475,37.94246254048884
0.9,5,low,0,0,0,0,0,0
0.9,5,high,10,219.925,132.62489704304718,87.30010295695283,62.775,33.26003217818233
0.9,5,low,3,56.976098901098894,118.67333500715853,-61.697236106059705,41.97609890109891,38.74090257472611
0.9,5,high,17,279.9200000000001,195.73628217834886,84.18371782165127,62.220000000000006,32.335381277447844
0.9,5,low,2,49.66291666666667,126.06394667118353,-76.40103000451683,33.312916666666666,42.18556829280513
0.9,5,high,19,283.1873076923077,219.73362088087313,63.45368681143455,49.38730769230769,33.23812538537771
0.9,5,high,14,241.2191346153846,174.6276167098535,66.59151790553099,54.56913461538462,33.555544637781495
0.9,5,high,17,276.07875,199.9762717078893,76.10247829211062,54.92875,34.070866302483935
0.9,5,low,7,39.91250000000001,127.76226375854857,-87.84976375854862,15.7625,39.90640790269272
0.9,5,low,1,76.26075868575869,125.04226605476607,-48.78150736900747,55.560758685758685,50.55577956827956
0.9,5,high,11,232.26500000000001,140.39032752461546,91.87467247538456,65.11499999999998,32.73717437146229
0.9,5,high,18,286.46666666666664,204.6037425412426,81.862924125424,58.766666666666666,32.46410290160289
0.9,5,low,4,62.01875000000001,116.7303687675592,-54.71161876755917,47.01875,36.79793633512673
0.9,5,low,3,60.41272727272726,121.7364967351809,-61.32376946245366,44.06272727272728,37.858118356802564
0.9,5,high,20,297.39375,228.89027777998362,68.50347222001639,53.59375,33.65604354574943
0.9,5,low,0,0,0,0,0,0
0.9,5,high,15,253.60999999999999,182.87629704208652,70.73370295791347,56.959999999999994,33.42584659163605
0.9,5,high,18,285.39142857142855,208.9981295856296,76.39329898579894,54.24142857142857,34.17380526130526
0.9,5,low,8,41.81125,134.551788807826,-92.74053880782597,15.66125,38.047284303321455
0.9,5,low,2,64.27262987012986,119.67833565039444,-55.40570578026461,43.572629870129866,45.19184916390798
0.9,5,high,12,240.27999999999997,149.3683242180533,90.91167578194666,63.13000000000001,33.42688277661188
0.9,5,low,5,54.29847652347653,117.36230972875705,-63.06383320528055,39.29847652347652,37.42987729632468
0.9,5,low,4,57.55212121212121,120.69018867575375,-63.13806746363254,41.202121212121206,36.8118102973753
0.9,5,high,19,297.04,214.53137272982482,82.50862727017523,59.34000000000001,32.84218354063555
0.9,5,low,1,74.53974930298459,132.6977387367093,-58.15798943372481,57.439749302984595,50.40044143941204
0.9,5,high,16,264.35,191.59895384992132,72.75104615007879,57.7,33.13949439046189
0.9,5,high,19,294.085,216.70815721876093,77.37684278123899,52.935,33.50545451605823
0.9,5,low,9,43.5675,143.25937166498312,-99.69187166498318,16.4175,37.565677971289425
0.9,5,low,3,71.11709956709956,114.31348871940983,-43.196389152310275,50.41709956709957,39.827002232923284
0.9,5,high,20,302.64,223.56375408085933,79.07624591914063,54.94,32.86555588266114
0.9,10,high,0,0,0,0,0,0
0.9,5,high,13,252.32999999999998,158.40759199919415,93.92240800080586,65.17999999999999,33.457141548743714
0.9,5,low,6,55.566904761904766,116.4235348307717,-60.856630068866934,40.566904761904766,36.49110239833922
0.9,5,low,5,43.82077380952381,119.47137865380894,-75.65060484428517,27.47077380952381,35.593000275430626
0.9,5,low,2,76.91138155961684,125.51678078551146,-48.6053992258946,59.81138155961686,43.21948348821412
0.9,5,high,17,273.705,200.50249382683594,73.20250617316407,57.05499999999999,33.30429562863774
0.9,5,high,20,302.505,225.78542516998397,76.71957483001603,51.355,34.20434408890292
0.9,10,high,0,0,0,0,0,0
0.9,5,low,10,49.39369047619048,154.0606677073396,-104.66697723114908,16.243690476190476,39.08769473436656
0.9,5,low,4,58.054816849816845,112.8100758528003,-54.75525900298351,37.35481684981686,38.323589366313826
0.9,5,low,6,44.30777777777778,120.59286467308911,-76.28508689531131,27.95777777777778,36.71448629471076
0.9,10,high,1,167.90249999999997,124.15030834001425,43.75219165998577,54.802499999999995,49.393551583257455
0.9,5,high,14,258.5875,167.6983401363045,90.88915986369548,61.4375,32.38752932549373
0.9,5,low,7,34.70080086580087,125.11756876756876,-90.41676790176781,12.700800865800867,36.626577776577776
0.9,5,low,3,68.09772932949404,120.96709951381004,-52.869370184315954,50.997729329494035,38.669802216512736
0.9,5,high,18,283.72333333333336,208.24192968844676,75.4814036448866,57.07333333333334,32.935623382140406
0.9,10,high,1,153.74461017740433,121.71249654504298,32.032113632361344,58.64461017740429,48.482766815313276
0.9,5,low,11,54.722500000000004,161.4876474310298,-106.76514743102982,15.5725,37.7759357193181
0.9,5,low,7,32.769444444444446,129.95861633102342,-97.18917188657903,12.419444444444444,37.70185957426671
0.9,5,low,4,59.606150793650784,119.97326860109368,-60.367117807442895,42.50615079365079,37.67597130379637
0.9,5,low,5,47.731943473193475,112.89157191142485,-65.15962843823141,27.031943473193472,38.405085424938356
0.9,5,low,8,42.825800865800865,135.57586231092424,-92.75006144512344,14.825800865800867,38.07586231092424
0.9,5,high,15,271.08000000000004,176.20884250160566,94.87115749839433,63.93000000000001,31.97911277187592
0.9,10,high,2,184.36041666666665,114.15723828223834,70.20317838442837,71.26041666666666,39.40048152548152
0.9,5,high,19,294.00714285714287,215.04852518141988,78.95861767572302,57.35714285714285,31.99447112736586
0.9,10,high,2,162.56916666666666,112.73977762758722,49.82938903907947,67.46916666666667,39.5100478978575
0.9,5,low,12,60.05279411764707,170.0117864992478,-109.95899238160064,16.90279411764706,37.56133604879736
0.9,5,low,8,44.447916666666664,139.11736142560443,-94.66944475893777,14.097916666666668,37.49123529947834
0.9,5,low,5,60.92720238095238,120.06254715124686,-59.135344770294495,43.82720238095238,37.765249853949534
0.9,5,high,16,279.90500000000003,184.31946163022008,95.58553836977978,62.754999999999995,31.71135352211203
0.9,5,low,9,53.14785714285715,145.37061745002921,-92.22276030717204,14.147857142857143,38.86160844102021
0.9,5,low,6,50.62455710955711,112.19523445668956,-61.57067734713247,29.92455710955711,37.70874797020308
0.9,10,high,3,181.26041666666669,110.62635794911334,70.63405871755332,68.16041666666666,35.86960119235661
0.9,5,high,20,302.9855555555556,224.78735788275262,78.19819767280299,56.33555555555556,32.003574098968826
0.9,10,high,0,0,0,0,0,0
0.9,10,high,3,163.89763888888888,108.35659495094481,55.54104393794408,68.79763888888888,35.12686522121506
0.9,5,low,13,63.5125,179.68305011393252,-116.1705501139324,17.3625,38.76413119501353
0.9,5,low,9,50.79375,149.05810439080568,-98.26435439080568,13.44375,38.42296925567048
0.9,5,low,6,79.63181818181818,117.99923657717773,-38.36741839535959,62.531818181818174,35.701939279880456
0.9,5,low,10,61.605,153.6119230619231,-92.00692306192303,15.605,38.36417531417532
0.9,5,high,17,290.95500000000004,193.9785676421126,96.9764323578874,63.80500000000001,33.08217124571613
0.9,5,low,7,44.715072917278796,120.96281885356962,-76.24774593629084,17.0150729172788,38.36822425897503
0.9,10,high,4,178.2825438596491,108.0304347657289,70.25210909392021,65.18254385964913,33.27367800897212
0.9,10,high,1,171.51833874458876,126.536033333363,44.98230541122577,56.618338744588755,48.7522495495793
0.9,10,high,4,166.4577777777778,106.27860697682677,60.179170800951,71.35777777777778,33.04887724709706
0.9,5,low,14,72.32499999999999,187.57485581897348,-115.24985581897343,13.175,38.0072882514059
0.9,5,low,10,58.40875,157.6892306379149,-99.28048063791485,11.05875,38.135176583860776
0.9,5,high,18,297.2900000000001,201.1548194582251,96.13518054177496,60.14000000000001,31.789954593360164
0.9,5,low,7,49.80763157894737,127.68412285912285,-77.87649128017549,24.707631578947368,37.0084471834472
0.9,5,low,11,64.79239926739928,161.58874809172795,-96.7963488243287,15.79239926739927,37.33199133497121
0.9,5,low,8,48.26307442557443,129.95206440206437,-81.68898997649002,15.563074425574428,37.98810043810044
0.9,10,high,5,176.19664565826332,109.47356276895749,66.72308288930583,63.0966456582633,34.71680601220074
0.9,10,high,2,171.31294590643276,116.48640241565944,54.826543490773346,56.41294590643274,38.70261863187557
0.9,10,high,5,165.47944444444448,106.47618644592323,59.00325799852119,70.37944444444443,33.24645671619356
0.9,5,low,15,76.14416666666666,196.27724005363314,-120.1330733869667,12.994166666666667,37.880843657236845
0.9,5,low,11,60.40902777777777,165.39259746628173,-104.98356968850388,10.059027777777777,36.9196244933087
0.9,5,low,12,77.80250000000001,170.26937294437298,-92.46687294437297,14.8025,37.183787358787356
0.9,5,high,19,309.61,212.52249014868985,97.08750985131016,62.46,33.06753519373489
0.9,5,low,8,53.655897435897444,136.6721762868435,-83.01627885094605,19.555897435897435,37.43794205260923
0.9,5,low,9,53.840455377955394,138.65712399872618,-84.81666862077081,17.14045537795538,38.31478165638381
0.9,10,high,6,177.87627192982455,107.08579768707473,70.79047424274975,64.77627192982456,32.32904093031804
0.9,10,high,6,167.05364527629234,106.91694555970878,60.136699716583635,71.95364527629233,33.68721582997898
0.9,10,high,3,173.46121848739497,112.90295654293334,60.55826194446168,58.56121848739495,35.11917275914955
0.9,5,low,16,77.53035714285714,204.84121755596217,-127.31086041310512,13.38035714285714,37.886262601007175
0.9,5,low,13,82.17357142857144,178.95732895806424,-96.78375752949286,13.17357142857143,37.04291454364984
0.9,5,low,12,68.38041666666666,175.3354163140928,-106.95499964742612,9.030416666666667,37.31289379157026
0.9,5,high,20,318.31,218.95041634352773,99.35958365647218,61.15999999999999,31.657623550735007
0.9,10,high,0,0,0,0,0,0
0.9,5,low,10,60.49739982239983,147.09518476492156,-86.59778494252173,15.797399822399825,37.473563143299984
0.9,5,low,9,57.36961988304093,145.66561611430035,-88.29599623125941,16.269619883040935,37.422372871057085
0.9,10,high,7,180.53624999999997,109.19682068540433,71.33942931459568,67.43625,34.440063928647504
0.9,10,high,7,163.82570433436533,105.12837139137449,58.69733294299084,68.72570433436533,31.898641661644763
0.9,10,high,4,173.35063725490198,112.61809029440612,60.73254696049591,58.45063725490196,34.8343065106223
0.9,5,low,17,83.21130952380952,213.67543435043441,-130.464124826625,14.061309523809523,36.90065957565957
0.9,5,low,14,87.81415966386554,188.7482684394449,-100.93410877557939,11.814159663865548,37.91493510611157
0.9,5,low,13,74.39375,185.11050927498303,-110.71675927498295,10.04375,38.43933810381178
0.9,5,low,11,62.33676490176491,156.19704118245133,-93.86027628068653,14.636764901764902,38.106951092361314
0.9,10,high,1,158.62802047625578,124.6046201337997,34.0234003424561,53.328020476255766,49.658674187853755
0.9,5,low,10,63.51166666666667,154.39249457264162,-90.88082790597495,17.41166666666667,36.59970177984885
0.9,10,high,8,178.0154831932773,108.16864606798819,69.84683712528911,64.91548319327731,33.41188931123143
0.9,10,high,8,163.50963235294117,105.22526259999168,58.28436975294949,68.40963235294117,31.99553287026197
0.9,5,low,18,88.91955128205127,223.15238545006346,-134.23283416801223,13.769551282051285,37.63887193654993
0.9,5,low,14,79.67830128205128,192.59746211557353,-112.91916083352223,10.328301282051282,37.547912566024024
0.9,10,high,5,170.86055555555555,111.13360111963046,59.72695443592505,55.96055555555555,33.34981733584675
0.9,5,low,15,96.97317927170869,198.03807884655413,-101.06489957484544,12.973179271708684,38.19573650421173
0.9,5,low,12,70.20557442557443,166.2900120259253,-96.08443760035091,12.505574425574427,37.929651665564975
0.9,5,low,11,72.37722222222223,164.12330897992666,-91.74608675770446,18.277222222222225,37.231417088034725
0.9,10,high,2,162.26619047619045,115.62210366401543,46.644086812175004,56.96619047619049,40.67615771806948
0.9,10,high,9,180.23415775401068,107.91116914572794,72.32298860828273,67.13415775401072,33.15441238897121
0.9,10,high,9,164.48027777777776,108.27024720530916,56.2100305724686,69.38027777777779,35.040517475579385
0.9,5,low,15,97.38125,200.0775598621187,-102.69630986211868,9.031249999999998,35.83882112337994
0.9,5,low,19,91.03083333333332,231.98403344541106,-140.95320011207775,12.880833333333332,37.821871283248996
0.9,10,high,6,178.38370098039215,112.83322371929178,65.55047726110034,63.48370098039216,35.04943993550806
0.9,5,low,13,76.12557442557443,174.1413778759367,-98.01580345036228,14.425574425574428,36.501738236297065
0.9,5,low,12,80.8447619047619,172.06186549058066,-91.21710358581873,17.74476190476191,36.52132495004012
0.9,5,low,16,100.82523809523809,205.85584698905137,-105.03060889381325,11.825238095238097,37.36485599806032
0.9,10,high,10,178.85708333333332,108.37857459173244,70.47850874160086,65.75708333333333,33.62181783497573
0.9,10,high,3,164.4320833333333,111.26292490851306,53.169158424820125,59.13208333333332,36.3169789625672
0.9,10,high,10,160.63044117647058,108.18028971434549,52.45015146212512,65.53044117647059,34.950559984615715
0.9,5,low,16,109.13736111111112,209.98210437409344,-100.84474326298238,10.787361111111109,36.46408635607552
0.9,10,high,7,181.43747549019608,112.998353724089,68.43912176610704,66.53747549019607,35.21456994030524
0.9,5,low,14,85.70057442557443,183.57733387864963,-97.87675945307522,16.000574425574428,37.379135680451476
0.9,5,low,20,93.5025,240.7588361568238,-147.25633615682375,13.352499999999997,38.038115436103055
0.9,10,high,0,0,0,0,0,0
0.9,5,low,13,86.78501253132832,180.54614000140307,-93.76112747007475,18.68501253132832,36.80740126266442
0.9,5,low,17,107.83968253968256,214.02366727293202,-106.18398473324946,12.839682539682538,36.433577182841894
0.9,10,high,11,176.08959967320263,107.29874474216578,68.79085493103685,62.98959967320261,32.54198798540904
0.9,10,high,4,163.2495588235294,109.89304990949734,53.35650891403215,57.949558823529415,34.94710396355133
0.9,10,high,11,161.4862225132968,106.30840404327246,55.17781847002436,66.38622251329681,33.07867431354275
0.9,10,high,8,175.3189705882353,111.52472007913182,63.79425050910339,60.41897058823529,33.74093629534807
0.9,10,high,1,160.39706099456103,121.63584902296205,38.76121197159901,52.24706099456099,49.58179496890798
0.9,5,low,17,112.56715909090909,221.19282040826153,-108.62566131735252,10.217159090909089,37.945072660513844
0.9,5,low,15,87.10474109224108,192.07619582340942,-104.97145473116836,13.40474109224109,37.319439066652684
0.9,5,low,14,93.27857142857142,190.4069262704711,-97.12835484189974,16.178571428571427,36.8483677119126
0.9,5,low,18,112.69069264069265,223.5120304593989,-110.8213378187063,10.69069264069264,37.273291720660126
0.9,10,high,12,181.3975,116.07119403764142,65.32630596235855,58.2975,33.02614899259637
0.9,10,high,5,167.768048245614,108.50896067324082,59.25908757237319,62.468048245614035,33.56301472729491
0.9,10,high,12,163.1,113.4828817053275,49.617118294672494,58,32.14504386748969
0.9,5,low,16,92.28043553668553,202.42456633706627,-110.1441308003809,12.580435536685538,38.208350120850135
0.9,10,high,2,175.95833333333331,111.60921937040365,64.34911396292974,67.80833333333334,39.55516531634953
0.9,10,high,9,175.85569444444442,112.87396123708045,62.98173320736393,60.95569444444444,35.09017745329663
0.9,5,low,19,119.3652380952381,232.92643351985467,-113.56119542461651,11.365238095238093,37.318325411746436
0.9,5,low,18,120.30125000000001,230.60802391460288,-110.3067739146029,8.951249999999998,36.63955544613439
0.9,5,low,15,98.89666666666666,200.08159912323995,-101.18493245657338,15.796666666666663,37.51403155567244
0.9,10,high,6,169.37047619047615,107.85809934614112,61.51237684433502,64.07047619047619,32.9121534001952
0.9,10,high,13,187.32999999999998,125.78393848393848,61.54606151606151,54.23,34.0902447902448
0.9,10,high,13,172.925,122.46781671518511,50.45718328481486,57.825,32.30115004851848
0.9,5,low,17,103.52851093351094,209.6846350709741,-106.15612413746311,16.828510933510934,37.27022065655968
0.9,10,high,3,173.0787091503268,107.02773130725917,66.0509778430676,64.9287091503268,34.97367725320512
0.9,10,high,10,177.7665746753247,111.33433298653885,66.43224168878584,62.86657467532467,33.550549202755086
0.9,5,low,16,103.97999999999999,209.12060417849892,-105.14060417849896,14.88,37.72420778210252
0.9,5,low,20,125.22099567099568,241.79103255051388,-116.57003687951837,11.220995670995672,37.53427579375722
0.9,10,low,0,0,0,0,0,0
0.9,5,low,19,128.35625,239.99995533343056,-111.64370533343063,9.00625,36.932387765863
0.9,10,high,7,172.36526960784315,109.81073310999784,62.55453649784536,67.06526960784313,34.86478716405187
0.9,10,high,14,201.25,132.44913721283692,68.80086278716308,58.15,32.01670478040448
0.9,10,high,14,181.93566844919786,132.0723011413801,49.86336730781781,56.835668449197854,32.9867155557945
0.9,10,high,4,176.08657679738562,106.05548576295479,70.03109103443082,67.93657679738563,34.001431708900746
0.9,5,low,17,125.3536111111111,217.83081018375137,-92.47719907264023,17.25361111111111,37.605584958526116
0.9,10,high,11,174.18708333333333,113.34359786209635,60.84348547123703,59.28708333333333,35.55981407831253
0.9,10,low,1,77.8578684958832,136.20859530987235,-58.350726813989155,54.1578684958832,50.68156828284535
0.9,5,low,18,107.69009823509825,218.38422056510285,-110.69412233000455,14.990098235098236,37.23106741194977
0.9,5,low,20,138.78125,250.0016905411642,-111.22044054116418,11.43125,37.83502387449756
0.9,10,low,0,0,0,0,0,0
0.9,10,high,8,170.7336111111111,108.61556301556301,62.118048095548104,65.4336111111111,33.66961706961707
0.9,10,high,15,209.21999999999997,141.78474724775032,67.43525275224962,56.120000000000005,32.97393643693952
0.9,10,high,15,194.30041666666665,142.30351984910814,51.996896817558564,59.20041666666666,34.118835164423395
0.9,5,low,18,126.71662004662005,225.02234978109587,-98.30572973447588,12.616620046620046,36.50883626758239
0.9,10,high,5,180.88005952380954,105.04948565397484,75.8305738698347,72.73005952380952,32.99543159992077
0.9,10,high,12,179.10153846153847,120.30413211663212,58.79740634490638,54.20153846153846,34.05187986437987
0.9,5,low,19,112.04009823509823,225.98356126370834,-113.9434630286102,14.340098235098235,36.45202973217677
0.9,10,low,2,66.90532212885154,130.48286027175342,-63.577538142901886,43.205322128851535,44.95583324472644
0.9,10,high,9,167.5070512820513,108.82027161291863,58.68677966913265,62.20705128205128,33.87432566697272
0.9,10,low,1,76.77344169246648,124.95088077088849,-48.17743907842207,57.123441692466464,48.99142131142905
0.9,10,high,16,221.2392857142857,149.36810560007157,71.87118011421418,58.13928571428571,32.35909659106254
0.9,10,high,16,204.20713903743314,150.29982770276888,53.9073113346642,59.10713903743315,33.82685472979591
0.9,5,low,19,131.855,234.72618470373894,-102.87118470373898,13.755,37.293752271306445
0.9,10,high,13,192.45000000000002,129.75549035943772,62.6945096405623,57.55,35.034769638716995
0.9,5,low,20,117.69307442557445,236.90334138604268,-119.21026696046823,14.993074425574429,38.272710755411985
0.9,10,low,0,0,0,0,0,0
0.9,10,high,10,172.54863437001592,110.9640887104896,61.5845456595263,67.24863437001595,36.0181427645437
0.9,10,low,3,65.80291666666668,124.69724315459612,-58.89432648792942,42.10291666666667,39.17021612756906
0.9,10,high,6,178.4681295149639,105.0005149337193,73.46761458124455,70.31812951496389,32.9464608796652
0.9,10,low,2,78.61262426900585,119.6947612604733,-41.082136991467465,58.96262426900584,43.7353018010139
0.9,10,high,17,230.26666666666665,159.60373042675673,70.66293623990995,57.166666666666664,33.49562231864864
0.9,10,high,17,214.74666666666667,157.056623962545,57.69004270412171,59.64666666666667,32.385452791373844
0.9,5,low,20,142.42416666666668,244.76023924820367,-102.33607258153697,16.324166666666667,37.50798699595137
0.9,10,low,0,0,0,0,0,0
0.9,10,high,14,200.7072727272727,139.42716882929733,61.28010389797544,55.80727272727273,35.4271688292973
0.9,10,low,1,76.98862722245076,122.38086738144793,-45.392240158997126,53.88862722245076,49.2051917057722
0.9,10,high,7,181.25972222222225,105.87604034051398,75.38368188170823,73.10972222222222,33.82198628645996
0.9,10,high,11,168.92614630467574,108.62975918753781,60.29638711713791,63.626146304675714,33.683813241591885
0.9,10,low,3,41.72020467836257,113.89801677104309,-72.17781209268057,22.070204678362575,37.938557311583615
0.9,10,low,4,61.88859943977591,123.35430857408406,-61.465709134308234,38.18859943977591,37.82728154705709
0.9,10,high,18,226.91095959595958,166.81114754520326,60.0998120507563,61.810959595959595,33.40123763529338
0.9,10,high,18,238.76,169.27249834026145,69.48750165973843,55.65999999999999,33.704930772693935
0.9,10,low,1,77.09718527086947,130.2914378423279,-53.19425257145842,51.59718527086949,49.00765405854416
0.9,10,low,2,55.11550505050504,116.79120838633219,-61.67570333582717,32.01550505050505,43.61553271065656
0.9,10,high,15,212.8833333333333,147.95449659126132,64.92883674207195,57.983333333333334,35.12566776243247
0.9,10,high,12,173.2838888888889,117.28939247615715,55.994496412731706,57.9838888888889,34.50560869237339
0.9,10,low,4,53.474924242424244,113.56260611608909,-60.08768187366484,33.824924242424245,37.60314665662964
0.9,10,high,8,176.10926470588234,105.75991958577094,70.34934512011135,67.95926470588236,33.70586553171693
0.9,10,high,19,233.705,175.7548392865343,57.95016071346575,58.605,32.52510955680461
0.9,10,low,5,63.15582633053221,122.85194923728206,-59.69612290674981,39.45582633053222,37.32492221025502
0.9,10,high,19,250.45,179.4524473208684,70.99755267913162,58.35,33.434429302850354
0.9,10,low,3,58.90072829131653,112.03646746440866,-53.13573917309213,35.80072829131653,38.86079178873296
0.9,10,low,2,75.71808270676692,123.91492409696748,-48.196841390200575,50.218082706766914,42.63114031318364
0.9,10,high,16,217.54005494505495,155.48862756029942,62.051427384755584,52.640054945054956,34.37151044318226
0.9,10,high,13,187.12333333333333,125.6567164602381,61.466616873095205,61.82333333333334,33.86392366744535
0.9,10,low,5,63.825,113.22405020566782,-49.399050205667834,44.175,37.2645907462084
0.9,10,high,20,239.687268907563,186.13646148313325,53.55080742442979,54.58726890756302,34.7085335552054
0.9,10,low,0,0,0,0,0,0
0.9,10,low,6,59.784404761904774,122.61675495707998,-62.83235019517523,36.08440476190476,37.08972793005301
0.9,10,high,9,177.01166666666668,104.66191623471033,72.34975043195634,68.86166666666666,32.607862180656305
0.9,10,high,20,261.6716666666667,188.31830142956306,73.35336523710365,58.57166666666666,33.831814943076544
0.9,15,high,0,0,0,0,0,0
0.9,10,low,4,64.85393090569562,110.649837853553,-45.795906947857375,41.75393090569561,37.47416217787735
0.9,10,low,3,56.7857616892911,118.82003612189374,-62.03427443260262,31.2857616892911,37.53625233810992
0.9,10,high,17,227.1342857142857,163.98770650388298,63.14657921040279,52.23428571428572,34.312030828207305
0.9,10,high,14,194.77235294117648,133.4751202511264,61.29723269005004,59.472352941176474,33.57421935022553
0.9,10,low,1,70.28143037518036,127.75342178968339,-57.47199141450304,54.981430375180366,48.253421789683394
0.9,10,low,7,59.777481684981694,124.11250311327711,-64.3350214282954,36.07748168498169,38.5854760862501
0.9,10,low,6,50.9902380952381,112.1390770462752,-61.14883895103705,31.340238095238096,36.17961758681573
0.9,15,high,1,171.69982905982909,118.34212016862948,53.35770889119961,53.34982905982906,49.801579628088916
0.9,10,high,10,175.05166666666668,103.25903890129895,71.79262776536775,66.90166666666667,31.2049848472449
0.9,10,low,5,58.76077380952381,111.4904648968503,-52.729691087326486,35.6607738095238,38.31478922117467
0.9,10,low,4,64.99346445221445,117.30101708576944,-52.30755263355496,39.493464452214454,36.017233301985605
0.9,10,high,18,237.80004385964912,172.79841654841653,65.00162731123251,52.900043859649124,34.744362494362505
0.9,10,high,15,203.93636363636364,141.42508270201768,62.51128093434596,58.63636363636364,32.60526288219787
0.9,10,low,2,64.06529761904763,120.04935521185519,-55.98405759280756,48.76529761904762,40.549355211855215
0.9,10,low,7,52.92194444444444,111.94585243335246,-59.023907988907986,33.27194444444444,35.98639297389296
0.9,10,low,8,42.03055555555555,123.86938414035936,-81.8388285848038,18.330555555555556,38.342357113332355
0.9,10,high,11,176.36941526610642,104.41667282479978,71.95274244130668,68.21941526610644,32.362618770745705
0.9,15,high,2,190.425,108.4201179359848,82.00488206401519,72.075,39.87957739544426
0.9,10,low,6,80.70750000000001,109.79532621305069,-29.087826213050676,57.6075,36.619650537374994
0.9,10,low,5,66.42039377289379,116.89857206180737,-50.47817828891357,40.920393772893775,35.614788278023575
0.9,10,high,19,251.78124183006534,180.43185415221024,71.34938767785525,56.881241830065356,33.909331629687664
0.9,10,high,16,213.51692307692306,151.74255580211465,61.77436727480841,58.21692307692307,33.55336661292543
0.9,10,low,9,44.37988095238095,121.39479945958274,-77.0149185072018,20.67988095238095,35.86777243255572
0.9,10,low,8,56.95333333333333,112.09717036040564,-55.143837027072294,37.30333333333333,36.1377109009462
0.9,10,low,3,48.88230158730158,119.74952862526396,-70.86722703796237,33.582301587301586,40.24952862526392
0.9,15,high,3,188.75333333333333,104.36857504744503,84.3847582858883,70.40333333333334,35.82803450690446
0.9,10,high,12,180.51,113.07701387356957,67.4329861264304,62.35999999999999,33.00494180149753
0.9,10,low,7,66.65759018759019,110.83405303803912,-44.17646285044893,43.557590187590186,37.65837736236344
0.9,10,low,6,70.48928030303031,117.72697033025982,-47.237690027229505,44.9892803030303,36.443186546476
0.9,10,high,20,259.6445454545455,190.25227026759538,69.39227518695017,54.74454545454546,35.081099096424175
0.9,15,high,0,0,0,0,0,0
0.9,10,high,17,221.23263888888886,160.17607072386483,61.05656816502403,55.93263888888889,33.15805270584682
0.9,10,low,4,51.56690476190475,116.61235986820354,-65.04545510629879,36.26690476190476,37.11235986820351
0.9,10,low,10,59.911249999999995,122.41851326340492,-62.50726326340492,36.21124999999999,36.89148623637788
0.9,15,high,4,189.97750000000002,102.87963906779696,87.0978609322031,71.6275,34.33909852725644
0.9,10,low,9,49.58888888888889,113.70416353752263,-64.11527464863374,29.938888888888886,37.744704078063215
0.9,10,high,13,188.95333333333332,120.91585103349809,68.03748229983518,60.80333333333334,32.555490673137726
0.9,10,low,8,50.82541666666667,111.10792762263351,-60.28251095596684,27.72541666666667,37.93225194695783
0.9,10,low,7,72.9859022556391,116.97913124228913,-43.993228986650024,47.4859022556391,35.69534745850536
0.9,15,high,1,166.30065476190478,129.08290472632578,37.21775003557897,54.85065476190475,49.05587769929876
0.9,10,high,18,231.99500000000003,169.2535043900756,62.74149560992444,56.69499999999999,33.76701790358911
0.9,10,low,5,69.10523976023975,116.61218585955427,-47.50694609931452,53.80523976023976,37.11218585955429
0.9,10,low,11,64.51402777777778,121.48187982553306,-56.96785204775529,40.814027777777774,35.95485279850606
0.9,15,high,5,187.27838235294115,102.6469335090852,84.63144884385595,68.92838235294117,34.10639296854466
0.9,10,low,10,49.84379551820728,111.94023148566488,-62.09643596745767,30.19379551820728,35.98077202620547
0.9,10,low,9,65.18378787878787,110.88498881293,-45.70120093414215,42.08378787878788,37.70931313725431
0.9,10,high,14,199.38666666666666,129.66300373726847,69.72366292939824,61.236666666666665,32.834174908439614
0.9,10,low,8,65.60647653000595,115.73555887820592,-50.1290823482,40.10647653000594,34.45177509442215
0.9,15,high,2,177.33857466063347,121.52330426486773,55.81527039576578,65.8885746606335,41.49627723784069
0.9,10,high,19,240.37000000000003,176.73610109848497,63.63389890151507,55.06999999999999,32.69105605343996
0.9,10,low,6,42.692658730158726,115.71882921461098,-73.02617048445224,27.39265873015873,36.21882921461095
0.9,10,low,12,49.0069764957265,131.85812871010245,-82.8511522143759,17.306976495726495,37.682453034426715
0.9,15,high,6,190.0365789473684,102.04777721027723,87.9888017370912,71.68657894736843,33.50723666973667
0.9,10,low,10,58.82611111111112,109.4809858611717,-50.6548747500605,35.72611111111111,36.305310185495934
0.9,10,high,15,206.17000000000002,139.5998061101002,66.57019388989977,58.019999999999996,33.671878182172314
0.9,10,low,11,68.59625,112.59531851234637,-43.9990685123464,48.94625,36.63585905288691
0.9,10,low,9,70.72182692307692,116.34079767841374,-45.618970755336875,45.221826923076925,35.057013894629996
0.9,15,high,3,177.43765151515152,115.80891437656148,61.62873713859007,65.98765151515151,35.781887349534415
0.9,10,high,20,251.58545454545455,185.83895231677744,65.74650222867723,56.28545454545455,32.78489826272334
0.9,15,high,0,0,0,0,0,0
0.9,10,low,7,50.649627790510145,114.84279886474157,-64.19317107423143,35.34962779051015,35.34279886474159
0.9,10,low,13,51.712777777777774,140.21109815188757,-88.49832037410982,14.012777777777776,37.47686391765341
0.9,15,high,7,189.47055555555556,102.06349482378893,87.40706073176662,71.12055555555555,33.52295428324841
0.9,10,high,16,216.16625,146.61438532487296,69.55186467512706,58.01625,32.037808748296364
0.9,10,low,12,41.69916666666667,121.40322362296054,-79.70405695629384,15.049166666666668,36.88520560494245
0.9,10,low,11,55.03323051948051,110.3169255630556,-55.28369504357508,31.93323051948052,37.14124988737991
0.9,15,high,4,174.99215815273476,113.91042115252642,61.08173700020838,63.542158152734785,33.883394125499386
0.9,10,low,10,61.243333333333325,116.96055149720011,-55.71721816386679,35.74333333333334,35.676767713416325
0.9,15,high,1,159.22642857142858,120.3069519371764,38.91947663425215,54.526428571428575,49.820465450689895
0.9,10,low,8,53.93746240601504,115.21537152589785,-61.27790911988284,38.63746240601505,35.71537152589783
0.9,10,low,14,59.25170177045178,147.6776575677891,-88.42595579733734,13.551701770451771,36.38486477499636
0.9,15,high,8,190.2525571895425,101.48392858907566,88.76862860046688,71.90255718954249,32.94338804853512
0.9,10,low,13,46.019444444444446,130.35236618448693,-84.33292174004248,15.369444444444444,37.455969788090535
0.9,10,high,17,227.61666666666665,155.70239465827706,71.91427200838964,59.46666666666666,33.2879802438626
0.9,10,low,12,47.22019480519481,118.65680304430306,-71.43660823910821,16.120194805194807,37.19283908033908
0.9,10,low,11,59.5975396825397,117.07812794503972,-57.4805882625,34.09753968253969,35.79434416125592
0.9,15,high,5,172.7359722222222,115.10407993790345,57.631892284318724,61.285972222222235,35.077052910876446
0.9,15,high,2,173.00958333333332,109.8839771692713,63.125606164062106,68.30958333333334,39.397490682784806
0.9,10,low,9,42.839656862745095,115.91847692834537,-73.07882006560033,27.539656862745097,36.41847692834534
0.9,10,low,15,66.77508838383838,157.80466096290394,-91.02957257906556,13.075088383838386,37.23258889083193
0.9,10,low,14,48.10194444444444,138.97418487050845,-90.87224042606404,12.451944444444445,37.51922991555344
0.9,15,high,9,188.75860294117646,102.42650962650963,86.3320933146668,70.40860294117647,33.88596908596909
0.9,10,high,18,236.70999999999998,164.2961148038547,72.41388519614526,58.56000000000002,32.78260129034122
0.9,10,low,13,52.73,127.72859895754628,-74.9985989575463,13.63,37.61598634493374
0.9,10,low,12,57.690956558061814,126.77416656685232,-69.08321000879049,25.19095655806182,37.112004404690154
0.9,15,high,6,185.77538461538464,113.64566151485658,72.12972310052807,74.32538461538462,33.61863448782954
0.9,15,high,3,171.96277777777777,106.22292885675242,65.73984892102541,67.26277777777777,35.736442370265905
0.9,10,low,16,78.19902777777779,165.8512264346243,-87.6521986568464,17.499027777777776,36.630505713903545
0.9,10,low,10,55.05842948717949,116.21360366337149,-61.155174176192,39.75842948717949,36.71360366337146
0.9,10,low,15,51.95833333333333,147.36215361706846,-95.4038202837351,8.308333333333334,36.98827974319461
0.9,10,low,14,56.80151515151515,136.47274026383937,-79.67122511232425,12.701515151515153,37.801569092668146
0.9,15,high,10,187.50666666666666,101.38580073285958,86.12086593380708,69.15666666666667,32.845260192319024
0.9,10,high,19,251.06333333333336,171.88188024770838,79.1814530856249,62.91333333333334,32.260258626086795
0.9,15,high,7,181.74924019607843,113.13195571357338,68.61728448250506,70.29924019607844,33.10492868654634
0.9,10,low,13,61.975067481538076,135.4936369396509,-73.51856945811286,23.47506748153807,37.00264594865986
0.9,15,high,4,169.4850641025641,105.7767639280797,63.70830017448439,64.78506410256412,35.29027744159322
0.9,10,low,11,58.142094155844156,116.1675774031037,-58.025483247259565,42.84209415584415,36.667577403103714
0.9,10,low,17,82.12902777777778,178.51915774942088,-96.39012997164316,14.42902777777778,38.84798657824972
0.9,10,low,16,58.919444444444444,157.53266118339656,-98.61321673895193,11.269444444444442,38.32995848069377
0.9,15,high,11,188.06754901960784,100.8428812922234,87.22466772738441,69.71754901960784,32.30234075168285
0.9,10,low,15,66.77583333333334,144.8966493694048,-78.12081603607146,10.675833333333333,37.12637909913451
0.9,15,high,8,175.89911764705886,112.8781492834125,63.02096836364642,64.44911764705883,32.851122256385416
0.9,10,high,20,255.16444444444446,180.6883221759769,74.47612226846749,57.01444444444445,32.32796181561662
0.9,15,high,0,0,0,0,0,0
0.9,10,low,14,70.84503663003663,144.28832964761753,-73.44329301758096,23.345036630036635,36.87841973770768
0.9,10,low,12,41.91469696969697,123.40451210176448,-81.48981513206749,19.614696969696972,35.886494083746385
0.9,10,low,18,86.67291666666668,185.4123346987512,-98.7394180320845,13.972916666666666,37.36278514920155
0.9,15,high,5,172.06168650793649,104.60767146227677,67.4540150456598,67.36168650793653,34.12118497579022
0.9,10,low,17,78.44833333333334,165.99312901023433,-87.54479567690096,11.798333333333334,37.87150738861265
0.9,10,low,16,73.1594017094017,154.9804177342877,-81.82101602488599,10.059401709401708,37.93086818473816
0.9,15,high,12,189.93326754385964,100.8424151700467,89.09085237381288,71.58326754385965,32.30187462950621
0.9,15,high,1,175.08653846153842,113.4334831934677,61.65305526807067,58.83653846153847,48.257807517792045
0.9,15,high,9,171.4888888888889,112.33379727129727,59.15509161759162,60.03888888888889,32.30677024427026
0.9,10,low,15,77.90786630036631,152.0016194766194,-74.09375317625312,21.407866300366305,36.033151008151016
0.9,10,low,19,102.78152777777777,194.4980618369163,-91.7165340591385,16.081527777777776,37.1692330080875
0.9,10,low,13,49.59386752136752,134.9303662982069,-85.33649877683936,18.293867521367524,38.22315909099964
0.9,15,high,6,171.83833333333334,104.98139055762896,66.85694277570443,67.13833333333334,34.49490407114246
0.9,10,low,18,88.21579365079364,173.5664710655422,-85.35067741474856,12.565793650793651,37.156561155632346
0.9,15,high,13,187.23023864809082,99.49232412506404,87.73791452302679,68.88023864809082,30.95178358452353
0.9,15,high,2,186.05208333333334,105.02093694694314,81.0311463863902,69.80208333333333,39.845261271267475
0.9,10,low,17,79.79333333333334,162.53944921886097,-82.74611588552763,9.693333333333335,37.02143120084296
0.9,15,high,10,181.46335434173668,113.2482958265853,68.21505851515141,70.01335434173669,33.22126879955828
0.9,10,low,16,85.48798701298702,162.16061915562685,-76.6726321426398,22.987987012987013,36.642601137608885
0.9,15,high,7,170.4819607843137,103.08679636868493,67.39516441562883,65.78196078431372,32.60030988219843
0.9,10,low,20,103.28819444444443,202.37714246982821,-99.08894802538381,11.588194444444445,36.21948481217057
0.9,15,high,0,0,0,0,0,0
0.9,10,low,14,52.42063492063492,142.5998945006685,-90.1792595800336,15.120634920634922,36.79358819436219
0.9,15,high,14,188.75401960784313,100.89887079565871,87.85514881218442,70.40401960784314,32.35833025511819
0.9,15,high,3,183.56791666666666,100.09344761709313,83.47446904957353,67.31791666666666,34.91777194141746
0.9,15,high,11,172.36852124183005,112.46437325055744,59.90414799127254,60.91852124183006,32.43734622353043
0.9,10,low,17,97.27007936507935,169.3633125359906,-72.09323317091123,23.77007936507937,35.01646568914372
0.9,10,low,18,86.02969696969697,172.31320221057058,-86.28350524087367,8.92969696969697,37.96635536372379
0.9,10,low,19,93.61083333333333,183.48235157677883,-89.87151824344558,12.960833333333335,37.612982207409445
0.9,10,low,15,60.84154970760234,151.41995129201013,-90.57840158440779,15.541549707602337,36.964996337055155
0.9,15,high,8,172.32097222222222,103.26882962935599,69.05214259286628,67.62097222222222,32.78234314286945
0.9,15,high,1,162.54611806665986,120.22079553151538,42.32532253514454,54.09611806665987,48.599173909893736
0.9,15,high,15,188.8357456140351,101.15557500979325,87.68017060424181,70.4857456140351,32.61503446925274
0.9,15,high,12,176.62305555555557,112.31649370333581,64.30656185221976,65.17305555555555,32.28946667630878
0.9,10,low,18,108.1545238095238,179.79326293745797,-71.63873912793417,21.654523809523813,36.527497171692225
0.9,15,high,4,182.19348856209152,99.35611186702522,82.83737669506635,65.9434885620915,34.1804361913495
0.9,10,low,20,100.42833333333333,192.46346103714524,-92.03512770381194,12.778333333333334,38.2157132893975
0.9,15,low,0,0,0,0,0,0
0.9,10,low,19,93.15745614035089,180.07525683783427,-86.91780069748339,12.05745614035088,37.44012170269911
0.9,15,high,2,180.25733031674207,110.87888666127829,69.37844365546378,71.80733031674208,39.25726503965669
0.9,10,low,16,69.30815789473685,159.72154269654266,-90.4133848018058,14.008157894736843,36.25757873257872
0.9,15,high,9,173.74206140350879,103.74202886768676,70.000032535822,69.04206140350877,33.25554238120028
0.9,15,low,1,74.68901310763539,129.17309681620824,-54.484083708572854,53.23901310763539,48.78120492431637
0.9,10,low,20,98.79499999999999,188.99992436242434,-90.2049243624244,11.695,38.07650093900094
0.9,15,low,0,0,0,0,0,0
0.9,10,low,19,112.08050420168067,187.4953935713998,-75.41488936971905,20.580504201680675,35.67106924707545
0.9,15,high,16,189.56926470588235,99.84097709465354,89.72828761122875,71.21926470588235,31.30043655411303
0.9,15,high,13,181.23958333333331,113.06542505818825,68.17415827514509,69.78958333333333,33.03839803116119
0.9,15,high,5,183.30382352941177,99.91815959579125,83.3856639336206,67.05382352941176,34.74248392011549
0.9,10,low,17,73.55111111111111,168.8800155155418,-95.32890440443074,11.25111111111111,37.307943443469746
0.9,15,high,3,182.16041666666666,106.53100117376437,75.62941549290233,73.71041666666666,34.90937955214272
0.9,15,high,10,171.63083333333333,102.9280793853162,68.7027539480171,66.93083333333334,32.44159289882975
0.9,15,low,2,56.875128205128206,122.91843824525716,-66.04331004012892,35.4251282051282,42.52654635336524
0.9,15,high,17,192.64624999999998,108.18404382680694,84.46220617319304,64.29625000000001,31.895755538518706
0.9,15,low,1,75.51888111888113,124.98396344572816,-49.46508232684704,49.86888111888112,49.63261209437682
0.9,10,low,20,120.13023809523811,197.09226471726467,-76.9620266220265,22.6302380952381,35.35803048303049
0.9,15,low,0,0,0,0,0,0
0.9,15,high,6,179.01791666666668,98.11379703709427,80.9041196295724,62.76791666666668,32.938121361418574
0.9,15,high,14,178.85458333333332,112.0890691134499,66.76551421988341,67.40458333333333,32.0620420864229
0.9,10,low,18,81.67217171717171,177.49451881553273,-95.82234709836099,12.372171717171717,36.823347644361576
0.9,15,high,4,182.69901960784313,104.69488051144403,78.00413909639913,74.24901960784314,33.073258889822355
0.9,15,high,11,169.54783410732716,103.71261652070478,65.83521758662245,64.84783410732715,33.22613003421827
0.9,15,low,3,52.0388141025641,117.6500466190095,-65.61123251644537,30.5888141025641,37.25815472711756
0.9,15,high,18,201.66222222222225,116.4209834532977,85.24123876892453,63.312222222222225,31.48404651636076
0.9,15,low,1,77.26982489732491,132.04366211622406,-54.773837218899146,54.76982489732491,48.94906752162944
0.9,15,low,2,78.60970085470085,116.68633624945541,-38.07663539475459,52.95970085470085,41.33498489810411
0.9,15,high,7,180.65968137254904,98.05659405585881,82.60308731669026,64.40968137254902,32.880918380183076
0.9,10,low,19,90.89277777777777,186.5238859937775,-95.63110821599993,15.592777777777778,36.75361572350736
0.9,15,high,15,181.95558006535947,113.14367418748225,68.81190587787724,70.50558006535948,33.116647160455216
0.9,15,high,5,182.67194444444445,104.13511317721844,78.536831267226,74.22194444444446,32.513491555596815
0.9,15,high,12,169.4115931372549,104.52222464292903,64.88936849432594,64.71159313725491,34.035738156442484
0.9,15,low,4,48.54827380952381,116.85313720410468,-68.30486339458088,27.09827380952381,36.46124531221281
0.9,15,low,2,57.203591800356506,126.1228289611803,-68.91923716082383,34.703591800356506,43.028234366585764
0.9,15,low,3,58.70152777777778,115.44291744818064,-56.74138967040279,33.05152777777778,40.09156609682925
0.9,15,high,19,210.91444444444446,127.18144969584598,83.7329947485985,62.56444444444445,32.60487311926941
0.9,10,low,20,91.91111111111113,196.43603479698683,-104.52492368587565,11.61111111111111,36.755854616806616
0.9,15,low,0,0,0,0,0,0
0.9,15,high,8,182.46075980392158,98.36428520252049,84.09647460140111,66.21075980392156,33.18860952684482
0.9,15,high,16,180.22250000000003,112.31913621426008,67.90336378574,68.77250000000001,32.29210918723302
0.9,15,high,6,183.67257352941178,104.74290427301263,78.92966925639914,75.22257352941175,33.121282651391
0.9,15,high,13,168.87617647058823,102.86884789055844,66.00732858002984,64.17617647058825,32.382361404071915
0.9,15,low,5,46.97559523809524,117.05607875886516,-70.08048352076993,25.52559523809524,36.664186866973246
0.9,15,low,4,64.92038461538462,113.10446827505652,-48.18408365967197,39.270384615384614,37.75311692370516
0.9,15,low,3,60.05666666666666,121.05496845767745,-60.99830179101079,37.556666666666665,37.96037386308285
0.9,15,high,20,217.37000000000003,135.5444838367439,81.82551616325614,59.02000000000002,32.13907843133848
0.9,15,low,0,0,0,0,0,0
0.9,15,low,1,79.73095862470862,126.70951977047177,-46.97856114576315,54.38095862470861,49.89870895966097
0.9,15,high,9,188.2530555555556,97.7194517523465,90.53360380320908,72.00305555555556,32.543776076670824
0.9,15,high,17,180.66214285714287,120.11162476967431,60.550518087468575,59.212142857142865,31.976489634539167
0.9,15,high,7,183.38140866873064,105.32432025160351,78.05708841712713,74.93140866873065,33.702698629981924
0.9,15,low,6,53.116057692307685,117.3587276257555,-64.24266993344779,31.666057692307692,36.96683573386359
0.9,15,high,14,169.97199346405228,103.66003356134935,66.31195990270292,65.27199346405229,33.173547074862874
0.9,15,low,5,70.82545454545455,113.41204608321482,-42.58659153776027,45.17545454545454,38.06069473186347
0.9,15,low,4,65.25025793650794,120.81964955850407,-55.56939162199616,42.750257936507936,37.72505496390944
0.9,15,low,1,72.45326345223404,128.68965908768538,-56.236395635451316,54.303263452234035,49.37884827687457
0.9,15,low,2,62.678364968364974,121.60375512542694,-58.925390157062026,37.328364968364966,44.79294431461615
0.9,15,high,18,189.56238095238098,129.14623387711623,60.41614707526469,58.11238095238095,32.72281045369281
0.9,15,high,8,185.33993421052634,104.33135452852945,81.00857968199688,76.88993421052632,32.70973290690783
0.9,15,high,10,186.4654901960784,97.83709053229175,88.62839966378662,70.21549019607843,32.6614148566161
0.9,15,low,7,60.29775793650795,117.00541500320918,-56.7076570667012,38.84775793650793,36.61352311131721
0.9,15,high,15,167.76536764705884,102.84333526713559,64.92203237992327,63.065367647058814,32.356848780649095
0.9,15,low,6,65.63133626177742,112.98681464207779,-47.35547838030037,39.981336261777436,37.635463290726456
0.9,15,low,5,75.65190476190476,120.078385856985,-44.42648109508018,53.15190476190477,36.98379126239034
0.9,15,low,2,63.49962007290954,122.19039200099566,-58.69077192808616,45.349620072909545,42.87958119018492
0.9,15,low,3,53.62970588235295,117.27316685184331,-63.64346096949036,28.279705882352943,40.46235604103251
0.9,15,high,11,183.90083333333334,98.55586996573842,85.34496336759494,67.65083333333334,33.38019429006271
0.9,15,high,19,198.82142857142856,136.52267218517215,62.29875638625637,57.37142857142858,31.720870383370382
0.9,15,high,9,181.705,104.36881493065708,77.33618506934296,73.25500000000001,32.74719330903541
0.9,15,high,16,169.5330637254902,103.20752599699968,66.32553772849046,64.8330637254902,32.721039510513194
0.9,15,low,8,58.35794191919192,116.850704606587,-58.49276268739501,36.90794191919192,36.458812714695064
0.9,15,low,7,64.20723622782447,112.31271397842603,-48.10547775060155,38.55723622782447,36.96136262707471
0.9,15,low,6,64.18095238095239,121.84778595765442,-57.666833576702004,41.680952380952384,38.75319136305977
0.9,15,low,3,69.61860722610723,118.64592899043365,-49.027321764326445,51.468607226107224,39.33511817962282
0.9,15,low,4,68.41166666666666,115.76664399388861,-47.35497732722193,43.06166666666666,38.95583318307777
0.9,15,high,20,209.00833333333335,145.00326762958338,64.00506570375,57.55833333333332,32.2735378998537
0.9,15,high,12,185.6624603174603,98.32727637936614,87.33518393809415,69.41246031746033,33.15160070369049
0.9,20,high,0,0,0,0,0,0
0.9,15,high,10,182.41477941176473,104.66935867303513,77.7454207387296,73.96477941176471,33.04773705141351
0.9,15,low,9,68.20096153846154,117.23320018525132,-49.03223864678972,46.75096153846154,36.84130829335936
0.9,15,high,17,171.565,111.34958651707879,60.21541348292119,56.86499999999999,32.664901832394094
0.9,15,low,8,53.62473813767931,112.29009703715586,-58.665358899476594,27.97473813767931,36.93874568580453
0.9,15,low,7,57.85291666666667,118.43812872973092,-60.585212063064276,35.352916666666665,35.3435341351363
0.9,15,low,4,71.5646153846154,117.3925573683701,-45.82794198375464,53.414615384615374,38.08174655755924
0.9,15,low,5,62.62428030303029,115.3063575070154,-52.682077203985116,37.27428030303031,38.49554669620459
0.9,15,high,13,177.94602272727272,97.99082230386414,79.95520042340867,61.69602272727273,32.81514662818842
0.9,20,high,1,158.52710622710623,122.2525668599198,36.27453936718639,53.67710622710622,50.56337767073062
0.9,15,low,10,61.591534992784986,117.98648180165205,-56.39494680886712,40.14153499278499,37.59458990976021
0.9,15,high,11,181.64242647058828,103.96547696868907,77.67694950189923,73.19242647058823,32.3438553470674
0.9,15,high,18,187.86499999999998,118.55907924715974,69.30592075284024,63.165,31.676196364276855
0.9,15,low,9,58.225039682539695,112.72713136768866,-54.50209168514893,32.57503968253968,37.375780016337295
0.9,15,low,8,59.62208333333333,118.52573914632735,-58.90365581299405,37.12208333333333,35.43114455173279
0.9,15,low,5,57.931264005602245,117.67339414065418,-59.742130135051966,39.78126400560224,38.36258332984339
0.9,15,low,6,50.501652236652234,115.36421413882712,-64.86256190217496,25.15165223665224,38.55340332801633
0.9,15,high,14,187.14408873805934,98.140516551546,89.00357218651335,70.89408873805932,32.96484087587027
0.9,15,low,11,58.831547619047626,117.81960836457739,-58.98806074552978,37.38154761904762,37.42771647268551
0.9,20,high,2,162.11024749373433,113.1270650286517,48.98318246508265,57.260247493734326,41.43787583946254
0.9,15,high,19,195.47500000000002,128.07369683468755,67.40130316531247,60.775,32.90252566351638
0.9,15,high,12,183.0126388888889,105.00736949030299,78.00526939858598,74.56263888888888,33.38574786868131
0.9,15,low,10,60.629127816627815,113.71162648968374,-53.08249867305595,34.979127816627816,38.36027513833241
0.9,15,low,9,70.2825,120.58564471064476,-50.303144710644716,47.782500000000006,37.491050116050104
0.9,15,low,6,62.233616997038055,116.05268462679453,-53.819067629756475,44.08361699703805,36.74187381598372
0.9,15,low,7,61.56863247863248,115.29920568871805,-53.730573210085595,36.21863247863247,38.48839487790725
0.9,15,high,15,184.0099419504644,98.21667531373414,85.79326663673028,67.7599419504644,33.040999638058466
0.9,15,high,20,206.71999999999997,136.23979589084084,70.4802041091591,62.02,33.14069679174167
0.9,15,high,13,179.21583333333336,104.38903860428631,74.82679472904708,70.76583333333333,32.76741698266464
0.9,15,low,12,44.03238053613053,116.55626132243778,-72.52388078630727,22.582380536130536,36.164369430545904
0.9,20,high,3,163.92874999999998,109.18723729671875,54.74151270328123,59.07874999999999,37.49804810752953
0.9,20,high,0,0,0,0,0,0
0.9,15,low,10,57.60330065359477,119.44584157819449,-61.84254092459976,35.10330065359477,36.351246983599935
0.9,15,low,11,67.81855843502902,112.81886376689009,-45.0003053318611,42.16855843502903,37.46751241553873
0.9,15,low,7,51.70975734791524,116.95616911793383,-65.2464117700186,33.55975734791525,37.64535830712301
0.9,15,low,8,58.47822510822512,115.62300931472758,-57.144784206502464,33.1282251082251,38.812198503916775
0.9,15,high,14,181.9954166666667,104.07897443803019,77.91644222863656,73.54541666666667,32.457352816408545
0.9,15,low,13,56.347454552671266,117.30794471467847,-60.960490162007176,34.89745455267127,36.91605282278657
0.9,15,high,16,182.36708333333334,98.71172535325012,83.65535798008322,66.11708333333334,33.536049677574454
0.9,20,high,4,165.8294947209653,108.37294820162468,57.45654651934065,60.97949472096532,36.68375901243547
0.9,20,high,1,164.44951950526254,125.29719446778272,39.15232503747983,52.99951950526255,49.472870143458366
0.9,15,low,11,51.81517857142857,119.58935843641717,-67.77417986498864,29.31517857142857,36.49476384182268
0.9,15,low,12,69.66872549019607,112.0033972738694,-42.33467178367337,44.018725490196076,36.65204592251807
0.9,15,low,8,47.67272727272728,116.09094282329579,-68.41821555056853,29.522727272727273,36.78013201248494
0.9,15,low,9,58.74083333333333,115.5885489290675,-56.84771559573417,33.39083333333333,38.77773811825669
0.9,15,high,15,182.04835784313724,103.16246744814859,78.88589039498868,73.59835784313725,31.54084582652694
0.9,15,high,17,182.22666666666666,106.21288699671052,76.01377966995615,55.97666666666667,32.74892303274657
0.9,15,low,14,53.18957264957264,115.63028804793514,-62.44071539836247,31.739572649572654,35.23839615604321
0.9,20,high,5,158.73450414781297,107.89488383041014,50.839620317402805,53.88450414781298,36.205694641220965
0.9,20,high,2,173.15276960784314,116.76748089116509,56.385288716678005,61.70276960784313,40.94315656684079
0.9,15,low,12,68.48917293233083,120.1113809085171,-51.62220797618632,45.989172932330824,37.01678631392254
0.9,15,low,13,70.04871041239463,112.36501303985823,-42.31630262746364,44.39871041239462,37.013661688506886
0.9,15,low,9,72.04118881118882,116.06375023967904,-44.02256142849018,53.89118881118882,36.7529394288682
0.9,15,high,16,180.76986111111108,104.97579956182896,75.79406154928212,72.31986111111112,33.35417794020735
0.9,15,low,10,56.873749999999994,113.41063127901369,-56.53688127901372,31.523749999999996,36.599820468202815
0.9,15,low,15,62.879999999999995,116.26500789441967,-53.38500789441967,41.43,35.87311600252777
0.9,15,high,18,200.21555555555557,114.79456848690599,85.42098706864964,63.965555555555554,33.22249641483386
0.9,20,high,6,164.4854411764706,107.97247137247138,56.512969803999255,59.63544117647059,36.28328218328219
0.9,15,low,13,51.14125,119.32073860100176,-68.1794886010018,28.641250000000003,36.226144006407175
0.9,20,high,3,178.40378759398496,112.75082873968321,65.65295885430173,66.95378759398497,36.926504415358906
0.9,15,low,14,54.99025247413406,112.44019802800769,-57.449945553873555,29.340252474134054,37.08884667665625
0.9,15,low,10,55.60397331254916,115.6307123661226,-60.026739053573436,37.45397331254916,36.31990155531177
0.9,15,high,17,186.505,110.7448832514622,75.7601167485378,68.05499999999999,31.55569406227301
0.9,15,low,11,67.59505050505051,113.0327968242442,-45.43774631919365,42.24505050505051,36.22198601343337
0.9,15,high,19,208.54428571428576,122.29770436875701,86.24658134552875,62.29428571428572,32.617524188576816
0.9,15,low,16,62.27134581105171,115.98325168766347,-53.71190587661176,40.82134581105169,35.591359795771545
0.9,20,high,7,160.78090314913842,106.13129384232323,54.64960930681521,55.930903149138445,34.44210465313407
0.9,20,high,4,177.16000128998968,111.85480395170796,65.30519733828166,65.71000128998968,36.03047962738365
0.9,15,low,15,64.45444444444445,112.34485262573502,-47.89040818129054,38.80444444444445,36.99350127438361
0.9,15,low,14,72.40743464052288,118.92955880544895,-46.522124164926,49.90743464052288,35.83496421085429
0.9,15,low,12,60.61137820512821,113.91193046193051,-53.30055225680223,35.261378205128196,37.10111965111965
0.9,15,low,11,62.55581002331003,115.5296379899321,-52.97382796662205,44.405810023310025,36.21882717912129
0.9,15,high,18,193.66000000000003,120.10328105254578,73.55671894745424,65.21,32.265443214707915
0.9,20,high,8,162.67352272727274,107.64141628719806,55.03210644007467,57.82352272727273,35.95222709800882
0.9,15,low,17,45.97931077694235,125.34344078883557,-79.36413001189322,16.529310776942353,36.483080428475155
0.9,15,high,20,214.26460526315788,131.7191658402185,82.54543942293941,58.01460526315789,33.39033701138965
0.9,20,high,0,0,0,0,0,0
0.9,20,high,5,180.0159283625731,112.18519494525688,67.83073341731628,68.56592836257309,36.360870620932545
0.9,15,low,15,55.18169871794872,119.61056496865322,-64.42886625070449,32.68169871794872,36.515970374058604
0.9,15,low,16,70.385,112.92000612650762,-42.53500612650768,44.735,37.568654775156325
0.9,15,low,13,75.35444444444445,112.91082790765454,-37.55638346321008,50.004444444444445,36.10001709684372
0.9,15,low,12,56.24878205128205,116.54303136435492,-60.29424931307284,38.09878205128205,37.23222055354408
0.9,15,high,19,204.57,129.5336769716801,75.03632302831991,66.12,33.04719048519359
0.9,20,high,9,162.7375595238095,107.49150311944439,55.24605640436522,57.88755952380952,35.80231393025511
0.9,15,low,18,53.242261904761904,134.37141611123806,-81.12915420647616,16.792261904761904,37.042587282409265
0.9,20,high,1,169.8057933732934,129.38938227889471,40.41641109439874,52.65579337329336,50.48397687348927
0.9,20,high,6,176.97875,109.18542900942282,67.79332099057716,65.52875,33.36110468509849
0.9,15,low,16,57.936080586080585,119.20949166804432,-61.27341108196372,35.436080586080585,36.11489707344969
0.9,15,low,17,51.48935897435898,120.59434874899269,-69.10498977463375,19.839358974358976,36.86461901926299
0.9,15,low,14,68.54435606060606,112.69270383020385,-44.14834776959772,43.19435606060606,35.88189301939302
0.9,15,low,13,49.85003205128205,114.64868808839398,-64.79865603711193,31.70003205128205,35.33787727758317
0.9,15,high,20,214.86999999999998,139.11847536847532,75.75152463152463,66.42,32.091448341448334
0.9,20,high,0,0,0,0,0,0
0.9,15,low,19,61.09414835164834,144.5036809412196,-83.4095325895713,17.644148351648347,38.16584310338182
0.9,20,high,10,159.95201923076925,106.63357708725358,53.31844214351568,55.10201923076924,34.94438789806437
0.9,20,high,2,173.40666666666667,119.55497379638248,53.85169287028421,56.25666666666666,40.64956839097705
0.9,15,low,17,55.64527777777778,129.6258131861073,-73.98053540832953,27.14527777777778,38.15284021313432
0.9,20,high,7,174.42511752136755,110.5126286680079,63.91248885335956,62.97511752136752,34.6883043436836
0.9,15,low,18,53.02750000000001,130.32909831625003,-77.30159831625002,15.377500000000001,37.410179397331106
0.9,15,low,14,59.85580693815988,115.88296042046039,-56.02715348230051,41.70580693815988,36.57214960964962
0.9,15,low,15,63.713024753024754,113.65418830484623,-49.94116355182146,38.36302475302475,36.843377494035394
0.9,20,high,1,173.49388278388275,113.04917677785323,60.444706006029506,57.993882783882796,49.84647407515058
0.9,15,low,20,65.3752380952381,151.76034817284813,-86.38511007761005,15.925238095238095,37.314402226902224
0.9,20,high,0,0,0,0,0,0
0.9,20,high,11,165.18133986928103,106.77860638425656,58.402733485024456,60.33133986928103,35.08941719506733
0.9,15,low,18,55.458611111111125,137.44440803512012,-81.98579692400897,19.95861111111111,36.96242605313813
0.9,20,high,3,180.17513888888888,114.45906864525286,65.71607024363603,63.02513888888889,35.55366323984746
0.9,20,high,8,171.87220588235294,110.68336763162608,61.188838250726775,60.422205882352934,34.859043307301825
0.9,15,low,19,59.08397435897435,138.384965299826,-79.30099094085162,13.433974358974359,36.81739773225842
0.9,15,low,15,52.888676470588244,115.1570757184147,-62.26839924782646,34.73867647058823,35.84626490760392
0.9,15,low,16,67.71612762237763,113.32001380089609,-45.603886178518536,42.36612762237762,36.509202990085335
0.9,20,high,1,166.13502136752135,120.74340154119565,45.391619826325694,58.735021367521355,48.7704285682227
0.9,20,high,2,178.88305555555556,100.70073985271357,78.18231570284202,63.383055555555565,37.49803715001084
0.9,20,high,12,160.12189393939394,106.77242413565939,53.349469803734536,55.27189393939394,35.083234946470256
0.9,15,low,19,60.035119047619034,146.07835846144673,-86.04323941382772,17.535119047619045,36.94772783081605
0.9,20,high,4,176.73333075335398,114.29527714295521,62.43805361039877,59.583330753353984,35.38987173754974
0.9,20,high,9,176.3609722222222,110.31252666252666,66.04844555969554,64.91097222222223,34.48820233820235
0.9,15,low,20,65.04833333333333,148.39798092499333,-83.34964759165995,12.398333333333333,37.731314258326634
0.9,20,low,0,0,0,0,0,0
0.9,15,low,17,51.35616883116884,121.25692013931179,-69.90075130814296,19.006168831168832,35.97764086003251
0.9,15,low,16,53.235797952047946,115.34983577483578,-62.114037822787836,35.08579795204795,36.03902496402497
0.9,20,high,2,179.58138888888888,112.38604944301538,67.19533944587347,72.18138888888888,40.41307647004241
0.9,20,high,3,179.63075757575757,96.55539646789647,83.0753611078611,64.13075757575757,33.352693765193756
0.9,20,high,13,160.0475759109312,106.94618535647948,53.101390554451726,55.19757591093118,35.25699616729028
0.9,15,low,20,66.79672619047619,155.24222214682746,-88.44549595635127,15.296726190476193,36.922402327007575
0.9,20,low,0,0,0,0,0,0
0.9,20,high,10,177.67240196078433,109.1769971743656,68.49540478641872,66.22240196078431,33.35267285004127
0.9,20,high,5,176.5825,113.1227156084354,63.45978439156461,59.432500000000005,34.21731020303002
0.9,20,low,1,69.99089620905411,134.8469945387515,-64.8560983296974,49.7408962090541,47.88753507929206
0.9,15,low,18,59.332835497835504,130.381518358492,-71.04868286065653,20.9828354978355,36.45359043056413
0.9,20,high,3,174.08374999999998,108.16614327601175,65.91760672398826,66.68375,36.19317030303872
0.9,15,low,17,45.557609531851014,123.39962834436514,-77.84201881251414,18.40760953185102,35.710439155176
0.9,20,high,4,179.02541666666667,97.49796365531661,81.52745301135006,63.52541666666667,34.29526095261389
0.9,20,high,14,158.9383393532852,106.57509263461277,52.36324671867243,54.088339353285164,34.88590344542357
0.9,20,low,1,72.3817787114846,129.95195453155978,-57.57017582007518,53.1817787114846,49.51952209912735
0.9,20,high,6,180.22083333333336,113.72509849154581,66.4957348417875,63.07083333333334,34.81969308614047
0.9,20,high,11,174.87295055821372,109.34648377411531,65.52646678409837,63.42295055821372,33.52215944979103
0.9,20,low,2,71.15772727272729,127.50392982026108,-56.34620254753378,50.90772727272728,40.54447036080162
0.9,15,low,19,64.69608946608948,139.90612740539208,-75.21003793930264,17.346089466089467,36.96919046845518
0.9,20,high,4,178.94750000000002,106.35195787765448,72.59554212234556,71.5475,34.3789849046815
0.9,15,low,18,55.747082157608475,132.0697219341956,-76.3226397765871,19.597082157608476,35.73188409635778
0.9,20,high,5,178.05019607843138,96.48103117050489,81.56916490792646,62.55019607843136,33.278328467802154
0.9,20,high,15,164.09063725490196,107.44362143038619,56.64701582451579,59.24063725490197,35.75443224119694
0.9,20,low,2,73.8597041847042,121.50239961745379,-47.642695432749605,54.65970418470418,41.06996718502136
0.9,20,high,12,174.52742647058827,110.02236256427427,64.50506390631394,63.07742647058823,34.19803823995001
0.9,20,high,7,177.24689542483662,114.08676266176263,63.16013276307399,60.09689542483661,35.18135725635726
0.9,20,low,3,57.24891774891775,125.37510368562997,-68.1261859367123,36.99891774891775,38.41564422617054
0.9,15,low,20,66.89295454545453,148.65899473740032,-81.76604019194582,12.542954545454545,37.43376951217509
0.9,20,low,0,0,0,0,0,0
0.9,20,high,5,178.74907894736845,105.95581474103143,72.79326420633703,71.34907894736844,33.98284176805848
0.9,15,low,19,58.161727178909835,141.1594248115533,-82.99769763264348,16.011727178909844,36.17293832506681
0.9,20,high,6,177.6227450980392,96.46835655585654,81.15438854218266,62.1227450980392,33.265653853153864
0.9,20,high,16,164.44875,106.01955116099852,58.429198839001415,59.598749999999995,34.33036197180933
0.9,20,high,13,177.07,109.67298669930246,67.39701330069754,65.62,33.84866237497817
0.9,20,low,3,53.23444444444444,118.92339376588599,-65.68894932144158,34.034444444444446,38.49096133345359
0.9,20,high,8,172.27021106215767,112.8788232707351,59.39138779142267,55.12021106215766,33.973417865329644
0.9,20,low,4,47.55690476190476,124.37000708177182,-76.81310231986703,27.306904761904764,37.41054762231233
0.9,20,low,1,79.65026990553307,128.91600638144757,-49.26573647591445,55.65026990553306,49.510600976042134
0.9,20,high,7,177.36444444444447,96.07107434212699,81.29337010231754,61.86444444444445,32.86837163942428
0.9,20,high,6,173.55960784313726,105.72136041346567,67.83824742967158,66.15960784313725,33.748387440492685
0.9,15,low,20,66.82930887825624,149.99591041502802,-83.16660153677181,16.679308878256244,36.27068518980285
0.9,20,low,0,0,0,0,0,0
0.9,20,high,17,160.0342530959752,105.28602720112006,54.74822589485514,55.18425309597524,33.5968380119309
0.9,20,high,14,173.03005952380954,110.09017087832876,62.93988864548078,61.58005952380952,34.265846554004455
0.9,20,low,4,45.66833333333334,115.97681175777154,-70.30847842443814,26.468333333333334,35.54437932533907
0.9,20,high,9,175.32046568627453,113.300918730911,62.01954695536354,58.17046568627451,34.39551332550559
0.9,20,low,5,56.8652380952381,124.30100435487431,-67.43576625963624,36.6152380952381,37.34154489541486
0.9,20,low,2,84.75489633173842,120.74906284612169,-35.99416651438327,60.75489633173843,41.343657440716264
0.9,20,high,8,180.35454248366014,95.91952889151031,84.43501359214984,64.85454248366014,32.7168261888076
0.9,20,high,7,175.79994281045754,104.81186148392032,70.98808132653728,68.3999428104575,32.83888851094733
0.9,20,low,1,73.8619536019536,137.24310313300256,-63.381149531048905,53.61195360195361,49.29715718705656
0.9,20,high,18,160.622665118679,105.09776199040905,55.524903128269955,55.77266511867905,33.40857280121987
0.9,20,low,5,40.993012820512824,116.45911951565976,-75.46610669514689,21.79301282051282,36.02668708322734
0.9,20,high,15,180.1640277777778,111.120464994691,69.0435627830868,68.71402777777777,35.296140670366675
0.9,20,low,6,57.96816933066933,123.92384850426645,-65.95567917359713,37.71816933066933,36.964389044807014
0.9,20,high,10,180.44440476190476,114.01672950771245,66.42767525419227,63.294404761904765,35.111324102307066
0.9,20,high,9,175.87460784313723,95.18562185117912,80.68898599195812,60.374607843137255,31.98291914847642
0.9,20,low,3,59.217713514555626,116.88811826052537,-57.67040474596972,35.21771351455562,37.48271285511997
0.9,20,low,2,86.1769536019536,130.17335842262312,-43.996404820669554,65.9269536019536,42.22741247667719
0.9,20,high,8,176.29094298245616,105.37863619469661,70.91230678775956,68.89094298245614,33.405663221723586
0.9,20,high,19,159.678048245614,105.64623131333661,54.03181693227744,54.828048245614035,33.95704212414738
0.9,20,low,6,54.225,116.39174900243009,-62.166749002430116,35.025,35.959316569997675
0.9,20,high,16,177.49142543859654,109.23601917727305,68.25540626132351,66.04142543859649,33.41169485294871
0.9,20,low,7,51.585238095238104,123.29328194227573,-71.70804384703763,31.3352380952381,36.333822482816295
0.9,20,high,11,182.6445588235294,113.37227011197596,69.2722887115534,65.4945588235294,34.46686470657059
0.9,20,high,10,182.5195394736842,96.45865475780333,86.06088471588086,67.0195394736842,33.255952055100664
0.9,20,low,4,71.625,116.44230612562656,-44.81730612562657,47.625,37.03690072022115
0.9,20,low,3,62.502083333333324,125.5849372263846,-63.082853893051286,42.25208333333333,37.638991280438646
0.9,20,high,20,160.09382352941174,104.26288420940121,55.83093932001053,55.243823529411756,32.57369502021206
0.9,20,high,9,173.42970588235295,104.67924110129995,68.750464781053,66.02970588235294,32.70626812832695
0.9,20,low,0,0,0,0,0,0
0.9,20,low,7,49.20757575757576,117.0943094916779,-67.88673373410217,30.007575757575758,36.661877059245484
0.9,20,low,8,56.747738095238105,123.49013293123197,-66.74239483599388,36.49773809523809,36.530673471772545
0.9,20,high,17,175.42570304437564,110.2448990390167,65.180804005359,63.975703044375656,34.420574714692364
0.9,20,high,12,176.27083333333334,112.5504675650573,63.720365768276,59.12083333333332,33.64506215965194
0.9,20,low,5,55.95244755244755,116.1590665285712,-60.20661897612362,31.952447552447552,36.75366112316576
0.9,20,high,11,185.45700980392158,96.4405219463269,89.0164878575947,69.95700980392158,33.23781924362419
0.9,20,low,4,68.48972222222223,125.60562688062687,-57.11590465840463,48.23972222222222,37.659680934680935
0.9,20,high,10,177.96944444444443,104.55452641439487,73.4149180300496,70.56944444444444,32.58155344142186
0.9,20,low,1,80.01534188034188,128.8977833073421,-48.88244142700029,54.515341880341886,48.60048601004483
0.9,20,low,9,48.24956699346406,123.45448824922511,-75.20492125576105,27.999566993464054,36.49502878976563
0.9,20,low,8,57.509358974358975,116.69518748926644,-59.185828514907456,38.30935897435898,36.262755056834
0.9,20,high,18,181.55166666666668,110.28550569777347,71.2661609688931,70.10166666666666,34.46118137344917
0.9,20,high,13,178.28661764705882,113.41353127603132,64.87308637102754,61.13661764705883,34.50812587062587
0.9,20,high,12,177.84180555555554,96.37960588622356,81.46219966933201,62.34180555555555,33.17690318352084
0.9,20,low,6,66.94833333333334,115.73050820550824,-48.78217487217485,42.94833333333334,36.32510280010279
0.9,20,low,5,48.03465423465424,125.49870942370947,-77.46405518905522,27.784654234654237,37.55276347776347
0.9,20,high,11,181.5275,105.76118848030616,75.76631151969389,74.1275,33.78821550733314
0.9,20,low,2,61.17956487956487,124.97846824150999,-63.79890336194514,35.679564879564886,44.68117094421274
0.9,20,low,10,66.22777777777779,125.2232839019604,-58.99550612418264,45.977777777777774,38.26382444250092
0.9,20,low,9,55.64041666666667,116.53827705340862,-60.89786038674198,36.44041666666667,36.10584462097621
0.9,20,high,19,179.46914215686274,110.26688963399491,69.20225252286785,68.01914215686274,34.44256530967057
0.9,20,high,14,177.60654188948305,113.56435791567374,64.04218397380936,60.45654188948307,34.65895251026829
0.9,20,high,13,181.14051470588234,96.21153533208484,84.92897937379746,65.64051470588234,33.00883262938216
0.9,20,low,7,56.40347222222222,115.61978970233616,-59.21631748011394,32.40347222222222,36.21438429693074
0.9,20,low,3,65.05899337504601,118.17329803258593,-53.114304657539876,39.55899337504601,37.87600073528866
0.9,20,low,6,57.56854312354314,125.92512109888274,-68.3565779753396,37.31854312354313,37.97917515293675
0.9,20,high,12,176.2078431372549,105.35439538968949,70.85344774756541,68.80784313725489,33.38142241671653
0.9,20,high,20,175.55819444444447,109.52584527584526,66.03234916859918,64.10819444444444,33.70152095152096
0.9,20,low,11,60.927480158730155,123.8907223568601,-62.96324219813001,40.677480158730155,36.93126289740067
0.9,20,low,10,63.7051388888889,115.98702295939135,-52.2818840705025,44.50513888888889,35.55459052695895
0.9,20,high,14,182.5584722222222,97.14520693344218,85.41326528878,67.05847222222222,33.94250423073953
0.9,20,high,15,179.3442269984917,112.50394052011701,66.84028647837468,62.19422699849171,33.59853511471158
0.9,20,low,8,69.59693362193363,116.69675381219491,-47.09982019026134,45.596933621933616,37.2913484067896
0.9,20,low,4,72.04666666666667,118.8383270295035,-46.79166036283681,46.54666666666667,38.54102973220619
0.9,20,low,7,63.24680250305249,124.78081230434175,-61.5340098012892,42.99680250305251,36.83486635839576
0.9,20,high,13,179.9257843137255,105.46686777344672,74.45891654027878,72.5257843137255,33.49389480047375
0.9,20,low,11,42.70065476190476,116.73357996732611,-74.03292520542131,23.500654761904762,36.301147534893666
0.9,20,low,12,61.960882173382174,124.1650562440036,-62.20417407062148,41.710882173382174,37.20559678454415
0.9,20,high,16,181.61233746130029,112.20832444508916,69.40401301621114,64.46233746130031,33.302919039683744
0.9,20,high,15,177.62763888888887,96.21088702748916,81.41675186139967,62.127638888888896,33.00818432478649
0.9,20,low,5,71.35921052631579,116.71449561995227,-45.35528509363651,45.85921052631579,36.41719832265499
0.9,20,low,9,72.94550505050505,115.76067792681563,-42.81517287631061,48.94550505050505,36.35527252141031
0.9,20,low,12,42.258007703081226,117.17631099055257,-74.91830328747125,23.058007703081234,36.74387855812003
0.9,20,low,8,53.08309523809523,124.0434984608359,-70.96040322274072,32.83309523809524,36.097552514889976
0.9,20,low,13,68.13517857142858,123.96706413022208,-55.831885558793445,47.88517857142857,37.00760467076256
0.9,20,high,14,179.7706359649123,105.06624549639258,74.70439046851975,72.37063596491228,33.09327252341957
0.9,20,high,17,179.12198529411762,112.67968144941825,66.4423038446994,61.971985294117644,33.77427604401289
0.9,20,low,6,67.94954715219421,116.21694510885688,-48.26739795666266,42.449547152194214,35.919647811559585
0.9,20,high,16,177.67508771929823,96.62829128684389,81.0467964324543,62.17508771929825,33.42558858414124
0.9,20,low,10,66.59809523809524,116.72428782003085,-50.12619258193564,42.59809523809524,37.318882414625456
0.9,20,low,13,46.46220238095238,116.38600112377205,-69.92379874281966,27.26220238095238,35.95356869133958
0.9,20,low,14,77,124.24791580523002,-47.247915805230036,56.75,37.28845634577059
0.9,20,high,15,180.12441176470588,104.65421252774198,75.47019923696392,72.72441176470588,32.68123955476897
0.9,20,low,9,63.087878787878786,124.77393175934195,-61.686052971463205,42.837878787878786,36.82798581339603
0.9,20,low,7,58.34079254079255,116.32300823252834,-57.982215691735746,32.84079254079255,36.025710935231075
0.9,20,high,18,179.16372807017544,112.57911454443962,66.5846135257358,62.013728070175446,33.67370913903422
0.9,20,high,17,178.39997549019606,96.17603852998592,82.22393696021015,62.899975490196084,32.973335827283194
0.9,20,low,10,69.77247474747473,124.66518677652583,-54.89271202905104,49.52247474747475,36.71924083057984
0.9,20,low,11,81.23944444444444,115.21769132357369,-33.97824687912923,57.23944444444444,35.81228591816828
0.9,20,low,15,52.011616541353376,123.31054459142696,-71.29892805007358,31.761616541353384,36.35108513196749
0.9,20,low,14,53.20709125755566,116.44279842174576,-63.23570716419013,34.00709125755565,36.010365989313364
0.9,20,high,16,177.2698774509804,104.14445053895514,73.12542691202522,69.8698774509804,32.17147756598222
0.9,20,high,19,177.06205316742083,112.71033703982621,64.35171612759463,59.91205316742082,33.8049316344208
0.9,20,low,8,67.17651960784315,116.17987834442945,-49.00335873658631,41.67651960784314,35.88258104713212
0.9,20,high,18,179.00139705882356,96.28700829567701,82.71438876314654,63.50139705882352,33.08430559297433
0.9,20,low,12,69.81944444444443,115.5825380589312,-45.76309361448682,45.81944444444444,36.17713265352585
0.9,20,low,16,70.0274358974359,123.15766708289931,-53.13023118546337,49.7774358974359,36.198207623439814
0.9,20,low,11,70.67277777777778,125.11554017656955,-54.44276239879183,50.422777777777775,37.16959423062364
0.9,20,low,15,56.67741758241757,115.8666729266961,-59.18925534427854,37.47741758241758,35.43424049426372
0.9,20,high,20,178.57320261437908,112.43000444985742,66.14319816452168,61.42320261437909,33.52459904445198
0.9,20,high,17,182.226568627451,104.70256684730361,77.52400178014736,74.82656862745098,32.72959387433073
0.9,20,low,9,63.65443609022556,117.15865395671896,-53.50421786649342,38.15443609022556,36.86135665942167
0.9,20,low,13,65.6392513368984,116.3019703787506,-50.66271904185221,41.6392513368984,36.896564973345164
0.9,20,high,19,177.67680555555555,96.62334399025575,81.0534615652998,62.17680555555556,33.42064128755305
0.9,20,low,17,60.652499999999996,122.91203568630041,-62.25953568630042,40.402499999999996,35.95257622684093
0.9,20,low,12,46.310064102564105,125.1325302759513,-78.82246617338726,26.060064102564105,37.18658433000539
0.9,20,low,16,42.212738095238095,115.9260195345722,-73.71328143933407,23.0127380952381,35.49358710213973
0.9,20,low,10,57.079448051948056,116.69959555420084,-59.620147502252784,31.579448051948056,36.40229825690353
0.9,20,high,18,177.4768201754386,104.50084464554281,72.9759755298958,70.0768201754386,32.52787167256981
0.9,20,low,14,53.99424242424243,116.95241437950412,-62.95817195526169,29.994242424242422,37.54700897409876
0.9,20,high,20,180.51833333333332,95.66795450030742,84.85037883302591,65.01833333333335,32.46525179760475
0.9,20,low,13,61.858814102564125,125.05956389311652,-63.20074979055238,41.608814102564104,37.11361794717057
0.9,20,low,18,54.375883838383835,122.96665043398791,-68.59076659560401,34.12588383838384,36.007190974528434
0.9,20,low,17,54.525,116.94817274948853,-62.42317274948861,35.325,36.51574031705613
0.9,20,low,11,63.227013305322124,115.87730205377264,-52.650288748450514,37.727013305322124,35.58000475647534
0.9,20,high,19,179.7894117647059,104.01032222464111,75.77908954006476,72.38941176470588,32.03734925166812
0.9,20,low,15,63.02571428571429,115.4166197613566,-52.3909054756423,39.02571428571428,36.01121435595121
0.9,20,low,14,61.219230769230776,124.1117310183487,-62.8925002491179,40.96923076923077,36.16578507240273
0.9,20,low,19,49.617361111111116,122.83541913123959,-73.21805802012844,29.367361111111116,35.875959671780095
0.9,20,low,18,55.91685897435898,117.3428848352997,-61.42602586094072,36.71685897435898,36.910452402867264
0.9,20,low,15,60.33006410256411,123.97353448340293,-63.64347038083878,40.0800641025641,36.027588537456964
0.9,20,low,12,65.31838235294119,115.1756432670519,-49.85726091411078,39.81838235294118,34.87834596975465
0.9,20,low,16,50.69175706646295,115.61062187494076,-64.91886480847782,26.691757066462948,36.20521646953535
0.9,20,high,20,176.88240896358542,104.15206603410942,72.73034292947602,69.48240896358543,32.1790930611364
0.9,20,low,20,53.745032679738564,122.55936183583246,-68.81432915609389,33.495032679738564,35.59990237637295
0.9,20,low,19,56.494568421774304,116.1810218619042,-59.68645344012994,37.2945684217743,35.74858942947178
0.9,20,low,17,63.9,114.85562806371627,-50.95562806371627,39.9,35.45022265831089
0.9,20,low,16,66.02964743589743,124.72597825442254,-58.69633081852513,45.77964743589744,36.78003230847657
0.9,20,low,13,66.8926175213675,116.35478355346773,-49.46216603210026,41.39261752136753,36.05748625617047
0.9,20,low,18,64.35421356421355,115.28499020182454,-50.93077663761103,40.354213564213566,35.87958479641917
0.9,20,low,20,47.083002765208654,116.58361770594743,-69.50061494073881,27.88300276520865,36.151185273515
0.9,20,low,17,50.30847096530919,123.53505117978797,-73.22658021447879,30.058470965309205,35.58910523384207
0.9,20,low,14,59.33167462439521,117.2653016064781,-57.93362698208285,33.83167462439521,36.96800430918079
0.9,20,low,18,54.69338490456912,126.19133184241547,-71.49794693784636,34.443384904569115,38.24538589646948
0.9,20,low,19,57.55017316017315,115.1908653601378,-57.640692199964626,33.55017316017315,35.78545995473241
0.9,20,low,15,60.401899350649344,115.76032266581795,-55.358423315168665,34.901899350649344,35.46302536852073
0.9,20,low,19,44.87923076923077,124.4248588703697,-79.54562810113894,24.62923076923077,36.47891292442376
0.9,20,low,16,63.195952380952384,115.21855723032193,-52.02260484936951,37.69595238095238,34.92125993302463
0.9,20,low,20,69.58761904761906,114.17156692083165,-44.583947873212566,45.58761904761904,34.766161515426234
0.9,20,low,20,54.90756410256411,123.86047060652321,-68.95290650395916,34.6575641025641,35.9145246605773
0.9,20,low,17,66.27630425130425,116.05499502964675,-49.778690778342494,40.77630425130425,35.75769773234944
0.9,20,low,18,66.42639499389499,115.88023044052453,-49.45383544662951,40.926394993894995,35.58293314322727
0.9,20,low,19,58.83240914786967,116.34240598857471,-57.509996840705114,33.33240914786968,36.04510869127742
0.9,20,low,20,59.914147992530346,116.55025536356807,-56.636107371037696,34.414147992530346,36.25295806627077
