school-transportation-cost,traffic-lights?,high-income-percentage,with-school-choice?,alpha,D-segregation,delta-Achievement
10,true,20,true,0.1,0.37367522887462434,0.5217932020337841
10,true,20,true,0.1,0.33243807404420206,0.44968578370887435
10,true,20,true,0.1,0.31600919786573783,0.47431541443736247
10,true,20,true,0.1,0.3360139636859023,0.46516701436540053
10,true,20,true,0.1,0.3811957128058012,0.6509205387495047
10,true,20,true,0.1,0.3592991836981711,0.49870004870313167
10,true,20,true,0.1,0.3502469805864864,0.5539554326189675
10,true,20,true,0.1,0.3370298809099847,0.43136391820286857
10,true,20,true,0.1,0.38303497307307505,0.5673439342084245
10,true,20,true,0.1,0.40879116200855703,0.357676376791237
10,true,20,true,0.1,0.3333567761445952,0.4168730464204575
10,true,20,true,0.1,0.3563890248834586,0.479141647427765
10,true,20,true,0.1,0.37578867983166947,0.6523026732921995
10,true,20,true,0.1,0.39021131892154476,0.5921908285118231
10,true,20,true,0.1,0.36232558139534893,0.5273416052786528
10,true,20,true,0.1,0.43090486405885947,0.7518507112150088
10,true,20,true,0.1,0.3675395907178899,0.6448224211037648
10,true,20,true,0.1,0.3487846751603866,0.46117677861503736
10,true,20,true,0.1,0.3280282592894243,0.358807130124406
10,true,20,true,0.1,0.39181619064601747,0.6787716987084593
10,true,20,true,0.1,0.44854545454545464,0.7137995662951804
10,true,20,true,0.1,0.3147310227193712,0.3994127861392087
10,true,20,true,0.1,0.3533369844455414,0.4760146767906299
10,true,20,true,0.1,0.4225529152378444,0.6384637386147274
10,true,20,true,0.1,0.41136611050632055,0.5382030837173186
10,true,20,true,0.1,0.2993320493175978,0.3477033437092176
10,true,20,true,0.1,0.3260128212633921,0.43259065699326626
10,true,20,true,0.1,0.41325506396861933,0.7247965543187371
10,true,20,true,0.1,0.3292064622872342,0.39066863970415255
10,true,20,true,0.1,0.35987376557736794,0.453249455811088
10,true,20,true,0.2,0.486249423384799,0.5542842760920612
10,true,20,true,0.2,0.3630726042462117,0.3022408719909162
10,true,20,true,0.2,0.5031609868239001,0.9614205454599789
10,true,20,true,0.2,0.5786268295895677,0.9522538206105464
10,true,20,true,0.2,0.5248400963306316,0.744326808185547
10,true,20,true,0.2,0.4996594339447621,0.7772256164474625
10,true,20,true,0.2,0.4673458375601649,0.5562511166836526
10,true,20,true,0.2,0.39166666666666655,0.49636001876275593
10,true,20,true,0.2,0.48007676110770536,0.7038661314259507
10,true,20,true,0.2,0.5329211178793353,0.7165588865796568
10,true,20,true,0.2,0.4947137280416396,0.9076792973002403
10,true,20,true,0.2,0.4706968647414489,0.48552674624129466
10,true,20,true,0.2,0.4154854154854155,0.44616408147092645
10,true,20,true,0.2,0.4578683743075622,0.842256395762015
10,true,20,true,0.2,0.5132727272727273,0.6402070306586936
10,true,20,true,0.2,0.5662997054588355,1.0222029220259916
10,true,20,true,0.2,0.36177937018411,0.45056304577752737
10,true,20,true,0.2,0.5309203018101589,0.6835180362457463
10,true,20,true,0.2,0.42860582402917896,0.6150015729937133
10,true,20,true,0.2,0.5106508512495909,0.6931038015811737
10,true,20,true,0.2,0.3570510782382383,0.5826432336162792
10,true,20,true,0.2,0.45528595469969907,0.6586932054789969
10,true,20,true,0.2,0.4597690843380141,0.6014225741841592
10,true,20,true,0.2,0.41114405732641457,0.541353627467724
10,true,20,true,0.2,0.4388360015100963,0.6502550052790559
10,true,20,true,0.2,0.4133510186317382,0.6253918652193322
10,true,20,true,0.2,0.5218291644200638,0.6579992711726188
10,true,20,true,0.2,0.5123692097376307,0.776932937790038
10,true,20,true,0.2,0.5637509781758109,0.9154220924211707
10,true,20,true,0.2,0.4559946564970695,0.6664821670098897
10,true,20,true,0.3,0.5499691336854381,0.7551229315609307
10,true,20,true,0.3,0.48551360246448344,0.9480211312513669
10,true,20,true,0.3,0.5723506347556063,0.8832037700519706
10,true,20,true,0.3,0.5300069300069298,0.5360734574080182
10,true,20,true,0.3,0.5234465540305856,0.8203422425937923
10,true,20,true,0.3,0.4383660784605886,0.5458447967645785
10,true,20,true,0.3,0.49985754212682826,0.7505066593626193
10,true,20,true,0.3,0.6180520676377032,0.6641133598961151
10,true,20,true,0.3,0.5497744102872945,0.6210080640399891
10,true,20,true,0.3,0.49163636363636365,0.8594222557253675
10,true,20,true,0.3,0.6305156916778075,0.8951734676022296
10,true,20,true,0.3,0.44714241439281593,0.5746282182150431
10,true,20,true,0.3,0.5767202410848817,0.9038307876134279
10,true,20,true,0.3,0.4956448202959833,0.6724432665728699
10,true,20,true,0.3,0.4573257192446865,0.4775455577112435
10,true,20,true,0.3,0.6895435533733407,1.525938811020926
10,true,20,true,0.3,0.4363974954663364,0.36576427349731944
10,true,20,true,0.3,0.5256439279494811,0.5214374641008463
10,true,20,true,0.3,0.4639635802474671,0.6813993239649818
10,true,20,true,0.3,0.7436767085439642,0.9765209757015842
10,true,20,true,0.3,0.4650880409207509,0.4819552161113396
10,true,20,true,0.3,0.5406808240865337,0.8191791416576182
10,true,20,true,0.3,0.479019829754921,0.43529032355929065
10,true,20,true,0.3,0.6047227881250921,0.7896712246301112
10,true,20,true,0.3,0.5035881174899867,0.5567104233916593
10,true,20,true,0.3,0.40501831159803703,0.41165961426896747
10,true,20,true,0.3,0.4291546653278017,0.3991639277882273
10,true,20,true,0.3,0.5818027655641028,0.4880296573218992
10,true,20,true,0.3,0.4904337100448748,0.5473903409397547
10,true,20,true,0.3,0.6014174395689826,0.9016662460683742
10,true,20,true,0.4,0.7963544282605056,1.381467231248867
10,true,20,true,0.4,0.6906644984847363,0.8921201871235374
10,true,20,true,0.4,0.5453761622429585,0.674729456001331
10,true,20,true,0.4,0.5239597985991666,0.4574644244002437
10,true,20,true,0.4,0.8246565183200889,1.075722580978125
10,true,20,true,0.4,0.40034732586220934,0.5514632940197934
10,true,20,true,0.4,0.49373469170423495,0.4428486997492467
10,true,20,true,0.4,0.6082270452064628,0.7367130360705456
10,true,20,true,0.4,0.6212962962962962,1.0853206299763452
10,true,20,true,0.4,0.7194752440363931,0.8404264838818287
10,true,20,true,0.4,0.6355026254142162,0.37010384508521454
10,true,20,true,0.4,0.39620713237384636,0.44817845824273395
10,true,20,true,0.4,0.5610810069277727,0.5921170091210968
10,true,20,true,0.4,0.5762790697674415,0.5938008523030538
10,true,20,true,0.4,0.7831698609281846,1.264401713716409
10,true,20,true,0.4,0.5142770193896182,0.5632257969500198
10,true,20,true,0.4,0.4324866140533407,0.4158636009069445
10,true,20,true,0.4,0.6586206896551725,1.0322924129651332
10,true,20,true,0.4,0.5730102825682131,0.7200800345061786
10,true,20,true,0.4,0.6147990481971838,0.38452907225341715
10,true,20,true,0.4,0.5774444319712618,0.7338853839521784
10,true,20,true,0.4,0.5460533297014837,0.3064191609677476
10,true,20,true,0.4,0.5438426038377459,0.6571292870416467
10,true,20,true,0.4,0.6972722022635396,1.0109926596821133
10,true,20,true,0.4,0.49012000314627807,0.8640876830023902
10,true,20,true,0.4,0.48394419247061676,0.44185645419246367
10,true,20,true,0.4,0.6473605891027969,0.8979453957998516
10,true,20,true,0.4,0.6044381974614532,0.5537968878783497
10,true,20,true,0.5,0.5123837834855298,0.39414002811047055
10,true,20,true,0.4,0.7010978048196268,0.564252231241789
10,true,20,true,0.4,0.5231783691524013,0.6034599547350528
10,true,20,true,0.5,0.7560468472954469,0.7893566684717745
10,true,20,true,0.5,0.7985791717274351,1.151184736885746
10,true,20,true,0.5,0.7494493601908376,0.8847886779963625
10,true,20,true,0.5,0.6522357350153553,0.8385203857970058
10,true,20,true,0.5,0.5443551797040169,0.177726224841261
10,true,20,true,0.5,0.7074427171888917,1.0451415022993853
10,true,20,true,0.5,0.600728557940133,0.9830375835778087
10,true,20,true,0.5,0.4821143189747697,0.5165908818582761
10,true,20,true,0.5,0.7754672897196261,1.1067065280768968
10,true,20,true,0.5,0.8792379935077548,0.8319895897450733
10,true,20,true,0.5,0.4912591705183519,0.4976080526660178
10,true,20,true,0.5,0.6482371333961207,0.9043855566450985
10,true,20,true,0.5,0.5320237262906244,0.5514801986968445
10,true,20,true,0.5,0.6216140205980043,0.7038374550015485
10,true,20,true,0.5,0.7184862833419258,0.7782175649730636
10,true,20,true,0.5,0.7052153241086937,1.102102979004795
10,true,20,true,0.5,0.7794676806083652,1.3508440681204759
10,true,20,true,0.5,0.7306879674169949,0.922573667413995
10,true,20,true,0.5,0.4534418800253582,0.7167146065408243
10,true,20,true,0.5,0.5997718901724427,0.5921761477841221
10,true,20,true,0.5,0.45471802578501935,0.18345660116390405
10,true,20,true,0.5,0.5400967205063844,0.8057782423423072
10,true,20,true,0.5,0.6916974238024902,0.8735134664078146
10,true,20,true,0.5,0.5516467572070605,0.483156806165594
10,true,20,true,0.5,0.6853838796626379,1.1344173768768409
10,true,20,true,0.5,0.6112543647596026,0.6006618644707373
10,true,20,true,0.5,0.6265196269410279,0.8103510618028622
10,true,20,true,0.5,0.7129963898916968,1.8368623830941084
10,true,20,true,0.5,0.44872502279448634,0.522156209082075
10,true,20,false,0.1,0.193344739684444,-0.011402427917271751
10,true,20,false,0.1,0.16512563427672097,0.09908746737052798
10,true,20,false,0.1,0.18168943944722835,-0.04120600194625812
10,true,20,false,0.1,0.17821313060896282,-0.056201911850711106
10,true,20,false,0.1,0.18537301357403385,-0.08823688965075771
10,true,20,false,0.1,0.1685208431042569,0.018184789347940544
10,true,20,false,0.1,0.18903820684547154,0.1031832846398002
10,true,20,false,0.1,0.16360737979698525,-0.028203698783005215
10,true,20,false,0.1,0.18200210949431622,0.001018422556385623
10,true,20,false,0.1,0.1681014293370366,-0.09600107248130385
10,true,20,false,0.1,0.22063588419561642,0.11313034910671593
10,true,20,false,0.1,0.17878489326765185,0.017667491497603827
10,true,20,false,0.1,0.16631111736252738,0.0724740556469543
10,true,20,false,0.1,0.18541946239292484,0.029701705529361355
10,true,20,false,0.1,0.18969555035128804,-0.051796058937259915
10,true,20,false,0.1,0.1692399172315283,0.014190300151781798
10,true,20,false,0.1,0.19264144332888605,-0.0034459192908222747
10,true,20,false,0.1,0.1889677388281028,0.06620964101371918
10,true,20,false,0.1,0.1847716672173599,-0.004009546123152852
10,true,20,false,0.1,0.19387590652699432,0.010890098679196214
10,true,20,false,0.1,0.16598684928516858,0.035391772061363014
10,true,20,false,0.1,0.15039533964617874,0.00867042592215661
10,true,20,false,0.1,0.1751795172259969,0.05951339561707414
10,true,20,false,0.1,0.18607707165700896,-0.06461403009582778
10,true,20,false,0.1,0.17758345331368047,0.010144477336322844
10,true,20,false,0.1,0.17806038055084614,0.012143827668510632
10,true,20,false,0.1,0.18548440065681443,0.0725064551120127
10,true,20,false,0.1,0.16718158567774938,-0.01863531180360134
10,true,20,false,0.1,0.2009612538214817,0.027187588573865717
10,true,20,false,0.1,0.16326998167184636,-0.07602419873941813
10,true,20,false,0.2,0.17092399179394302,-0.08325196125070278
10,true,20,false,0.2,0.2136219578024976,-0.045340959591968044
10,true,20,false,0.2,0.17935609571814848,0.0038061444954635704
10,true,20,false,0.2,0.19825110061204762,-0.0639093705174707
10,true,20,false,0.2,0.21111111111111117,0.03570318193855915
10,true,20,false,0.2,0.19118057215714393,-0.02599893549354526
10,true,20,false,0.2,0.14866210664791515,-0.026562747270624243
10,true,20,false,0.2,0.18734207397644054,0.014732726780927408
10,true,20,false,0.2,0.18894452087469288,0.07642661428118558
10,true,20,false,0.2,0.1817432495086982,-0.023738803028756195
10,true,20,false,0.2,0.20965852588217396,-0.07930399677856137
10,true,20,false,0.2,0.17886660866636728,-0.053546685798568916
10,true,20,false,0.2,0.18607799807027917,-0.007504008129284756
10,true,20,false,0.2,0.16879612768776478,0.004050814012183324
10,true,20,false,0.2,0.2116933851509999,9.91131169576498E-4
10,true,20,false,0.2,0.180295566502463,0.002729318170156425
10,true,20,false,0.2,0.19439567505938898,-0.011293621044750957
10,true,20,false,0.2,0.1904338968058612,1.1714607202328864E-4
10,true,20,false,0.2,0.17356066221892763,8.455196897827477E-5
10,true,20,false,0.2,0.19468702434894267,0.11667493023486841
10,true,20,false,0.2,0.18372680654990467,-0.009058616160389832
10,true,20,false,0.2,0.17206893187224317,0.009204043472783141
10,true,20,false,0.2,0.1885937163356805,0.032946027631855834
10,true,20,false,0.2,0.19845454545454544,0.035609551260503025
10,true,20,false,0.2,0.18832937898308832,-0.012426110170391524
10,true,20,false,0.2,0.18572298061038173,4.5111809836306804E-4
10,true,20,false,0.2,0.2042638554957485,0.03365803429864567
10,true,20,false,0.2,0.18446016980934873,-0.03230257835250949
10,true,20,false,0.2,0.18481048731832428,-0.018779995801700977
10,true,20,false,0.2,0.1830438756855576,-0.007702567739301003
10,true,20,false,0.3,0.18282891019908787,0.0550536146439109
10,true,20,false,0.3,0.165483962531933,0.0026909175768023985
10,true,20,false,0.3,0.1894541451727784,0.05168708046309067
10,true,20,false,0.3,0.1906035515807265,0.02870122998190272
10,true,20,false,0.3,0.1811059149294923,-0.007394036149000804
10,true,20,false,0.3,0.19647481167608302,-0.054308193088158596
10,true,20,false,0.3,0.18438240696283084,-0.02964168464907946
10,true,20,false,0.3,0.18643964736056703,0.049423919598460486
10,true,20,false,0.3,0.1994040133830243,-0.02761364515092435
10,true,20,false,0.3,0.1861043361895923,0.016915028279796296
10,true,20,false,0.3,0.17086465145307028,0.023490608195367635
10,true,20,false,0.3,0.20564306502854865,0.03192293022125536
10,true,20,false,0.3,0.18693665656195219,-0.010599883346368522
10,true,20,false,0.3,0.19840650693294976,0.0220946775590507
10,true,20,false,0.3,0.19572522856436866,0.018532945863484862
10,true,20,false,0.3,0.18216313525465622,0.003965476528826173
10,true,20,false,0.3,0.1947741095712559,-0.06664996573063053
10,true,20,false,0.3,0.1921779464473961,-0.048115943238474124
10,true,20,false,0.3,0.1662960217445021,0.06121020182171932
10,true,20,false,0.3,0.15971128306400592,0.02672159494834503
10,true,20,false,0.3,0.17976277224516238,0.01994730629200081
10,true,20,false,0.3,0.19759229808991258,-0.006049679645058426
10,true,20,false,0.3,0.15558582550226013,-0.0669001125856239
10,true,20,false,0.3,0.17775657616028423,-0.057918295960452504
10,true,20,false,0.3,0.1829017829017829,0.00963039056635484
10,true,20,false,0.3,0.1885309586421229,-0.10549973113742706
10,true,20,false,0.3,0.16949825443051927,0.04594942167909899
10,true,20,false,0.3,0.20198838654589824,-0.09944423460669771
10,true,20,false,0.3,0.19010570824524303,-0.050749947989874755
10,true,20,false,0.3,0.21176281496718255,0.05772362372596618
10,true,20,false,0.4,0.18405511080468337,0.0030879945766653094
10,true,20,false,0.4,0.1915514558289541,0.018356898501320273
10,true,20,false,0.4,0.17864410739426886,-0.0859613083594839
10,true,20,false,0.4,0.17899712971174264,-0.02280836117379259
10,true,20,false,0.4,0.18748306293186817,0.04759652132016523
10,true,20,false,0.4,0.20261422873705187,0.03646428978024474
10,true,20,false,0.4,0.17977581457205283,0.036667072480572216
10,true,20,false,0.4,0.19923230974632855,-0.05171398278504924
10,true,20,false,0.4,0.15949334279166213,-0.060927646099016464
10,true,20,false,0.4,0.16262156448202955,-0.03376621846675576
10,true,20,false,0.4,0.18604440720266482,-0.007876760970552787
10,true,20,false,0.4,0.157206754738194,-0.056044278346857546
10,true,20,false,0.4,0.19567779008165292,-0.08348411935686162
10,true,20,false,0.4,0.18830283310190468,-0.0025122462016193836
10,true,20,false,0.4,0.1965120545638988,-0.03802008556367831
10,true,20,false,0.4,0.1875775906241296,-0.0861431844052376
10,true,20,false,0.4,0.19097387251254594,-0.0187289432188944
10,true,20,false,0.4,0.16126692109359103,-0.09233375707122349
10,true,20,false,0.4,0.20160913816178536,0.10620998842341489
10,true,20,false,0.4,0.16670607669163012,-0.0018243409201081917
10,true,20,false,0.4,0.19499197132950133,0.03273542991197331
10,true,20,false,0.4,0.17423419356368647,-0.024319435639077902
10,true,20,false,0.4,0.18011485440585728,-0.07857754547044937
10,true,20,false,0.4,0.16212447206948763,0.01593449261476021
10,true,20,false,0.4,0.1857610815418245,-0.02695896742215176
10,true,20,false,0.4,0.1607824948161083,0.047827087638246724
10,true,20,false,0.4,0.20598863117001828,0.035405369131880526
10,true,20,false,0.4,0.18188486008727509,-0.056884100194377396
10,true,20,false,0.4,0.1706324089051425,-0.043514760120725526
10,true,20,false,0.4,0.15820769476280763,0.0168559360867917
10,true,20,false,0.5,0.20624854696597786,-0.07549033357514112
10,true,20,false,0.5,0.18440652094752674,-0.07540684757490368
10,true,20,false,0.5,0.1732562098291201,-0.008669427406621466
10,true,20,false,0.5,0.1798423423423424,-0.012636158508087192
10,true,20,false,0.5,0.1764264682107427,-0.09201190681092353
10,true,20,false,0.5,0.19345742129213678,0.07875315635964064
10,true,20,false,0.5,0.16577711885347166,0.008542413752136824
10,true,20,false,0.5,0.18002201549718322,-0.09487337690678377
10,true,20,false,0.5,0.19822950511735227,-0.05297310676889211
10,true,20,false,0.5,0.18387267797702145,0.029258535690561693
10,true,20,false,0.5,0.1755069062239153,0.03150763838735049
10,true,20,false,0.5,0.18962698895748203,-0.02935399244978587
10,true,20,false,0.5,0.1874214465265082,0.06030620357897831
10,true,20,false,0.5,0.17378899644142884,-0.013459764247711448
10,true,20,false,0.5,0.20928519487387728,0.12269611843668926
10,true,20,false,0.5,0.2025763549580845,-0.042240975249056234
10,true,20,false,0.5,0.18133548816691164,0.004633454729521702
10,true,20,false,0.5,0.20239741816505305,-0.054245294227778906
10,true,20,false,0.5,0.1991919594560928,0.05032048077687534
10,true,20,false,0.5,0.18343794064993804,-0.04281380812178259
10,true,20,false,0.5,0.18498526313711333,-0.06533126923491395
10,true,20,false,0.5,0.176704769824808,0.01750738060175472
10,true,20,false,0.5,0.20738961798342156,-0.008384080270391614
10,true,20,false,0.5,0.1723040191006764,0.05378448366882527
10,true,20,false,0.5,0.16568257421794388,-0.04328317457829822
10,true,20,false,0.5,0.18644218093250634,-0.01687638329458796
10,true,20,false,0.5,0.16479526446059514,0.05700492557332293
10,true,20,false,0.5,0.18888265623679296,-0.023405600312530694
10,true,20,false,0.5,0.17571977571977582,0.05281523810774136
10,true,20,false,0.5,0.17178293369051062,-0.010663234080543482
10,true,25,true,0.1,0.419753086419753,0.6458505437206163
10,true,25,true,0.1,0.46593832588815853,0.8893396084827092
10,true,25,true,0.1,0.3499816615297502,0.5115090561865099
10,true,25,true,0.1,0.34265679097612745,0.3658399455708885
10,true,25,true,0.1,0.36793785310734456,0.464123943484954
10,true,25,true,0.1,0.4223003738496933,0.5685223160950885
10,true,25,true,0.1,0.41555267142548125,0.8138446849552974
10,true,25,true,0.1,0.38143947870921235,0.7197608606013501
10,true,25,true,0.1,0.3023214882344518,0.3423507531449461
10,true,25,true,0.1,0.36096430059227325,0.5115218064722216
10,true,25,true,0.1,0.36417112299465243,0.5504929953130269
10,true,25,true,0.1,0.4809279079636004,0.800583829677791
10,true,25,true,0.1,0.33234345167605184,0.4747755380569343
10,true,25,true,0.1,0.4373103097664696,0.97647168867194
10,true,25,true,0.1,0.33992857142857125,0.4761645386819975
10,true,25,true,0.1,0.36874059827385053,0.5658900521702765
10,true,25,true,0.1,0.44674688057040995,0.7399903007968875
10,true,25,true,0.1,0.3946556205328137,0.516559913746593
10,true,25,true,0.1,0.3859788992532356,0.5737577031154979
10,true,25,true,0.1,0.44831526141084493,0.7694143889533178
10,true,25,true,0.1,0.34146452204428496,0.46878605040089294
10,true,25,true,0.1,0.3468116331828709,0.47278884729399717
10,true,25,true,0.1,0.3201950344930627,0.5349260810952163
10,true,25,true,0.1,0.4000923685134211,0.5474014382818329
10,true,25,true,0.1,0.46103943711250867,0.8140091245609646
10,true,25,true,0.1,0.3455436720142603,0.3972900652011031
10,true,25,true,0.1,0.31155295301589525,0.48579463652634036
10,true,25,true,0.1,0.4872946263666042,0.8880865408244798
10,true,25,true,0.1,0.39342625267629716,0.5383949500516101
10,true,25,true,0.1,0.3589222273243587,0.5972624640110871
10,true,25,true,0.2,0.3854934674008128,0.48976981252403284
10,true,25,true,0.2,0.42473262032085546,0.6534967395061688
10,true,25,true,0.2,0.5396805871619821,0.8949361210042923
10,true,25,true,0.2,0.4907943059805523,0.5717214535542201
10,true,25,true,0.2,0.4313689552772884,0.7274626048778146
10,true,25,true,0.2,0.4521302223139928,0.5448813473758305
10,true,25,true,0.2,0.4811565951916829,0.6219612046513667
10,true,25,true,0.2,0.4927256292748082,0.7256796299189805
10,true,25,true,0.2,0.4824023744788702,0.5863408049190761
10,true,25,true,0.2,0.41243455845225757,0.49503584830209313
10,true,25,true,0.2,0.5773766634806262,0.823974591729475
10,true,25,true,0.2,0.4943053824769939,0.9557481753638903
10,true,25,true,0.2,0.5155749849503636,0.7727265782923443
10,true,25,true,0.2,0.4364756679487142,0.6329564303564874
10,true,25,true,0.2,0.4218805704099821,0.6237483000549853
10,true,25,true,0.2,0.4369873089664723,0.5607715710134338
10,true,25,true,0.2,0.34664212370150926,0.4564925760754255
10,true,25,true,0.2,0.5390112694860016,0.7599002060893723
10,true,25,true,0.2,0.37130758168701966,0.2894084589129431
10,true,25,true,0.2,0.3895748398369251,0.5967458629073255
10,true,25,true,0.2,0.5553125995433286,0.7226561595713195
10,true,25,true,0.2,0.5130453200324566,0.8764137623118007
10,true,25,true,0.2,0.7013191547517555,1.1961145779185527
10,true,25,true,0.2,0.60412497613854,0.9751458104628172
10,true,25,true,0.2,0.5149041326577505,0.7619511454923646
10,true,25,true,0.2,0.4225101817491204,0.48798300571943276
10,true,25,true,0.2,0.5384999999999998,0.9040397726713714
10,true,25,true,0.2,0.5182709447415329,0.7303062571675714
10,true,25,true,0.2,0.5783860783860785,0.816255467840076
10,true,25,true,0.2,0.42652080361110445,0.6807301480570276
10,true,25,true,0.3,0.797109911936601,1.781582667540099
10,true,25,true,0.3,0.7603894182745963,0.9322753510000679
10,true,25,true,0.3,0.6195030914493864,0.5617488584689383
10,true,25,true,0.3,0.543967355341519,0.6320101992845766
10,true,25,true,0.3,0.453660175784368,0.6826128438256927
10,true,25,true,0.3,0.4760975609756099,0.6916290708604178
10,true,25,true,0.3,0.5049272468559388,0.580061062884111
10,true,25,true,0.3,0.4514369828216279,0.7979815716841729
10,true,25,true,0.3,0.472326203208556,0.49132742728052126
10,true,25,true,0.3,0.5590714172540161,0.6501601717062027
10,true,25,true,0.3,0.6609273998938353,1.0094969155569071
10,true,25,true,0.3,0.5297564721416436,0.7329397302841052
10,true,25,true,0.3,0.5836737589063147,0.8800150201212036
10,true,25,true,0.3,0.5607473630048881,1.1977123542940395
10,true,25,true,0.3,0.5241985280801545,0.7704593930875179
10,true,25,true,0.3,0.4799910873440283,0.800352477083595
10,true,25,true,0.3,0.45146941447622124,0.5637898010575952
10,true,25,true,0.3,0.5067277768347197,0.4533964601925433
10,true,25,true,0.3,0.5792153949386503,0.5934408321562472
10,true,25,true,0.3,0.6600090590798913,1.102748532855573
10,true,25,true,0.3,0.5710775983668643,1.0415231545920838
10,true,25,true,0.3,0.6081466081466083,0.8925217168002115
10,true,25,true,0.3,0.5922101221765731,0.6504804353069007
10,true,25,true,0.3,0.6634615455100573,0.8900830977523553
10,true,25,true,0.3,0.5636710469594792,0.7949720243364915
10,true,25,true,0.3,0.5524817963851916,0.6987508069366397
10,true,25,true,0.3,0.7088402809001854,1.1955611393590067
10,true,25,true,0.3,0.5296600662017209,0.5830822880807469
10,true,25,true,0.3,0.5307433321413391,0.5746316208625064
10,true,25,true,0.3,0.6212345679012344,0.4609351781668902
10,true,25,true,0.4,0.4419578631030403,0.2585058688209978
10,true,25,true,0.4,0.6209167919729266,0.649461867954515
10,true,25,true,0.4,0.5961350844277674,1.0082049786037839
10,true,25,true,0.4,0.6129353345113742,0.9758727056503416
10,true,25,true,0.4,0.4291353968642984,0.4330537333335691
10,true,25,true,0.4,0.42766339410528453,0.24802873064796582
10,true,25,true,0.4,0.5761658838190183,0.5973337315382592
10,true,25,true,0.4,0.7814856903702456,1.6711210044837568
10,true,25,true,0.4,0.448282320657471,0.4471574332546524
10,true,25,true,0.4,0.4227140361094934,0.20277624685669515
10,true,25,true,0.4,0.47476719559670877,0.4620448910601658
10,true,25,true,0.4,0.48008675293958497,0.384451424391842
10,true,25,true,0.4,0.48846064525415506,0.47740620670822853
10,true,25,true,0.4,0.4352302249638454,0.2973636587678339
10,true,25,true,0.4,0.7299365021892327,1.008790096724388
10,true,25,true,0.4,0.7137965448413517,0.6430728035823723
10,true,25,true,0.4,0.4320392757652006,0.2848243639942494
10,true,25,true,0.4,0.5756163934138104,0.5927172038912314
10,true,25,true,0.4,0.5604813819177776,0.7590472698864632
10,true,25,true,0.4,0.7036281767174316,1.0650059574047273
10,true,25,true,0.4,0.7454623104847322,0.9922138428328235
10,true,25,true,0.4,0.5521522820679211,0.7168733539851049
10,true,25,true,0.4,0.43250791489658813,0.5548517413206815
10,true,25,true,0.4,0.6337539679429399,0.6832573751369821
10,true,25,true,0.4,0.5714968255148208,0.6853972841009082
10,true,25,true,0.4,0.47860005066439437,0.5261598312009719
10,true,25,true,0.4,0.6540622258720766,0.6494562882904109
10,true,25,true,0.4,0.7162992963661134,1.1947238428225493
10,true,25,true,0.4,0.6209753301235378,0.7713894469926172
10,true,25,true,0.4,0.7164714536298309,0.9824648818793014
10,true,25,true,0.5,0.5500445632798572,0.45930281531320105
10,true,25,true,0.5,0.5482181474139486,0.5881606818173424
10,true,25,true,0.5,0.32472384665367127,0.2848757942691069
10,true,25,true,0.5,0.6824224519940916,0.7755118687294695
10,true,25,true,0.5,0.46237351439072116,0.5879866044530564
10,true,25,true,0.5,0.5604278074866309,0.5796278411938438
10,true,25,true,0.5,0.8621928695850076,1.2711234496893073
10,true,25,true,0.5,0.6181154374296332,0.8512947107808158
10,true,25,true,0.5,0.5070446377696891,0.5362178762221035
10,true,25,true,0.5,0.6970920695783681,0.5362049359821626
10,true,25,true,0.5,0.4913514713376221,0.5109020770170574
10,true,25,true,0.5,0.7735298607459675,0.9097615365407155
10,true,25,true,0.5,0.576919361273618,0.6818690010148565
10,true,25,true,0.5,0.6486426346239432,1.1505098284628614
10,true,25,true,0.5,0.5721329952099181,0.7395473140646667
10,true,25,true,0.5,0.7184576672479467,0.8863553566362024
10,true,25,true,0.5,0.6940278805096077,0.761609313431209
10,true,25,true,0.5,0.5563661006138881,0.4314465698972505
10,true,25,true,0.5,0.7772300227131942,1.2041993868925767
10,true,25,true,0.5,0.8748776117197171,1.2279460912985138
10,true,25,true,0.5,0.724468386062521,1.2873502596059234
10,true,25,true,0.5,0.8843418572768151,0.8317454505094561
10,true,25,true,0.5,0.633191565745322,0.7165667764966113
10,true,25,true,0.5,0.8201550387596902,1.057092002795308
10,true,25,true,0.5,0.7371813355496379,0.7338633471560829
10,true,25,true,0.5,0.5413364740112688,0.683903475006554
10,true,25,true,0.5,0.5844525032541815,0.735054738388011
10,true,25,true,0.5,0.7639453420360605,1.4164949825687394
10,true,25,true,0.5,0.5424317056602742,0.6606830354920676
10,true,25,false,0.1,0.174563191613279,0.07099473951142254
10,true,25,true,0.5,0.740995071908126,1.3447164828569749
10,true,25,false,0.1,0.1910300677504246,0.03061100626112534
10,true,25,false,0.1,0.16025556913319516,-0.002885462436922559
10,true,25,false,0.1,0.16176991712489863,0.0017054860641945169
10,true,25,false,0.1,0.1771169484609863,0.030831930418576015
10,true,25,false,0.1,0.17538533987792285,0.014779528840207057
10,true,25,false,0.1,0.19496807540285804,-0.013423979402581665
10,true,25,false,0.1,0.1778267502966606,-0.02976479671189569
10,true,25,false,0.1,0.1864437783960785,-0.033006661686137306
10,true,25,false,0.1,0.15443661589176066,-0.0013791131813114532
10,true,25,false,0.1,0.16406905776052233,0.05827686912776642
10,true,25,false,0.1,0.16570995774535596,0.03447858153075334
10,true,25,false,0.1,0.1496402178784888,0.012401825509741116
10,true,25,false,0.1,0.14824219811269487,-0.0505985957856776
10,true,25,false,0.1,0.17419810273052277,-0.0027092716146022155
10,true,25,false,0.1,0.17428989139515463,0.014789075454958223
10,true,25,false,0.1,0.1842839805825243,-0.0029775722871026034
10,true,25,false,0.1,0.1570677017937542,-0.044538882905960975
10,true,25,false,0.1,0.15763013151902555,-0.053100691730652905
10,true,25,false,0.1,0.1755368364311736,0.015226056274006972
10,true,25,false,0.1,0.1784339173696735,0.02175676817411709
10,true,25,false,0.1,0.17297989565995345,0.02604750381635146
10,true,25,false,0.1,0.17728395061728397,0.09389543628092856
10,true,25,false,0.1,0.18035390051998254,0.05477022467646364
10,true,25,false,0.1,0.15914434412338857,-0.02757754272637758
10,true,25,false,0.1,0.18423580733257605,-0.09824503821325425
10,true,25,false,0.1,0.1456278747001315,-0.058868721922834766
10,true,25,false,0.1,0.1662857142857143,0.07422911087106687
10,true,25,false,0.1,0.18602827318128565,-0.031931526797749576
10,true,25,false,0.1,0.19015708876533752,-0.040972008966521756
10,true,25,false,0.2,0.16379584947113648,-0.019806961871771556
10,true,25,false,0.2,0.17168862442951874,-0.031050335551704222
10,true,25,false,0.2,0.16943797320908566,-0.04514771269886353
10,true,25,false,0.2,0.17356622005502492,0.0017158811454827116
10,true,25,false,0.2,0.14756145697849732,0.026835699079556186
10,true,25,false,0.2,0.18717704073149272,0.03400061309350111
10,true,25,false,0.2,0.19647701972919096,-0.014019730045601975
10,true,25,false,0.2,0.1723628280304115,-0.02090708075419112
10,true,25,false,0.2,0.17850348282018408,-0.04460019631008372
10,true,25,false,0.2,0.16371866689300055,-0.05199776425080849
10,true,25,false,0.2,0.1681302814401022,0.008828025630226222
10,true,25,false,0.2,0.17691622103386814,0.05684240233554139
10,true,25,false,0.2,0.1823206920422414,-0.02746277815352638
10,true,25,false,0.2,0.17102384173336257,0.04833853130619126
10,true,25,false,0.2,0.17258050591383922,-0.03018194066393054
10,true,25,false,0.2,0.18954488640541134,0.018434995544405197
10,true,25,false,0.2,0.1514622340099613,-0.04508353982329005
10,true,25,false,0.2,0.16430256178637753,0.0020503594208189924
10,true,25,false,0.2,0.18117513581592526,-0.022763700528773967
10,true,25,false,0.2,0.17578232387236073,0.0226383483624506
10,true,25,false,0.2,0.18565171520828658,-0.02178054039434585
10,true,25,false,0.2,0.17682970667177914,-0.026792571205204396
10,true,25,false,0.2,0.18964881229088934,0.03788346865831205
10,true,25,false,0.2,0.17580116635517382,-0.04826775827191199
10,true,25,false,0.2,0.17345555085939704,0.04230406790052754
10,true,25,false,0.2,0.17912694869707543,-0.12492100444167153
10,true,25,false,0.2,0.16554188169908687,0.06307701749400607
10,true,25,false,0.2,0.1683100334763544,-0.028593586029303175
10,true,25,false,0.2,0.20124890193721398,-0.00908777354707535
10,true,25,false,0.2,0.15645402892366306,-0.09008103644202503
10,true,25,false,0.3,0.16268956031254342,-0.02580999012283236
10,true,25,false,0.3,0.17280503777159298,0.04567210328592797
10,true,25,false,0.3,0.176526577381681,0.03997905039381333
10,true,25,false,0.3,0.17636022514071287,0.03221767847569801
10,true,25,false,0.3,0.1739063229034576,0.02805263496476673
10,true,25,false,0.3,0.16089258142783627,0.07630687098068556
10,true,25,false,0.3,0.1756214199799508,0.0036063860352539834
10,true,25,false,0.3,0.1521019405673823,-0.011978358427379376
10,true,25,false,0.3,0.1796566974971253,-0.05468067215867478
10,true,25,false,0.3,0.16353549792389896,-0.03579083688520601
10,true,25,false,0.3,0.1801664055008537,0.0537810654926254
10,true,25,false,0.3,0.18184885062512232,-0.10343127736890878
10,true,25,false,0.3,0.1537776714767866,0.022395254587871172
10,true,25,false,0.3,0.167379679144385,-0.023716892746571183
10,true,25,false,0.3,0.16314314861263296,0.0017518586339457798
10,true,25,false,0.3,0.15842295430704803,-0.021726388921206485
10,true,25,false,0.3,0.13928438116568018,0.001986469834836413
10,true,25,false,0.3,0.15718485339849117,-0.027191341612279096
10,true,25,false,0.3,0.16235134591695333,0.043157578545168995
10,true,25,false,0.3,0.17787524366471735,0.0546345912468853
10,true,25,false,0.3,0.1744206773618537,0.036351216347202175
10,true,25,false,0.3,0.16789866789866797,0.01587236188133634
10,true,25,false,0.3,0.17661242577010708,-0.0340067204225738
10,true,25,false,0.3,0.1626000432619511,0.025725631754279554
10,true,25,false,0.3,0.16185946160862547,-0.012120982999135776
10,true,25,false,0.3,0.17436634870075807,0.017403206440040897
10,true,25,false,0.3,0.16086808834028046,0.03576150557681235
10,true,25,false,0.3,0.1833508448996073,0.10963800507373911
10,true,25,false,0.3,0.17201241500565137,0.01897993388621355
10,true,25,false,0.3,0.1831725553848752,-0.05153472119638458
10,true,25,false,0.4,0.16315685606128558,-0.0055020997484014345
10,true,25,false,0.4,0.1722130449760147,0.011432720482170033
10,true,25,false,0.4,0.1695168701626708,-0.011410013641705241
10,true,25,false,0.4,0.15503565062388594,0.11842487188193385
10,true,25,false,0.4,0.16525065073091877,0.026568049219029
10,true,25,false,0.4,0.17428069317100395,0.09519961835918433
10,true,25,false,0.4,0.1525160534840356,-0.008375502282182978
10,true,25,false,0.4,0.17857824037492165,-0.029070167442831973
10,true,25,false,0.4,0.1547818757282517,0.008387992016550605
10,true,25,false,0.4,0.1721465461376832,0.015259011133121447
10,true,25,false,0.4,0.17083399272036712,-0.026872249171947082
10,true,25,false,0.4,0.18563005086341502,0.003933576658242899
10,true,25,false,0.4,0.17721952829470158,0.018158374088315554
10,true,25,false,0.4,0.16828886336174181,-0.07849413948599882
10,true,25,false,0.4,0.18860453373727706,0.07159865236729157
10,true,25,false,0.4,0.1636952814341,-0.07333166932610258
10,true,25,false,0.4,0.17001006841626118,0.044239448998078856
10,true,25,false,0.4,0.15462139759225785,-0.02239685146773951
10,true,25,false,0.4,0.16468253968253974,0.07353127082361954
10,true,25,false,0.4,0.17054532972620404,7.522100194341519E-4
10,true,25,false,0.4,0.17426299575027712,0.09235191515037666
10,true,25,false,0.4,0.1731484466757247,-0.0060001821643069775
10,true,25,false,0.4,0.14943499116987255,0.00247517367817629
10,true,25,false,0.4,0.14266416510318947,-0.01595208960224692
10,true,25,false,0.4,0.17074579737706094,0.0076787519620955536
10,true,25,false,0.4,0.1898266917077906,-0.07084672319588403
10,true,25,false,0.4,0.2164411334810694,-0.03409847151076306
10,true,25,false,0.4,0.17225032693234227,0.004826933590325488
10,true,25,false,0.4,0.18017834048056636,0.045759340024297934
10,true,25,false,0.4,0.18178764068011713,-0.014632184561971684
10,true,25,false,0.5,0.1980576716243135,-0.0023711519804550107
10,true,25,false,0.5,0.16156361419519316,9.779678988319773E-5
10,true,25,false,0.5,0.19461325185310926,-0.04338903214341805
10,true,25,false,0.5,0.15313836799483438,-0.0270351208974855
10,true,25,false,0.5,0.17572020993781057,-0.0034510382797101613
10,true,25,false,0.5,0.18078968942441517,-0.014829519716728967
10,true,25,false,0.5,0.1773021625205489,-0.08864654083270196
10,true,25,false,0.5,0.15896579700816008,0.021089879370016718
10,true,25,false,0.5,0.15489710234703005,-0.09616772174706156
10,true,25,false,0.5,0.18709193245778596,0.0709362487973495
10,true,25,false,0.5,0.1610881801125703,0.0467567897779837
10,true,25,false,0.5,0.16514676739225542,0.024584023451582837
10,true,25,false,0.5,0.16791979949874686,-0.06503574478630281
10,true,25,false,0.5,0.163203642476426,-0.018036011839021704
10,true,25,false,0.5,0.1790877685614528,0.00484258780429947
10,true,25,false,0.5,0.16511243453261573,-0.025205422359151797
10,true,25,false,0.5,0.15684915684915685,0.011964232149404452
10,true,25,false,0.5,0.1669248151053715,-0.02212751359853815
10,true,25,false,0.5,0.1709533619039418,0.03102604307598167
10,true,25,false,0.5,0.1495646013254773,-0.01780160406803688
10,true,25,false,0.5,0.1920942874238541,0.05345913911065647
10,true,25,false,0.5,0.1814146197099733,0.02482582991287341
10,true,25,false,0.5,0.18238393772604153,0.025840566743084104
10,true,25,false,0.5,0.185876325861437,0.059162890350735964
10,true,25,false,0.5,0.1693772770397449,0.03362858372819133
10,true,25,false,0.5,0.17203372566428188,-0.05820734456361798
10,true,25,false,0.5,0.164062415261499,0.054757632433158676
10,true,25,false,0.5,0.15927573168332726,-0.0961049060618473
10,true,25,false,0.5,0.18526661803301084,-0.04323266594195818
10,true,25,false,0.5,0.16060311974814784,0.015698395840273882
10,true,30,true,0.1,0.36154063627746097,0.48853145139966614
10,true,30,true,0.1,0.3853412577009797,0.7386982611620061
10,true,30,true,0.1,0.3481481481481481,0.47578636894732274
10,true,30,true,0.1,0.44774995633029957,0.6285060679428582
10,true,30,true,0.1,0.3858617755593272,0.5735351204810888
10,true,30,true,0.1,0.29604378061061326,0.3091763726437655
10,true,30,true,0.1,0.40765044814340584,0.65735155954353
10,true,30,true,0.1,0.43357550596782574,0.5769974496305803
10,true,30,true,0.1,0.4019779653372851,0.4979897829321347
10,true,30,true,0.1,0.40395744839626335,0.682955517136473
10,true,30,true,0.1,0.29410676233055366,0.43654513490332647
10,true,30,true,0.1,0.3913661876105558,0.5767647818138215
10,true,30,true,0.1,0.5228121212121212,0.9121272550208799
10,true,30,true,0.1,0.28083611636370215,0.4482120955419546
10,true,30,true,0.1,0.3580781959388668,0.5828745620092208
10,true,30,true,0.1,0.3530026704204359,0.6133080701002331
10,true,30,true,0.1,0.4335223684446025,0.7542880768875788
10,true,30,true,0.1,0.4357636421854781,0.8136152905593308
10,true,30,true,0.1,0.3302413984299383,0.3875790596970772
10,true,30,true,0.1,0.36164019186803037,0.43957095435044735
10,true,30,true,0.1,0.3646726278451078,0.5300997232337856
10,true,30,true,0.1,0.40115721925277725,0.5775028056994955
10,true,30,true,0.1,0.39234324375833807,0.6294019198679468
10,true,30,true,0.1,0.38572470011266485,0.5789073614769817
10,true,30,true,0.1,0.30578927858036276,0.3546085737928726
10,true,30,true,0.1,0.405955956315328,0.7104399018116423
10,true,30,true,0.1,0.3440749192865539,0.45347558531283827
10,true,30,true,0.1,0.4427483974358975,0.6793874293025857
10,true,30,true,0.1,0.3545550264423653,0.5726688183585011
10,true,30,true,0.1,0.37483402573670077,0.5220755258418652
10,true,30,true,0.2,0.4882941130837896,0.7101784268307432
10,true,30,true,0.2,0.5183259790402647,0.7561391108163518
10,true,30,true,0.2,0.374541493066622,0.4344514592023785
10,true,30,true,0.2,0.5167291032468551,0.5925526049747072
10,true,30,true,0.2,0.5034417867577873,0.6481673680723938
10,true,30,true,0.2,0.4816266767428678,0.7478439960756464
10,true,30,true,0.2,0.46001423802576275,0.7042698115329475
10,true,30,true,0.2,0.3938851090960518,0.5158743105538459
10,true,30,true,0.2,0.43936802872281316,0.6646324233556999
10,true,30,true,0.2,0.37042700511934445,0.508650319902471
10,true,30,true,0.2,0.397006610924927,0.5053703532851621
10,true,30,true,0.2,0.5364083578320568,0.7477582354324692
10,true,30,true,0.2,0.4513913049721961,0.7386493419997633
10,true,30,true,0.2,0.49017367063182865,0.7790448394222844
10,true,30,true,0.2,0.35931904278882987,0.404794591273526
10,true,30,true,0.2,0.4985706117781589,0.6636494477469652
10,true,30,true,0.2,0.5146696987772142,0.7126912387147959
10,true,30,true,0.2,0.42346992720888466,0.44785353319836574
10,true,30,true,0.2,0.533700230604087,0.9825471326580137
10,true,30,true,0.2,0.5044243149976027,0.6726592374726783
10,true,30,true,0.2,0.5418586025004256,0.7236245864967303
10,true,30,true,0.2,0.530109448408321,0.8847909492418307
10,true,30,true,0.2,0.5115481219205171,0.784870632182014
10,true,30,true,0.2,0.45628183885840656,0.6959163330111089
10,true,30,true,0.2,0.5103452846444431,0.7984639635063049
10,true,30,true,0.2,0.5372720829843437,0.8316203003447651
10,true,30,true,0.2,0.4426484425295895,0.6036199567895597
10,true,30,true,0.2,0.5078810759792355,0.7035604285216728
10,true,30,true,0.2,0.564750686056714,0.941655165784197
10,true,30,true,0.2,0.41442087487566215,0.5405739488824208
10,true,30,true,0.3,0.5654944331896181,0.9738479957883843
10,true,30,true,0.3,0.4828120828798488,0.43349303709037823
10,true,30,true,0.3,0.6525820523649474,0.9232119125247227
10,true,30,true,0.3,0.562518133009346,0.9636458622043556
10,true,30,true,0.3,0.5955151598613695,0.7876889669075133
10,true,30,true,0.3,0.6231085043988269,0.8555417932757123
10,true,30,true,0.3,0.5690882979250235,0.8130047385181349
10,true,30,true,0.3,0.5099723037086811,0.725705269914152
10,true,30,true,0.3,0.5120484848484849,0.5963400303675632
10,true,30,true,0.3,0.5042370304295822,0.7268329258554056
10,true,30,true,0.3,0.5896627982842516,0.7939892755173013
10,true,30,true,0.3,0.4922813036020584,0.5801169238776094
10,true,30,true,0.3,0.4294287291185686,0.9022642608775824
10,true,30,true,0.3,0.4685339879689625,0.58411800312689
10,true,30,true,0.3,0.6194306982984389,0.723508858622413
10,true,30,true,0.3,0.5524479732531172,0.6469413945628757
10,true,30,true,0.3,0.3875543862657265,0.5769198522640817
10,true,30,true,0.3,0.44247909472109637,0.5534166449256395
10,true,30,true,0.3,0.6419411805004045,0.7484962740677368
10,true,30,true,0.3,0.5088398215657854,1.0467399557904153
10,true,30,true,0.3,0.6456079860939696,0.823962847170403
10,true,30,true,0.3,0.5425192853507705,0.8592407107138831
10,true,30,true,0.3,0.5093991321471243,0.676955183266835
10,true,30,true,0.3,0.5315970579128474,0.7392332254523879
10,true,30,true,0.3,0.5077803286114314,0.5873545165955569
10,true,30,true,0.3,0.5989247311827959,0.7534100688936283
10,true,30,true,0.3,0.6382161304841719,0.903362856003052
10,true,30,true,0.3,0.4328478206569253,0.6845040363595638
10,true,30,true,0.3,0.5206070135315419,0.6281476615695594
10,true,30,true,0.3,0.5120938172815753,0.7653103992495085
10,true,30,true,0.4,0.6534934702794319,0.6434679572781175
10,true,30,true,0.4,0.334394637620444,0.38027684763388425
10,true,30,true,0.4,0.5992769771703065,0.6887307359089627
10,true,30,true,0.4,0.5466482488766581,0.6189781144937871
10,true,30,true,0.4,0.4418641397485943,0.5438810364525999
10,true,30,true,0.4,0.6513753590608219,0.8730406302440779
10,true,30,true,0.4,0.7671052631578948,1.064757433144499
10,true,30,true,0.4,0.5161567733751854,0.35475529871510414
10,true,30,true,0.4,0.5969515575908166,0.6113989879304986
10,true,30,true,0.4,0.8713918239529632,1.4734746221693165
10,true,30,true,0.4,0.6576815989401125,0.835153681208233
10,true,30,true,0.4,0.6079334340953462,0.5543893356206357
10,true,30,true,0.4,0.42245743919977247,0.33024440615817685
10,true,30,true,0.4,0.5389937874965248,0.6348524098051316
10,true,30,true,0.4,0.3875820590745571,0.2639221178541069
10,true,30,true,0.4,0.5621568133362871,0.564379702730121
10,true,30,true,0.4,0.6878646967309874,0.7702503074122173
10,true,30,true,0.4,0.6069776431930934,0.6988266504184724
10,true,30,true,0.4,0.5376078699988572,0.3765826600580393
10,true,30,true,0.4,0.5484080917810081,0.43315301683966645
10,true,30,true,0.4,0.5599192852842102,0.858810407675648
10,true,30,true,0.4,0.6129423528646066,0.8950396489101191
10,true,30,true,0.4,0.5886697160282066,0.6386593132769374
10,true,30,true,0.4,0.44648183525709967,0.39671051570862303
10,true,30,true,0.4,0.5085947657677059,0.431472525220463
10,true,30,true,0.4,0.6206880121974462,0.7913616155070642
10,true,30,true,0.4,0.5705987299025126,0.46909600796635686
10,true,30,true,0.4,0.4697068261104188,0.3705749949695889
10,true,30,true,0.4,0.7539618236881128,0.8521540540954158
10,true,30,true,0.4,0.7512773763702252,0.8728508543903155
10,true,30,true,0.5,0.7542756863672516,1.0401787776545763
10,true,30,true,0.5,0.576001584707572,0.4819361069697443
10,true,30,true,0.5,0.6029888712241651,0.8182940784934143
10,true,30,true,0.5,0.5611497837703968,0.6624767379262098
10,true,30,true,0.5,0.5553863782222003,0.6009832709881051
10,true,30,true,0.5,0.7014986268813843,0.7538881613268114
10,true,30,true,0.5,0.4203901379180049,0.41240400956197565
10,true,30,true,0.5,0.569058895992184,0.5367367825838221
10,true,30,true,0.5,0.4418281656106716,0.6254421995508919
10,true,30,true,0.5,0.6655332094591915,1.0396543103110547
10,true,30,true,0.5,0.5598061703987469,0.8280907397980899
10,true,30,true,0.5,0.5394025615520446,0.4575428797924239
10,true,30,true,0.5,0.43434094447327465,0.43459802298808015
10,true,30,true,0.5,0.705996472663139,0.6999009778443064
10,true,30,true,0.5,0.7462987217921198,1.1899649343909582
10,true,30,true,0.5,0.6504783712302751,0.78083732727828
10,true,30,true,0.5,0.6377061860306154,0.4508758629379894
10,true,30,true,0.5,0.5320870343592923,0.7570367637810076
10,true,30,true,0.5,0.5810563286703266,0.5973356793391664
10,true,30,true,0.5,0.5733282873185351,0.47704357063979685
10,true,30,true,0.5,0.4550180175751327,0.34791184259101193
10,true,30,true,0.5,0.5504490815973344,0.8022587458858172
10,true,30,true,0.5,0.72663429133611,0.9555335363810844
10,true,30,true,0.5,0.5687533440342429,0.6686718046343465
10,true,30,true,0.5,0.6680038577370703,0.5482683272372135
10,true,30,true,0.5,0.8327585830659066,1.0229768953760834
10,true,30,true,0.5,0.6223652790606882,0.9624636632793973
10,true,30,true,0.5,0.6957061966380889,1.3479488758935885
10,true,30,true,0.5,0.7268020801753688,0.8244480894840676
10,true,30,true,0.5,0.45055147046756,0.4061648747070201
10,true,30,false,0.1,0.15886464127799177,-0.018123829082036913
10,true,30,false,0.1,0.14011636647232872,0.03431896796846701
10,true,30,false,0.1,0.1683853586027499,-0.06415576505713094
10,true,30,false,0.1,0.1496492792993695,0.09053189684839325
10,true,30,false,0.1,0.16157902643042935,0.024953391289772142
10,true,30,false,0.1,0.14693132588386293,-0.03418687764677664
10,true,30,false,0.1,0.16549881585833467,0.04091622749459667
10,true,30,false,0.1,0.17192871587462086,-0.01176854205902167
10,true,30,false,0.1,0.1547547112991002,-0.042020398376139134
10,true,30,false,0.1,0.17054511244830214,0.049815285049608526
10,true,30,false,0.1,0.17570784595245137,0.01140782402735585
10,true,30,false,0.1,0.146382370795219,-0.0017316217249350174
10,true,30,false,0.1,0.15555275735688098,-0.007042969681934075
10,true,30,false,0.1,0.15575006306501865,0.046416958805294506
10,true,30,false,0.1,0.16242531937123664,-0.026652823345092003
10,true,30,false,0.1,0.14160585175223006,0.015157992450642865
10,true,30,false,0.1,0.16581663950085002,-0.05077509175100392
10,true,30,false,0.1,0.1291382347286426,0.0035514146556865356
10,true,30,false,0.1,0.18328947368421059,0.06449699791179153
10,true,30,false,0.1,0.18064588210533977,-0.05185619903876937
10,true,30,false,0.1,0.1507936507936509,-0.027055329823562957
10,true,30,false,0.1,0.13992145940535364,0.029958429103703388
10,true,30,false,0.1,0.16634242950032424,0.026149946618245323
10,true,30,false,0.1,0.16538666069764685,-0.01803805624311927
10,true,30,false,0.1,0.17019410197929793,0.016940660205716718
10,true,30,false,0.1,0.15837755969823883,-0.009050464690809612
10,true,30,false,0.1,0.14696676547680318,-0.011219738851597327
10,true,30,false,0.1,0.14752421541026348,-0.019964782998612485
10,true,30,false,0.1,0.16957706279190454,-0.004859067932032168
10,true,30,false,0.1,0.17188569981471957,-0.0021207912451304267
10,true,30,false,0.2,0.15659834247092577,0.022944310935586465
10,true,30,false,0.2,0.1750744267556269,-0.0659280020108346
10,true,30,false,0.2,0.17166918648677673,0.035478402901015116
10,true,30,false,0.2,0.17444481994275143,0.0748198531863542
10,true,30,false,0.2,0.15049696969696974,0.029767339493421474
10,true,30,false,0.2,0.16931134951021665,0.027304610022210518
10,true,30,false,0.2,0.16514669113017824,-0.05897825138328727
10,true,30,false,0.2,0.17495800834843922,-0.01650246655623988
10,true,30,false,0.2,0.1630632536492489,0.03201167252470505
10,true,30,false,0.2,0.14806892113360826,0.006885728847108474
10,true,30,false,0.2,0.18913250492197853,0.02917730386688966
10,true,30,false,0.2,0.1390462903087503,0.024737784535265206
10,true,30,false,0.2,0.1476910828025478,-0.026309559014551454
10,true,30,false,0.2,0.1598837209302325,-0.05259965281118806
10,true,30,false,0.2,0.15783623492031715,-0.037910310520726576
10,true,30,false,0.2,0.14361534205611343,0.011067573312172563
10,true,30,false,0.2,0.1435297658719068,-0.06159028539764577
10,true,30,false,0.2,0.17078045420389082,-0.03728423292109717
10,true,30,false,0.2,0.16437263752212958,0.05670020183784796
10,true,30,false,0.2,0.16092198699506075,0.04712011046428621
10,true,30,false,0.2,0.18594207407052893,0.08250167991621904
10,true,30,false,0.2,0.1653763582063419,0.013630338498465733
10,true,30,false,0.2,0.15385819526452135,-0.009367148780004442
10,true,30,false,0.2,0.1757345273875974,0.03085558984541059
10,true,30,false,0.2,0.17293823578525505,0.026257029728638415
10,true,30,false,0.2,0.15671069584048833,-0.010911523027920644
10,true,30,false,0.2,0.16709962844007806,0.01883234657415933
10,true,30,false,0.2,0.16263170969010693,-0.02094470644973434
10,true,30,false,0.2,0.16126060606060608,0.03630341942832338
10,true,30,false,0.2,0.1600476773403776,-0.028075547861620365
10,true,30,false,0.3,0.16362792421132583,0.007990660567599228
10,true,30,false,0.3,0.17359625773731713,0.1164601790608133
10,true,30,false,0.3,0.16043199659122567,0.08448352237849477
10,true,30,false,0.3,0.14221297169612018,0.06042649341087891
10,true,30,false,0.3,0.16880093746041125,0.00609949749275529
10,true,30,false,0.3,0.16259073394562146,-0.006552612612701125
10,true,30,false,0.3,0.1538512828114976,-0.055236412306942206
10,true,30,false,0.3,0.16069377102492652,0.06797365993806181
10,true,30,false,0.3,0.1328041855319552,-0.02088107124706351
10,true,30,false,0.3,0.14466248282752592,0.004643140049051198
10,true,30,false,0.3,0.14745529683063627,-0.0033741063034877783
10,true,30,false,0.3,0.16414509971412927,0.03662019378690218
10,true,30,false,0.3,0.15293649306856508,0.03613850842580657
10,true,30,false,0.3,0.1560033682103433,-0.04434847484411719
10,true,30,false,0.3,0.16037308515895243,-0.050433517929326044
10,true,30,false,0.3,0.16209209760144214,0.010366088144953878
10,true,30,false,0.3,0.16067783670716718,-0.026319097712955042
10,true,30,false,0.3,0.15376103182199508,0.06129126713648425
10,true,30,false,0.3,0.16144290789238433,-0.06566549132120425
10,true,30,false,0.3,0.17461344341166773,-0.06696135260099823
10,true,30,false,0.3,0.1811590825390552,0.021583087527201172
10,true,30,false,0.3,0.14893984777674982,-0.012521530280469761
10,true,30,false,0.3,0.18002478826688698,-0.021414051584303095
10,true,30,false,0.3,0.14958240010047513,0.0052529326757904116
10,true,30,false,0.3,0.1414575062243456,-0.04143231849745632
10,true,30,false,0.3,0.15890904100333608,-0.06590702346938837
10,true,30,false,0.3,0.17410847428741846,-0.12656591924547467
10,true,30,false,0.3,0.15724147018874043,-0.01051875105397393
10,true,30,false,0.3,0.16759348876454902,-0.007593550501002078
10,true,30,false,0.3,0.15951218609666937,0.011453588444083174
10,true,30,false,0.4,0.15132275132275133,-0.012019227344757688
10,true,30,false,0.4,0.17652243589743588,-0.0010451233157375839
10,true,30,false,0.4,0.16820798646241952,0.03047828475436365
10,true,30,false,0.4,0.1418031794986414,-0.04605564075953872
10,true,30,false,0.4,0.16227927771249617,0.10359030647624667
10,true,30,false,0.4,0.1894280533029056,-0.005643702707953224
10,true,30,false,0.4,0.16722337878223345,-6.005621423490481E-4
10,true,30,false,0.4,0.15198810850984767,-0.002541275224420936
10,true,30,false,0.4,0.17106808710573618,-0.013558264635490147
10,true,30,false,0.4,0.18441962977299295,-0.027274715963114815
10,true,30,false,0.4,0.16637113030367587,-0.06055315034499653
10,true,30,false,0.4,0.17630506726979428,0.06936481264067496
10,true,30,false,0.4,0.15349557663649432,-0.03273275550093313
10,true,30,false,0.4,0.1685514055649041,0.0028115150285970003
10,true,30,false,0.4,0.16116110785688503,-0.006531473924499487
10,true,30,false,0.4,0.1502671787592887,-0.019338293134894435
10,true,30,false,0.4,0.13823081938708975,-0.018512504411112296
10,true,30,false,0.4,0.16613756613756622,0.019722564127870434
10,true,30,false,0.4,0.18796218352641197,0.07496455167071403
10,true,30,false,0.4,0.15213442474221936,0.004376524621228839
10,true,30,false,0.4,0.17400809583900093,0.028268770678977262
10,true,30,false,0.4,0.15616242864556296,-0.016936327535419515
10,true,30,false,0.4,0.17524405048976405,0.008321339969472596
10,true,30,false,0.4,0.17029253986808063,-0.02121930559811247
10,true,30,false,0.4,0.15486371393483148,-0.02288907077749247
10,true,30,false,0.4,0.15152387755937782,0.002234441357773065
10,true,30,false,0.4,0.1460891743812583,-0.007020790117372222
10,true,30,false,0.4,0.14753074291488333,0.06717178771784127
10,true,30,false,0.4,0.16600835045397305,0.0479827628876226
10,true,30,false,0.4,0.15292071659996187,0.027027647422149137
10,true,30,false,0.5,0.1551561831407788,-0.06162213972240327
10,true,30,false,0.5,0.16612262976456726,0.020357240038388902
10,true,30,false,0.5,0.15527385165822336,0.011251317286136597
10,true,30,false,0.5,0.14615488924517614,-0.030244462347174483
10,true,30,false,0.5,0.16484396767901915,-0.027627264726909573
10,true,30,false,0.5,0.1654320987654321,-0.01766592939172984
10,true,30,false,0.5,0.16266840166894483,0.01090777629237838
10,true,30,false,0.5,0.15651624465634104,0.02470749020264318
10,true,30,false,0.5,0.17923647961670774,-0.05783839766126686
10,true,30,false,0.5,0.16566223477688333,-0.030732410824958478
10,true,30,false,0.5,0.15379764720658115,0.06701714061656094
10,true,30,false,0.5,0.14759169849250156,0.030954305745692245
10,true,30,false,0.5,0.1565356069435073,-0.05145464522789567
10,true,30,false,0.5,0.1664173929244208,-0.04051287621284683
10,true,30,false,0.5,0.16617490945422758,-0.011460465319666824
10,true,30,false,0.5,0.16186007794964977,-0.0785088770569633
10,true,30,false,0.5,0.17726355420485454,-0.02091503005022144
10,true,30,false,0.5,0.16842957880693737,0.005637046104441268
10,true,30,false,0.5,0.1544792081619604,0.004046482718688793
10,true,30,false,0.5,0.13970840945679508,-0.010292043209553903
10,true,30,false,0.5,0.17725901728312599,-0.06352101121154607
10,true,30,false,0.5,0.15526197196461183,0.03159594834651358
10,true,30,false,0.5,0.1526930835933515,-0.015276696838555814
10,true,30,false,0.5,0.16820442272874608,0.04596160065098687
10,true,30,false,0.5,0.1429435978100997,-0.006562657859626064
10,true,30,false,0.5,0.15976089933252463,-0.01663855998748698
10,true,30,false,0.5,0.16177296880769296,-0.00798691475998936
10,true,30,false,0.5,0.15436543654365434,0.018911735399766982
10,true,30,false,0.5,0.18684210526315792,0.040103381470051325
10,true,30,false,0.5,0.146384965409323,0.01247357240997804
10,false,20,true,0.1,0.4811730094525571,0.8546988398130324
10,false,20,true,0.1,0.4542400746484193,0.8406264892399697
10,false,20,true,0.1,0.4489840178255986,0.7018125227407932
10,false,20,true,0.1,0.4051536001729148,0.7518823054829786
10,false,20,true,0.1,0.3814007092804941,0.6712171711530663
10,false,20,true,0.1,0.41462811959476165,0.697357000254553
10,false,20,true,0.1,0.48943985469395107,0.9326962945200474
10,false,20,true,0.1,0.515159428057249,1.1612263724118286
10,false,20,true,0.1,0.4786046511627908,0.8971922494744922
10,false,20,true,0.1,0.5446535371154433,1.2063047539943632
10,false,20,true,0.1,0.4248412138320397,0.6788824623623055
10,false,20,true,0.1,0.45210072665429796,1.0128186849781997
10,false,20,true,0.1,0.47732495340338926,0.945715319471133
10,false,20,true,0.1,0.4520190605262784,0.8639374105778179
10,false,20,true,0.1,0.390769944341373,0.6450674893144832
10,false,20,true,0.1,0.4562199004272383,0.8522067866441292
10,false,20,true,0.1,0.39932655205095113,0.7179386403739079
10,false,20,true,0.1,0.402142976728612,0.6031691949816524
10,false,20,true,0.1,0.47787717237432614,0.9409324118691726
10,false,20,true,0.1,0.42997508669010986,0.8352918320115625
10,false,20,true,0.1,0.44692630690275686,0.7898804212764157
10,false,20,true,0.1,0.4887728341981156,0.9411808034931255
10,false,20,true,0.1,0.4576275277954038,0.8956050573190915
10,false,20,true,0.1,0.5323382659220476,1.003134447870794
10,false,20,true,0.1,0.47815315315315327,0.9835829245052059
10,false,20,true,0.1,0.45986078886310916,0.7706924406513691
10,false,20,true,0.1,0.46479167755763495,0.9518053260374462
10,false,20,true,0.1,0.48852542355296885,0.8781099566672959
10,false,20,true,0.1,0.48929799192404233,0.8645372189447853
10,false,20,true,0.1,0.5139664804469273,0.8654026646878314
10,false,20,true,0.2,0.6515970366771924,1.3344479897155095
10,false,20,true,0.2,0.7083973131575008,1.6618780303567702
10,false,20,true,0.2,0.6840134259426185,1.43908837550339
10,false,20,true,0.2,0.7101306409968569,1.4649307683248223
10,false,20,true,0.2,0.6834542614159805,1.4079098204449476
10,false,20,true,0.2,0.7017633981567423,1.315951447585701
10,false,20,true,0.2,0.6800952675456822,1.4175918328201993
10,false,20,true,0.2,0.610834356123505,1.0817722257340527
10,false,20,true,0.2,0.6219614088208409,1.0703715490895958
10,false,20,true,0.2,0.5803281580804516,0.9471188375309518
10,false,20,true,0.2,0.6710276117083713,1.481407777283139
10,false,20,true,0.2,0.7041572146980027,1.3907404814076179
10,false,20,true,0.2,0.5798552669272478,0.9181361721687749
10,false,20,true,0.2,0.6707480592801692,1.4320167299913482
10,false,20,true,0.2,0.5882628408437814,1.1436669385642801
10,false,20,true,0.2,0.6277728946927843,1.3570936330693355
10,false,20,true,0.2,0.6375480428579032,1.3248320388120334
10,false,20,true,0.2,0.6317572335920961,1.1592259379512893
10,false,20,true,0.2,0.6661456786877027,1.2591724126586783
10,false,20,true,0.2,0.5784008530902996,1.1453215175494273
10,false,20,true,0.2,0.6363084573350435,1.3129884126246774
10,false,20,true,0.2,0.6318184720832715,1.2151223554015154
10,false,20,true,0.2,0.622286553566487,1.38559496666159
10,false,20,true,0.2,0.6204129379024339,1.1978588426288717
10,false,20,true,0.2,0.6252348867174917,1.2658999390124643
10,false,20,true,0.2,0.5704357374449035,0.9453890553439841
10,false,20,true,0.2,0.6030911334127543,1.2765537800061084
10,false,20,true,0.2,0.7225361455302004,1.651957865761104
10,false,20,true,0.2,0.5953412679176318,1.076980073705725
10,false,20,true,0.2,0.6640949279374394,1.2307477025137965
10,false,20,true,0.3,0.7139315137358971,1.0944709624498197
10,false,20,true,0.3,0.7862292200308474,1.5605058393724267
10,false,20,true,0.3,0.7222201222201219,1.5872810410902112
10,false,20,true,0.3,0.7421205227089865,1.6159354588180737
10,false,20,true,0.3,0.7478155984940497,1.4979700632896682
10,false,20,true,0.3,0.7227056183646808,1.540713602855602
10,false,20,true,0.3,0.772618668434098,1.4127873598237048
10,false,20,true,0.3,0.7587271467726872,1.9029637827519457
10,false,20,true,0.3,0.7877019012119926,1.7981814321030765
10,false,20,true,0.3,0.7126466889751544,1.5575316344427321
10,false,20,true,0.3,0.8287134031694868,1.8969064693710402
10,false,20,true,0.3,0.7990115291017139,1.8120528548101422
10,false,20,true,0.3,0.6999867157402848,1.3443558736776025
10,false,20,true,0.3,0.738371595949509,1.4605517585924117
10,false,20,true,0.3,0.7728904558194943,1.5956373937576744
10,false,20,true,0.3,0.8048843353308851,1.8645494047622675
10,false,20,true,0.3,0.8046297535347353,1.4948200388997623
10,false,20,true,0.3,0.8143662328615308,1.767277461432145
10,false,20,true,0.3,0.7428145413355455,1.2099086743549234
10,false,20,true,0.3,0.8042257874229788,1.8456406653509525
10,false,20,true,0.3,0.7300487701268676,1.420226477730166
10,false,20,true,0.3,0.7902806104508048,1.4186537423528245
10,false,20,true,0.3,0.8410936797737898,2.02008409049098
10,false,20,true,0.3,0.8036439987495597,1.503701382165012
10,false,20,true,0.3,0.8060433532555885,1.743002944170744
10,false,20,true,0.3,0.797685185185185,1.471946506947254
10,false,20,true,0.3,0.8121086121086122,1.6241054404526905
10,false,20,true,0.3,0.8114160024696898,1.483636179729686
10,false,20,true,0.3,0.7114614121510675,1.5830695202339857
10,false,20,true,0.3,0.8174780849182511,1.6355635813479337
10,false,20,true,0.4,0.8386466682859685,1.761185517838081
10,false,20,true,0.4,0.916977987240646,1.7981881001876259
10,false,20,true,0.4,0.7532903143368251,1.5968094807760798
10,false,20,true,0.4,0.8142378263937902,1.7110739532150436
10,false,20,true,0.4,0.7887700534759358,1.391950589254459
10,false,20,true,0.4,0.8774648774648771,1.9665349855991918
10,false,20,true,0.4,0.7597963951935913,1.8289487062229473
10,false,20,true,0.4,0.8666733262127414,1.840708365871837
10,false,20,true,0.4,0.7474864945978389,1.2388158072811262
10,false,20,true,0.4,0.8273477508106962,1.668873568026342
10,false,20,true,0.4,0.8953737138199973,1.9852247775786456
10,false,20,true,0.4,0.8211318618356435,1.4909952553818009
10,false,20,true,0.4,0.8888013136288998,2.1108975752294796
10,false,20,true,0.4,0.8439807962800756,1.8128216592998436
10,false,20,true,0.4,0.9209624615043142,2.287522891424916
10,false,20,true,0.4,0.817296357575355,1.6540094849891247
10,false,20,true,0.4,0.8510562801968433,1.9249458126195904
10,false,20,true,0.4,0.8370106491571715,2.172035640271999
10,false,20,true,0.4,0.8969751011729198,2.4178263409271574
10,false,20,true,0.4,0.8459182158457768,2.0768600351739073
10,false,20,true,0.4,0.8816296294934707,1.883891482692917
10,false,20,true,0.4,0.8198325509009283,1.728518827168414
10,false,20,true,0.4,0.888651077604565,1.7336678246919561
10,false,20,true,0.4,0.8805392805392805,2.1779740653983435
10,false,20,true,0.4,0.8164940439444864,1.6500275477968183
10,false,20,true,0.4,0.7927104336382945,1.4348286373054195
10,false,20,true,0.4,0.9101393106341713,1.964750780538477
10,false,20,true,0.4,0.8763656809576702,2.265189968102569
10,false,20,true,0.4,0.874982628521567,2.0647184309320687
10,false,20,true,0.4,0.8595809792843688,1.7343144244736663
10,false,20,true,0.5,0.9090178136055694,1.587362762761619
10,false,20,true,0.5,0.8838278838278838,1.5620255438864437
10,false,20,true,0.5,0.9264033264033261,2.0475340742400787
10,false,20,true,0.5,0.9226319056701622,2.186748000740802
10,false,20,true,0.5,0.875968907369802,2.0046604447076373
10,false,20,true,0.5,0.8959184319685889,1.9265473520285
10,false,20,true,0.5,0.9120806744335812,1.9310858069685048
10,false,20,true,0.5,0.9191966370854743,2.471849007255863
10,false,20,true,0.5,0.8738598346679325,2.211634352520651
10,false,20,true,0.5,0.8768002638207384,1.9219109253975288
10,false,20,true,0.5,0.8806719229916721,1.9400762000579128
10,false,20,true,0.5,0.8729845320150897,1.8354891430756082
10,false,20,true,0.5,0.9445633791474285,2.628381041736824
10,false,20,true,0.5,0.9296296296296294,2.39897024629325
10,false,20,true,0.5,0.8854604781157567,2.1279922675359
10,false,20,true,0.5,0.917406542056075,2.3536528661017764
10,false,20,true,0.5,0.935227916767873,2.1292761390627417
10,false,20,true,0.5,0.8446861913454313,1.7082372543173108
10,false,20,true,0.5,0.9321550784614095,2.463742439166748
10,false,20,true,0.5,0.8915685197687153,1.6548153676524944
10,false,20,true,0.5,0.9194355939918071,2.6236211328885233
10,false,20,true,0.5,0.9120754223853034,2.018208173456741
10,false,20,true,0.5,0.9328464969445199,1.9723586435098106
10,false,20,true,0.5,0.8824583596879605,1.5716669961925955
10,false,20,true,0.5,0.8803506663074344,2.5166864249994507
10,false,20,true,0.5,0.9223159643627438,1.5692392550794425
10,false,20,true,0.5,0.8963572070049395,2.0397437057892613
10,false,20,true,0.5,0.929840972871843,2.0769199268654583
10,false,20,true,0.5,0.9435431193978302,2.3670873123648617
10,false,20,true,0.5,0.8599075159079775,1.8067170761604112
10,false,20,false,0.1,0.17003091471176587,-0.011937217912244336
10,false,20,false,0.1,0.20124383628073006,-0.0110707222089923
10,false,20,false,0.1,0.1940068103247501,7.527978468653274E-4
10,false,20,false,0.1,0.16760558996545183,0.01299297332862448
10,false,20,false,0.1,0.1703252001022788,0.010256041338397637
10,false,20,false,0.1,0.1898565602197375,-0.09455041880388926
10,false,20,false,0.1,0.18025385467245944,-0.01609023945977217
10,false,20,false,0.1,0.17828562134027331,-0.019341701882674478
10,false,20,false,0.1,0.182554485114889,-0.10012681865051665
10,false,20,false,0.1,0.1928595593044498,-0.0329156100723722
10,false,20,false,0.1,0.17064559054666528,0.07375564476262308
10,false,20,false,0.1,0.18070429764448018,0.047069212949717
10,false,20,false,0.1,0.18018815329268256,0.02818080214493257
10,false,20,false,0.1,0.18670822906936885,-0.013167998513373469
10,false,20,false,0.1,0.20149043243323492,0.0662070741793892
10,false,20,false,0.1,0.1871120368582228,0.004134443605688709
10,false,20,false,0.1,0.19042455242966752,0.02006806864455246
10,false,20,false,0.1,0.1640509867168276,0.06056381626552909
10,false,20,false,0.1,0.1795045993053658,-0.13155342803246217
10,false,20,false,0.1,0.18410934813332816,0.05304708744258946
10,false,20,false,0.1,0.17388849682427668,0.004517459183624339
10,false,20,false,0.1,0.21134542921376773,0.03258696685637119
10,false,20,false,0.1,0.19346582354712433,-0.08053198500567849
10,false,20,false,0.1,0.1886825908280064,0.004942327214443765
10,false,20,false,0.1,0.17528137583793704,0.011814386140427402
10,false,20,false,0.1,0.16495785217873848,0.10510610009384891
10,false,20,false,0.1,0.20327021444944268,0.03763511700011435
10,false,20,false,0.1,0.20411079745942143,0.0934013881131186
10,false,20,false,0.1,0.2005198545571605,0.0855252303697025
10,false,20,false,0.1,0.18790925461093527,-5.484992913640241E-5
10,false,20,false,0.2,0.17140480968652583,0.04698670838655161
10,false,20,false,0.2,0.19249276762750167,-0.04964300483561512
10,false,20,false,0.2,0.18486162762449512,0.03766519408204694
10,false,20,false,0.2,0.16458293761701903,0.027544460602928922
10,false,20,false,0.2,0.1741236819606725,-0.054450719371851086
10,false,20,false,0.2,0.17268323175496175,-0.0022025187247720623
10,false,20,false,0.2,0.15368417719514899,-0.011312186838022598
10,false,20,false,0.2,0.18360738360738357,0.0021629671602036993
10,false,20,false,0.2,0.1742147910279643,-0.030490763697443413
10,false,20,false,0.2,0.1904790887748891,-0.03177830647998192
10,false,20,false,0.2,0.1964465092918131,0.010780351172339664
10,false,20,false,0.2,0.17969730629425457,0.005007395372996548
10,false,20,false,0.2,0.17375079765835252,0.04188492097870089
10,false,20,false,0.2,0.18870241228665244,-0.11362634851200593
10,false,20,false,0.2,0.16777582454378034,0.003614919760821955
10,false,20,false,0.2,0.20626658762449804,0.010793439714456454
10,false,20,false,0.2,0.19988204523308895,-0.0783295866233269
10,false,20,false,0.2,0.191694545768492,-0.04457653709116549
10,false,20,false,0.2,0.16752544701777214,0.07803288777528472
10,false,20,false,0.2,0.2073918228821986,0.07134803320565553
10,false,20,false,0.2,0.18035581912527804,0.02774830348944679
10,false,20,false,0.2,0.1736920165360249,0.041993060115974146
10,false,20,false,0.2,0.18782849634369286,-0.013409739277731703
10,false,20,false,0.2,0.14681295715778472,-0.01153521077076114
10,false,20,false,0.2,0.18010840418409196,-0.062433873300621556
10,false,20,false,0.2,0.192738372560045,-0.0278913163632053
10,false,20,false,0.2,0.1805530130483833,0.056407263602938684
10,false,20,false,0.2,0.18061201228430107,-0.05673253790652932
10,false,20,false,0.2,0.21470120409715754,0.16001464793291031
10,false,20,false,0.2,0.2026867228936614,-0.05218025386518299
10,false,20,false,0.3,0.1516331879090329,0.0484052007328204
10,false,20,false,0.3,0.19184681402315604,-0.03728999214400108
10,false,20,false,0.3,0.19582815005577814,-0.0013321984164820222
10,false,20,false,0.3,0.18481861848265457,-0.011460995955339115
10,false,20,false,0.3,0.16939007313833787,-0.05259948994688468
10,false,20,false,0.3,0.19413831254669808,0.012972094359724906
10,false,20,false,0.3,0.18959060897086108,0.059916498086463044
10,false,20,false,0.3,0.15950355502369312,-0.005301604856736475
10,false,20,false,0.3,0.19689071069469843,0.04014696301762921
10,false,20,false,0.3,0.21097212178014,-0.13032507906300328
10,false,20,false,0.3,0.1995868800207929,-0.027243285962978092
10,false,20,false,0.3,0.1685623688373459,0.004520178226619542
10,false,20,false,0.3,0.17885308716364448,0.054501380675539224
10,false,20,false,0.3,0.16687528504705562,0.02593228442851281
10,false,20,false,0.3,0.1713295094028076,0.03315493741303843
10,false,20,false,0.3,0.1645403850915429,-0.08157412868112068
10,false,20,false,0.3,0.16486286137879907,-0.03791952102173113
10,false,20,false,0.3,0.19974632032344167,0.00905400926841704
10,false,20,false,0.3,0.17688660451031948,0.00607602760006376
10,false,20,false,0.3,0.17504747169280538,-0.0816137855857777
10,false,20,false,0.3,0.21329539766771208,0.00669032202679265
10,false,20,false,0.3,0.202113903895952,0.011346359186088506
10,false,20,false,0.3,0.188253134632603,-0.025072813991941167
10,false,20,false,0.3,0.1789187632459257,0.03513809503043497
10,false,20,false,0.3,0.19669166190452333,-0.06789079177488944
10,false,20,false,0.3,0.1690145695652331,-0.04986430029296063
10,false,20,false,0.3,0.20464896718437145,-0.09690317122838632
10,false,20,false,0.3,0.1749576894265183,0.01776495870773598
10,false,20,false,0.3,0.19744272142999114,-0.09163795761771087
10,false,20,false,0.3,0.16268683001281686,0.020545862921721003
10,false,20,false,0.4,0.1581927997677976,0.04033994412026587
10,false,20,false,0.4,0.18456659619450314,0.020812930460189172
10,false,20,false,0.4,0.1648148148148148,-0.041135585306456335
10,false,20,false,0.4,0.1676397957475305,-0.0105119356829535
10,false,20,false,0.4,0.18424522334255514,-0.03372686693258142
10,false,20,false,0.4,0.18742526602059098,0.08827851775256956
10,false,20,false,0.4,0.16914143212774693,0.0562624205551856
10,false,20,false,0.4,0.16664982580320306,-0.029476953017973706
10,false,20,false,0.4,0.21015324702206875,0.16322095821101623
10,false,20,false,0.4,0.1861083207768291,-0.004124523558960647
10,false,20,false,0.4,0.1920905379745695,-0.025279632132584773
10,false,20,false,0.4,0.1623740035330968,0.036335731536965454
10,false,20,false,0.4,0.1698200156508129,-0.04714821112805634
10,false,20,false,0.4,0.17041054739652867,-0.028495549217656624
10,false,20,false,0.4,0.18859870713115745,-0.04646334193775736
10,false,20,false,0.4,0.17616823518837238,0.05804888103744066
10,false,20,false,0.4,0.16545076545076545,-0.09140207745896944
10,false,20,false,0.4,0.19171072829609404,0.033498483212069274
10,false,20,false,0.4,0.21750262767677978,0.022958731617781503
10,false,20,false,0.4,0.18215102974828382,0.03205663692967686
10,false,20,false,0.4,0.19745538242815075,0.03561067077913194
10,false,20,false,0.4,0.17984988524080467,0.058860135212091436
10,false,20,false,0.4,0.20285411933144515,-0.04423269289417053
10,false,20,false,0.4,0.1604283087816137,-0.06900190949242102
10,false,20,false,0.4,0.18556910801852258,-0.046861495064217884
10,false,20,false,0.4,0.18990035136987887,-0.05380966073298499
10,false,20,false,0.4,0.16932453048602158,0.02803943899755712
10,false,20,false,0.4,0.17719550952282964,-0.009100645219557002
10,false,20,false,0.4,0.18118948824343015,-0.06360081511598548
10,false,20,false,0.4,0.176356395874672,0.03274662847827692
10,false,20,false,0.5,0.19469951359700005,0.10637338162769883
10,false,20,false,0.5,0.17965220813462382,-0.032572183950903444
10,false,20,false,0.5,0.1842876651860844,-0.07044998138907044
10,false,20,false,0.5,0.17464782443685395,0.10955479401873802
10,false,20,false,0.5,0.19769503546099293,-0.07590298150531094
10,false,20,false,0.5,0.21158948469862623,-0.04860615083816899
10,false,20,false,0.5,0.18697842981630147,0.06284953283315353
10,false,20,false,0.5,0.19132857727812935,0.017640023231393798
10,false,20,false,0.5,0.1786555252153796,0.024728061023605363
10,false,20,false,0.5,0.15349322846407695,0.02861736859957187
10,false,20,false,0.5,0.1713735444160043,0.08103136338723527
10,false,20,false,0.5,0.1786045044561366,0.04727405978251742
10,false,20,false,0.5,0.16066327508035508,0.0821819839382929
10,false,20,false,0.5,0.1994182153021931,0.008637825497483043
10,false,20,false,0.5,0.20214433017664774,0.029855978890346968
10,false,20,false,0.5,0.1623139883239605,-0.07411850871533154
10,false,20,false,0.5,0.17311371150384997,-0.0340373951720192
10,false,20,false,0.5,0.22328676721978838,0.08541350827723537
10,false,20,false,0.5,0.1867326951195961,-0.00396545882668331
10,false,20,false,0.5,0.1826612878648694,-0.01085514278305233
10,false,20,false,0.5,0.17035501854883836,0.016505434669516816
10,false,20,false,0.5,0.18578324078051053,-0.04155929725494811
10,false,20,false,0.5,0.18677311255667273,-0.03236095594520183
10,false,20,false,0.5,0.19241078056747227,0.043395143682927184
10,false,20,false,0.5,0.16741852766396226,0.02859452067515278
10,false,20,false,0.5,0.18106447124304262,-0.08212745639877461
10,false,20,false,0.5,0.18433635793495712,-0.06236599693150069
10,false,20,false,0.5,0.18501497587854676,-0.0032261914947175896
10,false,20,false,0.5,0.19339962689703832,-0.033125953273033026
10,false,20,false,0.5,0.15518694841559952,0.002030655647589086
10,false,25,true,0.1,0.424177837276074,0.7547843090137105
10,false,25,true,0.1,0.46576284272131696,1.0192919162460603
10,false,25,true,0.1,0.48957980597063755,0.9191615709778711
10,false,25,true,0.1,0.44590345642977214,0.7860295212185582
10,false,25,true,0.1,0.4731963717534113,0.9239818035172025
10,false,25,true,0.1,0.5085913000008719,0.9690799086891566
10,false,25,true,0.1,0.49483019903584574,0.9894778683673211
10,false,25,true,0.1,0.44824843796227665,0.7743645630191054
10,false,25,true,0.1,0.3841142044047577,0.6657352493311341
10,false,25,true,0.1,0.48097625885492473,0.929154556015555
10,false,25,true,0.1,0.47225939269171385,0.8250065893642731
10,false,25,true,0.1,0.46156452162967315,0.9001209059043003
10,false,25,true,0.1,0.438996832955754,0.875587799226909
10,false,25,true,0.1,0.39760452343797503,0.6905591833645834
10,false,25,true,0.1,0.4316096961000361,1.0097775054230373
10,false,25,true,0.1,0.45659389894286845,0.9175464353520351
10,false,25,true,0.1,0.452082713031757,0.8077318614701721
10,false,25,true,0.1,0.4453697557312305,0.7743831443404012
10,false,25,true,0.1,0.42869622587093675,0.8956182485976054
10,false,25,true,0.1,0.495561821219716,0.8989900366165182
10,false,25,true,0.1,0.4304105719434389,0.7903202269809659
10,false,25,true,0.1,0.3970731707317074,0.6978668122678702
10,false,25,true,0.1,0.44367296583015653,0.6984057673159345
10,false,25,true,0.1,0.43151197604790426,0.8083109435424758
10,false,25,true,0.1,0.4848336594911935,0.9436995127379975
10,false,25,true,0.1,0.39760811418562275,0.8169855384446185
10,false,25,true,0.1,0.4665162917311912,0.8868682042646778
10,false,25,true,0.1,0.39775004554563675,0.7113060437658891
10,false,25,true,0.1,0.4459736564999721,0.7722210700410654
10,false,25,true,0.1,0.5023703708096026,1.0619035672425676
10,false,25,true,0.2,0.6406144905700984,1.3106904196953595
10,false,25,true,0.2,0.682962962962963,1.3499478288459965
10,false,25,true,0.2,0.6978261447287996,1.6328803629871222
10,false,25,true,0.2,0.6080252126097396,1.2566294389523085
10,false,25,true,0.2,0.6614999999999998,1.3380002084494391
10,false,25,true,0.2,0.6857857142857139,1.2346540059109286
10,false,25,true,0.2,0.558135058135058,1.0450363517473935
10,false,25,true,0.2,0.5783355983921435,1.043690015933354
10,false,25,true,0.2,0.6169605045059634,1.1360480948970597
10,false,25,true,0.2,0.6445516841432527,1.100861864632134
10,false,25,true,0.2,0.6007207390720859,1.134906322378301
10,false,25,true,0.2,0.6818861258323138,1.5720945799175308
10,false,25,true,0.2,0.6160551312523025,1.1581814073187129
10,false,25,true,0.2,0.6222101844161477,1.3539827005009544
10,false,25,true,0.2,0.5325113562621673,0.864300202727672
10,false,25,true,0.2,0.6098765432098765,1.4044115296671267
10,false,25,true,0.2,0.5765553606109791,1.1327799873561144
10,false,25,true,0.2,0.6994340766539532,1.7674692756045198
10,false,25,true,0.2,0.5733204047106721,1.0692197465841327
10,false,25,true,0.2,0.6411862990810356,1.4442163638420826
10,false,25,true,0.2,0.5439399624765481,0.9337344743073839
10,false,25,true,0.2,0.6384017677636701,1.3725563452913256
10,false,25,true,0.2,0.6244401694474774,1.3316705066811574
10,false,25,true,0.2,0.6503081165698489,1.2761645629632374
10,false,25,true,0.2,0.6022568433313923,1.1050195501172775
10,false,25,true,0.2,0.5725937400847348,0.9495330919774503
10,false,25,true,0.2,0.6563011528613352,1.0925465534944285
10,false,25,true,0.2,0.642601719307587,1.4134768755786098
10,false,25,true,0.2,0.6482367644128887,1.2333472089268884
10,false,25,true,0.2,0.6540138126624825,1.5034034266033105
10,false,25,true,0.3,0.7392592592592588,1.322742201520339
10,false,25,true,0.3,0.7721435841598219,1.5698652810092497
10,false,25,true,0.3,0.7328315809326235,1.4890472273504551
10,false,25,true,0.3,0.7396794197685287,1.6135818150709849
10,false,25,true,0.3,0.7953174413351403,1.5827209894010181
10,false,25,true,0.3,0.748623389172291,1.5506647295616984
10,false,25,true,0.3,0.7201440863024693,1.4894374766758043
10,false,25,true,0.3,0.7543568670345759,1.643007704335175
10,false,25,true,0.3,0.7873894768183571,1.8540837142809403
10,false,25,true,0.3,0.8385153921684267,2.196499144741199
10,false,25,true,0.3,0.7904372910520409,1.4391403879832572
10,false,25,true,0.3,0.7168421631668699,1.4238334849097534
10,false,25,true,0.3,0.7923928202713226,1.823584247365428
10,false,25,true,0.3,0.7647152278731226,1.6465856225164766
10,false,25,true,0.3,0.8273007520795133,1.8285787374169207
10,false,25,true,0.3,0.7955167556937467,1.709744056553907
10,false,25,true,0.3,0.7892142857142854,1.649646685984056
10,false,25,true,0.3,0.8143569794452531,1.8183187010306687
10,false,25,true,0.3,0.8420112496199454,2.2382822986602537
10,false,25,true,0.3,0.7683533101356871,1.4866005586428406
10,false,25,true,0.3,0.7460321462247672,1.5157248989143985
10,false,25,true,0.3,0.7635712635712634,1.7109260127781587
10,false,25,true,0.3,0.7953734196163328,1.697737058981926
10,false,25,true,0.3,0.7757874336635814,1.5625865690751768
10,false,25,true,0.3,0.805375139977603,1.6278987165499608
10,false,25,true,0.3,0.7712732883494924,1.6698741495806102
10,false,25,true,0.3,0.7813116370808678,1.5627426013302763
10,false,25,true,0.3,0.6942807298788256,1.3032429595432653
10,false,25,true,0.3,0.8240641711229938,2.515567098103758
10,false,25,true,0.3,0.8915237220066708,2.5864327602750405
10,false,25,true,0.4,0.833444238233754,1.6650575209317626
10,false,25,true,0.4,0.8665714285714278,2.4288455179240174
10,false,25,true,0.4,0.9234996235787682,1.8866099953369089
10,false,25,true,0.4,0.8946780010934878,1.8834148122103578
10,false,25,true,0.4,0.862971875119732,1.854437476900043
10,false,25,true,0.4,0.8377532935482681,1.8073578674287152
10,false,25,true,0.4,0.7940817343350594,1.9018948719587803
10,false,25,true,0.4,0.9077540106951866,1.8508062154860054
10,false,25,true,0.4,0.8274611985952186,1.695428422216139
10,false,25,true,0.4,0.8735786146337987,1.7073061249345658
10,false,25,true,0.4,0.9545358009708736,2.0783537430106804
10,false,25,true,0.4,0.7994472980329967,1.6323208379994725
10,false,25,true,0.4,0.8971354436133904,2.209518940816329
10,false,25,true,0.4,0.8731203007518797,1.822847968541966
10,false,25,true,0.4,0.8309565598946904,1.613632207311337
10,false,25,true,0.4,0.8528395652289459,1.664047988935673
10,false,25,true,0.4,0.9029263561910121,1.7657716567194264
10,false,25,true,0.4,0.9002947407202724,2.1724367047851985
10,false,25,true,0.4,0.8188109472993518,1.626273088953587
10,false,25,true,0.4,0.8513829384334981,1.5216050318128183
10,false,25,true,0.4,0.844670599153548,2.0301897586656104
10,false,25,true,0.4,0.8208754903985133,1.5935577081194197
10,false,25,true,0.4,0.868333454591819,1.4954602283033225
10,false,25,true,0.4,0.8271604938271607,1.6500097884899976
10,false,25,true,0.4,0.8909186358538492,1.816851427685168
10,false,25,true,0.4,0.8507143397602129,2.167583423437611
10,false,25,true,0.4,0.9051428571428567,2.012873060329774
10,false,25,true,0.4,0.8805024940165967,2.1347081677348916
10,false,25,true,0.4,0.8647737578158559,1.6537680040323197
10,false,25,true,0.4,0.8902354036951027,1.803434280662132
10,false,25,true,0.5,0.857342675778675,1.9362044129546563
10,false,25,true,0.5,0.9358739270243693,1.8928975457819242
10,false,25,true,0.5,0.9094739952001677,1.848505336865382
10,false,25,true,0.5,0.9322706764360641,2.370797463185422
10,false,25,true,0.5,0.8813154407510406,1.89782328856022
10,false,25,true,0.5,0.95358024691358,2.161429376678192
10,false,25,true,0.5,0.9321529523677675,2.3266682497517435
10,false,25,true,0.5,0.9021644360438099,1.7161216856132553
10,false,25,true,0.5,0.9140167284029749,2.368053974939323
10,false,25,true,0.5,0.9427339487136064,2.037835972093525
10,false,25,true,0.5,0.903687764794931,1.8590066605735958
10,false,25,true,0.5,0.9367167919799498,2.2443113459965787
10,false,25,true,0.5,0.8749017857751711,1.609974139288739
10,false,25,true,0.5,0.9135915552122311,2.0176586255787594
10,false,25,true,0.5,0.8030691522651485,1.4690139243335754
10,false,25,true,0.5,0.9501198896619271,1.9681978753526588
10,false,25,true,0.5,0.931814687644135,1.7678100300966832
10,false,25,true,0.5,0.9541756584145585,2.1660817083015678
10,false,25,true,0.5,0.9118534598754913,1.9074094650462188
10,false,25,true,0.5,0.9191716895599916,2.091772746556811
10,false,25,true,0.5,0.9472277483107957,2.618669572323241
10,false,25,true,0.5,0.9030463701564608,2.4294195002492076
10,false,25,true,0.5,0.8689187229620314,1.935412632866245
10,false,25,true,0.5,0.9278284930177177,2.3451403755152107
10,false,25,true,0.5,0.8845355119812462,2.143474811991254
10,false,25,true,0.5,0.9373679205409974,2.363605540984403
10,false,25,true,0.5,0.8975606114335845,1.7242430026534201
10,false,25,true,0.5,0.8975798854886067,1.9093616715178383
10,false,25,true,0.5,0.8525287591042134,1.7868034773870871
10,false,25,true,0.5,0.9551792828685266,1.9070560331660396
10,false,25,false,0.1,0.1611788252176364,0.002695859750215135
10,false,25,false,0.1,0.1624999999999999,-0.0814475880525265
10,false,25,false,0.1,0.1525796946496872,-0.019983794800118027
10,false,25,false,0.1,0.15290265104640166,0.06988148811896888
10,false,25,false,0.1,0.1656455587457329,-0.001735040014669842
10,false,25,false,0.1,0.16032580419454961,-0.06929723799770837
10,false,25,false,0.1,0.17492857142857143,0.0798356635428652
10,false,25,false,0.1,0.1709942184596325,-0.005623899453794934
10,false,25,false,0.1,0.17952026980521724,0.041155200472688946
10,false,25,false,0.1,0.17539805502306485,-0.043838864325499216
10,false,25,false,0.1,0.16385276849466004,0.016531154803832493
10,false,25,false,0.1,0.16593928712835915,8.370292767070353E-4
10,false,25,false,0.1,0.17022651261781693,-0.026170093766864078
10,false,25,false,0.1,0.16242239358163973,0.026546347993009256
10,false,25,false,0.1,0.1735161016429891,0.022598113755747384
10,false,25,false,0.1,0.17827160493827165,0.010575618902333161
10,false,25,false,0.1,0.20621080776110573,-0.07199201530548383
10,false,25,false,0.1,0.14026174545989262,-0.02271563183565739
10,false,25,false,0.1,0.1583092444679958,0.02914105961758917
10,false,25,false,0.1,0.17805948149786952,0.028523390661622905
10,false,25,false,0.1,0.18796413444083834,-0.020879826131955603
10,false,25,false,0.1,0.1677897461620152,-0.026550438860380332
10,false,25,false,0.1,0.15325954470311326,-0.007262050742711246
10,false,25,false,0.1,0.1442486895748399,-0.025691039893991352
10,false,25,false,0.1,0.20201138542381705,0.03914214865355259
10,false,25,false,0.1,0.15978045363375548,0.059739346934963855
10,false,25,false,0.1,0.18222197083138586,0.11541594109525555
10,false,25,false,0.1,0.1704670911249262,-0.03082389487381665
10,false,25,false,0.1,0.17666298506103123,-0.07428080148919758
10,false,25,false,0.1,0.17801525058412268,-0.005971716763734314
10,false,25,false,0.2,0.1597145496368477,0.05971459585797145
10,false,25,false,0.2,0.16275234773635172,-0.00596086513237104
10,false,25,false,0.2,0.18708007939714694,0.0612444909943024
10,false,25,false,0.2,0.17058062759512635,-0.004001727086525797
10,false,25,false,0.2,0.1847721808682788,-0.0279811442014557
10,false,25,false,0.2,0.16926747878505177,-0.00298916243121905
10,false,25,false,0.2,0.17841334024148503,0.003394673300268991
10,false,25,false,0.2,0.18074866310160428,-0.03304439825908645
10,false,25,false,0.2,0.16633405780122648,-0.04422766624554253
10,false,25,false,0.2,0.17852044127190134,-9.869314926902462E-4
10,false,25,false,0.2,0.14164806009012665,-0.006738015117853102
10,false,25,false,0.2,0.1631678843760741,-0.018241263055283063
10,false,25,false,0.2,0.18007142857142863,0.014298212608961691
10,false,25,false,0.2,0.1537274315666861,0.02605074311565403
10,false,25,false,0.2,0.16914302147239257,-0.015007661380389337
10,false,25,false,0.2,0.1654692012858202,0.06268632153938736
10,false,25,false,0.2,0.1536420904841957,-0.038371655184429976
10,false,25,false,0.2,0.15809031687047298,0.008318616026588899
10,false,25,false,0.2,0.18176319565539129,-0.09691286303869084
10,false,25,false,0.2,0.14827740244370774,0.009364617441756096
10,false,25,false,0.2,0.19401768875071093,-0.10483275255353597
10,false,25,false,0.2,0.17640066382033837,-0.08713029404975181
10,false,25,false,0.2,0.17244942148231895,0.09379096461000636
10,false,25,false,0.2,0.1649252750174629,0.0387440904652161
10,false,25,false,0.2,0.156958498401031,-0.05028260904033477
10,false,25,false,0.2,0.16654048596290774,-0.0052790476942501385
10,false,25,false,0.2,0.15208716784648021,-0.04482218995884768
10,false,25,false,0.2,0.17765298982758923,-0.02907117529516512
10,false,25,false,0.2,0.18318513349326468,-0.04507027493657567
10,false,25,false,0.2,0.17186484730344387,0.012956668866089593
10,false,25,false,0.3,0.19892917829348827,0.08076259440006517
10,false,25,false,0.3,0.16991662183969874,0.02359749403800393
10,false,25,false,0.3,0.16214141970408433,-0.00160824120546188
10,false,25,false,0.3,0.17539886773031388,-0.05381755121413612
10,false,25,false,0.3,0.17243645190057597,0.03150322748080914
10,false,25,false,0.3,0.19772075582677756,0.03876138256646389
10,false,25,false,0.3,0.17059387591998035,-0.03608671463118629
10,false,25,false,0.3,0.14643559225364144,0.0620864210487877
10,false,25,false,0.3,0.17802841311940337,-0.049328941848518326
10,false,25,false,0.3,0.1612279101068339,-0.07586115640522273
10,false,25,false,0.3,0.18688394773584516,0.01594314669142083
10,false,25,false,0.3,0.17546438998457736,-0.07441408943482664
10,false,25,false,0.3,0.13636363636363635,0.015345013372259686
10,false,25,false,0.3,0.17859906489686886,-0.011562517850833842
10,false,25,false,0.3,0.18186184547969242,0.08400827451947013
10,false,25,false,0.3,0.18155769731700963,-0.03666675280507192
10,false,25,false,0.3,0.1606403483322201,-0.03314299281168864
10,false,25,false,0.3,0.184339836721785,0.011938525070502415
10,false,25,false,0.3,0.1624131255940329,0.0378340244133355
10,false,25,false,0.3,0.18821428571428572,-0.018982892878641522
10,false,25,false,0.3,0.1626606639234362,0.034235011442563135
10,false,25,false,0.3,0.17272533983065208,-0.03753931768190366
10,false,25,false,0.3,0.1561601322852761,0.05022217590253408
10,false,25,false,0.3,0.18459142351320282,-0.033691707919803804
10,false,25,false,0.3,0.17276126130470953,-0.06318945883471194
10,false,25,false,0.3,0.17421642908136234,-0.02941624737887949
10,false,25,false,0.3,0.1633846235616148,-0.038457508703118926
10,false,25,false,0.3,0.15499448200321692,-0.02539173790902982
10,false,25,false,0.3,0.15080141860304447,0.030956988263024954
10,false,25,false,0.3,0.18788906180524687,0.026288706691442343
10,false,25,false,0.4,0.16769073966220155,-0.014707749597755004
10,false,25,false,0.4,0.1574247011674558,-0.02190388896511486
10,false,25,false,0.4,0.1469116793145673,-0.030328610482002638
10,false,25,false,0.4,0.17722910496687996,-0.13082772683312527
10,false,25,false,0.4,0.19607843137254902,0.04511436610184205
10,false,25,false,0.4,0.16318951628192624,-0.03975128622298918
10,false,25,false,0.4,0.15952242283051835,-0.045618834515657625
10,false,25,false,0.4,0.17616762605410813,-0.04550399491882118
10,false,25,false,0.4,0.16566950004298986,-0.016995869003170405
10,false,25,false,0.4,0.18097519533959033,0.03567699873080077
10,false,25,false,0.4,0.15415100658653663,-0.06866733467387576
10,false,25,false,0.4,0.1631519699812382,0.013294948181663102
10,false,25,false,0.4,0.14928057011765916,0.05043486510290851
10,false,25,false,0.4,0.16753980115998512,0.040628519637544436
10,false,25,false,0.4,0.17766337403932286,0.011600371897984907
10,false,25,false,0.4,0.15534117557339233,0.0384885146438636
10,false,25,false,0.4,0.17476372940283522,-0.07411527754905922
10,false,25,false,0.4,0.17035075622272963,-0.016039099167183046
10,false,25,false,0.4,0.14876380199180267,-0.03198731278148692
10,false,25,false,0.4,0.17574492814877435,-0.03366148020071602
10,false,25,false,0.4,0.14421018787826465,-0.035760872471390925
10,false,25,false,0.4,0.18708419132918813,-0.0304816231696039
10,false,25,false,0.4,0.17798884988643404,0.030156556657098932
10,false,25,false,0.4,0.196888811238587,-0.017396563334128423
10,false,25,false,0.4,0.15226821557238437,-0.008230328400586906
10,false,25,false,0.4,0.15396825396825395,-0.02098870002447928
10,false,25,false,0.4,0.16271599837397274,0.04465032031528704
10,false,25,false,0.4,0.1595499612652429,-0.007810169733519778
10,false,25,false,0.4,0.1777340413172875,-0.040897186310806966
10,false,25,false,0.4,0.21016171618178503,-0.0032919893755707363
10,false,25,false,0.5,0.19838592620133177,0.009160947339669434
10,false,25,false,0.5,0.15859175436707768,0.12980307085813525
10,false,25,false,0.5,0.16810193012116093,0.059178061265729553
10,false,25,false,0.5,0.1624845111016931,-2.590368606245619E-4
10,false,25,false,0.5,0.15208116820207507,-0.0509762498600006
10,false,25,false,0.5,0.16140339593516853,0.02046705122811243
10,false,25,false,0.5,0.17137137584199616,-0.05741381348807373
10,false,25,false,0.5,0.19044054818475076,-0.013827417489025606
10,false,25,false,0.5,0.16835419490286746,-0.039941847518671025
10,false,25,false,0.5,0.1531904691461305,0.0612435811793306
10,false,25,false,0.5,0.1669257709556614,-0.016845065970587214
10,false,25,false,0.5,0.16930561077718273,-0.017702073217528813
10,false,25,false,0.5,0.17765169189421226,-0.026089326240405164
10,false,25,false,0.5,0.1741048839381091,0.051622354197562004
10,false,25,false,0.5,0.16489105431888568,0.03414668966105605
10,false,25,false,0.5,0.13305736597537995,0.036531087296370224
10,false,25,false,0.5,0.17523433924035256,0.015426962738205319
10,false,25,false,0.5,0.16422511318352112,-0.03380820530163753
10,false,25,false,0.5,0.18580372743156673,0.031183038875466806
10,false,25,false,0.5,0.1688888888888888,-0.003118694980685177
10,false,25,false,0.5,0.15621608712473986,5.184053704638814E-4
10,false,25,false,0.5,0.1562841304384698,0.019199573121225555
10,false,25,false,0.5,0.17204076170684593,0.015339755858370552
10,false,25,false,0.5,0.14831349206349198,0.01969846303062539
10,false,25,false,0.5,0.17861213474876436,0.05687266798376456
10,false,25,false,0.5,0.14992739907655478,-0.05134338540476513
10,false,25,false,0.5,0.16195388349514564,0.020175348967284457
10,false,25,false,0.5,0.15201442862514505,0.004928038026363879
10,false,25,false,0.5,0.17941176470588244,-6.838003353415445E-5
10,false,25,false,0.5,0.16655116655116664,-0.062228888036774954
10,false,30,true,0.1,0.3840275057898674,0.8114574285538874
10,false,30,true,0.1,0.4719088187888555,0.9310395049081643
10,false,30,true,0.1,0.4101011313350588,0.8765803260928191
10,false,30,true,0.1,0.422577599748246,0.8015181697451093
10,false,30,true,0.1,0.44919773946362707,0.8044905061829581
10,false,30,true,0.1,0.40234646192178836,0.6935381131523766
10,false,30,true,0.1,0.5664443270330125,1.1205354652917912
10,false,30,true,0.1,0.5665797799361928,1.1423605540261539
10,false,30,true,0.1,0.43710107019250716,0.8557716423626012
10,false,30,true,0.1,0.4940185879053022,1.0491524307281024
10,false,30,true,0.1,0.4494438415626694,0.7521433970549003
10,false,30,true,0.1,0.40793166106820994,0.7362860123936343
10,false,30,true,0.1,0.43747724301771007,0.8732901777906585
10,false,30,true,0.1,0.5255448884276078,1.1270312110712881
10,false,30,true,0.1,0.5024805102763998,0.9669295293476994
10,false,30,true,0.1,0.471884951420654,1.0267978552368549
10,false,30,true,0.1,0.43968996191665305,0.7088674860752127
10,false,30,true,0.1,0.5046248479423442,1.1783540034322115
10,false,30,true,0.1,0.3910170609418635,0.5961105949569117
10,false,30,true,0.1,0.37870049031110675,0.7032715394312801
10,false,30,true,0.1,0.4404742818789759,1.023389656974441
10,false,30,true,0.1,0.4943804629008548,0.9368978599202675
10,false,30,true,0.1,0.5393767694041458,1.4457922334348146
10,false,30,true,0.1,0.5438075033967844,1.293859948533302
10,false,30,true,0.1,0.3916666666666667,0.7615579868918392
10,false,30,true,0.1,0.4677981396595355,0.8534273063381219
10,false,30,true,0.1,0.43622071714855226,0.858230751999197
10,false,30,true,0.1,0.4904909249712409,0.9799216132035262
10,false,30,true,0.1,0.4044074924244596,0.6923716016405939
10,false,30,true,0.1,0.5091398440580972,1.0085075531200438
10,false,30,true,0.2,0.6585500418395166,1.3440273130944096
10,false,30,true,0.2,0.5789249952767807,1.1764900976799595
10,false,30,true,0.2,0.6132457000918426,1.376890386047683
10,false,30,true,0.2,0.6320151277824386,1.2208045034332056
10,false,30,true,0.2,0.5825990991799304,1.156996032979782
10,false,30,true,0.2,0.6968016618644445,1.5093127038172964
10,false,30,true,0.2,0.7414509729831856,1.7395027512213836
10,false,30,true,0.2,0.7048618769253258,1.5467283043030475
10,false,30,true,0.2,0.6226179230753434,1.3544835913237803
10,false,30,true,0.2,0.7125417515514246,1.43569981395708
10,false,30,true,0.2,0.6243833520669418,1.1211645898382985
10,false,30,true,0.2,0.6340181589237193,1.1566775301496097
10,false,30,true,0.2,0.6227499641142598,1.1976918008681547
10,false,30,true,0.2,0.6611186679558826,1.356487519099744
10,false,30,true,0.2,0.6762871040760302,1.381872471790575
10,false,30,true,0.2,0.6289914402435252,1.0492833070665233
10,false,30,true,0.2,0.5994680202426682,1.1441924340136174
10,false,30,true,0.2,0.5872545496320822,1.0686846686835363
10,false,30,true,0.2,0.6537318476330795,1.4677539963766026
10,false,30,true,0.2,0.5674269021932059,1.0444762766318068
10,false,30,true,0.2,0.6400175621946042,1.2229063034493244
10,false,30,true,0.2,0.5812462060159505,1.1117451261763138
10,false,30,true,0.2,0.6018941359626364,1.1061412098765828
10,false,30,true,0.2,0.6512690246139347,1.2706364580217437
10,false,30,true,0.2,0.6702956735310782,1.4828611639290443
10,false,30,true,0.2,0.6334868431758639,1.2341052286071488
10,false,30,true,0.2,0.597393296235456,1.0151233925469914
10,false,30,true,0.2,0.6440411182199761,1.245908066114369
10,false,30,true,0.2,0.6139373053217576,1.1124486816702692
10,false,30,true,0.2,0.6277202251984274,1.2076646013985988
10,false,30,true,0.3,0.6763559648234028,1.3292117286076888
10,false,30,true,0.3,0.8509700176366842,2.1898162681018682
10,false,30,true,0.3,0.7680282844163892,1.4612101326165803
10,false,30,true,0.3,0.8592419534641015,2.001646016607907
10,false,30,true,0.3,0.815614311051053,1.9799254306394394
10,false,30,true,0.3,0.7684450524395806,1.6104827319916355
10,false,30,true,0.3,0.7584810367829236,1.5903020861485215
10,false,30,true,0.3,0.7514999620262778,1.570821688100926
10,false,30,true,0.3,0.8164473684210526,2.0325602021276232
10,false,30,true,0.3,0.6697076981082697,1.3242560147002775
10,false,30,true,0.3,0.7394311227675789,1.5120069162159195
10,false,30,true,0.3,0.8181997864344829,1.7908343183970636
10,false,30,true,0.3,0.7250291357973648,1.4616524221409248
10,false,30,true,0.3,0.8479168382474057,1.9874922321573285
10,false,30,true,0.3,0.7948776876729872,1.40012855420862
10,false,30,true,0.3,0.8065224038997713,1.7024110193849973
10,false,30,true,0.3,0.7240342354846168,1.3504203993278718
10,false,30,true,0.3,0.8270258391357653,1.9168575739482119
10,false,30,true,0.3,0.8150187206390814,1.6858056172750615
10,false,30,true,0.3,0.8216984696769317,1.6610230977659048
10,false,30,true,0.3,0.7334999073457509,1.4568476238652277
10,false,30,true,0.3,0.754582690942081,1.460792798162589
10,false,30,true,0.3,0.6782563570316555,1.1597051056419794
10,false,30,true,0.3,0.8364324100682791,1.8561812954504724
10,false,30,true,0.3,0.7331611955153848,1.563996285183702
10,false,30,true,0.3,0.782721804550794,1.5351494409146085
10,false,30,true,0.3,0.8709699776166915,1.7987398477391006
10,false,30,true,0.3,0.770494228186331,1.56949234919092
10,false,30,true,0.3,0.7826143441014994,1.794031662583273
10,false,30,true,0.3,0.7312026362861768,1.527672652916392
10,false,30,true,0.4,0.8352241307080019,1.777175717188121
10,false,30,true,0.4,0.8664494068163942,1.903170885573748
10,false,30,true,0.4,0.7961137425981305,1.6224351296323736
10,false,30,true,0.4,0.9186665495205195,2.370853724835471
10,false,30,true,0.4,0.8561192554768573,1.7205614331727714
10,false,30,true,0.4,0.8818775968645708,1.777145733211821
10,false,30,true,0.4,0.8680930915079591,1.8006092640229632
10,false,30,true,0.4,0.9174647458294087,2.2424516487229535
10,false,30,true,0.4,0.8448426460376487,1.7464102861775652
10,false,30,true,0.4,0.8618416549825272,1.67017208838947
10,false,30,true,0.4,0.9008114667519207,2.1140708715130883
10,false,30,true,0.4,0.8727964743589745,1.6456145080563145
10,false,30,true,0.4,0.839192741102052,1.7577185548991778
10,false,30,true,0.4,0.851452059830614,1.6542505019930704
10,false,30,true,0.4,0.8553902238112762,1.7134986742001939
10,false,30,true,0.4,0.8596381535943064,2.156582929566092
10,false,30,true,0.4,0.8545021860645297,1.9619984282865772
10,false,30,true,0.4,0.8931393809180416,2.2365391590698627
10,false,30,true,0.4,0.8759069134329611,2.1510698047034627
10,false,30,true,0.4,0.7794439801718781,1.3691142971008263
10,false,30,true,0.4,0.8730954165105541,2.172657268122932
10,false,30,true,0.4,0.8676848484848485,2.2147658111538515
10,false,30,true,0.4,0.9171910318482566,2.2986069112306966
10,false,30,true,0.4,0.9124516048457604,1.7331818361329576
10,false,30,true,0.4,0.895740240384991,1.832738460224462
10,false,30,true,0.4,0.9230449941889411,1.8043086110254922
10,false,30,true,0.4,0.9039777170933491,1.8382485893349125
10,false,30,true,0.4,0.8589489262548017,1.7072817285098605
10,false,30,true,0.4,0.7721913507414924,1.6676910723103093
10,false,30,true,0.5,0.8735401864895851,1.7727062621634877
10,false,30,true,0.4,0.7787817126215772,1.3183644048549406
10,false,30,true,0.5,0.9656491603305873,2.188862398588676
10,false,30,true,0.5,0.9390490720420458,2.3016143388659165
10,false,30,true,0.5,0.9263481511373527,2.707811008133681
10,false,30,true,0.5,0.8716465459423209,1.930919657505962
10,false,30,true,0.5,0.9693108501303872,1.8143642352943568
10,false,30,true,0.5,0.9296971303598643,2.0716332791546463
10,false,30,true,0.5,0.9234635672869614,2.415080120105464
10,false,30,true,0.5,0.9135497288148201,1.804825481027577
10,false,30,true,0.5,0.9732606574711836,2.6883719747368167
10,false,30,true,0.5,0.9471240942028986,2.6397337086366646
10,false,30,true,0.5,0.9457026300843195,2.032940105114659
10,false,30,true,0.5,0.9469017164822058,2.843415181732273
10,false,30,true,0.5,0.9067439409905165,2.044422443464396
10,false,30,true,0.5,0.9385926481145209,1.7832390512461291
10,false,30,true,0.5,0.8312865770395058,1.414465511403268
10,false,30,true,0.5,0.9180872647559523,2.0393072978657782
10,false,30,true,0.5,0.9328947368421044,1.9323569703056354
10,false,30,true,0.5,0.902557494052339,2.071753695490262
10,false,30,true,0.5,0.9748238186760873,2.6095425909070356
10,false,30,true,0.5,0.8597629158485447,2.0410665770733107
10,false,30,true,0.5,0.9400859625921029,1.8740739879923654
10,false,30,true,0.5,0.8957230475035565,1.9189827698089816
10,false,30,true,0.5,0.9426421531684687,2.2269418112941404
10,false,30,true,0.5,0.9177459350652177,2.03493221081321
10,false,30,true,0.5,0.9426672302885025,2.1462499261778776
10,false,30,true,0.5,0.9074333800841526,1.8564957916737557
10,false,30,true,0.5,0.9073454545454545,2.510175369916528
10,false,30,true,0.5,0.880686597747795,1.9205961799898787
10,false,30,true,0.5,0.9723339473484245,2.1493982678807857
10,false,30,false,0.1,0.14184915229907968,-0.04198735086887684
10,false,30,false,0.1,0.18259882863417792,-0.08764245446942898
10,false,30,false,0.1,0.14777342238304123,0.004361326504795926
10,false,30,false,0.1,0.19481058640373644,-0.05808726832439337
10,false,30,false,0.1,0.16267599863615095,0.036168914986613565
10,false,30,false,0.1,0.16317674842106022,-0.02360207721002361
10,false,30,false,0.1,0.1563360382553253,-0.030497988711920776
10,false,30,false,0.1,0.16419333369309091,-0.036230752469294636
10,false,30,false,0.1,0.17764868617188545,-0.12023813790121363
10,false,30,false,0.1,0.16644932261102657,-0.012519620738292936
10,false,30,false,0.1,0.16684256161864608,-0.002094311574531993
10,false,30,false,0.1,0.15320072131542725,0.05040142600726938
10,false,30,false,0.1,0.16162439843794302,0.004680871869233272
10,false,30,false,0.1,0.1507936507936508,-0.05758341069255213
10,false,30,false,0.1,0.1561751381608596,0.0214203493744467
10,false,30,false,0.1,0.1630636723335121,-0.06936215836388371
10,false,30,false,0.1,0.16559796585619851,0.05077517281501809
10,false,30,false,0.1,0.15270768633540371,0.022376136492534116
10,false,30,false,0.1,0.16304011937628182,0.0238189598302867
10,false,30,false,0.1,0.17039381815380747,0.0025788099756089977
10,false,30,false,0.1,0.1808965228320068,0.005438262858848297
10,false,30,false,0.1,0.16974802775957734,-0.022798274416064856
10,false,30,false,0.1,0.15712382206097186,0.01916907943035806
10,false,30,false,0.1,0.15073711085488384,-0.10962503591279216
10,false,30,false,0.1,0.1698950137084011,0.07678884401800001
10,false,30,false,0.1,0.1583618548537573,0.053783175534316996
10,false,30,false,0.1,0.1562937062937063,0.03328572853473499
10,false,30,false,0.1,0.17236222978955626,0.0019309670415585956
10,false,30,false,0.1,0.15805392508762295,0.01003255094973543
10,false,30,false,0.1,0.17199797041892023,0.06328355294479682
10,false,30,false,0.2,0.1449764401884785,0.044291665728446006
10,false,30,false,0.2,0.1565775817332641,0.013061385023100947
10,false,30,false,0.2,0.14574298882981646,-0.006833209988259092
10,false,30,false,0.2,0.1472368421052632,0.04616261093588481
10,false,30,false,0.2,0.15817699538118699,-0.04529491766808125
10,false,30,false,0.2,0.17315521318349142,-0.049704237714166766
10,false,30,false,0.2,0.16817650496785513,-0.05096730086102497
10,false,30,false,0.2,0.16197320636797427,-0.0046651560149904014
10,false,30,false,0.2,0.15829374547313713,0.06395984269354305
10,false,30,false,0.2,0.15467372134038804,0.035599783159340426
10,false,30,false,0.2,0.16502677268205448,0.017776156368312535
10,false,30,false,0.2,0.16064309749876765,0.06157273319131207
10,false,30,false,0.2,0.16880659999589298,-0.003110652817725601
10,false,30,false,0.2,0.1602742468735241,0.07650714166520611
10,false,30,false,0.2,0.18748747101120222,3.212268145569297E-4
10,false,30,false,0.2,0.149901343012274,0.09995924979141346
10,false,30,false,0.2,0.16653263601891694,-0.015329762352316756
10,false,30,false,0.2,0.16455633702732758,-0.05622058389113871
10,false,30,false,0.2,0.15133801150003534,-0.007576146491370395
10,false,30,false,0.2,0.1597823120515002,0.031187584574099425
10,false,30,false,0.2,0.1667007073291338,0.0013567844235851112
10,false,30,false,0.2,0.14924616099570281,-0.0046980628845689765
10,false,30,false,0.2,0.17592349171296545,-0.019821289593732416
10,false,30,false,0.2,0.1567330067858945,0.04305548979796203
10,false,30,false,0.2,0.15143469559648393,0.01669752128177482
10,false,30,false,0.2,0.15408484848484855,0.011896594802977667
10,false,30,false,0.2,0.15972387050662848,0.022068536642152026
10,false,30,false,0.2,0.17425530574973228,-0.03508558534259798
10,false,30,false,0.2,0.13490783410138243,0.04542389968901617
10,false,30,false,0.3,0.1334267979409531,-0.06835558066478775
10,false,30,false,0.2,0.14415150098603988,0.0031953262191199983
10,false,30,false,0.3,0.1384126255756404,-0.018557936945168052
10,false,30,false,0.3,0.15719764019422147,-0.008450609208945359
10,false,30,false,0.3,0.1641468696623586,0.02394321490630613
10,false,30,false,0.3,0.17063468348970678,0.02791681504148702
10,false,30,false,0.3,0.17193824597820445,0.05941218450857644
10,false,30,false,0.3,0.1519402235419514,-0.015383317023640153
10,false,30,false,0.3,0.1474397435118055,-0.014672782145462193
10,false,30,false,0.3,0.17039473684210535,-0.03296998336691104
10,false,30,false,0.3,0.1409300252562769,0.06278880211911986
10,false,30,false,0.3,0.18381303825830675,-0.005536161323867361
10,false,30,false,0.3,0.15638990665006428,0.010324013136174592
10,false,30,false,0.3,0.1631188487921264,0.018115027331176314
10,false,30,false,0.3,0.16895814073484838,0.06961407202006953
10,false,30,false,0.3,0.15199816546566858,0.02627581011982727
10,false,30,false,0.3,0.1671431294072804,-0.015064817278836351
10,false,30,false,0.3,0.15961538461538455,-0.014729398898803758
10,false,30,false,0.3,0.18125278464620986,-0.027124248648572546
10,false,30,false,0.3,0.1545196830101154,0.04582735214635658
10,false,30,false,0.3,0.1628078316222647,-0.12960520134299625
10,false,30,false,0.3,0.17472001682528004,-0.020355413443732928
10,false,30,false,0.3,0.16703920864331842,0.012849163349963888
10,false,30,false,0.3,0.1721272236863779,-0.054773847835158485
10,false,30,false,0.3,0.15739281539617603,-0.023024753278151344
10,false,30,false,0.3,0.14192268375742512,-0.03160142659913667
10,false,30,false,0.3,0.1627615664209293,0.0486864757802179
10,false,30,false,0.3,0.1570109744421665,-0.012323514022599014
10,false,30,false,0.3,0.14570630138177929,0.04196509384218672
10,false,30,false,0.3,0.16025358076444268,-0.08029052943448978
10,false,30,false,0.3,0.1608514463147573,-0.012493336784938691
10,false,30,false,0.4,0.14324209743448074,0.032094146192501505
10,false,30,false,0.4,0.14925187236762333,0.061455057776605315
10,false,30,false,0.4,0.16420720533980035,0.028631363031869306
10,false,30,false,0.4,0.16635922241059004,-0.016960986554882318
10,false,30,false,0.4,0.17814198934645212,-0.07221280477393233
10,false,30,false,0.4,0.17379210052373362,-0.05402198977034178
10,false,30,false,0.4,0.15352564102564087,-0.025201423195368555
10,false,30,false,0.4,0.15846818399778748,-0.03139111489339008
10,false,30,false,0.4,0.14748638148726828,0.009486782417515549
10,false,30,false,0.4,0.16180585989768062,0.0483928195935599
10,false,30,false,0.4,0.1815476728831648,0.03061685390229485
10,false,30,false,0.4,0.152086906803888,-0.07093270631386606
10,false,30,false,0.4,0.1520183399172741,0.06275965753238921
10,false,30,false,0.4,0.16850023195705477,-0.04091397559642029
10,false,30,false,0.4,0.17005916298792587,0.08756021769979405
10,false,30,false,0.4,0.16737213403880083,0.061060561106169864
10,false,30,false,0.4,0.14334440871763257,0.08468811122152964
10,false,30,false,0.4,0.17431607656616396,-0.08658301956960468
10,false,30,false,0.4,0.1809161780813092,-0.03282715345275555
10,false,30,false,0.4,0.15374683795736419,0.005807846668007599
10,false,30,false,0.4,0.18565087186457963,-0.025269775359426205
10,false,30,false,0.4,0.17483671417992974,-0.06323098224741219
10,false,30,false,0.4,0.16099105572789785,-0.041469362096214546
10,false,30,false,0.4,0.1516516109254156,-0.053874113695063564
10,false,30,false,0.4,0.1746543778801843,0.0592362295367197
10,false,30,false,0.4,0.16632109004739337,0.037852892717989306
10,false,30,false,0.4,0.1647622091150334,0.049766704415731944
10,false,30,false,0.4,0.15510109806087116,0.02665595565821377
10,false,30,false,0.4,0.1738946718347513,-0.0830784918596228
10,false,30,false,0.4,0.16000692738837458,-0.033976041111613675
10,false,30,false,0.5,0.17470776011905442,0.03930400147907864
10,false,30,false,0.5,0.1534325974660254,0.03187733931795833
10,false,30,false,0.5,0.17687357194247458,0.07148854485865197
10,false,30,false,0.5,0.16725515975987346,-0.006278433717678666
10,false,30,false,0.5,0.1603563165109496,0.061383049943741774
10,false,30,false,0.5,0.1483625058750183,0.08182018360850929
10,false,30,false,0.5,0.18208630079597832,-0.03761531691882958
10,false,30,false,0.5,0.15800147887776753,0.037646842654316615
10,false,30,false,0.5,0.16060343625605586,0.04658374134706289
10,false,30,false,0.5,0.1539861696854457,-0.031723393243066056
10,false,30,false,0.5,0.17639051601044892,0.041107365354609016
10,false,30,false,0.5,0.14293742974896967,0.0040083858143376006
10,false,30,false,0.5,0.18956709945461966,0.08214813039134139
10,false,30,false,0.5,0.18642568250758343,0.01006284404565072
10,false,30,false,0.5,0.17536519026107011,-0.0500086321275246
10,false,30,false,0.5,0.1687100480387394,-0.0069258507631237975
10,false,30,false,0.5,0.16219058463457625,-0.03572596134785311
10,false,30,false,0.5,0.15761391081834067,0.015764656231484153
10,false,30,false,0.5,0.16005954555129567,0.007749115581577648
10,false,30,false,0.5,0.16091954022988508,-0.050725422993624925
10,false,30,false,0.5,0.1614514687887307,-0.013447155059853166
10,false,30,false,0.5,0.15298347514842361,-0.021747620797957445
10,false,30,false,0.5,0.16460526315789473,-0.015182227254281422
10,false,30,false,0.5,0.18279842546306363,-0.05505950278087468
10,false,30,false,0.5,0.16920848479783845,0.035970618755252204
10,false,30,false,0.5,0.16072043134105776,0.11084334168738419
10,false,30,false,0.5,0.15672115880327953,-0.024469339767306586
10,false,30,false,0.5,0.17717495309971695,0.07249687548784234
10,false,30,false,0.5,0.1716522107044638,0.018987297304661865
10,false,30,false,0.5,0.16479818216306177,-0.04496495507551668
20,true,20,true,0.1,0.35075418408751746,0.493198936065828
20,true,20,true,0.1,0.4159942556729428,0.6654342353758231
20,true,20,true,0.1,0.34098757375533595,0.5046842265507294
20,true,20,true,0.1,0.4198049234392435,0.6137653185276486
20,true,20,true,0.1,0.34029020075531696,0.44773905041964834
20,true,20,true,0.1,0.32690767219752337,0.4242950737915381
20,true,20,true,0.1,0.42545462979317084,0.6124863814292549
20,true,20,true,0.1,0.4376854599406526,0.7626265129596401
20,true,20,true,0.1,0.44628206353323435,0.7437062714247755
20,true,20,true,0.1,0.38626123602894114,0.5546810253622079
20,true,20,true,0.1,0.33560258896682493,0.39581878224957556
20,true,20,true,0.1,0.4174431551804969,0.6946259046499144
20,true,20,true,0.1,0.4567753032772044,0.8691653678485274
20,true,20,true,0.1,0.32762663023987965,0.4616457380854069
20,true,20,true,0.1,0.38631860511194743,0.5693835175465836
20,true,20,true,0.1,0.35797098591246257,0.6682779194165391
20,true,20,true,0.1,0.3905135520684736,0.5813932815347282
20,true,20,true,0.1,0.4120181737982786,0.64878111426746
20,true,20,true,0.1,0.34158028989841294,0.5854601243122683
20,true,20,true,0.1,0.32197975290006076,0.41858349825404684
20,true,20,true,0.1,0.3854724676642485,0.6467276161793274
20,true,20,true,0.1,0.41143305744342007,0.7412382708831569
20,true,20,true,0.1,0.41339403616568293,0.5779722660070954
20,true,20,true,0.1,0.3333654883795569,0.40323367378974684
20,true,20,true,0.1,0.37173307509371534,0.5534819653520691
20,true,20,true,0.1,0.37641560613937924,0.5156283177483862
20,true,20,true,0.1,0.3310793764605906,0.5352671916703935
20,true,20,true,0.1,0.3980398038155762,0.6670355257305811
20,true,20,true,0.1,0.34071484071484087,0.47822643454234726
20,true,20,true,0.1,0.39688995215310996,0.6356897027254904
20,true,20,true,0.2,0.4060709405853312,0.6235032726107743
20,true,20,true,0.2,0.45664692896528225,0.8703321651666025
20,true,20,true,0.2,0.5426246914165725,0.9220298684410517
20,true,20,true,0.2,0.5101442482945373,0.7140342916666649
20,true,20,true,0.2,0.4720927902624901,0.5763467624415206
20,true,20,true,0.2,0.4574141989895516,0.7439974970767205
20,true,20,true,0.2,0.6404383850139939,1.1468398801325455
20,true,20,true,0.2,0.5032047117924732,0.808718088753098
20,true,20,true,0.2,0.44782497547530153,0.7754166212372642
20,true,20,true,0.2,0.6199641219511152,1.198610605272263
20,true,20,true,0.2,0.5180768292953248,0.7777404904196095
20,true,20,true,0.2,0.502488796552257,0.8660908241750285
20,true,20,true,0.2,0.4982808187672492,0.7874838864435061
20,true,20,true,0.2,0.48269921878999456,0.8372956713562933
20,true,20,true,0.2,0.5824481888957931,0.9660197596572093
20,true,20,true,0.2,0.5303550973654068,0.6835990689658074
20,true,20,true,0.2,0.47895629040238136,0.7834247259480591
20,true,20,true,0.2,0.48508352408981925,0.7082403814847664
20,true,20,true,0.2,0.5337369397519773,0.8316292407129824
20,true,20,true,0.2,0.48830231041959693,0.7689080702160629
20,true,20,true,0.2,0.4391997077429753,0.5989139139304704
20,true,20,true,0.2,0.5834510786379463,0.8223961234926209
20,true,20,true,0.2,0.31836972236720784,0.4103538119697001
20,true,20,true,0.2,0.6177281870965482,1.1508338139345318
20,true,20,true,0.2,0.5197047173645356,0.9492581663320161
20,true,20,true,0.2,0.5993359553123574,1.223936652530221
20,true,20,true,0.2,0.39531639410999553,0.6869981051787661
20,true,20,true,0.2,0.4380120533193047,0.6640946481118313
20,true,20,true,0.2,0.4461685010472985,0.5998731113349303
20,true,20,true,0.2,0.566387135899331,0.9431938725611237
20,true,20,true,0.3,0.6534554668855698,1.2392899356236304
20,true,20,true,0.3,0.7012720837019499,1.1473851161171273
20,true,20,true,0.3,0.4500436728900535,0.656522183176758
20,true,20,true,0.3,0.5136690647482016,0.8889416105692449
20,true,20,true,0.3,0.6370716346955063,1.0697911972853449
20,true,20,true,0.3,0.6015124220228454,1.15117096500554
20,true,20,true,0.3,0.6269182009457002,0.7896872702161728
20,true,20,true,0.3,0.5703673231724229,1.0201575748476612
20,true,20,true,0.3,0.5698362096447618,1.277618392687348
20,true,20,true,0.3,0.4567867670695091,0.8190230032883186
20,true,20,true,0.3,0.555620892072559,0.9954243658711377
20,true,20,true,0.3,0.5509013971768666,1.0220827176432712
20,true,20,true,0.3,0.6204168157186959,0.9663512916512094
20,true,20,true,0.3,0.5241850992541672,0.8251684402156139
20,true,20,true,0.3,0.5678457243252341,0.8890703317233735
20,true,20,true,0.3,0.6157708519709533,0.8365343676258137
20,true,20,true,0.3,0.5078337349522822,0.8756268655414203
20,true,20,true,0.3,0.7008283430603844,1.2313531697626887
20,true,20,true,0.3,0.4997431946584489,0.8035112583165676
20,true,20,true,0.3,0.6000299020707185,1.267188662593572
20,true,20,true,0.3,0.7407766264733583,1.4566139804139064
20,true,20,true,0.3,0.4984607737119337,0.777924012012436
20,true,20,true,0.3,0.6398563531593184,1.0136674586252585
20,true,20,true,0.3,0.4848674280371335,0.6766299795175259
20,true,20,true,0.3,0.7181792307381429,1.6216185643922492
20,true,20,true,0.3,0.5278353930804022,0.746273625347504
20,true,20,true,0.3,0.5462897526501768,0.8872622529582879
20,true,20,true,0.3,0.5433666280077364,0.8564783980251374
20,true,20,true,0.3,0.6320738221588873,1.0361530376961925
20,true,20,true,0.3,0.6866159829510616,1.4606649161484055
20,true,20,true,0.4,0.7957950093576581,1.360416258339626
20,true,20,true,0.4,0.5720940519847195,0.7678841874381863
20,true,20,true,0.4,0.6161274955610411,1.2223695345720804
20,true,20,true,0.4,0.6352642151436887,0.9986910570338443
20,true,20,true,0.4,0.6051879562517862,0.930186625222122
20,true,20,true,0.4,0.6171701504420823,1.0793647273464781
20,true,20,true,0.4,0.6836157393667889,1.0831507722103462
20,true,20,true,0.4,0.655700948450111,1.0905414544394434
20,true,20,true,0.4,0.546747517859699,1.123602181489768
20,true,20,true,0.4,0.5194244428778204,0.8476126471175895
20,true,20,true,0.4,0.5829300311701898,0.9656268029333059
20,true,20,true,0.4,0.6459618365492545,1.1018717318904194
20,true,20,true,0.4,0.7325483690087681,1.1094568803823623
20,true,20,true,0.4,0.5868464608691705,0.8933060625013471
20,true,20,true,0.4,0.6196695852411169,1.25567334207358
20,true,20,true,0.4,0.6789579468150894,1.1934998792576321
20,true,20,true,0.4,0.7440339203522112,1.1318898421382269
20,true,20,true,0.4,0.6113356033256755,1.266853546066499
20,true,20,true,0.4,0.5975301864130937,0.9312696764860382
20,true,20,true,0.4,0.6570439550994148,1.1511174994908568
20,true,20,true,0.4,0.6909646579133304,1.4105553014809091
20,true,20,true,0.4,0.5839075688390758,0.9415648747175878
20,true,20,true,0.4,0.6187037868102747,1.0022209081903632
20,true,20,true,0.4,0.5288278649548265,0.9248669823138513
20,true,20,true,0.4,0.6462939756306506,1.1543191435741393
20,true,20,true,0.4,0.580076793212184,0.97519952543455
20,true,20,true,0.4,0.6962910609928478,1.1927036948417769
20,true,20,true,0.4,0.6100061604907194,0.9625949628746886
20,true,20,true,0.4,0.6387438266080945,0.8999758027675835
20,true,20,true,0.4,0.7633666085227713,1.5514583863235636
20,true,20,true,0.5,0.6995949769914388,1.3648033432331532
20,true,20,true,0.5,0.6287577246267678,1.0559234550441863
20,true,20,true,0.5,0.7167662983245042,1.5219207944360038
20,true,20,true,0.5,0.7925220109882533,1.6274476412908383
20,true,20,true,0.5,0.7298006644518275,1.7388916352839425
20,true,20,true,0.5,0.6268444944073615,0.9737195143998365
20,true,20,true,0.5,0.6958651918936971,1.1408622161567727
20,true,20,true,0.5,0.6473640241334309,1.1329759997302347
20,true,20,true,0.5,0.6350443237060338,1.0665753765678954
20,true,20,true,0.5,0.6568553329733157,1.370438726069005
20,true,20,true,0.5,0.701249588510958,1.0927623896060314
20,true,20,true,0.5,0.662707291392472,1.0896353862968784
20,true,20,true,0.5,0.5996822930156266,1.1477462477785494
20,true,20,true,0.5,0.8299988210070348,1.5956804947330783
20,true,20,true,0.5,0.7256993003894209,1.2929305721885704
20,true,20,true,0.5,0.6606060658620941,1.270856572136756
20,true,20,true,0.5,0.6367299388653755,1.334548044467052
20,true,20,true,0.5,0.5584301248665259,1.5008508485149825
20,true,20,true,0.5,0.7025776183588583,1.2094496868504736
20,true,20,true,0.5,0.6485196393473311,0.9758683223139064
20,true,20,true,0.5,0.5620441583936979,1.0083616209569177
20,true,20,true,0.5,0.7486731668113462,1.261888921269227
20,true,20,true,0.5,0.6740704621912048,1.2345680468501223
20,true,20,true,0.5,0.6085832116161185,0.9633720681153255
20,true,20,true,0.5,0.5499477861319967,0.8673539796097351
20,true,20,true,0.5,0.6696364069971679,1.091365388911055
20,true,20,true,0.5,0.5576569109902444,0.9097980754929651
20,true,20,true,0.5,0.6766631693133927,0.9983467276492455
20,true,20,true,0.5,0.7652777826884797,1.2883071374379123
20,true,20,false,0.1,0.18577478853682225,-0.024016676149187788
20,true,20,true,0.5,0.6904935700159266,1.4459734988050617
20,true,20,false,0.1,0.1797747496749575,0.03298849124054293
20,true,20,false,0.1,0.19882381388584427,0.05813007906269707
20,true,20,false,0.1,0.17067419257049504,0.011797552499467123
20,true,20,false,0.1,0.19999796424190916,-0.0187592854192431
20,true,20,false,0.1,0.18592521264644524,0.06435035856426108
20,true,20,false,0.1,0.19648974344369677,-0.0032665442437664893
20,true,20,false,0.1,0.15440613026819924,-5.341112481538346E-4
20,true,20,false,0.1,0.19659043021874872,-0.010210167007778992
20,true,20,false,0.1,0.19564037864365671,0.0901525705809334
20,true,20,false,0.1,0.1957616763073469,-0.03900790163121037
20,true,20,false,0.1,0.2014335307713181,0.019884504069967335
20,true,20,false,0.1,0.18549652037519437,0.054647307622063934
20,true,20,false,0.1,0.17108044636964523,-0.005849922658781814
20,true,20,false,0.1,0.16026936026936023,-0.06740010206221836
20,true,20,false,0.1,0.1627516382648331,0.023506597558162312
20,true,20,false,0.1,0.15117272312708013,-0.03157338236182561
20,true,20,false,0.1,0.1860625762606056,0.025008470591749266
20,true,20,false,0.1,0.1643432047711,0.024812340892284013
20,true,20,false,0.1,0.20955095662346612,0.018486685309120787
20,true,20,false,0.1,0.18460247267026236,-0.06914440552851353
20,true,20,false,0.1,0.1843492882604124,0.059689139414549786
20,true,20,false,0.1,0.18917718962458233,0.026723148184362167
20,true,20,false,0.1,0.18665043247536495,-0.019060285512465747
20,true,20,false,0.1,0.19859779589238588,-0.06343077628219529
20,true,20,false,0.1,0.16896859158876135,-0.07247288710661248
20,true,20,false,0.1,0.19299506725326354,0.0026219218693643853
20,true,20,false,0.1,0.1706103015437888,0.07645902152054962
20,true,20,false,0.1,0.18591122294115836,-0.041642026855769565
20,true,20,false,0.1,0.18417223654025888,0.01917152641556008
20,true,20,false,0.2,0.1671357846040673,0.044390380098278115
20,true,20,false,0.2,0.19651618583878344,-0.028558122377204676
20,true,20,false,0.2,0.1762475352646747,-0.03629657552992871
20,true,20,false,0.2,0.16911962525123042,0.03014989661760037
20,true,20,false,0.2,0.18487558806756668,-0.0025083319014536087
20,true,20,false,0.2,0.17767359736978305,0.03200255293447096
20,true,20,false,0.2,0.19877931169967666,-0.022473896495096568
20,true,20,false,0.2,0.18764157798008288,0.05418245735961591
20,true,20,false,0.2,0.20366249796271263,0.015586760473556005
20,true,20,false,0.2,0.20005544196426994,-0.04303685052745365
20,true,20,false,0.2,0.18930681133212782,-0.016499171762788478
20,true,20,false,0.2,0.1986084242929158,-0.0548374891226171
20,true,20,false,0.2,0.20498244018292525,-0.07072433110162457
20,true,20,false,0.2,0.18306446939483342,0.08089470097850882
20,true,20,false,0.2,0.17434674391923538,-0.013212434175409626
20,true,20,false,0.2,0.16747122446165782,0.009402092309875876
20,true,20,false,0.2,0.19660153756487472,-0.06672758754999464
20,true,20,false,0.2,0.1930152401951763,0.06328163255219099
20,true,20,false,0.2,0.1897737949966883,1.3727816054842634E-4
20,true,20,false,0.2,0.18371713751666244,0.007160248482309228
20,true,20,false,0.2,0.19982694218841024,-0.12314670172009912
20,true,20,false,0.2,0.18924190828842527,0.02618527817651728
20,true,20,false,0.2,0.18832452329861663,-0.021907153701237192
20,true,20,false,0.2,0.1578772446516955,-7.470004634830829E-4
20,true,20,false,0.2,0.19035762320240027,3.197048854950424E-4
20,true,20,false,0.2,0.18924620300813064,0.007058527350338295
20,true,20,false,0.2,0.1962099418248902,-0.028370852085791043
20,true,20,false,0.2,0.164083341688755,-0.03650375321465216
20,true,20,false,0.2,0.16156931852435835,-0.022538048790881504
20,true,20,false,0.2,0.1767685788466865,-0.0917198895771989
20,true,20,false,0.3,0.1850506074031854,0.011852523658585135
20,true,20,false,0.3,0.18623030495133208,-0.08517348142636116
20,true,20,false,0.3,0.18043002391388865,-0.04298119764132213
20,true,20,false,0.3,0.1764112327463113,0.0439385580585574
20,true,20,false,0.3,0.16187671194588857,-0.022946833942583567
20,true,20,false,0.3,0.20263281617301362,-0.0060742483953957205
20,true,20,false,0.3,0.15379267369461883,-0.004485755181718787
20,true,20,false,0.3,0.18802807330009694,0.06217842604950263
20,true,20,false,0.3,0.19443915300210213,-3.4756289636916904E-4
20,true,20,false,0.3,0.18818379048504574,0.011252449831324896
20,true,20,false,0.3,0.19398496240601498,0.015200564651967063
20,true,20,false,0.3,0.17348352881972676,0.04740971945946537
20,true,20,false,0.3,0.2127920110629044,0.027064791097587637
20,true,20,false,0.3,0.172692684423158,0.012841780376617429
20,true,20,false,0.3,0.18486519607843135,0.025998352137523106
20,true,20,false,0.3,0.18705988822694303,0.01910516054580924
20,true,20,false,0.3,0.2011726391861723,0.023148859400914823
20,true,20,false,0.3,0.1971465696873358,-0.01682883807882618
20,true,20,false,0.3,0.16664277906617334,0.03717485934102527
20,true,20,false,0.3,0.17296291119346244,-0.04314585132045412
20,true,20,false,0.3,0.17923680574557715,0.0059067731325264106
20,true,20,false,0.3,0.18428754610229092,0.025587602047315805
20,true,20,false,0.3,0.19200262214751126,-8.776835420158946E-4
20,true,20,false,0.3,0.18140408813983935,0.032696907258069174
20,true,20,false,0.3,0.17080580947551635,0.03423084295572387
20,true,20,false,0.3,0.19134704996773969,0.029683824039028472
20,true,20,false,0.3,0.17319177173191766,0.04115013940240697
20,true,20,false,0.3,0.21390130152599912,-6.453066175158284E-4
20,true,20,false,0.3,0.15918681466254148,-0.01596628787043297
20,true,20,false,0.3,0.15619092627599251,0.001117507110255822
20,true,20,false,0.4,0.16907268170426068,-0.007900783518463683
20,true,20,false,0.4,0.204741812336749,-0.061846643124683354
20,true,20,false,0.4,0.19628290303590956,-0.10462397040021276
20,true,20,false,0.4,0.1813652089486927,0.04724541938318616
20,true,20,false,0.4,0.19891472868217053,-0.04514437726420262
20,true,20,false,0.4,0.15363395338472025,0.010686828210806354
20,true,20,false,0.4,0.1886229740631188,-8.081898456646641E-4
20,true,20,false,0.4,0.2079756597347216,0.00117329308895453
20,true,20,false,0.4,0.18232237578031973,0.03405866880347119
20,true,20,false,0.4,0.15074872186049887,0.06400181939791505
20,true,20,false,0.4,0.18159975740045253,0.04366673920691344
20,true,20,false,0.4,0.18745697779603776,-0.06584060334353836
20,true,20,false,0.4,0.18154761904761896,0.0433545787206171
20,true,20,false,0.4,0.15797103459756395,-0.02325557329640926
20,true,20,false,0.4,0.16780012123908092,0.02494109159582525
20,true,20,false,0.4,0.1866915352890574,0.10587762397095624
20,true,20,false,0.4,0.1890297753107876,0.0024757422176024946
20,true,20,false,0.4,0.1838796788096644,0.07482132016404286
20,true,20,false,0.4,0.201503768482131,0.024397332077754186
20,true,20,false,0.4,0.16581249027323852,0.09481558573714377
20,true,20,false,0.4,0.1789238549194471,0.003573971398729725
20,true,20,false,0.4,0.17743800951086952,0.025697562853135736
20,true,20,false,0.4,0.20005870513250584,0.057376017021207204
20,true,20,false,0.4,0.18017220812457974,0.024877803517738606
20,true,20,false,0.4,0.19732112119004347,-0.0689523378065715
20,true,20,false,0.4,0.18291842040998094,0.0369882271781794
20,true,20,false,0.4,0.20950478385941074,0.0364711096289323
20,true,20,false,0.4,0.18174373663724583,-0.10021581857978834
20,true,20,false,0.4,0.1969825584188862,-0.010665574463931904
20,true,20,false,0.4,0.17255876331844683,-0.009288075921142003
20,true,20,false,0.5,0.200479906465822,-0.03645146922669262
20,true,20,false,0.5,0.150584306306118,0.046217900226674935
20,true,20,false,0.5,0.1869526110243051,-0.019501555775086388
20,true,20,false,0.5,0.1880544436631146,-0.09443549337107893
20,true,20,false,0.5,0.17472029870706876,0.01315266316233199
20,true,20,false,0.5,0.18673086652361276,-0.0823549585388399
20,true,20,false,0.5,0.2101596957392168,0.03335728966856344
20,true,20,false,0.5,0.1706159591923603,0.027743775333038734
20,true,20,false,0.5,0.16039783001808314,0.04026699333107775
20,true,20,false,0.5,0.1860629851012579,0.025089240575807636
20,true,20,false,0.5,0.2022539282850591,0.1040246476548754
20,true,20,false,0.5,0.1745250911115524,0.08348424388649889
20,true,20,false,0.5,0.19408336761277933,0.0473262811067956
20,true,20,false,0.5,0.1844503721550575,-0.038836472673981604
20,true,20,false,0.5,0.1719513723524251,-0.04850614176602175
20,true,20,false,0.5,0.18218288572360558,-0.02273451182140107
20,true,20,false,0.5,0.2157376704037054,-0.005902325295083166
20,true,20,false,0.5,0.2030567527892486,0.07089979594834706
20,true,20,false,0.5,0.18247011266878813,-0.025664627413405583
20,true,20,false,0.5,0.18548591253003968,-0.08957384500087784
20,true,20,false,0.5,0.2035287081339713,0.003114602145553036
20,true,20,false,0.5,0.17226254799721685,-0.018527824938350257
20,true,20,false,0.5,0.19138581436803045,-0.01284171661480027
20,true,20,false,0.5,0.18400697566820498,0.03631723340558679
20,true,20,false,0.5,0.18033953360419838,-0.0365577684129903
20,true,20,false,0.5,0.1990784404038632,-0.01125315365812174
20,true,20,false,0.5,0.1747791449088775,0.03509865550822955
20,true,20,false,0.5,0.1650737927826686,0.011750633706843594
20,true,20,false,0.5,0.17196590001122583,-0.016558945961342886
20,true,20,false,0.5,0.18233125154369986,-0.01850109836655278
20,true,25,true,0.1,0.38060336246991333,0.5896967597786986
20,true,25,true,0.1,0.3274918882200334,0.5276261840939567
20,true,25,true,0.1,0.4184856591171143,0.669741882337636
20,true,25,true,0.1,0.3640654608096468,0.44287186965990877
20,true,25,true,0.1,0.3613779822726339,0.5470689004528948
20,true,25,true,0.1,0.3332176327664003,0.464802071631226
20,true,25,true,0.1,0.3305811251439372,0.3446117575155334
20,true,25,true,0.1,0.420288778432114,0.6235584593344097
20,true,25,true,0.1,0.3591728049406842,0.47619794472019006
20,true,25,true,0.1,0.38994674205515656,0.6884788130060198
20,true,25,true,0.1,0.35832847277216384,0.46594778712051266
20,true,25,true,0.1,0.41967873269672074,0.785092943532752
20,true,25,true,0.1,0.3031379500962621,0.32527486744808165
20,true,25,true,0.1,0.3797163550323178,0.5778731250000755
20,true,25,true,0.1,0.33718873015170947,0.46455782332173445
20,true,25,true,0.1,0.3875256278090355,0.6076298475627846
20,true,25,true,0.1,0.3992223796500708,0.5017853770252003
20,true,25,true,0.1,0.41839974437739186,0.789114154078896
20,true,25,true,0.1,0.3407410355159967,0.5606146323517223
20,true,25,true,0.1,0.35221781895272186,0.4063264035702492
20,true,25,true,0.1,0.3367460874889693,0.41176059547848975
20,true,25,true,0.1,0.3485858585858584,0.6126946045505353
20,true,25,true,0.1,0.3966599900079293,0.5612603400393539
20,true,25,true,0.1,0.39330993887253796,0.7558732258917367
20,true,25,true,0.1,0.4098171628006906,0.8146419568579049
20,true,25,true,0.1,0.3495413004129325,0.4622461532994482
20,true,25,true,0.1,0.3893650196413614,0.706282025879271
20,true,25,true,0.1,0.2958031102247882,0.4250215468786349
20,true,25,true,0.1,0.4304703632188387,0.7777810991890712
20,true,25,true,0.1,0.32886034668664715,0.475793070930453
20,true,25,true,0.2,0.5208855337830601,0.828528756082191
20,true,25,true,0.2,0.47599750434619315,0.7446221140351463
20,true,25,true,0.2,0.6328228948514628,1.1117002525296975
20,true,25,true,0.2,0.5314073553622232,1.1063973715442907
20,true,25,true,0.2,0.6182921075689156,1.0169291840378802
20,true,25,true,0.2,0.40194053062835133,0.5215535972264602
20,true,25,true,0.2,0.5625829279080053,0.9326101950928258
20,true,25,true,0.2,0.4473354294509125,0.5661796078437273
20,true,25,true,0.2,0.5167643126605239,0.7368943968148933
20,true,25,true,0.2,0.46659919846601716,0.6679060626672406
20,true,25,true,0.2,0.6579134189952691,1.3536244183572395
20,true,25,true,0.2,0.46905340499851716,0.768415907339195
20,true,25,true,0.2,0.6142607851655754,1.1582295752309753
20,true,25,true,0.2,0.49291128950617014,0.6628322363740109
20,true,25,true,0.2,0.484851506539695,0.7411131018974535
20,true,25,true,0.2,0.5588837152019553,1.01266062437909
20,true,25,true,0.2,0.5567632087063368,0.9879313406288821
20,true,25,true,0.2,0.4536983564480612,0.7474124221099823
20,true,25,true,0.2,0.448628110498614,0.6293472304621428
20,true,25,true,0.2,0.5572995941146626,0.9572844682819479
20,true,25,true,0.2,0.4343576659187915,0.526720093188203
20,true,25,true,0.2,0.5488256147553464,1.0921747420502053
20,true,25,true,0.2,0.4833542097615792,0.6014241644716245
20,true,25,true,0.2,0.5954763290053894,1.0336137548121833
20,true,25,true,0.2,0.4361741003596638,0.510553154349342
20,true,25,true,0.2,0.5129068681736262,0.9063631619958787
20,true,25,true,0.2,0.4296977700592157,0.6092531846455564
20,true,25,true,0.2,0.5513936356041619,0.9629150057133149
20,true,25,true,0.2,0.4787725284647225,0.6489769991719525
20,true,25,true,0.2,0.5136846301515833,0.7698463019657655
20,true,25,true,0.3,0.4687171705381113,0.7577703542007734
20,true,25,true,0.3,0.6884257119560521,1.091691429671454
20,true,25,true,0.3,0.590923727508454,0.9507890555967426
20,true,25,true,0.3,0.6250581309619679,0.9339650330143199
20,true,25,true,0.3,0.5728076923076922,1.0666658400493203
20,true,25,true,0.3,0.5518590134117376,0.8308143723815133
20,true,25,true,0.3,0.6554286116351581,1.056870128508038
20,true,25,true,0.3,0.5670851985296792,1.0652859084969428
20,true,25,true,0.3,0.5705192056975682,0.9467514121647138
20,true,25,true,0.3,0.6632806329891477,1.0037084654930455
20,true,25,true,0.3,0.6364014066855542,1.1128075280290073
20,true,25,true,0.3,0.5853776286474219,0.9176015707937273
20,true,25,true,0.3,0.5124356569009476,0.7960700517991333
20,true,25,true,0.3,0.5986952918215118,0.9821012910376927
20,true,25,true,0.3,0.7049755747027163,1.5427881180487866
20,true,25,true,0.3,0.5811784744447677,1.0471555026883408
20,true,25,true,0.3,0.5052272307976141,0.9214924296993692
20,true,25,true,0.3,0.43358144283390904,0.7196199558730934
20,true,25,true,0.3,0.5591190268609624,0.9685581763804123
20,true,25,true,0.3,0.6184524465778443,1.1803683752474026
20,true,25,true,0.3,0.6007503160861964,0.9352821248155472
20,true,25,true,0.3,0.5869151601078407,1.009748748134366
20,true,25,true,0.3,0.42483120723602324,0.5837528790703956
20,true,25,true,0.3,0.5219606934358098,0.8504702523112018
20,true,25,true,0.3,0.5613639875004361,1.0653300270664987
20,true,25,true,0.3,0.5233401973583053,0.9315161989657801
20,true,25,true,0.3,0.6049178940240394,0.9241380530660974
20,true,25,true,0.3,0.7330558285637201,1.379906402149583
20,true,25,true,0.3,0.479743032266204,0.9441353086218021
20,true,25,true,0.3,0.5852040596912225,0.9021249398785987
20,true,25,true,0.4,0.6699394680255681,1.2630435384715417
20,true,25,true,0.4,0.6455453149001534,1.0621584424318522
20,true,25,true,0.4,0.5635328232540268,0.8312272000627692
20,true,25,true,0.4,0.5753521535825276,0.7269783975129123
20,true,25,true,0.4,0.6386911655827299,1.2503255648085947
20,true,25,true,0.4,0.5979682771415972,0.8778620037095326
20,true,25,true,0.4,0.6404584086840881,1.0415538535809308
20,true,25,true,0.4,0.7063848294933669,1.2429126398654438
20,true,25,true,0.4,0.6569035892092847,1.2535661149498916
20,true,25,true,0.4,0.6669934640522871,1.0494727741923517
20,true,25,true,0.4,0.6829450421529237,0.9571536167969956
20,true,25,true,0.4,0.6182067843233685,0.953866041126437
20,true,25,true,0.4,0.6735924045043056,1.1273739498068975
20,true,25,true,0.4,0.6762291081441635,1.130674439637395
20,true,25,true,0.4,0.6298298439582843,1.0343518441954114
20,true,25,true,0.4,0.5410883336892306,0.842456741677954
20,true,25,true,0.4,0.5670738913345348,0.9956039962676622
20,true,25,true,0.4,0.6203898753556103,1.1818345132707204
20,true,25,true,0.4,0.7228985108399844,1.1556472296772249
20,true,25,true,0.4,0.6387384852344423,0.9785158222754902
20,true,25,true,0.4,0.6579987781965723,1.1021222847835022
20,true,25,true,0.4,0.658808404710044,1.1260118474998837
20,true,25,true,0.4,0.539325293278271,0.8159691483843403
20,true,25,true,0.4,0.6687909844469859,1.1828720085183475
20,true,25,true,0.4,0.6144309652983133,0.85775249979406
20,true,25,true,0.4,0.6236205361719516,0.9832551993181413
20,true,25,true,0.4,0.5204549320108497,0.6790738329359858
20,true,25,true,0.4,0.5082123488246586,1.1288796185483108
20,true,25,true,0.4,0.6885591565794608,1.0858436942121656
20,true,25,true,0.4,0.6419298370118041,1.0550145782415346
20,true,25,true,0.5,0.6568785545914441,0.9682210208031501
20,true,25,true,0.5,0.7678715860785592,1.386441404467206
20,true,25,true,0.5,0.6030846336861704,0.9946483997834177
20,true,25,true,0.5,0.6544875783467138,1.3141353551155994
20,true,25,true,0.5,0.6364633372609446,1.3295830779861584
20,true,25,true,0.5,0.7004328687391898,1.261633236190404
20,true,25,true,0.5,0.7338300160744776,1.2251654042810323
20,true,25,true,0.5,0.5784933275161807,1.0160721706311655
20,true,25,true,0.5,0.647884295412686,1.3173730212831503
20,true,25,true,0.5,0.6792836623111853,1.012760242296812
20,true,25,true,0.5,0.7508999602338816,1.1715584072759135
20,true,25,true,0.5,0.640882644414335,1.2964620351651428
20,true,25,true,0.5,0.6375776686213197,1.2590805801228688
20,true,25,true,0.5,0.6042639340990164,1.0593018272807306
20,true,25,true,0.5,0.7591683301148806,1.2936197110610115
20,true,25,true,0.5,0.5934475943846259,1.0698911028262978
20,true,25,true,0.5,0.6853480599627306,1.15301718690056
20,true,25,true,0.5,0.6869482310116235,1.0424707127647475
20,true,25,true,0.5,0.6331125192012288,1.2320136880043435
20,true,25,true,0.5,0.6393928488105516,1.03107503566663
20,true,25,true,0.5,0.7118700757315662,1.3307536076918378
20,true,25,true,0.5,0.5694372398300618,0.9490912889067307
20,true,25,true,0.5,0.6590550248070223,1.2343553387631543
20,true,25,true,0.5,0.5802786834691123,0.9653822675189021
20,true,25,true,0.5,0.6290930293062758,1.125124393174767
20,true,25,true,0.5,0.6647919320074457,1.1080855949166644
20,true,25,true,0.5,0.7257145721681431,1.425811606087616
20,true,25,true,0.5,0.7557168471986833,1.3234243582190164
20,true,25,true,0.5,0.6574946471718267,1.2530778494253552
20,true,25,true,0.5,0.5962550653719706,1.0580311094425614
20,true,25,false,0.1,0.1764307281513897,-0.013277965307437967
20,true,25,false,0.1,0.2071946972250308,0.011266552322351409
20,true,25,false,0.1,0.18420123317971543,0.019923548819388515
20,true,25,false,0.1,0.163190839510346,-0.061816320445747586
20,true,25,false,0.1,0.1535736386138614,-0.014729490584121763
20,true,25,false,0.1,0.17307420494699638,0.04691863851179612
20,true,25,false,0.1,0.18003432949325723,-0.02054452450698374
20,true,25,false,0.1,0.18830374074082412,0.14246795402420442
20,true,25,false,0.1,0.16812524159257825,0.05315112123158894
20,true,25,false,0.1,0.16572647220693454,-0.03878734846159215
20,true,25,false,0.1,0.1713405432595573,-0.022954635627421283
20,true,25,false,0.1,0.17984350998463902,-0.03916443454667551
20,true,25,false,0.1,0.16798567645642754,0.04865459156316376
20,true,25,false,0.1,0.16652520170248233,0.018504844078042204
20,true,25,false,0.1,0.16824299354731678,0.01485769996939279
20,true,25,false,0.1,0.17106731237166026,-0.11563916467785429
20,true,25,false,0.1,0.17375347439300803,-0.05853048446204934
20,true,25,false,0.1,0.1944854766633565,-0.008642685572680442
20,true,25,false,0.1,0.17438118811881184,1.431005552667841E-4
20,true,25,false,0.1,0.16209434255965594,-0.061397009271551894
20,true,25,false,0.1,0.1722317444368924,-0.01925976911051741
20,true,25,false,0.1,0.168315758085066,0.06556971524928468
20,true,25,false,0.1,0.15752123938030985,0.0025149211527253357
20,true,25,false,0.1,0.15187718721713916,0.004873195817750364
20,true,25,false,0.1,0.15658545250007394,-0.0065128698930845275
20,true,25,false,0.1,0.17475594032050099,-0.022373490455544598
20,true,25,false,0.1,0.15091253261738488,-0.005482813062458902
20,true,25,false,0.1,0.18071340069251127,0.015834726905137764
20,true,25,false,0.1,0.1673486786018756,-0.010846706666926664
20,true,25,false,0.1,0.15549621436803518,0.04562032754496137
20,true,25,false,0.2,0.17831579624897054,0.015213569802502214
20,true,25,false,0.2,0.16528406234288592,-0.02456240848273339
20,true,25,false,0.2,0.1826808294673938,0.03123242064144094
20,true,25,false,0.2,0.14122374213371938,0.0034897060373797473
20,true,25,false,0.2,0.17188211950801607,0.033577730124070726
20,true,25,false,0.2,0.1741469381588276,-0.0842390088101812
20,true,25,false,0.2,0.17868906455862982,0.05708873039547413
20,true,25,false,0.2,0.19951773556654456,-0.030421386196801237
20,true,25,false,0.2,0.18615774488869252,0.06913789435937812
20,true,25,false,0.2,0.14297370433805343,0.07575002852500656
20,true,25,false,0.2,0.1528311677388881,-0.007740217786221137
20,true,25,false,0.2,0.170291078543932,0.011214890514594344
20,true,25,false,0.2,0.18832229883313448,0.0016432059843545233
20,true,25,false,0.2,0.15555516679039544,0.020743662072055358
20,true,25,false,0.2,0.1766475233309404,-0.047855130342552954
20,true,25,false,0.2,0.17193060498220636,-0.0562211010764182
20,true,25,false,0.2,0.1674081379048057,0.03443576982977348
20,true,25,false,0.2,0.18516872217157745,0.019796571828509357
20,true,25,false,0.2,0.15399663321414042,0.007096776937138394
20,true,25,false,0.2,0.21774701485150333,-0.04961212274897786
20,true,25,false,0.2,0.1480602073783083,0.00780570198803332
20,true,25,false,0.2,0.2080670861489434,0.02114248434348376
20,true,25,false,0.2,0.17233486465637343,0.048370247177886405
20,true,25,false,0.2,0.15584904567439972,-0.04760884572977542
20,true,25,false,0.2,0.15004012405925354,0.013550163309813179
20,true,25,false,0.2,0.18238687673707005,0.00707582113004257
20,true,25,false,0.2,0.18711180124223606,0.06169478657661287
20,true,25,false,0.2,0.18088670896828865,0.0641685639626095
20,true,25,false,0.2,0.17584894406233106,-0.05984636711659608
20,true,25,false,0.2,0.16244474940925205,0.04951602910052788
20,true,25,false,0.3,0.16286089238845144,0.0123255004297258
20,true,25,false,0.3,0.17724521353396142,-0.006096934319795189
20,true,25,false,0.3,0.1557106860430104,-0.03263329987865049
20,true,25,false,0.3,0.16480794563449408,-0.013759340362239136
20,true,25,false,0.3,0.17834054834054827,-0.022125806225187006
20,true,25,false,0.3,0.16965174129353222,0.07041062072011606
20,true,25,false,0.3,0.17743998773816258,0.04018799457297195
20,true,25,false,0.3,0.17848027198531125,0.02151871164412711
20,true,25,false,0.3,0.17165983554881095,0.010840265932098525
20,true,25,false,0.3,0.1895197687408932,-0.024630370814715974
20,true,25,false,0.3,0.15787386164966202,0.041633733896525804
20,true,25,false,0.3,0.17783684501321542,-0.03994233920372903
20,true,25,false,0.3,0.17341346704020955,-0.06136821511240864
20,true,25,false,0.3,0.16275290103690707,0.0333731797937169
20,true,25,false,0.3,0.18958918279887682,-0.021744426696709063
20,true,25,false,0.3,0.15432276105109935,0.005528852308748
20,true,25,false,0.3,0.1837956855487596,0.018107640537191827
20,true,25,false,0.3,0.20335455215694728,-0.031105567376996213
20,true,25,false,0.3,0.18187196944862602,-0.05567173581613183
20,true,25,false,0.3,0.16882915909193352,0.012324885155000409
20,true,25,false,0.3,0.15530310579637938,-0.049959904080546735
20,true,25,false,0.3,0.17184320254761332,0.016018361066196363
20,true,25,false,0.3,0.1748425235711961,-0.040794513165576696
20,true,25,false,0.3,0.17969844703451396,-0.03078472909924379
20,true,25,false,0.3,0.1651650637562136,0.030897944838510938
20,true,25,false,0.3,0.16801133611155966,0.04435019714936139
20,true,25,false,0.3,0.14937118670647215,-0.026957209354991463
20,true,25,false,0.3,0.17122840610764753,0.03663177405964735
20,true,25,false,0.3,0.1758161688168312,0.02125854907086122
20,true,25,false,0.3,0.17765262389938594,-0.06091294761390742
20,true,25,false,0.4,0.175832451948017,0.030998482448320708
20,true,25,false,0.4,0.18989675017689026,-0.015232203033882286
20,true,25,false,0.4,0.15919531126247424,0.0018927488218878352
20,true,25,false,0.4,0.17009616498667596,-0.05111976673907659
20,true,25,false,0.4,0.19275985482060332,-0.01776006397005414
20,true,25,false,0.4,0.18135855175450016,-0.022698043062034934
20,true,25,false,0.4,0.17649305791120856,-0.00200885995737643
20,true,25,false,0.4,0.1740636453025833,-0.04859807488185197
20,true,25,false,0.4,0.16070729049988677,0.030245824398080323
20,true,25,false,0.4,0.17776103021877512,-0.019555277705778806
20,true,25,false,0.4,0.1806882411112018,-0.016925791664282208
20,true,25,false,0.4,0.17801159922101395,0.0016550129480554787
20,true,25,false,0.4,0.159397853588763,-0.08195628884380035
20,true,25,false,0.4,0.1700709633518032,0.0315079684008186
20,true,25,false,0.4,0.17546091322358373,7.771304364379006E-4
20,true,25,false,0.4,0.1533864808735847,0.02031818528770657
20,true,25,false,0.4,0.18907542829676932,-0.011666862685859591
20,true,25,false,0.4,0.14601451377082883,-0.023177935166897257
20,true,25,false,0.4,0.15471113966937325,-1.143061946864421E-4
20,true,25,false,0.4,0.20538137713797874,0.02130991633303214
20,true,25,false,0.4,0.18052432025546736,0.06978161112744896
20,true,25,false,0.4,0.1709321115419378,-0.014812061799480247
20,true,25,false,0.4,0.17952023701152628,-0.03772214595172141
20,true,25,false,0.4,0.1551802747884374,0.0029045869992074813
20,true,25,false,0.4,0.17682426225531167,9.533833910193579E-4
20,true,25,false,0.4,0.19865114006112583,-0.03029029017129492
20,true,25,false,0.4,0.16908358509566976,0.04126676213182279
20,true,25,false,0.4,0.1731105874235738,0.0439070388105236
20,true,25,false,0.4,0.1676465371235009,0.003403221052360017
20,true,25,false,0.4,0.18460171381866755,-0.057497728337318144
20,true,25,false,0.5,0.14433549592781794,-0.03650294669770826
20,true,25,false,0.5,0.1718194749200282,-0.025798094970557628
20,true,25,false,0.5,0.1802818727592353,0.04932842193531606
20,true,25,false,0.5,0.178205650959711,-0.06095910439779573
20,true,25,false,0.5,0.1605623264540877,-0.027490500914769456
20,true,25,false,0.5,0.1910436877324295,0.043200209485585006
20,true,25,false,0.5,0.16061733721640964,-0.005463534832211181
20,true,25,false,0.5,0.18756776935802666,-0.10015714966251554
20,true,25,false,0.5,0.17517271528969136,0.023673231423365415
20,true,25,false,0.5,0.16781888241811652,-6.077025430464289E-4
20,true,25,false,0.5,0.16690047711945524,-0.06397762517869321
20,true,25,false,0.5,0.16020372392973967,0.007233601518338517
20,true,25,false,0.5,0.1825556353194544,-0.028308475466030103
20,true,25,false,0.5,0.18568093474876393,0.01561367636909683
20,true,25,false,0.5,0.18832449446918337,0.04263824733973465
20,true,25,false,0.5,0.16975450066908765,0.0062111898683330224
20,true,25,false,0.5,0.16003801789837996,0.011503495347699122
20,true,25,false,0.5,0.1721268494599031,-0.01283901429272749
20,true,25,false,0.5,0.1830021822215257,-0.03608172051062297
20,true,25,false,0.5,0.1755276884829591,-0.03248361352558149
20,true,25,false,0.5,0.18176217109088952,0.017920198519840724
20,true,25,false,0.5,0.16274058961322146,-0.010566320366314663
20,true,25,false,0.5,0.16624778515019056,-0.015972115001672726
20,true,25,false,0.5,0.1490411665416354,-0.024557640746430742
20,true,25,false,0.5,0.1656240668856375,-0.026431099747460607
20,true,25,false,0.5,0.19532930107526883,0.10665758124791136
20,true,25,false,0.5,0.1576349360950518,0.02998349515843035
20,true,25,false,0.5,0.1912836830869618,0.08232517794608629
20,true,25,false,0.5,0.1638633301421834,-0.044563404040826704
20,true,25,false,0.5,0.174089615654925,-0.06791685683917681
20,true,30,true,0.1,0.3748207401095305,0.809125685873255
20,true,30,true,0.1,0.3735923423423424,0.5038389231158584
20,true,30,true,0.1,0.45484409190371994,0.8887441074153113
20,true,30,true,0.1,0.3991447625746526,0.5488586391297359
20,true,30,true,0.1,0.3738327904451685,0.591918627936951
20,true,30,true,0.1,0.3576234356298733,0.5596767512983547
20,true,30,true,0.1,0.3079372327618413,0.3374462170771224
20,true,30,true,0.1,0.35439723515677546,0.6018183975105593
20,true,30,true,0.1,0.32761776362046546,0.5230590572192417
20,true,30,true,0.1,0.39771761777200526,0.6532783596238634
20,true,30,true,0.1,0.3769792359950209,0.4837536328945715
20,true,30,true,0.1,0.4197955047899779,0.6568151490037906
20,true,30,true,0.1,0.37405330738505305,0.46404460796279423
20,true,30,true,0.1,0.31432547547189676,0.41467767637688
20,true,30,true,0.1,0.39945712371830033,0.7445386805757339
20,true,30,true,0.1,0.2800011632114977,0.3426420177186307
20,true,30,true,0.1,0.39494205154817497,0.6547648746558812
20,true,30,true,0.1,0.3044350509930221,0.40122666192651835
20,true,30,true,0.1,0.27501612854194596,0.3095749674280599
20,true,30,true,0.1,0.3665468838182156,0.5641659234010632
20,true,30,true,0.1,0.3348174580646905,0.5187072917813929
20,true,30,true,0.1,0.28725875334159223,0.39140000784438467
20,true,30,true,0.1,0.31555364320927115,0.3623395918892083
20,true,30,true,0.1,0.3501642378529526,0.523167463384663
20,true,30,true,0.1,0.3712998622054199,0.5801913721045766
20,true,30,true,0.1,0.3335119081185735,0.4343321334825596
20,true,30,true,0.1,0.30660036448435346,0.4431625151170042
20,true,30,true,0.1,0.30994115971301406,0.4823530129765192
20,true,30,true,0.1,0.33394478528431504,0.5894675781076417
20,true,30,true,0.1,0.38251010781671163,0.642343348838728
20,true,30,true,0.2,0.44174263033137673,0.6400197572457911
20,true,30,true,0.2,0.49534839185035423,0.9203629333957535
20,true,30,true,0.2,0.4122454606325574,0.5964431945440634
20,true,30,true,0.2,0.5252423973328998,0.7646025818458293
20,true,30,true,0.2,0.4092111829901033,0.602984447352866
20,true,30,true,0.2,0.518225969660422,0.7658317450447303
20,true,30,true,0.2,0.4820183567355072,0.7858122718112348
20,true,30,true,0.2,0.47623300204537816,0.6822543156177892
20,true,30,true,0.2,0.38900627247858943,0.6426046452702305
20,true,30,true,0.2,0.48367681381840594,0.5928237191790213
20,true,30,true,0.2,0.5507226521004468,0.9406856649110482
20,true,30,true,0.2,0.49447929416564684,0.8159730126976568
20,true,30,true,0.2,0.47491158209111634,0.7545362794583967
20,true,30,true,0.2,0.44476562728270036,0.7154047360556959
20,true,30,true,0.2,0.5405075203717461,0.9293404604251299
20,true,30,true,0.2,0.4427436316896471,0.491168409033766
20,true,30,true,0.2,0.4181455050735239,0.6083191535748096
20,true,30,true,0.2,0.4359050373777112,0.7000272985078029
20,true,30,true,0.2,0.4902860680614531,0.8435602471149259
20,true,30,true,0.2,0.5389280939089267,0.9935357420535649
20,true,30,true,0.2,0.46282316034169535,0.6080414101077256
20,true,30,true,0.2,0.5063762703148892,0.8874004666440198
20,true,30,true,0.2,0.5124150583323228,1.0269142354774203
20,true,30,true,0.2,0.6010646907185974,1.0039354772557179
20,true,30,true,0.2,0.4819603308970281,0.8132470447981488
20,true,30,true,0.2,0.4687054751349318,0.7274800145861926
20,true,30,true,0.2,0.5951413457419693,0.9689082763281531
20,true,30,true,0.2,0.48150825305923767,0.8341201429307343
20,true,30,true,0.2,0.47277040400512294,0.6407616263643883
20,true,30,true,0.2,0.3446930280957335,0.3989406066522445
20,true,30,true,0.3,0.6073923745530411,1.0277867603784498
20,true,30,true,0.3,0.6273549979432326,1.0248848889480895
20,true,30,true,0.3,0.6402518275164756,1.1063990151538743
20,true,30,true,0.3,0.5696219862419021,1.0981944592508501
20,true,30,true,0.3,0.5564369730849524,0.9166951380010211
20,true,30,true,0.3,0.5616789663903738,1.0655808555135318
20,true,30,true,0.3,0.4628049621682426,0.6209407534178402
20,true,30,true,0.3,0.48153799809716413,0.8955855030104498
20,true,30,true,0.3,0.6047410268270732,1.2117451415857854
20,true,30,true,0.3,0.6396447376925414,1.2119604761267082
20,true,30,true,0.3,0.5288720038868496,0.863667033711291
20,true,30,true,0.3,0.603268599599988,1.0454199063032918
20,true,30,true,0.3,0.49732027510127697,0.8287178763751379
20,true,30,true,0.3,0.5106941598360658,0.7273100121712419
20,true,30,true,0.3,0.6310325399879075,1.205601570238195
20,true,30,true,0.3,0.5699290776136304,0.7572315593925154
20,true,30,true,0.3,0.6004851330203443,1.356173024173584
20,true,30,true,0.3,0.5809789022821604,0.8780218760495506
20,true,30,true,0.3,0.6440098124082159,1.191710901130464
20,true,30,true,0.3,0.5740130744097949,1.0197323270488559
20,true,30,true,0.3,0.5309422092222287,0.992439529662664
20,true,30,true,0.3,0.5894732919122382,0.9156657372107544
20,true,30,true,0.3,0.4969644915453396,0.7090121547723429
20,true,30,true,0.3,0.5648204119562958,0.9085645954981683
20,true,30,true,0.3,0.48060346790425607,0.8345029515701166
20,true,30,true,0.3,0.5583664234924737,0.7882791918265974
20,true,30,true,0.3,0.6659344315523851,1.209401717438146
20,true,30,true,0.3,0.5591691392253191,0.9409064067051274
20,true,30,true,0.3,0.5567818405899905,0.8164793215967352
20,true,30,true,0.3,0.5142652272164603,0.7860512832269739
20,true,30,true,0.4,0.709691708008504,1.1579919882146763
20,true,30,true,0.4,0.5132751209027404,0.8419011070209619
20,true,30,true,0.4,0.6959150273098333,1.3629449960899152
20,true,30,true,0.4,0.5904869725887675,1.1619379287110947
20,true,30,true,0.4,0.6329766856033273,0.8751380401094302
20,true,30,true,0.4,0.6645561295259964,1.2219391246647726
20,true,30,true,0.4,0.6077341357829165,1.0486256642996308
20,true,30,true,0.4,0.6191762305270132,1.08851664162174
20,true,30,true,0.4,0.6885636132618892,1.1571422750300737
20,true,30,true,0.4,0.6194558389950006,1.1736411415225358
20,true,30,true,0.4,0.6084937305353976,1.0433984804549281
20,true,30,true,0.4,0.5647979275967189,1.1198607405447465
20,true,30,true,0.4,0.5790780141843971,0.9675933855205079
20,true,30,true,0.4,0.6445337480379049,1.2030656824993216
20,true,30,true,0.4,0.6120630003838187,0.7960073011783955
20,true,30,true,0.4,0.5598828789552076,0.9302192780470939
20,true,30,true,0.4,0.6149021430198159,0.9750346102705398
20,true,30,true,0.4,0.6530565624055904,1.2016808064285929
20,true,30,true,0.4,0.6123769265750932,1.0124253086658
20,true,30,true,0.4,0.6374646334791936,1.1672181097117296
20,true,30,true,0.4,0.6024937108946654,1.1944363781567526
20,true,30,true,0.4,0.5757817696190082,1.0941663086287843
20,true,30,true,0.4,0.6458597349848614,1.129463379685001
20,true,30,true,0.4,0.5635351227869788,0.9931446260273935
20,true,30,true,0.4,0.5416029099242908,0.9477125271172309
20,true,30,true,0.4,0.6149728559515327,1.003873068617155
20,true,30,true,0.4,0.5503739257966377,0.8773998276893424
20,true,30,true,0.4,0.6617799776675092,1.0462865161913042
20,true,30,true,0.4,0.594656683918459,0.9169297912594221
20,true,30,true,0.4,0.5433795342207323,0.9573472688980393
20,true,30,true,0.5,0.674828145728037,1.1876766430920842
20,true,30,true,0.5,0.6519767685300941,1.0850091844745693
20,true,30,true,0.5,0.5380405102003665,1.0192528651172479
20,true,30,true,0.5,0.6593823036722739,1.0467762685257833
20,true,30,true,0.5,0.5956046527306836,1.0274568181457946
20,true,30,true,0.5,0.6453259796899374,1.208508679493109
20,true,30,true,0.5,0.6340883963488902,1.0352918831379174
20,true,30,true,0.5,0.5793492544659642,1.163763594417473
20,true,30,true,0.5,0.7068518324057543,1.1613689963787817
20,true,30,true,0.5,0.6795540867163219,1.1957396673269578
20,true,30,true,0.5,0.4827961204080606,0.8589707267796989
20,true,30,true,0.5,0.5759815620257103,0.8456638680568247
20,true,30,true,0.5,0.6276368460631613,0.9138961154626166
20,true,30,true,0.5,0.6133438864948849,0.9000295760300636
20,true,30,true,0.5,0.6600647210403308,1.202246058183018
20,true,30,true,0.5,0.570327656896168,0.9821067395754843
20,true,30,true,0.5,0.6197842783847586,1.0310965264297964
20,true,30,true,0.5,0.6997154269686832,1.1516577145641929
20,true,30,true,0.5,0.6488909830728271,0.9991440573064061
20,true,30,true,0.5,0.5929477265697493,1.0401215947260294
20,true,30,true,0.5,0.6033771266881536,0.9427232431464478
20,true,30,true,0.5,0.5757095295218299,0.9284029647717373
20,true,30,true,0.5,0.6577230892356942,1.1963673396940173
20,true,30,true,0.5,0.6960255048974338,1.3119136504276625
20,true,30,true,0.5,0.6194526861837287,1.100880182686745
20,true,30,true,0.5,0.6996459747753733,1.5233603829013065
20,true,30,true,0.5,0.6434833658714925,0.9237186629550935
20,true,30,true,0.5,0.6314766360521317,0.9478554074346883
20,true,30,true,0.5,0.694744346983434,0.9899307773077952
20,true,30,true,0.5,0.7270748662812979,1.2406543481995485
20,true,30,false,0.1,0.17191380610253681,-0.06154167980485248
20,true,30,false,0.1,0.1727966749792185,-0.04939307560137074
20,true,30,false,0.1,0.15948628534533005,0.045831846756032135
20,true,30,false,0.1,0.17369432224428838,0.035823114843808845
20,true,30,false,0.1,0.1683784832456202,-0.0552203123860151
20,true,30,false,0.1,0.1572460087825606,-0.06696120638504954
20,true,30,false,0.1,0.16658091124114024,0.027245095091326554
20,true,30,false,0.1,0.17611458479451247,-0.08468037819682284
20,true,30,false,0.1,0.1622127064919567,-0.04448439370957935
20,true,30,false,0.1,0.1682414430484204,0.025708831675452792
20,true,30,false,0.1,0.14993539153253638,-0.007773294176356416
20,true,30,false,0.1,0.1587796966082729,0.05817080852036849
20,true,30,false,0.1,0.1601599834130909,-0.04313225244703034
20,true,30,false,0.1,0.14756818150283751,-0.06222351962828654
20,true,30,false,0.1,0.16334629926828606,-0.016621943256013516
20,true,30,false,0.1,0.1565418859431371,0.042015751683375235
20,true,30,false,0.1,0.16137454237832005,0.02641625604968656
20,true,30,false,0.1,0.15409320364856055,0.00726936741601758
20,true,30,false,0.1,0.15656322856503901,0.040723918368483325
20,true,30,false,0.1,0.17035147392290248,-0.0012565156583876913
20,true,30,false,0.1,0.15735713133702486,0.05719200625464005
20,true,30,false,0.1,0.17163216282259725,-0.00947073079619809
20,true,30,false,0.1,0.17741500126318044,0.03758676010076112
20,true,30,false,0.1,0.15338759450194425,-0.05400467182986901
20,true,30,false,0.1,0.15799203880726706,-0.04595132067270846
20,true,30,false,0.1,0.16407862407862406,-0.05287096439266037
20,true,30,false,0.1,0.18310692439924664,0.059941728609155476
20,true,30,false,0.1,0.16613223760335144,-0.027795864667201187
20,true,30,false,0.1,0.15903474109163393,0.006629422574596866
20,true,30,false,0.2,0.16263548400861977,0.03557128625611927
20,true,30,false,0.1,0.17445121658331947,-0.03611713634740532
20,true,30,false,0.2,0.15567171981181388,0.023402990090194642
20,true,30,false,0.2,0.18814363845481605,-0.037306382114070225
20,true,30,false,0.2,0.15592213026601848,-4.317073026482987E-4
20,true,30,false,0.2,0.17664965021743242,0.06657960048270883
20,true,30,false,0.2,0.1676260226326361,0.08412661346954042
20,true,30,false,0.2,0.15388811692656065,0.022412801442571073
20,true,30,false,0.2,0.17660988334788422,0.011763986803978277
20,true,30,false,0.2,0.1637306376198313,4.7585574791675356E-4
20,true,30,false,0.2,0.1672679220979923,-0.010488208476086669
20,true,30,false,0.2,0.15424817131698276,0.01728197261084219
20,true,30,false,0.2,0.1855159007170846,-0.003576555530846015
20,true,30,false,0.2,0.15475956057969611,0.0291274053609909
20,true,30,false,0.2,0.1519830777366473,-0.03748325698716304
20,true,30,false,0.2,0.1728079852024988,0.06746244248003919
20,true,30,false,0.2,0.15153533794869326,-0.02326971968563818
20,true,30,false,0.2,0.17498380721999707,-0.08938342830829349
20,true,30,false,0.2,0.16595298298901678,-7.020106160711137E-4
20,true,30,false,0.2,0.16803927195751595,0.05975209682834137
20,true,30,false,0.2,0.1625949280184206,0.10382218188201531
20,true,30,false,0.2,0.174569685318388,-0.009144118774565335
20,true,30,false,0.2,0.17355119013362397,0.013271495533534683
20,true,30,false,0.2,0.14790425243770322,-0.05576378278562277
20,true,30,false,0.2,0.16089906110199376,0.02216898762798003
20,true,30,false,0.2,0.15642305370057966,-0.030453143686258066
20,true,30,false,0.2,0.14830715623049712,-0.010848960650863049
20,true,30,false,0.2,0.15749309595158353,0.022864108256182014
20,true,30,false,0.2,0.16739213162274938,-0.04396473042986848
20,true,30,false,0.2,0.14975531583791907,-0.09726831476144682
20,true,30,false,0.2,0.16131397336046865,0.03638055840742638
20,true,30,false,0.3,0.17884481968715232,-0.025059287050742007
20,true,30,false,0.3,0.1683988735994887,0.009436291150410447
20,true,30,false,0.3,0.16585797817225748,0.010507492173073452
20,true,30,false,0.3,0.1710629545325509,0.04634282000272094
20,true,30,false,0.3,0.158107370044336,0.00720388529248428
20,true,30,false,0.3,0.17091101630196823,0.012450731106207868
20,true,30,false,0.3,0.1479309453284036,-0.00379068657823467
20,true,30,false,0.3,0.16115879191443894,0.03390874325695403
20,true,30,false,0.3,0.15647860000808317,0.08401231671028508
20,true,30,false,0.3,0.1471686657677184,-0.0014714168799523364
20,true,30,false,0.3,0.19359215362478008,0.11920774078405305
20,true,30,false,0.3,0.16384538272526097,-0.020666464825055186
20,true,30,false,0.3,0.15491821702103817,-0.03819501366703548
20,true,30,false,0.3,0.1658671404599743,-0.06260521733479774
20,true,30,false,0.3,0.17682563660187525,0.03228087863435114
20,true,30,false,0.3,0.16429404500548847,0.012745562735467786
20,true,30,false,0.3,0.15499165959360928,0.05367327660633059
20,true,30,false,0.3,0.1521404803847552,-0.058521370409014395
20,true,30,false,0.3,0.16056412880741755,-0.0039247172473579894
20,true,30,false,0.3,0.16816312167397576,-0.04999504333083937
20,true,30,false,0.3,0.16074931991330701,-0.023924247489718553
20,true,30,false,0.3,0.18231441048034935,-0.02769404653645946
20,true,30,false,0.3,0.16799001656596182,0.023019794332496346
20,true,30,false,0.3,0.1658153969675447,-0.05092399923648827
20,true,30,false,0.3,0.14755397108338286,0.08340259245078752
20,true,30,false,0.3,0.17016897570209366,0.054342108585304416
20,true,30,false,0.3,0.16108990524627528,-0.05228030367902914
20,true,30,false,0.3,0.18040794564370372,-0.033870541639517526
20,true,30,false,0.3,0.1698056648241327,-0.004201285921493714
20,true,30,false,0.3,0.17247854131102947,0.022732164198644433
20,true,30,false,0.4,0.161935209040194,-0.04373809903326986
20,true,30,false,0.4,0.14087660714428943,0.06692386378370152
20,true,30,false,0.4,0.16951661103081492,0.005091031270469948
20,true,30,false,0.4,0.16230372767589596,-0.04066118499736415
20,true,30,false,0.4,0.14678709684293667,-0.01895967304880486
20,true,30,false,0.4,0.15266609751093643,-0.012598472325771937
20,true,30,false,0.4,0.16914138414483867,-0.022241766486060577
20,true,30,false,0.4,0.16716015833621312,0.012492695314392677
20,true,30,false,0.4,0.18176916889209266,-0.02934584725943079
20,true,30,false,0.4,0.19260553371252948,0.04918529605138122
20,true,30,false,0.4,0.17148099798857075,0.0178864819810034
20,true,30,false,0.4,0.14903017754049633,0.015010387643328293
20,true,30,false,0.4,0.16542668304380886,0.018333601024043134
20,true,30,false,0.4,0.16708713501198272,-0.019492820640271802
20,true,30,false,0.4,0.19012898488258864,-0.003748721218413742
20,true,30,false,0.4,0.17589987272402144,-0.0023991326219503506
20,true,30,false,0.4,0.15787457766790258,-0.019735178162505917
20,true,30,false,0.4,0.16144517233433192,7.240857647508037E-4
20,true,30,false,0.4,0.1615440376948169,0.03014382327020293
20,true,30,false,0.4,0.1555182092058606,0.0416164699531576
20,true,30,false,0.4,0.15471813890399014,0.017574119006312117
20,true,30,false,0.4,0.14675886143931255,0.010406746811249867
20,true,30,false,0.4,0.15984117728049496,0.04432276081343911
20,true,30,false,0.4,0.13958114377315628,0.0029451725526641326
20,true,30,false,0.4,0.16742214841700423,-0.017326798467526494
20,true,30,false,0.4,0.1646343547501815,-0.007836375022660214
20,true,30,false,0.4,0.15555555555555556,-0.09030784282294313
20,true,30,false,0.4,0.16152845316575157,-0.0035072487307559186
20,true,30,false,0.4,0.13598295429838678,0.04206392737428999
20,true,30,false,0.4,0.14698630192816353,6.68523328045012E-4
20,true,30,false,0.5,0.16490683229813663,-0.059452999302574305
20,true,30,false,0.5,0.14775465498357068,0.010180046898592643
20,true,30,false,0.5,0.17581442409766448,0.0075094920064398
20,true,30,false,0.5,0.16920082461122488,0.10874945601635133
20,true,30,false,0.5,0.1772597721553181,0.07247251816019151
20,true,30,false,0.5,0.1673034195876112,0.03198340089511742
20,true,30,false,0.5,0.16875491889471042,0.08898044831928154
20,true,30,false,0.5,0.16479338257320758,-0.0672868287434083
20,true,30,false,0.5,0.15748451511267342,-0.010890758757983399
20,true,30,false,0.5,0.14329633268245884,0.00795756425452776
20,true,30,false,0.5,0.1524621327516664,0.03778857798565127
20,true,30,false,0.5,0.12348256701587176,0.016056372554353437
20,true,30,false,0.5,0.16135100785695838,-0.0395683669338478
20,true,30,false,0.5,0.1573418244080047,-0.04787124730749159
20,true,30,false,0.5,0.15735765055065218,-0.0377967183384218
20,true,30,false,0.5,0.1481888810412672,0.04284053826638523
20,true,30,false,0.5,0.17126892692230136,0.05357320726643611
20,true,30,false,0.5,0.17456200282559323,-0.017174666362169688
20,true,30,false,0.5,0.16605452861342673,0.08360122446469465
20,true,30,false,0.5,0.17062118483523162,0.013891584000604418
20,true,30,false,0.5,0.17170038342670757,-0.0054122583892839415
20,true,30,false,0.5,0.17285307811691664,0.09357649420618763
20,true,30,false,0.5,0.18423485066743495,0.08152244273763998
20,true,30,false,0.5,0.1567963095842774,-0.0038806484516369366
20,true,30,false,0.5,0.1694875776397515,0.005155530093201577
20,true,30,false,0.5,0.17030316631573392,-0.05873727955882391
20,true,30,false,0.5,0.1451675291411845,-0.006549618176491023
20,true,30,false,0.5,0.15707980198330013,0.005301486492347962
20,true,30,false,0.5,0.17995749521600715,-0.059953131339483434
20,true,30,false,0.5,0.16364220235902305,0.004990401205916761
20,false,20,true,0.1,0.5169239474719312,1.0751988842583335
20,false,20,true,0.1,0.4207347266522427,0.7399086096263945
20,false,20,true,0.1,0.5198619031644862,1.043854250828348
20,false,20,true,0.1,0.4269090571260042,0.6933950418782064
20,false,20,true,0.1,0.39821363727514625,0.7081514784313505
20,false,20,true,0.1,0.48351197982345506,1.0503049966179328
20,false,20,true,0.1,0.4176047105574737,0.8041580247603406
20,false,20,true,0.1,0.5052333242174877,0.9789085007181217
20,false,20,true,0.1,0.4615838345176369,0.8682063500537653
20,false,20,true,0.1,0.437933465692572,0.9380680854307402
20,false,20,true,0.1,0.4599679577926788,0.8421984089297352
20,false,20,true,0.1,0.49221715316066317,1.026652187649164
20,false,20,true,0.1,0.45862762237762217,0.9281082489121211
20,false,20,true,0.1,0.4583893615035483,0.7933018752485035
20,false,20,true,0.1,0.4576320927078132,0.8576241293311844
20,false,20,true,0.1,0.4988781310818946,0.8814366243143885
20,false,20,true,0.1,0.449458431944557,0.8751145440054264
20,false,20,true,0.1,0.44776441706635134,1.0767333287114633
20,false,20,true,0.1,0.49353495387574864,0.9217271177601907
20,false,20,true,0.1,0.44202712942507383,0.8961986064895573
20,false,20,true,0.1,0.43095238095238053,0.7002268749013041
20,false,20,true,0.1,0.44892491374860793,0.8127546244334676
20,false,20,true,0.1,0.4615603008191049,0.8028282085816736
20,false,20,true,0.1,0.3761630035473975,0.647214121457842
20,false,20,true,0.1,0.4596767797971856,0.8449496649705512
20,false,20,true,0.1,0.381052126524445,0.7204292922911772
20,false,20,true,0.1,0.4767299218048615,0.8278188479287714
20,false,20,true,0.1,0.44013641095072775,0.8011136919596451
20,false,20,true,0.1,0.4337602641393365,0.7865781231652385
20,false,20,true,0.1,0.46044079377412706,0.8469925791135706
20,false,20,true,0.2,0.6112454525425459,1.1889952207761603
20,false,20,true,0.2,0.5945218879921743,0.9974745367970472
20,false,20,true,0.2,0.6767668877240427,1.3073438194698745
20,false,20,true,0.2,0.5832666303802604,1.1001403231786329
20,false,20,true,0.2,0.6944508857361693,1.2457666398827838
20,false,20,true,0.2,0.6865910211275287,1.3198821013365745
20,false,20,true,0.2,0.6960926246038608,1.574180343934425
20,false,20,true,0.2,0.706315621883877,1.3274307257192026
20,false,20,true,0.2,0.6051430547151873,1.2546152391532237
20,false,20,true,0.2,0.6710855343847556,1.3659011094421505
20,false,20,true,0.2,0.5460907081015912,0.988550804215043
20,false,20,true,0.2,0.5754069428737876,0.9549623224868116
20,false,20,true,0.2,0.6866502289538571,1.6133746637562787
20,false,20,true,0.2,0.6683064683064686,1.296831525947411
20,false,20,true,0.2,0.5640860382046904,1.0262750512237968
20,false,20,true,0.2,0.7075979797691575,1.4957040826587384
20,false,20,true,0.2,0.5974683251106018,1.3075108676757745
20,false,20,true,0.2,0.5618201151507324,0.8708041944291809
20,false,20,true,0.2,0.6016542967003485,1.2881035253775721
20,false,20,true,0.2,0.7270643527168368,1.5449728759427295
20,false,20,true,0.2,0.6016313400608116,1.2582259089841958
20,false,20,true,0.2,0.6365715077605321,1.4749315824953442
20,false,20,true,0.2,0.6891809256661994,1.4322813305124464
20,false,20,true,0.2,0.6569254115107062,1.3255879349796853
20,false,20,true,0.2,0.5625280552126587,0.9186033906646411
20,false,20,true,0.2,0.6435126979048673,1.2048831194715284
20,false,20,true,0.2,0.6580817818994475,1.2134102714549657
20,false,20,true,0.2,0.6641225561610823,1.3965076852291372
20,false,20,true,0.2,0.6319171551890743,1.219675967664113
20,false,20,true,0.2,0.6490960934085376,1.2006217451381813
20,false,20,true,0.3,0.8322606320587156,1.8289148637879205
20,false,20,true,0.3,0.7336460377152821,1.6908989005109145
20,false,20,true,0.3,0.7585418194235716,1.6236340935547178
20,false,20,true,0.3,0.7158871059519745,1.4140202852145354
20,false,20,true,0.3,0.767351893204146,1.559796174891451
20,false,20,true,0.3,0.724784284927483,1.8632622258786888
20,false,20,true,0.3,0.8294072143748454,1.8139388992087975
20,false,20,true,0.3,0.7948923938679248,1.5579152676823647
20,false,20,true,0.3,0.7173284698094738,1.550977566900798
20,false,20,true,0.3,0.7292696621519835,1.6018278802007728
20,false,20,true,0.3,0.8242507032303913,1.8048812104169647
20,false,20,true,0.3,0.7596530537883895,1.7614338469753497
20,false,20,true,0.3,0.7917933415108432,1.9628823939280347
20,false,20,true,0.3,0.6969644896758793,1.305602020828248
20,false,20,true,0.3,0.7860023189608891,1.7399068982126842
20,false,20,true,0.3,0.7266134633699243,1.3187341363452463
20,false,20,true,0.3,0.6966251761086769,1.4373222933530778
20,false,20,true,0.3,0.8002869824196163,1.8601561606338697
20,false,20,true,0.3,0.7787825044338419,1.674175608375946
20,false,20,true,0.3,0.8047327257853573,1.547348539530093
20,false,20,true,0.3,0.7456482455430592,1.638729097360665
20,false,20,true,0.3,0.7766388767003073,1.3555863614309134
20,false,20,true,0.3,0.7908788217780796,1.532856693613006
20,false,20,true,0.3,0.8500784802343079,2.2183525904584878
20,false,20,true,0.3,0.7988979661453527,1.7580512036293756
20,false,20,true,0.3,0.7157466285276826,1.308042629587871
20,false,20,true,0.3,0.7387462702262176,1.574987546501994
20,false,20,true,0.3,0.7909801876955161,1.9133763566642488
20,false,20,true,0.3,0.7888713891971225,1.756448842038167
20,false,20,true,0.3,0.7654613597972973,1.4256717420860543
20,false,20,true,0.4,0.8634734461267292,1.9630492876704375
20,false,20,true,0.4,0.8060867095797044,1.449294478396487
20,false,20,true,0.4,0.8214721382703863,1.9717654136484768
20,false,20,true,0.4,0.7810109494525275,1.8584002869429401
20,false,20,true,0.4,0.790797742135837,1.8250528914779256
20,false,20,true,0.4,0.7804606574152203,1.5959080302802828
20,false,20,true,0.4,0.827306696069166,1.596242363888762
20,false,20,true,0.4,0.7955849306014539,1.6302168846301006
20,false,20,true,0.4,0.8229657307756406,1.5910164473489727
20,false,20,true,0.4,0.8137247488201507,1.7512186402278642
20,false,20,true,0.4,0.8426863529792223,1.50852948122132
20,false,20,true,0.4,0.8294601804658058,1.6479365446525698
20,false,20,true,0.4,0.8000739661061198,1.8741444999404964
20,false,20,true,0.4,0.8242161690456894,1.6022358911152894
20,false,20,true,0.4,0.829731204479135,1.5310337169999615
20,false,20,true,0.4,0.86721815370898,1.7712575875475496
20,false,20,true,0.4,0.8286383441777982,1.7696671719390862
20,false,20,true,0.4,0.8053647766714465,1.8088083988117898
20,false,20,true,0.4,0.781293025346164,1.506319594683081
20,false,20,true,0.4,0.8297041064451791,1.8097115192104685
20,false,20,true,0.4,0.7594517386648657,1.6646954918631138
20,false,20,true,0.4,0.8325442288582029,1.6212102846325491
20,false,20,true,0.4,0.8150419141497116,1.6549532216710556
20,false,20,true,0.4,0.746688471529015,1.507835665264869
20,false,20,true,0.4,0.8290540445271631,1.614007491925677
20,false,20,true,0.4,0.8124828787762568,1.7560391482450184
20,false,20,true,0.4,0.7963890784012736,1.877460062699817
20,false,20,true,0.4,0.8401383749614553,1.913236783958161
20,false,20,true,0.4,0.8040684093143213,1.8347714609497308
20,false,20,true,0.4,0.769290428427607,1.6571938199209635
20,false,20,true,0.5,0.7991481108937086,1.45264709739443
20,false,20,true,0.5,0.8477246858749752,1.6637557615027667
20,false,20,true,0.5,0.816521779951434,2.0395689528406935
20,false,20,true,0.5,0.8975004318108913,1.7950462290761084
20,false,20,true,0.5,0.8570512050470941,1.9140332509306113
20,false,20,true,0.5,0.8490074743612026,1.6555108653212143
20,false,20,true,0.5,0.7975042541123087,1.408590523904273
20,false,20,true,0.5,0.7732498622608266,1.4880935573067147
20,false,20,true,0.5,0.8314425491420834,1.764463176448781
20,false,20,true,0.5,0.765146817180115,1.6422088280478073
20,false,20,true,0.5,0.8065363310109198,1.7384840878833865
20,false,20,true,0.5,0.8063997857812288,1.7864354997092526
20,false,20,true,0.5,0.8524815422477444,1.6948018344404767
20,false,20,true,0.5,0.841740829452017,2.086635489710778
20,false,20,true,0.5,0.8304297328687571,1.9140385351358136
20,false,20,true,0.5,0.8506683869118012,1.9032402742209866
20,false,20,true,0.5,0.8262322882122397,1.5674186657695897
20,false,20,true,0.5,0.816362644937601,2.1233826137366414
20,false,20,true,0.5,0.8735620465242729,1.7626101947824129
20,false,20,true,0.5,0.8237137586143007,1.822507368698286
20,false,20,true,0.5,0.8348650788147215,1.8295329624074173
20,false,20,true,0.5,0.8505273304852667,1.6882501619016494
20,false,20,true,0.5,0.8706239049927083,1.925389152071494
20,false,20,true,0.5,0.8534687636522501,2.149662229679703
20,false,20,true,0.5,0.9070311227813056,1.925558438437161
20,false,20,true,0.5,0.8174656094243985,1.854287057357114
20,false,20,true,0.5,0.8417277266243028,1.6012932475762431
20,false,20,true,0.5,0.8809172154498935,2.201744656910968
20,false,20,true,0.5,0.8856352683656672,1.7892513684738223
20,false,20,true,0.5,0.8665656503185105,1.708175471714183
20,false,20,false,0.1,0.17176729698048462,-0.02672979953075405
20,false,20,false,0.1,0.2011515206239576,0.026292954682824998
20,false,20,false,0.1,0.20244773718652675,-0.07128224851630804
20,false,20,false,0.1,0.19162760897270723,0.04578499197574715
20,false,20,false,0.1,0.20473549113483422,0.06850668468701482
20,false,20,false,0.1,0.17023826895415972,0.06013297496427672
20,false,20,false,0.1,0.20882138059437666,-0.0611612995788251
20,false,20,false,0.1,0.2067731791927795,-0.03988890101216125
20,false,20,false,0.1,0.19782757440985285,0.008569651544218182
20,false,20,false,0.1,0.1883112121434333,-0.03425729203009453
20,false,20,false,0.1,0.18281654439629902,0.01069957523743792
20,false,20,false,0.1,0.1696668735774881,-0.057946077317801326
20,false,20,false,0.1,0.19405104762173098,-0.049546556971056255
20,false,20,false,0.1,0.20315874420739918,0.016137758434491722
20,false,20,false,0.1,0.1609546509923711,0.05215830908410091
20,false,20,false,0.1,0.14583361290859373,-0.030357900500606938
20,false,20,false,0.1,0.18982945442280127,0.01135291444595321
20,false,20,false,0.1,0.19184588559154106,-0.039565258584711493
20,false,20,false,0.1,0.1886967155835081,-0.004544225192978146
20,false,20,false,0.1,0.18579142944065355,0.048197337121618666
20,false,20,false,0.1,0.16210524547336946,-0.017222523899413922
20,false,20,false,0.1,0.20709002718259487,-0.028011132458825472
20,false,20,false,0.1,0.2028397719119367,-0.002887846847418274
20,false,20,false,0.1,0.19742251080155185,0.06274101179139091
20,false,20,false,0.1,0.18953542997168657,-0.09171710475580142
20,false,20,false,0.1,0.17002847122363407,0.16821893835074597
20,false,20,false,0.1,0.20315503074123756,-0.0035175288865030296
20,false,20,false,0.1,0.16675220331337479,0.04475799725812912
20,false,20,false,0.1,0.17797386369906326,0.024614883267593868
20,false,20,false,0.1,0.18112322144798698,0.0674590683048173
20,false,20,false,0.2,0.19364444184950125,-0.08790250431974211
20,false,20,false,0.2,0.19887675026927218,-0.11854817424293085
20,false,20,false,0.2,0.1843874663302534,0.0016146995094192818
20,false,20,false,0.2,0.19924141749723157,-0.07898684084615404
20,false,20,false,0.2,0.1704541476767549,0.018907042961394005
20,false,20,false,0.2,0.1776350100147387,0.0049593336101310115
20,false,20,false,0.2,0.18887490535535237,0.03025267739024784
20,false,20,false,0.2,0.17290509663360418,0.054986474890854176
20,false,20,false,0.2,0.21089014832057026,0.04411201762071748
20,false,20,false,0.2,0.1956863519722993,-0.015538068683791373
20,false,20,false,0.2,0.18841423331108645,0.0726036085370767
20,false,20,false,0.2,0.19536445467866864,0.008921894045664125
20,false,20,false,0.2,0.2003602562145106,0.01681596951470521
20,false,20,false,0.2,0.15954970072059504,-0.0692943339827421
20,false,20,false,0.2,0.1763624699839208,0.045569833336280396
20,false,20,false,0.2,0.1738883626785692,0.048427952453828915
20,false,20,false,0.2,0.18281981246493378,0.009781563705799634
20,false,20,false,0.2,0.17400866553408922,0.0010765482259831316
20,false,20,false,0.2,0.17126614215192482,0.1310781426695824
20,false,20,false,0.2,0.1830819320623399,0.008599177094622767
20,false,20,false,0.2,0.19333949887084634,0.030023918621663093
20,false,20,false,0.2,0.19498485379587446,-0.01592754001232155
20,false,20,false,0.2,0.17080420956237435,0.007776728566261326
20,false,20,false,0.2,0.19638273351144647,0.029998992256106582
20,false,20,false,0.2,0.19495291247702937,-0.12583989780541494
20,false,20,false,0.2,0.18909720669598024,0.04081266120445015
20,false,20,false,0.2,0.19426427342122807,0.03295290065511303
20,false,20,false,0.2,0.19422935909424216,-0.0035913845392201438
20,false,20,false,0.2,0.16450043353449795,0.058624566100897724
20,false,20,false,0.2,0.19518669388264448,0.0321612079876088
20,false,20,false,0.3,0.18018695466154983,-0.06238373125641683
20,false,20,false,0.3,0.152669740532899,-0.03941380163065045
20,false,20,false,0.3,0.19415123027474954,0.012748608255573224
20,false,20,false,0.3,0.19683250348003006,0.08908980158209001
20,false,20,false,0.3,0.18635780270317245,0.009105692669004739
20,false,20,false,0.3,0.2125279411789934,0.154551275246801
20,false,20,false,0.3,0.21530774041529005,0.01321113056814216
20,false,20,false,0.3,0.2012074800372162,0.05739936734136375
20,false,20,false,0.3,0.18575409414387375,-0.050521461620109065
20,false,20,false,0.3,0.17749298046578244,-0.0033349634495616343
20,false,20,false,0.3,0.16798092564119704,0.054300429075095025
20,false,20,false,0.3,0.20089078486848266,-0.017945274016736512
20,false,20,false,0.3,0.18103012436772203,0.02109908256726456
20,false,20,false,0.3,0.18106465108753433,-0.09274746902762132
20,false,20,false,0.3,0.1663254671331794,0.01791627338928059
20,false,20,false,0.3,0.18218772038942083,-0.039818908939453834
20,false,20,false,0.3,0.18014580744235384,0.03226125003421121
20,false,20,false,0.3,0.18811753031022138,-0.024840042399641327
20,false,20,false,0.3,0.15141309294356994,0.024173255755520096
20,false,20,false,0.3,0.16396289156002952,-0.07361470594760622
20,false,20,false,0.3,0.19810280284632603,-0.012500406494016403
20,false,20,false,0.3,0.18007569905095658,0.011419406948703248
20,false,20,false,0.3,0.186250773615017,-0.009369607636905641
20,false,20,false,0.3,0.17840054919749385,0.0592846654555661
20,false,20,false,0.3,0.1754853485733856,-0.04038908978987532
20,false,20,false,0.3,0.21377609549445414,0.015161904453627528
20,false,20,false,0.3,0.18089290459739565,-0.002856586211775536
20,false,20,false,0.3,0.18472197917578093,-0.011937174129148076
20,false,20,false,0.3,0.18173966922123688,-0.0685268561305934
20,false,20,false,0.3,0.15370050514396943,0.010161153178481541
20,false,20,false,0.4,0.20012519408580332,-0.05050591412836791
20,false,20,false,0.4,0.19193927893738136,0.024047385416658962
20,false,20,false,0.4,0.19151477058453806,-0.026101657444544735
20,false,20,false,0.4,0.19932047041830456,0.07082422066897909
20,false,20,false,0.4,0.20502768902714885,0.01922420940208802
20,false,20,false,0.4,0.18810680902198074,-0.030115864952311
20,false,20,false,0.4,0.20862244367945385,-0.024758403731277134
20,false,20,false,0.4,0.21835048659245251,0.08634898511701472
20,false,20,false,0.4,0.19489442713741784,-0.03964268904061363
20,false,20,false,0.4,0.17968065229021962,-0.022699224277326735
20,false,20,false,0.4,0.16969434948186451,0.0673950175579785
20,false,20,false,0.4,0.15919394073418844,0.008531097276519795
20,false,20,false,0.4,0.16132325830758443,0.016573109140291642
20,false,20,false,0.4,0.19159622235807489,0.07446256347228086
20,false,20,false,0.4,0.1829555833149128,0.09147054043759173
20,false,20,false,0.4,0.20603933322816426,0.1084527520166727
20,false,20,false,0.4,0.18783655912502562,0.11067319032459455
20,false,20,false,0.4,0.20783332382066724,-0.021740615700736043
20,false,20,false,0.4,0.16389227925791602,-0.010521982115651696
20,false,20,false,0.4,0.1697679513468987,0.0525104024272558
20,false,20,false,0.4,0.17821535765144053,0.036513296824653096
20,false,20,false,0.4,0.18107374321247155,-0.03145769885986205
20,false,20,false,0.4,0.18928533794179006,4.111820946093303E-4
20,false,20,false,0.4,0.19897816607701205,0.04039683288252771
20,false,20,false,0.4,0.17565362097134163,0.043117196007241176
20,false,20,false,0.4,0.17983113925456867,0.0019417871709910273
20,false,20,false,0.4,0.19130333332206093,-0.058828665721117446
20,false,20,false,0.4,0.19143278705245734,-0.040049511778013525
20,false,20,false,0.4,0.1902577333685851,0.03383221576036721
20,false,20,false,0.4,0.21501225022677742,-0.030027202586027535
20,false,20,false,0.5,0.19677436880544538,0.04352300520064922
20,false,20,false,0.5,0.1792995925358934,-0.04212773339849907
20,false,20,false,0.5,0.19782049370539007,0.017707848188957875
20,false,20,false,0.5,0.17535999461218232,0.018570047635074083
20,false,20,false,0.5,0.19823649472123106,-0.011271013625956172
20,false,20,false,0.5,0.18504458395774123,0.09055269807981414
20,false,20,false,0.5,0.19351656206689835,0.07447292869023325
20,false,20,false,0.5,0.19175136270724513,0.05211982927493253
20,false,20,false,0.5,0.2045595884215287,0.0398026137490568
20,false,20,false,0.5,0.1843381163369388,-0.07471080612931669
20,false,20,false,0.5,0.17606197129743323,0.02596665371959528
20,false,20,false,0.5,0.1871053472607694,-0.03173607652450805
20,false,20,false,0.5,0.20775692563903403,0.0020057990379358515
20,false,20,false,0.5,0.14426129395317377,0.03821058769875041
20,false,20,false,0.5,0.19394349141184586,0.03667248754519026
20,false,20,false,0.5,0.18810094474103475,0.05446970311452137
20,false,20,false,0.5,0.17544616653157066,0.059916553633939884
20,false,20,false,0.5,0.16976274729071678,0.007438695436702503
20,false,20,false,0.5,0.2011246559527311,-0.08500812265467417
20,false,20,false,0.5,0.19208997188378632,-0.035791651154708504
20,false,20,false,0.5,0.19758251975825195,-0.08924442039802738
20,false,20,false,0.5,0.19340691668517035,-0.02542329407047017
20,false,20,false,0.5,0.19262450348623206,-0.01934751804383339
20,false,20,false,0.5,0.167786028180742,0.033707802883028215
20,false,20,false,0.5,0.2062251551829902,0.02232704371110028
20,false,20,false,0.5,0.18558910553068808,-0.09179288953110198
20,false,20,false,0.5,0.18697257195848335,0.07669836617240833
20,false,20,false,0.5,0.18511439113740777,0.004157356200868101
20,false,20,false,0.5,0.18178076686142125,0.09429751040449563
20,false,20,false,0.5,0.17684740334019675,-0.009401886342959465
20,false,25,true,0.1,0.4698891453793664,0.9056418847841696
20,false,25,true,0.1,0.39747645721065555,0.6483154984903416
20,false,25,true,0.1,0.43565423828153216,0.9210522139270694
20,false,25,true,0.1,0.3854974352856973,0.6473440590278328
20,false,25,true,0.1,0.49580271748158494,0.8511295588545575
20,false,25,true,0.1,0.45154644838762836,0.7688783164267861
20,false,25,true,0.1,0.40377057609335537,0.6796936590667473
20,false,25,true,0.1,0.45585333587032567,0.8605573773852395
20,false,25,true,0.1,0.41785539858007326,0.8596793793187913
20,false,25,true,0.1,0.477143396939354,1.0603311094736299
20,false,25,true,0.1,0.4831363403473438,1.1788648379763362
20,false,25,true,0.1,0.4651338741540917,1.0405203798709435
20,false,25,true,0.1,0.4161823845064861,0.8269912998288147
20,false,25,true,0.1,0.46213604909257067,0.8493087415424183
20,false,25,true,0.1,0.46083687755274155,0.8842295864496794
20,false,25,true,0.1,0.43142598236364055,0.812358863701923
20,false,25,true,0.1,0.4916833985623091,1.0288925064312666
20,false,25,true,0.1,0.4113146113146113,0.8219692507466307
20,false,25,true,0.1,0.4308495067018783,0.8158725664522573
20,false,25,true,0.1,0.4612222987922091,0.8998568989869007
20,false,25,true,0.1,0.4305626358687689,0.7379243791284305
20,false,25,true,0.1,0.45073403653140315,0.8565796813574966
20,false,25,true,0.1,0.41031679065068655,0.780384344462985
20,false,25,true,0.1,0.4539835130158313,0.8632939452169097
20,false,25,true,0.1,0.41199903464711835,0.7213295333273857
20,false,25,true,0.1,0.4277768701715964,0.8500351603983676
20,false,25,true,0.1,0.4893509723325619,1.081801508773439
20,false,25,true,0.1,0.47315222025141446,1.0128284263212883
20,false,25,true,0.1,0.42595319118343106,0.8833281577194718
20,false,25,true,0.1,0.4899190027805014,0.9920564313720979
20,false,25,true,0.2,0.5566157200108123,1.1490709314282919
20,false,25,true,0.2,0.6779602352417128,1.290886523208659
20,false,25,true,0.2,0.6167310478029936,1.037060758802271
20,false,25,true,0.2,0.6750051107628221,1.3961539683053958
20,false,25,true,0.2,0.62368140334242,1.108785352424956
20,false,25,true,0.2,0.71272787833102,1.309136686606153
20,false,25,true,0.2,0.6765724557886516,1.3293308922731288
20,false,25,true,0.2,0.6516192753312154,1.2907809741242593
20,false,25,true,0.2,0.6090415366111026,1.2367728617687384
20,false,25,true,0.2,0.6067485029940122,1.3438934827238196
20,false,25,true,0.2,0.6693638512787449,1.3576023745852126
20,false,25,true,0.2,0.6269754748348559,1.1648744002124785
20,false,25,true,0.2,0.6825777636272727,1.4855669732978853
20,false,25,true,0.2,0.6133286773396367,1.1793852812595214
20,false,25,true,0.2,0.7118486002076463,1.422382053610061
20,false,25,true,0.2,0.7197378577706446,1.6446429093432497
20,false,25,true,0.2,0.6070280542403452,1.2538966390388273
20,false,25,true,0.2,0.6027470905717657,0.9502573505200731
20,false,25,true,0.2,0.6876975372563147,1.428273138414215
20,false,25,true,0.2,0.6180982043633385,1.2999620459654437
20,false,25,true,0.2,0.6027844311377243,1.23244528809224
20,false,25,true,0.2,0.6136935642458617,1.057242101777355
20,false,25,true,0.2,0.6658145275035258,1.4799447183907732
20,false,25,true,0.2,0.6857808986778183,1.2653776078821366
20,false,25,true,0.2,0.6041253801739163,1.178966740338673
20,false,25,true,0.2,0.6069610144364828,1.1238530271069553
20,false,25,true,0.2,0.6124901199617278,1.278317327528427
20,false,25,true,0.2,0.6240166723628098,1.4044304524592661
20,false,25,true,0.2,0.6048384731174498,1.3702024216387683
20,false,25,true,0.2,0.5449749419386385,1.0863876456563126
20,false,25,true,0.3,0.7062812247491709,1.6592038908915043
20,false,25,true,0.3,0.7806072743221559,1.8551132787673694
20,false,25,true,0.3,0.7669678760565091,1.442654185919669
20,false,25,true,0.3,0.7468940202519856,1.6409250375198345
20,false,25,true,0.3,0.7887594061791773,1.6994980882575392
20,false,25,true,0.3,0.7264682512766347,1.5337592140075342
20,false,25,true,0.3,0.7148034069645942,1.188414159720356
20,false,25,true,0.3,0.7662297615543129,1.7344214358987378
20,false,25,true,0.3,0.8035709850479362,1.528417882074181
20,false,25,true,0.3,0.7500404304285624,1.4046354431898393
20,false,25,true,0.3,0.7592416750502635,1.7008698388968808
20,false,25,true,0.3,0.7802122865275144,1.5155060475659319
20,false,25,true,0.3,0.7200483049485921,1.3604320885945054
20,false,25,true,0.3,0.7489070124409457,1.4392783901277486
20,false,25,true,0.3,0.8024189181872325,1.670938674203347
20,false,25,true,0.3,0.7881282363691748,1.9849597248770445
20,false,25,true,0.3,0.7528508719612569,1.9245538075601347
20,false,25,true,0.3,0.7559952633079966,1.5745137048779982
20,false,25,true,0.3,0.8299476649221641,1.7606123176740596
20,false,25,true,0.3,0.6945228821274503,1.6507411760646908
20,false,25,true,0.3,0.7461336716655862,1.4060872798454582
20,false,25,true,0.3,0.81439931727375,2.042984863232121
20,false,25,true,0.3,0.8145457636023675,1.6344972348203228
20,false,25,true,0.3,0.749242760735317,1.3560062074596893
20,false,25,true,0.3,0.7077538080749852,1.6438885077047054
20,false,25,true,0.3,0.808920863309353,1.9840752429861688
20,false,25,true,0.3,0.7510607606515851,1.5154376063094208
20,false,25,true,0.3,0.7703529828601797,1.4889007131405467
20,false,25,true,0.3,0.7852290273535981,1.5415279877855683
20,false,25,true,0.3,0.7799315722576037,1.5099595806463926
20,false,25,true,0.4,0.8229580739518485,1.8411066516394818
20,false,25,true,0.4,0.7913638371195162,1.8567687708044556
20,false,25,true,0.4,0.820023572551074,1.735126170723026
20,false,25,true,0.4,0.8575970037141829,1.9534079860337528
20,false,25,true,0.4,0.8196284965034966,1.7484989129071433
20,false,25,true,0.4,0.7849062606238477,1.572005033496783
20,false,25,true,0.4,0.774669826392587,1.3279234671380928
20,false,25,true,0.4,0.8053876778781058,1.4965688713200764
20,false,25,true,0.4,0.8138357791068839,1.7052942066741519
20,false,25,true,0.4,0.7957885218807639,1.5073482146411497
20,false,25,true,0.4,0.7632006423702632,1.585930393786576
20,false,25,true,0.4,0.7984042975702605,1.516143430624786
20,false,25,true,0.4,0.7881839846684462,1.3996686591302865
20,false,25,true,0.4,0.7949295806310207,1.6014494511570323
20,false,25,true,0.4,0.8120340819777548,1.6310100947529644
20,false,25,true,0.4,0.8476080594665086,1.5000819388160265
20,false,25,true,0.4,0.8139796984624571,1.8065750048260982
20,false,25,true,0.4,0.7885152658257693,1.7813615993562255
20,false,25,true,0.4,0.8078318716746249,1.5348731337194126
20,false,25,true,0.4,0.8147265276613147,1.913756119898565
20,false,25,true,0.4,0.8514321198478616,1.5654059738802193
20,false,25,true,0.4,0.8015451523276382,1.5804527269763353
20,false,25,true,0.4,0.7492231015965032,1.506744991450474
20,false,25,true,0.4,0.8093745889525932,1.5898964334826795
20,false,25,true,0.4,0.7858491457710424,1.721039570754404
20,false,25,true,0.4,0.8045367057446432,1.463907351112801
20,false,25,true,0.4,0.8267352813596752,1.8158020337075387
20,false,25,true,0.4,0.789597090630682,1.8298812695330655
20,false,25,true,0.4,0.8342810434802753,1.7399493995356394
20,false,25,true,0.4,0.8004981843010012,1.5115778814269403
20,false,25,true,0.5,0.8520221657898427,1.7186170065523232
20,false,25,true,0.5,0.8098335582546109,1.51216791115366
20,false,25,true,0.5,0.838920874498133,1.654896303835959
20,false,25,true,0.5,0.8231982188762393,1.7780461527936273
20,false,25,true,0.5,0.7458173607580734,1.540712538201447
20,false,25,true,0.5,0.7603045886075952,1.4808379909124154
20,false,25,true,0.5,0.8339145907473311,1.827378344708479
20,false,25,true,0.5,0.7694564879351663,1.7973691764054367
20,false,25,true,0.5,0.8165977623618995,1.7412554976860521
20,false,25,true,0.5,0.825953350553207,1.9304453278593208
20,false,25,true,0.5,0.7858085722408862,1.690524225005138
20,false,25,true,0.5,0.8581584956024982,1.992958218888215
20,false,25,true,0.5,0.7737455777112076,1.694348597464038
20,false,25,true,0.5,0.8550402412984728,1.3129847493474873
20,false,25,true,0.5,0.8009933435739885,1.5478541516271331
20,false,25,true,0.5,0.8332944005496397,1.7624470411016695
20,false,25,true,0.5,0.8238773148148144,1.7134401788505835
20,false,25,true,0.5,0.7926138773596398,1.5582632974479127
20,false,25,true,0.5,0.7545229924707834,1.218270904494271
20,false,25,true,0.5,0.7716976672785061,1.884119878992296
20,false,25,true,0.5,0.8178277347011093,2.172274106586542
20,false,25,true,0.5,0.7570890698099176,1.3823129592576908
20,false,25,true,0.5,0.8118232628398789,2.120906662679297
20,false,25,true,0.5,0.8074989990848775,1.6701102493190678
20,false,25,true,0.5,0.78490866961572,1.6655287423838425
20,false,25,true,0.5,0.7766252206616011,1.8078850066921248
20,false,25,true,0.5,0.7844175293751866,1.4603069298079676
20,false,25,true,0.5,0.7833414620507978,1.6664727405207236
20,false,25,true,0.5,0.8484290535006392,1.8315840959628895
20,false,25,true,0.5,0.8490832262822342,1.8657202350963926
20,false,25,false,0.1,0.17395951003262639,0.07495917111190042
20,false,25,false,0.1,0.1686930876901947,-0.05305659929715478
20,false,25,false,0.1,0.16674333467502353,0.0047911944069714
20,false,25,false,0.1,0.17863959743189325,-0.05087114091153477
20,false,25,false,0.1,0.18249936900555278,-0.022762971159209222
20,false,25,false,0.1,0.1848367922334612,-0.02567297670759583
20,false,25,false,0.1,0.1664318153260693,1.644684001345098E-5
20,false,25,false,0.1,0.17328954490264648,-0.06377756468553297
20,false,25,false,0.1,0.16399426964503636,0.037788446958842314
20,false,25,false,0.1,0.1756955340227255,-0.034504379326229184
20,false,25,false,0.1,0.18734891568367923,5.508840231840395E-4
20,false,25,false,0.1,0.15876727789681574,-0.003462657604937469
20,false,25,false,0.1,0.17584350229936596,-0.0035182184283319984
20,false,25,false,0.1,0.18424586830103706,-0.017381761150573105
20,false,25,false,0.1,0.19666723298221764,-0.021183282903851186
20,false,25,false,0.1,0.13909951709945303,-0.06054636763456234
20,false,25,false,0.1,0.2053884830661228,-0.04811659100366583
20,false,25,false,0.1,0.18300896386648216,0.02862340989869061
20,false,25,false,0.1,0.17203807689278988,0.02672874853876106
20,false,25,false,0.1,0.1420541584812632,-0.012428312114888485
20,false,25,false,0.1,0.18996381021454842,-0.06865388551143159
20,false,25,false,0.1,0.17561316017651682,0.034093134688940374
20,false,25,false,0.1,0.17401348651348655,0.010186341656125641
20,false,25,false,0.1,0.1733422597102944,-6.222468166923179E-4
20,false,25,false,0.1,0.1574997513025067,-0.030981807534816497
20,false,25,false,0.1,0.1612058863703352,0.035214314111168044
20,false,25,false,0.1,0.15875497986748757,-0.024950012776979058
20,false,25,false,0.1,0.17298973835866058,0.03732170049252126
20,false,25,false,0.1,0.20729782223668866,-0.03191639401404611
20,false,25,false,0.1,0.19080170508461464,0.015761390859064583
20,false,25,false,0.2,0.16796246189677022,-0.025713417423395946
20,false,25,false,0.2,0.17131718184349756,-0.03422317743488268
20,false,25,false,0.2,0.18062299843880114,-0.008971710978712188
20,false,25,false,0.2,0.14459586289747348,-0.012609284356790873
20,false,25,false,0.2,0.1776262512945708,0.030528929804145122
20,false,25,false,0.2,0.1736600854247913,-0.027676798319378193
20,false,25,false,0.2,0.17798736242101515,-0.007224617847285231
20,false,25,false,0.2,0.18208265203962906,-0.023058373399800658
20,false,25,false,0.2,0.16249498569101103,0.04083534648913201
20,false,25,false,0.2,0.1799184505606524,-0.022946378961692382
20,false,25,false,0.2,0.1674877893073607,0.05254889612295699
20,false,25,false,0.2,0.18585544731832937,-0.025319408365888307
20,false,25,false,0.2,0.15124786123075107,-0.09785285990497616
20,false,25,false,0.2,0.18394342800738225,-0.05499363804133406
20,false,25,false,0.2,0.175270127765035,0.0051364399347511025
20,false,25,false,0.2,0.1734763227784926,0.03969728549430851
20,false,25,false,0.2,0.18024935108495552,-0.014318180124854862
20,false,25,false,0.2,0.17669780920087536,-0.03733999737208116
20,false,25,false,0.2,0.17027781281533802,0.053046998451503846
20,false,25,false,0.2,0.15317444324350737,-0.021825828044280016
20,false,25,false,0.2,0.1680794300876788,0.04642626117667703
20,false,25,false,0.2,0.17785913699732428,-0.021835365970570564
20,false,25,false,0.2,0.18290002157537058,-0.005869039387871311
20,false,25,false,0.2,0.1630450398151733,0.022014123025043908
20,false,25,false,0.2,0.1883489529098693,0.0377152828998204
20,false,25,false,0.2,0.16931320004996642,0.035893328669763136
20,false,25,false,0.2,0.16353775003347323,-0.003132077944375311
20,false,25,false,0.2,0.15573208107495273,0.032957459208112105
20,false,25,false,0.2,0.15901395530280168,-0.0603011158217539
20,false,25,false,0.2,0.16498543951449826,0.07701303416346761
20,false,25,false,0.3,0.1702669940156514,0.04560056595204465
20,false,25,false,0.3,0.18431779283654073,0.03984169430169793
20,false,25,false,0.3,0.165231507622812,0.03508300311211254
20,false,25,false,0.3,0.16491228070175434,-0.011566077158326138
20,false,25,false,0.3,0.1703206573905714,-0.06673558257414225
20,false,25,false,0.3,0.14805614567526554,0.0169697812868268
20,false,25,false,0.3,0.16997129156994675,0.007193044210857202
20,false,25,false,0.3,0.16981271380405094,0.008666655080360464
20,false,25,false,0.3,0.1539230779857281,-0.06882761720841923
20,false,25,false,0.3,0.17663981673954074,0.04072154040106657
20,false,25,false,0.3,0.1447147239263804,-0.04101306639821267
20,false,25,false,0.3,0.19213713116152142,-0.050886877433858224
20,false,25,false,0.3,0.1595620496719397,-0.03382140232806741
20,false,25,false,0.3,0.17705747950360642,-0.04014760180963961
20,false,25,false,0.3,0.15867702816126886,0.07550994548913792
20,false,25,false,0.3,0.1488810776869348,0.01782804581305175
20,false,25,false,0.3,0.16964025464834875,-0.042617186521659356
20,false,25,false,0.3,0.16531795309419411,-0.024242426225270286
20,false,25,false,0.3,0.16335200850110934,0.011615332564653968
20,false,25,false,0.3,0.15336604540792845,-0.115961663116388
20,false,25,false,0.3,0.15321519641726544,-0.0020935928417760152
20,false,25,false,0.3,0.18710317460317458,0.04446027612600911
20,false,25,false,0.3,0.16915533861684076,-0.035715536829323824
20,false,25,false,0.3,0.15586580992773535,0.012313126994881962
20,false,25,false,0.3,0.17036865667014084,0.024837813753041615
20,false,25,false,0.3,0.17179328268996205,-0.008922410507924639
20,false,25,false,0.3,0.18132507121670444,-0.05843983592094926
20,false,25,false,0.3,0.17315551125331333,-0.008927029900104522
20,false,25,false,0.3,0.17270873207618215,-0.08117262857329965
20,false,25,false,0.3,0.18092760456892,-0.027076891883735854
20,false,25,false,0.4,0.15601041271186697,0.038224325376792656
20,false,25,false,0.4,0.18294051627384955,0.058526486624531415
20,false,25,false,0.4,0.17785401620561486,-0.0460791063620869
20,false,25,false,0.4,0.1811921626095688,-0.00819347170354856
20,false,25,false,0.4,0.15051131894065195,0.10321284935353958
20,false,25,false,0.4,0.17817118994161205,0.033036506034054725
20,false,25,false,0.4,0.17830979387892748,0.029775474034643423
20,false,25,false,0.4,0.1871848761683477,-0.02503097629801676
20,false,25,false,0.4,0.16581563620485004,0.014337598526506845
20,false,25,false,0.4,0.171559003134852,0.03927925158306955
20,false,25,false,0.4,0.18906854357758837,0.06589500739698373
20,false,25,false,0.4,0.17822716548702391,0.012427489869178743
20,false,25,false,0.4,0.1802006152926716,-0.07957914460816973
20,false,25,false,0.4,0.17133886707424165,-0.03155874733852393
20,false,25,false,0.4,0.153352088070189,0.019955564788801894
20,false,25,false,0.4,0.16846863935255438,0.025248883698876234
20,false,25,false,0.4,0.17603012048192773,0.0081373836395775
20,false,25,false,0.4,0.18169555989520383,-0.035495595391887846
20,false,25,false,0.4,0.15178517761615679,0.025138734332974977
20,false,25,false,0.4,0.16391922597669134,0.0023572059632668285
20,false,25,false,0.4,0.17849666520617297,0.0038220105074060484
20,false,25,false,0.4,0.1917103667845507,0.07282314002804924
20,false,25,false,0.4,0.16371440494122155,0.043297586851316794
20,false,25,false,0.4,0.17661044503149767,0.042844071467020406
20,false,25,false,0.4,0.1803345159655347,-0.10546206153539561
20,false,25,false,0.4,0.19206328564602887,0.02071705563576476
20,false,25,false,0.4,0.17655263544266636,-0.040785170215730915
20,false,25,false,0.4,0.20273982251021275,0.03320169183803401
20,false,25,false,0.4,0.1649460335168398,0.04323617493946319
20,false,25,false,0.4,0.19271728821193315,-0.003491935914087918
20,false,25,false,0.5,0.18037006989515736,-0.004213131309611207
20,false,25,false,0.5,0.16564025098768298,0.0058996472949068846
20,false,25,false,0.5,0.1669064051977073,0.011265466322525342
20,false,25,false,0.5,0.1733274304520451,-0.06011428303723498
20,false,25,false,0.5,0.18368382907427463,0.007348073503896657
20,false,25,false,0.5,0.15949441914350818,0.06687936312976905
20,false,25,false,0.5,0.15747050147492625,-0.032304448231592175
20,false,25,false,0.5,0.16505365548936934,-0.043409454978752926
20,false,25,false,0.5,0.18283952938648326,-0.07447649925441802
20,false,25,false,0.5,0.17066918184236618,0.024119191556454034
20,false,25,false,0.5,0.15732742481840567,-0.017269111676835536
20,false,25,false,0.5,0.17297986609363866,-0.021728408135548882
20,false,25,false,0.5,0.15875746714456396,-0.020203385189870637
20,false,25,false,0.5,0.1898777223171273,-0.04323329835219969
20,false,25,false,0.5,0.18237634629896413,0.013012553023103557
20,false,25,false,0.5,0.19047619047619047,-0.037181467166855775
20,false,25,false,0.5,0.1619679429574942,0.04024739488104068
20,false,25,false,0.5,0.17696222439947085,-0.026108415566283405
20,false,25,false,0.5,0.17232513748193193,-0.07424410363067224
20,false,25,false,0.5,0.1712112434427836,0.04137831361943345
20,false,25,false,0.5,0.172434003419919,0.005446343989198965
20,false,25,false,0.5,0.17454242586873833,0.03679749742436478
20,false,25,false,0.5,0.16296733279256692,0.06812813061786294
20,false,25,false,0.5,0.17436549267761864,-0.025856931882081824
20,false,25,false,0.5,0.15402185374174493,-0.03946655952017153
20,false,25,false,0.5,0.20135948170756005,-0.11615691710128662
20,false,25,false,0.5,0.1757111980840003,-0.0799289156822347
20,false,25,false,0.5,0.1351249827205905,-0.01553197904048087
20,false,25,false,0.5,0.17419519558072918,0.04056344526568534
20,false,25,false,0.5,0.1650080032335677,0.005262910031384571
20,false,30,true,0.1,0.4532941993446322,0.7859218473148619
20,false,30,true,0.1,0.5056356633810347,1.1169587899355005
20,false,30,true,0.1,0.4166460077232151,0.8010592818197795
20,false,30,true,0.1,0.5781917310313491,1.2809844392569136
20,false,30,true,0.1,0.42258740312826826,0.8598302684437797
20,false,30,true,0.1,0.478313687292258,1.0845169441918703
20,false,30,true,0.1,0.3539045380883929,0.591651854540836
20,false,30,true,0.1,0.42634670099979344,0.9064275267058113
20,false,30,true,0.1,0.4350151484173158,0.7792235678058184
20,false,30,true,0.1,0.48073382360721645,0.8899300343987777
20,false,30,true,0.1,0.46174905860738813,1.0193020056735698
20,false,30,true,0.1,0.5416042842335599,0.9807051201772445
20,false,30,true,0.1,0.432925325771748,0.905836998330968
20,false,30,true,0.1,0.48386902954032285,0.8555315085774984
20,false,30,true,0.1,0.4798998653850697,0.9898557046916396
20,false,30,true,0.1,0.44813206646217585,0.9036095057300626
20,false,30,true,0.1,0.3755837693549778,0.6535245320647229
20,false,30,true,0.1,0.3935215295198571,0.7790063895597763
20,false,30,true,0.1,0.4153706357250202,0.7368953293158924
20,false,30,true,0.1,0.42652277044582765,0.8247224987709787
20,false,30,true,0.1,0.43807903372068024,0.830738978887223
20,false,30,true,0.1,0.40333598376042945,0.7910064495886706
20,false,30,true,0.1,0.4349742112911645,0.8166505314626917
20,false,30,true,0.1,0.5193225440410756,1.0306733037931393
20,false,30,true,0.1,0.4582482138273295,0.9391689420153835
20,false,30,true,0.1,0.5106128410306119,0.9087643214069603
20,false,30,true,0.1,0.43944894863586376,0.8922738190929236
20,false,30,true,0.1,0.45553989459492544,1.0365271109240606
20,false,30,true,0.1,0.4772499058616794,0.9658093678099551
20,false,30,true,0.1,0.37103249789816956,0.7499896514871383
20,false,30,true,0.2,0.5567451041154398,0.9179891427686622
20,false,30,true,0.2,0.5874748712296812,1.1043592865349803
20,false,30,true,0.2,0.6557542026072481,1.4913970520486197
20,false,30,true,0.2,0.683648759751607,1.3036457345229682
20,false,30,true,0.2,0.6504384909494396,1.22461490115733
20,false,30,true,0.2,0.67011273843539,1.5045905355439162
20,false,30,true,0.2,0.6081283465926985,1.3816301297648153
20,false,30,true,0.2,0.6317088319931332,1.4258399773717771
20,false,30,true,0.2,0.6665550743818052,1.3802544088635367
20,false,30,true,0.2,0.6947716210236492,1.5278654487072734
20,false,30,true,0.2,0.5874290763649893,1.2877259198366975
20,false,30,true,0.2,0.7314996584136892,1.5821569752938256
20,false,30,true,0.2,0.574470634041151,1.024029324262619
20,false,30,true,0.2,0.6447764411376118,1.3164187984447446
20,false,30,true,0.2,0.6576135024317338,1.248373578655178
20,false,30,true,0.2,0.691029102043603,1.5702488401221277
20,false,30,true,0.2,0.63965768643244,1.2551218634124215
20,false,30,true,0.2,0.7184105202973126,1.5236376617334777
20,false,30,true,0.2,0.5793957808849033,1.0726466705789397
20,false,30,true,0.2,0.6846224633185534,1.5147402859359858
20,false,30,true,0.2,0.6621697462445666,1.505005199963465
20,false,30,true,0.2,0.7189459689284219,1.5983286085239978
20,false,30,true,0.2,0.6574534161490678,1.3619430992284176
20,false,30,true,0.2,0.6468119402985076,1.2087276814369012
20,false,30,true,0.2,0.6408158927702358,1.2918558063145626
20,false,30,true,0.2,0.6847147458892975,1.3178363294933462
20,false,30,true,0.2,0.5831371995230024,1.2994884017813373
20,false,30,true,0.2,0.6707298248368067,1.3654812254322195
20,false,30,true,0.2,0.6243895018550528,1.2467783488069237
20,false,30,true,0.2,0.6182608695652172,1.3026962256236176
20,false,30,true,0.3,0.7578231112755335,1.4822324254729669
20,false,30,true,0.3,0.6717142864878478,1.2379117117054887
20,false,30,true,0.3,0.6987155593887145,1.4324467476492337
20,false,30,true,0.3,0.6608950405774506,1.3415990014557897
20,false,30,true,0.3,0.7524976486258188,1.4246112762526293
20,false,30,true,0.3,0.6628576197585904,1.620705301952925
20,false,30,true,0.3,0.8040884564090311,1.5075270730417394
20,false,30,true,0.3,0.7196665667905612,1.3018063998876528
20,false,30,true,0.3,0.7246300211416488,1.6089826630486606
20,false,30,true,0.3,0.7531266934723124,1.4896706161355189
20,false,30,true,0.3,0.6956996715916679,1.190015662803117
20,false,30,true,0.3,0.7294912949129492,1.6107459280612186
20,false,30,true,0.3,0.7687475856083741,1.3618971740209709
20,false,30,true,0.3,0.7437132156233278,1.5881757085438615
20,false,30,true,0.3,0.6955756994447673,1.1977429858211925
20,false,30,true,0.3,0.6920790747713824,1.3283553071640135
20,false,30,true,0.3,0.7535161720859088,1.5230409992482334
20,false,30,true,0.3,0.7171483232318422,1.4822070055596503
20,false,30,true,0.3,0.7238895558223283,1.4194537682897481
20,false,30,true,0.3,0.7223894934989354,1.5087566151563907
20,false,30,true,0.3,0.6633339316699575,1.3321806942769507
20,false,30,true,0.3,0.7550953090975405,1.6009938296436248
20,false,30,true,0.3,0.7429999767543296,1.4469410428227354
20,false,30,true,0.3,0.7518759053024006,1.4392642820536032
20,false,30,true,0.3,0.6926695080276675,1.1995887395678686
20,false,30,true,0.3,0.7479262336905023,1.2962998632062774
20,false,30,true,0.3,0.6847800000133705,1.1876824901051863
20,false,30,true,0.3,0.7496547824857835,1.5930884364796425
20,false,30,true,0.3,0.7574028671526319,1.6196497058122423
20,false,30,true,0.3,0.6538570348169518,1.0893969186890784
20,false,30,true,0.4,0.7647678637380781,1.5713713788906079
20,false,30,true,0.4,0.7725232621784347,1.5297655822389586
20,false,30,true,0.4,0.7815219842006718,1.9201828919345774
20,false,30,true,0.4,0.746688589016101,1.7382217652779088
20,false,30,true,0.4,0.831730326407552,1.8231621586565057
20,false,30,true,0.4,0.8116676121781882,1.6851842100209753
20,false,30,true,0.4,0.7767457694396283,1.4928503710018015
20,false,30,true,0.4,0.7630172453957925,1.5853255180042636
20,false,30,true,0.4,0.7423795329900675,1.4487033669012952
20,false,30,true,0.4,0.725309582431383,1.063417756658942
20,false,30,true,0.4,0.7863812513655545,1.2814160150055773
20,false,30,true,0.4,0.7752682718222593,1.667193033883529
20,false,30,true,0.4,0.743182885295771,1.4457848684600032
20,false,30,true,0.4,0.7662900735879488,1.603446758372141
20,false,30,true,0.4,0.762553471000803,1.4667961677647554
20,false,30,true,0.4,0.7892283503694876,1.5417390051874822
20,false,30,true,0.4,0.7912652716940137,1.3038127200830107
20,false,30,true,0.4,0.809230285650194,1.854914408428348
20,false,30,true,0.4,0.8097709274167159,1.66258534845353
20,false,30,true,0.4,0.8228291952684675,1.6651389938545105
20,false,30,true,0.4,0.7777603105819311,1.5223867958513004
20,false,30,true,0.4,0.7452985859907858,1.5661115181283112
20,false,30,true,0.4,0.7817336276472878,1.584126151614325
20,false,30,true,0.4,0.8219268738769576,1.6622739502552584
20,false,30,true,0.4,0.759397300654158,1.328673000567961
20,false,30,true,0.4,0.8019073875402312,1.9004321452484296
20,false,30,true,0.4,0.756077853609608,1.4522080649348421
20,false,30,true,0.4,0.7328377893501682,1.3734664022500898
20,false,30,true,0.4,0.7514688109511669,1.4700665717203396
20,false,30,true,0.4,0.8336507139366959,1.825729811520321
20,false,30,true,0.5,0.8167896333720946,1.7245678960934478
20,false,30,true,0.5,0.7344054828347399,1.4405219546027288
20,false,30,true,0.5,0.7753843119116288,1.4270911507514237
20,false,30,true,0.5,0.8549937411532934,1.8699202444312268
20,false,30,true,0.5,0.8189343492383333,1.533697411617113
20,false,30,true,0.5,0.8309161739432387,1.5415419658804073
20,false,30,true,0.5,0.7657971862248015,1.8266488308600843
20,false,30,true,0.5,0.7732159165035878,1.453642007421112
20,false,30,true,0.5,0.7616847826086957,1.4112008092893538
20,false,30,true,0.5,0.8058508388552094,1.7658699814871204
20,false,30,true,0.5,0.7339686082672641,1.6646582948195956
20,false,30,true,0.5,0.7933191104807551,1.4567933750422641
20,false,30,true,0.5,0.7884249689954528,1.540173175153261
20,false,30,true,0.5,0.8075341273015697,1.817881427199044
20,false,30,true,0.5,0.8105858340688439,2.0439400955112363
20,false,30,true,0.5,0.8140925773451076,1.9874789973993758
20,false,30,true,0.5,0.8365066372708128,1.7377643201629018
20,false,30,true,0.5,0.7321870199666934,1.5481499299170611
20,false,30,true,0.5,0.8455925791573821,1.6759749171250418
20,false,30,true,0.5,0.7988209182965736,2.139557010279889
20,false,30,true,0.5,0.814497942952288,1.7714806136410708
20,false,30,true,0.5,0.7812668978020934,1.6901597050886128
20,false,30,true,0.5,0.8273548292285392,2.0009686688761077
20,false,30,true,0.5,0.818536790407504,1.404020959629655
20,false,30,true,0.5,0.8513073945994267,1.9135922657749393
20,false,30,true,0.5,0.8120556311927984,1.4966677366153318
20,false,30,true,0.5,0.8532492997198874,1.9413436834506381
20,false,30,true,0.5,0.8173425306577478,1.6349179297886813
20,false,30,true,0.5,0.8276818067754076,1.716209479441087
20,false,30,true,0.5,0.781642599824418,1.6267378199264222
20,false,30,false,0.1,0.14469630209218357,0.027135874597544962
20,false,30,false,0.1,0.17614696925041753,0.04921171044904504
20,false,30,false,0.1,0.17982534354694465,-0.004636943844556818
20,false,30,false,0.1,0.18446640710791665,-0.04383929878900883
20,false,30,false,0.1,0.16882872659479617,-0.03291098517651747
20,false,30,false,0.1,0.151426494965527,-0.047142133582442014
20,false,30,false,0.1,0.16947566553048277,-0.006577322847806322
20,false,30,false,0.1,0.18207677573102646,0.013507869368866388
20,false,30,false,0.1,0.15078762433255882,-0.017654467467457025
20,false,30,false,0.1,0.1692154050831936,0.006055773887698734
20,false,30,false,0.1,0.1933744928990571,0.017280668799590337
20,false,30,false,0.1,0.18812857709451275,0.03417730722038126
20,false,30,false,0.1,0.17497775620804015,0.055542066565384296
20,false,30,false,0.1,0.16358846835826737,0.020334031342104986
20,false,30,false,0.1,0.1691471571906354,0.06800451761095339
20,false,30,false,0.1,0.17261422445467894,0.07622472846871187
20,false,30,false,0.1,0.15715596084575315,-0.004985842381512562
20,false,30,false,0.1,0.17345237585463671,-0.039876452385962935
20,false,30,false,0.1,0.15835496430889034,-0.05531816388861621
20,false,30,false,0.1,0.1596890954609427,-0.02808126417321244
20,false,30,false,0.1,0.18536133046183298,-0.0019685767145549704
20,false,30,false,0.1,0.17537362226788716,-0.0011732015770791193
20,false,30,false,0.1,0.14472880920249342,0.05014435664976791
20,false,30,false,0.1,0.1733148422885893,0.054541935087912385
20,false,30,false,0.1,0.1718344393806135,2.7689786298701335E-4
20,false,30,false,0.1,0.14467890586661475,5.619158930079138E-4
20,false,30,false,0.1,0.14840824718107687,-0.03506136237178836
20,false,30,false,0.1,0.1646722540295242,-0.009971921574383202
20,false,30,false,0.1,0.1572080681400275,-0.027832279150072026
20,false,30,false,0.1,0.16408243218719637,-0.002443440472403857
20,false,30,false,0.2,0.16430066689566228,0.014842515209744
20,false,30,false,0.2,0.16529557959341507,0.02624152491934595
20,false,30,false,0.2,0.1516246637265272,0.040397903550449143
20,false,30,false,0.2,0.16030511393927802,-0.012829202821765584
20,false,30,false,0.2,0.16845982910505014,-0.009990279882151398
20,false,30,false,0.2,0.1607669262253845,-0.11132592055508095
20,false,30,false,0.2,0.15082326694702128,-0.04166259689927099
20,false,30,false,0.2,0.1796740915473776,0.012163455868885897
20,false,30,false,0.2,0.14519471604783013,-0.06150195566547989
20,false,30,false,0.2,0.15515847722511708,0.07020410197788873
20,false,30,false,0.2,0.1520456333595594,-0.025263260454841507
20,false,30,false,0.2,0.16003316199635223,0.0025312642817034714
20,false,30,false,0.2,0.16060274550379272,0.028392009013922248
20,false,30,false,0.2,0.16598519877208404,0.02071977422807425
20,false,30,false,0.2,0.1683935959704983,-0.04530000073866791
20,false,30,false,0.2,0.1544083104509215,0.02984994160358667
20,false,30,false,0.2,0.15547584380858198,0.019191383984349386
20,false,30,false,0.2,0.19387697968325068,0.03656560581131174
20,false,30,false,0.2,0.16927223719676548,0.113678549227747
20,false,30,false,0.2,0.13881434039732266,-0.026274014799215095
20,false,30,false,0.2,0.17391304347826092,-0.0639525638478542
20,false,30,false,0.2,0.13752830203461264,0.04624387682775932
20,false,30,false,0.2,0.16893971668974342,-0.027577104882221093
20,false,30,false,0.2,0.14998406966864913,-0.01307059450983683
20,false,30,false,0.2,0.16169847823051914,-0.044818476172150845
20,false,30,false,0.2,0.15259979997943712,0.012425883247826341
20,false,30,false,0.2,0.1377411078694403,0.014857776710665682
20,false,30,false,0.2,0.1510332422153248,0.0393134868517766
20,false,30,false,0.2,0.16276099133706776,-0.03543575676758426
20,false,30,false,0.2,0.19448477428232458,0.03774497566934798
20,false,30,false,0.3,0.15679858323019488,-0.0019398052454056014
20,false,30,false,0.3,0.16216938688384613,-9.587654794991352E-4
20,false,30,false,0.3,0.15001789549033645,-4.2366111996017253E-4
20,false,30,false,0.3,0.14271052636843723,-0.06225630308570285
20,false,30,false,0.3,0.1578243105980018,-0.04597364868350606
20,false,30,false,0.3,0.15834467715218212,-0.024264611396477953
20,false,30,false,0.3,0.1506742452550822,0.002583369050755735
20,false,30,false,0.3,0.17012916850842294,0.023645266606000526
20,false,30,false,0.3,0.1781196722213056,0.014707944147373198
20,false,30,false,0.3,0.14810598332449232,0.04520191961861997
20,false,30,false,0.3,0.14663868827522036,0.010028670368572357
20,false,30,false,0.3,0.1544252523199891,-0.029798837693324032
20,false,30,false,0.3,0.18773736765648924,-0.10400307730484659
20,false,30,false,0.3,0.16136238784105478,-0.004253109579672731
20,false,30,false,0.3,0.16511025110972227,-0.040636133439607924
20,false,30,false,0.3,0.17848087539960053,0.029949700346600494
20,false,30,false,0.3,0.1504301424231623,0.017929314187329126
20,false,30,false,0.3,0.16866137755983476,-0.042161008014497625
20,false,30,false,0.3,0.15871905274488698,-0.005762095237707321
20,false,30,false,0.3,0.17825923640363817,0.07151124032663514
20,false,30,false,0.3,0.17225785221997797,0.05480770109497701
20,false,30,false,0.3,0.14985673975674432,-0.006457738470443175
20,false,30,false,0.3,0.15520553876127802,-0.011017517847299096
20,false,30,false,0.3,0.1416982116522119,0.05362795699903966
20,false,30,false,0.3,0.17804262063454684,0.018381692506665104
20,false,30,false,0.3,0.15241118179528268,0.0015501896640213175
20,false,30,false,0.3,0.15771804035030307,0.004510806115852972
20,false,30,false,0.3,0.14679154653785614,0.018908294569702555
20,false,30,false,0.3,0.14817925983063734,0.03822304139696442
20,false,30,false,0.3,0.15421805468097494,-0.014094543450971386
20,false,30,false,0.4,0.14631826177033178,-0.0020306191106671534
20,false,30,false,0.4,0.16247397385491644,0.02108787816466684
20,false,30,false,0.4,0.1660433435666482,-0.03224597063270629
20,false,30,false,0.4,0.18974649448940364,-0.06845301518685876
20,false,30,false,0.4,0.15513887261221143,0.08240931012224362
20,false,30,false,0.4,0.16969745545754136,0.03238705474341952
20,false,30,false,0.4,0.14560873213459868,-0.0018866210629502334
20,false,30,false,0.4,0.16192638900709497,-0.03776569475743319
20,false,30,false,0.4,0.15979636103876468,0.026491395309610866
20,false,30,false,0.4,0.14384169184532,-0.03333809137249499
20,false,30,false,0.4,0.14927678355755802,0.055563475397007345
20,false,30,false,0.4,0.14652633602460588,-0.03800628954989271
20,false,30,false,0.4,0.14546995700653642,-0.01489268471145433
20,false,30,false,0.4,0.15795918765929606,0.05581959509929835
20,false,30,false,0.4,0.16119626841047496,0.02883273828410804
20,false,30,false,0.4,0.15988436661661293,0.013654490621465065
20,false,30,false,0.4,0.17849491143913981,0.03992374525227138
20,false,30,false,0.4,0.16345683728036664,0.01016607246692569
20,false,30,false,0.4,0.13996623222029225,-0.03524581276793626
20,false,30,false,0.4,0.1658496301728201,-0.05511439122078077
20,false,30,false,0.4,0.13330579248782934,0.003837886984556782
20,false,30,false,0.4,0.14199734555481328,-0.05191817173885571
20,false,30,false,0.4,0.1619651736096603,-0.009585595194148588
20,false,30,false,0.4,0.1548062396331865,0.018500921620483446
20,false,30,false,0.4,0.16100220542947993,0.009059157075214763
20,false,30,false,0.4,0.1591327797685275,-0.036046579478887786
20,false,30,false,0.4,0.16036806394646333,0.064671104676016
20,false,30,false,0.4,0.14348427549616924,0.016113421680925555
20,false,30,false,0.4,0.17498486662451743,-0.08454717864655059
20,false,30,false,0.4,0.14874059240717555,-0.010825441879967812
20,false,30,false,0.5,0.15673487930286834,-0.02864368166786857
20,false,30,false,0.5,0.18072566787732713,-0.007800448557188311
20,false,30,false,0.5,0.15060479820675213,7.060285808515587E-4
20,false,30,false,0.5,0.14994014994015,-0.010556733434708754
20,false,30,false,0.5,0.14505083495759363,-0.04223281035494786
20,false,30,false,0.5,0.13990298630238765,-0.03881500236875279
20,false,30,false,0.5,0.1479021719899383,-0.0667359488753343
20,false,30,false,0.5,0.16095522308344515,0.02095871630433699
20,false,30,false,0.5,0.14772536643670453,-0.018585880665208165
20,false,30,false,0.5,0.15366510300616287,0.012287908781089207
20,false,30,false,0.5,0.15931891096121886,0.03564663761173659
20,false,30,false,0.5,0.14847353806055388,0.06933085703698616
20,false,30,false,0.5,0.1623250044302677,0.05973018201702818
20,false,30,false,0.5,0.17176702476210368,0.05037082858089903
20,false,30,false,0.5,0.17219967965830213,0.02898129508071179
20,false,30,false,0.5,0.16044626633824335,-0.023416503935592026
20,false,30,false,0.5,0.16222730078673966,0.03125845311674791
20,false,30,false,0.5,0.16858360840645586,0.01088568308325133
20,false,30,false,0.5,0.12980449227783983,-0.0210767609991791
20,false,30,false,0.5,0.1541990812041754,-0.021276534521994073
20,false,30,false,0.5,0.15433605369537032,-0.021680638274482966
20,false,30,false,0.5,0.16383403225508492,0.013931375390647815
20,false,30,false,0.5,0.158792982963445,0.03582206180704972
20,false,30,false,0.5,0.15682505870425142,0.0502462022950656
20,false,30,false,0.5,0.16306486752407054,-0.05789081831332599
20,false,30,false,0.5,0.16543624207457738,0.01067725523527674
20,false,30,false,0.5,0.17296158648046397,0.019019569075667597
20,false,30,false,0.5,0.162218183807469,-0.02690953472082569
20,false,30,false,0.5,0.17399267399267396,-0.031213518514309868
20,false,30,false,0.5,0.16059770010601424,0.018659085379170826
30,true,20,true,0.1,0.47705076508485117,0.8597846594545961
30,true,20,true,0.1,0.35631683075038884,0.5018967625199862
30,true,20,true,0.1,0.40600130463144163,0.7529170888791885
30,true,20,true,0.1,0.39106492750005184,0.7319574212741156
30,true,20,true,0.1,0.4097245586062636,0.6888290504795664
30,true,20,true,0.1,0.4000818983260154,0.8280920617116836
30,true,20,true,0.1,0.31491555395705023,0.4481107310792547
30,true,20,true,0.1,0.337293202002659,0.5878633876310726
30,true,20,true,0.1,0.29355303151495754,0.4874942300723397
30,true,20,true,0.1,0.3505681106595784,0.4721795394086543
30,true,20,true,0.1,0.41903933112930225,0.5810750570671628
30,true,20,true,0.1,0.34051333838925496,0.6966630568147387
30,true,20,true,0.1,0.3999570741758241,0.5516687659147568
30,true,20,true,0.1,0.40226057244726177,0.9099488008509784
30,true,20,true,0.1,0.3580796876386546,0.5286789769762672
30,true,20,true,0.1,0.33013442570792234,0.3506058259484073
30,true,20,true,0.1,0.35714160834066666,0.5229989203372991
30,true,20,true,0.1,0.34075485277619016,0.5715021454450531
30,true,20,true,0.1,0.39221258729455427,0.5800093073524915
30,true,20,true,0.1,0.36758482301696577,0.552324628949556
30,true,20,true,0.1,0.4403675728622638,0.6265499107541332
30,true,20,true,0.1,0.33028479819836165,0.5890149617603129
30,true,20,true,0.1,0.43461557356914754,0.7014551428073892
30,true,20,true,0.1,0.3938011327879169,0.679787623118778
30,true,20,true,0.1,0.3539261009716312,0.6117877650235295
30,true,20,true,0.1,0.3523087685610304,0.6515668900770004
30,true,20,true,0.1,0.32094630515683137,0.4084500318484183
30,true,20,true,0.1,0.39269047409401375,0.5954655513113494
30,true,20,true,0.1,0.4580786496836022,0.8068015666726343
30,true,20,true,0.1,0.3331614751861525,0.6028513237653295
30,true,20,true,0.2,0.5140106951871657,0.9253108813020194
30,true,20,true,0.2,0.5210899002443812,1.004815035354694
30,true,20,true,0.2,0.455216511533792,0.6764781593853275
30,true,20,true,0.2,0.5229837791330314,0.8787486626035212
30,true,20,true,0.2,0.5406905252910813,0.9476863156243267
30,true,20,true,0.2,0.4458795234014319,0.7297216434525255
30,true,20,true,0.2,0.44707611857883395,0.7088013143501746
30,true,20,true,0.2,0.4741411094352271,0.813503996067416
30,true,20,true,0.2,0.5135187791577858,0.9190868161854571
30,true,20,true,0.2,0.6075031592621088,1.0017352322515753
30,true,20,true,0.2,0.47471699469686457,0.7978932034332917
30,true,20,true,0.2,0.5404078835670382,0.9106927585541786
30,true,20,true,0.2,0.49891015171592046,0.9808433229221878
30,true,20,true,0.2,0.523546414191781,0.9396738750903886
30,true,20,true,0.2,0.5300372142477408,0.9145752778087708
30,true,20,true,0.2,0.5409703339663151,0.8430154018591756
30,true,20,true,0.2,0.5052703699799725,0.8597579692039261
30,true,20,true,0.2,0.5300421684379895,0.8531916783116049
30,true,20,true,0.2,0.49131738301407496,0.9433464819723669
30,true,20,true,0.2,0.4060457685028143,0.7120720508079854
30,true,20,true,0.2,0.5456975772765246,0.7975385142273019
30,true,20,true,0.2,0.5505195938442012,0.9624306590698515
30,true,20,true,0.2,0.4840441677126145,0.7559635079569373
30,true,20,true,0.2,0.5351603538183554,0.9053635071967872
30,true,20,true,0.2,0.4931027268000341,0.8203463842952221
30,true,20,true,0.2,0.5549254627137045,0.8703581585388624
30,true,20,true,0.2,0.44569245630982685,0.8327658333937817
30,true,20,true,0.2,0.5427108097005127,0.8473939739526983
30,true,20,true,0.2,0.44794923729349945,0.7455826922796067
30,true,20,true,0.2,0.5673452654799591,0.9604773767653265
30,true,20,true,0.3,0.5497403599817811,1.0505377633964832
30,true,20,true,0.3,0.5100231949957945,0.8615490759906281
30,true,20,true,0.3,0.5515815053983874,1.0392700032631677
30,true,20,true,0.3,0.5486609532592392,0.9721869536718808
30,true,20,true,0.3,0.6327388852023889,1.2280196547425684
30,true,20,true,0.3,0.5954026812799686,1.1785993266421784
30,true,20,true,0.3,0.48597111509362045,0.8764023528945852
30,true,20,true,0.3,0.5449706055417431,1.1967775973534618
30,true,20,true,0.3,0.6053780057057467,1.2127371959852367
30,true,20,true,0.3,0.5798588865009529,1.0009687317386788
30,true,20,true,0.3,0.6269493761038346,1.1333554974347546
30,true,20,true,0.3,0.49212219900993653,0.780485167996237
30,true,20,true,0.3,0.5511464138757227,0.8043826464350472
30,true,20,true,0.3,0.5616498504192003,0.8586375871637859
30,true,20,true,0.3,0.6275998758268257,1.2096396641454934
30,true,20,true,0.3,0.5946414116885219,1.0245874757201916
30,true,20,true,0.3,0.46900947502343654,0.937159191036427
30,true,20,true,0.3,0.5882560020990947,1.0073249133904874
30,true,20,true,0.3,0.5977680360271997,1.1495378412487094
30,true,20,true,0.3,0.563065582779445,1.0077507906845034
30,true,20,true,0.3,0.5971422266357718,0.9136644140059795
30,true,20,true,0.3,0.5681897706809589,1.205987679224073
30,true,20,true,0.3,0.5424679883324269,1.1301555055809498
30,true,20,true,0.3,0.5893544212679437,1.0082431781408392
30,true,20,true,0.3,0.5116861976684789,1.0782695728681952
30,true,20,true,0.3,0.5768016951265114,1.0101631176631676
30,true,20,true,0.3,0.4782446601941749,0.9778625654139299
30,true,20,true,0.3,0.6659375024835289,1.2181407917450615
30,true,20,true,0.3,0.6357127162005212,1.2288537394178674
30,true,20,true,0.3,0.5768532821739418,1.1136997265732012
30,true,20,true,0.4,0.6538109585983707,1.29091241984825
30,true,20,true,0.4,0.5406672018902529,0.785204351781247
30,true,20,true,0.4,0.5350184022515697,0.8882430468908922
30,true,20,true,0.4,0.5779467446134112,1.035915083496299
30,true,20,true,0.4,0.5488572865262338,0.945461155459844
30,true,20,true,0.4,0.47027626134151423,0.7014098963320405
30,true,20,true,0.4,0.5648227857441522,1.1209782381363045
30,true,20,true,0.4,0.5403535316066702,0.9986834193980192
30,true,20,true,0.4,0.6078027926830322,0.954389973063094
30,true,20,true,0.4,0.558441309146751,0.9058814723922595
30,true,20,true,0.4,0.5873796895184935,0.9212907647689343
30,true,20,true,0.4,0.529182530795073,0.822682303835677
30,true,20,true,0.4,0.6097765042003926,1.2272663682664389
30,true,20,true,0.4,0.4793648021011061,0.8874522306813484
30,true,20,true,0.4,0.6242055665132588,1.1747893331984836
30,true,20,true,0.4,0.5591419209502353,0.9047313282071219
30,true,20,true,0.4,0.5717928016404277,1.0315824623505874
30,true,20,true,0.4,0.5676940267237764,1.0521488075959216
30,true,20,true,0.4,0.5329667306059558,1.1617316652649228
30,true,20,true,0.4,0.54951081556218,1.2062186885724548
30,true,20,true,0.4,0.6573473725574251,1.1655362215562555
30,true,20,true,0.4,0.5105,0.9832396107520749
30,true,20,true,0.4,0.6267775145726774,1.329735179650891
30,true,20,true,0.4,0.5351246640878253,1.041034062354231
30,true,20,true,0.4,0.5702509534682376,1.1058272882748286
30,true,20,true,0.4,0.5869526397020371,1.1399915922339963
30,true,20,true,0.4,0.5737861900266521,1.0414876646930509
30,true,20,true,0.4,0.5588186869726279,0.9569386783771163
30,true,20,true,0.4,0.6374279723140915,1.211994655663882
30,true,20,true,0.4,0.48928473661569777,0.7762759614058892
30,true,20,true,0.5,0.515364040997999,1.0562831409576257
30,true,20,true,0.5,0.5833861260690527,1.063851908463345
30,true,20,true,0.5,0.602515035538546,1.1483083200842765
30,true,20,true,0.5,0.6634861712244242,1.406904222490824
30,true,20,true,0.5,0.579216758827149,1.103558176874218
30,true,20,true,0.5,0.5475443133352578,1.1039566330833175
30,true,20,true,0.5,0.6221453005559614,1.1631985484507998
30,true,20,true,0.5,0.44966096698113206,0.8322568979953386
30,true,20,true,0.5,0.582157510418107,0.8000565114884921
30,true,20,true,0.5,0.6320312500000002,1.1429277729276883
30,true,20,true,0.5,0.5823397144010589,1.092346877562509
30,true,20,true,0.5,0.5740640991112304,1.0991973498719805
30,true,20,true,0.5,0.5978862410058411,0.9987693574226633
30,true,20,true,0.5,0.5099104494790342,0.9308072353317396
30,true,20,true,0.5,0.6129335055280813,1.0549894724178257
30,true,20,true,0.5,0.5534617017278936,0.7335279809005213
30,true,20,true,0.5,0.5436661506707948,1.0703035470405888
30,true,20,true,0.5,0.6263873533959421,0.9881968865565831
30,true,20,true,0.5,0.5361611459413547,1.0410056831796606
30,true,20,true,0.5,0.5653837466010895,1.0481026026860265
30,true,20,true,0.5,0.5941931752458065,1.0571906810042746
30,true,20,true,0.5,0.576083064804869,1.0451154105946268
30,true,20,true,0.5,0.575230489546812,0.9424335713379639
30,true,20,true,0.5,0.7001857712948947,1.515302481576092
30,true,20,true,0.5,0.5908393828262107,1.1009700067967367
30,true,20,true,0.5,0.6513429381936513,1.197629294431711
30,true,20,true,0.5,0.5764363106619319,1.0867907679559474
30,true,20,true,0.5,0.5974022835253054,1.1513785845922992
30,true,20,true,0.5,0.5598221272988131,1.0443104108897634
30,true,20,true,0.5,0.5582816626604499,1.0094431459858404
30,true,20,false,0.1,0.1983837281595239,-0.03600421806406473
30,true,20,false,0.1,0.18510405829437157,0.00668828679718203
30,true,20,false,0.1,0.16782111177856673,-0.05589062119164012
30,true,20,false,0.1,0.16978605000568353,0.030208005422105444
30,true,20,false,0.1,0.19563874494031502,0.11907674812653113
30,true,20,false,0.1,0.19529850126377982,0.03349910454035765
30,true,20,false,0.1,0.17723366931287723,0.04157112269741425
30,true,20,false,0.1,0.19895369686741904,-0.009229882479341533
30,true,20,false,0.1,0.2120130980890475,-0.07777100674354198
30,true,20,false,0.1,0.19949470172684458,0.09484802598946729
30,true,20,false,0.1,0.19960471331170113,-0.01621706562277847
30,true,20,false,0.1,0.1682071158815345,0.010464404736341137
30,true,20,false,0.1,0.18923444976076545,0.04487098097139608
30,true,20,false,0.1,0.19010279388508167,-0.02814812326452376
30,true,20,false,0.1,0.2302723323439203,0.034218384265092716
30,true,20,false,0.1,0.19359327676062105,0.004455596380658733
30,true,20,false,0.1,0.19627246761489864,0.043038531170281225
30,true,20,false,0.1,0.21864916598304623,-0.024599285642647573
30,true,20,false,0.1,0.20017128932183595,0.07186910840938587
30,true,20,false,0.1,0.21701933124346928,-0.010696375795911983
30,true,20,false,0.1,0.2008492680168387,-0.02398179829900826
30,true,20,false,0.1,0.191045820216859,0.05064780322286477
30,true,20,false,0.1,0.17691859003369034,-0.04848450867601972
30,true,20,false,0.1,0.21847292547343644,0.0888433388607508
30,true,20,false,0.1,0.19000218660792917,0.042923890938395104
30,true,20,false,0.1,0.21663758894362337,0.057794785553335615
30,true,20,false,0.1,0.18711841822099975,-0.044042297246166484
30,true,20,false,0.1,0.21570135031386892,0.03733183321001565
30,true,20,false,0.1,0.2275418275418275,0.02610042856051198
30,true,20,false,0.1,0.171938138128875,0.0010909029926571279
30,true,20,false,0.2,0.19769775055444075,-0.048436754456288256
30,true,20,false,0.2,0.18366580639155097,-0.002962905228793389
30,true,20,false,0.2,0.17951458752515087,0.07797925135418105
30,true,20,false,0.2,0.1838488512063642,-0.008320224146153521
30,true,20,false,0.2,0.1810424001224552,-0.0050452591770380195
30,true,20,false,0.2,0.21011620165829456,-0.004556429067797296
30,true,20,false,0.2,0.18732728218766256,0.04068055824486283
30,true,20,false,0.2,0.1800119420809075,0.07376660212031272
30,true,20,false,0.2,0.19637616849476144,0.008076815861488562
30,true,20,false,0.2,0.17986559032090066,0.0173511845755403
30,true,20,false,0.2,0.19094963238220597,0.011156151366396472
30,true,20,false,0.2,0.22478453113406258,-0.05013062334973206
30,true,20,false,0.2,0.18562719190930582,-0.03488004966991198
30,true,20,false,0.2,0.18828610680081836,0.022755867967080512
30,true,20,false,0.2,0.1995556895076612,-0.017456757721191707
30,true,20,false,0.2,0.21664598802948332,0.08534808287456563
30,true,20,false,0.2,0.22928883588298166,0.20696194256508615
30,true,20,false,0.2,0.1954208333333333,-0.010975120988542031
30,true,20,false,0.2,0.17611322185479658,0.00299919549705141
30,true,20,false,0.2,0.18184008852273364,-0.03411839044265541
30,true,20,false,0.2,0.19039056295902027,-0.06721512029398902
30,true,20,false,0.2,0.17794652232090397,-0.04883125455791504
30,true,20,false,0.2,0.21762822093960185,-0.03547038261407742
30,true,20,false,0.2,0.18781821473836682,0.012449859170039268
30,true,20,false,0.2,0.19112271221253652,0.006696821232421435
30,true,20,false,0.2,0.16848239668476475,-0.04776826658547595
30,true,20,false,0.2,0.21597674170489717,-0.049265720051140605
30,true,20,false,0.2,0.17918062236503302,0.09870241709789873
30,true,20,false,0.2,0.20521770347197288,0.03377737089900368
30,true,20,false,0.2,0.18760133524082018,0.021519255388376735
30,true,20,false,0.3,0.19481044018691226,0.007651187487347499
30,true,20,false,0.3,0.19832012951750672,0.011564318640891358
30,true,20,false,0.3,0.19778645833333333,0.034624460004407
30,true,20,false,0.3,0.21522201598132942,0.028546475858368225
30,true,20,false,0.3,0.19193454001340757,-0.052751309602552254
30,true,20,false,0.3,0.1765889689526018,0.0038375668793477757
30,true,20,false,0.3,0.19554635732177442,0.012101736336830093
30,true,20,false,0.3,0.20424892622353522,-0.01956563174901138
30,true,20,false,0.3,0.1974087071087062,-0.08109627948126352
30,true,20,false,0.3,0.20502929899442957,0.023270024648080145
30,true,20,false,0.3,0.21129807718053595,-0.023841171261294036
30,true,20,false,0.3,0.18871761187354996,-0.003565749990646516
30,true,20,false,0.3,0.19115811941854202,0.06664415433911319
30,true,20,false,0.3,0.20757631936719817,-0.015440723468610251
30,true,20,false,0.3,0.20184351280135282,-0.08335159192773833
30,true,20,false,0.3,0.18637677516652001,0.07544252956111297
30,true,20,false,0.3,0.18100447281704826,-0.040849018959277394
30,true,20,false,0.3,0.2154384268214056,0.052755513627810835
30,true,20,false,0.3,0.19466077518363076,0.1237142305152279
30,true,20,false,0.3,0.17478796318064266,-0.07975460910155885
30,true,20,false,0.3,0.17209711268232175,0.008544581616487967
30,true,20,false,0.3,0.18894872857114678,-0.04296000922841081
30,true,20,false,0.3,0.21663547704900565,-0.009994691888242535
30,true,20,false,0.3,0.1757850172450432,0.005120526658884295
30,true,20,false,0.3,0.18023412064229316,-0.024990164708022178
30,true,20,false,0.3,0.19789831762960677,-0.01903401003188332
30,true,20,false,0.3,0.21044594434576672,0.005339043212883254
30,true,20,false,0.3,0.1802061573902349,-0.0476526639168382
30,true,20,false,0.3,0.1984375197044025,-0.09285927791108062
30,true,20,false,0.3,0.18537225021303347,0.045570126220996876
30,true,20,false,0.4,0.19446737377771867,0.005030718023390612
30,true,20,false,0.4,0.1827073552425665,0.005467666171649732
30,true,20,false,0.4,0.18277593472608267,0.017001440181068972
30,true,20,false,0.4,0.17878586300139088,0.042029699511325624
30,true,20,false,0.4,0.19002247811422837,-0.03138222659182155
30,true,20,false,0.4,0.1859652775368102,0.023282701036207776
30,true,20,false,0.4,0.17972846191338854,-0.03066012882615965
30,true,20,false,0.4,0.19944512115408156,-0.0673576885231153
30,true,20,false,0.4,0.20088136264606857,-0.009696906654602877
30,true,20,false,0.4,0.18994594426788056,-0.007136333858332122
30,true,20,false,0.4,0.21395348837209296,0.04806822386513687
30,true,20,false,0.4,0.20494543544188928,0.01950592807258733
30,true,20,false,0.4,0.1924003373513802,0.03310315025784494
30,true,20,false,0.4,0.2077438693798587,0.10691395736741338
30,true,20,false,0.4,0.22528431264379092,-0.09134205029528264
30,true,20,false,0.4,0.20381374418304032,-0.009218134265287503
30,true,20,false,0.4,0.18681911283546151,-0.08107328876126907
30,true,20,false,0.4,0.17381453967549987,-0.015424718183517427
30,true,20,false,0.4,0.21929310914863198,-0.033791468045205164
30,true,20,false,0.4,0.19690542039719375,-0.04339622696539447
30,true,20,false,0.4,0.20730581205866377,-0.02535305109909647
30,true,20,false,0.4,0.191110607051205,0.001839156558873789
30,true,20,false,0.4,0.18471641127747218,-0.008744705237636374
30,true,20,false,0.4,0.1945437927197584,0.012257272536853492
30,true,20,false,0.4,0.19839827627871215,-0.026261768313276868
30,true,20,false,0.4,0.20529473135106935,-0.05195879929502478
30,true,20,false,0.4,0.1936868981050015,-0.057333691482214455
30,true,20,false,0.4,0.17460234724066823,-0.017051663803552053
30,true,20,false,0.4,0.18815208868552583,-0.0043952985548019186
30,true,20,false,0.4,0.2018190400116187,-0.011090049115532352
30,true,20,false,0.5,0.19149337305103592,0.018922983097340307
30,true,20,false,0.5,0.22005692149577036,0.06238346657632565
30,true,20,false,0.5,0.21203981236875977,-0.021406425138761342
30,true,20,false,0.5,0.19220228194460662,-0.035797991165741117
30,true,20,false,0.5,0.20983064849235855,-0.024204839811628354
30,true,20,false,0.5,0.20623360551500036,0.08584697480366632
30,true,20,false,0.5,0.2185819942376807,-0.014226814679469513
30,true,20,false,0.5,0.189193448244345,0.06785988805965903
30,true,20,false,0.5,0.20340985786584473,0.1304344796443253
30,true,20,false,0.5,0.21037859883549337,0.0322642759129641
30,true,20,false,0.5,0.16532361652055025,-0.013511595422380118
30,true,20,false,0.5,0.19871561103652793,0.013471227495053029
30,true,20,false,0.5,0.18937568844828204,0.0060298790535116
30,true,20,false,0.5,0.22056316206940002,0.00532579846589698
30,true,20,false,0.5,0.17970763111151883,0.07357941796188872
30,true,20,false,0.5,0.22979139014800537,0.004440503365011672
30,true,20,false,0.5,0.19038872874931803,-0.08872935386757153
30,true,20,false,0.5,0.19038012575956012,0.034506121256629996
30,true,20,false,0.5,0.2067685229847473,-0.13701500162551827
30,true,20,false,0.5,0.18879994597885041,-0.075271414283554
30,true,20,false,0.5,0.19688379697477357,-0.002849514429831501
30,true,20,false,0.5,0.21962194582072445,0.050403286424979044
30,true,20,false,0.5,0.17826664328130087,-0.004464333044458257
30,true,20,false,0.5,0.18381101475935338,-0.12757489005371614
30,true,20,false,0.5,0.22034050621660858,0.0601850380124338
30,true,20,false,0.5,0.21714889896504758,-0.04360318809403285
30,true,20,false,0.5,0.22547012745981065,-0.037539772075375843
30,true,20,false,0.5,0.2113803458631045,-0.13122719278665063
30,true,20,false,0.5,0.1777493656483575,0.05848333890636148
30,true,20,false,0.5,0.22822101813698453,-0.02709314373944416
30,true,25,true,0.1,0.30762219592158796,0.47634719871112274
30,true,25,true,0.1,0.4519104107157715,0.8484757663132285
30,true,25,true,0.1,0.3089629573802615,0.31978617879509397
30,true,25,true,0.1,0.36089660068112184,0.5925295011323373
30,true,25,true,0.1,0.35354905221037686,0.573340388694425
30,true,25,true,0.1,0.44440179498590704,0.6569505821850967
30,true,25,true,0.1,0.3600201409869084,0.526230389588493
30,true,25,true,0.1,0.3865870841334521,0.5411561491417114
30,true,25,true,0.1,0.4006248347706794,0.7636863081211205
30,true,25,true,0.1,0.3247118698836708,0.5573952082432179
30,true,25,true,0.1,0.3729350177110435,0.5999751512967713
30,true,25,true,0.1,0.3045313339712416,0.43519914486180866
30,true,25,true,0.1,0.3951335992912449,0.6589900384199723
30,true,25,true,0.1,0.3513799659853089,0.4108728008212781
30,true,25,true,0.1,0.35355292597199334,0.6973623727305558
30,true,25,true,0.1,0.3076415499552244,0.4116688725592166
30,true,25,true,0.1,0.3940522222352443,0.5337396372102567
30,true,25,true,0.1,0.3804352236541498,0.6516466658382933
30,true,25,true,0.1,0.3859096250400597,0.688789456739717
30,true,25,true,0.1,0.38435188022589,0.560949673941094
30,true,25,true,0.1,0.33540828816226614,0.456898746724427
30,true,25,true,0.1,0.3431877815992224,0.7204683548785997
30,true,25,true,0.1,0.36122307033813683,0.4976523197576066
30,true,25,true,0.1,0.4232419127988749,0.715293859296132
30,true,25,true,0.1,0.36355175045082966,0.5335555561204828
30,true,25,true,0.1,0.4054204083990516,0.7155793968333786
30,true,25,true,0.1,0.3305211713778672,0.4710011695239569
30,true,25,true,0.1,0.4043577578632931,0.5034507727695674
30,true,25,true,0.1,0.38997453872067234,0.5422161224131443
30,true,25,true,0.1,0.4147779304029304,0.6782008022829942
30,true,25,true,0.2,0.5341640393528163,1.1170281869273904
30,true,25,true,0.2,0.4392494297263978,0.7711133467296873
30,true,25,true,0.2,0.4476063718517278,0.7093880382958959
30,true,25,true,0.2,0.5274151411486108,0.8358024019693753
30,true,25,true,0.2,0.3909366096866097,0.609676090063183
30,true,25,true,0.2,0.5136756677207579,0.9040769748384951
30,true,25,true,0.2,0.5420716404907853,0.9657405615157959
30,true,25,true,0.2,0.4725836228103216,0.8567532019484299
30,true,25,true,0.2,0.4610363703841158,0.6794536166553486
30,true,25,true,0.2,0.466029736123333,0.8099271763527636
30,true,25,true,0.2,0.49041191337227324,0.9671547689543472
30,true,25,true,0.2,0.4604838119105929,0.8010643089208358
30,true,25,true,0.2,0.43357573695471563,0.7990648102339968
30,true,25,true,0.2,0.42656663021389224,0.6922411726333717
30,true,25,true,0.2,0.5443247922858189,1.0255345928379072
30,true,25,true,0.2,0.6166234581744787,1.3652757236842845
30,true,25,true,0.2,0.48617638152065407,0.8344732991590824
30,true,25,true,0.2,0.5356700860328253,0.9929771287626528
30,true,25,true,0.2,0.560674260766885,0.9308397813572498
30,true,25,true,0.2,0.516406238641485,0.8766948700443491
30,true,25,true,0.2,0.4643394082650514,0.7995200912987208
30,true,25,true,0.2,0.4892168915227168,0.8617485293452631
30,true,25,true,0.2,0.4683882962653094,0.7283026864473587
30,true,25,true,0.2,0.4089409562951818,0.7964979094766296
30,true,25,true,0.2,0.4780060293252942,1.0120210471306352
30,true,25,true,0.2,0.4342018596812953,0.683978952428955
30,true,25,true,0.2,0.4397564375269606,0.7092202889738504
30,true,25,true,0.2,0.4346988495375591,0.8298143430444851
30,true,25,true,0.2,0.462089827652855,0.7141632142070939
30,true,25,true,0.2,0.4948604992657857,1.0239084566200587
30,true,25,true,0.3,0.5455625152525829,0.932223531122994
30,true,25,true,0.3,0.5450347297590622,0.9442847187569088
30,true,25,true,0.3,0.5588130807920274,1.2128973615276966
30,true,25,true,0.3,0.5423098317341118,0.9410366270545358
30,true,25,true,0.3,0.4716233246935002,0.7244017080917597
30,true,25,true,0.3,0.5646108787709926,1.1126400509923053
30,true,25,true,0.3,0.5275621588841716,0.9257583319178782
30,true,25,true,0.3,0.5197046757333932,0.8554269183579555
30,true,25,true,0.3,0.5954819018551195,1.0466704939912388
30,true,25,true,0.3,0.4543052137038182,0.8230672254346674
30,true,25,true,0.3,0.5188661213705484,0.9582990319455176
30,true,25,true,0.3,0.5117563330446285,0.9606666846863252
30,true,25,true,0.3,0.47525590496831793,0.6973816533323882
30,true,25,true,0.3,0.5269545678288676,0.9022437698210224
30,true,25,true,0.3,0.5290994626820688,0.8421968466503333
30,true,25,true,0.3,0.515356388860963,0.8425589259910584
30,true,25,true,0.3,0.5121879227647278,0.9488512579239696
30,true,25,true,0.3,0.5040846570892136,0.9638845374491574
30,true,25,true,0.3,0.5882045484032398,1.11997423502324
30,true,25,true,0.3,0.5547212381129962,0.9638100424960694
30,true,25,true,0.3,0.5216505320514967,0.9970374819753562
30,true,25,true,0.3,0.5142919281675261,0.901653053977653
30,true,25,true,0.3,0.4798214737973775,0.9117935052405572
30,true,25,true,0.3,0.6302183116300651,1.051833187741348
30,true,25,true,0.3,0.5212803010384048,1.0217280476842534
30,true,25,true,0.3,0.5941124586960251,1.116879080256135
30,true,25,true,0.3,0.577817993125593,1.2701288987712758
30,true,25,true,0.3,0.47424101302351124,0.7678587182563863
30,true,25,true,0.3,0.5367872476379196,0.8921162258802839
30,true,25,true,0.3,0.5849519350111019,0.9993401609787753
30,true,25,true,0.4,0.6596215283949781,1.306783912767429
30,true,25,true,0.4,0.5133857422330486,0.9253037980206136
30,true,25,true,0.4,0.5930860805860799,1.043479111052144
30,true,25,true,0.4,0.5788430299215115,1.1060442647199213
30,true,25,true,0.4,0.5591545987984952,0.812702728947194
30,true,25,true,0.4,0.614224382852453,1.0859517156762228
30,true,25,true,0.4,0.5621463610145419,0.888265449693324
30,true,25,true,0.4,0.5018181818181818,0.9585639940488742
30,true,25,true,0.4,0.6312816460327212,1.2301571210916684
30,true,25,true,0.4,0.4978921343258329,0.8434345594032449
30,true,25,true,0.4,0.5718787069988139,1.0414417999810777
30,true,25,true,0.4,0.5613947071365861,0.9263177711809982
30,true,25,true,0.4,0.6047905349040674,1.1426002749315147
30,true,25,true,0.4,0.5078759676679595,0.8915504647027301
30,true,25,true,0.4,0.5281195447611363,0.7966956891953334
30,true,25,true,0.4,0.5920168014114343,1.0274487523951619
30,true,25,true,0.4,0.52544121439888,0.9661220266346051
30,true,25,true,0.4,0.5228186280960683,0.8289341376078427
30,true,25,true,0.4,0.5638005640170609,1.0783421264527862
30,true,25,true,0.4,0.5684806984507403,0.9748652517518694
30,true,25,true,0.4,0.5759693825094572,1.0885038912087959
30,true,25,true,0.4,0.5905825485457123,1.0699319336400466
30,true,25,true,0.4,0.5321980746791132,0.854671179321886
30,true,25,true,0.4,0.5530210763737652,1.076922009622301
30,true,25,true,0.4,0.5883982113764774,0.9100041211814283
30,true,25,true,0.4,0.5115352182413948,0.8769371677902811
30,true,25,true,0.4,0.6268776616337591,1.1488679391745489
30,true,25,true,0.4,0.6220285548126071,0.9769239068465287
30,true,25,true,0.4,0.6203198601121398,1.1388558788713432
30,true,25,true,0.5,0.5877788452587742,1.037178366811455
30,true,25,true,0.4,0.5736786932232852,1.1026324719070635
30,true,25,true,0.5,0.6350770404464606,1.2100565585472438
30,true,25,true,0.5,0.6003449871681603,1.0755158765922612
30,true,25,true,0.5,0.5219088826584034,1.053949439142201
30,true,25,true,0.5,0.550482577719274,0.9404620837940314
30,true,25,true,0.5,0.5848194027356887,1.128293153900108
30,true,25,true,0.5,0.5916898187232346,1.019934958813808
30,true,25,true,0.5,0.5350399369079387,0.8955255623430638
30,true,25,true,0.5,0.6005049075553528,1.1342088986252028
30,true,25,true,0.5,0.6416741832848444,1.2770461404849387
30,true,25,true,0.5,0.5597265897973449,0.9781249318208145
30,true,25,true,0.5,0.5633974151630642,0.9904975031006229
30,true,25,true,0.5,0.6544220037298042,1.184655504528326
30,true,25,true,0.5,0.5692838666342731,1.2562248093917407
30,true,25,true,0.5,0.48573916296231734,0.8486330922492265
30,true,25,true,0.5,0.5576600609756096,0.9638325925762379
30,true,25,true,0.5,0.5847783289882417,0.945091073631569
30,true,25,true,0.5,0.5577106725581157,1.1285357973243029
30,true,25,true,0.5,0.5380283046115335,0.8967609835268622
30,true,25,true,0.5,0.5684072636145312,0.8808547727300473
30,true,25,true,0.5,0.5945455141263916,1.1168929094694295
30,true,25,true,0.5,0.6159485289023557,1.001302543761879
30,true,25,true,0.5,0.5216664795058955,0.9654981783197103
30,true,25,true,0.5,0.5488199237865505,0.9215339859555627
30,true,25,true,0.5,0.6573898612531598,1.1701632533275008
30,true,25,true,0.5,0.573067998385795,0.9999007163662723
30,true,25,true,0.5,0.5350481972626085,0.8766568061127034
30,true,25,true,0.5,0.584616295001525,1.0307867498817256
30,true,25,true,0.5,0.5088791778551759,0.8549309992184488
30,true,25,true,0.5,0.5664857423173086,1.1074112474809992
30,true,25,false,0.1,0.1855000973583436,0.0020184065600687973
30,true,25,false,0.1,0.2094996942528142,0.04180081863337293
30,true,25,false,0.1,0.19127853474634135,-0.02794608521404207
30,true,25,false,0.1,0.17554756456358298,0.01776915108156718
30,true,25,false,0.1,0.17633421939577493,-0.06542635914329686
30,true,25,false,0.1,0.19283747687839434,-0.07757487298314558
30,true,25,false,0.1,0.18743642435139996,-0.05563098187675308
30,true,25,false,0.1,0.17856329368647295,-0.033239308125934564
30,true,25,false,0.1,0.18060588711517042,0.029094524944256683
30,true,25,false,0.1,0.1804228233173622,-0.048863882938920966
30,true,25,false,0.1,0.15915268551329043,0.04648790629573796
30,true,25,false,0.1,0.18591798271267962,0.07665184909886857
30,true,25,false,0.1,0.1916580154169358,0.0409043158477278
30,true,25,false,0.1,0.19190740259717612,0.04127355393116172
30,true,25,false,0.1,0.18717306593590807,0.06469048657520204
30,true,25,false,0.1,0.19957887917071593,0.0030196291407644793
30,true,25,false,0.1,0.18817166289592768,0.0045473881215585266
30,true,25,false,0.1,0.15018010824239195,-0.045655802919730704
30,true,25,false,0.1,0.1715181382042943,-0.03641368019511404
30,true,25,false,0.1,0.217251715447036,-0.004967216240221006
30,true,25,false,0.1,0.16603396240136728,-0.06286063937228814
30,true,25,false,0.1,0.1755417185554172,0.0973493255667961
30,true,25,false,0.1,0.18933297215066347,0.009889598652915055
30,true,25,false,0.1,0.18081408706092186,-0.0942617041119238
30,true,25,false,0.1,0.18952437495877034,0.05545730735666243
30,true,25,false,0.1,0.18263269207912916,0.01348185598605145
30,true,25,false,0.1,0.18075459023734886,0.06705978109509125
30,true,25,false,0.1,0.1644626384198909,-0.05374027180341301
30,true,25,false,0.1,0.1756600512545443,-0.011948883393710474
30,true,25,false,0.1,0.19102497081220493,0.039020358276847134
30,true,25,false,0.2,0.17946079665488127,0.045889825708581355
30,true,25,false,0.2,0.16283293364724424,-0.01507428022563051
30,true,25,false,0.2,0.15316570210551103,0.03436010985655624
30,true,25,false,0.2,0.17719489810490094,0.02137879538019849
30,true,25,false,0.2,0.17057555138514655,-0.030399033524944663
30,true,25,false,0.2,0.1920740246403021,-0.024085257953890604
30,true,25,false,0.2,0.1791643454038997,0.01998490873401071
30,true,25,false,0.2,0.17892937173776402,0.08492844816120293
30,true,25,false,0.2,0.20439467716701526,-0.07666095226535319
30,true,25,false,0.2,0.15134197896699914,0.038069530619497804
30,true,25,false,0.2,0.20077497665732963,0.0605341743144594
30,true,25,false,0.2,0.1729416628683454,0.0614532530044114
30,true,25,false,0.2,0.19627241152726926,-0.030158621108463457
30,true,25,false,0.2,0.18158636235559317,0.03940761369414503
30,true,25,false,0.2,0.19309210438668872,-0.026071981613751127
30,true,25,false,0.2,0.1818747303322306,0.029314678425558682
30,true,25,false,0.2,0.18653859159032615,-5.664827882316814E-4
30,true,25,false,0.2,0.14759791490560728,0.06877284255593974
30,true,25,false,0.2,0.17266913778133988,-0.0126121648724844
30,true,25,false,0.2,0.21347807423207818,-0.04358646567027691
30,true,25,false,0.2,0.19121896185575435,-0.06156829843885703
30,true,25,false,0.2,0.1875016084617958,-0.07586291369366283
30,true,25,false,0.2,0.19912840220276531,-0.007804024912519303
30,true,25,false,0.2,0.17320335257309305,0.031868715289467
30,true,25,false,0.2,0.15479995313238987,0.004920350536775864
30,true,25,false,0.2,0.17738716865666687,0.06363537836935329
30,true,25,false,0.2,0.16581755875376156,0.04258094353710007
30,true,25,false,0.2,0.19802102878181754,0.024138690316322986
30,true,25,false,0.2,0.1867836094482343,-0.07960684025778697
30,true,25,false,0.2,0.17881550189242498,-0.04767749443415248
30,true,25,false,0.3,0.18932843021244838,-0.07512494118898605
30,true,25,false,0.3,0.18228289350552124,0.033647985378603806
30,true,25,false,0.3,0.2070685896360892,0.0012666575012163506
30,true,25,false,0.3,0.1664194913331312,0.03653800894625192
30,true,25,false,0.3,0.16051891547276592,0.0440571690920013
30,true,25,false,0.3,0.17292430924411936,0.016227405679876128
30,true,25,false,0.3,0.17374754049389565,-0.018827018423333897
30,true,25,false,0.3,0.1680194805194805,-0.046260555180773544
30,true,25,false,0.3,0.190797844979289,0.013566193312617436
30,true,25,false,0.3,0.1995265061638563,-0.04515829381466485
30,true,25,false,0.3,0.17346535400670934,0.021954686406758128
30,true,25,false,0.3,0.20475879349831966,0.017297594765098623
30,true,25,false,0.3,0.1689267666084656,0.049178944540695824
30,true,25,false,0.3,0.19316566274671093,0.06401724771503314
30,true,25,false,0.3,0.1830087280313734,-0.016681358619315745
30,true,25,false,0.3,0.18489086217000755,-0.07442198635316366
30,true,25,false,0.3,0.1943328538032728,-0.01916430415494741
30,true,25,false,0.3,0.17823119157144976,-0.024744226879389153
30,true,25,false,0.3,0.17620989509939344,-0.056125391334020946
30,true,25,false,0.3,0.2174499794637093,-0.036993522871505036
30,true,25,false,0.3,0.19432556335784837,0.012313687426456
30,true,25,false,0.3,0.200781702374059,0.008742451057776712
30,true,25,false,0.3,0.1976002999625047,-0.05728907811819095
30,true,25,false,0.3,0.18350364837292948,0.03528210403657095
30,true,25,false,0.3,0.16945478834432665,-0.06353390282041715
30,true,25,false,0.3,0.1922123015873016,0.001979002965520671
30,true,25,false,0.3,0.17662633759781096,0.0665989795537536
30,true,25,false,0.3,0.17494180347953936,-0.019450810299818322
30,true,25,false,0.3,0.18349924392402994,0.018705896811550993
30,true,25,false,0.3,0.1797136643459652,-0.047545345048286336
30,true,25,false,0.4,0.17483260518037735,0.017878230522059724
30,true,25,false,0.4,0.18509397210613507,-0.04947231202313862
30,true,25,false,0.4,0.1843026130926455,-0.03725692564474414
30,true,25,false,0.4,0.1873969124826647,0.04788233041092216
30,true,25,false,0.4,0.18333708390617476,7.446349696076382E-4
30,true,25,false,0.4,0.18920400009299454,0.02128478681338386
30,true,25,false,0.4,0.19688777238962663,0.08241380584077085
30,true,25,false,0.4,0.17501391061511173,0.0015800171411131103
30,true,25,false,0.4,0.20022464431317089,-0.018364493080551547
30,true,25,false,0.4,0.1603975555120593,0.050848510533306523
30,true,25,false,0.4,0.20713625445946296,-0.02861279495522595
30,true,25,false,0.4,0.16496524805980395,-0.02474713789403271
30,true,25,false,0.4,0.18846203782512735,0.07879346028881606
30,true,25,false,0.4,0.20751442622375263,-0.02525399545336171
30,true,25,false,0.4,0.18866339676821695,-0.07529310679728685
30,true,25,false,0.4,0.18230530369541628,-0.02272620589610952
30,true,25,false,0.4,0.17088543864160452,-0.03820588285606519
30,true,25,false,0.4,0.1692082937304186,-0.023657657924530007
30,true,25,false,0.4,0.19524458432893527,0.09565020296914284
30,true,25,false,0.4,0.17505376344086024,0.020456113882033833
30,true,25,false,0.4,0.17868364634250916,-0.09235966145594432
30,true,25,false,0.4,0.186172009607958,0.08356275225466092
30,true,25,false,0.4,0.17525306498055634,-0.04486719799765648
30,true,25,false,0.4,0.17915910187759973,0.04670524659644926
30,true,25,false,0.4,0.17851023520504825,0.06680839243396441
30,true,25,false,0.4,0.16329657820835974,-0.03238794509633092
30,true,25,false,0.4,0.1625474649826574,0.01220671123960404
30,true,25,false,0.4,0.16903042748728334,0.005589555307125238
30,true,25,false,0.4,0.17489114658925978,-0.032258140532775315
30,true,25,false,0.4,0.18213122145620617,0.03420286065807865
30,true,25,false,0.5,0.17848462225266762,-0.01633764935459414
30,true,25,false,0.5,0.16713799026742043,-0.12588867032021067
30,true,25,false,0.5,0.18910683465168981,0.02413565207807178
30,true,25,false,0.5,0.19456263655364558,-0.05179269610151671
30,true,25,false,0.5,0.20176108311701532,0.03655005010230017
30,true,25,false,0.5,0.1850893607693008,0.016951822649014403
30,true,25,false,0.5,0.15650987698602484,0.027713639458148087
30,true,25,false,0.5,0.19167083883300723,-0.006804305298120816
30,true,25,false,0.5,0.1843634795984676,-0.03510730723734756
30,true,25,false,0.5,0.16987798337355858,0.015615630422847637
30,true,25,false,0.5,0.20886500414747353,-0.0372820522402213
30,true,25,false,0.5,0.20132748088342092,-0.07865172890546379
30,true,25,false,0.5,0.19181431840470736,0.07975731098561045
30,true,25,false,0.5,0.15684117823764399,0.04947788879330073
30,true,25,false,0.5,0.17869173521347437,-0.004068185304479499
30,true,25,false,0.5,0.20421996244198004,-0.05880842157410804
30,true,25,false,0.5,0.1743296703296703,-0.009417739506212719
30,true,25,false,0.5,0.19625672430802454,-0.07984222663237617
30,true,25,false,0.5,0.1809612996141853,-0.027982378983142375
30,true,25,false,0.5,0.1845963624415824,0.07622316094051751
30,true,25,false,0.5,0.19928782429762745,-0.009828613537246511
30,true,25,false,0.5,0.16012235320024493,-0.029592487795277123
30,true,25,false,0.5,0.19466330019844608,0.013870978446963278
30,true,25,false,0.5,0.18341147100174807,0.04263546869241441
30,true,25,false,0.5,0.18319374149613757,0.06950618929316654
30,true,25,false,0.5,0.2003909356891262,0.070059337268499
30,true,25,false,0.5,0.1949013094955648,-0.04486522836825291
30,true,25,false,0.5,0.16519473163363632,-0.10197789672989277
30,true,25,false,0.5,0.17664146525120894,0.032961953584786485
30,true,25,false,0.5,0.1885910316825228,-0.05843071477695183
30,true,30,true,0.1,0.37602630630858386,0.6791850444557399
30,true,30,true,0.1,0.3013044777829917,0.40090283126509707
30,true,30,true,0.1,0.3738185206803682,0.6165233633651903
30,true,30,true,0.1,0.349946873262826,0.5121537456988818
30,true,30,true,0.1,0.4185610760145726,0.6365014426267672
30,true,30,true,0.1,0.3622299359626548,0.6388343931297653
30,true,30,true,0.1,0.3946378007540086,0.5474995308574302
30,true,30,true,0.1,0.3359952165825138,0.4254367210675518
30,true,30,true,0.1,0.35341685389970384,0.4624164537060773
30,true,30,true,0.1,0.32153122332479717,0.4029079110722211
30,true,30,true,0.1,0.36453594033966286,0.6195764481608323
30,true,30,true,0.1,0.3100103757838228,0.47901839890311315
30,true,30,true,0.1,0.4279074826971974,0.6754737799818527
30,true,30,true,0.1,0.4216075773613958,0.7660990312663101
30,true,30,true,0.1,0.37099087353324645,0.6619383532875949
30,true,30,true,0.1,0.41816352239135574,0.6773417525756766
30,true,30,true,0.1,0.36763668430335117,0.7287187849900816
30,true,30,true,0.1,0.3638694837560171,0.6222701434714208
30,true,30,true,0.1,0.3361599893356602,0.557468501322508
30,true,30,true,0.1,0.41454398136425774,0.7382393764064181
30,true,30,true,0.1,0.337206286341557,0.5373720552500165
30,true,30,true,0.1,0.33306488588000494,0.5752931872906224
30,true,30,true,0.1,0.47456676554723515,0.9378429396528993
30,true,30,true,0.1,0.4051765278179662,0.6544757262706682
30,true,30,true,0.1,0.29517992609744625,0.3508037303666649
30,true,30,true,0.1,0.3281464769830932,0.44334597445700386
30,true,30,true,0.1,0.35590615448027074,0.656209787955226
30,true,30,true,0.1,0.3924165924165922,0.5457793860746971
30,true,30,true,0.1,0.4503503929542148,0.920533112104831
30,true,30,true,0.1,0.377660364799087,0.6774383462190583
30,true,30,true,0.2,0.4687526650094913,0.6519222377052856
30,true,30,true,0.2,0.5036768978815573,0.9077456394331618
30,true,30,true,0.2,0.473192584079681,0.7960864646195098
30,true,30,true,0.2,0.5131129021124426,0.9019272507302247
30,true,30,true,0.2,0.4784231513956778,0.7363700549620118
30,true,30,true,0.2,0.45100401606425716,0.647685583779599
30,true,30,true,0.2,0.4940020775566626,0.8468594449121145
30,true,30,true,0.2,0.5163504820519538,0.8754870485400446
30,true,30,true,0.2,0.3839800995024875,0.6521884229409691
30,true,30,true,0.2,0.43541729225799547,0.5843342388530184
30,true,30,true,0.2,0.4829509108168683,0.7955340002252784
30,true,30,true,0.2,0.49702424868427514,0.9968897775596188
30,true,30,true,0.2,0.5043293890609926,0.9179522379431333
30,true,30,true,0.2,0.4285863937026727,0.7444321729689225
30,true,30,true,0.2,0.481555695425972,0.7799914708357454
30,true,30,true,0.2,0.5392869236412886,0.9769472580663381
30,true,30,true,0.2,0.4233093518306199,0.6483549384546397
30,true,30,true,0.2,0.519966873005126,0.9491113212076776
30,true,30,true,0.2,0.47335900946928183,0.8191582615584263
30,true,30,true,0.2,0.4711973435683031,0.7210626409533472
30,true,30,true,0.2,0.5470773714762363,1.055148410449398
30,true,30,true,0.2,0.3886062667648228,0.6378493459024739
30,true,30,true,0.2,0.4622144204569269,0.7576618690742336
30,true,30,true,0.2,0.49698117433845473,0.8335622574518293
30,true,30,true,0.2,0.4731574787591383,0.7472507002026312
30,true,30,true,0.2,0.5331994645247657,1.0388656644590704
30,true,30,true,0.2,0.5574093062725408,1.2424190719451058
30,true,30,true,0.2,0.45186014536077745,0.754565963746745
30,true,30,true,0.2,0.4428077861685979,0.6577055920416974
30,true,30,true,0.3,0.4538583456173699,0.8700785323829274
30,true,30,true,0.2,0.43551283634165466,0.7328959735496898
30,true,30,true,0.3,0.5722046268190993,1.1052342495801524
30,true,30,true,0.3,0.5307707226705858,0.8757235555209055
30,true,30,true,0.3,0.5673689367956883,0.9858921336804789
30,true,30,true,0.3,0.5262140653999706,0.8626756704747454
30,true,30,true,0.3,0.532464322152385,0.8744301769788434
30,true,30,true,0.3,0.588719616569668,1.245126746722069
30,true,30,true,0.3,0.4596797481054889,0.9355000419281989
30,true,30,true,0.3,0.5034933281045213,0.7204921066492824
30,true,30,true,0.3,0.47617517392235814,1.0088600490969961
30,true,30,true,0.3,0.5155503107074568,0.9335120343596381
30,true,30,true,0.3,0.5443139081848848,0.9035463374728137
30,true,30,true,0.3,0.5666310394644808,0.9720416644848955
30,true,30,true,0.3,0.48261670761670744,0.7467548318722139
30,true,30,true,0.3,0.5773192387808467,0.9344176177794097
30,true,30,true,0.3,0.5998611356021865,0.9851405037695091
30,true,30,true,0.3,0.5344956205224503,1.0302775697929532
30,true,30,true,0.3,0.49068445345041084,1.0758370803117536
30,true,30,true,0.3,0.47179785545671565,0.7355690813162097
30,true,30,true,0.3,0.5377867811302152,1.0256964357148437
30,true,30,true,0.3,0.5280947691594738,0.8591881106427381
30,true,30,true,0.3,0.4826715584748605,0.6846131963437427
30,true,30,true,0.3,0.48039384297876025,0.8098438416264955
30,true,30,true,0.3,0.5431374004333241,0.974327713403949
30,true,30,true,0.3,0.5196397330395905,0.9455376750223348
30,true,30,true,0.3,0.5492691053081444,1.0487211890810277
30,true,30,true,0.3,0.5375085063652508,0.9223803357929405
30,true,30,true,0.3,0.5502286922917192,0.9390798912817999
30,true,30,true,0.3,0.48703232296088633,0.7376632999536996
30,true,30,true,0.3,0.5962259584245226,0.9786793862655987
30,true,30,true,0.4,0.5202716061386878,0.8336774406107557
30,true,30,true,0.4,0.6500693249472602,1.1967146883293642
30,true,30,true,0.4,0.5043044007744945,0.9826170257653928
30,true,30,true,0.4,0.6101702596145899,1.3181819462745974
30,true,30,true,0.4,0.4874217102535045,0.9353696403908822
30,true,30,true,0.4,0.5543904629323614,1.2581814366534694
30,true,30,true,0.4,0.5487509340875676,1.066104388102083
30,true,30,true,0.4,0.5525100639355908,0.9225045078415457
30,true,30,true,0.4,0.49909131977612314,0.9147451202638797
30,true,30,true,0.4,0.49909771876063985,0.9026823843740903
30,true,30,true,0.4,0.47466785505389514,0.7303559339597943
30,true,30,true,0.4,0.5028668627732338,0.9217172516859593
30,true,30,true,0.4,0.536422755892874,0.7947585240047452
30,true,30,true,0.4,0.5979882324973256,1.0062080413555243
30,true,30,true,0.4,0.5457293035479631,0.9160009392149266
30,true,30,true,0.4,0.5591985488126647,0.9953148417857358
30,true,30,true,0.4,0.5166489832007073,0.9943932646145406
30,true,30,true,0.4,0.5214257662238078,0.8143136253732006
30,true,30,true,0.4,0.5194851485148515,0.9371892142901181
30,true,30,true,0.4,0.48925326112427436,0.9367646198096713
30,true,30,true,0.4,0.5225414912063412,0.8563261030906242
30,true,30,true,0.4,0.5344935210297473,0.9155494008004919
30,true,30,true,0.4,0.5335218677066463,1.0322771885697115
30,true,30,true,0.4,0.5747911502339769,1.040488648857142
30,true,30,true,0.4,0.48950849103266353,0.9632446399304442
30,true,30,true,0.4,0.5237542180387172,0.9232345052064543
30,true,30,true,0.4,0.5845556507021146,0.9730591585598507
30,true,30,true,0.4,0.5692283660317534,0.8937520733571702
30,true,30,true,0.4,0.5505074856738497,1.205400845088075
30,true,30,true,0.4,0.5770042354740837,0.9638724017759124
30,true,30,true,0.5,0.5936171780949808,0.9690447035337808
30,true,30,true,0.5,0.5160534679265503,1.0018811852454803
30,true,30,true,0.5,0.5724970765825067,0.9452158512446802
30,true,30,true,0.5,0.5981076333439796,1.1174883668705649
30,true,30,true,0.5,0.47908342232094486,0.771699263919456
30,true,30,true,0.5,0.5428425225764333,0.9084880964458852
30,true,30,true,0.5,0.530582925802847,1.0398853129178844
30,true,30,true,0.5,0.5980515490121007,1.0188990941926965
30,true,30,true,0.5,0.5499705645411169,0.8930180102012759
30,true,30,true,0.5,0.5397182025894898,0.9650640444088383
30,true,30,true,0.5,0.5452152763635435,1.0452948124683425
30,true,30,true,0.5,0.5693136262401297,0.9013097601349509
30,true,30,true,0.5,0.46844945786940245,0.764593561551048
30,true,30,true,0.5,0.4670023279735802,0.8723902882192656
30,true,30,true,0.5,0.5850139367109362,0.9131021640919608
30,true,30,true,0.5,0.5577804049061624,1.0854546104736613
30,true,30,true,0.5,0.5063044515524766,0.9545425204321614
30,true,30,true,0.5,0.530381212624203,0.8813761127784794
30,true,30,true,0.5,0.5173679060665363,1.0944238359435072
30,true,30,true,0.5,0.5238734755292749,0.8676566113152449
30,true,30,true,0.5,0.5852130138623326,0.9358927575099898
30,true,30,true,0.5,0.578603896103896,0.9597542646986854
30,true,30,true,0.5,0.5695134260379215,0.9144644705264913
30,true,30,true,0.5,0.5268469396629583,0.998142946634605
30,true,30,true,0.5,0.5089008747854658,1.0372544225346267
30,true,30,true,0.5,0.5728800212713737,0.9842144090992839
30,true,30,true,0.5,0.5675039052229456,0.9256835311716243
30,true,30,true,0.5,0.4799059767966128,0.8431568989535361
30,true,30,true,0.5,0.5599942467866996,1.1950355140804634
30,true,30,true,0.5,0.5310398521055113,0.8954845164595069
30,true,30,false,0.1,0.15780910202073115,-0.04009983497017622
30,true,30,false,0.1,0.18283352161856833,-0.005266380305346985
30,true,30,false,0.1,0.17552217160332298,-0.05232359358204164
30,true,30,false,0.1,0.17093611963077646,0.08554708435827152
30,true,30,false,0.1,0.17726075630492658,0.07245895029971283
30,true,30,false,0.1,0.1760266988041161,0.053593807325833076
30,true,30,false,0.1,0.18653103353734748,0.033928443637449845
30,true,30,false,0.1,0.20518047727545272,-0.09506563799241441
30,true,30,false,0.1,0.14803233907218039,-0.04578990834990293
30,true,30,false,0.1,0.18007830539414707,-0.010048329185833538
30,true,30,false,0.1,0.1705876693776966,-0.021407920855819107
30,true,30,false,0.1,0.17772641697151528,0.038867185845288255
30,true,30,false,0.1,0.1839851716907738,-0.03285541768696376
30,true,30,false,0.1,0.15994411951818463,-0.05550369498613872
30,true,30,false,0.1,0.17972438628475998,-0.03356960605590764
30,true,30,false,0.1,0.18672765206226927,-0.029429708619439943
30,true,30,false,0.1,0.1742123139181963,-0.04167822918684205
30,true,30,false,0.1,0.16490493846800214,-0.04762565377790473
30,true,30,false,0.1,0.14765697815581513,-0.04520234733713213
30,true,30,false,0.1,0.17886018165560744,-0.01783347920657441
30,true,30,false,0.1,0.16290139244103438,0.005918640583700174
30,true,30,false,0.1,0.1770414467033585,-0.11622647669833608
30,true,30,false,0.1,0.1742789574480907,-0.0186672664323968
30,true,30,false,0.1,0.15488607946427568,0.010509041760465188
30,true,30,false,0.1,0.1813154859645008,-0.10231182222527302
30,true,30,false,0.1,0.1622467006816174,0.0014492279320359458
30,true,30,false,0.1,0.1772684546935706,-0.06352387430544848
30,true,30,false,0.1,0.17290604211205188,0.029539308613409254
30,true,30,false,0.1,0.1804836229296661,-0.04499694106343366
30,true,30,false,0.1,0.16973608931232081,0.08823324896096185
30,true,30,false,0.2,0.19841691615531115,-0.05158224612411644
30,true,30,false,0.2,0.18401950379856766,-0.03633339670488489
30,true,30,false,0.2,0.1680834549059215,-2.8953500146666755E-4
30,true,30,false,0.2,0.17876307185464338,-0.10868139231261242
30,true,30,false,0.2,0.17399992086416324,-0.04542135547537196
30,true,30,false,0.2,0.19795024382180346,0.012146193626013435
30,true,30,false,0.2,0.17522059903512646,-0.0057998324256249845
30,true,30,false,0.2,0.14963614163614164,-0.042847713095615525
30,true,30,false,0.2,0.18301532456185146,-0.02966808729972925
30,true,30,false,0.2,0.15049063171716484,0.0041633594569230326
30,true,30,false,0.2,0.16745581978653254,0.0037097436213251456
30,true,30,false,0.2,0.14994837761436947,-0.025267032674785916
30,true,30,false,0.2,0.1709515639134407,0.052257288674357305
30,true,30,false,0.2,0.15065558357362877,0.0075258568606466625
30,true,30,false,0.2,0.1635632794954813,0.037852267570753106
30,true,30,false,0.2,0.16803902190677267,0.08589241280273807
30,true,30,false,0.2,0.18130666181961974,-0.018463435625785785
30,true,30,false,0.2,0.1869898949057152,0.047438750880036906
30,true,30,false,0.2,0.18225372087526298,-0.04122243931905967
30,true,30,false,0.2,0.16603686733349457,-0.037519175178998054
30,true,30,false,0.2,0.151892406929276,0.005079555838721106
30,true,30,false,0.2,0.15781201511191117,-0.026575859616026598
30,true,30,false,0.2,0.18710047140178493,0.05008320298897839
30,true,30,false,0.2,0.16400255754475698,-0.016212133272657248
30,true,30,false,0.2,0.16258699987789493,-0.0018629002839247732
30,true,30,false,0.2,0.18385793514694232,-4.191322163293876E-5
30,true,30,false,0.2,0.19044779260870331,-0.03907837579450302
30,true,30,false,0.2,0.19632651426129685,0.09740298347634457
30,true,30,false,0.2,0.17707854341490514,0.0649182472609171
30,true,30,false,0.2,0.16871657237744017,0.007846083696202655
30,true,30,false,0.3,0.17730807018437825,-0.03360026706773134
30,true,30,false,0.3,0.17672449658020847,-0.010618477936708892
30,true,30,false,0.3,0.1709540943479174,0.047270308755893
30,true,30,false,0.3,0.19557267444853635,-0.06004523275598039
30,true,30,false,0.3,0.17662313432835824,-0.033936139564529455
30,true,30,false,0.3,0.1851691857582555,-0.014477942424317547
30,true,30,false,0.3,0.19748341376326306,-0.05608603058701789
30,true,30,false,0.3,0.16512794504628603,-0.01058285328812314
30,true,30,false,0.3,0.17464956248407099,-0.026286236176932043
30,true,30,false,0.3,0.17180806906857052,4.5311594911456865E-4
30,true,30,false,0.3,0.1722259429658533,-0.004391271543493502
30,true,30,false,0.3,0.15982518422380632,-0.07864568994087495
30,true,30,false,0.3,0.18461666113508135,0.036264584229871666
30,true,30,false,0.3,0.1833627075877503,-0.03594872143959815
30,true,30,false,0.3,0.1717045454545454,-0.009225557694813702
30,true,30,false,0.3,0.16580400042682444,0.017446721362018636
30,true,30,false,0.3,0.15204626055299245,-0.042428628536660185
30,true,30,false,0.3,0.1776954469988795,-0.01924473077901645
30,true,30,false,0.3,0.17199131583070354,0.026163446206870944
30,true,30,false,0.3,0.18870375559872513,0.04801156606339774
30,true,30,false,0.3,0.17363587154122248,-0.02448224559689116
30,true,30,false,0.3,0.1925682314387659,-0.07099183101572493
30,true,30,false,0.3,0.1700922425858783,0.03783783150103481
30,true,30,false,0.3,0.18037904937979934,-0.03716372814206359
30,true,30,false,0.3,0.1589862803485632,0.021889190562424332
30,true,30,false,0.3,0.15553750795704832,-0.003751964216899495
30,true,30,false,0.3,0.1716226367847752,0.07764850796899125
30,true,30,false,0.3,0.1716235401292839,-6.063291761382317E-4
30,true,30,false,0.3,0.18518156879155623,-0.02090548548977189
30,true,30,false,0.3,0.1772801612215633,-0.0017647847082722379
30,true,30,false,0.4,0.18629796923419148,-0.005444281882954094
30,true,30,false,0.4,0.16068335822123025,0.009362288121343099
30,true,30,false,0.4,0.15626947501281893,0.025003699879526664
30,true,30,false,0.4,0.17427079786630348,-0.04782131575430526
30,true,30,false,0.4,0.18218068677497717,-0.01928966336107063
30,true,30,false,0.4,0.17239299228872196,0.11305598747878509
30,true,30,false,0.4,0.1819062052706913,-0.06851211467884788
30,true,30,false,0.4,0.17677239254945368,-0.04209092518452273
30,true,30,false,0.4,0.17223029003729157,-0.07653429150568947
30,true,30,false,0.4,0.1959170840907641,0.0647270177839685
30,true,30,false,0.4,0.1643304534511687,-0.013438875877896272
30,true,30,false,0.4,0.1534251949590867,-0.060299056575447096
30,true,30,false,0.4,0.17184981067709656,0.020626600359586966
30,true,30,false,0.4,0.18073219693103332,-1.2726575162780307E-4
30,true,30,false,0.4,0.18628461281832678,0.08261279253693132
30,true,30,false,0.4,0.1834300163617432,-0.11803354408719002
30,true,30,false,0.4,0.18066687990019398,-6.273341409412936E-4
30,true,30,false,0.4,0.16531346374625752,2.1474480918026728E-4
30,true,30,false,0.4,0.14650518706285495,-0.004597480540581067
30,true,30,false,0.4,0.16492760288599567,0.024443063791781405
30,true,30,false,0.4,0.2009880072081028,-0.07547898064328429
30,true,30,false,0.4,0.18473035639132634,-0.01078751677273182
30,true,30,false,0.4,0.15792178521894193,0.009903140013169498
30,true,30,false,0.4,0.17122146397376437,0.08520332062214919
30,true,30,false,0.4,0.15548550612730624,-0.014720176376989969
30,true,30,false,0.4,0.1847650662649839,0.04270914398128767
30,true,30,false,0.4,0.18233982102475882,0.07919317090674127
30,true,30,false,0.4,0.17358026269534368,2.441691133254764E-4
30,true,30,false,0.4,0.1956228647499507,0.10157008237270038
30,true,30,false,0.4,0.18068462625344683,-0.0628918130478624
30,true,30,false,0.5,0.17467501895468004,0.006008464226105126
30,true,30,false,0.5,0.17812250357065046,-0.06558245375523164
30,true,30,false,0.5,0.16307930789402728,0.06588479209168252
30,true,30,false,0.5,0.16988050299343613,-0.07092173595067841
30,true,30,false,0.5,0.16959677419354838,0.010239667051705759
30,true,30,false,0.5,0.1778916578916579,0.05300338092550039
30,true,30,false,0.5,0.16356377421569512,-0.014638264823476632
30,true,30,false,0.5,0.16747540637852326,0.0701223409562921
30,true,30,false,0.5,0.1730276623552766,-0.08680192300249079
30,true,30,false,0.5,0.17747344639984683,-0.10190994046031587
30,true,30,false,0.5,0.18778524797817409,-0.07504123293381593
30,true,30,false,0.5,0.15222658870163974,0.029661892281537483
30,true,30,false,0.5,0.18417027227830948,0.019030851454129305
30,true,30,false,0.5,0.1834021109279665,0.001463293185983261
30,true,30,false,0.5,0.17334623966399781,-0.059270510327540826
30,true,30,false,0.5,0.1667536556842056,0.015493768004221309
30,true,30,false,0.5,0.17705415759271323,-0.11814742961220315
30,true,30,false,0.5,0.18284144012668643,4.061856304442557E-4
30,true,30,false,0.5,0.16487680815877387,0.04073448744242825
30,true,30,false,0.5,0.1702734688701974,-0.0029570561234573134
30,true,30,false,0.5,0.15846999105209023,0.06509413531249386
30,true,30,false,0.5,0.17735042735042736,-0.01664635892578925
30,true,30,false,0.5,0.15967275184926571,0.007635635021633114
30,true,30,false,0.5,0.1748069075556685,0.030723436652148273
30,true,30,false,0.5,0.17666342821033587,-0.02059634400558874
30,true,30,false,0.5,0.1489741757680923,0.035494121594120465
30,true,30,false,0.5,0.1899962984817581,0.01742799000268569
30,true,30,false,0.5,0.18801521600988863,-0.036104834651969675
30,true,30,false,0.5,0.1723812103437755,-0.0456325578013983
30,true,30,false,0.5,0.18349384566248186,0.024896911510242425
30,false,20,true,0.1,0.43692512065109546,0.6919322489759088
30,false,20,true,0.1,0.44936745510013126,0.8607492574920927
30,false,20,true,0.1,0.42401504914818644,0.5939297027694899
30,false,20,true,0.1,0.5149464389114072,1.105922737544656
30,false,20,true,0.1,0.5246182106716228,0.9950893765804114
30,false,20,true,0.1,0.4484970534703913,0.9204908335737532
30,false,20,true,0.1,0.4785194553152801,1.004494941867672
30,false,20,true,0.1,0.3995564870157547,0.6881426323355626
30,false,20,true,0.1,0.43450848352809135,0.7767179426040949
30,false,20,true,0.1,0.4289515458760228,0.8177132256998929
30,false,20,true,0.1,0.4403666928963318,0.7463574027412845
30,false,20,true,0.1,0.44941115010277904,0.7061800511058278
30,false,20,true,0.1,0.4912740635955471,0.8842040396157254
30,false,20,true,0.1,0.4709371742632426,0.9219874948857019
30,false,20,true,0.1,0.405197513957653,0.7445764024752073
30,false,20,true,0.1,0.4743121724132157,0.914281313603988
30,false,20,true,0.1,0.4442170344312974,0.7633428265581008
30,false,20,true,0.1,0.4541316211878009,0.8630441015529939
30,false,20,true,0.1,0.40431192752590867,0.6969387633421498
30,false,20,true,0.1,0.44638212418717343,0.7973840657704541
30,false,20,true,0.1,0.4179928554604693,0.7199003160705777
30,false,20,true,0.1,0.39238739443228027,0.6722814764556233
30,false,20,true,0.1,0.47915282392026576,0.9545515399277624
30,false,20,true,0.1,0.44003895381190855,0.6872987202216905
30,false,20,true,0.1,0.47546845507365587,0.8351196073081368
30,false,20,true,0.1,0.42173836012847116,0.7482618573557618
30,false,20,true,0.1,0.46182859132318543,0.8906003970305099
30,false,20,true,0.1,0.434060323113804,0.8661554652812633
30,false,20,true,0.1,0.4383623792630188,0.8396138767802057
30,false,20,true,0.1,0.37269934246418013,0.64740423221809
30,false,20,true,0.2,0.5783699628162883,1.099759759647175
30,false,20,true,0.2,0.6489734393679507,1.1539574181366223
30,false,20,true,0.2,0.5648276088959072,1.1947821382259134
30,false,20,true,0.2,0.6033289307315032,1.2228639343453889
30,false,20,true,0.2,0.5996483241626355,1.0061503733534938
30,false,20,true,0.2,0.6325849064498094,1.288061868332175
30,false,20,true,0.2,0.5987394828108483,1.1917951941352092
30,false,20,true,0.2,0.553480652474698,0.9946827349702225
30,false,20,true,0.2,0.6127754394652142,1.2506584312831333
30,false,20,true,0.2,0.6457983802481411,1.1936081832939793
30,false,20,true,0.2,0.5809461654747193,1.070929175540405
30,false,20,true,0.2,0.5877457744049672,1.1837127100369695
30,false,20,true,0.2,0.5875471192382639,0.9975231279067369
30,false,20,true,0.2,0.5599110505129206,0.9267300747841354
30,false,20,true,0.2,0.6114939527693087,1.4623504463345016
30,false,20,true,0.2,0.5617667530083152,1.0477884514158236
30,false,20,true,0.2,0.5552124173150773,0.9443681053020994
30,false,20,true,0.2,0.5692059353076303,1.0585720614194924
30,false,20,true,0.2,0.5961992300434205,1.2466428586536589
30,false,20,true,0.2,0.5398667671313316,0.9406580393628365
30,false,20,true,0.2,0.5694287577067233,1.1311150613961054
30,false,20,true,0.2,0.6343255990116421,1.2753948024777717
30,false,20,true,0.2,0.633309586764028,1.2237823708525335
30,false,20,true,0.2,0.534872149636319,0.9905527564214829
30,false,20,true,0.2,0.5656123146175797,0.8841886359841462
30,false,20,true,0.2,0.5899575160444727,1.0123808189763723
30,false,20,true,0.2,0.5504295045347961,1.0373418891426525
30,false,20,true,0.2,0.6173846448401301,1.165558598192094
30,false,20,true,0.2,0.5828243490843393,1.1808123318715191
30,false,20,true,0.2,0.6902174399355734,1.3811635847011576
30,false,20,true,0.3,0.6316767597727345,1.1599952844703711
30,false,20,true,0.3,0.638637582200069,1.1334304192526696
30,false,20,true,0.3,0.6556447051021137,1.3923460026277494
30,false,20,true,0.3,0.6524437146829972,1.2745153246648746
30,false,20,true,0.3,0.6571523664141679,1.3629051163423265
30,false,20,true,0.3,0.6540678361733073,1.11435131510778
30,false,20,true,0.3,0.669204245661936,1.1622761193638063
30,false,20,true,0.3,0.68891114259196,1.3147558209439243
30,false,20,true,0.3,0.6405690597324292,1.1057256103557123
30,false,20,true,0.3,0.6140784545633746,1.0718510520834243
30,false,20,true,0.3,0.646279373368146,1.419195579241486
30,false,20,true,0.3,0.6542745142152365,1.1664154559467814
30,false,20,true,0.3,0.6161251789094486,1.1401002082578948
30,false,20,true,0.3,0.6887722111051958,1.3019840589149396
30,false,20,true,0.3,0.6481709947372966,1.468911511918999
30,false,20,true,0.3,0.658546422521578,1.3123499253202713
30,false,20,true,0.3,0.6256606034772993,1.1356257285148867
30,false,20,true,0.3,0.6717087885917179,1.6299913866692428
30,false,20,true,0.3,0.6751020079998389,1.2879388348971297
30,false,20,true,0.3,0.694029484029484,1.3122388641267984
30,false,20,true,0.3,0.6367902829822973,1.2557256255618494
30,false,20,true,0.3,0.6001041321231758,1.0678565700291802
30,false,20,true,0.3,0.6504286996504266,1.3406370700834422
30,false,20,true,0.3,0.7170394617203129,1.6781943931312728
30,false,20,true,0.3,0.6707865168539329,1.659615338726069
30,false,20,true,0.3,0.660167820856291,1.350384843459537
30,false,20,true,0.3,0.725180918623542,1.3506032610033714
30,false,20,true,0.3,0.6258732519339639,1.1813446800160259
30,false,20,true,0.3,0.738791981417015,1.4191285018150035
30,false,20,true,0.3,0.6294895147354163,1.1396145872748944
30,false,20,true,0.4,0.733896017373699,1.574944693703781
30,false,20,true,0.4,0.7241162991399578,1.4192795192993284
30,false,20,true,0.4,0.7169117569547665,1.368012817619845
30,false,20,true,0.4,0.6875605226147917,1.2070898807527897
30,false,20,true,0.4,0.6853902717204843,1.2880355005416133
30,false,20,true,0.4,0.6881129951279945,1.1720925084078733
30,false,20,true,0.4,0.7388313440945019,1.4845565948358264
30,false,20,true,0.4,0.6510570285094408,1.1810640395982164
30,false,20,true,0.4,0.6649647379238226,1.1740202546686271
30,false,20,true,0.4,0.6983006698089804,1.554262039925355
30,false,20,true,0.4,0.7102187948567924,1.3838363291429445
30,false,20,true,0.4,0.7342761203667828,1.2879876479552603
30,false,20,true,0.4,0.7232774361449829,1.4938530922377211
30,false,20,true,0.4,0.6939592730994781,1.3686266367448097
30,false,20,true,0.4,0.7201476631637316,1.5915454264294269
30,false,20,true,0.4,0.6914992621906232,1.2569061798046084
30,false,20,true,0.4,0.6438170499655522,1.0383934701865787
30,false,20,true,0.4,0.7222222222222223,1.478875309961209
30,false,20,true,0.4,0.7136198114001854,1.4093719269385572
30,false,20,true,0.4,0.7248837679401651,1.5590589292811758
30,false,20,true,0.4,0.6975733803768488,1.251874230439018
30,false,20,true,0.4,0.6079663981013054,1.4064284961968436
30,false,20,true,0.4,0.6888728043859896,1.5452386061243217
30,false,20,true,0.4,0.6863747149933167,1.3216834490877636
30,false,20,true,0.4,0.6862801377726749,1.5623474315930448
30,false,20,true,0.4,0.7232610779175759,1.4176270853418238
30,false,20,true,0.4,0.678878482278235,1.3769079986157138
30,false,20,true,0.4,0.7061076116787356,1.2376086033425198
30,false,20,true,0.4,0.706744372650872,1.257178236872134
30,false,20,true,0.4,0.7087899617745517,1.3668068915167915
30,false,20,true,0.5,0.7000574712643679,1.3759832006603228
30,false,20,true,0.5,0.7418814804147464,1.623370859984707
30,false,20,true,0.5,0.743749665123832,1.3762843948299173
30,false,20,true,0.5,0.6851050026931399,1.2462960694191656
30,false,20,true,0.5,0.6497687804671232,1.3289197914757196
30,false,20,true,0.5,0.6749321318233116,1.4731091246154016
30,false,20,true,0.5,0.6885212261126075,1.4358670417749497
30,false,20,true,0.5,0.7373490657282042,1.3829328048776688
30,false,20,true,0.5,0.7116922074502131,1.4740560648562235
30,false,20,true,0.5,0.7480932898056938,1.6250668194719706
30,false,20,true,0.5,0.6900333132070898,1.3034100475655332
30,false,20,true,0.5,0.7055036232319953,1.6709814166704753
30,false,20,true,0.5,0.7155681794405035,1.5546348752287829
30,false,20,true,0.5,0.7466893284308083,1.7409313545724547
30,false,20,true,0.5,0.6791066054173929,1.3695913171588696
30,false,20,true,0.5,0.7253589007383102,1.5017097039731393
30,false,20,true,0.5,0.7105081310176439,1.3345046683104416
30,false,20,true,0.5,0.6918853808092299,1.5926769728074062
30,false,20,true,0.5,0.6540332354209886,1.241024045248806
30,false,20,true,0.5,0.7178536653220194,1.5610874118251408
30,false,20,true,0.5,0.7229832759468764,1.7027882387822935
30,false,20,true,0.5,0.7309364610795899,1.4577963276741208
30,false,20,true,0.5,0.7362924924853943,1.522085886770915
30,false,20,true,0.5,0.7319819819819819,1.5780434208057565
30,false,20,true,0.5,0.6977938742030301,1.397393106691177
30,false,20,true,0.5,0.673843918292856,1.4834535826932962
30,false,20,true,0.5,0.7015153128216047,1.459453269533057
30,false,20,true,0.5,0.6888309134906231,1.4747061289846117
30,false,20,true,0.5,0.7126394052044609,1.4982764569521247
30,false,20,true,0.5,0.6859700897646274,1.3868826939377392
30,false,20,false,0.1,0.18567809256941256,0.030853900554556724
30,false,20,false,0.1,0.17715935464027077,0.06383979133597428
30,false,20,false,0.1,0.19858335629855284,-0.07259985363177446
30,false,20,false,0.1,0.18949867336964105,-0.012742949700844441
30,false,20,false,0.1,0.1993380432649488,0.0075430986033033776
30,false,20,false,0.1,0.22076032837592824,-0.0453785614136315
30,false,20,false,0.1,0.2027489487120619,0.03211465100844002
30,false,20,false,0.1,0.19034179173645016,0.024998445171288353
30,false,20,false,0.1,0.22037118781850135,0.01296852459041542
30,false,20,false,0.1,0.17560993372660394,0.001500788280037746
30,false,20,false,0.1,0.20263635495271762,0.07443179113188503
30,false,20,false,0.1,0.20313504319061876,0.061207248831736116
30,false,20,false,0.1,0.2017048649378106,-0.06580240309271712
30,false,20,false,0.1,0.2042952469062227,0.0847850167645916
30,false,20,false,0.1,0.1951344547621826,0.011870182489922776
30,false,20,false,0.1,0.19883750321131707,2.668891372952231E-4
30,false,20,false,0.1,0.17931507732737878,-0.011524362388183107
30,false,20,false,0.1,0.19844040167824487,0.013153601353244504
30,false,20,false,0.1,0.20123477160850323,-0.049180992032532345
30,false,20,false,0.1,0.18620311320084007,0.03488182845772414
30,false,20,false,0.1,0.21093751543883854,-0.02263138316973201
30,false,20,false,0.1,0.22349235766940154,-0.0276830996667643
30,false,20,false,0.1,0.20120301154783923,-0.029377521762984138
30,false,20,false,0.1,0.20980172694192528,0.010283887345227782
30,false,20,false,0.1,0.18778720395899612,0.011263929616384338
30,false,20,false,0.1,0.20658610674627062,-0.015914175893314564
30,false,20,false,0.1,0.20864067957176907,0.03880195003673137
30,false,20,false,0.1,0.18496638987742184,0.02097254185942532
30,false,20,false,0.1,0.200971547536433,0.05430535808825354
30,false,20,false,0.1,0.1989609982770324,-0.016253783796412513
30,false,20,false,0.2,0.212152932167383,0.05116846341746051
30,false,20,false,0.2,0.1959306013453722,-0.0240229675114616
30,false,20,false,0.2,0.20939137264702473,-0.0015508254474987382
30,false,20,false,0.2,0.20780241533036126,-0.07447006424735747
30,false,20,false,0.2,0.20219442917353855,-0.057868142228931774
30,false,20,false,0.2,0.20496714096561153,-0.003768892275070712
30,false,20,false,0.2,0.21770040879850155,-0.009778032707123074
30,false,20,false,0.2,0.2126864636906425,-0.10144165517797532
30,false,20,false,0.2,0.18949351760598346,0.08396823433582234
30,false,20,false,0.2,0.19322082642403027,-0.013423405123770493
30,false,20,false,0.2,0.20463436064726842,0.03841558895867969
30,false,20,false,0.2,0.18040923634018705,-0.09784168038053576
30,false,20,false,0.2,0.18270101896434132,-0.01471859153922761
30,false,20,false,0.2,0.17848298605906157,-0.07905913562895428
30,false,20,false,0.2,0.2047056521264625,-0.08939548200442982
30,false,20,false,0.2,0.2103740833048006,-0.007912516517685653
30,false,20,false,0.2,0.20013084481311397,0.09277635688908958
30,false,20,false,0.2,0.19384772090654442,-0.010623734903320248
30,false,20,false,0.2,0.19457245263696873,0.00664945066655509
30,false,20,false,0.2,0.17201203495492798,-0.016832259089334833
30,false,20,false,0.2,0.18910809850961952,-0.03990467236832629
30,false,20,false,0.2,0.18257306584586142,0.04954305185585284
30,false,20,false,0.2,0.18507236794331328,-0.0017100656923352275
30,false,20,false,0.2,0.17967159615674044,-0.05986902956979279
30,false,20,false,0.2,0.19674899193548387,0.027522397733943826
30,false,20,false,0.2,0.17872294638465325,-0.019641258414274
30,false,20,false,0.2,0.20069823334664078,-0.04848729624062731
30,false,20,false,0.2,0.1982420958814148,-0.08887022736859507
30,false,20,false,0.2,0.19979068550497123,0.02715418344949505
30,false,20,false,0.2,0.21606771830964647,0.047905475553812416
30,false,20,false,0.3,0.21984567027569102,0.019521669538118402
30,false,20,false,0.3,0.2217318819260567,-0.022460024167274995
30,false,20,false,0.3,0.20406684647522352,0.029115322195588433
30,false,20,false,0.3,0.2039486379570965,-0.008970177702935622
30,false,20,false,0.3,0.20968614718614725,-0.004956927104606379
30,false,20,false,0.3,0.2534594256310409,0.0815491307759233
30,false,20,false,0.3,0.20141005245369586,0.0027855223748458613
30,false,20,false,0.3,0.19875348681807936,0.011931825433468823
30,false,20,false,0.3,0.1965748746680723,0.07929447459216021
30,false,20,false,0.3,0.19629324211512228,-0.012498680762336178
30,false,20,false,0.3,0.2131713962896383,-0.06328982926119142
30,false,20,false,0.3,0.1930821910622954,0.019603564091968728
30,false,20,false,0.3,0.16215616681455194,0.017524783021968915
30,false,20,false,0.3,0.19981842192142618,-0.04478721433693256
30,false,20,false,0.3,0.21401487279843454,-0.048929274669125
30,false,20,false,0.3,0.1750076587579913,-0.044840664464810054
30,false,20,false,0.3,0.196505287216857,-0.003685083999058314
30,false,20,false,0.3,0.20828963189121164,0.05060694516523334
30,false,20,false,0.3,0.21139716674458295,0.08566356296631739
30,false,20,false,0.3,0.19643524755060496,0.04823338079233874
30,false,20,false,0.3,0.21947847306527352,-0.07491231009841215
30,false,20,false,0.3,0.19001800637148533,-0.00310355508437965
30,false,20,false,0.3,0.21003661520679562,-0.025640436794117427
30,false,20,false,0.3,0.18338414339525141,0.04314646082135454
30,false,20,false,0.3,0.17478226100864006,-0.0390635163153954
30,false,20,false,0.3,0.18904145908351006,-0.062037763683580494
30,false,20,false,0.3,0.20324471347322967,0.026689828293855022
30,false,20,false,0.3,0.19551175745205587,-0.0379231808763576
30,false,20,false,0.3,0.2004455484316367,-0.011168979435104198
30,false,20,false,0.3,0.20700871727101958,-0.024235023579174175
30,false,20,false,0.4,0.21326715172442134,0.02971028688816002
30,false,20,false,0.4,0.20804711493882871,0.0025410174800448715
30,false,20,false,0.4,0.2154147654147654,-0.007024746042954
30,false,20,false,0.4,0.20024122219244184,0.008470379956725616
30,false,20,false,0.4,0.2205358357133143,0.042077786772084735
30,false,20,false,0.4,0.19766785620631866,-0.06701521871416727
30,false,20,false,0.4,0.23139543524578232,0.027121250495361515
30,false,20,false,0.4,0.18433856971937762,0.030695450262407498
30,false,20,false,0.4,0.1877796606942249,-0.03969761435314201
30,false,20,false,0.4,0.1918690426854538,0.019808633191088276
30,false,20,false,0.4,0.17086934417895272,0.009591733072109143
30,false,20,false,0.4,0.1722630252431772,-0.018389001877363143
30,false,20,false,0.4,0.20305078816314776,0.08425757536451073
30,false,20,false,0.4,0.20625509111672685,-0.027641477362656097
30,false,20,false,0.4,0.186670720919947,-0.031051023650962684
30,false,20,false,0.4,0.21256881190582846,-0.1029270131812714
30,false,20,false,0.4,0.18663228045420316,-0.05863584076559736
30,false,20,false,0.4,0.21383642565937275,0.03984742205881009
30,false,20,false,0.4,0.2169089932133999,0.01230422355616767
30,false,20,false,0.4,0.2009738014944658,-0.007177537648483501
30,false,20,false,0.4,0.2057169060200211,0.06263570085245451
30,false,20,false,0.4,0.2141557496360989,-0.046297595647533996
30,false,20,false,0.4,0.18460020371785074,0.06369735593974024
30,false,20,false,0.4,0.19127570512574918,-0.07780627529195883
30,false,20,false,0.4,0.1969526619592353,-2.553942327319092E-4
30,false,20,false,0.4,0.19416179640169362,-0.028319624208537952
30,false,20,false,0.4,0.19451507117362504,4.858477067406497E-4
30,false,20,false,0.4,0.23898011311804412,0.037929407557117045
30,false,20,false,0.4,0.19070344907492945,-1.879830557625084E-4
30,false,20,false,0.4,0.20875050639504605,0.09259749658987815
30,false,20,false,0.5,0.20122968054407564,0.008008122288567066
30,false,20,false,0.5,0.17860543960611983,-0.018938390810112615
30,false,20,false,0.5,0.21144244011643526,0.020944453866557744
30,false,20,false,0.5,0.19514522156672415,0.00849437528790542
30,false,20,false,0.5,0.19542937480274297,-0.016990552352813104
30,false,20,false,0.5,0.21865817326698378,0.0700271624078379
30,false,20,false,0.5,0.18401292903695096,0.06557622591303947
30,false,20,false,0.5,0.19428082746336325,0.001907796678554341
30,false,20,false,0.5,0.1884756226674119,0.028012659680269003
30,false,20,false,0.5,0.20192307692307687,-0.06491391631893517
30,false,20,false,0.5,0.18828626712350777,0.03533729852410428
30,false,20,false,0.5,0.22535180095530508,0.06305722695762395
30,false,20,false,0.5,0.20035168566577732,-0.04329718106653946
30,false,20,false,0.5,0.200702707856598,0.04665936036831031
30,false,20,false,0.5,0.21223912169402295,-0.07110551475250926
30,false,20,false,0.5,0.19027259780316624,-0.009150023700204457
30,false,20,false,0.5,0.21151051281907404,-0.009289798247255732
30,false,20,false,0.5,0.1836187310888846,-0.005361506057449006
30,false,20,false,0.5,0.20347764551267472,-0.03343984460928784
30,false,20,false,0.5,0.17052466318595058,0.056463129189564754
30,false,20,false,0.5,0.1991961985966781,-0.07164234759777433
30,false,20,false,0.5,0.1839876959883795,-0.023048419067065673
30,false,20,false,0.5,0.2018709011618229,-0.009200676148498843
30,false,20,false,0.5,0.17200415137699693,-0.011547999798969144
30,false,20,false,0.5,0.1891572811091911,0.0027189302424748263
30,false,20,false,0.5,0.18837112977096218,-0.04802152963526307
30,false,20,false,0.5,0.22107390609754796,-0.06132431747271738
30,false,20,false,0.5,0.19842210652783343,-0.050880039073311956
30,false,20,false,0.5,0.18209219529953283,0.022571210314862533
30,false,25,true,0.1,0.4618000429092469,0.9232916520972436
30,false,20,false,0.5,0.20152331257364078,0.10265551028079667
30,false,25,true,0.1,0.40471236072632455,0.8575916654626159
30,false,25,true,0.1,0.4227451533807263,0.7718846410230391
30,false,25,true,0.1,0.41368638361844773,0.7381214791601094
30,false,25,true,0.1,0.41265157225680976,0.8131521436177698
30,false,25,true,0.1,0.445992056087223,0.8498593739370319
30,false,25,true,0.1,0.4236119585112874,0.7212822414333644
30,false,25,true,0.1,0.4064682310475811,0.7204119921416376
30,false,25,true,0.1,0.43425929924569573,0.7536005569188724
30,false,25,true,0.1,0.38177112655345397,0.8070718971028601
30,false,25,true,0.1,0.44608137077068355,0.9203293553369338
30,false,25,true,0.1,0.4948479796777009,0.9814891178091694
30,false,25,true,0.1,0.46994840121815495,0.8925726524328992
30,false,25,true,0.1,0.4899841399359239,0.9567832089955131
30,false,25,true,0.1,0.4336606503765359,0.8645381384604418
30,false,25,true,0.1,0.41739662774858743,0.6500982576183318
30,false,25,true,0.1,0.48127455660987406,0.9180089484405807
30,false,25,true,0.1,0.41848351648351667,0.7700294898948954
30,false,25,true,0.1,0.4852578205266921,0.9796312884727598
30,false,25,true,0.1,0.3997005246036777,0.7822721957266943
30,false,25,true,0.1,0.4384789431296566,0.8253685959898851
30,false,25,true,0.1,0.4225115819361005,0.9099681609504886
30,false,25,true,0.1,0.4380955443369027,0.8662817613276168
30,false,25,true,0.1,0.5304452719358053,1.1716402941510484
30,false,25,true,0.1,0.46787598732917984,0.8140337924852235
30,false,25,true,0.1,0.4537028591408514,0.9987546573295667
30,false,25,true,0.1,0.4254802392953037,0.6815886612658231
30,false,25,true,0.1,0.4780433616793075,0.9740843886437398
30,false,25,true,0.1,0.4628268072653395,0.8187699505294175
30,false,25,true,0.1,0.39845102180868597,0.7066176423454342
30,false,25,true,0.2,0.5763875845019149,1.2873478140582595
30,false,25,true,0.2,0.5861602984801416,1.088083934880471
30,false,25,true,0.2,0.5900840754330815,1.112795601252687
30,false,25,true,0.2,0.5654186416451907,1.0837217942828472
30,false,25,true,0.2,0.5571878188239737,0.8746928535214584
30,false,25,true,0.2,0.622473071080065,1.190162580280461
30,false,25,true,0.2,0.5367127496159756,1.0024560281900037
30,false,25,true,0.2,0.5926458157227387,1.1967309454820345
30,false,25,true,0.2,0.6252103727547988,1.1646782308910453
30,false,25,true,0.2,0.6387897097866887,1.4646572378140679
30,false,25,true,0.2,0.5664548199142357,0.9696043987317182
30,false,25,true,0.2,0.5824449209068311,1.0724889102506534
30,false,25,true,0.2,0.5550460974838181,0.9952554099981263
30,false,25,true,0.2,0.5116538952745848,0.9996244027757122
30,false,25,true,0.2,0.6900335989998445,1.339217933320577
30,false,25,true,0.2,0.5537798162519971,1.0991853837438716
30,false,25,true,0.2,0.5420729614600367,0.8441951875074967
30,false,25,true,0.2,0.56001347103727,1.0389220080785702
30,false,25,true,0.2,0.6025725200535411,1.3628736539244644
30,false,25,true,0.2,0.5828435555294009,0.9051433722886371
30,false,25,true,0.2,0.5228574661653687,0.9103202035318221
30,false,25,true,0.2,0.6000172845907873,1.1627537970891373
30,false,25,true,0.2,0.5707717227577594,1.2024571746246213
30,false,25,true,0.2,0.491429520681856,0.9430541628506202
30,false,25,true,0.2,0.637041675735698,1.3079847663253519
30,false,25,true,0.2,0.5738151680884029,1.091770722877384
30,false,25,true,0.2,0.5577102447761638,0.9727789937084763
30,false,25,true,0.2,0.5663806451730018,1.102516025930746
30,false,25,true,0.2,0.5797734428051112,1.008095813580744
30,false,25,true,0.2,0.5716749197935554,1.3074206693989918
30,false,25,true,0.3,0.687594417857784,1.5162015756879095
30,false,25,true,0.3,0.6066666666666667,1.1261317283698844
30,false,25,true,0.3,0.5725426039536469,1.2980445533419136
30,false,25,true,0.3,0.6631915817158649,1.4508716383934592
30,false,25,true,0.3,0.6117380940798752,1.2143918206721
30,false,25,true,0.3,0.5951391080849526,1.1576101650899986
30,false,25,true,0.3,0.7230676738319,1.5881097709495968
30,false,25,true,0.3,0.6396826633328142,1.4490846663182593
30,false,25,true,0.3,0.598770880123526,1.3391653418562166
30,false,25,true,0.3,0.5919091101370423,1.3454304161659358
30,false,25,true,0.3,0.685089643180428,1.3936639235092514
30,false,25,true,0.3,0.6345860374001929,0.9791438322507933
30,false,25,true,0.3,0.6170325279895134,1.1654498550988226
30,false,25,true,0.3,0.6037277621722846,1.1047002497072471
30,false,25,true,0.3,0.631477942917559,1.1915743688352327
30,false,25,true,0.3,0.6155132603957618,0.9941839062208269
30,false,25,true,0.3,0.6137302337876199,1.091425787644547
30,false,25,true,0.3,0.6582055451378829,1.4166783909150888
30,false,25,true,0.3,0.593928035982009,1.235950172377012
30,false,25,true,0.3,0.6503395783245994,1.3366946580802912
30,false,25,true,0.3,0.6320114874180178,1.4343909003630682
30,false,25,true,0.3,0.6054237675307141,1.0870935955646397
30,false,25,true,0.3,0.707653083145702,1.393014260045791
30,false,25,true,0.3,0.6354753461092545,1.2663748240319714
30,false,25,true,0.3,0.6130446517803082,1.2753505880126914
30,false,25,true,0.3,0.6203229503073232,1.122191896719544
30,false,25,true,0.3,0.6742881330523194,1.3654281416256646
30,false,25,true,0.3,0.6112813426259716,1.4115305255599058
30,false,25,true,0.3,0.5209687041485949,0.9143324220710118
30,false,25,true,0.3,0.5401436215150662,1.0359750860873609
30,false,25,true,0.4,0.6866596165258868,1.159179196335569
30,false,25,true,0.4,0.7120566428187062,1.2561089088565511
30,false,25,true,0.4,0.5998712804150853,1.2211957691671875
30,false,25,true,0.4,0.6638443256090315,1.4109989621701597
30,false,25,true,0.4,0.7651510974874667,1.7306370271051899
30,false,25,true,0.4,0.6887519103413147,1.1794917301127557
30,false,25,true,0.4,0.6540098394702349,1.4672792616566843
30,false,25,true,0.4,0.6884731710653303,1.2598288166816207
30,false,25,true,0.4,0.65749976072957,1.4815328869698714
30,false,25,true,0.4,0.6667022033977934,1.4273375428948585
30,false,25,true,0.4,0.604124419323755,1.1515056773608086
30,false,25,true,0.4,0.7338691617628517,1.620476462710677
30,false,25,true,0.4,0.6602694015708276,1.214579829541627
30,false,25,true,0.4,0.6883673207176491,1.3860694857693519
30,false,25,true,0.4,0.6701388433760206,1.2018939785451588
30,false,25,true,0.4,0.6276994677641831,1.221427566048356
30,false,25,true,0.4,0.6766809151039865,1.2619987126769336
30,false,25,true,0.4,0.6175842552096731,1.3078751349705051
30,false,25,true,0.4,0.6354434101354596,1.2929056476478742
30,false,25,true,0.4,0.6297334494433635,1.2434619332063717
30,false,25,true,0.4,0.6800724637681158,1.4955167924196742
30,false,25,true,0.4,0.661993930615905,1.2197340848255145
30,false,25,true,0.4,0.6598685585986858,1.2958568622987645
30,false,25,true,0.4,0.6487780587586292,1.0920151101401094
30,false,25,true,0.4,0.6482803874674729,1.3448314071483356
30,false,25,true,0.4,0.629052160923809,1.2758699810889338
30,false,25,true,0.4,0.6710808149824048,1.5303959925421404
30,false,25,true,0.4,0.639545161453918,1.3615182886003687
30,false,25,true,0.4,0.7261784788403258,1.8098994113006244
30,false,25,true,0.4,0.6814660547532048,1.489467268830924
30,false,25,true,0.5,0.6358784666145011,1.287642849234854
30,false,25,true,0.5,0.6173590054578525,1.2364212542364177
30,false,25,true,0.5,0.662825327983518,1.3853580375188326
30,false,25,true,0.5,0.6141461023336976,1.2122807486515477
30,false,25,true,0.5,0.6051510376713035,1.4265859040622306
30,false,25,true,0.5,0.6860851006082139,1.4550958708886217
30,false,25,true,0.5,0.6679405738485328,1.378377098636773
30,false,25,true,0.5,0.6441467541608309,1.2267036185030857
30,false,25,true,0.5,0.6824087804501581,1.5296008909476404
30,false,25,true,0.5,0.6580299338670381,1.266880949567259
30,false,25,true,0.5,0.6929498311040814,1.407302014966728
30,false,25,true,0.5,0.6613182181527505,1.2505652128996516
30,false,25,true,0.5,0.7171701530381236,1.5670099018183592
30,false,25,true,0.5,0.7069657356029969,1.3127938077004435
30,false,25,true,0.5,0.7059266897976578,1.2877255506558933
30,false,25,true,0.5,0.7163779518972296,1.4820337799195133
30,false,25,true,0.5,0.6492504409171077,1.3668463874034948
30,false,25,true,0.5,0.6979189485213583,1.1884711278227869
30,false,25,true,0.5,0.6949072335453819,1.2499565117605762
30,false,25,true,0.5,0.7072743454937188,1.4482384328319755
30,false,25,true,0.5,0.6954645389324862,1.2728479837131061
30,false,25,true,0.5,0.6845034705826202,1.4951338649573662
30,false,25,true,0.5,0.641027510560829,1.1404138877006922
30,false,25,true,0.5,0.6805602196629992,1.2994195957377181
30,false,25,true,0.5,0.7138303071861576,1.6409467811839615
30,false,25,true,0.5,0.7136083058046246,1.5899980865020167
30,false,25,true,0.5,0.6950657670917446,1.4210351392673832
30,false,25,true,0.5,0.6210620938010981,1.3494071467703064
30,false,25,true,0.5,0.6305753469065593,1.1275892530834613
30,false,25,false,0.1,0.20594994845570333,-0.04564904967662464
30,false,25,true,0.5,0.6506281591092232,1.5127633026991818
30,false,25,false,0.1,0.1708322275075026,0.053976924587563424
30,false,25,false,0.1,0.17082906221849464,0.0024331011616745
30,false,25,false,0.1,0.1738746712716272,0.005228148451731585
30,false,25,false,0.1,0.18141721666311836,0.03568861563485992
30,false,25,false,0.1,0.19516830060453647,0.03359406082540506
30,false,25,false,0.1,0.1768817754417332,0.057135410454802305
30,false,25,false,0.1,0.19107877617635566,0.02720432788268301
30,false,25,false,0.1,0.18275305299376704,0.02313492803197459
30,false,25,false,0.1,0.18584070796460175,0.009551496919475433
30,false,25,false,0.1,0.16991992559658833,0.01713404022778331
30,false,25,false,0.1,0.18148070567425412,0.027412301245619553
30,false,25,false,0.1,0.2032364076643669,-0.05896411746355135
30,false,25,false,0.1,0.19446190972891056,0.05765553413828428
30,false,25,false,0.1,0.17045230631437525,0.0846573174088352
30,false,25,false,0.1,0.1858628200974768,0.024070758975967443
30,false,25,false,0.1,0.1988879176379176,-0.002888935272894244
30,false,25,false,0.1,0.18289416179903126,0.028536789344257407
30,false,25,false,0.1,0.19186216312911164,0.021652815052306096
30,false,25,false,0.1,0.19405552043826382,0.055878480549956144
30,false,25,false,0.1,0.16734858556630677,0.09096340237678824
30,false,25,false,0.1,0.21948819167204522,-0.05803462414796989
30,false,25,false,0.1,0.16756693090006505,-0.022897870079232163
30,false,25,false,0.1,0.1982639587568779,0.10115528470296731
30,false,25,false,0.1,0.18959086356017857,0.008763508996713298
30,false,25,false,0.1,0.20168881506090816,-0.022746363514452916
30,false,25,false,0.1,0.18853903130429475,-0.007586904344669243
30,false,25,false,0.1,0.179879616990128,-0.02117312953986783
30,false,25,false,0.1,0.17369330511878123,0.07154601240670555
30,false,25,false,0.1,0.14338751790352314,0.002211565233852575
30,false,25,false,0.2,0.19672030822370878,-0.010073348662134052
30,false,25,false,0.2,0.18301868360817822,0.026905515370229338
30,false,25,false,0.2,0.1651647428274384,-0.01513476570878236
30,false,25,false,0.2,0.17832706254245706,-0.05358577756772753
30,false,25,false,0.2,0.18825125315244223,0.002763616784219103
30,false,25,false,0.2,0.1776495906640339,0.023248047413738426
30,false,25,false,0.2,0.18812219331773464,0.006959260111862875
30,false,25,false,0.2,0.18443814126133704,-0.006729371186552591
30,false,25,false,0.2,0.1535508776710493,-0.027669334719854
30,false,25,false,0.2,0.19636090225563907,0.0614302666557931
30,false,25,false,0.2,0.16712559985275838,-0.026419208782755277
30,false,25,false,0.2,0.17846548032653076,-0.040947432407617335
30,false,25,false,0.2,0.18670020379312247,-0.05243951890299137
30,false,25,false,0.2,0.17489900100709607,0.004679124868489204
30,false,25,false,0.2,0.1697412773707746,0.017513464180384908
30,false,25,false,0.2,0.18308908762046622,0.00653965582508409
30,false,25,false,0.2,0.19618594720496896,0.0027668269092746556
30,false,25,false,0.2,0.20034990737232478,0.06254741541644648
30,false,25,false,0.2,0.19560224269435889,-0.0052029358657881275
30,false,25,false,0.2,0.17453877646427954,0.02278242893160609
30,false,25,false,0.2,0.19906367479877943,0.04855486025262579
30,false,25,false,0.2,0.1872527628474625,0.020101943227994745
30,false,25,false,0.2,0.16473389355742296,-0.052984451558024226
30,false,25,false,0.2,0.18050190513730127,0.06426014899573307
30,false,25,false,0.2,0.17158612135155354,0.04603135774643441
30,false,25,false,0.2,0.1840250227113304,0.0341638956739283
30,false,25,false,0.2,0.17508946645459797,0.015872484483845817
30,false,25,false,0.2,0.1691167007174095,-0.012217726202541357
30,false,25,false,0.2,0.17265823318130594,-0.11225535865845693
30,false,25,false,0.2,0.1798717801190499,-0.051838560449660065
30,false,25,false,0.3,0.17583193951084225,-0.01636034204005199
30,false,25,false,0.3,0.18144748426647528,-0.013235102188124515
30,false,25,false,0.3,0.22393090298828763,-0.07679055744899266
30,false,25,false,0.3,0.1723083983848176,-0.08029773456501044
30,false,25,false,0.3,0.18418995634927304,-0.027423754459994676
30,false,25,false,0.3,0.17677495948991168,-0.06100442456408661
30,false,25,false,0.3,0.1720518632566362,0.019178235081230177
30,false,25,false,0.3,0.18298276160847643,0.03421948634859717
30,false,25,false,0.3,0.1833720891105417,0.014653458220859505
30,false,25,false,0.3,0.14913186452110155,-0.07167578269422403
30,false,25,false,0.3,0.1622924217294264,-0.05407341995476855
30,false,25,false,0.3,0.17425214426321706,-0.034979634704373375
30,false,25,false,0.3,0.21335977159725383,-0.007270219695737268
30,false,25,false,0.3,0.17608486822870995,0.010405109447909844
30,false,25,false,0.3,0.1720964909456142,-0.09811488226910381
30,false,25,false,0.3,0.17068110026365402,0.03467935321543081
30,false,25,false,0.3,0.19127476485891534,0.023793531020598557
30,false,25,false,0.3,0.1742609435149836,-0.005058993506778187
30,false,25,false,0.3,0.19109294591598555,0.004013450196381996
30,false,25,false,0.3,0.17945030117099592,0.09393458242787212
30,false,25,false,0.3,0.1789617510117053,0.0492336061398273
30,false,25,false,0.3,0.18196723338922227,0.024797601721359364
30,false,25,false,0.3,0.17912327172757012,0.022624414196986464
30,false,25,false,0.3,0.18297210787937151,0.032046598976443796
30,false,25,false,0.3,0.16658852945772773,0.03952997855780627
30,false,25,false,0.3,0.2144127188207184,-0.003126536891623566
30,false,25,false,0.3,0.18839753818098925,0.009072691843652336
30,false,25,false,0.3,0.1686931329836104,0.0544697673410548
30,false,25,false,0.3,0.17132816867662332,0.017508163659345932
30,false,25,false,0.3,0.19630880083064176,0.07781342772775002
30,false,25,false,0.4,0.19857946245983057,0.1026235059174283
30,false,25,false,0.4,0.17605585124766712,-0.09845157789080616
30,false,25,false,0.4,0.17145213063580417,-0.023244960080676336
30,false,25,false,0.4,0.20250457941819994,0.046314613164064156
30,false,25,false,0.4,0.1916079456798216,-0.015155471003127197
30,false,25,false,0.4,0.18998786853907795,-0.07680541668492946
30,false,25,false,0.4,0.17118157929587574,0.041112457603184716
30,false,25,false,0.4,0.17130442476647836,0.03778211585201685
30,false,25,false,0.4,0.16554433221099885,-0.01256027726159381
30,false,25,false,0.4,0.21643356643356643,0.027797804847659258
30,false,25,false,0.4,0.20289088039861752,0.03255353575069009
30,false,25,false,0.4,0.18990643006925234,0.056530873199925225
30,false,25,false,0.4,0.17850492503339324,0.026401702206316102
30,false,25,false,0.4,0.1857487430357385,0.02360999724644497
30,false,25,false,0.4,0.18600209723120856,0.09293856991468985
30,false,25,false,0.4,0.19762995462796454,-0.08761832939694614
30,false,25,false,0.4,0.18640776699029124,-0.01628446628713931
30,false,25,false,0.4,0.17754301491632704,0.011058781787096628
30,false,25,false,0.4,0.20503231203268482,0.017418903956376575
30,false,25,false,0.4,0.20020389509948675,0.019785678123132477
30,false,25,false,0.4,0.19814355298226263,0.033601140893953385
30,false,25,false,0.4,0.18230485859118425,-0.007908040327225585
30,false,25,false,0.4,0.19205393562636927,0.043660288241329503
30,false,25,false,0.4,0.19250373081296204,0.05242395699593683
30,false,25,false,0.4,0.18032851515879192,0.01810507497018854
30,false,25,false,0.4,0.18784875675193083,-0.0010103694861758328
30,false,25,false,0.4,0.1755829651448207,0.06104885141602079
30,false,25,false,0.4,0.15050096840813673,0.03686760356711272
30,false,25,false,0.4,0.1934712547195081,0.066039816235965
30,false,25,false,0.4,0.1946838405564208,0.012756142377653212
30,false,25,false,0.5,0.1887382609570852,0.09009791679788837
30,false,25,false,0.5,0.17036922471246585,-0.045326252279327406
30,false,25,false,0.5,0.1973382714340106,-0.009795696126075448
30,false,25,false,0.5,0.1921940919065839,0.0209668085557162
30,false,25,false,0.5,0.18540440410816264,0.0013718828508046954
30,false,25,false,0.5,0.20756180534778318,0.03164196047472689
30,false,25,false,0.5,0.193135463584601,0.02426603896018964
30,false,25,false,0.5,0.18457786231439435,0.11251687403942423
30,false,25,false,0.5,0.20353134013198176,-0.0035227852267949444
30,false,25,false,0.5,0.15165526589760966,-0.04779084710093873
30,false,25,false,0.5,0.1887100310480716,0.06941919547597575
30,false,25,false,0.5,0.1710072956045029,-0.03439863906426144
30,false,25,false,0.5,0.1785936492402615,0.024014070220419903
30,false,25,false,0.5,0.1950231481481481,0.011797754155312035
30,false,25,false,0.5,0.1734548651428193,0.018990001478075058
30,false,25,false,0.5,0.18888544891640863,0.058866427107772346
30,false,25,false,0.5,0.20192784522177104,-0.029787954774519676
30,false,25,false,0.5,0.18860572787600485,0.003180197299516685
30,false,25,false,0.5,0.17127946472766992,0.0709826960605584
30,false,25,false,0.5,0.18110426843625532,0.03530650603193397
30,false,25,false,0.5,0.17665359579084708,-0.023256244035860796
30,false,25,false,0.5,0.1942067276927948,-0.021534237002616585
30,false,25,false,0.5,0.16939907839879628,-0.06896297469673307
30,false,25,false,0.5,0.20437844675649552,-0.021318066076613462
30,false,25,false,0.5,0.13902309294800755,0.05432656175743755
30,false,25,false,0.5,0.17555025999832505,0.05297275391812928
30,false,25,false,0.5,0.1820175438596491,-0.005768119934902671
30,false,25,false,0.5,0.18248270166789696,-0.03225965740229597
30,false,25,false,0.5,0.19923443332700638,-0.0592727061061904
30,false,30,true,0.1,0.48975921932540095,0.9643241908931861
30,false,25,false,0.5,0.18076081960134283,0.036603926591079805
30,false,30,true,0.1,0.4489177100245788,0.8873331925787307
30,false,30,true,0.1,0.46098555428663035,0.8187502269006206
30,false,30,true,0.1,0.43362142261103853,0.756625290593246
30,false,30,true,0.1,0.5037935323383085,0.9676145201665456
30,false,30,true,0.1,0.45913693685635093,0.8804119657002074
30,false,30,true,0.1,0.43014640207111887,0.8050127714347068
30,false,30,true,0.1,0.47011555627537466,0.9723878292873565
30,false,30,true,0.1,0.3816062506331349,0.6418827688642734
30,false,30,true,0.1,0.36423714836942983,0.6071112495609805
30,false,30,true,0.1,0.4628103607103731,0.9331836860492446
30,false,30,true,0.1,0.3752174127917638,0.6957783882377191
30,false,30,true,0.1,0.43378309724463565,0.79957884679283
30,false,30,true,0.1,0.48969266857506355,0.9200107466664811
30,false,30,true,0.1,0.42049503457486925,0.7754131867808765
30,false,30,true,0.1,0.34333403796558576,0.5613651155993571
30,false,30,true,0.1,0.4115863204355159,0.6879163908453991
30,false,30,true,0.1,0.38018258597233257,0.571365210902079
30,false,30,true,0.1,0.531605865759956,1.0365995107694035
30,false,30,true,0.1,0.3700675511197664,0.6313897899856817
30,false,30,true,0.1,0.43469296059994617,0.8634530070013291
30,false,30,true,0.1,0.3568988909863142,0.6294240234587898
30,false,30,true,0.1,0.4538574950649946,0.8230657471712526
30,false,30,true,0.1,0.4210948589767327,0.6508665214740761
30,false,30,true,0.1,0.45547609601605926,0.9123308770299836
30,false,30,true,0.1,0.4424938257924896,0.9854361121647255
30,false,30,true,0.1,0.4799749687108885,0.8996242963642525
30,false,30,true,0.1,0.4694488333950189,0.8881924091061357
30,false,30,true,0.1,0.4615652326306163,0.8695165068206796
30,false,30,true,0.1,0.4166986810090922,0.7979536071530076
30,false,30,true,0.2,0.5644120373671823,1.1415938286906897
30,false,30,true,0.2,0.4595814977973569,0.6829562341258528
30,false,30,true,0.2,0.5470970664103714,0.9150594984185068
30,false,30,true,0.2,0.6144383586244054,1.1360470373440599
30,false,30,true,0.2,0.571891698097202,1.132715129406571
30,false,30,true,0.2,0.5736725414302356,1.1986298629812753
30,false,30,true,0.2,0.5389763932138566,0.9716322702316331
30,false,30,true,0.2,0.6027148740367368,1.1180464389855214
30,false,30,true,0.2,0.5131299542331078,0.9468017772218369
30,false,30,true,0.2,0.5423873051301837,0.9555725078248107
30,false,30,true,0.2,0.5767297291499319,1.0862457568838115
30,false,30,true,0.2,0.5309491942461607,0.8862475181546152
30,false,30,true,0.2,0.5934065934065934,1.1193559877834893
30,false,30,true,0.2,0.5404197227038263,1.0808396413325214
30,false,30,true,0.2,0.536254930352963,0.9248051244048208
30,false,30,true,0.2,0.5636983411134845,1.082450896517173
30,false,30,true,0.2,0.5370706489591858,1.0530125683102725
30,false,30,true,0.2,0.6187882661643007,1.2152925002198227
30,false,30,true,0.2,0.55062289039875,0.9957935270910241
30,false,30,true,0.2,0.5946370562382128,1.1366742174251332
30,false,30,true,0.2,0.5102401377888726,0.9030797997895581
30,false,30,true,0.2,0.5168808851224105,0.9850234393064481
30,false,30,true,0.2,0.5449334616001283,1.1258059760639112
30,false,30,true,0.2,0.5973233142882554,1.2526182673111457
30,false,30,true,0.2,0.5864173651407694,1.143160527730795
30,false,30,true,0.2,0.5621362277803993,0.9937619260772799
30,false,30,true,0.2,0.5702301664026985,1.1517829761544727
30,false,30,true,0.2,0.5165614571187329,1.0210477549082464
30,false,30,true,0.2,0.5708243916721095,1.1827335674976052
30,false,30,true,0.2,0.5658211436582673,1.148351915732981
30,false,30,true,0.3,0.5807506713730429,1.1389570114857932
30,false,30,true,0.3,0.5742183950854762,0.9753863357845205
30,false,30,true,0.3,0.6027632916635289,1.2791643235127186
30,false,30,true,0.3,0.5941567152329482,1.1765275069295713
30,false,30,true,0.3,0.6606215104116155,1.2625308044432089
30,false,30,true,0.3,0.5866171695160805,1.2390085488761606
30,false,30,true,0.3,0.6414769936138853,1.2181041241601358
30,false,30,true,0.3,0.570149211698497,0.891528923281844
30,false,30,true,0.3,0.5545037812079145,0.9404923041296716
30,false,30,true,0.3,0.6535647551838614,1.2802598195488422
30,false,30,true,0.3,0.6305984231436941,1.1476885913003478
30,false,30,true,0.3,0.6656611804213279,1.3336830023603827
30,false,30,true,0.3,0.5809053788170755,1.0873351371812365
30,false,30,true,0.3,0.6117276624603388,1.192287298694576
30,false,30,true,0.3,0.5926612597207724,1.247653797396758
30,false,30,true,0.3,0.6837208114915923,1.449673013742947
30,false,30,true,0.3,0.6132765590948419,1.1921179511954243
30,false,30,true,0.3,0.5838276492082826,1.002227629631662
30,false,30,true,0.3,0.55609326051315,1.0012563583323733
30,false,30,true,0.3,0.576213671766693,1.0480149484133703
30,false,30,true,0.3,0.6598223806049724,1.3329590302627778
30,false,30,true,0.3,0.6095109099675226,1.2881826937362888
30,false,30,true,0.3,0.621039253058974,0.9802098103340562
30,false,30,true,0.3,0.6137856369541681,1.2674699374698841
30,false,30,true,0.3,0.6397550594979589,1.1659392609904673
30,false,30,true,0.3,0.5710880931241984,1.0775120160319718
30,false,30,true,0.3,0.5966428212851405,1.2997126428713033
30,false,30,true,0.3,0.6028613450152127,1.0707662906298863
30,false,30,true,0.3,0.6708234734878524,1.3585115536501995
30,false,30,true,0.3,0.6371612544886205,1.3316051771941124
30,false,30,true,0.4,0.64012440016277,1.109956139989488
30,false,30,true,0.4,0.6136662793109644,1.3846212086058705
30,false,30,true,0.4,0.5641046786519324,1.1234908345452421
30,false,30,true,0.4,0.6330962059620598,1.257850025236582
30,false,30,true,0.4,0.6070415711101779,1.248934586501866
30,false,30,true,0.4,0.5786415563761189,1.061809065894467
30,false,30,true,0.4,0.5902141109039951,1.0915888453057736
30,false,30,true,0.4,0.5370930364464325,1.1065561005363271
30,false,30,true,0.4,0.6146232877264944,1.2962299694721535
30,false,30,true,0.4,0.6466937650970125,1.4031212861654243
30,false,30,true,0.4,0.5745375236824383,1.1172957197055506
30,false,30,true,0.4,0.6686936176785213,1.4634265722318078
30,false,30,true,0.4,0.5904126296983437,1.052139871693801
30,false,30,true,0.4,0.6368145996126362,1.2227880693071551
30,false,30,true,0.4,0.6644220304726368,1.2847317262180962
30,false,30,true,0.4,0.6206764906097264,1.3881906485759226
30,false,30,true,0.4,0.6210568464782211,1.1692261902924805
30,false,30,true,0.4,0.6509807713928768,1.2880431376927826
30,false,30,true,0.4,0.6078519811824047,1.3332618151468925
30,false,30,true,0.4,0.6448550130185111,1.3020531956349677
30,false,30,true,0.4,0.6518366896441006,1.2986100860760512
30,false,30,true,0.4,0.5997378768020971,1.171196866238148
30,false,30,true,0.4,0.6374783492371902,1.3236439781186462
30,false,30,true,0.4,0.6625634642525672,1.168390127321092
30,false,30,true,0.4,0.6017166531210973,1.2573100069252696
30,false,30,true,0.4,0.6058606695545418,1.0410135278350134
30,false,30,true,0.4,0.6512776445779916,1.1940479077481125
30,false,30,true,0.4,0.6330496036112663,1.1726204492012
30,false,30,true,0.4,0.60037266140779,1.2871239322064154
30,false,30,true,0.4,0.6567167829543338,1.3413503647943683
30,false,30,true,0.5,0.6555023923444971,1.3177331237086705
30,false,30,true,0.5,0.626934867579136,1.1370509806678717
30,false,30,true,0.5,0.6171267878927602,1.3269589438261251
30,false,30,true,0.5,0.5646976136423629,1.0969414478724602
30,false,30,true,0.5,0.6242552518099457,1.1935037792111656
30,false,30,true,0.5,0.6446442015335051,1.6175055527589688
30,false,30,true,0.5,0.5895797843233928,1.1977028515578771
30,false,30,true,0.5,0.60820066785742,1.364940566185001
30,false,30,true,0.5,0.6218550277199949,1.0446718074634864
30,false,30,true,0.5,0.658056454107007,1.427645344622861
30,false,30,true,0.5,0.6590887772477404,1.1998218793956346
30,false,30,true,0.5,0.6110893524626207,1.0223385079200282
30,false,30,true,0.5,0.610884901865509,1.1952824594148659
30,false,30,true,0.5,0.6432274657086875,1.1284281617946883
30,false,30,true,0.5,0.6312256540907546,1.2500773058799597
30,false,30,true,0.5,0.7036588976100749,1.412329151743699
30,false,30,true,0.5,0.6406640503887588,1.279523155795097
30,false,30,true,0.5,0.6974992520173722,1.315374641816649
30,false,30,true,0.5,0.5807625191603643,1.1644073253935439
30,false,30,true,0.5,0.6309692228458574,1.1416313807773166
30,false,30,true,0.5,0.6209487397828207,1.2944788149011197
30,false,30,true,0.5,0.6373761042878685,1.1799383428371364
30,false,30,true,0.5,0.6703350660028927,1.444465099387581
30,false,30,true,0.5,0.6973988451084188,1.4325029460723577
30,false,30,true,0.5,0.6355825039136657,1.348160519826652
30,false,30,true,0.5,0.66077864283172,1.267487291987397
30,false,30,true,0.5,0.6269707642130223,1.1086228064437655
30,false,30,true,0.5,0.5967899944486171,1.0351247095974339
30,false,30,true,0.5,0.6434522737016073,1.363380001921489
30,false,30,true,0.5,0.671760451753517,1.5006611611158993
30,false,30,false,0.1,0.16900535017642623,-0.013490640805637
30,false,30,false,0.1,0.1738253051193894,0.01459920801254988
30,false,30,false,0.1,0.18062192861193682,0.03357642552762741
30,false,30,false,0.1,0.14841752135725664,-0.026641769006283234
30,false,30,false,0.1,0.18104879069537996,-0.0015434813368040423
30,false,30,false,0.1,0.14856393821066335,0.011688552500892513
30,false,30,false,0.1,0.15492650072590944,-0.04764131335521604
30,false,30,false,0.1,0.17830025266338462,2.8845695028056895E-4
30,false,30,false,0.1,0.16281351600587932,-0.0030416267264534724
30,false,30,false,0.1,0.21043951187793158,0.003437482429487382
30,false,30,false,0.1,0.19243951128931586,-0.0902769888322954
30,false,30,false,0.1,0.160157831223352,-0.030730637776456682
30,false,30,false,0.1,0.17708372788909515,0.035383991280906635
30,false,30,false,0.1,0.16044978056711462,0.0379195387208382
30,false,30,false,0.1,0.17454908209584763,-0.009592545438223077
30,false,30,false,0.1,0.14778461024676748,0.02881467294809692
30,false,30,false,0.1,0.18238301382145145,-0.06916767898447418
30,false,30,false,0.1,0.1684473270440251,-0.08622178310695006
30,false,30,false,0.1,0.21326704925646908,-0.07290479721461818
30,false,30,false,0.1,0.17282007840918406,0.0552592890358552
30,false,30,false,0.1,0.1830925962711768,-0.057761746393701685
30,false,30,false,0.1,0.16577434739563904,0.07466177615005432
30,false,30,false,0.1,0.1716097627747888,0.03985636068087661
30,false,30,false,0.1,0.18462751714778264,-0.06105371429108253
30,false,30,false,0.1,0.18804453572586746,0.02670719655887499
30,false,30,false,0.1,0.1758118056797245,-0.014136089151308262
30,false,30,false,0.1,0.19477772478839517,-0.023158977744244247
30,false,30,false,0.1,0.16525432097139975,0.06386811469136777
30,false,30,false,0.1,0.17145510489345697,0.02144322943281818
30,false,30,false,0.1,0.1773465746570881,-0.009075543133203468
30,false,30,false,0.2,0.16303865924979064,5.236825239993692E-4
30,false,30,false,0.2,0.2005667149032342,0.030531839391851
30,false,30,false,0.2,0.16905162214334649,0.03738516147645754
30,false,30,false,0.2,0.16889746281070128,0.0020067482325432096
30,false,30,false,0.2,0.18206639307421854,0.06647525493930306
30,false,30,false,0.2,0.18810158011770345,0.005238761824701399
30,false,30,false,0.2,0.17523647528666716,0.010538052863725333
30,false,30,false,0.2,0.16451257244889764,0.029208545291380617
30,false,30,false,0.2,0.17385497930485788,-0.013442944896661757
30,false,30,false,0.2,0.1579112564193079,-0.011889345565315956
30,false,30,false,0.2,0.19061360874848118,0.025515904025229297
30,false,30,false,0.2,0.19477849719004608,-0.018169668634195446
30,false,30,false,0.2,0.1935628670646034,-0.007638483049017708
30,false,30,false,0.2,0.1637712693517837,0.020888120724970705
30,false,30,false,0.2,0.18030290670799687,-0.032117709629618574
30,false,30,false,0.2,0.16573263745584416,-0.017274528755690355
30,false,30,false,0.2,0.1355368916188378,0.012087921048896
30,false,30,false,0.2,0.17113066266158608,-0.025048373545413227
30,false,30,false,0.2,0.17292413446197857,-0.03885393824383154
30,false,30,false,0.2,0.16925472994985982,0.0430821694858885
30,false,30,false,0.2,0.21643377123253285,-0.002910106098073406
30,false,30,false,0.2,0.1648671048542124,0.0657175876154561
30,false,30,false,0.2,0.18986369543957177,-0.10227289561118447
30,false,30,false,0.2,0.15632888403226944,0.008743445366301117
30,false,30,false,0.2,0.16413944723618082,-0.03659039425977273
30,false,30,false,0.2,0.16004172383859308,0.05027989442585046
30,false,30,false,0.2,0.17991425961065438,-0.1018532170303823
30,false,30,false,0.2,0.1771222421360848,0.06490833914610405
30,false,30,false,0.2,0.20101899912838467,-0.04985920715213599
30,false,30,false,0.2,0.1950643300132683,0.014493887595302013
30,false,30,false,0.3,0.16522334471750538,-0.0450657452071086
30,false,30,false,0.3,0.16244531760683267,-0.07136233354598165
30,false,30,false,0.3,0.1704527863777089,-0.01133112346477727
30,false,30,false,0.3,0.18499769540153677,-0.09238344537421384
30,false,30,false,0.3,0.19921930002972613,-0.07830527050295544
30,false,30,false,0.3,0.17663024046493783,-0.046403810741249885
30,false,30,false,0.3,0.17925752010786183,0.021431596950134413
30,false,30,false,0.3,0.18989167624073633,-0.009761245936190655
30,false,30,false,0.3,0.19294385196913952,-0.06014025105530063
30,false,30,false,0.3,0.19002895414962168,-0.024667880420959243
30,false,30,false,0.3,0.1757637690942273,-0.06833622424402552
30,false,30,false,0.3,0.17642827784628026,-0.0681655825187848
30,false,30,false,0.3,0.1722405009750748,0.04325875595309814
30,false,30,false,0.3,0.18013111134338494,0.019385700526814098
30,false,30,false,0.3,0.18531132384225166,0.030083878447587864
30,false,30,false,0.3,0.2168129866490523,0.02115470065563052
30,false,30,false,0.3,0.18690128485108332,-0.11714810593137326
30,false,30,false,0.3,0.17731623956555773,0.04509071953118937
30,false,30,false,0.3,0.17952461677657908,0.011441862394648616
30,false,30,false,0.3,0.15719338133131236,0.06855805194630893
30,false,30,false,0.3,0.19129032258064513,0.12326061348420847
30,false,30,false,0.3,0.19812140199015252,0.019211180763652358
30,false,30,false,0.3,0.17778147654978552,-0.059424069471538665
30,false,30,false,0.3,0.18489575383863982,-0.05315814123752727
30,false,30,false,0.3,0.19063182845079804,0.006700949514511834
30,false,30,false,0.3,0.19786412552369997,-0.015883073795548874
30,false,30,false,0.3,0.16785752346599994,-0.08865494712533994
30,false,30,false,0.3,0.17661215251509194,-0.009096625342543518
30,false,30,false,0.3,0.14207153637435765,0.0185485767527096
30,false,30,false,0.3,0.1604765066202353,-0.08357492081100926
30,false,30,false,0.4,0.14760951430492447,-0.008544073975119915
30,false,30,false,0.4,0.15897153386586632,-0.003749285599256247
30,false,30,false,0.4,0.1634021507581726,-0.00799406488797505
30,false,30,false,0.4,0.1997918498365029,-0.04401535145371227
30,false,30,false,0.4,0.1577496659886136,0.03301981434796808
30,false,30,false,0.4,0.17674738369872425,-0.04352861708701816
30,false,30,false,0.4,0.16918971494126736,-0.010998503975806706
30,false,30,false,0.4,0.14159544247324085,-0.026580541502526422
30,false,30,false,0.4,0.18742453110683668,0.03984363371412325
30,false,30,false,0.4,0.19018160569574508,0.009051700657918715
30,false,30,false,0.4,0.17052947052947043,-0.04096902685203041
30,false,30,false,0.4,0.19880070160405752,0.012310615315828777
30,false,30,false,0.4,0.17706076402082596,0.031813067196290845
30,false,30,false,0.4,0.1665598595087749,-0.027501288840995564
30,false,30,false,0.4,0.17568080317084298,-0.05460985616784875
30,false,30,false,0.4,0.16329914280725433,0.04272972334489822
30,false,30,false,0.4,0.17883909536473327,0.007374676445305539
30,false,30,false,0.4,0.1914387957101525,0.08081508890394584
30,false,30,false,0.4,0.17886067937800104,-0.04006012839065942
30,false,30,false,0.4,0.16753627569528423,-0.030800594455919317
30,false,30,false,0.4,0.17044143181412819,0.036783075619117866
30,false,30,false,0.4,0.16751578465923453,-0.008994673708133227
30,false,30,false,0.4,0.19906068240490193,-0.08892236365473227
30,false,30,false,0.4,0.17595213997316578,0.03766272732263953
30,false,30,false,0.4,0.1711962219553573,0.0016426095141923724
30,false,30,false,0.4,0.1792787836350905,-0.017841909293879077
30,false,30,false,0.4,0.19585426714898188,0.027723799391817572
30,false,30,false,0.4,0.18928812313175356,-0.04101516133432348
30,false,30,false,0.4,0.19434961315280466,-0.15365208676222153
30,false,30,false,0.4,0.17887096774193545,0.01841311376895849
30,false,30,false,0.5,0.2235799062760041,0.01043899659557379
30,false,30,false,0.5,0.17858167082294257,-0.03283025031209341
30,false,30,false,0.5,0.15738577377348803,-0.012348984395266882
30,false,30,false,0.5,0.15164850917431189,-0.03704891704848645
30,false,30,false,0.5,0.17837592087438997,-0.07395149783244825
30,false,30,false,0.5,0.1843980947654704,0.03641636735541365
30,false,30,false,0.5,0.15930180732460747,0.052776597037063055
30,false,30,false,0.5,0.1701735731727886,0.07742123678363022
30,false,30,false,0.5,0.1869989950421573,0.039715026645051665
30,false,30,false,0.5,0.15519190987693238,-0.011306040647228954
30,false,30,false,0.5,0.17740635271217484,-0.001611443547101743
30,false,30,false,0.5,0.20106207465456796,0.009709599636178012
30,false,30,false,0.5,0.18900163633461048,-0.011147991777928468
30,false,30,false,0.5,0.19114324174899636,-0.04835787025468097
30,false,30,false,0.5,0.18397435279835833,-0.05593537321192521
30,false,30,false,0.5,0.1857686851340252,-0.01941949164220791
30,false,30,false,0.5,0.1959442724458203,-0.018575441865915643
30,false,30,false,0.5,0.19938330509078936,0.045865446955991374
30,false,30,false,0.5,0.15518069299352386,0.043139453967836694
30,false,30,false,0.5,0.18485370104635623,0.014833436641839448
30,false,30,false,0.5,0.18114333219228318,0.01104110843143502
30,false,30,false,0.5,0.16836625456502993,-0.007974663520860403
30,false,30,false,0.5,0.1892459175439497,-0.0456114804974419
30,false,30,false,0.5,0.19688248252083132,0.08591780818410033
30,false,30,false,0.5,0.173201312164973,-0.04170686837271198
30,false,30,false,0.5,0.17075672111933196,0.08847577914718929
30,false,30,false,0.5,0.18545914122485213,-0.0031071778474185408
30,false,30,false,0.5,0.18980733374766937,0.00425421750672772
30,false,30,false,0.5,0.1745881627582019,0.023799784866764817
30,false,30,false,0.5,0.20273489353190408,0.08949578535984148
40,true,20,true,0.1,0.36075404373276704,0.4674577467701502
40,true,20,true,0.1,0.40158875130094934,0.625888175448722
40,true,20,true,0.1,0.3558101174307031,0.4756501070234913
40,true,20,true,0.1,0.3308824287806587,0.49489244824346734
40,true,20,true,0.1,0.3354292206267693,0.531972076981762
40,true,20,true,0.1,0.37111069857401285,0.5644246154520323
40,true,20,true,0.1,0.3610293013223747,0.7463493622406601
40,true,20,true,0.1,0.3731568923325589,0.5476619135670351
40,true,20,true,0.1,0.3884462180343282,0.6204791493926987
40,true,20,true,0.1,0.4372187576424552,0.6633298274117481
40,true,20,true,0.1,0.33741409470582207,0.43831676916039886
40,true,20,true,0.1,0.3302452370893436,0.52676243542804
40,true,20,true,0.1,0.36867532815254167,0.49726059186492755
40,true,20,true,0.1,0.3381646606769509,0.5513059960980558
40,true,20,true,0.1,0.40761771933320035,0.6438622865551791
40,true,20,true,0.1,0.4403115501519758,0.828163459908823
40,true,20,true,0.1,0.3601319665791956,0.5495675703800815
40,true,20,true,0.1,0.3709613208876511,0.5730459649475188
40,true,20,true,0.1,0.33024753415323443,0.5031134602051202
40,true,20,true,0.1,0.31956621669741986,0.4659846678259685
40,true,20,true,0.1,0.33897243107769415,0.4290512061704268
40,true,20,true,0.1,0.3870124368906536,0.7109702981263757
40,true,20,true,0.1,0.37533245477417043,0.5345086360527818
40,true,20,true,0.1,0.43346653805521096,0.6882213060295452
40,true,20,true,0.1,0.3839474403225176,0.6986783950252287
40,true,20,true,0.1,0.3681981668407008,0.5797307970273318
40,true,20,true,0.1,0.3837848607723085,0.7339514176297026
40,true,20,true,0.1,0.41414805699189383,0.7078242307612488
40,true,20,true,0.1,0.4433780033006838,0.7261818140619907
40,true,20,true,0.1,0.3407107793763716,0.4929749268417183
40,true,20,true,0.2,0.45660635893139234,0.8930846572014746
40,true,20,true,0.2,0.46416821072176334,0.7042500756678294
40,true,20,true,0.2,0.40756285697125355,0.6253948194214258
40,true,20,true,0.2,0.44917374995331166,0.6575464948287832
40,true,20,true,0.2,0.43815920883575477,0.6834851902915995
40,true,20,true,0.2,0.4693881000676133,0.7356977499006128
40,true,20,true,0.2,0.4585990542814942,0.680282574704635
40,true,20,true,0.2,0.4860258951916019,0.9042779537929677
40,true,20,true,0.2,0.38405564557771127,0.637485741230468
40,true,20,true,0.2,0.5059945863955507,0.8305735122806492
40,true,20,true,0.2,0.4223496169102862,0.627303203827708
40,true,20,true,0.2,0.42981926534682613,0.6823808993211378
40,true,20,true,0.2,0.42790135396518364,0.707255578131007
40,true,20,true,0.2,0.4175066626547455,0.6799641753518513
40,true,20,true,0.2,0.44041382827583675,0.7091119129997256
40,true,20,true,0.2,0.45931959191460175,0.736642024185115
40,true,20,true,0.2,0.4320175438596492,0.7192497264875275
40,true,20,true,0.2,0.3740558404870959,0.6315033794476168
40,true,20,true,0.2,0.5105382875167047,0.7964731516921537
40,true,20,true,0.2,0.4193722943722944,0.7287553001075526
40,true,20,true,0.2,0.4672882942580959,0.8646119814257984
40,true,20,true,0.2,0.4973928130274484,0.838117579526708
40,true,20,true,0.2,0.4281627166995832,0.7933962898840203
40,true,20,true,0.2,0.36300209984420506,0.6510620175404078
40,true,20,true,0.2,0.4289619934122312,0.6508102097556554
40,true,20,true,0.2,0.4283549220028348,0.6600958099763963
40,true,20,true,0.2,0.3869869815994475,0.7756452089985251
40,true,20,true,0.2,0.41402995158202865,0.673341382001226
40,true,20,true,0.2,0.4900379506641363,0.7344115534708227
40,true,20,true,0.2,0.4141988640908728,0.6103269165849792
40,true,20,true,0.3,0.5887826244719178,1.116421655713216
40,true,20,true,0.3,0.5126467024407134,0.7842889069867605
40,true,20,true,0.3,0.39349943487800015,0.5682452299988663
40,true,20,true,0.3,0.4945207342748325,0.8334915781133025
40,true,20,true,0.3,0.5203929054322756,0.9712976193824145
40,true,20,true,0.3,0.43643321307255717,0.8440407128135385
40,true,20,true,0.3,0.49160353535353524,0.7092545254864664
40,true,20,true,0.3,0.4843650196407004,0.9097696508890376
40,true,20,true,0.3,0.4686914498141264,0.7529108105786815
40,true,20,true,0.3,0.5334488011518959,0.8813406851250303
40,true,20,true,0.3,0.5193957499419581,0.8499974870139848
40,true,20,true,0.3,0.4622141372141374,0.7476823263419918
40,true,20,true,0.3,0.501627519047834,0.8181535200212453
40,true,20,true,0.3,0.4034813517538481,0.7644946949930622
40,true,20,true,0.3,0.5734513653094416,1.1829406055599039
40,true,20,true,0.3,0.54015793218344,0.9720843914819834
40,true,20,true,0.3,0.4776722622453553,0.8151112567330223
40,true,20,true,0.3,0.5182597402597402,0.9092010753303379
40,true,20,true,0.3,0.49421052631578943,0.8258456505072624
40,true,20,true,0.3,0.4628930817610064,0.7227697792546088
40,true,20,true,0.3,0.5268967494534638,0.7778740056945397
40,true,20,true,0.3,0.5110883890024993,1.0909070690834648
40,true,20,true,0.3,0.46885313653136546,0.7832795130237962
40,true,20,true,0.3,0.4983158385817588,0.9846044386118873
40,true,20,true,0.3,0.48325897774840276,0.8600312052016639
40,true,20,true,0.3,0.5504163362410782,0.9784168555810862
40,true,20,true,0.3,0.44782756279701297,0.6731219849498737
40,true,20,true,0.3,0.47234292956726426,0.6411993443939537
40,true,20,true,0.3,0.4885463785111965,0.9539032902144484
40,true,20,true,0.3,0.49007695600143253,0.6874101983951544
40,true,20,true,0.4,0.41784282836076825,0.6822208958613976
40,true,20,true,0.4,0.4610487638733117,0.7852649426462097
40,true,20,true,0.4,0.5143543038162649,0.9577407144151646
40,true,20,true,0.4,0.503406008105437,0.8094516978598199
40,true,20,true,0.4,0.5418360548651566,0.9982476553054491
40,true,20,true,0.4,0.5102725210063083,0.7770607207144451
40,true,20,true,0.4,0.4709995886466475,0.8023299304177556
40,true,20,true,0.4,0.5361689275774665,1.0290025463897274
40,true,20,true,0.4,0.5999668652242995,0.9585779310777811
40,true,20,true,0.4,0.5322205349270107,0.9375053702200145
40,true,20,true,0.4,0.4759795940518832,0.7317911763927221
40,true,20,true,0.4,0.48447386476253357,0.877796301620636
40,true,20,true,0.4,0.5152660201014985,0.844211334122341
40,true,20,true,0.4,0.5280370271108237,0.860849232057685
40,true,20,true,0.4,0.4856507487856726,0.7985635743464394
40,true,20,true,0.4,0.4577545248868779,0.8325383314399213
40,true,20,true,0.4,0.47554998889442324,0.8991579247329726
40,true,20,true,0.4,0.5188955108690989,1.0171206630513296
40,true,20,true,0.4,0.5751060386953882,1.060939008026823
40,true,20,true,0.4,0.4995088205915616,0.8771065078509492
40,true,20,true,0.4,0.5149280740233634,0.8845640926675591
40,true,20,true,0.4,0.4324070120452581,0.7188138108594808
40,true,20,true,0.4,0.5206225343564399,0.9473076371601872
40,true,20,true,0.4,0.47934219992487376,0.7246307894680548
40,true,20,true,0.4,0.5421035158854692,0.8945290962755736
40,true,20,true,0.4,0.5050178299872304,0.8342409103110313
40,true,20,true,0.4,0.545007767776723,1.105874045950153
40,true,20,true,0.4,0.5188630870529731,0.9865399841272948
40,true,20,true,0.4,0.5013394995005953,0.8379914491817715
40,true,20,true,0.4,0.4487156303013082,0.7847498596113827
40,true,20,true,0.5,0.5223594446710647,0.9329789679557559
40,true,20,true,0.5,0.5230679528731607,0.9070625460037816
40,true,20,true,0.5,0.4796783872411288,0.9623633465407142
40,true,20,true,0.5,0.5024532684619778,0.8072274063775069
40,true,20,true,0.5,0.48222198513460635,0.8522242766816683
40,true,20,true,0.5,0.5304042935621883,0.9843284917706869
40,true,20,true,0.5,0.5351882003639498,0.8567949176015848
40,true,20,true,0.5,0.5773960983884646,1.180527869121902
40,true,20,true,0.5,0.5158945386064032,1.0216033303109677
40,true,20,true,0.5,0.5594257703081231,0.957963049432851
40,true,20,true,0.5,0.5208387659368051,0.9750545623107421
40,true,20,true,0.5,0.505869170695636,0.954991405429765
40,true,20,true,0.5,0.5437960496447306,0.8771368185609711
40,true,20,true,0.5,0.5452686939302349,0.8191299487086647
40,true,20,true,0.5,0.5720193129874055,1.0866374417612485
40,true,20,true,0.5,0.5433732920386223,0.9036836902533603
40,true,20,true,0.5,0.5433168638106031,0.86964101673989
40,true,20,true,0.5,0.4832950191570881,0.8030918374537492
40,true,20,true,0.5,0.549232913519742,0.9452725573619167
40,true,20,true,0.5,0.5420902255639098,0.8910628801225453
40,true,20,true,0.5,0.5548177939337692,1.2313477222604687
40,true,20,true,0.5,0.5042798254650704,0.816686498095935
40,true,20,true,0.5,0.4810333799503474,0.7997552061564948
40,true,20,true,0.5,0.5646384045744284,0.9907720569906697
40,true,20,true,0.5,0.497119341563786,0.8672608452624457
40,true,20,true,0.5,0.5397046617635962,0.7683042033116632
40,true,20,true,0.5,0.4747227325304482,0.8546047793390139
40,true,20,true,0.5,0.5112287160607455,0.9620013053483678
40,true,20,true,0.5,0.47596582640942603,1.0647485459507138
40,true,20,true,0.5,0.5021301206389547,0.8676503104474511
40,true,20,false,0.1,0.22216424171731444,-0.1134462746070728
40,true,20,false,0.1,0.19674689444216167,-0.052055923694999784
40,true,20,false,0.1,0.23596376132458613,0.021792558769787362
40,true,20,false,0.1,0.21593061151171444,0.0684516033125595
40,true,20,false,0.1,0.229208155523945,-0.08531118233409352
40,true,20,false,0.1,0.22220407426145536,-0.0721112186245465
40,true,20,false,0.1,0.19145999898151456,-0.08168013811945318
40,true,20,false,0.1,0.22366621067031467,-0.05573619125603546
40,true,20,false,0.1,0.1934526868324279,-0.03353794843791036
40,true,20,false,0.1,0.21690867538361908,0.0496057739027691
40,true,20,false,0.1,0.2361459265339121,0.03960717832149285
40,true,20,false,0.1,0.24455282419152607,0.0561422562983962
40,true,20,false,0.1,0.214587469366208,0.032150038343828236
40,true,20,false,0.1,0.20201906927739122,0.021786836810760768
40,true,20,false,0.1,0.22719533332869263,0.06505715412803159
40,true,20,false,0.1,0.19866578983976835,0.08872191824292308
40,true,20,false,0.1,0.1761363636363636,-0.02685887610371296
40,true,20,false,0.1,0.23386511965192164,0.03352172062200953
40,true,20,false,0.1,0.1944579178009987,-0.049210545142551965
40,true,20,false,0.1,0.2379647749510763,-0.06299769851915293
40,true,20,false,0.1,0.24899573429887883,0.08672798815513616
40,true,20,false,0.1,0.2062635986823712,0.007723371156737713
40,true,20,false,0.1,0.20577413165257788,-0.010574931320843639
40,true,20,false,0.1,0.20636915030077843,0.09371708667878753
40,true,20,false,0.1,0.20273141658070373,-0.04395327199562349
40,true,20,false,0.1,0.18563590475145397,-0.017103814583576238
40,true,20,false,0.1,0.16780666653525464,0.07694647014627076
40,true,20,false,0.1,0.20501855287569573,-0.012993069542636349
40,true,20,false,0.1,0.23214533672760937,0.06507901152595341
40,true,20,false,0.1,0.1973218768757998,0.018487799415293438
40,true,20,false,0.2,0.20774559337920942,-0.035345045392990215
40,true,20,false,0.2,0.20870501292970506,-0.04701385262438418
40,true,20,false,0.2,0.23182917002417408,-0.11585390285189234
40,true,20,false,0.2,0.18851406395330192,-0.027934200067800674
40,true,20,false,0.2,0.20884312765877358,-0.039676951041906605
40,true,20,false,0.2,0.22560779044607826,-0.002524182251015361
40,true,20,false,0.2,0.22337288307473882,-0.012878169222067193
40,true,20,false,0.2,0.21546665042398686,0.05385702373262369
40,true,20,false,0.2,0.2056284454727912,-0.04495613322797798
40,true,20,false,0.2,0.2257386637723106,0.08296488672843516
40,true,20,false,0.2,0.22483158501886308,0.09470256037546587
40,true,20,false,0.2,0.2025089194991329,0.06805592325964316
40,true,20,false,0.2,0.20302862625452453,0.010308668749477334
40,true,20,false,0.2,0.19884289377613276,-0.07753808468773293
40,true,20,false,0.2,0.21122172062095673,-0.01254660536219454
40,true,20,false,0.2,0.20925128121363087,0.08643670325436226
40,true,20,false,0.2,0.23306517291381115,-0.06774036533874384
40,true,20,false,0.2,0.196276891323331,-0.0012423216287231753
40,true,20,false,0.2,0.182903395630429,0.0287483574921934
40,true,20,false,0.2,0.23156843156843154,0.057474879185652306
40,true,20,false,0.2,0.22255358709731332,0.012141062207843945
40,true,20,false,0.2,0.22729618340569294,-0.014295595557199725
40,true,20,false,0.2,0.2183925910990131,-0.04540826099831108
40,true,20,false,0.2,0.23687045219723446,0.00954440981905691
40,true,20,false,0.2,0.1958845751949201,0.031951317252487677
40,true,20,false,0.2,0.19092046876777793,-0.03689345124394272
40,true,20,false,0.2,0.22116418527708864,-0.01367795468489863
40,true,20,false,0.2,0.21954003178797804,-0.01575462936560701
40,true,20,false,0.2,0.22063747903029515,-0.06897040588845815
40,true,20,false,0.2,0.21152869476891828,0.05351522503032591
40,true,20,false,0.3,0.2198726004246652,0.08952130522899449
40,true,20,false,0.3,0.22088627088627094,0.15223927742308518
40,true,20,false,0.3,0.21187672262590831,0.06390475961788944
40,true,20,false,0.3,0.22215923855721276,0.04974260822818355
40,true,20,false,0.3,0.18652737692237317,0.024674046028017038
40,true,20,false,0.3,0.19714562167392355,-0.059592500976203056
40,true,20,false,0.3,0.2039617263527421,0.06821892987480638
40,true,20,false,0.3,0.21097179892751045,-0.03592819702347416
40,true,20,false,0.3,0.2102788054762017,-0.03034905933026355
40,true,20,false,0.3,0.24965754580114036,0.09836013883671679
40,true,20,false,0.3,0.17615000736126557,0.11237705752224336
40,true,20,false,0.3,0.20307877051729994,0.11777080417121244
40,true,20,false,0.3,0.2160570583043456,0.07299025409005822
40,true,20,false,0.3,0.2001730103806229,-0.0922593565850045
40,true,20,false,0.3,0.25349151134416703,0.057117529412116674
40,true,20,false,0.3,0.2314158301811611,-0.03623597830969505
40,true,20,false,0.3,0.20349940271238845,-0.013528119506839076
40,true,20,false,0.3,0.22746901729021626,-0.1251834149633657
40,true,20,false,0.3,0.2085491372919396,-0.023629640694475817
40,true,20,false,0.3,0.2093792172739541,0.048731453036917394
40,true,20,false,0.3,0.22177780319848675,-0.01974270830372138
40,true,20,false,0.3,0.1986670886171327,0.0729410323823414
40,true,20,false,0.3,0.2183532710988721,0.017169847578951902
40,true,20,false,0.3,0.20781214630963635,0.020613984789958018
40,true,20,false,0.3,0.20511666167158743,0.10072003646191607
40,true,20,false,0.3,0.20562381471432176,-0.01032010719723786
40,true,20,false,0.3,0.22582545707127083,0.011645182665465548
40,true,20,false,0.3,0.19959338849696054,0.034074442521081494
40,true,20,false,0.3,0.2144541975330895,-0.05036425405721712
40,true,20,false,0.3,0.21857160899216965,0.06830644432914834
40,true,20,false,0.4,0.23224824648758638,-0.07910876435279235
40,true,20,false,0.4,0.2351499568108315,-0.04702568607143487
40,true,20,false,0.4,0.2162030798974988,-0.08251720680940533
40,true,20,false,0.4,0.20417054643469745,0.03157709733725156
40,true,20,false,0.4,0.22795162599212257,0.03326036752127326
40,true,20,false,0.4,0.20966314671700784,-0.06893486161426665
40,true,20,false,0.4,0.20734732824427482,-0.07712194768238056
40,true,20,false,0.4,0.20599193245597977,-0.018675769471085957
40,true,20,false,0.4,0.21545663613968746,-0.10495541427694999
40,true,20,false,0.4,0.20378661586091928,0.016895519116556734
40,true,20,false,0.4,0.20087868143208695,0.027728522247322474
40,true,20,false,0.4,0.21681764634195883,0.05484968383719213
40,true,20,false,0.4,0.2204882297176827,0.057783669810772764
40,true,20,false,0.4,0.20327739831913885,0.04065226378059528
40,true,20,false,0.4,0.17424976340738163,0.009645042547950844
40,true,20,false,0.4,0.22670425080412446,0.040530462092344344
40,true,20,false,0.4,0.213482088100651,-0.05854313439243963
40,true,20,false,0.4,0.2401362344973634,0.030049246534659346
40,true,20,false,0.4,0.22670702456020436,0.07762921622189545
40,true,20,false,0.4,0.2103005539964812,0.06024322519806713
40,true,20,false,0.4,0.2541469408164329,0.0015349596366753815
40,true,20,false,0.4,0.2252520594373884,-0.016412904907645576
40,true,20,false,0.4,0.21770760233918135,0.06083131421411281
40,true,20,false,0.4,0.2282427485059457,-0.02834449228041258
40,true,20,false,0.4,0.20801622330907796,0.04162006399711604
40,true,20,false,0.4,0.18941654772717437,-0.015500209352257599
40,true,20,false,0.4,0.20585478057788914,0.029894698465136926
40,true,20,false,0.4,0.19775314637840097,0.019158349201671143
40,true,20,false,0.4,0.21993168880455413,0.06269742935892353
40,true,20,false,0.5,0.22039021308647389,0.040760522805150856
40,true,20,false,0.4,0.22854835139658505,0.008793886048599653
40,true,20,false,0.5,0.2075922953451042,-0.019680625703426102
40,true,20,false,0.5,0.20786191883066393,-0.033862295569204726
40,true,20,false,0.5,0.2335206611570248,-0.03681949969830267
40,true,20,false,0.5,0.20721180698557415,-0.006008609342886828
40,true,20,false,0.5,0.20556756756756756,0.0627126382397476
40,true,20,false,0.5,0.22043807641633728,-0.039505942462061405
40,true,20,false,0.5,0.19412530956293872,0.006085488209099488
40,true,20,false,0.5,0.21231210619878607,-0.080148732834874
40,true,20,false,0.5,0.21477192757980937,-0.0018206137866574323
40,true,20,false,0.5,0.18270659616799212,0.0032437252179873255
40,true,20,false,0.5,0.21346116980213156,-0.037770117697539796
40,true,20,false,0.5,0.24284060042887792,0.04495949812218836
40,true,20,false,0.5,0.20571239105721864,0.11357856908748953
40,true,20,false,0.5,0.2202558635394455,-0.01143321892587057
40,true,20,false,0.5,0.21861471861471857,0.134005868399508
40,true,20,false,0.5,0.20720875360328697,-0.10027537050234514
40,true,20,false,0.5,0.21254176602329475,0.0511201441515583
40,true,20,false,0.5,0.23664654105509098,0.0712570435955806
40,true,20,false,0.5,0.23116419024057416,-0.05982850194042566
40,true,20,false,0.5,0.21563497455141484,-0.08125368456132342
40,true,20,false,0.5,0.19313620461434783,0.049835817333832466
40,true,20,false,0.5,0.20298934908736707,-0.0011651299534589654
40,true,20,false,0.5,0.2090543895283232,-0.0108037210712153
40,true,20,false,0.5,0.19732408475502405,0.009769353998013486
40,true,20,false,0.5,0.24325479573077646,-0.09494021697884669
40,true,20,false,0.5,0.2037029345184939,-0.02444054239346194
40,true,20,false,0.5,0.21832996690653267,-0.01457097537991281
40,true,20,false,0.5,0.20863777347571755,0.0531774627161159
40,true,20,false,0.5,0.2353267964778755,-0.09716527758278826
40,true,25,true,0.1,0.391271397268399,0.6143456525056621
40,true,25,true,0.1,0.3555334017542871,0.4524291986000515
40,true,25,true,0.1,0.4352922901672448,0.8091973611354479
40,true,25,true,0.1,0.3484416637701309,0.6126822609319866
40,true,25,true,0.1,0.3280067364369062,0.4099077022861124
40,true,25,true,0.1,0.38252127931107194,0.6306754012628559
40,true,25,true,0.1,0.3308513708513711,0.47725263434190524
40,true,25,true,0.1,0.3979450567695629,0.5163232440752568
40,true,25,true,0.1,0.40949370006652297,0.7132680665142246
40,true,25,true,0.1,0.353128820205282,0.532133235717577
40,true,25,true,0.1,0.359805813885477,0.4104230914802267
40,true,25,true,0.1,0.31281085303511236,0.48621716761159917
40,true,25,true,0.1,0.3916938475410133,0.5617603114505174
40,true,25,true,0.1,0.3457843168341948,0.469065617815124
40,true,25,true,0.1,0.3427422527896252,0.5684851676977747
40,true,25,true,0.1,0.3721274483256611,0.5371975495226025
40,true,25,true,0.1,0.43867517730097355,0.7113208126019197
40,true,25,true,0.1,0.377771845435312,0.6287073796750482
40,true,25,true,0.1,0.31060096106601665,0.490586362488485
40,true,25,true,0.1,0.3746876919439669,0.7335170770494628
40,true,25,true,0.1,0.30471690039529165,0.33265581242842224
40,true,25,true,0.1,0.34752669183615476,0.4202570296026549
40,true,25,true,0.1,0.315925629595763,0.5379855136316936
40,true,25,true,0.1,0.43421531321593254,0.7910788035573049
40,true,25,true,0.1,0.3034059720086426,0.4179224928212353
40,true,25,true,0.1,0.38974067610892416,0.5954445651261446
40,true,25,true,0.1,0.3941885046956698,0.6650676827810189
40,true,25,true,0.1,0.3947073109908816,0.6263816151718675
40,true,25,true,0.1,0.41773092930965866,0.6692201630166812
40,true,25,true,0.1,0.37309763505627336,0.6328373273190593
40,true,25,true,0.2,0.44781758797972926,0.7776423979686484
40,true,25,true,0.2,0.4866750362724685,0.8163486024335471
40,true,25,true,0.2,0.46812801666823717,0.8214351714396768
40,true,25,true,0.2,0.4510606401502552,0.92731594884674
40,true,25,true,0.2,0.4342841381734391,0.7743011883087103
40,true,25,true,0.2,0.377952206523635,0.5982950145770802
40,true,25,true,0.2,0.4445710170318998,0.7741033687276975
40,true,25,true,0.2,0.40960459418877276,0.6506357819766437
40,true,25,true,0.2,0.3780316708668994,0.5720339322000649
40,true,25,true,0.2,0.4155884506979739,0.8138348410347707
40,true,25,true,0.2,0.44471314588432354,0.7145442019609511
40,true,25,true,0.2,0.4895494790557022,0.9482717659611755
40,true,25,true,0.2,0.4254254715099056,0.885833491085144
40,true,25,true,0.2,0.4058814739175375,0.5357321946836109
40,true,25,true,0.2,0.48153792286212355,0.8272822121568586
40,true,25,true,0.2,0.4382567423581995,0.745964232648511
40,true,25,true,0.2,0.37296007922294316,0.6388107014132594
40,true,25,true,0.2,0.4297826182923521,0.8747641665348018
40,true,25,true,0.2,0.4770251168336634,0.9116578228637771
40,true,25,true,0.2,0.4254872475305911,0.518155030810628
40,true,25,true,0.2,0.41744563258440476,0.6375874173442799
40,true,25,true,0.2,0.41500861517484855,0.6898282192524183
40,true,25,true,0.2,0.44838237610697246,0.845028595430791
40,true,25,true,0.2,0.41458713969641614,0.6334997773652384
40,true,25,true,0.2,0.3919437908496734,0.6193537582498383
40,true,25,true,0.2,0.39583074003042573,0.665832099720034
40,true,25,true,0.2,0.42862714699922955,0.6976216656697689
40,true,25,true,0.2,0.40082338140303436,0.7295241634245198
40,true,25,true,0.2,0.4988454094753308,0.8646069360890536
40,true,25,true,0.2,0.48412875546333295,0.7820718899294503
40,true,25,true,0.3,0.434621439391689,0.7581364492762148
40,true,25,true,0.3,0.38599001988702186,0.5608409634426623
40,true,25,true,0.3,0.4886810113231304,0.653446326999191
40,true,25,true,0.3,0.4639981812173188,0.7269942523162749
40,true,25,true,0.3,0.4415660215808591,0.8314336663832123
40,true,25,true,0.3,0.4298754051044721,0.859264712383295
40,true,25,true,0.3,0.5454576055265843,0.976899340059691
40,true,25,true,0.3,0.4826042075573196,0.9985047622294791
40,true,25,true,0.3,0.4970058703125346,0.8891775265161872
40,true,25,true,0.3,0.5257399742089407,0.9580590913767217
40,true,25,true,0.3,0.4853159851301116,0.7868000520118903
40,true,25,true,0.3,0.46776821121934314,0.832511932607181
40,true,25,true,0.3,0.4486975013290804,0.8265139612085006
40,true,25,true,0.3,0.49366763770808875,0.9378125327806854
40,true,25,true,0.3,0.4767695189274448,0.799412553602532
40,true,25,true,0.3,0.5100870275288879,0.9874631778075402
40,true,25,true,0.3,0.4861155279503104,0.804362973679309
40,true,25,true,0.3,0.46153291559047716,0.6705907799945416
40,true,25,true,0.3,0.4786505960743716,0.953879550052533
40,true,25,true,0.3,0.4374814374814375,0.7582232302478422
40,true,25,true,0.3,0.40831997106516355,0.5836672388667417
40,true,25,true,0.3,0.3502571377134591,0.7513417548156598
40,true,25,true,0.3,0.49053666131465,0.7910535961971528
40,true,25,true,0.3,0.46987599445534095,0.7723838002754357
40,true,25,true,0.3,0.5006455178196267,0.7568038275975164
40,true,25,true,0.3,0.4676793562693365,0.7334508835644185
40,true,25,true,0.3,0.4476167482643627,0.7528694467580479
40,true,25,true,0.3,0.44223325693913923,0.7072421122256891
40,true,25,true,0.3,0.47989719905753436,0.8332932925702172
40,true,25,true,0.3,0.49417372299649664,0.9101689826566419
40,true,25,true,0.4,0.43632833947760635,0.7648931336398785
40,true,25,true,0.4,0.5213448498814636,0.7913334901601763
40,true,25,true,0.4,0.5184333689137042,0.9937221228016648
40,true,25,true,0.4,0.47345988734551026,0.7554213548644642
40,true,25,true,0.4,0.5821129113349228,1.0769844987588977
40,true,25,true,0.4,0.4823321821036107,0.9887473618347586
40,true,25,true,0.4,0.45399600438429405,0.6828766497458929
40,true,25,true,0.4,0.48028391167192436,0.8554731094156276
40,true,25,true,0.4,0.44485992402659047,0.7135794697364268
40,true,25,true,0.4,0.4060575068593425,0.6122881676752625
40,true,25,true,0.4,0.42724513015552296,0.7634816144222443
40,true,25,true,0.4,0.4924247361269005,0.8659008610130456
40,true,25,true,0.4,0.5068712608575935,0.8867307014213575
40,true,25,true,0.4,0.49595488748500505,0.7349118049098431
40,true,25,true,0.4,0.4947386042952121,0.8481195032719828
40,true,25,true,0.4,0.48019607843137246,0.8555794147177522
40,true,25,true,0.4,0.4197454411889865,0.7670864582666814
40,true,25,true,0.4,0.5232674989605417,0.9672312412168464
40,true,25,true,0.4,0.506935403852936,0.8838155114077475
40,true,25,true,0.4,0.5132753298623064,0.8660164917874233
40,true,25,true,0.4,0.5422414669798431,0.8575180078019109
40,true,25,true,0.4,0.4461796304254404,0.593232496050546
40,true,25,true,0.4,0.456776165011459,0.7513832490017878
40,true,25,true,0.4,0.4599766614741239,0.801731466729457
40,true,25,true,0.4,0.4517155830748286,0.8459732949387124
40,true,25,true,0.4,0.5310147615735372,0.816064061182078
40,true,25,true,0.4,0.5214919813864314,0.9718962830194053
40,true,25,true,0.4,0.4269366588467712,0.6445732394680261
40,true,25,true,0.4,0.4811540760347513,0.7627737827715206
40,true,25,true,0.4,0.47622957592282744,0.8089109780677557
40,true,25,true,0.5,0.5275118614954386,0.9395050331658075
40,true,25,true,0.5,0.4631960887859222,0.8146923043000651
40,true,25,true,0.5,0.5194179177872621,0.9528651753119197
40,true,25,true,0.5,0.48314149656608174,0.6831837524041262
40,true,25,true,0.5,0.4995797250265795,0.7173237092433249
40,true,25,true,0.5,0.5064476347326559,0.8728400047524971
40,true,25,true,0.5,0.4810755832016982,0.8712659218795222
40,true,25,true,0.5,0.48282558642188944,0.8003515900490044
40,true,25,true,0.5,0.5189484342228972,0.9545192881894717
40,true,25,true,0.5,0.4828690127077224,0.8121131867248348
40,true,25,true,0.5,0.4598069898811222,0.8409759638829408
40,true,25,true,0.5,0.41807461964810466,0.6778325999380428
40,true,25,true,0.5,0.48539957160381614,0.7960714365732091
40,true,25,true,0.5,0.4794955784420771,0.8537187549783374
40,true,25,true,0.5,0.4611161287255788,0.8850816331227707
40,true,25,true,0.5,0.5246561603669325,0.7127617905109638
40,true,25,true,0.5,0.48022615594103363,0.9029047795545448
40,true,25,true,0.5,0.5084861614745647,0.9411157159038464
40,true,25,true,0.5,0.44720877452911584,0.8386374040163584
40,true,25,true,0.5,0.4760953775884831,0.7240573221423068
40,true,25,true,0.5,0.5391589700640285,0.9559265834618262
40,true,25,true,0.5,0.455433816997335,0.694090247334529
40,true,25,true,0.5,0.4381821795061663,0.7283227603809888
40,true,25,true,0.5,0.47507742055842317,0.6453091481035917
40,true,25,true,0.5,0.5528293188620476,0.8379911811771352
40,true,25,true,0.5,0.4556456434909475,0.7035985994488732
40,true,25,true,0.5,0.46074191671395825,0.6917883108769072
40,true,25,true,0.5,0.5407752010243778,1.1242531995090177
40,true,25,true,0.5,0.4781019216617463,0.8690065814313801
40,true,25,true,0.5,0.5346357409713575,0.8609271443262019
40,true,25,false,0.1,0.19184006284099347,0.01485516286085975
40,true,25,false,0.1,0.1768024096385543,0.1119090489981458
40,true,25,false,0.1,0.16677261736323903,0.01884158508728717
40,true,25,false,0.1,0.21498615670044247,0.0763705749688457
40,true,25,false,0.1,0.17799077893715123,-0.006058210273855558
40,true,25,false,0.1,0.21690058342510374,0.017634085462521654
40,true,25,false,0.1,0.18605109389862756,-0.014739392228082515
40,true,25,false,0.1,0.1685902757321765,-0.06957309126076527
40,true,25,false,0.1,0.22826024318561633,0.054598769095904665
40,true,25,false,0.1,0.1674557264027647,0.0663578754959655
40,true,25,false,0.1,0.2121893202515218,-0.027894747081979254
40,true,25,false,0.1,0.2009345794392523,-0.005475243013182585
40,true,25,false,0.1,0.19659978608667417,-0.07373524142759269
40,true,25,false,0.1,0.1812662374336383,0.018198504499077117
40,true,25,false,0.1,0.19915520334928227,0.04996143734456915
40,true,25,false,0.1,0.20733662444586634,0.024880566489765776
40,true,25,false,0.1,0.21896757817336715,0.022857176884709673
40,true,25,false,0.1,0.23320822960848128,-0.065644710755703
40,true,25,false,0.1,0.18788343558282197,-0.09034975676743695
40,true,25,false,0.1,0.1934722222222222,-0.007480137689841904
40,true,25,false,0.1,0.19341779571948348,-0.06685782719536437
40,true,25,false,0.1,0.2116402366863905,0.049356536749583846
40,true,25,false,0.1,0.20226055548636201,0.014891969810861383
40,true,25,false,0.1,0.2202708546269361,-0.012228212327786814
40,true,25,false,0.1,0.1949483277373218,-0.06410269649768718
40,true,25,false,0.1,0.19165589544736458,-0.03179060775708287
40,true,25,false,0.1,0.22012041331055227,-0.07131550928706432
40,true,25,false,0.1,0.2048909631813095,0.014968223734926234
40,true,25,false,0.1,0.2330026408730789,-0.06524713210449828
40,true,25,false,0.1,0.20487689393939393,-0.0620958712437325
40,true,25,false,0.2,0.19325050861568588,0.02589789689496591
40,true,25,false,0.2,0.19620165783394483,0.027943692389273522
40,true,25,false,0.2,0.20302312243419465,-0.06705767700552379
40,true,25,false,0.2,0.22204723432244933,0.022730022246951975
40,true,25,false,0.2,0.19336090244076884,-0.029915868937272272
40,true,25,false,0.2,0.17070593488892608,0.048110581920703055
40,true,25,false,0.2,0.175685086004465,-0.0574964454791731
40,true,25,false,0.2,0.213943402265893,0.06453003480133646
40,true,25,false,0.2,0.22238806520208873,0.05513637137599581
40,true,25,false,0.2,0.1848461401539506,0.013004452777877873
40,true,25,false,0.2,0.20819233240522597,0.037497628298273966
40,true,25,false,0.2,0.1822268209874464,0.058931319841224905
40,true,25,false,0.2,0.17139691645008634,-0.0897742933201977
40,true,25,false,0.2,0.19579528936932866,0.04741505308640903
40,true,25,false,0.2,0.21868078345876865,-0.024870210710512097
40,true,25,false,0.2,0.1926953957159454,0.06724854762322519
40,true,25,false,0.2,0.1677671638197283,-0.03830551294788265
40,true,25,false,0.2,0.19062218736677003,-0.023728193605445647
40,true,25,false,0.2,0.22157812330924032,0.06995965585970065
40,true,25,false,0.2,0.19821977634352358,0.023281994664846373
40,true,25,false,0.2,0.20472492597510417,0.010477525261364029
40,true,25,false,0.2,0.19429447656774113,-0.01088820803471613
40,true,25,false,0.2,0.20467885270676242,0.01309363874836933
40,true,25,false,0.2,0.19253156918729578,0.004684731395040664
40,true,25,false,0.2,0.21809236614470937,-0.013628030203004293
40,true,25,false,0.2,0.18147146522432564,-0.01823999026500811
40,true,25,false,0.2,0.19492064159824615,0.03673049305573173
40,true,25,false,0.2,0.20117884165310396,0.0661191332609441
40,true,25,false,0.2,0.19257015925422422,-0.030135186828544214
40,true,25,false,0.2,0.21018668335572113,0.04896261578319905
40,true,25,false,0.3,0.21008574012548148,0.02623557958118017
40,true,25,false,0.3,0.19517053045050298,0.0593395038825868
40,true,25,false,0.3,0.22096190231482576,0.043434228371968864
40,true,25,false,0.3,0.17522264471906737,-0.05426106722083368
40,true,25,false,0.3,0.2328516654684879,-0.014351445394345852
40,true,25,false,0.3,0.21949413373709406,-0.108377415226661
40,true,25,false,0.3,0.21553265279563094,-0.03114478333004289
40,true,25,false,0.3,0.20582999824749548,0.003956030948958578
40,true,25,false,0.3,0.20769885794429982,0.019629455896011727
40,true,25,false,0.3,0.21778561967459417,0.019636080434834113
40,true,25,false,0.3,0.19527689955618885,0.004650318744066517
40,true,25,false,0.3,0.17339847991313792,-0.019418178198256975
40,true,25,false,0.3,0.21740818766725498,-0.008761376291849032
40,true,25,false,0.3,0.23479651778449048,-0.041934940271532106
40,true,25,false,0.3,0.20381836945304435,0.05522186987530997
40,true,25,false,0.3,0.1937013468775705,0.06922979659999928
40,true,25,false,0.3,0.2280764635603345,-0.011299137616592958
40,true,25,false,0.3,0.20671518947410683,-0.124887241676511
40,true,25,false,0.3,0.180215768219384,-0.052528524360767825
40,true,25,false,0.3,0.1803376014890408,-0.019175308856889117
40,true,25,false,0.3,0.1757398352772892,-0.10079549085089745
40,true,25,false,0.3,0.19725649096149436,-0.05699005130211443
40,true,25,false,0.3,0.20728999661142108,-0.030554386425577285
40,true,25,false,0.3,0.178968981400061,-0.10415980160948024
40,true,25,false,0.3,0.21205173427395646,-0.008131563781377693
40,true,25,false,0.3,0.1961023291638562,-0.10871881429489161
40,true,25,false,0.3,0.2097232956485793,0.012199362289054605
40,true,25,false,0.3,0.19257278520554794,0.008708249911509647
40,true,25,false,0.3,0.2017203020712563,-0.0176929109142403
40,true,25,false,0.3,0.19715885993043952,-0.013587539307043706
40,true,25,false,0.4,0.2156167076167076,-0.043313557247696366
40,true,25,false,0.4,0.22637326474587136,-0.057950675099294635
40,true,25,false,0.4,0.16836329091219104,-0.006306423974979047
40,true,25,false,0.4,0.22682757683530844,-0.061334064130139865
40,true,25,false,0.4,0.22115693712228365,-0.057985641800519794
40,true,25,false,0.4,0.19286236488994365,0.04840400638591902
40,true,25,false,0.4,0.2157545012086328,0.11718577286234932
40,true,25,false,0.4,0.17778369242961695,0.038779759663225555
40,true,25,false,0.4,0.21084753612795032,-0.12123719800026755
40,true,25,false,0.4,0.19435927401970118,0.12877619875100432
40,true,25,false,0.4,0.19652611258753966,-0.07528541463224858
40,true,25,false,0.4,0.17944565304971405,-0.057194672306875916
40,true,25,false,0.4,0.19783238739282696,-0.024151073637246334
40,true,25,false,0.4,0.193054801953337,0.012667975587263847
40,true,25,false,0.4,0.19845679012345674,-0.025995233619752867
40,true,25,false,0.4,0.20988874470026558,0.04844522102407378
40,true,25,false,0.4,0.242346730352261,-0.07198266540051357
40,true,25,false,0.4,0.20423877493556294,0.08522312376442809
40,true,25,false,0.4,0.1896897130371964,-0.03280183097243494
40,true,25,false,0.4,0.19830098328249343,-0.019303492269174605
40,true,25,false,0.4,0.21500915600181064,-0.06290772245134946
40,true,25,false,0.4,0.18738757085157662,0.06262598261711627
40,true,25,false,0.4,0.20732113144758738,0.02623989256667958
40,true,25,false,0.4,0.21826291565392766,-0.12215937346441219
40,true,25,false,0.4,0.20433730566813862,0.042635299319798925
40,true,25,false,0.4,0.18393681082349247,-0.04402737008209634
40,true,25,false,0.4,0.1944954250452174,-0.08226473828221614
40,true,25,false,0.4,0.19262783459315244,-0.05697689833717501
40,true,25,false,0.4,0.22162284178999292,-0.031461908513789716
40,true,25,false,0.4,0.2425617181778968,0.02215078605144427
40,true,25,false,0.5,0.18748884398717683,-0.05884147114754157
40,true,25,false,0.5,0.2098060608555829,0.05593763738679591
40,true,25,false,0.5,0.2041046404359517,0.010504334500383017
40,true,25,false,0.5,0.21943665132981705,-0.028043103611564035
40,true,25,false,0.5,0.21042552308449397,4.8501706415660095E-4
40,true,25,false,0.5,0.20157518203754674,0.00809340113941115
40,true,25,false,0.5,0.2347741102710677,0.10324540061745946
40,true,25,false,0.5,0.18591426225869304,-0.06899726811755968
40,true,25,false,0.5,0.20012944523307608,-0.018475427151605217
40,true,25,false,0.5,0.23745499481666532,0.06361018137209662
40,true,25,false,0.5,0.2070530614849559,-0.007909764797244812
40,true,25,false,0.5,0.17865695060428313,-0.031294167958398234
40,true,25,false,0.5,0.17537026459357474,-0.006527029904790815
40,true,25,false,0.5,0.21009361423252718,0.059947833941766504
40,true,25,false,0.5,0.19995906672124444,-0.0648142593362957
40,true,25,false,0.5,0.22052070399495435,0.1080919432303089
40,true,25,false,0.5,0.24368376327542107,-0.05009141369200876
40,true,25,false,0.5,0.18203839224147514,0.03630089390812152
40,true,25,false,0.5,0.1825822339941126,0.009712163887734881
40,true,25,false,0.5,0.2028930935285451,-0.06256073263558459
40,true,25,false,0.5,0.21013528712362226,0.08859767016297937
40,true,25,false,0.5,0.19666413894858226,0.07330427534547557
40,true,25,false,0.5,0.1894445569278531,-0.038940845415039504
40,true,25,false,0.5,0.18354953885370343,0.005735805731712951
40,true,25,false,0.5,0.20707148888263444,0.022082381048710076
40,true,25,false,0.5,0.20830328164442843,-0.013231141266176749
40,true,25,false,0.5,0.22064976709396966,0.010599992034047823
40,true,25,false,0.5,0.1856080822218138,-0.09914440429924642
40,true,25,false,0.5,0.19717168204800484,-0.054242386789181474
40,true,25,false,0.5,0.22863247863247874,0.02416401492262743
40,true,30,true,0.1,0.3677563810258748,0.648763887396024
40,true,30,true,0.1,0.2801379411548904,0.3754464176872965
40,true,30,true,0.1,0.3905642717768932,0.6254780000289619
40,true,30,true,0.1,0.38645293555365473,0.6146196575230007
40,true,30,true,0.1,0.28963636363636347,0.38922255652600235
40,true,30,true,0.1,0.3253649005861396,0.5580322196985286
40,true,30,true,0.1,0.3432912615360419,0.48888493289638024
40,true,30,true,0.1,0.27038376971342054,0.4157181007082844
40,true,30,true,0.1,0.36404421702926,0.5723718404613276
40,true,30,true,0.1,0.36206402595146725,0.623244391642821
40,true,30,true,0.1,0.3085610610258645,0.38511460835376266
40,true,30,true,0.1,0.33782242694482756,0.47545276692225613
40,true,30,true,0.1,0.3443432600972619,0.525797419858347
40,true,30,true,0.1,0.3927783521710894,0.7183412945211067
40,true,30,true,0.1,0.35168132331154106,0.5917685698676634
40,true,30,true,0.1,0.3767338767338767,0.5552579040497108
40,true,30,true,0.1,0.3511828330152119,0.5408333770362441
40,true,30,true,0.1,0.318789506069251,0.5229064530057679
40,true,30,true,0.1,0.3956202629104424,0.6332304604491652
40,true,30,true,0.1,0.3629388989238926,0.6373152527323036
40,true,30,true,0.1,0.2979927148725102,0.3141232552183073
40,true,30,true,0.1,0.41986320109439124,0.6536268487120527
40,true,30,true,0.1,0.33424024755768517,0.5164465863716314
40,true,30,true,0.1,0.4145167151162789,0.6255466999813875
40,true,30,true,0.1,0.3948702859436229,0.6564800503906048
40,true,30,true,0.1,0.368796232212716,0.4962879706596057
40,true,30,true,0.1,0.3439157729183142,0.5312804455091396
40,true,30,true,0.1,0.3584391755374215,0.48761805171810657
40,true,30,true,0.1,0.4263157894736842,0.668069193749453
40,true,30,true,0.1,0.35128089210367686,0.5923620499706228
40,true,30,true,0.2,0.4341500841500841,0.7522422621335334
40,true,30,true,0.2,0.435261350896861,0.8943780386747617
40,true,30,true,0.2,0.347191214694063,0.5056098719085682
40,true,30,true,0.2,0.4300447345205287,0.6824426576755727
40,true,30,true,0.2,0.4484234361200366,0.6267067923057432
40,true,30,true,0.2,0.4394993534603923,0.6607153556057446
40,true,30,true,0.2,0.43882247551972314,0.6239860515538975
40,true,30,true,0.2,0.45190567541244864,0.7641653121287781
40,true,30,true,0.2,0.4050854019990922,0.5977496955128201
40,true,30,true,0.2,0.4138214163530618,0.6866428322019047
40,true,30,true,0.2,0.41365640212218996,0.602672048418488
40,true,30,true,0.2,0.38366163064958236,0.6497254521607152
40,true,30,true,0.2,0.4110714760385813,0.6853084161063228
40,true,30,true,0.2,0.4050333246621505,0.6189777139541102
40,true,30,true,0.2,0.46954223130693734,0.7986448472265462
40,true,30,true,0.2,0.378242060630916,0.5797060009766515
40,true,30,true,0.2,0.43588516746411476,0.7120815934229192
40,true,30,true,0.2,0.4254726486102056,0.6532299379281863
40,true,30,true,0.2,0.4759839620325669,0.6391242028616784
40,true,30,true,0.2,0.37411776663934976,0.5628149415541861
40,true,30,true,0.2,0.4590552777402352,0.6766156893168667
40,true,30,true,0.2,0.3599087668108452,0.5483030575000285
40,true,30,true,0.2,0.3894135168860444,0.584897214478941
40,true,30,true,0.2,0.44468018230394474,0.6440039880607893
40,true,30,true,0.2,0.41029609629265984,0.5596947132832035
40,true,30,true,0.2,0.4247990761910504,0.7063220503920702
40,true,30,true,0.2,0.41925823628482095,0.5712097923993458
40,true,30,true,0.2,0.37367392518146275,0.5644514623738957
40,true,30,true,0.2,0.42915647022639447,0.7331251319035763
40,true,30,true,0.2,0.46815485947605284,0.8025742342029263
40,true,30,true,0.3,0.34168248387493977,0.4556559489361858
40,true,30,true,0.3,0.5058454861825649,0.7619443685881464
40,true,30,true,0.3,0.45965475500733977,0.740494379508001
40,true,30,true,0.3,0.4286531986531985,0.6145041731377754
40,true,30,true,0.3,0.4560308572683295,0.7453657129148805
40,true,30,true,0.3,0.4498659173181486,0.6633227795926118
40,true,30,true,0.3,0.4872876304023846,0.878280973077235
40,true,30,true,0.3,0.4312200015736881,0.7203003982311902
40,true,30,true,0.3,0.46175868451557434,0.6538747923315098
40,true,30,true,0.3,0.4761820592134334,0.8124394907054535
40,true,30,true,0.3,0.4284950079342601,0.7899134477724514
40,true,30,true,0.3,0.40042854003369716,0.6730176282846934
40,true,30,true,0.3,0.36894192851147983,0.5354216706181063
40,true,30,true,0.3,0.4058279808959158,0.6400304888692068
40,true,30,true,0.3,0.40077252455433715,0.8078878131260252
40,true,30,true,0.3,0.4210411353746206,0.5849900590612744
40,true,30,true,0.3,0.3911802853437093,0.554845633824093
40,true,30,true,0.3,0.4594501166960007,0.7976265527836404
40,true,30,true,0.3,0.5203804347826089,0.844282331133499
40,true,30,true,0.3,0.419467524345573,0.6135383100721565
40,true,30,true,0.3,0.40511410094402733,0.6955345719314954
40,true,30,true,0.3,0.44672685485555935,0.7621785747783223
40,true,30,true,0.3,0.45542613994486686,0.7654302447254784
40,true,30,true,0.3,0.4576340022047062,0.7984597059112284
40,true,30,true,0.3,0.5556215929975391,1.0261051034321396
40,true,30,true,0.3,0.4508669729788864,0.6650123090753199
40,true,30,true,0.3,0.47698252152482307,0.8858448603436475
40,true,30,true,0.3,0.4542934782608695,0.7275474852402244
40,true,30,true,0.3,0.3855062413314841,0.5188041316744822
40,true,30,true,0.3,0.43756071247205375,0.7745529659464081
40,true,30,true,0.4,0.45395915101169854,0.7052454038138256
40,true,30,true,0.4,0.4470259809457829,0.7677680881293263
40,true,30,true,0.4,0.4386771610052471,0.5875316871400997
40,true,30,true,0.4,0.46462445584280726,0.7623403542343832
40,true,30,true,0.4,0.3896592729669717,0.6547460639472629
40,true,30,true,0.4,0.40552853201684347,0.6348809444606216
40,true,30,true,0.4,0.47749723960250284,0.7885401375635173
40,true,30,true,0.4,0.4359678974603073,0.6027751014836555
40,true,30,true,0.4,0.5536016533931974,1.1031632356914347
40,true,30,true,0.4,0.43280936989197105,0.7110228984730043
40,true,30,true,0.4,0.42764841750421373,0.8448211267162877
40,true,30,true,0.4,0.5661377708978328,1.1363931292083427
40,true,30,true,0.4,0.49409769475029897,1.0383355859750907
40,true,30,true,0.4,0.4694827586206896,0.8837182244963167
40,true,30,true,0.4,0.43077015848692524,0.6146252452410392
40,true,30,true,0.4,0.4124653932099374,0.5996562718252765
40,true,30,true,0.4,0.4462427466150869,0.8816598870689685
40,true,30,true,0.4,0.46037467892168404,0.8990579236163345
40,true,30,true,0.4,0.47517467986181466,0.7392171285884421
40,true,30,true,0.4,0.5049336721509173,0.8768626844761904
40,true,30,true,0.4,0.46873217039431925,0.9022518392967989
40,true,30,true,0.4,0.48251354752461406,0.7937355132916677
40,true,30,true,0.4,0.5206845542887052,0.7569588210499116
40,true,30,true,0.4,0.5076905696424117,0.9942376498659371
40,true,30,true,0.4,0.4147656733292093,0.675617077990581
40,true,30,true,0.4,0.40318395399396867,0.6511713328280919
40,true,30,true,0.4,0.39450801936246627,0.538131730880127
40,true,30,true,0.4,0.5274837334074963,1.1435057762228817
40,true,30,true,0.4,0.45148487358346934,0.6743760772969809
40,true,30,true,0.4,0.4714051682758328,0.7850277821481653
40,true,30,true,0.5,0.47800153566941245,0.7609975389130712
40,true,30,true,0.5,0.39274024150519515,0.6676885266549908
40,true,30,true,0.5,0.46922374584715837,0.6571860888990155
40,true,30,true,0.5,0.49338045788889495,0.9279207002909535
40,true,30,true,0.5,0.40877628313961073,0.672929453744743
40,true,30,true,0.5,0.44188710741499354,0.6958528823633046
40,true,30,true,0.5,0.4793896004232663,0.8729985043707273
40,true,30,true,0.5,0.43950530272519805,0.8581457581408216
40,true,30,true,0.5,0.42576308810326696,0.6296018882629051
40,true,30,true,0.5,0.5452327626705705,0.902051527557143
40,true,30,true,0.5,0.5043624266390484,0.8623772763840813
40,true,30,true,0.5,0.519408128882266,0.9376075910994919
40,true,30,true,0.5,0.5025646871081726,0.8133496009470145
40,true,30,true,0.5,0.4565791197665414,0.7986797999984772
40,true,30,true,0.5,0.5015521770277799,0.8585794682657903
40,true,30,true,0.5,0.4724894076009869,0.7449299642460083
40,true,30,true,0.5,0.4833484558255201,0.8967932265795779
40,true,30,true,0.5,0.4929588323247635,0.9216745588024251
40,true,30,true,0.5,0.41741727476703505,0.8111563120469407
40,true,30,true,0.5,0.4593914698418897,0.8339481202024928
40,true,30,true,0.5,0.4863506056559797,0.7754815807274156
40,true,30,true,0.5,0.4863009241553312,0.8635250002128512
40,true,30,true,0.5,0.4567861909962385,0.9263550469813469
40,true,30,true,0.5,0.44159449665253986,0.7789920952789418
40,true,30,true,0.5,0.4345392930178207,0.8474509213134498
40,true,30,true,0.5,0.46375317969681734,0.7752657518014496
40,true,30,true,0.5,0.46313104057302656,0.8648236562426863
40,true,30,true,0.5,0.5194568278327294,0.9101860961367683
40,true,30,true,0.5,0.420170068027211,0.6831940875529376
40,true,30,false,0.1,0.18862566116901378,-0.04611249387649785
40,true,30,true,0.5,0.44723528918313743,0.7936865165120901
40,true,30,false,0.1,0.19598774741442293,-0.025681220567725482
40,true,30,false,0.1,0.19799634186897241,-5.531970323602309E-6
40,true,30,false,0.1,0.15547284256961677,0.026313942339871055
40,true,30,false,0.1,0.2294546728835109,0.012100492839358878
40,true,30,false,0.1,0.2347278329339267,-0.011480112603822867
40,true,30,false,0.1,0.1972689854151777,0.05430627788430886
40,true,30,false,0.1,0.1837018976001765,-0.05553368777102019
40,true,30,false,0.1,0.19727645448896977,0.08787767335298113
40,true,30,false,0.1,0.16769195950950538,0.031202049277693433
40,true,30,false,0.1,0.1688166182170543,-0.007814876614610888
40,true,30,false,0.1,0.20304358655043586,0.03259013434180247
40,true,30,false,0.1,0.17940720525030868,0.1449420417155931
40,true,30,false,0.1,0.20575354877680457,0.05273321997894431
40,true,30,false,0.1,0.21244757104350243,0.05403090872981142
40,true,30,false,0.1,0.2004835213924093,-0.0884650576544379
40,true,30,false,0.1,0.22075210468725587,-0.011100711837569222
40,true,30,false,0.1,0.18641674128094324,-0.017056440790836014
40,true,30,false,0.1,0.19071984247152624,0.019416394485920918
40,true,30,false,0.1,0.19771210492859975,-0.03283343043023468
40,true,30,false,0.1,0.1886132024004365,0.02028966694202161
40,true,30,false,0.1,0.19862108686813934,0.002859650132972291
40,true,30,false,0.1,0.19245739437260143,0.007164651093665597
40,true,30,false,0.1,0.19768451381011856,0.0719354382298043
40,true,30,false,0.1,0.2210724154746425,-0.014264618421419684
40,true,30,false,0.1,0.1767777557389724,-0.06554632451358433
40,true,30,false,0.1,0.1964888875809684,0.1376166262102494
40,true,30,false,0.1,0.17764060356652953,-0.0652623935065364
40,true,30,false,0.1,0.18676415970287838,-0.04706451069814399
40,true,30,false,0.1,0.1831752355656739,-0.06408344925161202
40,true,30,false,0.2,0.2366613834634266,0.06101481651646523
40,true,30,false,0.2,0.18491197206562432,-0.008457250135942118
40,true,30,false,0.2,0.2166644076985632,0.024597127387043116
40,true,30,false,0.2,0.20701058201058198,-0.022432567740525045
40,true,30,false,0.2,0.1921102632221131,-0.0037758588483081112
40,true,30,false,0.2,0.1921648091860857,0.03804729181479072
40,true,30,false,0.2,0.20945156493414527,-0.01994920810102485
40,true,30,false,0.2,0.18779039218811808,-0.06478977521543072
40,true,30,false,0.2,0.1978398951133514,-0.07444244408350009
40,true,30,false,0.2,0.19114617149287966,0.021965692799755132
40,true,30,false,0.2,0.2028455506955503,0.04321672715342917
40,true,30,false,0.2,0.200853967516933,-0.053582432202121666
40,true,30,false,0.2,0.22463763298609032,0.005771754059566092
40,true,30,false,0.2,0.1737171190328259,-0.03208269947699449
40,true,30,false,0.2,0.19705488621151263,0.040337493349442255
40,true,30,false,0.2,0.1600497007993772,-0.018749444367400336
40,true,30,false,0.2,0.1996171171171172,-0.013976723506997857
40,true,30,false,0.2,0.20775372125970654,0.012307758517929202
40,true,30,false,0.2,0.19753800698852925,-0.016894009749399252
40,true,30,false,0.2,0.18762715631464666,-0.018891113334897902
40,true,30,false,0.2,0.20235859367207615,0.008082480574940654
40,true,30,false,0.2,0.18337613473483028,0.05667492811363317
40,true,30,false,0.2,0.16316877746187647,0.04556487158192457
40,true,30,false,0.2,0.16028307492842098,0.03631852014090864
40,true,30,false,0.2,0.2039409742799574,-0.014172521452994857
40,true,30,false,0.2,0.20455837814800207,0.07175453261001419
40,true,30,false,0.2,0.1688896499801902,-0.020515217251883655
40,true,30,false,0.2,0.19661784670008345,-0.007838730477662814
40,true,30,false,0.2,0.17559659522723822,-0.05737121157026159
40,true,30,false,0.2,0.1770628019516518,-0.018066437044392814
40,true,30,false,0.3,0.1826267568841827,0.045263174774506254
40,true,30,false,0.3,0.22872200263504608,-0.01072904875596592
40,true,30,false,0.3,0.22378609999781368,-0.12620335766373358
40,true,30,false,0.3,0.201054941057442,0.028315009699591442
40,true,30,false,0.3,0.1975689012954913,-0.03651481483910235
40,true,30,false,0.3,0.21551068800781123,-1.3500705344071662E-4
40,true,30,false,0.3,0.2213296679513922,0.011221767247143077
40,true,30,false,0.3,0.17023974763406938,0.03430837667830744
40,true,30,false,0.3,0.20259760330971516,0.02384366029262619
40,true,30,false,0.3,0.2093193346973736,0.08542273211763085
40,true,30,false,0.3,0.1840558626006221,-0.01536754306311483
40,true,30,false,0.3,0.19964881815557653,0.026474689241653415
40,true,30,false,0.3,0.2150406943244021,-0.00203290485540375
40,true,30,false,0.3,0.18111163813357206,-0.006873114483086695
40,true,30,false,0.3,0.2142647664589154,-0.026294487836693747
40,true,30,false,0.3,0.18778332780163398,0.03405097906182064
40,true,30,false,0.3,0.2148119673139443,-0.008309017375331962
40,true,30,false,0.3,0.21502777697821018,-0.0774637103329594
40,true,30,false,0.3,0.23230019464214074,0.023744177562092794
40,true,30,false,0.3,0.19446116797110174,0.12257220780675038
40,true,30,false,0.3,0.2123921568627451,0.12386532504630399
40,true,30,false,0.3,0.17854361370716512,0.07749828581262097
40,true,30,false,0.3,0.2119450317124735,-0.041245455540218856
40,true,30,false,0.3,0.2180555555555555,0.11518479840169604
40,true,30,false,0.3,0.24283481669845308,0.005336391565707643
40,true,30,false,0.3,0.19956111476848795,-0.033454004318725694
40,true,30,false,0.3,0.20670517057098875,-0.08788061074733378
40,true,30,false,0.3,0.2056443541528658,0.09218068364821974
40,true,30,false,0.3,0.1963474718400177,-0.06957553832238261
40,true,30,false,0.3,0.18317041476667087,-0.02281476801944038
40,true,30,false,0.4,0.20195679897975452,-0.012279112420356952
40,true,30,false,0.4,0.18199697616654348,0.03479429990565652
40,true,30,false,0.4,0.20547289883695416,-0.002475054669460519
40,true,30,false,0.4,0.22140303498225666,0.06641059058590848
40,true,30,false,0.4,0.21898324667822058,0.06378294667453765
40,true,30,false,0.4,0.16639371038330106,-0.061843879145608405
40,true,30,false,0.4,0.1905223025081637,0.025538558655627597
40,true,30,false,0.4,0.216556668490006,-0.04708187592285107
40,true,30,false,0.4,0.2122513025566461,-0.011795662744042978
40,true,30,false,0.4,0.1726039041682241,-0.016199303897921347
40,true,30,false,0.4,0.1888534554574585,0.04236941657282145
40,true,30,false,0.4,0.1934943996200449,-0.026236895435626018
40,true,30,false,0.4,0.19258458298950012,-0.02105798516195989
40,true,30,false,0.4,0.20214094558429974,0.0795801919563095
40,true,30,false,0.4,0.21299096284629004,-0.04814796984348124
40,true,30,false,0.4,0.17833429839799272,0.021169909938729248
40,true,30,false,0.4,0.20332435951932748,-0.05984353324428682
40,true,30,false,0.4,0.19256243811200352,-0.0036552165432990336
40,true,30,false,0.4,0.19000664010624166,-0.020985717541976534
40,true,30,false,0.4,0.212941809254496,-0.046923001059681724
40,true,30,false,0.4,0.2139575800199384,-0.025638540557718414
40,true,30,false,0.4,0.17247610879686354,0.059695783122570845
40,true,30,false,0.4,0.23520594838363407,-0.07406575791269088
40,true,30,false,0.4,0.186609505258892,0.009550455922317624
40,true,30,false,0.4,0.17989714942048657,0.010097816964361073
40,true,30,false,0.4,0.17944169232829021,-0.0686815836412018
40,true,30,false,0.4,0.20697811945594333,-0.05188078583286071
40,true,30,false,0.4,0.18747308068512689,-0.06339856402700139
40,true,30,false,0.4,0.1963140614579592,-0.02863287647928292
40,true,30,false,0.4,0.22185178162821406,-0.03650902805532841
40,true,30,false,0.5,0.19486316879083915,0.001595229525526598
40,true,30,false,0.5,0.19803189482255287,-0.06077352626948951
40,true,30,false,0.5,0.1901206950642298,-0.016185721956497368
40,true,30,false,0.5,0.2017959983109171,0.020305319122503107
40,true,30,false,0.5,0.23335110499613032,-0.05555877118600261
40,true,30,false,0.5,0.1844616657720522,-0.029860041124575964
40,true,30,false,0.5,0.1881178302593365,0.03223845198009734
40,true,30,false,0.5,0.21347529365443935,-0.046639895675592236
40,true,30,false,0.5,0.19916093621853515,0.0703548618144696
40,true,30,false,0.5,0.15664792266939312,0.02711110210035894
40,true,30,false,0.5,0.18707537603515292,0.06760076729561781
40,true,30,false,0.5,0.21189767573696142,-0.02381623722555659
40,true,30,false,0.5,0.18602132673718147,0.03607776728363721
40,true,30,false,0.5,0.20664248278480207,0.002225093423322555
40,true,30,false,0.5,0.20781092739791945,-0.004903315482612136
40,true,30,false,0.5,0.2307591164095372,-0.006617954818480598
40,true,30,false,0.5,0.1754388346756675,-0.004817902878527569
40,true,30,false,0.5,0.19326103267171396,0.04071101758806517
40,true,30,false,0.5,0.18131433095803645,0.06254580272346821
40,true,30,false,0.5,0.22108585310832507,0.12695200025724684
40,true,30,false,0.5,0.19635881360019286,0.07224032674178638
40,true,30,false,0.5,0.18589469686179558,-0.02556323979646713
40,true,30,false,0.5,0.19183947064448958,0.0844451347124684
40,true,30,false,0.5,0.19576673827782917,-0.006258576613586975
40,true,30,false,0.5,0.1789872967189416,-8.544189594497098E-4
40,true,30,false,0.5,0.1880207057093849,0.03277546795516795
40,true,30,false,0.5,0.18668721080966377,0.05261427582207645
40,true,30,false,0.5,0.1883073743264191,-0.04983170619203303
40,true,30,false,0.5,0.21969980971181544,-0.005213568911741184
40,true,30,false,0.5,0.2036208201953211,0.025784106454513456
40,false,20,true,0.1,0.4271150524012439,0.8307826831249123
40,false,20,true,0.1,0.39764299415444354,0.745023718135057
40,false,20,true,0.1,0.44137116866562365,0.8242266815828483
40,false,20,true,0.1,0.4295482385739628,0.8365531917138496
40,false,20,true,0.1,0.43481803367734895,0.7259361419692123
40,false,20,true,0.1,0.38936544650040233,0.7325583225373045
40,false,20,true,0.1,0.3582455116041452,0.6461124490677674
40,false,20,true,0.1,0.4209043790792841,0.7218603687147489
40,false,20,true,0.1,0.462423367550613,0.8370777683730735
40,false,20,true,0.1,0.40548418972332007,0.7069911263091893
40,false,20,true,0.1,0.44683162590879055,0.8864761051921013
40,false,20,true,0.1,0.39828161354525826,0.7378141153401971
40,false,20,true,0.1,0.4192953069771962,0.6952926058982092
40,false,20,true,0.1,0.40047348484848466,0.6912221242423113
40,false,20,true,0.1,0.4313738822516155,0.787968269499693
40,false,20,true,0.1,0.44547466332157837,0.9096571202737378
40,false,20,true,0.1,0.3861060280348926,0.6578276649584183
40,false,20,true,0.1,0.37240116771921145,0.6828011448332569
40,false,20,true,0.1,0.421957671957672,0.6777731605861312
40,false,20,true,0.1,0.458426368800693,0.8736725312635745
40,false,20,true,0.1,0.4219355982536621,0.6716153582685704
40,false,20,true,0.1,0.4136436643148051,0.6521211076776003
40,false,20,true,0.1,0.41872652501713503,0.6681379220953669
40,false,20,true,0.1,0.3852905117607655,0.6321604678375268
40,false,20,true,0.1,0.3903622964564671,0.6975592199057665
40,false,20,true,0.1,0.4486921220834657,0.8982621866365088
40,false,20,true,0.1,0.4257309941520467,0.661634286332859
40,false,20,true,0.1,0.37499753140754916,0.5397812320649011
40,false,20,true,0.1,0.4437802426192333,0.8369727037984189
40,false,20,true,0.1,0.3910855499640547,0.9220773415979941
40,false,20,true,0.2,0.5483462744722661,1.126982323102343
40,false,20,true,0.2,0.5179506505871149,0.8478561922465335
40,false,20,true,0.2,0.4519450425734242,0.6923689185813329
40,false,20,true,0.2,0.5030899418233973,0.9808077653838385
40,false,20,true,0.2,0.5056784716977207,1.0074401726519469
40,false,20,true,0.2,0.5179073778994854,1.0181082570933944
40,false,20,true,0.2,0.5721240675304279,0.9756619780116669
40,false,20,true,0.2,0.48946046308431623,0.941010901118454
40,false,20,true,0.2,0.4906893361091836,0.9849661115060906
40,false,20,true,0.2,0.4715437832052895,0.8878073043437471
40,false,20,true,0.2,0.49845372694071133,0.9081320624722133
40,false,20,true,0.2,0.4925993660082906,0.9897886885925624
40,false,20,true,0.2,0.5350337711123136,1.1148137336150432
40,false,20,true,0.2,0.48630144636175765,0.8970017689205712
40,false,20,true,0.2,0.4864664885941483,0.8616789463699854
40,false,20,true,0.2,0.50776917383135,0.9368010734476524
40,false,20,true,0.2,0.4607943930399406,0.8836874696640553
40,false,20,true,0.2,0.4915217736268219,0.8569317836114374
40,false,20,true,0.2,0.5068959273396251,0.9992676232987288
40,false,20,true,0.2,0.5420204744437642,1.0804258108128844
40,false,20,true,0.2,0.5392028739533831,1.1448626300440061
40,false,20,true,0.2,0.514643337132747,1.0721890296199357
40,false,20,true,0.2,0.48262978453684857,0.8070222236007423
40,false,20,true,0.2,0.524509803921568,0.838179049411214
40,false,20,true,0.2,0.5248617176128094,0.9287926383543841
40,false,20,true,0.2,0.49640055918093745,0.9599473070799203
40,false,20,true,0.2,0.46032056510906555,0.7768965751375285
40,false,20,true,0.2,0.5098366784270659,0.8641617911779917
40,false,20,true,0.2,0.49846004416477097,0.8596395279922442
40,false,20,true,0.2,0.5021076000461308,0.9226189892019967
40,false,20,true,0.3,0.50675492746125,0.8032630924663522
40,false,20,true,0.3,0.5686306601200214,1.118444351909341
40,false,20,true,0.3,0.5756813417190776,1.0862580162612234
40,false,20,true,0.3,0.5235123779241428,0.9353029796567709
40,false,20,true,0.3,0.5843420990879651,1.1056301915150417
40,false,20,true,0.3,0.5355866402898878,0.9266961331756818
40,false,20,true,0.3,0.583234557054008,1.2813441155603726
40,false,20,true,0.3,0.5979287790697672,1.0912853547994645
40,false,20,true,0.3,0.6120147255689423,1.0612374007128809
40,false,20,true,0.3,0.4910169759267932,0.8543945175706043
40,false,20,true,0.3,0.5311997314347259,0.8960443532928233
40,false,20,true,0.3,0.5685384319601162,0.9787753229890601
40,false,20,true,0.3,0.5282528301938266,0.9884042853484907
40,false,20,true,0.3,0.5904564972382896,1.3689427686733922
40,false,20,true,0.3,0.6157650889055847,1.1332402737147271
40,false,20,true,0.3,0.4961374777325699,0.8634939993219097
40,false,20,true,0.3,0.5348228882833788,1.057804060819663
40,false,20,true,0.3,0.616013192547195,1.3528093341356655
40,false,20,true,0.3,0.5319681863046619,1.1191010379056543
40,false,20,true,0.3,0.5412979949671235,1.1337798882080037
40,false,20,true,0.3,0.5557541442117472,1.1225324155570942
40,false,20,true,0.3,0.5777411172014971,1.1411214933782299
40,false,20,true,0.3,0.5685718829976433,1.0429315537169064
40,false,20,true,0.3,0.5456276337911307,1.109318664867267
40,false,20,true,0.3,0.5523793893007541,0.9674667415856764
40,false,20,true,0.3,0.5529160025328063,1.0592315023875596
40,false,20,true,0.3,0.5807496568472178,0.9164312561058061
40,false,20,true,0.3,0.5234541963994637,1.0445852750251161
40,false,20,true,0.3,0.557042599988424,1.0076134544688848
40,false,20,true,0.3,0.5626397073765494,1.1501226724917348
40,false,20,true,0.4,0.5789688299122261,1.1252210175615973
40,false,20,true,0.4,0.5486967577876668,1.249162166233246
40,false,20,true,0.4,0.6079171041003102,1.2862783853899584
40,false,20,true,0.4,0.5478446145535212,1.0354931955544444
40,false,20,true,0.4,0.5388567784487488,0.9063059316419659
40,false,20,true,0.4,0.535610325634956,0.8955964069086084
40,false,20,true,0.4,0.5653825440894287,0.8837129438105888
40,false,20,true,0.4,0.593499172886443,1.2124978240146715
40,false,20,true,0.4,0.5998607803516877,1.0422037541168976
40,false,20,true,0.4,0.5346262822083275,0.9237327748234261
40,false,20,true,0.4,0.5302895137501187,1.0873224416196798
40,false,20,true,0.4,0.5712319151983958,1.2280335975963155
40,false,20,true,0.4,0.6332192582192583,1.2639148804186933
40,false,20,true,0.4,0.5239234449760763,0.9588469881050443
40,false,20,true,0.4,0.5626065742167435,0.996657880228832
40,false,20,true,0.4,0.5634790171646495,1.0676764507056493
40,false,20,true,0.4,0.5931818181818181,1.1986946797455253
40,false,20,true,0.4,0.5673459383753501,1.258126493207885
40,false,20,true,0.4,0.5690855303811192,1.2074366246297323
40,false,20,true,0.4,0.5502394775036284,1.0596207638144115
40,false,20,true,0.4,0.5332869080779944,1.0426535398302574
40,false,20,true,0.4,0.5278076067542541,0.8949002167829647
40,false,20,true,0.4,0.56723172427215,1.0505034784775837
40,false,20,true,0.4,0.5446733511317726,1.1430831930281293
40,false,20,true,0.4,0.5914325279183288,1.0651383287967366
40,false,20,true,0.4,0.5743916674149232,1.1397690006426826
40,false,20,true,0.4,0.5624256734947848,1.0064188847317892
40,false,20,true,0.4,0.533618726781268,0.8741544602838385
40,false,20,true,0.4,0.5740359850822654,1.0529827141494117
40,false,20,true,0.4,0.6040893942581294,1.1390221094502584
40,false,20,true,0.5,0.5500709219858155,0.8961212350935481
40,false,20,true,0.5,0.6509627035942827,1.3162486359591812
40,false,20,true,0.5,0.6051737710753478,1.2672423208787231
40,false,20,true,0.5,0.6088097356697529,1.2057674080381453
40,false,20,true,0.5,0.5634765121055438,1.1251367163650823
40,false,20,true,0.5,0.49121143406857687,0.8058960694794273
40,false,20,true,0.5,0.5681401373627815,1.1842970996338202
40,false,20,true,0.5,0.5862200882520426,1.0655595358194683
40,false,20,true,0.5,0.600583752322229,1.0853989642370454
40,false,20,true,0.5,0.6153618383769689,1.08263896424552
40,false,20,true,0.5,0.6089060140684269,1.159978117102746
40,false,20,true,0.5,0.6458323962034996,1.471517692883877
40,false,20,true,0.5,0.5833608683731359,0.9381768830310744
40,false,20,true,0.5,0.5716021305177819,1.0980381339260434
40,false,20,true,0.5,0.5717556690063096,1.093934156250742
40,false,20,true,0.5,0.5098624955640109,0.8466659202072702
40,false,20,true,0.5,0.5618534598274104,1.1635389088576984
40,false,20,true,0.5,0.5181926127515146,0.884784693686635
40,false,20,true,0.5,0.5128424657534244,0.8192951145256533
40,false,20,true,0.5,0.6264524948735471,1.3247377971645058
40,false,20,true,0.5,0.5488708381683478,0.9827272377954408
40,false,20,true,0.5,0.555354578738056,0.927556206584911
40,false,20,true,0.5,0.5738414520427623,1.1265326144306869
40,false,20,true,0.5,0.5591031897291974,0.9835984979923991
40,false,20,true,0.5,0.5305172398059683,1.0920259371620347
40,false,20,true,0.5,0.5690754488495762,1.0348890480452324
40,false,20,true,0.5,0.5263069902708783,0.8896920705173281
40,false,20,true,0.5,0.613119538518157,1.1155076600133196
40,false,20,true,0.5,0.5647634734770649,0.9777141352436134
40,false,20,true,0.5,0.5656267911242114,1.04082431401463
40,false,20,false,0.1,0.21907140888766408,-0.009375699124998249
40,false,20,false,0.1,0.21472392638036808,-0.053075892989772555
40,false,20,false,0.1,0.21707302135821635,-0.02258892858505135
40,false,20,false,0.1,0.22946674107255072,-0.06188716247559256
40,false,20,false,0.1,0.22361959441428006,-0.10279857588513419
40,false,20,false,0.1,0.20707400657887198,-0.016870633178493577
40,false,20,false,0.1,0.21932758317197676,0.04528397746519097
40,false,20,false,0.1,0.19725967978567324,0.059192782804906585
40,false,20,false,0.1,0.19898233698010376,0.0378725814143106
40,false,20,false,0.1,0.22227528511598768,0.02594395818053119
40,false,20,false,0.1,0.1899251191286589,0.09669960356546259
40,false,20,false,0.1,0.24953127030388528,-0.09649500706702163
40,false,20,false,0.1,0.22308464232320957,0.03328281538168998
40,false,20,false,0.1,0.22357117812061708,-0.07144765018790267
40,false,20,false,0.1,0.22173828881145952,-0.0643326932919539
40,false,20,false,0.1,0.21786529260213458,-0.06609556272091766
40,false,20,false,0.1,0.2340754202635167,0.0015128601926095442
40,false,20,false,0.1,0.17274468237631468,-0.018625542126497585
40,false,20,false,0.1,0.1868511466258072,-0.014093553921529889
40,false,20,false,0.1,0.20323361786520786,0.036089756600126144
40,false,20,false,0.1,0.20185245368865787,0.02200732737127442
40,false,20,false,0.1,0.20637300310402548,0.021725401197937977
40,false,20,false,0.1,0.17341155727209762,0.05862928087025221
40,false,20,false,0.1,0.22715427909622898,0.026365619723636158
40,false,20,false,0.1,0.20960835201132466,-0.025361992275746204
40,false,20,false,0.1,0.2176443050034495,0.10657307870360633
40,false,20,false,0.1,0.19442938589944028,-0.0020062746424400757
40,false,20,false,0.1,0.24409843514810703,0.07991911010383657
40,false,20,false,0.1,0.20297653355290246,0.005217164639081062
40,false,20,false,0.1,0.18612993641231598,0.05206416713362216
40,false,20,false,0.2,0.17702444442220902,0.0058018882891923695
40,false,20,false,0.2,0.18149956221620403,-0.018044066085079358
40,false,20,false,0.2,0.2351365386387177,-0.019933783059538968
40,false,20,false,0.2,0.237568538838143,-0.013701341795926858
40,false,20,false,0.2,0.2054282612275142,-0.013645896040416439
40,false,20,false,0.2,0.20113786251116716,0.04419493045539813
40,false,20,false,0.2,0.20344480816531763,-0.02532653193698664
40,false,20,false,0.2,0.21988321755763612,0.04094737813592797
40,false,20,false,0.2,0.2238325599763058,0.12820431539241017
40,false,20,false,0.2,0.21490765763980796,0.09755063749101556
40,false,20,false,0.2,0.21741129164024278,0.060524607205880265
40,false,20,false,0.2,0.20603629881704752,0.09035149745454696
40,false,20,false,0.2,0.2071715668298857,-0.01207774125013028
40,false,20,false,0.2,0.23476111675343228,0.05452283230511945
40,false,20,false,0.2,0.22629146554380203,0.004715979595236952
40,false,20,false,0.2,0.22579490876705652,0.021648344688845356
40,false,20,false,0.2,0.19783751223552448,0.05120223321496997
40,false,20,false,0.2,0.22965429059007808,0.09616243228114651
40,false,20,false,0.2,0.2259571871663193,0.02181559166770164
40,false,20,false,0.2,0.21563051295151975,-0.08476366501555077
40,false,20,false,0.2,0.21301180817557558,-0.04211029534203892
40,false,20,false,0.2,0.19554200607059594,0.04009474531494828
40,false,20,false,0.2,0.21751473527183474,-0.023049128957277176
40,false,20,false,0.2,0.2159697613985354,0.043512941137014316
40,false,20,false,0.2,0.23780491133822504,0.03280579406653761
40,false,20,false,0.2,0.20816642977128832,0.02752294009955225
40,false,20,false,0.2,0.21144998544064214,-0.06472286564514373
40,false,20,false,0.2,0.2124078282417024,-0.02972809721396885
40,false,20,false,0.2,0.2132320724404849,0.0898663279042502
40,false,20,false,0.2,0.18297061333191608,-0.022637078026780166
40,false,20,false,0.3,0.19287735887978477,0.03697293076502728
40,false,20,false,0.3,0.2193464113634941,-0.010354505348119325
40,false,20,false,0.3,0.20238351100412655,0.0067307517772210446
40,false,20,false,0.3,0.2287479368801,-0.056073588858654766
40,false,20,false,0.3,0.20709584485732832,-0.07577763474067112
40,false,20,false,0.3,0.24987297522508795,-0.0074480213595986555
40,false,20,false,0.3,0.22460770217029077,-0.03931662537371672
40,false,20,false,0.3,0.18561902837514066,0.0382429613942179
40,false,20,false,0.3,0.21714410855520833,-0.04420858260933169
40,false,20,false,0.3,0.1933406175575636,0.036338221716249564
40,false,20,false,0.3,0.2186639118457299,0.0036744175484582087
40,false,20,false,0.3,0.20053806667078986,0.01277054957265733
40,false,20,false,0.3,0.2116639301762877,-0.02597800212992407
40,false,20,false,0.3,0.2228322948608995,-0.0021454135648832917
40,false,20,false,0.3,0.21002111189303313,-0.060518296423501816
40,false,20,false,0.3,0.20771481143189968,0.026294189657054545
40,false,20,false,0.3,0.22680806788292399,-0.03766569711221557
40,false,20,false,0.3,0.22894370014713855,0.08711714781320357
40,false,20,false,0.3,0.1936449219057915,-0.04705994228910715
40,false,20,false,0.3,0.2442680398582224,0.005544193815178566
40,false,20,false,0.3,0.19910675039434497,-0.036051579274837486
40,false,20,false,0.3,0.19783491504611994,0.01409841834463954
40,false,20,false,0.3,0.21007227509970253,0.014281233572580376
40,false,20,false,0.3,0.19870329670329676,0.017752484083978004
40,false,20,false,0.3,0.21455470240133023,0.036088207088175395
40,false,20,false,0.3,0.22455558625771396,0.1023076409769672
40,false,20,false,0.3,0.21574680001646296,-0.00740101644793878
40,false,20,false,0.3,0.2028688943127623,-0.040584045407636715
40,false,20,false,0.3,0.22827011862738328,0.040370152295343686
40,false,20,false,0.3,0.19550882904997519,-0.03415807835200191
40,false,20,false,0.4,0.22082478418113133,-0.035549776768607266
40,false,20,false,0.4,0.2257929402402119,0.03131143673834469
40,false,20,false,0.4,0.21666279027065405,0.10392867261448835
40,false,20,false,0.4,0.21658859588248902,0.029379893302460047
40,false,20,false,0.4,0.1865627182710876,-0.0540224440832171
40,false,20,false,0.4,0.2180110058343548,0.07110272921614058
40,false,20,false,0.4,0.21868131868131852,-0.029259732675945394
40,false,20,false,0.4,0.24508641667186615,0.013874912222363811
40,false,20,false,0.4,0.18409647168825446,0.02626644682335133
40,false,20,false,0.4,0.22812535455416297,0.09137551883203265
40,false,20,false,0.4,0.21933393610608803,0.0047404473793530855
40,false,20,false,0.4,0.19290649212609434,0.014852017809912077
40,false,20,false,0.4,0.20220254055545858,0.06896051523114544
40,false,20,false,0.4,0.22438442078959905,0.029333352971583793
40,false,20,false,0.4,0.22947227191413233,-0.0842555970287755
40,false,20,false,0.4,0.19302542230515377,0.022802851374122746
40,false,20,false,0.4,0.19696953283683147,0.11486514374148271
40,false,20,false,0.4,0.19792696675630797,-0.006863957530745424
40,false,20,false,0.4,0.2042854574407973,-8.704985835219503E-4
40,false,20,false,0.4,0.19476416158880613,0.02830014671388703
40,false,20,false,0.4,0.22330870635955388,-0.029685827814489585
40,false,20,false,0.4,0.2244823348119311,-0.011351530332606607
40,false,20,false,0.4,0.2157210194351777,0.020198239494884085
40,false,20,false,0.4,0.2089250160649763,0.03636148826939234
40,false,20,false,0.4,0.2073537747060867,-0.031858484059136494
40,false,20,false,0.4,0.2370676952189896,0.026664291769447956
40,false,20,false,0.4,0.21183758161544994,0.10525988489372295
40,false,20,false,0.4,0.20781308474806934,-0.01846479010670432
40,false,20,false,0.4,0.21580329303648593,0.0012995401382474014
40,false,20,false,0.4,0.19856734914894048,0.06695413872167943
40,false,20,false,0.5,0.23686064755384398,-0.0023121020386094315
40,false,20,false,0.5,0.2270363929196215,-0.024525078043642345
40,false,20,false,0.5,0.22497094227198028,0.05796309990661275
40,false,20,false,0.5,0.20548536788176286,0.01020729014022681
40,false,20,false,0.5,0.2009073614911081,0.04227813201728292
40,false,20,false,0.5,0.20679994693176731,0.003437202277805085
40,false,20,false,0.5,0.2420366795366795,-0.09093965749146626
40,false,20,false,0.5,0.21502008579015444,0.009298980153954695
40,false,20,false,0.5,0.1940840929587942,-0.038011720296281304
40,false,20,false,0.5,0.16974824466301694,0.053101941941479325
40,false,20,false,0.5,0.17984060569834628,-0.05493009357426981
40,false,20,false,0.5,0.19232704127386865,0.030596370142741414
40,false,20,false,0.5,0.19930694445929897,0.06404816282737436
40,false,20,false,0.5,0.21865514857220664,-0.08546397621513258
40,false,20,false,0.5,0.17028115129676577,0.006172351402303988
40,false,20,false,0.5,0.19356690964989304,0.05122074103403218
40,false,20,false,0.5,0.22222753803463782,0.012108717683640968
40,false,20,false,0.5,0.19804289447505558,-0.006424742280419338
40,false,20,false,0.5,0.22434613857892657,-0.023894336516948833
40,false,20,false,0.5,0.22974722053210903,-0.0031295381212173012
40,false,20,false,0.5,0.21824846631592942,-0.07164447735514656
40,false,20,false,0.5,0.19349193983340318,-0.054377805271680124
40,false,20,false,0.5,0.20822823218032807,-0.05037772046818034
40,false,20,false,0.5,0.20097719344885648,-0.06632083428377378
40,false,20,false,0.5,0.20582382206613983,0.03217154707010916
40,false,20,false,0.5,0.20176055145888766,-0.04662248360042476
40,false,20,false,0.5,0.2412732349252955,-0.10091888864084986
40,false,20,false,0.5,0.202535943551382,-0.08253002099073026
40,false,20,false,0.5,0.20398198923378769,-0.06933965324197189
40,false,20,false,0.5,0.22514402932960886,-0.024879804330526945
40,false,25,true,0.1,0.44139586326879965,0.809376229130053
40,false,25,true,0.1,0.3929202453987732,0.7565487122619308
40,false,25,true,0.1,0.42777716153611245,0.7189615307998247
40,false,25,true,0.1,0.33639497035037846,0.45638521880631
40,false,25,true,0.1,0.3181745176955199,0.4523097117106998
40,false,25,true,0.1,0.4123169386435391,0.7200389542154761
40,false,25,true,0.1,0.38681254646653396,0.645000993757173
40,false,25,true,0.1,0.47696998637100757,0.8289382731133577
40,false,25,true,0.1,0.41827394419306185,0.8917383679866031
40,false,25,true,0.1,0.4658417796498618,0.7944182438271747
40,false,25,true,0.1,0.3944871586228613,0.6902313581125892
40,false,25,true,0.1,0.3175872827217353,0.5111825337354361
40,false,25,true,0.1,0.4878450952534887,0.8912999964795558
40,false,25,true,0.1,0.40866481827269474,0.7557699145504779
40,false,25,true,0.1,0.4241960183767226,0.7637396547503936
40,false,25,true,0.1,0.3848076923076923,0.6805559084992883
40,false,25,true,0.1,0.4398214496361981,0.9309936628890201
40,false,25,true,0.1,0.35708077233500973,0.5068646950257731
40,false,25,true,0.1,0.4521678039721182,0.8644091542195493
40,false,25,true,0.1,0.3695542092304658,0.6519196413435608
40,false,25,true,0.1,0.39140656944255126,0.6885139482690379
40,false,25,true,0.1,0.39690623756913185,0.5634130774866559
40,false,25,true,0.1,0.4373613368772517,0.9732992771738873
40,false,25,true,0.1,0.33580879747304876,0.5440614534175214
40,false,25,true,0.1,0.3749321168676007,0.6634630834268451
40,false,25,true,0.1,0.40070041095179454,0.650135150129941
40,false,25,true,0.1,0.4169094478691543,0.6420291424715181
40,false,25,true,0.1,0.36941688054423266,0.5868829113467919
40,false,25,true,0.1,0.39149537072874374,0.6269561163633943
40,false,25,true,0.2,0.45976525821596237,0.8139003665666467
40,false,25,true,0.1,0.39724622233960266,0.6412833788915728
40,false,25,true,0.2,0.48983622697692275,0.9648867647779937
40,false,25,true,0.2,0.4962481333997014,0.9744388843999339
40,false,25,true,0.2,0.49362756189636897,0.8153460021425021
40,false,25,true,0.2,0.5209479266163827,0.9095356883836105
40,false,25,true,0.2,0.5673094711292984,1.1457052642570869
40,false,25,true,0.2,0.44987075038284835,0.809261835541804
40,false,25,true,0.2,0.5037095919448861,0.8577654913333692
40,false,25,true,0.2,0.5241714712218878,0.9249563677094859
40,false,25,true,0.2,0.5117249485747869,0.9967250896460591
40,false,25,true,0.2,0.48502099195901244,0.8999076939329385
40,false,25,true,0.2,0.5453571311018761,0.9966443657994146
40,false,25,true,0.2,0.48273444347063954,0.9960351078957954
40,false,25,true,0.2,0.44141572713001276,0.7280902618391645
40,false,25,true,0.2,0.4270141048310062,0.6298989869049043
40,false,25,true,0.2,0.5172781680978408,0.846791445414758
40,false,25,true,0.2,0.5418206672091131,1.0056863545742303
40,false,25,true,0.2,0.47293504901960787,0.8599388860300774
40,false,25,true,0.2,0.5429034874290349,1.0171496679688818
40,false,25,true,0.2,0.48407483837641097,0.8046563572729566
40,false,25,true,0.2,0.4930184791496322,0.8871105722016566
40,false,25,true,0.2,0.43487910518146816,0.6825867463203528
40,false,25,true,0.2,0.5310579741613289,0.9224770662650643
40,false,25,true,0.2,0.5656584684630379,1.1875255828935147
40,false,25,true,0.2,0.5055505446471934,0.9635166522076837
40,false,25,true,0.2,0.46013735292632446,0.9337630000686632
40,false,25,true,0.2,0.47590049911752985,0.8757178332791717
40,false,25,true,0.2,0.5693637199746777,0.9956093031260993
40,false,25,true,0.2,0.5092705433764028,1.005131969800714
40,false,25,true,0.2,0.4433115668079581,0.7994608859505314
40,false,25,true,0.3,0.5158871324665346,1.0204601276541467
40,false,25,true,0.3,0.5239938024976507,0.881087179559013
40,false,25,true,0.3,0.5228665010217898,1.0244536725726228
40,false,25,true,0.3,0.5345775689218277,1.0768676958970724
40,false,25,true,0.3,0.5374063801923633,0.9372375483626412
40,false,25,true,0.3,0.5021563593251742,0.7669161184855069
40,false,25,true,0.3,0.49259686662624463,0.9367546545626038
40,false,25,true,0.3,0.5276288858388113,1.0605263728281455
40,false,25,true,0.3,0.4951240639667209,0.9607187083855013
40,false,25,true,0.3,0.5758631612290148,1.215962889491033
40,false,25,true,0.3,0.5892770460283495,1.2826506909067419
40,false,25,true,0.3,0.5783560998586905,1.0876005988163984
40,false,25,true,0.3,0.5081364928909953,0.9651665955098236
40,false,25,true,0.3,0.5333606613377058,0.8351826124113941
40,false,25,true,0.3,0.5021838450292397,1.0114348571206495
40,false,25,true,0.3,0.4973357610485587,0.9071196742077348
40,false,25,true,0.3,0.5265706952349067,1.059201268048649
40,false,25,true,0.3,0.571049374752123,1.0772675703856178
40,false,25,true,0.3,0.4669261538424721,0.8752387141321964
40,false,25,true,0.3,0.4667311595724472,0.7195338728715672
40,false,25,true,0.3,0.5781266531087257,1.1334113319469035
40,false,25,true,0.3,0.5642868641433922,1.0083099619826807
40,false,25,true,0.3,0.5718671940049957,1.0326206771968405
40,false,25,true,0.3,0.5184748157482719,0.9362169457494582
40,false,25,true,0.3,0.545298781018027,0.8711558270798418
40,false,25,true,0.3,0.529616711235128,1.0999662644821129
40,false,25,true,0.3,0.4780678598241748,0.9058470160079777
40,false,25,true,0.3,0.5551061167998973,1.045536318060038
40,false,25,true,0.3,0.5588904344351111,1.069822742194071
40,false,25,true,0.3,0.5804065732786421,1.0659811900076752
40,false,25,true,0.4,0.5310692592644629,1.0487883506709084
40,false,25,true,0.4,0.6201318458417848,1.0099074444225584
40,false,25,true,0.4,0.5235420796319408,0.9444347955408512
40,false,25,true,0.4,0.5838811335638345,1.1179062480231465
40,false,25,true,0.4,0.5347757622855273,0.9966754271735638
40,false,25,true,0.4,0.5710887352628738,1.299222045614397
40,false,25,true,0.4,0.5445525451982346,1.1470230754999236
40,false,25,true,0.4,0.5602581095221485,1.0929092308995232
40,false,25,true,0.4,0.5363561496742257,1.133074358737992
40,false,25,true,0.4,0.5234185908792689,0.9262594502570645
40,false,25,true,0.4,0.51239633817986,0.947832015093625
40,false,25,true,0.4,0.5401071522235963,1.007918130869557
40,false,25,true,0.4,0.5225209190680401,0.9293801289937331
40,false,25,true,0.4,0.5075804755793462,1.0769863906757795
40,false,25,true,0.4,0.5573287446738774,1.0689323440784726
40,false,25,true,0.4,0.513833080824715,0.9161610173240451
40,false,25,true,0.4,0.5304334766127391,1.1319302574599357
40,false,25,true,0.4,0.5351344993500571,1.1171836498908663
40,false,25,true,0.4,0.534433214307329,1.0554068752954784
40,false,25,true,0.4,0.5631138245329683,0.9731266533246794
40,false,25,true,0.4,0.48946218946218945,0.9974529683255993
40,false,25,true,0.4,0.5379492037179563,1.0728893522118836
40,false,25,true,0.4,0.5135996691008672,1.1156920383703497
40,false,25,true,0.4,0.5526239095857661,1.1653439040564715
40,false,25,true,0.4,0.5112529574132493,0.9869774820891672
40,false,25,true,0.4,0.5386059684745826,1.0166302174333453
40,false,25,true,0.4,0.5249084379756468,0.9868884669980389
40,false,25,true,0.4,0.5116875275419551,0.9160321636181425
40,false,25,true,0.4,0.6159457167090755,1.1725781834294509
40,false,25,true,0.4,0.4718638972731887,0.9574363485867066
40,false,25,true,0.5,0.5445008350116852,1.2183008932229757
40,false,25,true,0.5,0.5515938122582913,1.1611264369171028
40,false,25,true,0.5,0.5126452175538044,0.8537075165940475
40,false,25,true,0.5,0.5270384858044164,1.0450736430202294
40,false,25,true,0.5,0.5659179495138214,1.1145286447980416
40,false,25,true,0.5,0.5466753323485967,1.0404904911398853
40,false,25,true,0.5,0.5284717229810687,1.0302176029056227
40,false,25,true,0.5,0.5256659770938554,0.9507264726732814
40,false,25,true,0.5,0.5997883388369948,1.239229599318893
40,false,25,true,0.5,0.5095897735005346,0.8217641343617403
40,false,25,true,0.5,0.5314996915529754,0.9643080670835262
40,false,25,true,0.5,0.5563089481946624,1.017350822371494
40,false,25,true,0.5,0.529646996684175,1.0830560534222675
40,false,25,true,0.5,0.49170915836673157,0.8929860956173172
40,false,25,true,0.5,0.5334698692452657,0.9695762736430869
40,false,25,true,0.5,0.5024829792009577,0.9146716125713032
40,false,25,true,0.5,0.5221259393442993,0.9950478212372325
40,false,25,true,0.5,0.5798773651095166,1.1166568234317547
40,false,25,true,0.5,0.5208478682295273,0.9840039062251327
40,false,25,true,0.5,0.5426410895931142,1.1717453462449159
40,false,25,true,0.5,0.5161390357628896,0.9625924273668574
40,false,25,true,0.5,0.5490882007763838,0.957153612929079
40,false,25,true,0.5,0.5223137271009614,1.0504725882368513
40,false,25,true,0.5,0.5462687708742319,1.0891530634127253
40,false,25,true,0.5,0.5024676009169337,0.7319602472685052
40,false,25,true,0.5,0.5246298623670417,1.0090429873282396
40,false,25,true,0.5,0.5341881278538813,0.9406033388812691
40,false,25,true,0.5,0.6134376272729453,1.1341591722809072
40,false,25,true,0.5,0.5397087463005468,1.072115288796275
40,false,25,true,0.5,0.5830023705433192,1.0677037679245878
40,false,25,false,0.1,0.19102247715600615,0.0090997477292456
40,false,25,false,0.1,0.20372732819346615,-0.035145573928259566
40,false,25,false,0.1,0.21839692730382132,0.044511353720564806
40,false,25,false,0.1,0.21122483397108588,0.021652104932326388
40,false,25,false,0.1,0.1920379984810568,-0.037902499271671886
40,false,25,false,0.1,0.19289224608663985,0.01565896638525821
40,false,25,false,0.1,0.20913389266789423,0.009289765154265162
40,false,25,false,0.1,0.1940321732269659,-0.0034706969830695655
40,false,25,false,0.1,0.2070366071136032,-0.01886211967968876
40,false,25,false,0.1,0.1730925741137839,-0.0025406516134296453
40,false,25,false,0.1,0.21300588079433738,0.008394016914366809
40,false,25,false,0.1,0.23575712481962474,-0.08554846029496677
40,false,25,false,0.1,0.20017922544407188,0.05988060110474258
40,false,25,false,0.1,0.18917473092523393,-0.03904036885364004
40,false,25,false,0.1,0.1731148343251816,0.037095561528396104
40,false,25,false,0.1,0.21142689722632713,0.049944431285656066
40,false,25,false,0.1,0.19988552948171523,0.06880312366060881
40,false,25,false,0.1,0.18932336847724549,-0.010346690822713
40,false,25,false,0.1,0.20418769931662867,0.056706338622850794
40,false,25,false,0.1,0.18638864728345042,0.04569365945477788
40,false,25,false,0.1,0.2201160186510996,-0.012869347198877001
40,false,25,false,0.1,0.1817996082337855,0.03193523771210138
40,false,25,false,0.1,0.1929215853244505,0.0406609681073169
40,false,25,false,0.1,0.2101216772031382,0.028154151403680494
40,false,25,false,0.1,0.21971037649633082,-0.05086901599586913
40,false,25,false,0.1,0.202810427091819,0.053809824071505474
40,false,25,false,0.1,0.19830214513920585,0.006294974863797265
40,false,25,false,0.1,0.1961077666559803,0.025252897802884533
40,false,25,false,0.1,0.1870913474882881,-0.06927277172542379
40,false,25,false,0.1,0.18296343209604582,0.1014691304325801
40,false,25,false,0.2,0.23521761133603244,-0.019643467283388283
40,false,25,false,0.2,0.2253075901037731,0.02934152747889751
40,false,25,false,0.2,0.1993151289197923,0.06505205095951538
40,false,25,false,0.2,0.18350345884851052,0.06441739723866036
40,false,25,false,0.2,0.198614760934142,0.038028144499109295
40,false,25,false,0.2,0.21432899437955738,0.04868736503895299
40,false,25,false,0.2,0.21253256547374194,-0.1314796398000464
40,false,25,false,0.2,0.2000767533554418,0.005905694844361875
40,false,25,false,0.2,0.18838092903542109,-0.04026056320344562
40,false,25,false,0.2,0.22545529747825296,-0.04021775002401551
40,false,25,false,0.2,0.21817309112391087,-0.01760658126984982
40,false,25,false,0.2,0.19072668137887647,-0.07516011040138526
40,false,25,false,0.2,0.17055340729001578,-0.006634366601150354
40,false,25,false,0.2,0.24012977385846176,0.11583920104111112
40,false,25,false,0.2,0.2116579496286586,0.028414103886496456
40,false,25,false,0.2,0.23706925771099308,0.05022433010441052
40,false,25,false,0.2,0.18475939920024304,0.06346363113722742
40,false,25,false,0.2,0.20910981625672492,0.09878140571292349
40,false,25,false,0.2,0.19582586852002176,0.038780998786188015
40,false,25,false,0.2,0.21069619541687012,-0.04161211670798526
40,false,25,false,0.2,0.1677569756857814,0.04704354965388724
40,false,25,false,0.2,0.22559194640165092,0.006946957586785096
40,false,25,false,0.2,0.19165438519088696,-0.09321504670094516
40,false,25,false,0.2,0.18877023847963467,-0.04458314915841388
40,false,25,false,0.2,0.22349650349650343,0.06432740428588701
40,false,25,false,0.2,0.21605840472331556,-0.0016960825458829376
40,false,25,false,0.2,0.19952045910145036,0.02673466366424382
40,false,25,false,0.2,0.230242292384036,-0.0013608175211867746
40,false,25,false,0.2,0.20728535704362314,0.0021652547306993952
40,false,25,false,0.2,0.19174102510894367,-0.056483945884193254
40,false,25,false,0.3,0.17125772462543914,-0.020466617674876453
40,false,25,false,0.3,0.17275869609770445,0.009384112090230268
40,false,25,false,0.3,0.2003420382056676,0.10971434388420853
40,false,25,false,0.3,0.22270760765868705,0.04660440536330501
40,false,25,false,0.3,0.2320801495079199,0.025392172118519518
40,false,25,false,0.3,0.19294444146750966,-0.025945264555976344
40,false,25,false,0.3,0.19559966609190685,0.03684203203084646
40,false,25,false,0.3,0.16819913275281573,-0.10354126851907441
40,false,25,false,0.3,0.19390909648530952,-0.01831569432361313
40,false,25,false,0.3,0.19937057791362425,0.03139494970942547
40,false,25,false,0.3,0.2290406845201366,-0.05864782231954635
40,false,25,false,0.3,0.21109693803122312,-0.010079066379181434
40,false,25,false,0.3,0.18930359982100864,-0.0905222275877442
40,false,25,false,0.3,0.1798229678365698,-0.026097112007887446
40,false,25,false,0.3,0.17812224788298694,8.489350147886654E-4
40,false,25,false,0.3,0.22159884388379408,0.02788436356566759
40,false,25,false,0.3,0.21802509823805297,0.030905026878191855
40,false,25,false,0.3,0.18379894937917868,-0.007837453732587818
40,false,25,false,0.3,0.22024526390242968,-0.03698896258481277
40,false,25,false,0.3,0.20282276871861946,-0.03916541040113586
40,false,25,false,0.3,0.20038362411962424,0.058384895232793
40,false,25,false,0.3,0.19772958842357685,-0.05098759699289257
40,false,25,false,0.3,0.19991949123726832,-0.006977716578191462
40,false,25,false,0.3,0.19155337829186944,0.04140614785843422
40,false,25,false,0.3,0.21831883916357253,-0.05451649413181592
40,false,25,false,0.3,0.20682890020750808,-0.020862770304360012
40,false,25,false,0.3,0.17829836702452684,0.02954793423739943
40,false,25,false,0.3,0.20149088690612357,0.005029428963373661
40,false,25,false,0.3,0.2566886037218259,0.06954920068963766
40,false,25,false,0.3,0.20754554459709718,0.1446440808307985
40,false,25,false,0.4,0.19143985952589992,-0.050715553333091634
40,false,25,false,0.4,0.1974789915966387,-0.07324737217760102
40,false,25,false,0.4,0.19614886404350906,0.023955939658955927
40,false,25,false,0.4,0.20740179360869018,-0.12961311103402195
40,false,25,false,0.4,0.1780877794093653,-0.060324874397304384
40,false,25,false,0.4,0.22015744428317094,-0.09912974032645838
40,false,25,false,0.4,0.2118156168072665,-0.032500760647612204
40,false,25,false,0.4,0.2052906635349383,0.014430959758802153
40,false,25,false,0.4,0.18989426243716406,0.02228234194734835
40,false,25,false,0.4,0.201822170487106,0.007533543803700304
40,false,25,false,0.4,0.1873763787423869,-0.020160086361705964
40,false,25,false,0.4,0.21036158836324606,-0.006351385459781866
40,false,25,false,0.4,0.2219776337423396,0.01355563712195984
40,false,25,false,0.4,0.19530882340799688,-0.04794802500572537
40,false,25,false,0.4,0.19172113289760354,-0.013774892313653808
40,false,25,false,0.4,0.21005219666221828,-0.0342302536810557
40,false,25,false,0.4,0.22124880251569637,0.049863008263877795
40,false,25,false,0.4,0.17414215163030322,0.028052200869828958
40,false,25,false,0.4,0.1899084531329809,-0.017053897689891073
40,false,25,false,0.4,0.20371060152514592,0.025026138609013593
40,false,25,false,0.4,0.22189524955423795,0.013664645456333169
40,false,25,false,0.4,0.22542980143773272,0.009011783143328067
40,false,25,false,0.4,0.2062544844048228,0.038184743121928655
40,false,25,false,0.4,0.17737537874158762,-0.01367916504466482
40,false,25,false,0.4,0.19227161651815464,-0.06333054397585958
40,false,25,false,0.4,0.21004669451953784,-0.0022001581406856374
40,false,25,false,0.4,0.18941256251589395,0.008063989464391241
40,false,25,false,0.4,0.21694296352062128,0.08631654662139088
40,false,25,false,0.4,0.20996559746859353,0.028561239663848603
40,false,25,false,0.4,0.20261579907882166,0.05890028261855029
40,false,25,false,0.5,0.22374721603563477,-0.11838041125620435
40,false,25,false,0.5,0.2157582110412299,0.10550462263877058
40,false,25,false,0.5,0.20608293822579546,-0.006596905635279704
40,false,25,false,0.5,0.19143088647512269,-0.004605593533327124
40,false,25,false,0.5,0.20103287784299334,0.011982951976678535
40,false,25,false,0.5,0.19666774341624305,0.007095056646616804
40,false,25,false,0.5,0.22204846526655908,-0.15387911018449518
40,false,25,false,0.5,0.18111995340165427,-0.04895066443715912
40,false,25,false,0.5,0.2231257167143808,-0.0655118654859379
40,false,25,false,0.5,0.24077046548956663,-0.04674895908440657
40,false,25,false,0.5,0.18852619767540002,0.0102446229071127
40,false,25,false,0.5,0.22382814216052357,0.11037237085773999
40,false,25,false,0.5,0.2146502620186831,0.04202028722608375
40,false,25,false,0.5,0.20649285373039253,-0.03703892248815954
40,false,25,false,0.5,0.22462772277718918,-0.04064736319578088
40,false,25,false,0.5,0.17616701853155056,0.054998273594833336
40,false,25,false,0.5,0.18541199179635662,-0.038057808225979706
40,false,25,false,0.5,0.19819623786755233,0.02204781715156301
40,false,25,false,0.5,0.2153202189966895,-0.038836791781443836
40,false,25,false,0.5,0.18080233722765954,0.0793233954134136
40,false,25,false,0.5,0.22546996335542596,0.06860582189029607
40,false,25,false,0.5,0.20942949339522168,0.06876978305672754
40,false,25,false,0.5,0.19716759514061344,0.06468041739661423
40,false,25,false,0.5,0.20620685062268299,0.0233424246783569
40,false,25,false,0.5,0.19188556131838727,0.019016871132885527
40,false,25,false,0.5,0.1986493681172416,0.11779523107461998
40,false,25,false,0.5,0.19194823867721064,0.08218710662420836
40,false,25,false,0.5,0.20049188850863645,-0.04987006114457149
40,false,25,false,0.5,0.1790274888461488,-0.060514038182970964
40,false,25,false,0.5,0.21795361756865106,-0.04865407234334285
40,false,30,true,0.1,0.3979177853350037,0.7020564520736601
40,false,30,true,0.1,0.3903409090909093,0.5435820279375259
40,false,30,true,0.1,0.3948873873873875,0.5968581867406124
40,false,30,true,0.1,0.373559730383367,0.5721064471183528
40,false,30,true,0.1,0.36455773955773974,0.630277681736616
40,false,30,true,0.1,0.40860881681137773,0.6971293209640486
40,false,30,true,0.1,0.4172663272793983,0.7872135376874372
40,false,30,true,0.1,0.39431979967924663,0.7590479257916645
40,false,30,true,0.1,0.4204765797061963,0.6991316465332327
40,false,30,true,0.1,0.30391260384972396,0.38625142543385316
40,false,30,true,0.1,0.39513783762250027,0.8028283136539711
40,false,30,true,0.1,0.38603392548420246,0.6118791235214402
40,false,30,true,0.1,0.3875109449371105,0.6406708517074531
40,false,30,true,0.1,0.37553733678185147,0.6167333431803463
40,false,30,true,0.1,0.36643561749080117,0.5710509283573746
40,false,30,true,0.1,0.35434214796840957,0.6263026572305499
40,false,30,true,0.1,0.37237850589777205,0.6589089787947477
40,false,30,true,0.1,0.3728010683276798,0.5358239810662457
40,false,30,true,0.1,0.34111603297649784,0.5730799228742365
40,false,30,true,0.1,0.36980329611908563,0.6097610103004705
40,false,30,true,0.1,0.41179963036379474,0.6965936575933656
40,false,30,true,0.1,0.44492552266859636,0.7370225079852162
40,false,30,true,0.1,0.42838154434616316,0.7352314693970472
40,false,30,true,0.1,0.342440130177686,0.5323007269909938
40,false,30,true,0.1,0.41413437682200416,0.6718839018608049
40,false,30,true,0.1,0.38339302553746807,0.5361265455228175
40,false,30,true,0.1,0.40186957416554414,0.6653520944075346
40,false,30,true,0.1,0.3484220521948999,0.5073726202135411
40,false,30,true,0.1,0.4120242280788449,0.6343267106204102
40,false,30,true,0.1,0.3530974439111508,0.6281574418239062
40,false,30,true,0.2,0.4582276165776379,0.7905977325927447
40,false,30,true,0.2,0.5260932624039205,0.9316680647840752
40,false,30,true,0.2,0.4360735183637188,0.7875952513231761
40,false,30,true,0.2,0.5174032956291023,1.1087446717920253
40,false,30,true,0.2,0.5322540441012208,0.9940969345103481
40,false,30,true,0.2,0.4562167799232995,0.7557257832055786
40,false,30,true,0.2,0.48915349973284505,0.7740440530319042
40,false,30,true,0.2,0.4713373887507116,0.8817936443675656
40,false,30,true,0.2,0.4520203438278681,0.7713198394207872
40,false,30,true,0.2,0.4890930427493714,0.8373018693298295
40,false,30,true,0.2,0.45603975789882856,0.8893786244352908
40,false,30,true,0.2,0.4763043478260871,0.8661179045352432
40,false,30,true,0.2,0.4394498453380468,0.7801198317763323
40,false,30,true,0.2,0.473939442772211,0.8131282004571689
40,false,30,true,0.2,0.42257191871206123,0.8422764908300726
40,false,30,true,0.2,0.47420240704849875,0.8132812254959596
40,false,30,true,0.2,0.5024875621890548,1.045712719279818
40,false,30,true,0.2,0.4767002611349407,0.793210890992861
40,false,30,true,0.2,0.5126248903129583,1.0266982776652105
40,false,30,true,0.2,0.4602459950357537,0.8830258307305243
40,false,30,true,0.2,0.4649432182470533,0.7532605814983047
40,false,30,true,0.2,0.41821997243684,0.6205625643472539
40,false,30,true,0.2,0.4584529505582137,0.7626841650977321
40,false,30,true,0.2,0.43140444856840965,0.7604092406691381
40,false,30,true,0.2,0.40832756632064615,0.6781530778008662
40,false,30,true,0.2,0.5295529006850449,0.8801698805901186
40,false,30,true,0.2,0.44319958311620644,0.8976954652604983
40,false,30,true,0.2,0.4960622772973835,0.9985320194670448
40,false,30,true,0.2,0.4438678618857901,0.7816930594902844
40,false,30,true,0.2,0.5195097931940038,0.844224612926725
40,false,30,true,0.3,0.5440700304455176,0.8678592940323222
40,false,30,true,0.3,0.4933148621767548,1.150316918504318
40,false,30,true,0.3,0.5905208101686948,1.0973786230840243
40,false,30,true,0.3,0.4728664707102346,0.9642648977966957
40,false,30,true,0.3,0.5060100073087084,0.8200901799241915
40,false,30,true,0.3,0.45937049136830227,0.7742995992689918
40,false,30,true,0.3,0.5287824179699984,0.9378033603630405
40,false,30,true,0.3,0.5041935483870968,0.9369217024336693
40,false,30,true,0.3,0.49452068340877314,0.7833433063818998
40,false,30,true,0.3,0.5314225681566221,0.9048442827880372
40,false,30,true,0.3,0.4832098584638116,0.8541070847368806
40,false,30,true,0.3,0.46145200958874255,0.8908815708147468
40,false,30,true,0.3,0.5217445803480714,1.0921254995364587
40,false,30,true,0.3,0.4950218506555196,0.975411670244358
40,false,30,true,0.3,0.4779768129631501,0.7986641235324781
40,false,30,true,0.3,0.48169522091974737,0.9390541948079054
40,false,30,true,0.3,0.4641329645573991,0.8925073624192859
40,false,30,true,0.3,0.5100968188105112,1.020925219981688
40,false,30,true,0.3,0.5079963600895809,0.9031584058910163
40,false,30,true,0.3,0.48031541549926354,0.71277595882726
40,false,30,true,0.3,0.5319088781204308,0.9177917352749718
40,false,30,true,0.3,0.4872627361446861,1.0195660860023006
40,false,30,true,0.3,0.5214449177981741,0.8825054518107986
40,false,30,true,0.3,0.5078215361501975,1.1352320963519889
40,false,30,true,0.3,0.5248978192099886,0.7805185205978376
40,false,30,true,0.3,0.42155481141972606,0.6952065103155389
40,false,30,true,0.3,0.48257080610021774,0.9629058443531218
40,false,30,true,0.3,0.5058787809450054,1.0865657433950355
40,false,30,true,0.3,0.526926652206631,0.8522198516851374
40,false,30,true,0.3,0.5192436461546244,0.940190428242178
40,false,30,true,0.4,0.5474588120643754,1.293384564990859
40,false,30,true,0.4,0.47094826804971723,0.8098808550683989
40,false,30,true,0.4,0.5183788494936579,1.0283654920071514
40,false,30,true,0.4,0.5033813813164356,1.0467829628930785
40,false,30,true,0.4,0.5482120051085568,0.9002584822715445
40,false,30,true,0.4,0.5472197112808328,1.0714811708243674
40,false,30,true,0.4,0.49733364453780565,0.8917970257383834
40,false,30,true,0.4,0.5319077196095828,0.976374698836671
40,false,30,true,0.4,0.5288616232119941,0.9355721177747851
40,false,30,true,0.4,0.45008333333333334,0.7902887282964262
40,false,30,true,0.4,0.4865745421862714,0.9872973888556764
40,false,30,true,0.4,0.5014224879949262,0.8268903756939379
40,false,30,true,0.4,0.45977278045856873,0.798043842031543
40,false,30,true,0.4,0.5309856967201937,0.967648310569551
40,false,30,true,0.4,0.49033501391835854,0.8969401248508406
40,false,30,true,0.4,0.4476742669680024,0.7402556256697128
40,false,30,true,0.4,0.5941699128988488,1.0521653901583479
40,false,30,true,0.4,0.5144771554948877,0.9315577585847503
40,false,30,true,0.4,0.4802973690881638,0.8942527381545684
40,false,30,true,0.4,0.511941510556951,1.0336733936178364
40,false,30,true,0.4,0.5120738537333551,1.0628247019389363
40,false,30,true,0.4,0.5054382488753584,0.8459433701470029
40,false,30,true,0.4,0.49399513529948325,0.8048857234243156
40,false,30,true,0.4,0.5262340870139036,0.8592934027971095
40,false,30,true,0.4,0.5449438202247191,0.9306118559015211
40,false,30,true,0.4,0.5563049787648898,1.1562152713180422
40,false,30,true,0.4,0.578369543594789,1.0516360948928902
40,false,30,true,0.4,0.458678159470677,0.8525558788837238
40,false,30,true,0.4,0.5042153908604082,0.9237264326727113
40,false,30,true,0.4,0.5045144727670902,0.917968613308835
40,false,30,true,0.5,0.5419051799427118,1.0170347202903507
40,false,30,true,0.5,0.5458328775448194,0.9169354592602756
40,false,30,true,0.5,0.5338788627370253,0.9159666267400857
40,false,30,true,0.5,0.4820772116197642,0.8735004267969178
40,false,30,true,0.5,0.5218932085203934,0.9552201703682979
40,false,30,true,0.5,0.49149036335363855,0.8706616684731294
40,false,30,true,0.5,0.5817000035827504,1.2434695923983803
40,false,30,true,0.5,0.5246490953297236,0.9918995143813047
40,false,30,true,0.5,0.4723541482753078,0.8082829467896069
40,false,30,true,0.5,0.5375970488568609,1.0978466052370912
40,false,30,true,0.5,0.5065337915686025,1.0121696703235923
40,false,30,true,0.5,0.5540016382384119,1.0737022936721399
40,false,30,true,0.5,0.46414155028935317,0.7943027510044587
40,false,30,true,0.5,0.5164633367064527,0.9215962358790506
40,false,30,true,0.5,0.5000613217464431,0.9345207211472486
40,false,30,true,0.5,0.46146839918925026,0.8432190100386752
40,false,30,true,0.5,0.4856230228579166,0.8586341074584585
40,false,30,true,0.5,0.5074266960939345,0.8867979639288635
40,false,30,true,0.5,0.5519445739631531,0.9817344997201545
40,false,30,true,0.5,0.5564505197863419,1.0299222927756837
40,false,30,true,0.5,0.4900602501758571,0.9432753094815034
40,false,30,true,0.5,0.4575961311630101,0.7645362692713311
40,false,30,true,0.5,0.520039742072193,1.1125038654509716
40,false,30,true,0.5,0.560275958667633,1.0815395240250165
40,false,30,true,0.5,0.5210144248155045,0.8407719971626051
40,false,30,true,0.5,0.5381858634504221,1.0780727773972911
40,false,30,true,0.5,0.5313262433917254,1.0116668471361256
40,false,30,true,0.5,0.5617381754609444,1.1424127526973127
40,false,30,true,0.5,0.5422553596318499,0.9990300080736194
40,false,30,true,0.5,0.4986241335378813,0.9952797565206328
40,false,30,false,0.1,0.19664303254301493,-0.02481319709956953
40,false,30,false,0.1,0.17461137967527662,-0.01873141338235662
40,false,30,false,0.1,0.18396658446983033,0.015819678495869738
40,false,30,false,0.1,0.2205077844740997,0.039536481181440486
40,false,30,false,0.1,0.20041101396844527,-0.015846574629478027
40,false,30,false,0.1,0.22238378727316596,0.0525909731166454
40,false,30,false,0.1,0.22084912669231455,0.04957168130546652
40,false,30,false,0.1,0.17680158880272365,0.049864803374079614
40,false,30,false,0.1,0.19828400006217395,0.018478006779689693
40,false,30,false,0.1,0.20359726327133792,0.06045676806868183
40,false,30,false,0.1,0.18703669656954075,0.10376564402862698
40,false,30,false,0.1,0.22502221269033976,-0.008571355331892683
40,false,30,false,0.1,0.19953731522653534,-0.05649117052288144
40,false,30,false,0.1,0.1914194833639675,0.10840573712548363
40,false,30,false,0.1,0.16632985159952088,0.03540385498141774
40,false,30,false,0.1,0.18431435548130054,-0.027000716980571937
40,false,30,false,0.1,0.20607221968285222,0.16203504995606366
40,false,30,false,0.1,0.18141176272768172,-0.08822973539160461
40,false,30,false,0.1,0.19556189177462346,-0.06647665163558614
40,false,30,false,0.1,0.180473372781065,-0.0032484143773716667
40,false,30,false,0.1,0.18330113379185484,0.018555323418756764
40,false,30,false,0.1,0.1802395577395578,-0.02972992854942813
40,false,30,false,0.1,0.1754311168434127,-0.06608821020776734
40,false,30,false,0.1,0.17576042045839158,0.012063448598321536
40,false,30,false,0.1,0.17607283132694812,0.06729415513716663
40,false,30,false,0.1,0.21155757708180098,0.033417968188984126
40,false,30,false,0.1,0.20057997968563754,0.06979552849644044
40,false,30,false,0.1,0.20890041493775932,0.016538339440845817
40,false,30,false,0.1,0.1895409300252563,-0.0541139483091424
40,false,30,false,0.1,0.18179149486943413,0.07198318020708872
40,false,30,false,0.2,0.21420972361715584,-0.015573701802501283
40,false,30,false,0.2,0.22286347133297627,-0.042206897395337784
40,false,30,false,0.2,0.20695243187795329,-0.0024181549980983874
40,false,30,false,0.2,0.19137927266369434,-0.05247863677542419
40,false,30,false,0.2,0.20782067614946462,0.0405958033289906
40,false,30,false,0.2,0.1932176374066109,-0.0599742669579193
40,false,30,false,0.2,0.2125501739363125,0.03769640274901409
40,false,30,false,0.2,0.1813253081909798,0.004870082600461956
40,false,30,false,0.2,0.1836868389895376,0.017263601716082988
40,false,30,false,0.2,0.1911193586832886,-0.04883126492841505
40,false,30,false,0.2,0.20140904004281626,-0.04849987961058755
40,false,30,false,0.2,0.20404744754216447,0.031878377406843406
40,false,30,false,0.2,0.1973784024356365,-0.057333099830901624
40,false,30,false,0.2,0.18877842411422535,0.004703870673202104
40,false,30,false,0.2,0.20537779583126958,-0.09857612853059461
40,false,30,false,0.2,0.2071094166683128,0.05506272899073483
40,false,30,false,0.2,0.15901354471660833,-0.07743114108432003
40,false,30,false,0.2,0.19710212207511624,-0.009859497413827079
40,false,30,false,0.2,0.18602423217807829,0.035318210453605836
40,false,30,false,0.2,0.18925710979732785,-0.043858972574590815
40,false,30,false,0.2,0.18550255250433412,-0.06586347125167968
40,false,30,false,0.2,0.22040922091383067,-0.006590260142337989
40,false,30,false,0.2,0.1956794303033669,0.0035893921480631974
40,false,30,false,0.2,0.19878789378756895,0.06559125483592698
40,false,30,false,0.2,0.1831672979903327,0.019253947932152293
40,false,30,false,0.2,0.22307959540893357,-0.001434686252177464
40,false,30,false,0.2,0.18840464649841215,0.005325377083492455
40,false,30,false,0.2,0.18286244482902747,0.015099637659776732
40,false,30,false,0.2,0.19209557022785598,0.01629363879191903
40,false,30,false,0.2,0.21406109613656785,-0.02118842953377076
40,false,30,false,0.3,0.21370963479731522,-0.02962096743172271
40,false,30,false,0.3,0.1558049535603715,0.025190443829409936
40,false,30,false,0.3,0.21565808423458363,-0.0380944727641106
40,false,30,false,0.3,0.18017291559838977,-0.05333745600009987
40,false,30,false,0.3,0.1912874051846295,0.009018499498305133
40,false,30,false,0.3,0.17314420550111898,-0.04325058701358486
40,false,30,false,0.3,0.18879949848500682,-0.04946160197356786
40,false,30,false,0.3,0.2063413213454434,-0.017569107180364973
40,false,30,false,0.3,0.19087614432844108,-0.012758132295200397
40,false,30,false,0.3,0.19474224594103645,0.03775239749566772
40,false,30,false,0.3,0.17251158249018347,0.01056907435341703
40,false,30,false,0.3,0.22067505288303002,-0.02104456575571234
40,false,30,false,0.3,0.19732111660751392,-3.4178205696733244E-5
40,false,30,false,0.3,0.1931409699247517,5.444757345678397E-4
40,false,30,false,0.3,0.1875388858986747,-0.11592085728263335
40,false,30,false,0.3,0.18307843684511793,-0.014734068317405757
40,false,30,false,0.3,0.22916021446819873,0.012649914792755013
40,false,30,false,0.3,0.19394864399732645,0.04578623505391022
40,false,30,false,0.3,0.19936681483074922,0.023150074284358446
40,false,30,false,0.3,0.18850918225918228,-0.004958014889717255
40,false,30,false,0.3,0.20154021060862495,0.016029959384296966
40,false,30,false,0.3,0.1843970638168281,-0.03957561632035489
40,false,30,false,0.3,0.2237400320005491,-0.0026808028799045758
40,false,30,false,0.3,0.16755476739123512,-0.021182508504320907
40,false,30,false,0.3,0.17837096395762278,-0.01786062276163758
40,false,30,false,0.3,0.19278240884374853,0.05275106690428455
40,false,30,false,0.3,0.21619433198380575,-0.017902542475820127
40,false,30,false,0.3,0.19323899371069173,0.0015598900938167404
40,false,30,false,0.3,0.18547364511764863,0.0010092056440145214
40,false,30,false,0.3,0.1761620085907351,-0.10886049294661237
40,false,30,false,0.4,0.2288833047478495,0.05916379118108939
40,false,30,false,0.4,0.17038821954484598,0.037977925247840716
40,false,30,false,0.4,0.21993950771133253,-0.04968117142304962
40,false,30,false,0.4,0.1747190249094724,0.015782992741552704
40,false,30,false,0.4,0.22248355431920014,-0.044187168681183664
40,false,30,false,0.4,0.19161524134966926,0.008186266556728938
40,false,30,false,0.4,0.17943928650868868,-0.10101514450440607
40,false,30,false,0.4,0.19041469206073303,-0.0587745736289067
40,false,30,false,0.4,0.19997507816394045,-0.07835737863586356
40,false,30,false,0.4,0.20138888888888887,-0.024179920643527808
40,false,30,false,0.4,0.1935286935286935,0.006520556817543266
40,false,30,false,0.4,0.1907866154342162,-0.031226209201057564
40,false,30,false,0.4,0.1937327209003636,0.05044245376694345
40,false,30,false,0.4,0.19850680720245925,0.09617919912513351
40,false,30,false,0.4,0.2001790088562277,0.005385721441046876
40,false,30,false,0.4,0.19883235515063785,0.07426235665779402
40,false,30,false,0.4,0.21234111496630118,-0.05964853636387346
40,false,30,false,0.4,0.19173407269001266,-0.020125017494714292
40,false,30,false,0.4,0.22438641465000184,0.049838683921214155
40,false,30,false,0.4,0.176963906581741,0.03410421189502966
40,false,30,false,0.4,0.18622943167230724,-0.005247989436322875
40,false,30,false,0.4,0.21675021252894786,-0.027304072575143223
40,false,30,false,0.4,0.16493064608645772,0.0036045214606650333
40,false,30,false,0.4,0.16490323947017763,0.07868655993122076
40,false,30,false,0.4,0.21283616768835273,-0.028856427879886404
40,false,30,false,0.4,0.19653787564049308,-0.05373543793447588
40,false,30,false,0.4,0.20687617244538095,-0.03724424147840377
40,false,30,false,0.4,0.20020234922515057,0.10776114765485012
40,false,30,false,0.4,0.19915628902163277,-0.09767550388111701
40,false,30,false,0.4,0.22051256498413827,-0.03181780539873724
40,false,30,false,0.5,0.18784153295037834,0.042637486912028066
40,false,30,false,0.5,0.20611074160292653,0.02160548677780927
40,false,30,false,0.5,0.1876783675799086,-0.07816436508752123
40,false,30,false,0.5,0.19992637978531397,-0.03824143817744918
40,false,30,false,0.5,0.18682078461419882,-0.039179493808630284
40,false,30,false,0.5,0.18942849049818114,0.026627589085301828
40,false,30,false,0.5,0.20586739289385295,-0.003496952498102779
40,false,30,false,0.5,0.17063722120537017,0.00705964133612369
40,false,30,false,0.5,0.20937669508334752,0.09736654674035261
40,false,30,false,0.5,0.18573935410740153,0.01177458705547263
40,false,30,false,0.5,0.19100165562913912,-0.011399686195501246
40,false,30,false,0.5,0.1935444143397747,0.051148296558015005
40,false,30,false,0.5,0.180488008155491,0.03362401781913693
40,false,30,false,0.5,0.19145880574451987,0.06532172665911684
40,false,30,false,0.5,0.20530848595481202,-0.02964296409831224
40,false,30,false,0.5,0.1689291583211377,0.03608241853122962
40,false,30,false,0.5,0.1891840069361077,0.052921945658020775
40,false,30,false,0.5,0.1721264194553311,-0.0020752978857245807
40,false,30,false,0.5,0.19417581371308879,-0.024048406722394944
40,false,30,false,0.5,0.21420665047563842,0.05004628315181581
40,false,30,false,0.5,0.19706316899689696,-0.044061540835667934
40,false,30,false,0.5,0.22062391235394463,-0.02010786264584219
40,false,30,false,0.5,0.2325022275718684,0.052255169689595427
40,false,30,false,0.5,0.21432531881647257,0.02708080132523616
40,false,30,false,0.5,0.1843717885281468,0.06192393037445765
40,false,30,false,0.5,0.20857405462184883,0.014445630915369101
40,false,30,false,0.5,0.18843834955713415,0.06381412683972165
40,false,30,false,0.5,0.20317664064758595,0.025888543017770438
40,false,30,false,0.5,0.19887199257514088,-0.03961333246946808
40,false,30,false,0.5,0.21700146232586776,-0.020569401792466913
