academic-mobility-radius,Satisfaction_threshold,Base_Salary,Sch_Quality_Variation,total-teachers,teacher-turnover-rate,mean-school-vacancy-rate,satisfaction-inequality,mean-satisfaction-poor-schools,mean-satisfaction-good-schools,unemployment-rate,mean-satisfaction-all
5,0.1,1000,0.1,868,0.5117647058823529,0.9613333333333335,0.17766640029628142,0.32000000000000023,0.7451031487513581,0.0034562211981566822,0.557999999999997
5,0.1,1000,0.1,875,0.4858823529411765,0.9506666666666667,0.14883882278173072,0.33705607476635563,0.7179207920792093,0.002285714285714286,0.5278655975563188
5,0.1,1000,0.1,855,0.5070588235294118,0.9933333333333335,0.18985356785251958,0.32190140845070464,0.7741242937853113,0.004678362573099415,0.5207677242459862
5,0.1,1000,0.1,909,0.46588235294117647,0.9633333333333335,0.20401832135319248,0.26019138755980875,0.7573846153846143,0.0044004400440044,0.5781657458563506
5,0.1,1000,0.1,854,0.4752941176470588,0.9933333333333332,0.18632268404174038,0.3170663265306129,0.7372580645161301,0.00585480093676815,0.4871652925009803
5,0.1,1000,0.1,873,0.47411764705882353,0.9546666666666668,0.2047535340779917,0.2901704545454546,0.7679517133956378,0.003436426116838488,0.5913333333333313
5,0.1,1000,0.1,880,0.4764705882352941,0.9659999999999999,0.21502988601783618,0.3062277580071179,0.7810550887021471,0.004545454545454545,0.5516210045662087
5,0.1,1000,0.1,856,0.46588235294117647,0.9346666666666668,0.1443934406168424,0.276,0.7062179487179504,0.002336448598130841,0.5573653395784529
5,0.1,1000,0.1,851,0.5141176470588236,0.9440000000000004,0.18328195966379934,0.2988965517241381,0.7512660256410228,0.0023501762632197414,0.6019395367098526
5,0.1,1000,0.1,856,0.4611764705882353,0.9493333333333336,0.18123186241831007,0.29232954545454537,0.7418674698795188,0.0035046728971962616,0.5704611176240703
5,0.1,1000,0.3,854,0.4976470588235294,0.9413333333333335,0.2579024431678218,0.12690476190476194,0.8047686832740247,0.00351288056206089,0.5432784958871938
5,0.1,1000,0.3,846,0.4858823529411765,0.9593333333333334,0.25937126301760854,0.15675883256528383,0.8112323943662,0.004728132387706856,0.5269794140934303
5,0.1,1000,0.3,869,0.44941176470588234,0.9819999999999999,0.2852287758403782,0.1777740492170027,0.8625099601593654,0.005753739930955121,0.49545138888889007
5,0.1,1000,0.3,869,0.48470588235294115,0.9526666666666663,0.27597985575268696,0.15517073170731688,0.8294864864864898,0.0034522439585730723,0.5772555812163228
5,0.1,1000,0.3,869,0.47411764705882353,0.986,0.314344384501229,0.13287431693989074,0.8531525423728842,0.006904487917146145,0.4975280030899966
5,0.1,1000,0.3,867,0.49058823529411766,0.9413333333333335,0.2816873408137777,0.13885964912280704,0.8583568075117417,0.002306805074971165,0.6219576107899837
5,0.1,1000,0.3,862,0.4623529411764706,0.9773333333333333,0.271028514486144,0.12338283828382829,0.8308480565371044,0.004640371229698376,0.5409285159285182
5,0.1,1000,0.3,876,0.44941176470588234,0.9420000000000001,0.25269734895041257,0.17377887788778867,0.8492307692307702,0.003424657534246575,0.5334478808705642
5,0.1,1000,0.3,861,0.4588235294117647,0.9773333333333335,0.3036186651257262,0.10223255813953494,0.8451002865329538,0.004645760743321719,0.5566588875923775
5,0.1,1000,0.5,867,0.4811764705882353,0.8866666666666663,0.15244434934035608,0,0.8180846325167082,0,0.685128796616687
5,0.1,1000,0.5,858,0.5070588235294118,0.8873333333333333,0.18281503336214827,0,0.861662707838481,0,0.6846620046620073
5,0.1,1000,0.3,851,0.4470588235294118,0.9766666666666669,0.2682178963157928,0.164587813620072,0.8214847161572063,0.005875440658049354,0.48175728920409816
5,0.1,1000,0.5,823,0.47294117647058825,0.8913333333333333,0.1816752294190876,0,0.8461516853932609,0,0.6573066018631059
5,0.1,1000,0.5,881,0.4788235294117647,0.8826666666666667,0.15973679680686895,0,0.8413611111111141,0,0.6623155505107837
5,0.1,1000,0.5,901,0.44823529411764707,0.88,0.1620140385607222,0,0.8271891891891929,0,0.6554273029966716
5,0.1,1000,0.5,855,0.48470588235294115,0.8866666666666668,0.1571013569812549,0,0.8348505747126466,0,0.6972241715399625
5,0.1,1000,0.5,849,0.45176470588235296,0.8880000000000001,0.1623594950882598,0,0.8302742616033778,0,0.6962151550844141
5,0.1,1000,0.5,896,0.45294117647058824,0.88,0.1699822858698306,0,0.8480738786279712,0,0.6650372023809548
5,0.1,1000,0.7,840,0.5223529411764706,0.8879999999999999,0.17344447848283212,0,0.8311842105263193,0,0.6546428571428605
5,0.1,1000,0.5,838,0.4929411764705882,0.8873333333333333,0.18267125149807034,0,0.8598543689320404,0,0.6890692124105023
5,0.1,1000,0.5,880,0.47058823529411764,0.8873333333333335,0.16342188242645805,0,0.8270990990991042,0,0.7174772727272739
5,0.1,1000,0.7,831,0.4823529411764706,0.8933333333333335,0.16278419045083978,0,0.8289306930693126,0,0.7124107501002813
5,0.1,1000,0.7,857,0.4894117647058824,0.8880000000000001,0.1891856988235447,0,0.8624713958810094,0,0.6892298716452762
5,0.1,1000,0.7,866,0.45529411764705885,0.8873333333333333,0.1677861816764806,0,0.8314945054945089,0,0.6888337182448055
5,0.1,1000,0.7,863,0.47411764705882353,0.8866666666666665,0.18430323050149588,0,0.8563937621832384,0,0.717991502510625
5,0.1,1000,0.7,876,0.46941176470588236,0.8873333333333335,0.16571005870449018,0,0.8519377162629783,0,0.6334398782344008
5,0.1,1000,0.7,810,0.49411764705882355,0.8933333333333331,0.18178689384929508,0,0.8528606965174144,0,0.680769547325105
5,0.1,1000,0.7,867,0.48,0.8866666666666665,0.1574742041997549,0,0.8265835411471358,0,0.670322952710498
5,0.1,1000,0.7,869,0.5,0.8846666666666666,0.12947232282752108,0,0.8055069582505011,0,0.7105983889528185
5,0.1,20000,0.1,878,0.4470588235294118,0.9666666666666667,0.1905692872808512,0.31654545454545474,0.7625089605734765,0.004555808656036446,0.527452326468344
5,0.1,20000,0.1,839,0.49176470588235294,0.9866666666666668,0.19964289212514452,0.2999624060150374,0.7406024096385546,0.004767580452920143,0.5473892215568835
5,0.1,20000,0.1,867,0.4894117647058824,0.9879999999999998,0.1918402982755408,0.3104255319148935,0.7283282980866079,0.00461361014994233,0.5395249130938556
5,0.1,20000,0.1,926,0.4505882352941176,0.9593333333333334,0.19449558097040626,0.3071428571428574,0.7711444141689362,0.0032397408207343412,0.572737450343084
5,0.1,1000,0.7,858,0.5011764705882353,0.8873333333333333,0.1590106291540657,0,0.8200000000000042,0,0.6773931623931655
5,0.1,20000,0.1,871,0.48470588235294115,0.9606666666666667,0.1800114051629095,0.3130714285714287,0.7209732360097344,0.004592422502870264,0.5363898500576686
5,0.1,20000,0.1,864,0.47058823529411764,0.9660000000000001,0.1752018639389876,0.30989743589743574,0.7517031630170327,0.003472222222222222,0.5535075493612075
5,0.1,20000,0.1,837,0.48,0.9413333333333332,0.19018754134654778,0.3005913978494619,0.7549236298292898,0.0023894862604540022,0.5817764471057867
5,0.1,20000,0.1,872,0.46588235294117647,0.9720000000000001,0.1886995843330339,0.3115748031496063,0.7302414113277624,0.0034403669724770644,0.5489182968929796
5,0.1,20000,0.1,859,0.46352941176470586,0.9646666666666666,0.20446761955892717,0.33826086956521717,0.7674751773049605,0.0034924330616996507,0.6006814641744516
5,0.1,20000,0.3,857,0.47294117647058825,0.9746666666666666,0.2761499565830021,0.13643971631205645,0.8390196078431384,0.004667444574095682,0.5085775693630343
5,0.1,20000,0.1,864,0.48,0.9706666666666667,0.1924166658248535,0.2944176706827309,0.7444407158836707,0.005787037037037037,0.5341482343810606
5,0.1,20000,0.3,900,0.46705882352941175,0.9566666666666669,0.30725543112844067,0.1446240601503761,0.8405569007263958,0.005555555555555556,0.5517802607076364
5,0.1,20000,0.3,882,0.4776470588235294,0.9753333333333336,0.25062245999786836,0.16778563015312137,0.8017351598173528,0.005668934240362812,0.4804370961611582
5,0.1,20000,0.3,840,0.49529411764705883,0.9493333333333331,0.27771886452027694,0.13957610789980723,0.8608408408408437,0.0035714285714285713,0.5740223018717645
5,0.1,20000,0.3,889,0.44823529411764707,0.9573333333333335,0.277195604896478,0.1450467289719623,0.833293768545996,0.0044994375703037125,0.5531676082862516
5,0.1,20000,0.3,880,0.4752941176470588,0.9680000000000005,0.2923944370002802,0.1309446693657218,0.8363141025641048,0.005681818181818182,0.5225600000000008
5,0.1,20000,0.3,870,0.42705882352941177,0.9526666666666667,0.28481916637498544,0.12006172839506185,0.854576719576723,0.0034482758620689655,0.5862975778546747
5,0.1,20000,0.3,863,0.5094117647058823,1.0106666666666666,0.29364129130214095,0.1507387387387389,0.8264035087719311,0.008111239860950173,0.442795950155764
5,0.1,20000,0.3,866,0.48470588235294115,0.9560000000000002,0.29600278957402043,0.1407407407407405,0.8430310880829048,0.004618937644341801,0.5691956689868531
5,0.1,20000,0.3,862,0.49058823529411766,0.9760000000000001,0.31677932257758634,0.15022140221402236,0.8674285714285738,0.00580046403712297,0.5427382341501386
5,0.1,20000,0.5,865,0.49176470588235294,0.8873333333333335,0.16788053798075533,0,0.8466442953020179,0,0.633707129094414
5,0.1,20000,0.5,870,0.4364705882352941,0.8866666666666667,0.1914287724843299,0,0.8689195402298886,0,0.6876551724137941
5,0.1,20000,0.5,860,0.47058823529411764,0.8879999999999999,0.15686706605783485,0,0.8198777506112517,0,0.6651782945736445
5,0.1,20000,0.5,814,0.5176470588235295,0.8940000000000001,0.1815671680001739,0,0.8477714285714325,0,0.728431613431615
5,0.1,20000,0.5,902,0.4541176470588235,0.8806666666666666,0.1800193318572362,0,0.8626000000000037,0,0.6756577974870672
5,0.1,20000,0.5,870,0.48,0.8866666666666667,0.18099783240517045,0,0.8509168443496852,0,0.6942758620689673
5,0.1,20000,0.5,889,0.4752941176470588,0.8833333333333333,0.15711439182955703,0,0.8423898305084775,0,0.7420284964379461
5,0.1,20000,0.5,813,0.4858823529411765,0.894,0.16302802432866156,0,0.8385673352435556,0,0.6634358343583464
5,0.1,20000,0.5,905,0.4823529411764706,0.88,0.1782658868928671,0,0.8615303983228532,0,0.7073480662983433
5,0.1,20000,0.5,867,0.4835294117647059,0.8873333333333333,0.15688752587320684,0,0.8387777777777795,0,0.6270165321030393
5,0.1,20000,0.7,823,0.4988235294117647,0.8906666666666666,0.15507084832198004,0,0.8247663551401891,0,0.721547185095179
5,0.1,20000,0.7,870,0.4411764705882353,0.8866666666666667,0.15373057252213046,0,0.8265330188679286,0,0.6844061302681997
5,0.1,20000,0.7,876,0.5047058823529412,0.8853333333333332,0.18166575996550074,0,0.8543735224586316,0,0.6750494672754975
5,0.1,20000,0.7,907,0.4717647058823529,0.8800000000000002,0.17065457776138643,0,0.8534405144694555,0,0.634244762954799
5,0.1,20000,0.7,858,0.47058823529411764,0.8880000000000001,0.17405218523729726,0,0.8491217564870307,0,0.7126029526029541
5,0.1,20000,0.7,861,0.49529411764705883,0.8873333333333335,0.1726225591562858,0,0.85335978835979,0,0.6744715447154502
5,0.1,20000,0.7,837,0.48,0.8893333333333334,0.15099768626769036,0,0.8093402777777797,0,0.6337037037037059
5,0.1,20000,0.7,887,0.4576470588235294,0.8846666666666666,0.18129938960345787,0,0.8619602977667494,0,0.6841751221345375
5,0.1,20000,0.7,860,0.4976470588235294,0.8866666666666665,0.17715011793881455,0,0.8487815126050446,0,0.7078527131782943
5,0.1,20000,0.7,873,0.46,0.886666666666667,0.16947771199238948,0,0.8340848214285762,0,0.688132875143186
5,0.1,3000,0.1,842,0.4776470588235294,0.9786666666666666,0.18185923247374206,0.30451612903225783,0.7418473895582348,0.007125890736342043,0.4884768740031895
5,0.1,3000,0.1,850,0.4623529411764706,0.9526666666666666,0.18389617042998896,0.27775510204081644,0.7579378531073443,0.002352941176470588,0.581363993710689
5,0.1,3000,0.1,854,0.49058823529411766,0.958,0.19959669680212563,0.32183745583038825,0.7612043010752689,0.00468384074941452,0.5456117647058801
5,0.1,3000,0.1,855,0.48470588235294115,0.9459999999999998,0.19536947937451918,0.3094377510040158,0.7596613756613765,0.0035087719298245615,0.5472535211267605
5,0.1,3000,0.1,869,0.4823529411764706,0.9853333333333334,0.17405985904165197,0.317169117647059,0.7506462585034023,0.0034522439585730723,0.50771362586605
5,0.1,3000,0.1,870,0.4752941176470588,0.9459999999999998,0.17759195019569296,0.2890625000000001,0.7495659295659283,0.0022988505747126436,0.5902419354838695
5,0.1,3000,0.1,866,0.47294117647058825,0.9673333333333335,0.17438207466163708,0.3584726224783876,0.7245858585858604,0.0023094688221709007,0.5296489197530834
5,0.1,3000,0.1,865,0.48470588235294115,0.9420000000000001,0.1872566812483588,0.2828671328671328,0.7600476190476183,0.0023121387283236996,0.5995017381228268
5,0.1,3000,0.1,855,0.4788235294117647,0.9453333333333332,0.19652542385595106,0.2763274336283188,0.7912164296998427,0.004678362573099415,0.5265883274578919
5,0.1,3000,0.1,859,0.49411764705882355,0.9826666666666664,0.19200698854211876,0.312987804878049,0.7377447335811664,0.004656577415599534,0.5157426900584787
5,0.1,3000,0.3,871,0.45647058823529413,0.9699999999999999,0.27083774458139026,0.13342138364779882,0.8274871794871799,0.0057405281285878304,0.4888260200153966
5,0.1,3000,0.3,808,0.4894117647058824,0.9720000000000001,0.3069052415779868,0.14581724581724567,0.8494249201277981,0.0049504950495049506,0.524502487562189
5,0.1,3000,0.3,871,0.4764705882352941,0.9419999999999998,0.23423369225225663,0.142616033755274,0.8159821428571444,0.002296211251435132,0.5382585347142314
5,0.1,3000,0.3,862,0.4752941176470588,0.9820000000000003,0.2958179007754157,0.13844006568144474,0.8553968253968289,0.0034802784222737818,0.5907916181606526
5,0.1,3000,0.3,846,0.4858823529411765,0.9426666666666669,0.2679267464524001,0.14306010928961727,0.8422258064516148,0.0035460992907801418,0.5565361803084234
5,0.1,3000,0.3,809,0.5011764705882353,0.9826666666666667,0.3070796402119643,0.13028500619578687,0.8406137184115546,0.006180469715698393,0.5119859038142626
5,0.1,3000,0.3,856,0.4623529411764706,0.9613333333333335,0.28914974055594206,0.09867041198501876,0.8579228486646918,0.0035046728971962616,0.5684212583040278
5,0.1,3000,0.3,830,0.44588235294117645,0.9853333333333331,0.29096347499445674,0.16332159624413164,0.8439852398524008,0.006024096385542169,0.49955959595959687
5,0.1,3000,0.3,854,0.4647058823529412,0.958,0.27825258726752145,0.17873219373219376,0.8387009063444143,0.00468384074941452,0.551839215686277
5,0.1,3000,0.5,855,0.4835294117647059,0.8866666666666667,0.1405038388502792,0,0.8195733333333375,0,0.6763157894736861
5,0.1,3000,0.5,859,0.49176470588235294,0.8866666666666665,0.17562098361770734,0,0.8398584905660414,0,0.6814086146682209
5,0.1,3000,0.5,871,0.47411764705882353,0.8866666666666667,0.17882236980981467,0,0.8430905077262724,0,0.688564867967855
5,0.1,3000,0.5,858,0.4588235294117647,0.886666666666667,0.16200528634980083,0,0.8330016863406449,0,0.7350932400932403
5,0.1,3000,0.5,870,0.4976470588235294,0.8866666666666667,0.16047514737702473,0,0.8250759219088974,0,0.6931149425287376
5,0.1,3000,0.3,905,0.4647058823529412,0.964,0.2439271724980825,0.17707035755478673,0.8306818181818181,0.0055248618784530384,0.4644518518518525
5,0.1,3000,0.5,862,0.44823529411764707,0.8866666666666667,0.15415379833201956,0,0.8243142144638436,0,0.6709474091260645
5,0.1,3000,0.5,847,0.46941176470588236,0.8866666666666667,0.17920165717082456,0,0.8512735849056643,0,0.682691853600947
5,0.1,3000,0.5,869,0.46705882352941175,0.8853333333333334,0.1618903372699444,0,0.8350806451612943,0,0.7149060222477958
5,0.1,3000,0.5,873,0.4929411764705882,0.8866666666666667,0.1749260253889521,0,0.848864097363086,0,0.7021420389461653
5,0.1,3000,0.7,855,0.4776470588235294,0.8873333333333333,0.178567024172918,0,0.8401002506265683,0,0.6678011695906461
5,0.1,3000,0.5,878,0.49176470588235294,0.8866666666666667,0.164524804204495,0,0.8585347985347997,0,0.6293507972665173
5,0.1,3000,0.7,852,0.4682352941176471,0.8866666666666667,0.1713073859634831,0,0.8458542141230095,0,0.6962715179968691
5,0.1,3000,0.7,833,0.4823529411764706,0.8893333333333332,0.1829881635565974,0,0.8462721893491155,0,0.71529011604642
5,0.1,3000,0.7,815,0.46941176470588236,0.8940000000000001,0.1585573355624835,0,0.8371575342465774,0,0.6411451942740315
5,0.1,3000,0.7,873,0.4811764705882353,0.8873333333333333,0.14621922856670747,0,0.8082593856655313,0,0.6311034746086316
5,0.1,3000,0.7,868,0.49176470588235294,0.8866666666666668,0.17062070123606246,0,0.8336956521739153,0,0.6699116743471596
5,0.1,3000,0.7,882,0.46941176470588236,0.8866666666666667,0.16331298274219117,0,0.8372446555819514,0,0.6802985638699944
5,0.1,3000,0.7,847,0.44823529411764707,0.8866666666666667,0.14894286772473145,0,0.8329457364341105,0,0.7244667453758354
5,0.1,3000,0.7,843,0.5035294117647059,0.8873333333333333,0.1759087890755467,0,0.8471115973741805,0,0.6962672993277994
5,0.1,3000,0.7,861,0.48470588235294115,0.8866666666666668,0.1789768983269103,0,0.8494694960212217,0,0.6686101432442915
5,0.1,4000,0.1,843,0.4752941176470588,0.955333333333333,0.1755774061599411,0.319111111111111,0.7463692688971503,0.0035587188612099642,0.541464285714283
5,0.1,4000,0.1,886,0.46705882352941175,0.9826666666666667,0.21326149090773344,0.2778125,0.7800671140939607,0.004514672686230248,0.5380461073318219
5,0.1,4000,0.1,874,0.47411764705882353,0.9373333333333331,0.1845548844813226,0.28124137931034465,0.7607713498622591,0.002288329519450801,0.5851949541284386
5,0.1,4000,0.1,852,0.46588235294117647,0.9713333333333333,0.19794755297281982,0.2864974619289339,0.7805380116959071,0.0035211267605633804,0.5568511974872385
5,0.1,4000,0.1,872,0.4788235294117647,0.9419999999999998,0.18196458772133228,0.2920512820512818,0.7834831460674163,0.0022935779816513763,0.5612835249042134
5,0.1,4000,0.1,882,0.46352941176470586,0.9660000000000004,0.19032559889554346,0.2671782178217822,0.7419094922737316,0.0045351473922902496,0.5555770690964307
5,0.1,4000,0.1,879,0.46705882352941175,0.9833333333333337,0.14996422640746895,0.3438992042440327,0.7423850574712648,0.004550625711035267,0.4695923809523801
5,0.1,4000,0.1,859,0.4470588235294118,0.9666666666666669,0.20477218717869147,0.3235207100591724,0.7577642276422772,0.004656577415599534,0.5303118908382036
5,0.1,4000,0.1,875,0.4764705882352941,0.9593333333333331,0.1982685844337039,0.31320754716981136,0.7559710144927543,0.004571428571428572,0.5524569460390324
5,0.1,4000,0.1,870,0.46941176470588236,0.9513333333333335,0.17955628531750867,0.29729885057471245,0.7542056074766366,0.0034482758620689655,0.5654133025759291
5,0.1,4000,0.3,885,0.4588235294117647,0.9573333333333331,0.28023872449243087,0.1390519877675838,0.8696981132075498,0.004519774011299435,0.5324101399924348
5,0.1,4000,0.3,819,0.4976470588235294,0.980666666666667,0.2909081241274729,0.13888888888888862,0.8702909090909104,0.004884004884004884,0.5378323108384475
5,0.1,4000,0.3,860,0.46941176470588236,0.9633333333333334,0.29826602980340233,0.11069841269841242,0.8496011396011429,0.004651162790697674,0.5616900311526496
5,0.1,4000,0.3,858,0.4776470588235294,0.9740000000000002,0.2705850186428205,0.17870772946859956,0.8478448275862082,0.005827505827505828,0.49213755373192664
5,0.1,4000,0.3,844,0.5011764705882353,0.9573333333333335,0.29083544346130397,0.1478776041666665,0.8478082191780838,0.005924170616113744,0.5181088597536749
5,0.1,4000,0.3,867,0.4682352941176471,0.9919999999999999,0.27970690410284577,0.15544895448954488,0.861902654867259,0.0057670126874279125,0.4961214230471795
5,0.1,4000,0.3,884,0.4823529411764706,0.9720000000000001,0.2952360666165287,0.11802130898021293,0.8512269938650322,0.004524886877828055,0.5409431818181836
5,0.1,4000,0.3,869,0.47294117647058825,0.9633333333333335,0.2823242860570567,0.1509161147902871,0.8200000000000023,0.006904487917146145,0.4769138663576679
5,0.1,4000,0.3,855,0.4858823529411765,0.9526666666666666,0.2979009277977261,0.11833333333333325,0.861551724137932,0.0035087719298245615,0.5716040688575906
5,0.1,4000,0.3,861,0.48470588235294115,0.9453333333333334,0.28307178395788707,0.13846846846846847,0.8245045045045074,0.003484320557491289,0.5923659673659687
5,0.1,4000,0.5,814,0.47411764705882353,0.8933333333333333,0.15863013387472613,0,0.8348462929475619,0,0.7404258804258825
5,0.1,4000,0.5,878,0.4611764705882353,0.8866666666666667,0.18253177079650248,0,0.8578062157221237,0,0.7292596810933947
5,0.1,4000,0.5,865,0.4964705882352941,0.8853333333333336,0.17893010027857037,0,0.8398541666666695,0,0.6947321772639699
5,0.1,4000,0.5,865,0.4752941176470588,0.8873333333333335,0.18355710395340416,0,0.8524947589098565,0,0.6941502890173431
5,0.1,4000,0.5,873,0.49411764705882355,0.8873333333333331,0.17200873188961976,0,0.840168776371311,0,0.6963917525773209
5,0.1,4000,0.5,862,0.47058823529411764,0.8866666666666667,0.16881027563169784,0,0.8494455445544606,0,0.7164539829853059
5,0.1,4000,0.5,840,0.4776470588235294,0.8919999999999999,0.1545696546251295,0,0.8161442786069683,0,0.6713888888888916
5,0.1,4000,0.5,866,0.48823529411764705,0.8873333333333333,0.15461013961204043,0,0.8241904761904804,0,0.7138837567359521
5,0.1,4000,0.5,848,0.48,0.8880000000000001,0.16360370864170926,0,0.8312439024390281,0,0.6757979559748444
5,0.1,4000,0.7,849,0.46,0.8873333333333335,0.17311956369572357,0,0.8444208037825092,0,0.6910993325480972
5,0.1,4000,0.7,855,0.49058823529411766,0.8886666666666667,0.1734870370671804,0,0.838446389496722,0,0.6942923976608214
5,0.1,4000,0.5,862,0.48823529411764705,0.8866666666666667,0.16749722637177406,0,0.8479910714285738,0,0.6967904098994595
5,0.1,4000,0.7,806,0.49529411764705883,0.8946666666666666,0.16721542716028284,0,0.8466382978723443,0,0.7182092638544252
5,0.1,4000,0.7,847,0.4894117647058824,0.8866666666666667,0.17666129476052964,0,0.8416046511627949,0,0.6870877607241274
5,0.1,4000,0.7,861,0.48,0.8866666666666667,0.16527874478304197,0,0.8297938144329937,0,0.6661943476577638
5,0.1,4000,0.7,900,0.47411764705882353,0.8813333333333334,0.17429318622368503,0,0.8405567451820165,0,0.6827074074074098
5,0.1,4000,0.7,845,0.47294117647058825,0.8873333333333335,0.188374140720283,0,0.8650000000000032,0,0.6814832347140065
5,0.1,4000,0.7,825,0.48,0.8933333333333333,0.16749809749324088,0,0.8313669064748231,0,0.6816808080808107
5,0.1,4000,0.7,863,0.4811764705882353,0.8873333333333335,0.18908436873370088,0,0.8615456674473104,0,0.6828775589030518
5,0.1,4000,0.7,864,0.4776470588235294,0.8866666666666667,0.1680137522797145,0,0.8265243902439062,0,0.6933449074074103
5,0.1,5000,0.1,860,0.4988235294117647,0.9553333333333334,0.18142506314258408,0.29700598802395217,0.7849093444909357,0.002325581395348837,0.5450738150738131
5,0.1,5000,0.1,882,0.46705882352941175,0.9660000000000004,0.20520275758144804,0.29264227642276425,0.7667830687830689,0.003401360544217687,0.5473530527114134
5,0.1,5000,0.1,855,0.49411764705882355,0.9359999999999998,0.19018717843680807,0.2911688311688313,0.7709029779058586,0.0023391812865497076,0.5858577569363014
5,0.1,5000,0.1,900,0.46352941176470586,0.9219999999999999,0.1778375587668082,0.32492753623188414,0.7567519545131471,0.0022222222222222222,0.6127988121752042
5,0.1,5000,0.1,836,0.47294117647058825,0.9633333333333334,0.1943466430514314,0.3037804878048783,0.7437888888888895,0.004784688995215311,0.5402163461538436
5,0.1,5000,0.1,855,0.4776470588235294,0.9353333333333332,0.18669785329731747,0.31553672316384185,0.7601475694444418,0.0023391812865497076,0.5870300898788589
5,0.1,5000,0.1,876,0.46941176470588236,0.9666666666666665,0.20751942738673623,0.2969498069498068,0.7971794871794878,0.0045662100456621,0.5328096330275232
5,0.1,5000,0.1,845,0.5164705882352941,0.9433333333333331,0.20038329717561024,0.31544186046511624,0.7722456140350875,0.0035502958579881655,0.5729493269992071
5,0.1,5000,0.1,859,0.46,0.9753333333333334,0.20184918746723673,0.29287128712871247,0.7618063314711365,0.0034924330616996507,0.5704244548286577
5,0.1,5000,0.3,848,0.49411764705882355,0.9620000000000001,0.2854802255575209,0.13642276422764216,0.8493442622950852,0.003537735849056604,0.5504299802761347
5,0.1,5000,0.3,887,0.49176470588235294,0.9800000000000004,0.29650593081090726,0.14045407636738927,0.820447761194032,0.006764374295377677,0.4813204691638293
5,0.1,5000,0.3,856,0.48705882352941177,0.9626666666666661,0.2560389518520445,0.18137254901960795,0.8392150170648496,0.0035046728971962616,0.5573036342321237
5,0.1,5000,0.3,832,0.5058823529411764,0.9620000000000001,0.2546525556087473,0.16788838612368018,0.8192748091603074,0.004807692307692308,0.5172342995169096
5,0.1,5000,0.1,843,0.5047058823529412,0.9486666666666669,0.1883506991817769,0.2780645161290324,0.7456551724137915,0.002372479240806643,0.6035473642489065
5,0.1,5000,0.3,861,0.4647058823529412,0.9913333333333334,0.3159819676870044,0.1213502109704639,0.8714655172413809,0.004645760743321719,0.558611435239207
5,0.1,5000,0.3,874,0.48823529411764705,0.9853333333333336,0.2822072367420249,0.1704437229437234,0.8493939393939403,0.005720823798627002,0.4873993095512092
5,0.1,5000,0.3,878,0.44823529411764707,0.9853333333333332,0.28634787112378535,0.15912698412698423,0.8195569620253198,0.0056947608200455585,0.5059870179457819
5,0.1,5000,0.3,848,0.4976470588235294,0.9440000000000002,0.26380521736918977,0.19228426395939094,0.8465615141955867,0.003537735849056604,0.560761341222882
5,0.1,5000,0.3,858,0.48470588235294115,0.984666666666667,0.24467252022421584,0.17104417670682764,0.7996527777777765,0.006993006993006993,0.4322496087636949
5,0.1,5000,0.5,835,0.47058823529411764,0.8940000000000001,0.1636640699990423,0,0.8355091383812048,0,0.6686387225548915
5,0.1,5000,0.5,867,0.46,0.8866666666666668,0.18754555573558676,0,0.8600226244343906,0,0.6868358323721658
5,0.1,5000,0.3,897,0.4258823529411765,0.9653333333333333,0.28483887622357595,0.13297760210803666,0.8462934362934388,0.005574136008918618,0.5092040358744421
5,0.1,5000,0.5,854,0.48470588235294115,0.8873333333333333,0.17482796196310066,0,0.8403619047619079,0,0.7134504293520694
5,0.1,5000,0.5,860,0.4611764705882353,0.8873333333333335,0.16560652528752978,0,0.8292875318066192,0,0.6698410852713195
5,0.1,5000,0.5,908,0.46352941176470586,0.8806666666666665,0.16632115523764904,0,0.8283111111111144,0,0.6806020558002964
5,0.1,5000,0.5,853,0.4752941176470588,0.8866666666666667,0.15815965067369747,0,0.8324044943820267,0,0.6931340367330999
5,0.1,5000,0.5,856,0.5011764705882353,0.8873333333333336,0.17385497986026643,0,0.8344525547445294,0,0.670743769470408
5,0.1,5000,0.5,865,0.4776470588235294,0.8866666666666667,0.1785159242781055,0,0.8530652173913048,0,0.6956570327552993
5,0.1,5000,0.5,873,0.47058823529411764,0.8873333333333335,0.15979295341821703,0,0.8355792682926854,0,0.6513363879343284
5,0.1,5000,0.7,835,0.4811764705882353,0.8893333333333334,0.18674291600122034,0,0.8517047817047868,0,0.7076846307385253
5,0.1,5000,0.5,880,0.4682352941176471,0.8880000000000001,0.15939701984520557,0,0.8361141804788249,0,0.7244999999999991
5,0.1,5000,0.7,878,0.45176470588235296,0.8873333333333333,0.1676551004485448,0,0.8307676348547749,0,0.6933826879271086
5,0.1,5000,0.7,861,0.49176470588235294,0.8873333333333333,0.15925373513379973,0,0.8212105263157917,0,0.6615214866434406
5,0.1,5000,0.7,852,0.49411764705882355,0.8880000000000003,0.1689979006349393,0,0.8494004282655268,0,0.7134663536776223
5,0.1,5000,0.7,898,0.43058823529411766,0.8826666666666665,0.1731696777354834,0,0.8551717171717207,0,0.7095842613214552
5,0.1,5000,0.7,837,0.4894117647058824,0.8879999999999999,0.16911386423962957,0,0.8422375690607748,0,0.6641616885702941
5,0.1,5000,0.7,879,0.4764705882352941,0.8866666666666668,0.15253102224019632,0,0.8134375000000035,0,0.658452787258249
5,0.1,5000,0.7,826,0.4788235294117647,0.8913333333333333,0.17015082198802484,0,0.8437640449438233,0,0.6682687651331739
5,0.1,5000,0.7,851,0.4776470588235294,0.8873333333333335,0.15378401594237617,0,0.831041666666671,0,0.7222287504896208
5,0.1,5000,0.7,864,0.4776470588235294,0.8866666666666665,0.17806365002392258,0,0.8431910112359556,0,0.683927469135803
5,0.2,1000,0.1,842,0.47411764705882353,0.9526666666666667,0.1909017900259649,0.3357661290322586,0.7705651672433697,0.0023752969121140144,0.5526547619047596
5,0.2,1000,0.1,850,0.47058823529411764,0.9513333333333333,0.19944354442757295,0.2845303867403316,0.7696471680594236,0.0035294117647058825,0.5768595041322283
5,0.2,1000,0.1,876,0.4647058823529412,0.9399999999999998,0.18346731532018484,0.2920481927710846,0.7414636209813856,0.00228310502283105,0.5821205186880213
5,0.2,1000,0.1,861,0.4588235294117647,0.9766666666666665,0.1947088401101773,0.32010714285714303,0.7666303030303034,0.004645760743321719,0.5326837806301036
5,0.2,1000,0.1,859,0.4988235294117647,0.9426666666666665,0.15321728794630857,0.34976190476190494,0.7432303732303737,0.002328288707799767,0.5547491248541423
5,0.2,1000,0.1,902,0.4823529411764706,0.9673333333333333,0.16661850614666054,0.3178039215686281,0.7203703703703714,0.0033259423503325942,0.5350092695587675
5,0.2,1000,0.1,853,0.4823529411764706,0.9246666666666666,0.163897857663152,0.27807228915662646,0.7497840375586856,0.0011723329425556857,0.5928286384976517
5,0.2,1000,0.1,857,0.4717647058823529,0.9680000000000001,0.20590344417469328,0.3202539682539683,0.7537809523809529,0.004667444574095682,0.535463071512309
5,0.2,1000,0.1,846,0.48823529411764705,0.9493333333333331,0.20644390626953363,0.29799019607843125,0.7729009009009007,0.0035460992907801418,0.5790628706998793
5,0.2,1000,0.1,849,0.4788235294117647,0.9693333333333334,0.19853933835482543,0.3210071942446046,0.7710175438596488,0.0035335689045936395,0.5384200157604413
5,0.2,1000,0.3,868,0.47411764705882353,0.974,0.2645674085661283,0.12041666666666663,0.8661083743842374,0.0034562211981566822,0.5116724470134878
5,0.2,1000,0.3,861,0.45294117647058824,0.9779999999999999,0.2938346887377473,0.15452185792349735,0.8328690807799475,0.004645760743321719,0.5454725787631289
5,0.2,1000,0.3,869,0.45294117647058824,0.9493333333333334,0.2902482908070748,0.1285492227979273,0.8251843817787461,0.0034522439585730723,0.6007351809083932
5,0.2,1000,0.3,846,0.5023529411764706,0.9446666666666665,0.2677939008564598,0.1342397660818711,0.8202049180327896,0.004728132387706856,0.5147664291369766
5,0.2,1000,0.3,869,0.4588235294117647,0.9793333333333334,0.2927816689277278,0.13815823605706867,0.830000000000004,0.005753739930955121,0.5278047839506188
5,0.2,1000,0.3,853,0.4823529411764706,0.9813333333333335,0.3152504707851435,0.11416953035509715,0.8379591836734714,0.005861664712778429,0.5013718553459117
5,0.2,1000,0.3,860,0.49176470588235294,0.96,0.3020552323095551,0.13324242424242397,0.8486920980926462,0.004651162790697674,0.5638901869158905
5,0.2,1000,0.3,850,0.4835294117647059,0.9566666666666669,0.23187135082761656,0.17298157453936355,0.8073364485981317,0.004705882352941176,0.5165405831363286
5,0.2,1000,0.3,858,0.4894117647058824,0.9993333333333334,0.2943629966696669,0.16287254901960793,0.8636936936936955,0.006993006993006993,0.46448748043818583
5,0.2,1000,0.5,884,0.45529411764705885,0.8853333333333334,0.1592613898337941,0,0.8321958456973325,0,0.6472888386123719
5,0.2,1000,0.3,839,0.4858823529411765,0.9520000000000001,0.2888324325762688,0.10623873873873883,0.8416309012875568,0.003575685339690107,0.6248245614035115
5,0.2,1000,0.5,848,0.49529411764705883,0.8886666666666666,0.19643929727395015,0,0.870643678160922,0,0.6922091194968559
5,0.2,1000,0.5,870,0.4929411764705882,0.886,0.1738337823201043,0,0.8474880382775152,0,0.6776245210727986
5,0.2,1000,0.5,871,0.45176470588235296,0.886,0.1747648235407265,0,0.8526190476190493,0,0.6906505931879068
5,0.2,1000,0.5,824,0.508235294117647,0.8913333333333336,0.17168056972738147,0,0.8417401960784349,0,0.6872775080906168
5,0.2,1000,0.5,855,0.49411764705882355,0.8866666666666667,0.157720439883676,0,0.8234017595307941,0,0.6539766081871362
5,0.2,1000,0.5,859,0.47411764705882353,0.8866666666666667,0.17619250002313452,0,0.8465467625899303,0,0.6789639115250319
5,0.2,1000,0.5,836,0.4858823529411765,0.8906666666666668,0.17657822513255053,0,0.8379047619047646,0,0.6806897926634782
5,0.2,1000,0.5,859,0.4623529411764706,0.8880000000000001,0.15616625094429992,0,0.8358161350844291,0,0.7297865735351183
5,0.2,1000,0.5,863,0.4470588235294118,0.8879999999999999,0.16649942579655355,0,0.8529197080291976,0,0.6229625337968351
5,0.2,1000,0.7,876,0.48823529411764705,0.8873333333333335,0.17733082737693884,0,0.8597592592592643,0,0.7343531202435322
5,0.2,1000,0.7,845,0.49176470588235294,0.8886666666666667,0.17327457179734848,0,0.8311219512195145,0,0.6685088757396485
5,0.2,1000,0.7,849,0.4752941176470588,0.8866666666666667,0.15452413729822606,0,0.8206735751295375,0,0.6647860227718905
5,0.2,1000,0.7,836,0.46588235294117647,0.8879999999999999,0.17053920127975514,0,0.836339468302662,0,0.7057735247208939
5,0.2,1000,0.7,860,0.4835294117647059,0.8866666666666667,0.16133092440392094,0,0.8237875288683639,0,0.6815038759689931
5,0.2,1000,0.7,840,0.45529411764705885,0.8886666666666667,0.18398791308018167,0,0.8561647058823569,0,0.6829642857142881
5,0.2,1000,0.7,852,0.49411764705882355,0.8873333333333335,0.1870333111384089,0,0.846847826086959,0,0.6910954616588441
5,0.2,1000,0.7,883,0.45647058823529413,0.8866666666666668,0.13302297386835554,0,0.8152863436123365,0,0.6144884862212177
5,0.2,1000,0.7,834,0.48705882352941177,0.89,0.17528044461869866,0,0.8402267002518917,0,0.6725579536370921
5,0.2,20000,0.1,871,0.5047058823529412,0.9746666666666666,0.19647562683001718,0.26804687500000013,0.7524464831804291,0.0057405281285878304,0.5279330254041562
5,0.2,20000,0.1,848,0.46588235294117647,0.9420000000000001,0.185671816062826,0.2746875,0.7638518518518524,0.0023584905660377358,0.5590937746256875
5,0.2,20000,0.1,878,0.48,0.9833333333333333,0.18331948745975643,0.3235714285714287,0.7409810874704508,0.004555808656036446,0.5192791762013721
5,0.2,20000,0.1,877,0.4823529411764706,0.9426666666666667,0.20573579602878034,0.30273092369477894,0.7847052518756694,0.004561003420752566,0.5541542573501335
5,0.2,1000,0.7,872,0.48823529411764705,0.8873333333333333,0.16162362181563047,0,0.8251785714285745,0,0.6861238532110098
5,0.2,20000,0.1,849,0.4788235294117647,0.9826666666666671,0.18454661355577565,0.3252692307692308,0.7478245614035102,0.0035335689045936395,0.5416115051221418
5,0.2,20000,0.1,820,0.4576470588235294,0.9353333333333335,0.18922584112284582,0.29105263157894745,0.7845454545454547,0.003658536585365854,0.5658792329661357
5,0.2,20000,0.1,858,0.4823529411764706,0.9566666666666667,0.18350028442273766,0.323411214953271,0.7868518518518527,0.0034965034965034965,0.5339766081871339
5,0.2,20000,0.1,882,0.4611764705882353,0.9566666666666667,0.20027750405705183,0.31220883534136523,0.7588553113553109,0.003401360544217687,0.5613424345847543
5,0.2,20000,0.1,893,0.4823529411764706,0.9540000000000002,0.18073025413431704,0.33919028340080964,0.7688168373151314,0.0022396416573348264,0.5482603815937145
5,0.2,20000,0.1,896,0.43058823529411766,0.9780000000000001,0.20984445961837025,0.310756972111554,0.7841181902123731,0.004464285714285714,0.5640620328849014
5,0.2,20000,0.3,840,0.4776470588235294,0.9713333333333333,0.2866205403072264,0.13105865522174504,0.81476744186047,0.004761904761904762,0.5453309409888374
5,0.2,20000,0.3,845,0.5094117647058823,0.9693333333333337,0.2783113153856693,0.16217821782178224,0.8171535580524382,0.007100591715976331,0.48781088597536926
5,0.2,20000,0.3,899,0.4976470588235294,0.9586666666666666,0.3092384429608471,0.1433915574963608,0.8631177829099353,0.004449388209121246,0.5907113594040986
5,0.2,20000,0.3,872,0.4764705882352941,0.9513333333333335,0.27951458353835407,0.1356734006734004,0.8194936708860798,0.0034403669724770644,0.5691522823168419
5,0.2,20000,0.3,837,0.4929411764705882,0.9733333333333332,0.2773967373198795,0.18025125628140673,0.8365700483091832,0.0035842293906810036,0.6001278976818561
5,0.2,20000,0.3,837,0.46,0.9306666666666669,0.24643093465576962,0.14419847328244262,0.8154111405835579,0.0023894862604540022,0.5977724550898221
5,0.2,20000,0.3,844,0.45176470588235296,0.9533333333333331,0.2574157395388512,0.11802259887005652,0.8397402597402615,0.0035545023696682463,0.5273325406262381
5,0.2,20000,0.3,845,0.49176470588235294,0.9786666666666666,0.31054625039283906,0.13111581920903917,0.8336473429951715,0.004733727810650888,0.5678478002378131
5,0.2,20000,0.5,870,0.4647058823529412,0.8866666666666667,0.16193304482009604,0,0.8351504424778778,0,0.7299731800766288
5,0.2,20000,0.3,863,0.47411764705882353,0.9566666666666663,0.2858265788403363,0.11652312599681,0.8633458646616562,0.004634994206257242,0.5363989134652698
5,0.2,20000,0.3,903,0.46,0.9766666666666669,0.3015568061272901,0.14821428571428613,0.8489152542372911,0.005537098560354375,0.5047216035634754
5,0.2,20000,0.5,846,0.49176470588235294,0.8879999999999998,0.1719494954202426,0,0.8448069498069524,0,0.7211623325453125
5,0.2,20000,0.5,858,0.4858823529411765,0.8866666666666668,0.1424775864556238,0,0.8053053435114522,0,0.6149650349650393
5,0.2,20000,0.5,863,0.46705882352941175,0.8866666666666667,0.16270729757279245,0,0.8361620469083171,0,0.7000347624565468
5,0.2,20000,0.5,864,0.4823529411764706,0.8866666666666668,0.1527528127048447,0,0.81823529411765,0,0.6381327160493844
5,0.2,20000,0.5,867,0.4788235294117647,0.8880000000000001,0.15841200454939147,0,0.8212562814070397,0,0.6659477124183029
5,0.2,20000,0.5,873,0.5023529411764706,0.8873333333333331,0.16665707592443726,0,0.8413882352941209,0,0.6840091638029792
5,0.2,20000,0.5,867,0.4811764705882353,0.8866666666666668,0.17236616627493367,0,0.8496559633027563,0,0.6945482506728203
5,0.2,20000,0.5,869,0.4470588235294118,0.8866666666666668,0.15847387493726492,0,0.8177471264367856,0,0.6803874184886862
5,0.2,20000,0.5,855,0.4976470588235294,0.8886666666666669,0.15058663450439067,0,0.8294097807757191,0,0.7423937621832355
5,0.2,20000,0.7,856,0.46588235294117647,0.8873333333333335,0.16821595297703482,0,0.8429603729603764,0,0.6895288161993778
5,0.2,20000,0.7,865,0.46352941176470586,0.8866666666666668,0.16997185573486556,0,0.8433333333333355,0,0.6696069364161864
5,0.2,20000,0.7,854,0.4823529411764706,0.8866666666666667,0.18907854453147274,0,0.8571588366890398,0,0.6929898516783776
5,0.2,20000,0.7,842,0.48705882352941177,0.8873333333333335,0.1760447010895343,0,0.865548387096776,0,0.6510174188440248
5,0.2,20000,0.7,908,0.4764705882352941,0.8799999999999998,0.15517876743337913,0,0.826323185011712,0,0.6792841409691645
5,0.2,20000,0.7,855,0.4541176470588235,0.8866666666666667,0.183244970469526,0,0.8569591836734737,0,0.7073567251462011
5,0.2,20000,0.7,830,0.4752941176470588,0.8933333333333331,0.17406711033164152,0,0.8503614457831347,0,0.7168232931726923
5,0.2,20000,0.7,832,0.4988235294117647,0.8906666666666668,0.15985656310868865,0,0.8288484848484884,0,0.6454807692307722
5,0.2,20000,0.7,851,0.4929411764705882,0.8873333333333333,0.1600962142454297,0,0.8209090909090941,0,0.6730317273795543
5,0.2,20000,0.7,871,0.46941176470588236,0.8853333333333334,0.165449943594625,0,0.8398785425101253,0,0.7077765021048612
5,0.2,3000,0.1,837,0.5023529411764706,0.9413333333333332,0.1589256684037978,0.29244897959183686,0.7212405609493004,0.0023894862604540022,0.5685229540918151
5,0.2,3000,0.1,844,0.48,0.9473333333333332,0.1653777480749726,0.3096808510638301,0.7328205128205144,0.0035545023696682463,0.5485453824811719
5,0.2,3000,0.1,843,0.4682352941176471,0.9740000000000002,0.19443110357235094,0.3061990950226247,0.7509639639639624,0.0035587188612099642,0.5674047619047592
5,0.2,3000,0.1,853,0.46352941176470586,0.9553333333333334,0.18750457061695322,0.30467391304347835,0.763516377649326,0.0035169988276670576,0.5757450980392158
5,0.2,3000,0.1,882,0.4776470588235294,0.9593333333333331,0.19921854208939418,0.31720338983050855,0.7494947025264869,0.003401360544217687,0.5691733029958279
5,0.2,3000,0.1,833,0.5047058823529412,0.9786666666666668,0.218537551908671,0.29772388059701527,0.7820327552986512,0.004801920768307323,0.5548451950140736
5,0.2,3000,0.1,851,0.4776470588235294,0.9853333333333332,0.22463498110396288,0.28539215686274516,0.7683091787439625,0.005875440658049354,0.5381048069345912
5,0.2,3000,0.1,851,0.4788235294117647,0.9646666666666666,0.1965729931181135,0.30314410480349335,0.7565961732124877,0.0035252643948296123,0.5554992138364783
5,0.2,3000,0.1,833,0.4929411764705882,0.9713333333333336,0.20479169571776543,0.2876630434782607,0.7930546265328882,0.003601440576230492,0.5678554216867456
5,0.2,3000,0.1,861,0.5,0.9546666666666668,0.18499796699203436,0.3315261044176706,0.7634424242424254,0.0023228803716608595,0.5411796662786172
5,0.2,3000,0.3,859,0.48,0.9553333333333334,0.2869806965814289,0.17324159021406732,0.8486400000000023,0.004656577415599534,0.5838947368421072
5,0.2,3000,0.3,827,0.4929411764705882,0.9686666666666666,0.2921662036655863,0.13213517665130536,0.8335000000000037,0.0048367593712212815,0.545334143377888
5,0.2,3000,0.3,829,0.4788235294117647,0.9459999999999998,0.2784430035766341,0.10744725738396631,0.8603496503496523,0.0036188178528347406,0.564426957223568
5,0.2,3000,0.3,846,0.4858823529411765,0.9706666666666668,0.27281866982592057,0.18271551724137952,0.8508333333333367,0.004728132387706856,0.5361005542359475
5,0.2,3000,0.3,869,0.48,0.9333333333333333,0.268471538790076,0.13914215686274511,0.8575238095238139,0.0023014959723820483,0.6267896962706673
5,0.2,3000,0.3,866,0.46352941176470586,0.9239999999999999,0.24518618759722796,0.1374615384615386,0.8253592814371282,0.0023094688221709007,0.5895524691358043
5,0.2,3000,0.3,869,0.4576470588235294,0.9613333333333333,0.2909270315125506,0.17614745586708264,0.8324307692307726,0.006904487917146145,0.5021205098493644
5,0.2,3000,0.3,825,0.4964705882352941,0.9813333333333333,0.2723291614647562,0.12968188105117562,0.8310989010989007,0.0048484848484848485,0.49454730004060166
5,0.2,3000,0.3,895,0.4435294117647059,0.9473333333333335,0.2713861223383603,0.14896940418679533,0.8340828402366898,0.004469273743016759,0.5673251028806587
5,0.2,3000,0.5,891,0.49529411764705883,0.8813333333333336,0.13499817911981313,0,0.8089000000000042,0,0.6425289936401057
5,0.2,3000,0.3,850,0.5011764705882353,0.9480000000000001,0.2569795659845852,0.1649921011058453,0.8194326241134774,0.004705882352941176,0.5390740740740758
5,0.2,3000,0.5,865,0.46352941176470586,0.8873333333333333,0.16303082718834477,0,0.8346698113207569,0,0.6895606936416191
5,0.2,3000,0.5,863,0.46588235294117647,0.8880000000000001,0.16139386795674124,0,0.8295419847328287,0,0.7160486674391655
5,0.2,3000,0.5,835,0.46941176470588236,0.8926666666666665,0.17204092398148846,0,0.8489333333333356,0,0.6705429141716585
5,0.2,3000,0.5,871,0.4811764705882353,0.8866666666666667,0.16605744362381683,0,0.8431980906921263,0,0.6837657864523535
5,0.2,3000,0.5,881,0.46,0.8866666666666668,0.15279904660018148,0,0.8297749196141506,0,0.6377563374952729
5,0.2,3000,0.5,893,0.44941176470588234,0.8813333333333333,0.1638993038524872,0,0.8299803921568644,0,0.7054871220604699
5,0.2,3000,0.5,822,0.5023529411764706,0.8926666666666669,0.17686347440507913,0,0.842180974477961,0,0.690198702351988
5,0.2,3000,0.5,858,0.5176470588235295,0.8866666666666668,0.18337193706693658,0,0.8570537634408623,0,0.7057342657342669
5,0.2,3000,0.7,844,0.4894117647058824,0.8866666666666667,0.1712000359582479,0,0.8607666666666686,0,0.6485860979462896
5,0.2,3000,0.7,873,0.4682352941176471,0.884,0.16522658754071726,0,0.8589347079037815,0,0.6406452844597199
5,0.2,3000,0.7,858,0.4682352941176471,0.8866666666666667,0.16215432188338147,0,0.8362115384615425,0,0.7246697746697741
5,0.2,3000,0.7,834,0.47411764705882353,0.8933333333333333,0.1735865858447099,0,0.8362553191489395,0,0.6969984012789783
5,0.2,3000,0.5,883,0.4752941176470588,0.8866666666666667,0.17820537913466625,0,0.844840637450202,0,0.7052132880332195
5,0.2,3000,0.7,886,0.4764705882352941,0.8873333333333333,0.17879064784697069,0,0.8575776397515552,0,0.7046463506395796
5,0.2,3000,0.7,846,0.4811764705882353,0.8886666666666667,0.18006182226085263,0,0.8530339805825288,0,0.6908195429472048
5,0.2,3000,0.7,860,0.48,0.8866666666666665,0.1575451919187914,0,0.838068181818186,0,0.6627751937984532
5,0.2,3000,0.7,867,0.46352941176470586,0.8866666666666667,0.17799574359368356,0,0.861315068493154,0,0.666708958093043
5,0.2,3000,0.7,877,0.45294117647058824,0.886,0.17315746795854808,0,0.8461451247165557,0,0.6912542759407077
5,0.2,4000,0.1,833,0.5058823529411764,0.9573333333333333,0.2008444210554553,0.29451923076923087,0.7639963669391454,0.003601440576230492,0.5773694779116446
5,0.2,3000,0.7,868,0.4988235294117647,0.886,0.18164378247579405,0,0.8543803418803448,0,0.6948041474654395
5,0.2,4000,0.1,872,0.5011764705882353,0.9520000000000001,0.18783386060524046,0.2964285714285712,0.7452037617554865,0.0034403669724770644,0.5543421557345612
5,0.2,4000,0.1,851,0.4976470588235294,0.9520000000000001,0.17225148089664452,0.32900000000000007,0.7280780780780787,0.0035252643948296123,0.5619025157232673
5,0.2,4000,0.1,901,0.4717647058823529,0.9666666666666669,0.18530715585451074,0.3410510510510516,0.7498817966903076,0.003329633740288568,0.5253118040089071
5,0.2,4000,0.1,864,0.46352941176470586,0.9520000000000001,0.19651282470366493,0.28548717948717933,0.7582752457551394,0.003472222222222222,0.5841424699961276
5,0.2,4000,0.1,873,0.5023529411764706,0.9573333333333335,0.18665393275433612,0.2937869822485205,0.7471061359867324,0.002290950744558992,0.5835361653272072
5,0.2,4000,0.1,864,0.4976470588235294,0.9413333333333337,0.1809742573618359,0.3195953757225434,0.7549492151431209,0.0023148148148148147,0.5715197215777258
5,0.2,4000,0.1,838,0.49411764705882355,0.9253333333333336,0.15587232839976772,0.30768292682926834,0.7534389671361518,0.0011933174224343676,0.5701712465153329
5,0.2,4000,0.1,826,0.49411764705882355,0.9613333333333335,0.17734598552537112,0.3023696682464454,0.7406326034063268,0.004842615012106538,0.539663422546632
5,0.2,4000,0.1,858,0.4611764705882353,0.9386666666666668,0.16422245940017735,0.2752845528455283,0.7336812570145904,0.002331002331002331,0.5664330218068506
5,0.2,4000,0.3,867,0.47411764705882353,0.9640000000000002,0.29204601692637716,0.1313671874999999,0.8116207951070367,0.0057670126874279125,0.5233178654292353
5,0.2,4000,0.3,851,0.46588235294117647,0.9460000000000001,0.2758580517041172,0.11944444444444463,0.857757009345797,0.0023501762632197414,0.6256105221829613
5,0.2,4000,0.3,854,0.4894117647058824,0.9606666666666667,0.29227229803770416,0.16074693422519537,0.846021897810221,0.00585480093676815,0.496164114644681
5,0.2,4000,0.3,880,0.4894117647058824,0.9720000000000001,0.2623992237010023,0.1760481099656361,0.832809523809525,0.005681818181818182,0.4816876190476199
5,0.2,4000,0.3,853,0.47411764705882353,0.974666666666667,0.30308684534871955,0.12334482758620681,0.8281071428571455,0.005861664712778429,0.4912460691823909
5,0.2,4000,0.3,871,0.49058823529411766,0.9386666666666671,0.24289501354526424,0.19429769392033516,0.8405555555555585,0.002296211251435132,0.5741503644035302
5,0.2,4000,0.3,864,0.4611764705882353,0.974,0.2903488437730864,0.14209401709401676,0.8676833976834001,0.004629629629629629,0.5328062015503889
5,0.2,4000,0.3,852,0.48,0.9920000000000001,0.29492566211962207,0.12837121212121202,0.8394636015325689,0.005868544600938967,0.5070011806375447
5,0.2,4000,0.3,828,0.49529411764705883,0.9640000000000002,0.28903004968033597,0.16934550989345495,0.856553846153847,0.004830917874396135,0.5578276699029115
5,0.2,4000,0.3,878,0.4823529411764706,0.9793333333333334,0.29631001478136876,0.12775100401606404,0.8405642633228868,0.0056947608200455585,0.5241733486063402
5,0.2,4000,0.5,867,0.47058823529411764,0.8833333333333335,0.17818454606444098,0,0.8490556900726424,0,0.6785159554017709
5,0.2,4000,0.5,849,0.4858823529411765,0.8866666666666667,0.17263893180241457,0,0.8507058823529426,0,0.7175775422065183
5,0.2,4000,0.5,838,0.46,0.8886666666666666,0.16869180335801084,0,0.840404858299598,0,0.7091089896579156
5,0.2,4000,0.5,862,0.48823529411764705,0.8886666666666667,0.1613585651539841,0,0.8358666666666692,0,0.6628267594740944
5,0.2,4000,0.5,853,0.5105882352941177,0.8873333333333333,0.16877403524440346,0,0.8434390243902449,0,0.6807229386479119
5,0.2,4000,0.5,856,0.46588235294117647,0.8873333333333333,0.18596571269243975,0,0.8556310679611665,0,0.6800506230529617
5,0.2,4000,0.5,849,0.4823529411764706,0.8866666666666667,0.15760186142020935,0,0.8406007067137837,0,0.6381154299175515
5,0.2,4000,0.5,853,0.4623529411764706,0.8866666666666667,0.16789519639817882,0,0.8347040498442405,0,0.639542790152405
5,0.2,4000,0.5,884,0.4682352941176471,0.8826666666666667,0.16527383118980032,0,0.8260165975103771,0,0.6899773755656127
5,0.2,4000,0.5,859,0.4611764705882353,0.8866666666666667,0.16530631992904707,0,0.8350097465886993,0,0.7168024835079566
5,0.2,4000,0.7,859,0.46588235294117647,0.8873333333333331,0.17487001149101863,0,0.8553348214285746,0,0.7031237873496325
5,0.2,4000,0.7,864,0.46705882352941175,0.8866666666666667,0.16037932047690437,0,0.8302506265664195,0,0.6680787037037061
5,0.2,4000,0.7,872,0.48,0.8873333333333331,0.15651575277031243,0,0.8289812889812931,0,0.698107798165139
5,0.2,4000,0.7,842,0.4788235294117647,0.8880000000000001,0.1715740689450171,0,0.8296798029556669,0,0.670075217735551
5,0.2,4000,0.7,843,0.4811764705882353,0.89,0.16044647819053984,0,0.8219047619047629,0,0.654120205614869
5,0.2,4000,0.7,880,0.48,0.8813333333333334,0.18127287146436707,0,0.8603406326034082,0,0.6794734848484872
5,0.2,4000,0.7,889,0.5094117647058823,0.8819999999999997,0.17640649236851366,0,0.8549717514124324,0,0.7232545931758539
5,0.2,4000,0.7,839,0.4764705882352941,0.8873333333333331,0.15741552139482146,0,0.8381542056074807,0,0.6943822010329764
5,0.2,4000,0.7,871,0.5023529411764706,0.8866666666666668,0.1720833454581902,0,0.840487804878052,0,0.7008916953693081
5,0.2,4000,0.7,874,0.4588235294117647,0.8873333333333331,0.17118811627087083,0,0.845946462715107,0,0.7170404271548441
5,0.2,5000,0.1,876,0.4647058823529412,0.9833333333333332,0.20732504277488664,0.31479750778816246,0.7589478859390375,0.0045662100456621,0.5427484709480097
5,0.2,5000,0.1,814,0.47058823529411764,0.9706666666666665,0.18557169393483472,0.2977824267782424,0.7560303030303037,0.004914004914004914,0.5221522633744845
5,0.2,5000,0.1,828,0.46705882352941175,0.9459999999999998,0.17600207483301622,0.3257894736842102,0.7363862928348922,0.0036231884057971015,0.5531434343434315
5,0.2,5000,0.1,872,0.4623529411764706,0.9620000000000001,0.20047671474894943,0.29314814814814827,0.8054430379746835,0.0034403669724770644,0.5392596854622167
5,0.2,5000,0.1,843,0.4964705882352941,0.9719999999999999,0.1901220016297882,0.3240131578947372,0.7212721893491133,0.0035587188612099642,0.5397380952380932
5,0.2,5000,0.1,891,0.4423529411764706,0.9939999999999998,0.1936274611347078,0.31484939759036196,0.7381684981684989,0.004489337822671156,0.5213115370161557
5,0.2,5000,0.1,849,0.5247058823529411,0.9526666666666669,0.20629881732699507,0.29176165803108783,0.7653300733496321,0.0035335689045936395,0.5814972419227732
5,0.2,5000,0.1,857,0.5094117647058823,0.9766666666666667,0.185295035130476,0.32534883720930213,0.7491873278236931,0.003500583430571762,0.5161241217798588
5,0.2,5000,0.1,851,0.49176470588235294,0.9479999999999997,0.2042827778644633,0.27309278350515476,0.7658953900709214,0.0035252643948296123,0.57520833333333
5,0.2,5000,0.3,852,0.47411764705882353,0.9866666666666667,0.3265479355359644,0.12359273670557684,0.8497176470588238,0.005868544600938967,0.5630263675718218
5,0.2,5000,0.3,875,0.4811764705882353,0.929333333333333,0.251554381400639,0.10967741935483886,0.8454970760233937,0.002285714285714286,0.6058495609011078
5,0.2,5000,0.1,845,0.4858823529411765,0.9693333333333332,0.21185145940796998,0.3010655737704918,0.7742959001782531,0.0035502958579881655,0.5669239904988088
5,0.2,5000,0.3,858,0.4682352941176471,0.9786666666666668,0.27699337918822303,0.18823655913978538,0.8549576271186463,0.006993006993006993,0.4852230046948364
5,0.2,5000,0.3,905,0.4388235294117647,0.9493333333333336,0.2810879817189194,0.19307898259705472,0.8236098654708551,0.0055248618784530384,0.5721000000000033
5,0.2,5000,0.3,849,0.49411764705882355,0.9540000000000002,0.26872195535923504,0.17429567642956764,0.8136842105263189,0.004711425206124852,0.5327455621301795
5,0.2,5000,0.3,850,0.48470588235294115,0.9826666666666669,0.30154835901900795,0.1339393939393938,0.8605281690140867,0.0058823529411764705,0.517238658777121
5,0.2,5000,0.3,834,0.49176470588235294,0.948,0.2536699906997994,0.14818363273453078,0.8292229729729766,0.0035971223021582736,0.5577496991576433
5,0.2,5000,0.3,873,0.46705882352941175,0.9546666666666666,0.2990546086906009,0.15503787878787886,0.8434971098265938,0.0057273768613974796,0.5473963133640567
5,0.2,5000,0.3,827,0.4929411764705882,0.9719999999999999,0.2612331844526751,0.16211382113821118,0.8316423357664257,0.0048367593712212815,0.5338315107330923
5,0.2,5000,0.3,836,0.48823529411764705,0.9779999999999999,0.262036240027583,0.1883991894630194,0.8035858585858592,0.007177033492822967,0.46925702811245046
5,0.2,5000,0.5,881,0.46941176470588236,0.8853333333333334,0.1699686229029612,0,0.839004739336496,0,0.6810821036700725
5,0.2,5000,0.5,852,0.4929411764705882,0.8866666666666665,0.17231554937940838,0,0.8436923076923116,0,0.7006259780907693
5,0.2,5000,0.5,830,0.4964705882352941,0.8913333333333333,0.17470737823629304,0,0.8506853582554534,0,0.649485943775102
5,0.2,5000,0.5,861,0.47294117647058825,0.8886666666666667,0.13462049489148123,0,0.8105617977528106,0,0.6261130468447548
5,0.2,5000,0.5,870,0.49176470588235294,0.8866666666666667,0.1664162051600987,0,0.8354252873563268,0,0.6792796934865902
5,0.2,5000,0.5,804,0.4858823529411765,0.8933333333333335,0.1964201512578377,0,0.8787032418952653,0,0.6909701492537337
5,0.2,5000,0.5,852,0.4623529411764706,0.8866666666666667,0.16472196791296131,0,0.8313563218390853,0,0.682018779342725
5,0.2,5000,0.5,856,0.48,0.8866666666666667,0.15635077151591142,0,0.8163129973474831,0,0.6631775700934592
5,0.2,5000,0.5,847,0.49058823529411766,0.8873333333333333,0.17817427458536736,0,0.8572068230277193,0,0.7058244785517522
5,0.2,5000,0.5,877,0.4682352941176471,0.8866666666666667,0.17623575859005358,0,0.8407847082495027,0,0.7056784492588376
5,0.2,5000,0.7,851,0.48823529411764705,0.8873333333333335,0.15293657257850607,0,0.8108539325842736,0,0.6806149627888768
5,0.2,5000,0.7,886,0.4623529411764706,0.8846666666666668,0.17135151238980173,0,0.8565306122448995,0,0.6550940556809639
5,0.2,5000,0.7,823,0.48,0.8919999999999999,0.18212757716513167,0,0.8512667946257254,0,0.7252733900364539
5,0.2,5000,0.7,864,0.4623529411764706,0.8866666666666667,0.15621914837351492,0,0.8243340857787854,0,0.6929012345679001
5,0.2,5000,0.7,896,0.4764705882352941,0.8806666666666666,0.1471239616924571,0,0.8151273885350347,0,0.6355245535714286
5,0.2,5000,0.7,845,0.4976470588235294,0.8873333333333333,0.1617818979452925,0,0.834528875379942,0,0.6541183431952688
5,0.2,5000,0.7,856,0.4776470588235294,0.8866666666666667,0.14456147276560363,0,0.8303243243243296,0,0.7318769470404989
5,0.2,5000,0.7,853,0.46,0.8879999999999998,0.1692658363112465,0,0.8403969754253355,0,0.7199491989058264
5,0.2,5000,0.7,816,0.48,0.8940000000000001,0.18754189497688253,0,0.8668298969072182,0,0.6791952614379118
5,0.2,5000,0.7,872,0.4752941176470588,0.8866666666666667,0.1665304322742399,0,0.8466180758017514,0,0.652863149847095
5,0.3,1000,0.1,900,0.4505882352941176,0.9473333333333335,0.18098900980295315,0.30991902834008117,0.750833333333335,0.0033333333333333335,0.5347268673355637
5,0.3,1000,0.1,848,0.49411764705882355,0.9473333333333335,0.20337169425058604,0.29530805687203776,0.7716568627450986,0.003537735849056604,0.5678185404339232
5,0.3,1000,0.1,859,0.5023529411764706,0.9533333333333334,0.18788193142585577,0.30868852459016455,0.7473975636766349,0.0034924330616996507,0.5432788161993743
5,0.3,1000,0.1,876,0.4823529411764706,0.9960000000000002,0.20673326516761106,0.3371072319201996,0.7759931506849322,0.0045662100456621,0.5152714067278273
5,0.3,1000,0.1,864,0.46705882352941175,0.9766666666666667,0.17429117894509705,0.3372435897435898,0.7371784776902904,0.004629629629629629,0.5166434108527121
5,0.3,1000,0.1,839,0.4764705882352941,0.9593333333333334,0.1842954972955232,0.3306000000000001,0.7660729166666679,0.003575685339690107,0.5649960127591702
5,0.3,1000,0.1,874,0.4541176470588235,0.9273333333333335,0.18479723690943534,0.2926271186440679,0.7625833333333303,0.002288329519450801,0.6083524464831794
5,0.3,1000,0.1,846,0.47411764705882353,0.9646666666666668,0.1932320394479944,0.30899543378995414,0.7489713155291793,0.0035460992907801418,0.5606524317912197
5,0.3,1000,0.1,861,0.4776470588235294,0.9313333333333337,0.16575618749619683,0.28840579710144915,0.7348454746136875,0.0023228803716608595,0.5654016298020939
5,0.3,1000,0.1,863,0.4776470588235294,0.9560000000000002,0.17899066750191422,0.35229007633587806,0.7458251366120219,0.002317497103128621,0.5434572202864872
5,0.3,1000,0.3,861,0.4776470588235294,0.9600000000000002,0.27525254997822535,0.16343434343434343,0.8165292096219952,0.005807200929152149,0.5102219626168227
5,0.3,1000,0.3,815,0.49058823529411766,0.9473333333333335,0.29080993042326725,0.15466374269005836,0.850794701986758,0.0049079754601227,0.5403452527743537
5,0.3,1000,0.3,881,0.46588235294117647,0.9639999999999997,0.27765057763893597,0.12776772247360466,0.8068513119533556,0.004540295119182747,0.5416761687571262
5,0.3,1000,0.3,868,0.45294117647058824,0.9853333333333334,0.3135324290355862,0.11972451790633591,0.856253521126764,0.004608294930875576,0.5442283950617296
5,0.3,1000,0.3,873,0.4776470588235294,0.9393333333333331,0.24123638978207335,0.13938775510204085,0.8548953974895411,0.002290950744558992,0.5378874856486794
5,0.3,1000,0.3,868,0.4717647058823529,0.9253333333333335,0.23845426174120926,0.18634703196347038,0.8096134020618587,0.002304147465437788,0.5933756735950759
5,0.3,1000,0.3,851,0.4858823529411765,0.9513333333333336,0.26699644001812073,0.13908536585365844,0.84095679012346,0.0035252643948296123,0.5668042452830212
5,0.3,1000,0.3,844,0.47058823529411764,0.9746666666666663,0.28091333525773365,0.1466469428007891,0.8247474747474757,0.0071090047393364926,0.4469053301511544
5,0.3,1000,0.3,818,0.49529411764705883,0.9653333333333333,0.2924085414048615,0.12344186046511603,0.8587323943661992,0.004889975550122249,0.5253071253071273
5,0.3,1000,0.3,916,0.4435294117647059,0.9633333333333334,0.2924611974542938,0.13531776913099858,0.8468770764119632,0.004366812227074236,0.5316374269005854
5,0.3,1000,0.5,870,0.4788235294117647,0.8873333333333333,0.1599662165881484,0,0.8369408740359917,0,0.6712605363984694
5,0.3,1000,0.5,810,0.48470588235294115,0.8940000000000001,0.1573583564045797,0,0.8169367088607628,0,0.675251028806587
5,0.3,1000,0.5,829,0.47294117647058825,0.8886666666666666,0.16317380179526725,0,0.8397953964194405,0,0.6790912746280672
5,0.3,1000,0.5,878,0.48705882352941177,0.8879999999999999,0.1706422725419977,0,0.8439528795811556,0,0.6605656795747935
5,0.3,1000,0.5,864,0.46941176470588236,0.8873333333333333,0.16701084585805095,0,0.8340579710144951,0,0.7022222222222226
5,0.3,1000,0.5,850,0.4811764705882353,0.8879999999999999,0.1455054518979331,0,0.8188524590163957,0,0.6095882352941218
5,0.3,1000,0.5,803,0.4776470588235294,0.8933333333333333,0.16315370767139928,0,0.8223094170403622,0,0.6876297218762991
5,0.3,1000,0.5,867,0.4623529411764706,0.8873333333333335,0.1590590840779558,0,0.8168765133171955,0,0.6671626297577883
5,0.3,1000,0.5,829,0.47411764705882353,0.8933333333333333,0.160084299113797,0,0.8428932584269684,0,0.6706674708484134
5,0.3,1000,0.5,858,0.4929411764705882,0.8866666666666667,0.16968397331407564,0,0.838568588469187,0,0.7127894327894339
5,0.3,1000,0.7,883,0.47411764705882353,0.8833333333333337,0.16250505932611453,0,0.8448607594936742,0,0.6758550396375994
5,0.3,1000,0.7,852,0.4811764705882353,0.8873333333333336,0.16541973441957583,0,0.8351605504587171,0,0.6917018779342748
5,0.3,1000,0.7,857,0.4835294117647059,0.8873333333333333,0.18878614716794226,0,0.8635643564356448,0,0.6734616880591229
5,0.3,1000,0.7,873,0.43058823529411766,0.884,0.17783984839017872,0,0.8445114345114368,0,0.6997709049255431
5,0.3,1000,0.7,836,0.48705882352941177,0.89,0.16634695576779598,0,0.8318164794007533,0,0.7183652312599705
5,0.3,1000,0.7,854,0.48,0.8866666666666668,0.17638610063469606,0,0.8505172413793143,0,0.6795979703356778
5,0.3,1000,0.7,857,0.46,0.8880000000000001,0.15755216932373375,0,0.8196401028277659,0,0.6661415791520823
5,0.3,1000,0.7,855,0.4752941176470588,0.8866666666666667,0.17484004490941882,0,0.8441452991453027,0,0.7017933723196896
5,0.3,1000,0.7,874,0.46705882352941175,0.8873333333333335,0.17476999580624863,0,0.8428162291169476,0,0.6751983218916876
5,0.3,1000,0.7,881,0.47411764705882353,0.8873333333333335,0.1513819113272189,0,0.8253444676409227,0,0.7046311010215678
5,0.3,20000,0.1,827,0.49411764705882355,0.928666666666667,0.16245740250147542,0.2912264150943398,0.73988988988989,0.0012091898428053204,0.5837933817594821
5,0.3,20000,0.1,857,0.4811764705882353,0.9513333333333333,0.18923018671463845,0.26846666666666674,0.7442926829268283,0.003500583430571762,0.5927634660421529
5,0.3,20000,0.1,859,0.4717647058823529,0.948,0.16125420182818104,0.3125730994152044,0.7379775280898885,0.002328288707799767,0.5492959937767381
5,0.3,20000,0.1,853,0.4988235294117647,0.9566666666666667,0.18860367708386208,0.33381538461538524,0.7521813725490211,0.004689331770222743,0.5223243031016863
5,0.3,20000,0.1,865,0.48470588235294115,0.9893333333333334,0.18198359863854668,0.3210495626822158,0.7490031152647985,0.004624277456647399,0.4946844754161822
5,0.3,20000,0.1,835,0.48470588235294115,0.9513333333333333,0.20734112765541443,0.2761881188118814,0.7474849849849833,0.003592814371257485,0.5880448717948694
5,0.3,20000,0.1,845,0.49176470588235294,0.9446666666666668,0.17593818004057005,0.37000000000000055,0.742301587301588,0.001183431952662722,0.5689020537124787
5,0.3,20000,0.1,855,0.48,0.9520000000000001,0.20256725311509333,0.30342975206611544,0.7572319688109159,0.0035087719298245615,0.550798122065726
5,0.3,20000,0.1,849,0.47411764705882353,0.9566666666666669,0.1625502472931132,0.3255348837209298,0.7323333333333342,0.002355712603062426,0.5473868555686722
5,0.3,20000,0.3,868,0.45647058823529413,0.9599999999999999,0.25798405775889,0.14229372937293724,0.856330275229358,0.004608294930875576,0.5166859567901256
5,0.3,20000,0.3,850,0.5,0.9786666666666669,0.30650123127518814,0.15697084917617252,0.846839237057224,0.004705882352941176,0.5459022852639892
5,0.3,20000,0.3,869,0.4835294117647059,0.9526666666666669,0.2765378461447716,0.1628417818740398,0.8476490066225177,0.004602991944764097,0.5527283236994226
5,0.3,20000,0.3,851,0.4764705882352941,0.9566666666666664,0.2838726813216111,0.16433593750000008,0.8340000000000026,0.004700352526439483,0.5254112554112561
5,0.3,20000,0.1,869,0.49411764705882355,0.9626666666666666,0.18755075298100785,0.3163082437275989,0.7708702064896765,0.004602991944764097,0.519895953757224
5,0.3,20000,0.3,872,0.46,0.9833333333333335,0.31760276119241115,0.1538470728793311,0.8608051948051981,0.005733944954128441,0.549588619761631
5,0.3,20000,0.3,834,0.49529411764705883,0.9726666666666667,0.3110778002889063,0.1495274584929758,0.8472022160664843,0.004796163069544364,0.5464939759036155
5,0.3,20000,0.3,828,0.4823529411764706,0.9486666666666665,0.2517357659366694,0.18042328042328032,0.835803921568629,0.0036231884057971015,0.5470909090909098
5,0.3,20000,0.3,867,0.45647058823529413,0.9606666666666667,0.3070870843489409,0.13508701472556883,0.8523433242506837,0.00461361014994233,0.550706836616455
5,0.3,20000,0.3,860,0.47411764705882353,0.9580000000000001,0.292651415938246,0.15430858806404635,0.841351351351356,0.004651162790697674,0.5573753894081026
5,0.3,20000,0.5,853,0.4682352941176471,0.8886666666666667,0.17253327886375114,0,0.8270299145299188,0,0.6870144587729597
5,0.3,20000,0.3,864,0.4929411764705882,0.9993333333333334,0.32942898076063853,0.1332038834951458,0.8602678571428604,0.006944444444444444,0.5130536130536151
5,0.3,20000,0.5,834,0.49529411764705883,0.8879999999999999,0.17605815535000252,0,0.850850515463921,0,0.6828257394084742
5,0.3,20000,0.5,840,0.48823529411764705,0.8880000000000001,0.18213197322881702,0,0.8559276018099564,0,0.6957460317460332
5,0.3,20000,0.5,861,0.4988235294117647,0.8866666666666667,0.16384499584738482,0,0.8381072026800702,0,0.7425474254742548
5,0.3,20000,0.5,854,0.4717647058823529,0.8866666666666665,0.17230539633339212,0,0.8527951807228942,0,0.6853512880562075
5,0.3,20000,0.5,864,0.4505882352941176,0.8866666666666667,0.18148352219875008,0,0.8548600508905884,0,0.6666666666666706
5,0.3,20000,0.5,837,0.47294117647058825,0.8879999999999999,0.184197487556408,0,0.8634716981132089,0,0.7311947431302285
5,0.3,20000,0.5,861,0.4764705882352941,0.8866666666666668,0.17070431768524474,0,0.8473913043478293,0,0.6393495934959382
5,0.3,20000,0.5,856,0.4764705882352941,0.8873333333333331,0.18121824205385395,0,0.8637764350453195,0,0.6513862928348951
5,0.3,20000,0.5,853,0.4835294117647059,0.8873333333333333,0.1708979462306775,0,0.8461363636363649,0,0.728225869480268
5,0.3,20000,0.7,846,0.49529411764705883,0.8866666666666668,0.1654435851041848,0,0.840739910313906,0,0.6955713159968487
5,0.3,20000,0.7,857,0.45647058823529413,0.8866666666666667,0.17074240969187046,0,0.8346582733812995,0,0.7231310774017908
5,0.3,20000,0.7,845,0.49529411764705883,0.8873333333333335,0.1625794096166397,0,0.8386243386243427,0,0.6710216962524677
5,0.3,20000,0.7,851,0.4894117647058824,0.8866666666666667,0.19221906472573308,0,0.8741046277666017,0,0.7212416764590687
5,0.3,20000,0.7,861,0.4717647058823529,0.8873333333333335,0.15291385199805907,0,0.8290166975881317,0,0.72305071622145
5,0.3,20000,0.7,866,0.49058823529411766,0.8866666666666667,0.16226300718592163,0,0.8268387096774209,0,0.6946112394149354
5,0.3,20000,0.7,866,0.4776470588235294,0.8879999999999999,0.18833582835985818,0,0.8538059701492563,0,0.6640184757505808
5,0.3,20000,0.7,849,0.4611764705882353,0.8866666666666667,0.16618433802408242,0,0.8246568627451012,0,0.6689045936395774
5,0.3,20000,0.7,868,0.49176470588235294,0.8873333333333335,0.17473247141810933,0,0.8526724137931047,0,0.6490399385560697
5,0.3,20000,0.7,857,0.4752941176470588,0.8873333333333335,0.18948565868457282,0,0.8672406181015481,0,0.7043835083625071
5,0.3,3000,0.1,840,0.48,0.9480000000000001,0.216946357981863,0.30971428571428566,0.7862306993642145,0.0035714285714285713,0.5712624452409389
5,0.3,3000,0.1,814,0.4717647058823529,1.0073333333333332,0.2063060034520086,0.29559633027523,0.7592509363295887,0.006142506142506142,0.5038195302843006
5,0.3,3000,0.1,852,0.4811764705882353,0.9560000000000001,0.1786454033634049,0.3173893805309736,0.7606586021505383,0.0035211267605633804,0.5347192775814694
5,0.3,3000,0.1,851,0.47294117647058825,0.9673333333333335,0.20067765401362725,0.3022866894197956,0.7569664268585141,0.005875440658049354,0.5315996847911731
5,0.3,3000,0.1,837,0.4623529411764706,0.9873333333333335,0.19680205915015725,0.30277343749999974,0.7490370370370372,0.0035842293906810036,0.542178257394084
5,0.3,3000,0.1,844,0.4835294117647059,0.9353333333333336,0.17388917610958202,0.2655670103092783,0.7468733850129192,0.001184834123222749,0.6024713325425054
5,0.3,3000,0.1,867,0.4647058823529412,0.9486666666666668,0.18177533324411407,0.34122047244094533,0.7578563772776008,0.0034602076124567475,0.543753858024691
5,0.3,3000,0.1,872,0.4717647058823529,0.9533333333333335,0.18249607876487975,0.3189140271493213,0.750334288443172,0.0034403669724770644,0.5651016494054464
5,0.3,3000,0.1,868,0.5011764705882353,0.9573333333333335,0.18184603492238652,0.309917695473251,0.7445273631840804,0.0034562211981566822,0.5381040462427736
5,0.3,3000,0.1,870,0.48470588235294115,0.9686666666666666,0.18702847647778162,0.29217391304347834,0.7568658698539195,0.0034482758620689655,0.5384313725490167
5,0.3,3000,0.3,863,0.48823529411764705,0.9813333333333335,0.2932746767679968,0.16059649122807035,0.8421631205673782,0.005793742757821553,0.5153302253302263
5,0.3,3000,0.3,862,0.4717647058823529,0.9733333333333335,0.2871344235660819,0.15748958333333354,0.8543668122270748,0.0069605568445475635,0.47031542056074943
5,0.3,3000,0.3,856,0.46352941176470586,0.9666666666666667,0.28816026501448416,0.1310799999999996,0.8418726591760317,0.005841121495327103,0.5155464159811994
5,0.3,3000,0.3,856,0.49529411764705883,0.9773333333333335,0.31458114155897543,0.11050505050505015,0.875104895104898,0.005841121495327103,0.5137602820211516
5,0.3,3000,0.3,908,0.46941176470588236,0.9493333333333331,0.28280181037671126,0.13444444444444426,0.8102233250620393,0.004405286343612335,0.5627544247787636
5,0.3,3000,0.3,869,0.4894117647058824,0.9413333333333332,0.26353088993450396,0.16366666666666668,0.8547035573122551,0.0034522439585730723,0.5385103926097017
5,0.3,3000,0.3,853,0.4835294117647059,0.9700000000000002,0.28599560466559576,0.17029601029601033,0.8371771771771805,0.005861664712778429,0.5342531446540896
5,0.3,3000,0.3,837,0.48705882352941177,0.944666666666667,0.2857182856515804,0.1012169312169312,0.8325249169435244,0.0035842293906810036,0.5498521183053557
5,0.3,3000,0.3,869,0.46588235294117647,0.9453333333333336,0.28298135967144866,0.16105263157894728,0.849077380952384,0.004602991944764097,0.5459344894026995
5,0.3,3000,0.5,879,0.4717647058823529,0.886,0.13593711485209323,0,0.805621621621625,0,0.6648009101251418
5,0.3,3000,0.3,864,0.4776470588235294,0.9480000000000001,0.25961086532872546,0.12622807017543852,0.8171378091872815,0.003472222222222222,0.5412504839334125
5,0.3,3000,0.5,861,0.4894117647058824,0.886666666666667,0.17119718225515687,0,0.8352095808383254,0,0.7046186604723192
5,0.3,3000,0.5,849,0.47411764705882353,0.8880000000000001,0.1546922092482261,0,0.825560439560444,0,0.6921397722811158
5,0.3,3000,0.5,879,0.4682352941176471,0.8873333333333335,0.17226643963400276,0,0.8455000000000035,0,0.6599620781190759
5,0.3,3000,0.5,861,0.5141176470588236,0.8880000000000003,0.16718647334366943,0,0.8401222493887578,0,0.6781262098335276
5,0.3,3000,0.5,858,0.4976470588235294,0.8866666666666667,0.15316260933702114,0,0.8262765957446845,0,0.6986635586635592
5,0.3,3000,0.5,821,0.4811764705882353,0.894,0.17896814897695298,0,0.8569757174392965,0,0.7093666260657756
5,0.3,3000,0.5,844,0.5023529411764706,0.8873333333333335,0.17131584136890762,0,0.8331094049904075,0,0.711879936808847
5,0.3,3000,0.5,859,0.4811764705882353,0.8880000000000001,0.16057587063046305,0,0.823583690987127,0,0.6914086146682209
5,0.3,3000,0.5,826,0.5152941176470588,0.8926666666666667,0.15822492227926238,0,0.8356893542757429,0,0.7411178369652952
5,0.3,3000,0.7,881,0.4435294117647059,0.8880000000000001,0.1759107409845293,0,0.8533996023856886,0,0.7119598940597811
5,0.3,3000,0.7,855,0.4623529411764706,0.8873333333333331,0.17841656646768722,0,0.8489655172413818,0,0.7283196881091629
5,0.3,3000,0.7,832,0.4541176470588235,0.8933333333333333,0.16668583616501692,0,0.8342204301075294,0,0.6691987179487205
5,0.3,3000,0.7,875,0.46,0.8873333333333335,0.16526476607057655,0,0.8282675438596518,0,0.6844038095238111
5,0.3,3000,0.7,863,0.4788235294117647,0.8866666666666667,0.1687094567416981,0,0.8438820638820661,0,0.6778872151409815
5,0.3,3000,0.7,864,0.46941176470588236,0.8873333333333335,0.16677114159655418,0,0.8439335664335684,0,0.7408950617283958
5,0.3,3000,0.7,883,0.4447058823529412,0.8820000000000001,0.17592281946084876,0,0.8523574144486714,0,0.7239599848999636
5,0.3,3000,0.7,853,0.49176470588235294,0.8873333333333335,0.1577235673169349,0,0.8270362473347573,0,0.6953966393122326
5,0.3,3000,0.7,844,0.4682352941176471,0.8886666666666669,0.1463200808093696,0,0.8124444444444485,0,0.6942456556082167
5,0.3,3000,0.7,851,0.5058823529411764,0.8879999999999999,0.1534524996678419,0,0.8361414141414175,0,0.7162201331766557
5,0.3,4000,0.1,837,0.48,0.9526666666666667,0.17411009288561066,0.33489898989898964,0.7384857142857152,0.0023894862604540022,0.5638842315369237
5,0.3,4000,0.1,854,0.46588235294117647,0.9786666666666669,0.20744383935988941,0.31340694006309233,0.7618965517241382,0.00468384074941452,0.5271176470588208
5,0.3,4000,0.1,849,0.4894117647058824,0.9766666666666667,0.20870600635605555,0.322544378698225,0.7748558246828147,0.004711425206124852,0.5215779092702157
5,0.3,4000,0.1,871,0.4611764705882353,0.9846666666666664,0.19408197756189915,0.3118390804597703,0.7570340136054429,0.0057405281285878304,0.5039183987682823
5,0.3,4000,0.1,871,0.47411764705882353,0.9660000000000002,0.17350753915064757,0.33678714859437797,0.7194623655913983,0.003444316877152698,0.5506528417818711
5,0.3,4000,0.1,868,0.4776470588235294,0.9859999999999997,0.1757352120872993,0.3305685618729098,0.7367164179104483,0.004608294930875576,0.5223070987654305
5,0.3,4000,0.1,883,0.4752941176470588,0.9593333333333334,0.17992975863429797,0.2994174757281556,0.7559315589353611,0.0033975084937712344,0.5480568181818173
5,0.3,4000,0.1,864,0.4811764705882353,0.9540000000000002,0.1798712752027647,0.3002702702702701,0.7404875283446726,0.003472222222222222,0.5517653890824619
5,0.3,4000,0.3,855,0.4788235294117647,0.9560000000000001,0.27170875249282006,0.18282945736434122,0.830203389830512,0.005847953216374269,0.5276980392156878
5,0.3,4000,0.1,860,0.49529411764705883,0.9493333333333331,0.1499924570163486,0.32044198895027615,0.7194117647058836,0.0034883720930232558,0.5377246207701263
5,0.3,4000,0.3,851,0.4835294117647059,0.9606666666666667,0.23921085855105498,0.13220512820512823,0.8042639593908634,0.0035252643948296123,0.5062303459119495
5,0.3,4000,0.3,865,0.4682352941176471,0.9633333333333334,0.26936258335243235,0.15319940476190458,0.8054302670623186,0.004624277456647399,0.5455710414247024
5,0.3,4000,0.3,851,0.4811764705882353,0.9560000000000001,0.2600915889469412,0.11513108614232208,0.8025000000000025,0.0035252643948296123,0.5413679245283044
5,0.3,4000,0.1,853,0.48823529411764705,0.9446666666666665,0.18381221966544703,0.3231221719457008,0.760309050772629,0.0023446658851113715,0.5505562083822938
5,0.3,4000,0.3,864,0.49058823529411766,0.9680000000000003,0.2858815685209627,0.18222222222222212,0.8410479041916202,0.005787037037037037,0.5327435001940266
5,0.3,4000,0.3,855,0.4894117647058824,0.9573333333333335,0.2657770179634294,0.11864271457085826,0.8103005464480902,0.0035087719298245615,0.5730594679186232
5,0.3,4000,0.3,856,0.4717647058823529,0.9819999999999997,0.2698325737740971,0.16596638655462181,0.8441106719367613,0.004672897196261682,0.520794209702661
5,0.3,4000,0.3,860,0.4611764705882353,0.9753333333333334,0.2974954786895215,0.13518779342723017,0.824487632508836,0.005813953488372093,0.5052319688109167
5,0.3,4000,0.3,870,0.46941176470588236,0.9240000000000002,0.2502504978676535,0.10069444444444443,0.8489583333333371,0.0011494252873563218,0.6431492136555447
5,0.3,4000,0.3,879,0.5011764705882353,0.9646666666666662,0.30432263261179016,0.1336666666666665,0.8505866666666707,0.004550625711035267,0.5510095238095262
5,0.3,4000,0.5,906,0.45294117647058824,0.8813333333333334,0.1844717693074966,0,0.8570110701107029,0,0.7157873436350282
5,0.3,4000,0.5,885,0.46352941176470586,0.8820000000000001,0.18052396291953468,0,0.8594606741573075,0,0.6936082862523556
5,0.3,4000,0.5,848,0.4894117647058824,0.8873333333333333,0.16646312651430534,0,0.8380665280665321,0,0.7076022012578631
5,0.3,4000,0.5,851,0.4835294117647059,0.8866666666666667,0.15403297903117194,0,0.8187738419618557,0,0.6680180180180202
5,0.3,4000,0.5,906,0.45529411764705885,0.8806666666666668,0.15881412948959384,0,0.8398599439775933,0,0.6584105960264913
5,0.3,4000,0.5,880,0.47411764705882353,0.8853333333333334,0.17943317832766664,0,0.8546891651865048,0,0.7347916666666688
5,0.3,4000,0.5,863,0.47058823529411764,0.8879999999999999,0.18160184295595796,0,0.8479404466501248,0,0.6729857087678662
5,0.3,4000,0.5,871,0.46,0.8860000000000002,0.17770465527187385,0,0.8515136476426816,0,0.6768503635667814
5,0.3,4000,0.5,865,0.4929411764705882,0.8866666666666667,0.15573956768128697,0,0.8282751540041099,0,0.7095953757225434
5,0.3,4000,0.5,853,0.4682352941176471,0.8879999999999999,0.17551771450175974,0,0.8468112798264682,0,0.6961821023837438
5,0.3,4000,0.7,884,0.4470588235294118,0.8866666666666665,0.15158741881787594,0,0.8161904761904801,0,0.629837858220212
5,0.3,4000,0.7,858,0.4988235294117647,0.8886666666666669,0.16249667717356975,0,0.8381188118811894,0,0.6376923076923098
5,0.3,4000,0.7,890,0.46588235294117647,0.8853333333333334,0.1753302018372093,0,0.8464989059080984,0,0.6841011235955082
5,0.3,4000,0.7,874,0.4541176470588235,0.8866666666666667,0.16376460024410797,0,0.8421532846715345,0,0.6246109839816958
5,0.3,4000,0.7,867,0.4788235294117647,0.886,0.15044960728681384,0,0.8187715930902157,0,0.7083929257977686
5,0.3,4000,0.7,871,0.4858823529411765,0.8866666666666667,0.18480141660468474,0,0.8603056768558999,0,0.6926789131266752
5,0.3,4000,0.7,859,0.4964705882352941,0.8866666666666667,0.1660824607280908,0,0.8413377192982511,0,0.697652308886303
5,0.3,4000,0.7,813,0.5164705882352941,0.8940000000000001,0.1593539523609146,0,0.820406976744189,0,0.6514063140631434
5,0.3,4000,0.7,820,0.508235294117647,0.8906666666666666,0.15815616008426178,0,0.8304913294797713,0,0.6642154471544747
5,0.3,4000,0.7,883,0.4835294117647059,0.8846666666666668,0.14625515164110697,0,0.8057329842931976,0,0.6592940732351859
5,0.3,5000,0.1,848,0.48,0.944666666666667,0.19644630238192148,0.326666666666667,0.7762015503875969,0.0023584905660377358,0.5945626477541356
5,0.3,5000,0.1,860,0.47294117647058825,0.9493333333333331,0.1703892204637191,0.2923728813559325,0.7557619047619057,0.0034883720930232558,0.5377362893815618
5,0.3,5000,0.1,844,0.4964705882352941,0.9659999999999999,0.19628269798145703,0.3170000000000002,0.7482875457875457,0.0035545023696682463,0.5714744351961922
5,0.3,5000,0.1,887,0.45647058823529413,0.96,0.1828639324163108,0.31892857142857145,0.7541286863270767,0.0033821871476888386,0.5797171945701318
5,0.3,5000,0.1,857,0.47411764705882353,0.954666666666667,0.20189794592685542,0.27644549763033194,0.747302867383511,0.004667444574095682,0.5598866744822171
5,0.3,5000,0.1,863,0.4541176470588235,0.9666666666666665,0.19219216007996792,0.3089743589743589,0.7766773847802795,0.002317497103128621,0.5561556329848997
5,0.3,5000,0.1,858,0.48470588235294115,0.9273333333333333,0.16670083124356788,0.3183098591549298,0.7405400843881849,0.002331002331002331,0.5960903426791259
5,0.3,5000,0.1,855,0.4764705882352941,0.9860000000000002,0.20463416239521612,0.3048409893992935,0.7707281001137654,0.004678362573099415,0.5336075205640401
5,0.3,5000,0.1,864,0.4717647058823529,0.9326666666666665,0.182525850511739,0.2843137254901963,0.7549503161698287,0.003472222222222222,0.5792915214866413
5,0.3,5000,0.1,848,0.5011764705882353,0.9740000000000002,0.19930422431990297,0.3174125874125873,0.7513541666666683,0.003537735849056604,0.543968441814594
5,0.3,5000,0.3,870,0.4776470588235294,0.9386666666666668,0.25837164908544163,0.17647709320695112,0.8421201413427586,0.004597701149425287,0.5356505003849145
5,0.3,5000,0.3,867,0.4682352941176471,0.9273333333333333,0.23266491517807916,0.12333333333333342,0.8082804232804253,0.002306805074971165,0.602134874759154
5,0.3,5000,0.3,862,0.4964705882352941,0.9393333333333334,0.25623185297393103,0.20254273504273465,0.834264392324096,0.002320185614849188,0.6329186046511636
5,0.3,5000,0.3,870,0.48823529411764705,0.9473333333333335,0.2646002293538581,0.1128505747126438,0.8470028011204518,0.0022988505747126436,0.5986251920122904
5,0.3,5000,0.3,901,0.4588235294117647,0.9759999999999999,0.28157942030413624,0.1288847117794484,0.8128776978417287,0.005549389567147614,0.5035714285714309
5,0.3,5000,0.3,875,0.47058823529411764,0.9653333333333333,0.30072234860483416,0.16239784946236563,0.8286764705882381,0.006857142857142857,0.5103260452627566
5,0.3,5000,0.3,861,0.49529411764705883,0.9766666666666667,0.27797887602030036,0.15956410256410258,0.8389922480620167,0.004645760743321719,0.5110462854920262
5,0.3,5000,0.3,869,0.46941176470588236,0.9653333333333333,0.3016378050977887,0.1077777777777777,0.8615789473684238,0.004602991944764097,0.5514335260115617
5,0.3,5000,0.3,864,0.4929411764705882,0.9460000000000001,0.2921234884842834,0.11815789473684195,0.8427659574468138,0.003472222222222222,0.5942586140147145
5,0.3,5000,0.3,854,0.4376470588235294,0.9426666666666665,0.23750479730644955,0.14433333333333312,0.8130973451327453,0.00351288056206089,0.5280963572267933
5,0.3,5000,0.5,837,0.4717647058823529,0.8873333333333335,0.17415050884273173,0,0.8430277185501108,0,0.6995221027479115
5,0.3,5000,0.5,864,0.4647058823529412,0.8866666666666667,0.18120724892226653,0,0.8471037181996122,0,0.7109799382716055
5,0.3,5000,0.5,862,0.4623529411764706,0.8866666666666667,0.1695737655470356,0,0.8378719008264506,0,0.7079698375870092
5,0.3,5000,0.5,882,0.4717647058823529,0.8866666666666668,0.16050647509842442,0,0.8368750000000027,0,0.6429138321995481
5,0.3,5000,0.5,854,0.4988235294117647,0.8866666666666668,0.17174670307177545,0,0.8348894348894376,0,0.6736494925839229
5,0.3,5000,0.5,879,0.4470588235294118,0.8866666666666667,0.17031316471792063,0,0.8454263565891514,0,0.6637466818354222
5,0.3,5000,0.5,855,0.48,0.8866666666666667,0.18204287124543955,0,0.8460497237569076,0,0.6515243664717383
5,0.3,5000,0.5,826,0.4752941176470588,0.8940000000000003,0.17233412290683087,0,0.8320958083832359,0,0.6440718321226835
5,0.3,5000,0.5,864,0.4764705882352941,0.8879999999999999,0.15505974044932425,0,0.8152254641909848,0,0.6592515432098792
5,0.3,5000,0.5,857,0.4858823529411765,0.8873333333333333,0.16641692466919306,0,0.8314058355437687,0,0.6584364060676773
5,0.3,5000,0.7,881,0.4717647058823529,0.8866666666666665,0.16439851532131075,0,0.8349253731343304,0,0.6683314415437039
5,0.3,5000,0.7,891,0.46352941176470586,0.8806666666666668,0.1673152160386258,0,0.8474680306905393,0,0.6733108866442223
5,0.3,5000,0.7,867,0.4858823529411765,0.8866666666666667,0.17851367743007013,0,0.8766666666666674,0,0.6319530949634768
5,0.3,5000,0.7,873,0.47058823529411764,0.8853333333333334,0.15221679285364945,0,0.8288636363636387,0,0.6411569301260056
5,0.3,5000,0.7,824,0.4682352941176471,0.894,0.1565520998859075,0,0.8305970149253751,0,0.7303276699029131
5,0.3,5000,0.7,850,0.4623529411764706,0.8873333333333335,0.15010474767855123,0,0.825663430420715,0,0.6446117647058843
5,0.3,5000,0.7,850,0.49176470588235294,0.8866666666666667,0.17205312333822023,0,0.8460368663594511,0,0.6912313725490222
5,0.3,5000,0.7,872,0.47411764705882353,0.8873333333333333,0.16016143290585416,0,0.8336468330134397,0,0.716108562691132
5,0.3,5000,0.7,868,0.4588235294117647,0.8873333333333333,0.16398808228405676,0,0.8301446280991781,0,0.6996774193548401
5,0.3,5000,0.7,854,0.49058823529411766,0.8880000000000001,0.1555478214783796,0,0.828164556962028,0,0.6393130366900863
5,0.4,1000,0.1,887,0.4858823529411765,0.9573333333333331,0.1544448101304484,0.3475471698113203,0.7346511627906985,0.002254791431792559,0.516271186440678
5,0.4,1000,0.1,888,0.47294117647058825,0.964,0.19222005594067954,0.3146118721461186,0.7663963963963969,0.0022522522522522522,0.5599999999999986
5,0.4,1000,0.1,849,0.48705882352941177,0.9593333333333334,0.19906017075767773,0.29316666666666663,0.7773719806763272,0.002355712603062426,0.5818260527351419
5,0.4,1000,0.1,856,0.4717647058823529,0.9760000000000001,0.20599964242090263,0.3130888030888035,0.7792198581560277,0.004672897196261682,0.5487128325508596
5,0.4,1000,0.1,833,0.4964705882352941,0.9720000000000003,0.17480306892988198,0.32890243902439054,0.7513018597997149,0.0024009603841536613,0.5306578419574802
5,0.4,1000,0.1,859,0.4776470588235294,0.9673333333333335,0.20971539326745914,0.2984688995215314,0.7949549549549547,0.0034924330616996507,0.5693457943925238
5,0.4,1000,0.1,857,0.4776470588235294,0.9473333333333332,0.20110827061123313,0.30077319587628837,0.772610659439927,0.002333722287047841,0.5794541910331373
5,0.4,1000,0.1,875,0.45529411764705885,0.9480000000000001,0.18637708949965556,0.3141935483870966,0.753729773462782,0.002285714285714286,0.5842344406261917
5,0.4,1000,0.1,868,0.5047058823529412,0.971333333333333,0.20375027398816226,0.28628820960698687,0.752906976744186,0.004608294930875576,0.5539236111111113
5,0.4,1000,0.3,874,0.45529411764705885,0.9959999999999999,0.34121298031024905,0.14114871794871814,0.891092436974792,0.006864988558352402,0.5254377880184332
5,0.4,1000,0.3,823,0.4929411764705882,0.9633333333333335,0.2685218867491726,0.1596042617960425,0.814000000000003,0.004860267314702308,0.533203093203093
5,0.4,1000,0.3,868,0.4929411764705882,0.9593333333333336,0.2930138756025529,0.1287850467289718,0.8268542199488524,0.004608294930875576,0.569286265432101
5,0.4,1000,0.3,891,0.4647058823529412,0.9753333333333333,0.2896726184701039,0.1579543378995438,0.8674371859296491,0.007856341189674524,0.45356711915535564
5,0.4,1000,0.1,844,0.4894117647058824,0.9713333333333333,0.20053135640046515,0.31866666666666665,0.7703333333333344,0.0035545023696682463,0.5525009908838657
5,0.4,1000,0.3,862,0.4835294117647059,0.9513333333333335,0.2767301914025326,0.157308228730823,0.8224924012158087,0.004640371229698376,0.5316899766899782
5,0.4,1000,0.3,845,0.4835294117647059,0.9879999999999999,0.2968329710497075,0.13690012970168597,0.8275077881619985,0.005917159763313609,0.5366428571428605
5,0.4,1000,0.3,822,0.4858823529411765,0.9819999999999999,0.3259976019408349,0.12762399077277964,0.8656656346749253,0.006082725060827251,0.5152223582211346
5,0.4,1000,0.3,874,0.4776470588235294,0.9593333333333334,0.26887532235228934,0.16609034267912784,0.8653225806451627,0.003432494279176201,0.5340528128587829
5,0.4,1000,0.3,852,0.4894117647058824,0.9679999999999997,0.2736174261311209,0.16244949494949493,0.8499082568807349,0.004694835680751174,0.49748427672955997
5,0.4,1000,0.3,856,0.48,0.9373333333333332,0.26649920739065797,0.10997635933806167,0.853021148036256,0.002336448598130841,0.5905386416861838
5,0.4,1000,0.5,848,0.46,0.8873333333333335,0.1660061984177629,0,0.8387864077669933,0,0.678930817610066
5,0.4,1000,0.5,874,0.4376470588235294,0.886,0.16918063779524928,0,0.8313549618320645,0,0.7078680396643775
5,0.4,1000,0.5,906,0.45176470588235296,0.8799999999999998,0.15805094349704832,0,0.8262888888888946,0,0.6909050772626936
5,0.4,1000,0.5,865,0.4764705882352941,0.8866666666666665,0.17038259249161375,0,0.8318346253230007,0,0.663749518304435
5,0.4,1000,0.5,872,0.46,0.8880000000000001,0.18220083906226558,0,0.8538085539714908,0,0.702649082568811
5,0.4,1000,0.5,872,0.48823529411764705,0.8873333333333331,0.15470774076428917,0,0.8078260869565257,0,0.6532377675841002
5,0.4,1000,0.5,852,0.4576470588235294,0.8866666666666667,0.19241185626045657,0,0.8608365019011421,0,0.7230242566510179
5,0.4,1000,0.5,900,0.4447058823529412,0.8806666666666666,0.16865012244075966,0,0.8457107231920219,0,0.675744444444446
5,0.4,1000,0.7,855,0.4682352941176471,0.8873333333333333,0.1646022672414033,0,0.8267002518891726,0,0.6690370370370382
5,0.4,1000,0.5,862,0.4717647058823529,0.8866666666666667,0.176240136570331,0,0.8526566416040136,0,0.6788244392884776
5,0.4,1000,0.5,872,0.4858823529411765,0.8879999999999999,0.17883121563607327,0,0.8569425287356353,0,0.687798165137615
5,0.4,1000,0.7,861,0.46588235294117647,0.8880000000000001,0.18275195201855202,0,0.8588372093023283,0,0.7175571041424725
5,0.4,1000,0.7,888,0.4588235294117647,0.8826666666666667,0.17317629789132957,0,0.8500000000000012,0,0.6759872372372389
5,0.4,1000,0.7,857,0.4447058823529412,0.8866666666666667,0.19160360042972488,0,0.8657951482479801,0,0.668156359393236
5,0.4,1000,0.7,871,0.4647058823529412,0.8873333333333335,0.17383703704193496,0,0.8364501160092835,0,0.6797856869498669
5,0.4,1000,0.7,857,0.5176470588235295,0.8873333333333333,0.17282953404343762,0,0.8440277777777803,0,0.6534150136133828
5,0.4,1000,0.7,807,0.4964705882352941,0.8933333333333333,0.16679297268127555,0,0.8260514018691631,0,0.6819661296984737
5,0.4,1000,0.7,862,0.4588235294117647,0.8873333333333333,0.16544618085922333,0,0.8308041237113439,0,0.7026643464810521
5,0.4,1000,0.7,816,0.4976470588235294,0.8913333333333334,0.16940425679643362,0,0.8383731019522811,0,0.705641339869282
5,0.4,1000,0.7,858,0.4764705882352941,0.8886666666666669,0.1651182964477638,0,0.8520388349514599,0,0.6509634809634822
5,0.4,20000,0.1,867,0.47058823529411764,0.9693333333333336,0.18765651125151098,0.2843016759776534,0.7407864164432529,0.0034602076124567475,0.5795524691358005
5,0.4,20000,0.1,871,0.4623529411764706,0.9239999999999998,0.17310321688392039,0.3124427480916028,0.7538587424633928,0.001148105625717566,0.5871455938697309
5,0.4,20000,0.1,838,0.4858823529411765,1.008,0.19248759894126585,0.33682539682539686,0.7509543010752686,0.00477326968973747,0.5072422062350098
5,0.4,20000,0.1,860,0.4776470588235294,0.9680000000000003,0.20241480877478651,0.3051075268817204,0.7783415032679719,0.0034883720930232558,0.59793465577596
5,0.4,20000,0.1,838,0.4764705882352941,0.9820000000000003,0.21333421341612407,0.31806853582554556,0.7896882494004798,0.0059665871121718375,0.5317086834733866
5,0.4,20000,0.1,873,0.48705882352941177,0.9586666666666666,0.1930946730575225,0.33516000000000046,0.7563209876543194,0.003436426116838488,0.5745708812260514
5,0.4,20000,0.1,859,0.47294117647058825,0.9353333333333335,0.17715339398000243,0.3004060913705584,0.7389967637540463,0.0034924330616996507,0.5574571651090331
5,0.4,20000,0.1,814,0.4788235294117647,0.9620000000000001,0.16608171856230858,0.3277934272300468,0.7254601990049758,0.002457002457002457,0.5405336617405562
5,0.4,20000,0.1,860,0.49058823529411766,0.9600000000000002,0.19827347719086322,0.2885405405405405,0.750246031746029,0.0034883720930232558,0.5823220536756082
5,0.4,20000,0.1,901,0.4894117647058824,0.9153333333333334,0.18645341320337208,0.2929999999999998,0.7667672080433082,0.0022197558268590455,0.6045087133852404
5,0.4,20000,0.3,897,0.4447058823529412,0.9686666666666668,0.2684526975995179,0.13215363511659778,0.8667777777777779,0.004459308807134894,0.49723777528928814
5,0.4,20000,0.3,900,0.4588235294117647,0.941333333333333,0.2600767450133422,0.13344748858447483,0.8377897574124019,0.0022222222222222222,0.587253155159616
5,0.4,20000,0.3,780,0.5094117647058823,0.9519999999999998,0.28011355928453296,0.11827740492170023,0.8282945736434136,0.0038461538461538464,0.5989661089661111
5,0.4,20000,0.3,867,0.4788235294117647,0.948,0.2718088177770302,0.12819819819819817,0.8595161290322598,0.002306805074971165,0.5979961464354538
5,0.4,20000,0.3,845,0.46,0.9719999999999999,0.29390260094248916,0.15632183908046002,0.8510139860139879,0.004733727810650888,0.523400713436385
5,0.4,20000,0.3,849,0.4623529411764706,0.9586666666666668,0.3036619316285457,0.1602266666666668,0.8726168224299095,0.004711425206124852,0.549948717948718
5,0.4,20000,0.3,872,0.4764705882352941,0.9286666666666665,0.22353786746884172,0.12411347517730502,0.7906465517241397,0.0022935779816513763,0.5316973180076654
5,0.4,20000,0.3,860,0.4811764705882353,0.9299999999999998,0.2414860353010814,0.18046709129511662,0.8382795698924765,0.002325581395348837,0.5593356643356662
5,0.4,20000,0.3,868,0.4929411764705882,0.9673333333333335,0.2928624816671276,0.14094076655052268,0.8254255319148956,0.00576036866359447,0.499273850907689
5,0.4,20000,0.3,815,0.4894117647058824,0.9613333333333335,0.25091998073046445,0.15838574423480065,0.816867469879522,0.0036809815950920245,0.575771756978655
5,0.4,20000,0.5,864,0.45294117647058824,0.8880000000000003,0.17169899062297045,0,0.8341806722689112,0,0.6950501543209907
5,0.4,20000,0.5,850,0.5,0.8866666666666668,0.17583017518665642,0,0.8516578947368466,0,0.6703843137254933
5,0.4,20000,0.5,859,0.4682352941176471,0.8873333333333331,0.17371256271823238,0,0.8406157112526546,0,0.6978269305393892
5,0.4,20000,0.5,878,0.48705882352941177,0.884,0.16639328878787743,0,0.8371345029239778,0,0.6525246772968871
5,0.4,20000,0.5,865,0.4752941176470588,0.8866666666666668,0.1797345758868179,0,0.8475336322869979,0,0.6861387283237014
5,0.4,20000,0.5,876,0.46588235294117647,0.8873333333333335,0.1769625790015822,0,0.840877944325484,0,0.6910996955859994
5,0.4,20000,0.5,864,0.5,0.8866666666666667,0.17826898787530687,0,0.8691262135922351,0,0.6440084876543227
5,0.4,20000,0.5,850,0.46941176470588236,0.8866666666666668,0.1621104877842868,0,0.8294174757281604,0,0.6782823529411783
5,0.4,20000,0.5,863,0.5094117647058823,0.8866666666666667,0.16756562810981362,0,0.8411372549019641,0,0.7174121282348424
5,0.4,20000,0.5,823,0.4764705882352941,0.8926666666666667,0.17077785121600791,0,0.8302445652173948,0,0.6604617253949001
5,0.4,20000,0.7,897,0.4611764705882353,0.8820000000000001,0.18250406450466436,0,0.8604862579281225,0,0.6998699368264589
5,0.4,20000,0.7,837,0.49058823529411766,0.8893333333333332,0.15302872077561339,0,0.8175057736720583,0,0.6854719235364409
5,0.4,20000,0.7,836,0.5023529411764706,0.8913333333333333,0.1713044934067191,0,0.8491404612159354,0,0.7139752791068591
5,0.4,20000,0.7,870,0.5094117647058823,0.8846666666666666,0.17177205369321868,0,0.840827740492172,0,0.6946513409961695
5,0.4,20000,0.7,843,0.49411764705882355,0.8866666666666668,0.15789326859811562,0,0.836735849056608,0,0.7266389877421903
5,0.4,20000,0.7,824,0.48,0.8940000000000001,0.15172032392307205,0,0.8198563218390835,0,0.6572411003236258
5,0.4,20000,0.7,858,0.4776470588235294,0.8866666666666665,0.1681363951774459,0,0.8393095238095271,0,0.6788811188811216
5,0.4,20000,0.7,834,0.48705882352941177,0.8906666666666664,0.1484875863842371,0,0.8291312056737634,0,0.734724220623501
5,0.4,20000,0.7,868,0.45647058823529413,0.8873333333333335,0.17026088299345135,0,0.8309347826086992,0,0.6884677419354853
5,0.4,20000,0.7,871,0.4858823529411765,0.8873333333333335,0.1807700632148673,0,0.8433862433862482,0,0.7219135093761967
5,0.4,3000,0.1,848,0.48823529411764705,0.9513333333333335,0.1780786106807807,0.2899999999999998,0.7505515587529978,0.0023584905660377358,0.5579275019700536
5,0.4,3000,0.1,828,0.5235294117647059,0.9473333333333335,0.17482301201045458,0.3418834080717491,0.7283739837398376,0.0024154589371980675,0.571803874092006
5,0.4,3000,0.1,849,0.46941176470588236,0.9693333333333332,0.21512224209381575,0.2786178861788617,0.8033458177278405,0.004711425206124852,0.5453688362919125
5,0.4,3000,0.1,872,0.4929411764705882,0.9779999999999999,0.20194711639970023,0.3242456140350882,0.7689548954895492,0.0045871559633027525,0.5462173579109048
5,0.4,3000,0.1,834,0.47411764705882353,0.9573333333333333,0.19281828842825624,0.3386973180076629,0.7472014260249554,0.0035971223021582736,0.5592619334135572
5,0.4,3000,0.1,877,0.46941176470588236,0.9493333333333334,0.17759555777977099,0.297520661157025,0.7423700305810408,0.0034207525655644243,0.518890160183066
5,0.4,3000,0.1,858,0.4752941176470588,0.938666666666667,0.18831470506966877,0.3307567567567565,0.7796114519427411,0.002331002331002331,0.5779361370716493
5,0.4,3000,0.1,861,0.44823529411764707,0.9459999999999996,0.17775369098756913,0.2866459627329191,0.735377192982455,0.0023228803716608595,0.5784284051222337
5,0.4,3000,0.1,842,0.5011764705882353,0.9406666666666667,0.19476943876642924,0.271156462585034,0.7700905797101448,0.0023752969121140144,0.5878452380952366
5,0.4,3000,0.3,864,0.46,0.9573333333333333,0.27477635084391266,0.1890833333333335,0.8209711286089272,0.004629629629629629,0.5679728682170572
5,0.4,3000,0.3,861,0.49058823529411766,0.9746666666666668,0.2872196212936364,0.17060270602706049,0.8146866485013674,0.005807200929152149,0.543714953271031
5,0.4,3000,0.3,835,0.45529411764705885,0.9726666666666666,0.3050284491636347,0.12969696969696987,0.8404067796610206,0.005988023952095809,0.5007309236947787
5,0.4,3000,0.3,851,0.5047058823529412,0.9426666666666667,0.2394651304355024,0.15375438596491217,0.8025327510917051,0.0035252643948296123,0.5110062893081775
5,0.4,3000,0.1,864,0.5,0.9459999999999998,0.17861311422259288,0.2991351351351353,0.7624344569288403,0.003472222222222222,0.5537630662020895
5,0.4,3000,0.3,889,0.48823529411764705,0.9619999999999999,0.24973465078825213,0.1615755208333334,0.7961946902654881,0.00562429696287964,0.488306938159881
5,0.4,3000,0.3,811,0.4776470588235294,0.9766666666666669,0.27542141324340863,0.13805860805860803,0.833487654320991,0.0036991368680641184,0.5728589108910895
5,0.4,3000,0.3,871,0.4505882352941176,0.9473333333333337,0.28935529007117305,0.15490620490620477,0.853352769679303,0.004592422502870264,0.5434871203383321
5,0.4,3000,0.3,848,0.46588235294117647,0.9646666666666668,0.2893679312405711,0.12499231950844825,0.8573333333333346,0.0047169811320754715,0.5365205371248029
5,0.4,3000,0.3,846,0.46352941176470586,0.9266666666666666,0.23602826728964224,0.175921568627451,0.8099337748344405,0.0035460992907801418,0.5542151047845023
5,0.4,3000,0.5,813,0.47058823529411764,0.8946666666666666,0.18976386261128095,0,0.8629525862069004,0,0.7080770807708098
5,0.4,3000,0.3,831,0.4823529411764706,0.9460000000000001,0.2395535698621336,0.16189845474613673,0.8117263843648247,0.0024067388688327317,0.5720144752714144
5,0.4,3000,0.5,825,0.5047058823529412,0.8919999999999999,0.15678511241591284,0,0.8277727272727315,0,0.696416161616165
5,0.4,3000,0.5,869,0.45529411764705885,0.8873333333333333,0.1402739911772756,0,0.8039955357142892,0,0.6847679324894524
5,0.4,3000,0.5,870,0.52,0.8866666666666667,0.17571392597363095,0,0.8370276497695875,0,0.6781149425287359
5,0.4,3000,0.5,853,0.47411764705882353,0.8866666666666667,0.17315661694029116,0,0.8447000000000033,0,0.7084056271981246
5,0.4,3000,0.5,805,0.4835294117647059,0.8946666666666668,0.14850277762839187,0,0.8190000000000032,0,0.6782318840579739
5,0.4,3000,0.5,852,0.49176470588235294,0.8873333333333331,0.1876583104567769,0,0.8605846774193595,0,0.7133176838810653
5,0.4,3000,0.5,846,0.48705882352941177,0.8879999999999999,0.17409712535304012,0,0.8485882352941208,0,0.6860283687943264
5,0.4,3000,0.5,837,0.4811764705882353,0.8893333333333332,0.163834909554373,0,0.8423518518518538,0,0.7340900039824773
5,0.4,3000,0.5,875,0.4647058823529412,0.8879999999999999,0.17816145565875144,0,0.8519383259911925,0,0.6926361904761918
5,0.4,3000,0.7,831,0.4858823529411765,0.8893333333333334,0.18172727503363975,0,0.860781671159032,0,0.6735419173686346
5,0.4,3000,0.7,836,0.52,0.89,0.1525177561807014,0,0.823435448577684,0,0.6944258373205755
5,0.4,3000,0.7,889,0.47411764705882353,0.8866666666666667,0.15884527295729006,0,0.8229558011049758,0,0.6553730783652061
5,0.4,3000,0.7,871,0.45647058823529413,0.8886666666666667,0.1700073586362938,0,0.8386117647058855,0,0.6763260619977056
5,0.4,3000,0.7,869,0.4682352941176471,0.8873333333333335,0.18026802916560988,0,0.857039627039632,0,0.6875680859225172
5,0.4,3000,0.7,823,0.5058823529411764,0.8906666666666666,0.14402417097974987,0,0.8083333333333366,0,0.6568570271364937
5,0.4,3000,0.7,851,0.4623529411764706,0.8866666666666665,0.18588240247919957,0,0.8624583333333349,0,0.7074030552291435
5,0.4,3000,0.7,903,0.4647058823529412,0.88,0.16842725638062342,0,0.8381818181818222,0,0.7020598006644534
5,0.4,3000,0.7,859,0.4976470588235294,0.8873333333333335,0.17828611851419407,0,0.8475855130784721,0,0.7092743500194051
5,0.4,3000,0.7,899,0.45176470588235296,0.8826666666666667,0.16830126906102955,0,0.8451641791044805,0,0.6451798294401205
5,0.4,4000,0.1,859,0.4823529411764706,0.9486666666666669,0.19249605591589877,0.3214778325123153,0.7689822595704938,0.002328288707799767,0.5710890704006184
5,0.4,4000,0.1,862,0.4964705882352941,0.9520000000000001,0.20005945561697452,0.2905172413793104,0.7780440771349855,0.0034802784222737818,0.5866084594489691
5,0.4,4000,0.1,858,0.5023529411764706,0.9300000000000002,0.16789882110470505,0.2797297297297298,0.7488951310861424,0.0011655011655011655,0.5913535589264859
5,0.4,4000,0.1,859,0.48470588235294115,0.9520000000000001,0.20319083088950646,0.2752095808383235,0.7664776632302398,0.0034924330616996507,0.5912928348909633
5,0.4,4000,0.1,832,0.48705882352941177,0.9420000000000001,0.1747907868813581,0.2982394366197182,0.7526532887402452,0.002403846153846154,0.5650602409638551
5,0.4,4000,0.1,847,0.5129411764705882,0.9446666666666668,0.1618591660138271,0.3457943925233644,0.7351094890510961,0.0023612750885478157,0.5475424063116352
5,0.4,4000,0.1,881,0.4752941176470588,0.9620000000000001,0.18501222287369715,0.3204524886877829,0.7623354564755845,0.00340522133938706,0.5576651480637795
5,0.4,4000,0.1,862,0.4764705882352941,0.9786666666666668,0.20005885591092576,0.28388235294117625,0.7664083640836425,0.004640371229698376,0.5308119658119649
5,0.4,4000,0.1,867,0.4752941176470588,0.9486666666666668,0.16686363405755555,0.32760180995475113,0.7214777777777794,0.002306805074971165,0.5397572254335223
5,0.4,4000,0.1,858,0.46941176470588236,0.9713333333333333,0.1734738081766372,0.3060144927536233,0.731372549019608,0.004662004662004662,0.5076736924277905
5,0.4,4000,0.3,848,0.47294117647058825,0.9979999999999999,0.27878496072918385,0.14746987951807228,0.8420077220077238,0.00589622641509434,0.5126492684855686
5,0.4,4000,0.3,877,0.4682352941176471,0.9693333333333336,0.26782833045035653,0.19075342465753456,0.8277343750000025,0.005701254275940707,0.5054128440366994
5,0.4,4000,0.3,826,0.5023529411764706,0.9786666666666669,0.31332329688251576,0.15277591973244187,0.845607476635515,0.006053268765133172,0.5090255785627291
5,0.4,4000,0.3,857,0.49411764705882355,0.9700000000000002,0.293912975103689,0.1384565499351492,0.8273353293413206,0.005834305717619603,0.5366001564945231
5,0.4,4000,0.3,864,0.4823529411764706,0.9860000000000002,0.23243967180242445,0.164021739130435,0.8002919708029183,0.005787037037037037,0.44204501358168485
5,0.4,4000,0.3,817,0.4682352941176471,0.9646666666666668,0.28888247306525283,0.17504464285714288,0.8405277777777808,0.004895960832313341,0.5685649856498578
5,0.4,4000,0.3,882,0.4717647058823529,0.9460000000000002,0.2720151743335226,0.14333333333333334,0.8532907348242831,0.003401360544217687,0.5577853621539638
5,0.4,4000,0.3,887,0.4576470588235294,0.9700000000000002,0.28476301340049376,0.1637915234822452,0.8125454545454578,0.005636978579481398,0.514572940287226
5,0.4,4000,0.3,862,0.4752941176470588,0.980666666666667,0.32132725066284934,0.13131313131313133,0.8539541547277962,0.0069605568445475635,0.5149922118380064
5,0.4,4000,0.3,923,0.4411764705882353,0.9573333333333331,0.3099166281227373,0.09214067278287463,0.8499287410926409,0.004333694474539545,0.5796336597751189
5,0.4,4000,0.5,843,0.4811764705882353,0.8873333333333333,0.18466340872836676,0,0.8552788844621559,0,0.7124555160142372
5,0.4,4000,0.5,886,0.4576470588235294,0.8873333333333333,0.15972982837370822,0,0.8386773547094218,0,0.7077426636568822
5,0.4,4000,0.5,883,0.46352941176470586,0.8879999999999999,0.17578775467215996,0,0.8508647450110899,0,0.6880407701019252
5,0.4,4000,0.5,820,0.4717647058823529,0.8933333333333333,0.1527756216530901,0,0.8277124183006571,0,0.6429878048780493
5,0.4,4000,0.5,888,0.5023529411764706,0.8853333333333334,0.16347078670755713,0,0.8337692307692336,0,0.6708220720720736
5,0.4,4000,0.5,866,0.49058823529411766,0.8873333333333335,0.16904814233319357,0,0.843505747126439,0,0.6490646651270242
5,0.4,4000,0.5,878,0.4929411764705882,0.8873333333333331,0.15096154297182,0,0.8158747697974276,0,0.7091837509491281
5,0.4,4000,0.5,851,0.4623529411764706,0.8866666666666665,0.16681258458820175,0,0.8444141689373317,0,0.66548766157462
5,0.4,4000,0.5,828,0.47411764705882353,0.8933333333333331,0.18038416944417665,0,0.8453964194373431,0,0.6721618357487951
5,0.4,4000,0.5,856,0.4835294117647059,0.8866666666666667,0.17045891335314525,0,0.8496142433234454,0,0.6564057632398779
5,0.4,4000,0.7,847,0.49411764705882355,0.8893333333333334,0.16324154387878959,0,0.8399602385685933,0,0.7165958284140115
5,0.4,4000,0.7,852,0.4929411764705882,0.8866666666666667,0.1633226708365986,0,0.8238663484486903,0,0.6758450704225365
5,0.4,4000,0.7,827,0.4752941176470588,0.8913333333333333,0.15387937255870565,0,0.8328103044496521,0,0.694453849254335
5,0.4,4000,0.7,865,0.4588235294117647,0.8873333333333333,0.16612908511628144,0,0.8315178571428612,0,0.6920231213872859
5,0.4,4000,0.7,855,0.4823529411764706,0.8866666666666668,0.1833552490448276,0,0.8904929577464792,0,0.648300194931775
5,0.4,4000,0.7,843,0.4858823529411765,0.8879999999999999,0.15032272701634636,0,0.8204814814814874,0,0.7220640569395023
5,0.4,4000,0.7,875,0.4623529411764706,0.8866666666666668,0.16262256702634087,0,0.8273304157549269,0,0.685180952380953
5,0.4,4000,0.7,854,0.49529411764705883,0.8866666666666667,0.15046608540603854,0,0.828251599147125,0,0.7037431693989065
5,0.4,4000,0.7,897,0.4788235294117647,0.8800000000000002,0.13186516021670597,0,0.7887301587301626,0,0.6383166109253077
5,0.4,5000,0.1,915,0.4623529411764706,0.9486666666666665,0.19446340865110584,0.288341968911917,0.7490310077519352,0.003278688524590164,0.5775950292397634
5,0.4,4000,0.7,863,0.46705882352941175,0.8866666666666667,0.17194457736369376,0,0.8482727272727312,0,0.6895442255697203
5,0.4,5000,0.1,852,0.4776470588235294,0.9733333333333334,0.20893546167804847,0.31911671924290236,0.7735654008438827,0.004694835680751174,0.5404048742138328
5,0.4,5000,0.1,857,0.44588235294117645,0.9506666666666664,0.15424712641640412,0.31848314606741596,0.7229477611940306,0.002333722287047841,0.5447992202729033
5,0.4,5000,0.1,863,0.49058823529411766,0.9406666666666667,0.16725397730822059,0.3070059880239518,0.7433836477987428,0.002317497103128621,0.5642469996128515
5,0.4,5000,0.1,890,0.4894117647058824,0.9746666666666663,0.20618463946023904,0.2898734177215189,0.7526190476190472,0.0033707865168539327,0.5672115745960161
5,0.4,5000,0.1,861,0.48705882352941177,0.9560000000000001,0.1827147771955919,0.3155288461538465,0.744730158730159,0.003484320557491289,0.5572455322455303
5,0.4,5000,0.1,864,0.4811764705882353,0.9766666666666665,0.18976708617753385,0.3242474916387962,0.7274585635359127,0.003472222222222222,0.5425861401471131
5,0.4,5000,0.1,886,0.45647058823529413,0.9433333333333334,0.2021786910600407,0.33240310077519364,0.7882489451476803,0.003386004514672686,0.5532616081540193
5,0.4,5000,0.1,854,0.4811764705882353,0.9466666666666667,0.20746431276917535,0.25912751677852347,0.789479166666664,0.00351288056206089,0.5988249118683879
5,0.4,5000,0.3,861,0.48,0.9426666666666667,0.22844774741826757,0.1346859903381643,0.8259375000000013,0.0023228803716608595,0.5474194800155239
5,0.4,5000,0.3,862,0.49411764705882355,0.9706666666666662,0.27580119840950695,0.09085648148148168,0.8546067415730367,0.002320185614849188,0.5964612403100772
5,0.4,5000,0.3,904,0.4823529411764706,0.9540000000000002,0.278334162818842,0.17595536959553718,0.8368700265252045,0.004424778761061947,0.5679666666666704
5,0.4,5000,0.1,858,0.4764705882352941,0.9586666666666668,0.2091388398040798,0.2851595744680853,0.772946969696969,0.0034965034965034965,0.6043547758284584
5,0.4,5000,0.3,858,0.49058823529411766,0.9880000000000003,0.2932562533959049,0.12753378378378366,0.8317948717948731,0.005827505827505828,0.4750605705353654
5,0.4,5000,0.3,876,0.4623529411764706,0.9326666666666668,0.2655815713661742,0.11821256038647353,0.8471866295264657,0.00228310502283105,0.5930282227307413
5,0.4,5000,0.3,849,0.4717647058823529,0.9640000000000002,0.27361741013923896,0.1172508591065292,0.8114473684210557,0.0035335689045936395,0.5513199369582357
5,0.4,5000,0.3,890,0.4929411764705882,0.9459999999999998,0.2954109141501465,0.09449897750511262,0.8549494949494977,0.0033707865168539327,0.6426719278466748
5,0.4,5000,0.3,837,0.4764705882352941,0.9493333333333334,0.2961952927963111,0.1580107526881722,0.8342979942693436,0.0047789725209080045,0.5349499799919993
5,0.4,5000,0.3,861,0.46588235294117647,0.9766666666666669,0.2965538640995346,0.15279999999999994,0.8277105263157934,0.005807200929152149,0.545537383177573
5,0.4,5000,0.3,854,0.46,0.9806666666666665,0.29089366345004736,0.1267599067599066,0.811397058823531,0.00585480093676815,0.48586179819395425
5,0.4,5000,0.5,823,0.48470588235294115,0.8933333333333335,0.15908468507096274,0,0.8217391304347855,0,0.6721101660591363
5,0.4,5000,0.5,850,0.4788235294117647,0.8873333333333333,0.17274383017767675,0,0.8388069414316733,0,0.6934274509803933
5,0.4,5000,0.5,877,0.46941176470588236,0.8860000000000002,0.17473431958747795,0,0.8508349146110077,0,0.7181793994678842
5,0.4,5000,0.5,877,0.4423529411764706,0.8866666666666667,0.17045833795475349,0,0.8466739606126958,0,0.6936183960471306
5,0.4,5000,0.5,888,0.44,0.8873333333333335,0.16293674018236642,0,0.8365675057208283,0,0.6842192192192202
5,0.4,5000,0.5,812,0.5058823529411764,0.8926666666666667,0.18334990645497176,0,0.855415730337081,0,0.7057060755336638
5,0.4,5000,0.5,836,0.4788235294117647,0.8873333333333333,0.150152789867217,0,0.8169333333333373,0,0.6944896331738459
5,0.4,5000,0.5,861,0.48470588235294115,0.8873333333333335,0.14213160464147828,0,0.8040449438202261,0,0.6543631436314364
5,0.4,5000,0.5,826,0.48705882352941177,0.8913333333333333,0.17144303531811134,0,0.8362464183381108,0,0.6569249394673146
5,0.4,5000,0.5,849,0.4858823529411765,0.8866666666666667,0.17268908088469054,0,0.8468946395563817,0,0.727797408716138
5,0.4,5000,0.7,875,0.4894117647058824,0.8873333333333333,0.1791903165143893,0,0.85434442270059,0,0.7142742857142877
5,0.4,5000,0.7,865,0.4764705882352941,0.8866666666666667,0.14542220779818094,0,0.8068261964735567,0,0.6681233140655118
5,0.4,5000,0.7,881,0.46941176470588236,0.8846666666666666,0.14996238421252647,0,0.8253881278538858,0,0.6868104426787732
5,0.4,5000,0.7,852,0.49058823529411766,0.8866666666666667,0.1391108057755457,0,0.8068498168498189,0,0.6294718309859174
5,0.4,5000,0.7,845,0.4752941176470588,0.8886666666666666,0.15039466097757326,0,0.8113636363636387,0,0.6569388560157815
5,0.4,5000,0.7,847,0.4929411764705882,0.8873333333333333,0.16588153890173102,0,0.8362019230769276,0,0.6835182998819379
5,0.4,5000,0.7,849,0.49176470588235294,0.8886666666666667,0.171464444098844,0,0.8470496083550925,0,0.6672124067530453
5,0.4,5000,0.7,871,0.48,0.8866666666666665,0.17740365269307268,0,0.8571428571428588,0,0.6854190585533884
5,0.4,5000,0.7,873,0.45294117647058824,0.8886666666666666,0.16306387108599876,0,0.8488329979879303,0,0.7190530736922487
5,0.4,5000,0.7,904,0.5023529411764706,0.8799999999999998,0.1545803503764564,0,0.821000000000005,0,0.6937831858407082
5,0.5,1000,0.1,824,0.4823529411764706,0.9673333333333335,0.1724394542775367,0.31933014354066996,0.7175453677172877,0.0036407766990291263,0.5540316686967094
5,0.5,1000,0.1,818,0.48470588235294115,0.9693333333333334,0.20018525609560472,0.3020091324200915,0.7586666666666669,0.003667481662591687,0.5685807770961119
5,0.5,1000,0.1,859,0.5023529411764706,0.9633333333333335,0.16859678188601743,0.32497560975609746,0.7459349593495949,0.002328288707799767,0.5538506417736284
5,0.5,1000,0.1,861,0.4776470588235294,0.9626666666666667,0.18705094079342857,0.31587301587301586,0.7651380670611448,0.003484320557491289,0.5737645687645668
5,0.5,1000,0.1,840,0.4894117647058824,0.9820000000000001,0.20833595508250344,0.3251367781155025,0.7540935672514626,0.0035714285714285713,0.5318319394663464
5,0.5,1000,0.1,863,0.45529411764705885,0.9493333333333334,0.18793440813360288,0.25983999999999996,0.7593085106382965,0.002317497103128621,0.59102206736353
5,0.5,1000,0.1,851,0.48470588235294115,0.9573333333333335,0.18284681895454152,0.2936363636363635,0.7318279569892477,0.0035252643948296123,0.5534158805031435
5,0.5,1000,0.1,879,0.4435294117647059,0.976666666666667,0.17590736456461126,0.31434782608695677,0.7438939393939404,0.004550625711035267,0.5170742857142852
5,0.5,1000,0.1,854,0.5,1.0033333333333334,0.21325160321096398,0.30155709342560577,0.7721635610766054,0.00468384074941452,0.5519098039215682
5,0.5,1000,0.1,879,0.48823529411764705,0.9833333333333327,0.20046886395032484,0.32423676012461095,0.7707356321839096,0.004550625711035267,0.5324723809523796
5,0.5,1000,0.3,854,0.5270588235294118,0.9553333333333333,0.2920085743666908,0.10407407407407422,0.8616129032258082,0.00351288056206089,0.5847277712495109
5,0.5,1000,0.3,863,0.48,0.9426666666666665,0.2571184065223928,0.155912408759124,0.8404914004914038,0.002317497103128621,0.6245915602013188
5,0.5,1000,0.3,864,0.48,0.9533333333333331,0.2427691853932993,0.1738351254480288,0.8098983050847488,0.003472222222222222,0.5441734417344205
5,0.5,1000,0.3,865,0.48,0.9366666666666666,0.29675023863171285,0.11297063903281516,0.8469784172661888,0.003468208092485549,0.5904253673627237
5,0.5,1000,0.3,872,0.48823529411764705,0.98,0.29759377107737434,0.1525793650793651,0.8725263157894759,0.0045871559633027525,0.5322657450076821
5,0.5,1000,0.3,847,0.4976470588235294,0.9706666666666667,0.2945208280033886,0.14937777777777783,0.8620937500000029,0.004722550177095631,0.549213127718467
5,0.5,1000,0.3,828,0.4988235294117647,0.9513333333333335,0.28750102165790015,0.15939668174962293,0.857119205298016,0.004830917874396135,0.5445347896440148
5,0.5,1000,0.3,852,0.45647058823529413,0.9666666666666669,0.2877675967305597,0.11648567119155322,0.846729323308272,0.004694835680751174,0.5309316037735852
5,0.5,1000,0.3,883,0.4223529411764706,0.9633333333333332,0.27358919991368,0.1646511627906976,0.8572425249169445,0.004530011325028313,0.544452028820632
5,0.5,1000,0.3,826,0.4976470588235294,0.9453333333333332,0.27133439924075975,0.1368253968253968,0.8211796246648827,0.0036319612590799033,0.5797650870797918
5,0.5,1000,0.5,874,0.48705882352941177,0.8846666666666669,0.1770872887525395,0,0.849159090909094,0,0.6900228832951963
5,0.5,1000,0.5,882,0.46705882352941175,0.8866666666666667,0.1667121816291511,0,0.8275652173913075,0,0.6837944066515513
5,0.5,1000,0.5,812,0.4752941176470588,0.8946666666666668,0.1776775670026763,0,0.8539400428265569,0,0.7130131362890023
5,0.5,1000,0.5,856,0.5,0.8866666666666667,0.16224316968726255,0,0.828837209302329,0,0.6946222741433036
5,0.5,1000,0.5,896,0.4811764705882353,0.8799999999999998,0.1647957963790043,0,0.8325725338491332,0,0.7110677083333341
5,0.5,1000,0.5,875,0.4835294117647059,0.8873333333333333,0.1677418454294406,0,0.8298568019093118,0,0.6758628571428597
5,0.5,1000,0.5,864,0.47294117647058825,0.8866666666666668,0.16869963635162513,0,0.8517867435158512,0,0.6603086419753109
5,0.5,1000,0.5,859,0.5,0.8866666666666667,0.17484684166431594,0,0.8411479028697603,0,0.6918897943345003
5,0.5,1000,0.5,844,0.5023529411764706,0.8886666666666667,0.16575634468042935,0,0.8442892768079843,0,0.685047393364929
5,0.5,1000,0.5,867,0.4811764705882353,0.8879999999999999,0.1679737429704892,0,0.8552614379084974,0,0.6422183775470993
5,0.5,1000,0.7,817,0.47411764705882353,0.8946666666666666,0.1607834630471179,0,0.8290231362467901,0,0.671277029783764
5,0.5,1000,0.7,824,0.5047058823529412,0.8926666666666667,0.14803746505934798,0,0.8030000000000028,0,0.6291140776699047
5,0.5,1000,0.7,836,0.4976470588235294,0.8886666666666667,0.1769404807213181,0,0.8493670886075987,0,0.7076834130781507
5,0.5,1000,0.7,855,0.46705882352941175,0.8866666666666667,0.16667649212538962,0,0.8416784869976394,0,0.6849863547758309
5,0.5,1000,0.7,832,0.4647058823529412,0.89,0.17906167165341347,0,0.8470783847981017,0,0.6864062500000032
5,0.5,1000,0.7,827,0.4858823529411765,0.8920000000000002,0.17993811258685644,0,0.8525538461538485,0,0.6489963724304737
5,0.5,1000,0.7,845,0.5,0.8873333333333333,0.16049989552636842,0,0.8287068965517262,0,0.6570098619329402
5,0.5,1000,0.7,874,0.4376470588235294,0.8866666666666667,0.15947967700960042,0,0.8329081632653094,0,0.6734401220442432
5,0.5,1000,0.7,877,0.49176470588235294,0.8833333333333333,0.18365127023464473,0,0.8548910411622302,0,0.6718396047130395
5,0.5,20000,0.1,867,0.47411764705882353,0.9366666666666664,0.18486900660399994,0.29725714285714283,0.7542458100558659,0.002306805074971165,0.5769556840077062
5,0.5,1000,0.7,837,0.5047058823529412,0.8873333333333335,0.16215911044499534,0,0.8369498910675413,0,0.7074113898845092
5,0.5,20000,0.1,904,0.48823529411764705,0.9553333333333333,0.20101729575660082,0.2964864864864866,0.7750443906376089,0.00331858407079646,0.6028782833888267
5,0.5,20000,0.1,868,0.4788235294117647,0.9446666666666668,0.18469444897445791,0.2565925925925927,0.7433012820512798,0.002304147465437788,0.6082794457274783
5,0.5,20000,0.1,843,0.4835294117647059,0.9626666666666666,0.16554603997852713,0.2989655172413793,0.7300819672131147,0.002372479240806643,0.5853468093539406
5,0.5,20000,0.1,843,0.4682352941176471,0.9606666666666667,0.17439405263501825,0.33028925619834665,0.7381891580161487,0.0035587188612099642,0.5407698412698397
5,0.5,20000,0.1,845,0.4788235294117647,0.9746666666666668,0.1751846483269855,0.31300366300366306,0.7498175787728039,0.0035502958579881655,0.5050277117973073
5,0.5,20000,0.1,854,0.46705882352941175,0.9453333333333336,0.1814502002486392,0.30999999999999983,0.7864237516869099,0.00234192037470726,0.5456298904538345
5,0.5,20000,0.1,871,0.5023529411764706,0.9813333333333335,0.20304945752201045,0.32408695652173897,0.74869696969697,0.004592422502870264,0.526209150326795
5,0.5,20000,0.3,844,0.4835294117647059,0.9480000000000001,0.281327086036249,0.1513833333333331,0.845558739255018,0.004739336492890996,0.565404761904764
5,0.5,20000,0.3,874,0.4588235294117647,0.9460000000000001,0.27898302589948226,0.12442708333333337,0.8257493188010929,0.003432494279176201,0.5736777650210503
5,0.5,20000,0.1,902,0.4788235294117647,0.9440000000000002,0.1670030842194143,0.3101990049751245,0.7180287929125146,0.0033259423503325942,0.5482536151279179
5,0.5,20000,0.3,836,0.49411764705882355,0.960666666666667,0.30750205585899587,0.14046031746031734,0.8505882352941211,0.004784688995215311,0.5880168269230788
5,0.5,20000,0.1,855,0.49176470588235294,0.949333333333333,0.169812277756867,0.31683035714285707,0.7194833948339494,0.0023391812865497076,0.5320398593200457
5,0.5,20000,0.3,870,0.4423529411764706,0.9679999999999997,0.3007856563440338,0.13353395061728351,0.84571794871795,0.004597701149425287,0.5719053117782922
5,0.5,20000,0.3,861,0.48705882352941177,0.9560000000000001,0.276346775991381,0.16166666666666682,0.8421554770318049,0.004645760743321719,0.5267600155581498
5,0.5,20000,0.3,814,0.4858823529411765,0.968,0.2844109664572001,0.16498655913978508,0.8171511627907004,0.006142506142506142,0.5322249690976535
5,0.5,20000,0.3,836,0.4858823529411765,0.9786666666666669,0.2946006013946353,0.12404558404558379,0.8372822299651561,0.004784688995215311,0.5305568910256406
5,0.5,20000,0.3,875,0.4647058823529412,0.9853333333333332,0.2724623460011405,0.1556256921373204,0.8022529644268794,0.006857142857142857,0.48168392788646086
5,0.5,20000,0.3,844,0.508235294117647,0.9420000000000001,0.2839190952690571,0.09050314465408822,0.8524127906976776,0.0035545023696682463,0.5866825208085634
5,0.5,20000,0.3,856,0.4764705882352941,0.9433333333333334,0.26453893668231027,0.13463768115942001,0.8277083333333346,0.0035046728971962616,0.5407698319656148
5,0.5,20000,0.5,859,0.4752941176470588,0.8873333333333336,0.14709326060719038,0,0.8209157509157543,0,0.723030655801319
5,0.5,20000,0.5,854,0.4976470588235294,0.8880000000000001,0.16117888804041458,0,0.8337609329446096,0,0.654020296643249
5,0.5,20000,0.5,872,0.4682352941176471,0.8880000000000001,0.14886014111350832,0,0.8140401785714336,0,0.6838532110091753
5,0.5,20000,0.5,910,0.4541176470588235,0.8806666666666665,0.16601424502610465,0,0.8300857142857173,0,0.6490512820512838
5,0.5,20000,0.5,821,0.49529411764705883,0.8946666666666668,0.15034583540085383,0,0.8126603325415708,0,0.6859845716605792
5,0.5,20000,0.5,878,0.4788235294117647,0.8846666666666669,0.16837453784020304,0,0.8305500000000035,0,0.6659491268033438
5,0.5,20000,0.5,872,0.5070588235294118,0.8866666666666667,0.1752391098345514,0,0.8513373253493066,0,0.7154434250764549
5,0.5,20000,0.5,836,0.5,0.8933333333333335,0.18492622415194526,0,0.8579820627802712,0,0.6959728867623618
5,0.5,20000,0.5,866,0.5058823529411764,0.8873333333333335,0.158066721530732,0,0.8247058823529471,0,0.6976597382602014
5,0.5,20000,0.5,855,0.4776470588235294,0.8873333333333335,0.15469773737933518,0,0.818476821192057,0,0.6898245614035102
5,0.5,20000,0.7,880,0.4764705882352941,0.8826666666666667,0.17889871276311334,0,0.8531862745098062,0,0.6728030303030318
5,0.5,20000,0.7,863,0.5011764705882353,0.8873333333333333,0.17834544276208955,0,0.8598680738786302,0,0.6699266125917369
5,0.5,20000,0.7,861,0.4647058823529412,0.8873333333333331,0.1579753739571978,0,0.8283913043478298,0,0.6944444444444452
5,0.5,20000,0.7,855,0.48705882352941177,0.8866666666666667,0.1625569717263014,0,0.835921052631581,0,0.724261208576998
5,0.5,20000,0.7,869,0.45647058823529413,0.8866666666666667,0.1815288797689724,0,0.8595833333333379,0,0.7175527426160353
5,0.5,20000,0.7,856,0.48705882352941177,0.8873333333333335,0.17758093876636916,0,0.8453000000000035,0,0.7097858255451714
5,0.5,20000,0.7,817,0.4811764705882353,0.8940000000000001,0.17094185853007052,0,0.8484401114206153,0,0.6692003263973905
5,0.5,20000,0.7,866,0.4788235294117647,0.8866666666666668,0.17048209017773985,0,0.8510436893203898,0,0.686743648960739
5,0.5,20000,0.7,874,0.4647058823529412,0.8866666666666668,0.17501702608836137,0,0.8535917312661526,0,0.6750152555301318
5,0.5,20000,0.7,856,0.47411764705882353,0.8873333333333333,0.1683531165644188,0,0.8477741935483888,0,0.6472663551401894
5,0.5,3000,0.1,872,0.4717647058823529,0.9580000000000003,0.1934591294552018,0.32934865900383187,0.7654240631163709,0.0045871559633027525,0.5539861751152058
5,0.5,3000,0.1,884,0.46588235294117647,0.9586666666666663,0.20601339823811085,0.2867195767195765,0.7756460905349785,0.003393665158371041,0.5856337495270529
5,0.5,3000,0.1,844,0.4976470588235294,0.9820000000000003,0.2007066511867807,0.3108766233766234,0.7586956521739145,0.004739336492890996,0.5220039682539647
5,0.5,3000,0.1,851,0.4811764705882353,0.9713333333333336,0.20639307985718103,0.2985200000000002,0.7637672583826441,0.004700352526439483,0.5545690672963397
5,0.5,3000,0.1,859,0.4811764705882353,0.9593333333333334,0.18522253471889513,0.3043750000000002,0.7423860589812333,0.0034924330616996507,0.5774766355140164
5,0.5,3000,0.1,832,0.49411764705882355,0.965333333333333,0.17379955660273336,0.3297727272727272,0.7297571743929377,0.002403846153846154,0.5506546184738925
5,0.5,3000,0.1,842,0.508235294117647,0.974,0.20532746306885477,0.30408396946564903,0.7798534798534803,0.004750593824228029,0.5402267303102607
5,0.5,3000,0.1,866,0.45529411764705885,0.9599999999999999,0.19407923842392666,0.30567307692307744,0.7449797242497953,0.003464203233256351,0.5784588644264164
5,0.5,3000,0.1,852,0.508235294117647,0.9600000000000002,0.2003215190899294,0.32745387453874547,0.7742354235423552,0.004694835680751174,0.5457272012578606
5,0.5,3000,0.1,863,0.47411764705882353,0.9566666666666667,0.18313405670831412,0.30734883720930206,0.7372171253822641,0.0034762456546929316,0.5478023255813943
5,0.5,3000,0.3,858,0.48470588235294115,0.984,0.30655413962321154,0.14066875653082556,0.8403767123287701,0.006993006993006993,0.49332159624413074
5,0.5,3000,0.3,860,0.5047058823529412,0.9926666666666664,0.3012228050927076,0.10581159420289833,0.8829149797570864,0.004651162790697674,0.5291861370716532
5,0.5,3000,0.3,816,0.49176470588235294,0.9666666666666667,0.29406713668753276,0.09964912280701772,0.8620300751879736,0.003676470588235294,0.6108815088150898
5,0.5,3000,0.3,878,0.4811764705882353,0.9753333333333334,0.28877736548721483,0.11388083735909811,0.8438741721854317,0.004555808656036446,0.5521739130434793
5,0.5,3000,0.3,887,0.4623529411764706,0.9753333333333334,0.31648544729421124,0.13341333333333302,0.854975961538466,0.004509582863585118,0.57129860324651
5,0.5,3000,0.3,867,0.4647058823529412,0.9473333333333332,0.2741474111221809,0.17678062678062675,0.8171200000000048,0.00461361014994233,0.5580803398995766
5,0.5,3000,0.3,861,0.4764705882352941,0.9399999999999998,0.2861483784943867,0.12174999999999984,0.8631188118811901,0.003484320557491289,0.6107070707070721
5,0.5,3000,0.3,862,0.45176470588235296,0.9346666666666666,0.22857035582171534,0.114712643678161,0.8250588235294138,0.001160092807424594,0.6019473480449112
5,0.5,3000,0.3,856,0.4788235294117647,0.9593333333333334,0.2988097838416567,0.16337431693989068,0.8636873156342182,0.004672897196261682,0.5515179968701079
5,0.5,3000,0.5,851,0.46588235294117647,0.8866666666666667,0.1753716942356073,0,0.8476523702031646,0,0.6890520955738366
5,0.5,3000,0.3,866,0.47411764705882353,0.9706666666666668,0.29426389131033326,0.13658119658119652,0.8537686567164191,0.005773672055427252,0.5063221060782053
5,0.5,3000,0.5,875,0.47411764705882353,0.8866666666666667,0.17214348092440737,0,0.8487982832618044,0,0.6990209523809541
5,0.5,3000,0.5,859,0.4541176470588235,0.8873333333333333,0.1868696268482871,0,0.8489320388349544,0,0.672068296468763
5,0.5,3000,0.5,877,0.49529411764705883,0.8866666666666667,0.1597199161197168,0,0.8185813953488407,0,0.6755188141391121
5,0.5,3000,0.5,802,0.46588235294117647,0.8933333333333333,0.16347014785856448,0,0.8449333333333345,0,0.7107231920199487
5,0.5,3000,0.5,829,0.49058823529411766,0.8940000000000001,0.16859188204168357,0,0.8476119402985105,0,0.6880337756332948
5,0.5,3000,0.5,813,0.48470588235294115,0.894,0.1739413909802399,0,0.848907766990295,0,0.6890487904879077
5,0.5,3000,0.5,869,0.4682352941176471,0.8879999999999999,0.16708394342633517,0,0.8437727272727317,0,0.6930034522439591
5,0.5,3000,0.5,848,0.4835294117647059,0.8866666666666667,0.18959248010593238,0,0.861769436997323,0,0.6629874213836516
5,0.5,3000,0.5,839,0.4835294117647059,0.8919999999999999,0.1912490553279371,0,0.8529908675799109,0,0.6849066348827989
5,0.5,3000,0.7,852,0.48705882352941177,0.8866666666666668,0.14106455942723284,0,0.8034447300771261,0,0.6696870109546178
5,0.5,3000,0.7,864,0.46941176470588236,0.8873333333333335,0.17549278179927316,0,0.8478989898989924,0,0.7127970679012362
5,0.5,3000,0.7,849,0.4811764705882353,0.8866666666666667,0.1784325854372915,0,0.8662099125364439,0,0.6631919905771514
5,0.5,3000,0.7,857,0.4682352941176471,0.8866666666666667,0.17974074053096797,0,0.8549716446124813,0,0.7240373395565934
5,0.5,3000,0.7,847,0.4929411764705882,0.8866666666666667,0.1683368453684528,0,0.8352974504249316,0,0.6600787091696185
5,0.5,3000,0.7,830,0.4588235294117647,0.8893333333333334,0.17759292995019257,0,0.83812080536913,0,0.6868152610441788
5,0.5,3000,0.7,847,0.5,0.8880000000000001,0.17960470336817297,0,0.8592063492063511,0,0.7213616686343975
5,0.5,3000,0.7,852,0.4929411764705882,0.8873333333333335,0.17229139676753819,0,0.8354867256637193,0,0.6917488262910816
5,0.5,3000,0.7,871,0.4788235294117647,0.8866666666666667,0.15112921022161785,0,0.815594713656391,0,0.6900114810562576
5,0.5,4000,0.1,870,0.4576470588235294,0.9806666666666668,0.18293757827529378,0.2912955465587046,0.7423680241327305,0.004597701149425287,0.5284988452655877
5,0.5,4000,0.1,884,0.4811764705882353,0.9513333333333333,0.1909181166547448,0.31716666666666626,0.7471657250470805,0.003393665158371041,0.5634203556564498
5,0.5,3000,0.7,860,0.4823529411764706,0.8873333333333333,0.1851629512898038,0,0.8546500000000019,0,0.6778643410852744
5,0.5,4000,0.1,855,0.4964705882352941,0.95,0.1960037955772661,0.2995767195767197,0.7663768115942022,0.0023391812865497076,0.5733528722157067
5,0.5,4000,0.1,855,0.47411764705882353,0.938,0.17899165820216342,0.3076923076923072,0.734228855721394,0.0023391812865497076,0.5550683860883125
5,0.5,4000,0.1,843,0.4835294117647059,0.9593333333333331,0.19632571325709505,0.31795275590551175,0.7543712574850295,0.0035587188612099642,0.558523809523806
5,0.5,4000,0.1,851,0.4752941176470588,0.9233333333333331,0.1702951847719248,0.31134453781512617,0.7431897926634751,0.0011750881316098707,0.599317647058822
5,0.5,4000,0.1,846,0.44823529411764707,0.9773333333333335,0.1965023161988273,0.31671755725190853,0.7573743589743603,0.004728132387706856,0.5508511480601732
5,0.5,4000,0.1,887,0.4811764705882353,0.9640000000000003,0.21202889763919286,0.3131764705882356,0.7674838187702239,0.0033821871476888386,0.576285822021114
5,0.5,4000,0.1,882,0.47411764705882353,0.9646666666666666,0.20344474080361716,0.3244117647058826,0.7757673509286411,0.003401360544217687,0.5574288964732634
5,0.5,4000,0.1,882,0.4682352941176471,0.9726666666666667,0.20301953270984394,0.28762845849802393,0.7522014537902393,0.0045351473922902496,0.5487091875474539
5,0.5,4000,0.3,855,0.47294117647058825,0.9659999999999999,0.31220838694684244,0.14201418439716293,0.8548768472906431,0.004678362573099415,0.5769251860556222
5,0.5,4000,0.3,859,0.4470588235294118,0.9599999999999999,0.2628536037654862,0.1436911487758945,0.8201075268817242,0.0034924330616996507,0.584692367601247
5,0.5,4000,0.3,833,0.5023529411764706,0.9413333333333335,0.25705318284198936,0.16058052434456924,0.8137637362637409,0.003601440576230492,0.5728112449799235
5,0.5,4000,0.3,884,0.46352941176470586,0.9573333333333335,0.291257388477283,0.12850961538461517,0.8600000000000018,0.004524886877828055,0.5609545454545459
5,0.5,4000,0.3,866,0.48823529411764705,0.9653333333333333,0.3078975748156885,0.12676037483266384,0.8369230769230812,0.005773672055427252,0.549972899728999
5,0.5,4000,0.3,853,0.5035294117647059,0.9626666666666667,0.25893045125089437,0.1743875968992248,0.8219178082191805,0.004689331770222743,0.5418060463290152
5,0.5,4000,0.3,848,0.46705882352941175,0.9459999999999998,0.297048562386716,0.13340277777777768,0.8502307692307741,0.003537735849056604,0.5882721893491146
5,0.5,4000,0.3,856,0.49529411764705883,0.97,0.30317886772504776,0.16100584795321637,0.8410724637681192,0.005841121495327103,0.529721895808854
5,0.5,4000,0.3,851,0.44823529411764707,0.9526666666666667,0.2900082767923866,0.159442060085837,0.8677192982456164,0.004700352526439483,0.5427666273120851
5,0.5,4000,0.3,860,0.4717647058823529,0.9726666666666666,0.30490431058131173,0.1538402457757296,0.8600483091787459,0.004651162790697674,0.5914641744548286
5,0.5,4000,0.5,833,0.4776470588235294,0.89,0.16349735841391932,0,0.8428776978417305,0,0.691640656262506
5,0.5,4000,0.5,857,0.49529411764705883,0.8866666666666667,0.13233598251663187,0,0.7920320855615016,0,0.6610307273434488
5,0.5,4000,0.5,856,0.47411764705882353,0.8873333333333333,0.18313441749515635,0,0.8629748283752877,0,0.6926752336448608
5,0.5,4000,0.5,849,0.4764705882352941,0.8873333333333331,0.16858089397536527,0,0.8378082191780843,0,0.6917589320769544
5,0.5,4000,0.5,896,0.4858823529411765,0.88,0.16515899578789195,0,0.8245290581162351,0,0.6942968750000003
5,0.5,4000,0.5,823,0.4976470588235294,0.8933333333333333,0.16625580369380683,0,0.8578538812785407,0,0.6069825840421255
5,0.5,4000,0.5,862,0.47058823529411764,0.8866666666666668,0.1618002898336224,0,0.837234401349079,0,0.7430239752513559
5,0.5,4000,0.5,849,0.5094117647058823,0.8866666666666668,0.17896463632815982,0,0.8472463768115972,0,0.6499882214369871
5,0.5,4000,0.5,889,0.44941176470588234,0.8866666666666667,0.19206002439271436,0,0.8665338645418365,0,0.7077315335583078
5,0.5,4000,0.5,876,0.47411764705882353,0.8853333333333334,0.17760707454630792,0,0.8548879837067246,0,0.7075570776255715
5,0.5,4000,0.7,872,0.5035294117647059,0.8866666666666665,0.16288969012561086,0,0.8413832199546516,0,0.6926643730886872
5,0.5,4000,0.7,860,0.4717647058823529,0.8866666666666667,0.16744417191848232,0,0.8365638766519858,0,0.6898410852713195
5,0.5,4000,0.7,857,0.4764705882352941,0.8866666666666667,0.16220788843378176,0,0.834962779156331,0,0.6783041618047463
5,0.5,4000,0.7,836,0.5011764705882353,0.8886666666666667,0.17141632402226434,0,0.8304595185995652,0,0.6881419457735262
5,0.5,4000,0.7,864,0.4717647058823529,0.8866666666666667,0.17240801181435406,0,0.8439393939393982,0,0.6817322530864218
5,0.5,4000,0.7,864,0.5035294117647059,0.8886666666666669,0.17440068382851545,0,0.8494117647058862,0,0.7167438271604931
5,0.5,4000,0.7,855,0.49411764705882355,0.8873333333333333,0.14828879048260962,0,0.8275359342915835,0,0.7089551656920086
5,0.5,4000,0.7,845,0.4682352941176471,0.8873333333333333,0.16748199359256252,0,0.8326086956521763,0,0.6667416173570045
5,0.5,4000,0.7,861,0.4788235294117647,0.8873333333333333,0.1576325967097912,0,0.8234096692111987,0,0.6701626016260183
5,0.5,4000,0.7,849,0.5023529411764706,0.8873333333333333,0.16441987937926208,0,0.835049504950499,0,0.677781703965451
5,0.5,5000,0.1,893,0.4811764705882353,0.9786666666666666,0.2175539385378541,0.31584905660377466,0.7888850967007962,0.005599104143337066,0.516978228228227
5,0.5,5000,0.1,847,0.48705882352941177,0.9593333333333337,0.1914189674730376,0.2901941747572812,0.7507151515151524,0.0035419126328217238,0.5497551342812007
5,0.5,5000,0.1,877,0.4588235294117647,0.9620000000000003,0.1669260940060642,0.3480519480519482,0.734821648216483,0.002280501710376283,0.5214628571428553
5,0.5,5000,0.1,824,0.5047058823529412,0.9293333333333333,0.1954651676363821,0.31382857142857157,0.7796187683284451,0.0024271844660194173,0.5740592051905902
5,0.5,5000,0.1,861,0.5047058823529412,0.9466666666666669,0.1648084993337567,0.33570815450643776,0.7195862884160769,0.0023228803716608595,0.5428987194412079
5,0.5,5000,0.1,855,0.48,0.9739999999999998,0.17869976716544664,0.3283333333333339,0.7348988285410013,0.0035087719298245615,0.5465492957746445
5,0.5,5000,0.1,815,0.4647058823529412,0.9833333333333335,0.19727252630590633,0.2842937853107342,0.7637048503611972,0.0036809815950920245,0.573468801313627
5,0.5,5000,0.1,828,0.4752941176470588,0.9586666666666668,0.19461311699571965,0.2927230046948357,0.7460365296803655,0.0036231884057971015,0.5625252525252509
5,0.5,5000,0.1,847,0.4894117647058824,0.9613333333333335,0.16590653198677482,0.3076886792452828,0.7262464985994413,0.0035419126328217238,0.5396563981042635
5,0.5,5000,0.1,859,0.4964705882352941,0.9586666666666668,0.1514050896272767,0.3518137254901964,0.7615169660678652,0.002328288707799767,0.5309490470633981
5,0.5,5000,0.3,854,0.48,0.9513333333333333,0.28618368480623646,0.1511560693641617,0.8441252699784049,0.00351288056206089,0.6172463768115959
5,0.5,5000,0.3,843,0.4811764705882353,0.9720000000000001,0.3011671439822119,0.1092129629629628,0.8450000000000009,0.004744958481613286,0.5481207787048067
5,0.5,5000,0.3,846,0.4576470588235294,0.9746666666666666,0.28588199878410836,0.17910714285714288,0.8397763578274786,0.00591016548463357,0.5168331351565612
5,0.5,5000,0.3,847,0.4929411764705882,0.9393333333333338,0.2620459914748135,0.10980874316939904,0.8534117647058858,0.0023612750885478157,0.591723865877715
5,0.5,5000,0.3,868,0.4576470588235294,0.968,0.27061723606120247,0.11988934993084349,0.8282959641255626,0.004608294930875576,0.4981983024691373
5,0.5,5000,0.3,850,0.4682352941176471,0.9733333333333334,0.3070607881431988,0.11357923497267744,0.8500928792569691,0.004705882352941176,0.542923561859734
5,0.5,5000,0.3,869,0.4788235294117647,0.9553333333333334,0.2653162107693298,0.1588746438746437,0.8370281124498008,0.004602991944764097,0.5053680154142589
5,0.5,5000,0.3,858,0.4764705882352941,0.9393333333333336,0.27623414154899784,0.12095744680851046,0.8265266106442611,0.0034965034965034965,0.5641754385964941
5,0.5,5000,0.3,840,0.45176470588235296,0.9533333333333334,0.272059436959933,0.14908183632734517,0.848746355685134,0.0035714285714285713,0.5816885702907229
5,0.5,5000,0.3,876,0.4364705882352941,0.9446666666666664,0.26228191316376637,0.16215873015872997,0.8364383561643852,0.0045662100456621,0.5312347094801227
5,0.5,5000,0.5,874,0.4752941176470588,0.8866666666666667,0.17518336728502237,0,0.8468553459119527,0,0.7045919145690318
5,0.5,5000,0.5,849,0.5152941176470588,0.8880000000000001,0.1699245779153232,0,0.8401832460733023,0,0.669905771495878
5,0.5,5000,0.5,829,0.4858823529411765,0.8926666666666667,0.14599107871704317,0,0.8172868217054291,0,0.6751186168073997
5,0.5,5000,0.5,864,0.4858823529411765,0.8873333333333335,0.1785754336138379,0,0.8498367346938805,0,0.7020061728395073
5,0.5,5000,0.5,818,0.5117647058823529,0.8933333333333333,0.17304070879222214,0,0.8452380952380966,0,0.6530521597392033
5,0.5,5000,0.5,852,0.48705882352941177,0.8873333333333335,0.16702389899979317,0,0.8446428571428598,0,0.6697183098591559
5,0.5,5000,0.5,848,0.45176470588235296,0.8873333333333335,0.15417874730833908,0,0.8163253012048234,0,0.6452319182389952
5,0.5,5000,0.5,839,0.49176470588235294,0.8873333333333335,0.1717888623898322,0,0.8468681318681339,0,0.6642113627334157
5,0.5,5000,0.5,850,0.4964705882352941,0.8866666666666667,0.1734235074215596,0,0.8471465295629839,0,0.6711647058823543
5,0.5,5000,0.5,847,0.46941176470588236,0.8866666666666667,0.16603639104909942,0,0.8312820512820552,0,0.6687603305785144
5,0.5,5000,0.7,862,0.5117647058823529,0.8886666666666667,0.16249271061721787,0,0.8412206572769964,0,0.686724671307039
5,0.5,5000,0.7,849,0.4976470588235294,0.8866666666666667,0.14944485779925587,0,0.8121987951807252,0,0.6473812328229321
5,0.5,5000,0.7,857,0.4717647058823529,0.8866666666666668,0.16307350599971623,0,0.8479554655870479,0,0.7202722676001557
5,0.5,5000,0.7,878,0.4611764705882353,0.8833333333333332,0.16103482314572376,0,0.8223677581864018,0,0.6657099468489014
5,0.5,5000,0.7,887,0.44941176470588234,0.8806666666666666,0.19611791755938882,0,0.8680797101449298,0,0.7303570086433702
5,0.5,5000,0.7,883,0.47294117647058825,0.8866666666666668,0.16806881782764468,0,0.8417067307692333,0,0.6784824462061165
5,0.5,5000,0.7,855,0.4752941176470588,0.8873333333333335,0.1771750196225052,0,0.8599297423887624,0,0.6942573099415218
5,0.5,5000,0.7,878,0.46705882352941175,0.8846666666666666,0.1479821129015294,0,0.82761044176707,0,0.7117577828397877
5,0.5,5000,0.7,833,0.47058823529411764,0.8906666666666666,0.15766139032574206,0,0.8315904936014659,0,0.7330212084833952
10,0.1,1000,0.1,868,0.4988235294117647,0.9733333333333332,0.200200723584082,0.32072202166065,0.7662591431556954,0.0034562211981566822,0.5470520231213842
5,0.5,5000,0.7,860,0.49176470588235294,0.8873333333333335,0.15930371696265344,0,0.8447619047619077,0,0.7720077519379851
10,0.1,1000,0.1,913,0.45176470588235296,0.9653333333333333,0.21062107769465543,0.2905982905982904,0.7951401869158876,0.0032858707557502738,0.5633003663003656
10,0.1,1000,0.1,850,0.5117647058823529,0.9706666666666668,0.17952075619891913,0.3255123674911665,0.7910303030303046,0.0035294117647058825,0.5029752066115704
10,0.1,1000,0.1,860,0.4588235294117647,0.9606666666666668,0.1953184460560614,0.30257009345794406,0.7434184068058739,0.0034883720930232558,0.5825670945157491
10,0.1,1000,0.1,835,0.49411764705882355,0.9620000000000001,0.21461922156706423,0.2900000000000002,0.7789655172413787,0.003592814371257485,0.5852043269230767
10,0.1,1000,0.1,890,0.45529411764705885,0.9546666666666666,0.1832746354281833,0.3054771784232362,0.7347727272727279,0.0033707865168539327,0.539319804584741
10,0.1,1000,0.1,854,0.4717647058823529,0.9600000000000002,0.22247508592988993,0.31324999999999964,0.7843874058863756,0.00351288056206089,0.6102546024285131
10,0.1,1000,0.1,886,0.48470588235294115,0.9659999999999999,0.1938652505195245,0.3089823008849558,0.7995020746887969,0.003386004514672686,0.5478595696489245
10,0.1,1000,0.1,895,0.4682352941176471,0.9580000000000003,0.17530171231093036,0.30740000000000034,0.7439455782312935,0.0033519553072625698,0.5239835575485786
10,0.1,1000,0.3,868,0.47411764705882353,0.97,0.29683249768996706,0.11300900900900893,0.8397488584474923,0.0034562211981566822,0.5988015414258205
10,0.1,1000,0.3,848,0.4788235294117647,0.9739999999999998,0.3137938355442792,0.1377606837606836,0.870305010893249,0.003537735849056604,0.6171952662721915
10,0.1,1000,0.3,903,0.48,0.9213333333333332,0.2549182430103441,0.1358052434456927,0.833425605536334,0.0033222591362126247,0.5561185185185198
10,0.1,1000,0.1,856,0.508235294117647,0.9533333333333334,0.16407301471015098,0.29585987261146507,0.7555087719298257,0.002336448598130841,0.5444340359094455
10,0.1,1000,0.3,844,0.5105882352941177,0.9486666666666665,0.2685084732369993,0.14357677902621707,0.8478501628664507,0.0035545023696682463,0.5644589774078477
10,0.1,1000,0.3,842,0.44588235294117645,0.974,0.30414474344166076,0.14643442622950836,0.8728481012658248,0.004750593824228029,0.5351312649164691
10,0.1,1000,0.3,893,0.48470588235294115,0.9886666666666669,0.26958053922387065,0.17429487179487183,0.8364125560538136,0.005599104143337066,0.4782132132132138
10,0.1,1000,0.3,901,0.4811764705882353,0.96,0.2696969273962205,0.1259837398373983,0.8200000000000033,0.004439511653718091,0.5356707543664081
10,0.1,1000,0.3,871,0.45529411764705885,1,0.28761539542813197,0.1519592875318067,0.8672151898734191,0.004592422502870264,0.515359477124184
10,0.1,1000,0.3,814,0.5188235294117647,0.979333333333333,0.2851027182447694,0.14251388888888886,0.8666960352422907,0.004914004914004914,0.5033333333333324
10,0.1,1000,0.3,845,0.4647058823529412,0.9473333333333335,0.2891875657558303,0.11813531353135301,0.8451333333333363,0.004733727810650888,0.5401506143480003
10,0.1,1000,0.5,861,0.44823529411764707,0.8873333333333335,0.17305894025270058,0,0.8528423772609849,0,0.6757530003871481
10,0.1,1000,0.5,878,0.49529411764705883,0.8886666666666666,0.1635706639158123,0,0.8222377622377668,0,0.668432042520883
10,0.1,1000,0.5,857,0.4976470588235294,0.8873333333333336,0.1708597013539355,0,0.8436612021857962,0,0.6626371061843657
10,0.1,1000,0.5,860,0.4894117647058824,0.8866666666666667,0.17035754305688636,0,0.8440368509212766,0,0.7421744186046512
10,0.1,1000,0.5,869,0.4929411764705882,0.8880000000000001,0.16846167910557844,0,0.8457804878048819,0,0.6785423858841612
10,0.1,1000,0.5,854,0.48470588235294115,0.8866666666666667,0.18953905791551853,0,0.8648067632850267,0,0.6820101483216252
10,0.1,1000,0.5,895,0.49411764705882355,0.88,0.1628656203506942,0,0.8300751879699291,0,0.6715381750465571
10,0.1,1000,0.5,838,0.46,0.8900000000000002,0.16401790885619325,0,0.8321398305084788,0,0.7048687350835334
10,0.1,1000,0.5,911,0.4588235294117647,0.8806666666666668,0.15624601323808135,0,0.8366615146831555,0,0.7522722283205259
10,0.1,1000,0.5,859,0.4776470588235294,0.8880000000000001,0.18402183776338996,0,0.8695674300254485,0,0.683744664338378
10,0.1,1000,0.7,855,0.47411764705882353,0.8866666666666667,0.1896401524739007,0,0.857098765432102,0,0.7066432748538033
10,0.1,1000,0.7,821,0.47058823529411764,0.8933333333333333,0.16051617303884647,0,0.8230081300813039,0,0.6599269183922073
10,0.1,1000,0.7,845,0.4682352941176471,0.8880000000000003,0.1639309162376702,0,0.8308355795148279,0,0.66515976331361
10,0.1,1000,0.7,861,0.4929411764705882,0.8866666666666667,0.16259472076110018,0,0.8265342163355452,0,0.6902748741773151
10,0.1,1000,0.7,863,0.49058823529411766,0.8879999999999999,0.16536938378336763,0,0.8355588235294144,0,0.6558709926612611
10,0.1,1000,0.7,875,0.46705882352941175,0.8866666666666667,0.15775435252799755,0,0.8258793969849273,0,0.6659542857142877
10,0.1,1000,0.7,866,0.46941176470588236,0.8873333333333333,0.1581684822897257,0,0.8256882591093163,0,0.7004888375673597
10,0.1,1000,0.7,821,0.49176470588235294,0.8940000000000001,0.15951968719929585,0,0.8434362934362959,0,0.6227283800243625
10,0.1,1000,0.7,855,0.4894117647058824,0.8866666666666665,0.1561733567863857,0,0.8282790697674466,0,0.6869590643274867
10,0.1,1000,0.7,861,0.46,0.8866666666666667,0.1541569444876857,0,0.8229310344827626,0,0.6974138598528853
10,0.1,20000,0.1,865,0.4811764705882353,0.9546666666666664,0.18421429423990746,0.32105882352941156,0.7517733990147777,0.0023121387283236996,0.5845500193124743
10,0.1,20000,0.1,816,0.48705882352941177,0.948,0.18999101244595148,0.2934558823529412,0.7608494921514305,0.0024509803921568627,0.580507780507779
10,0.1,20000,0.1,863,0.48823529411764705,0.9260000000000003,0.18302538168800347,0.30560000000000015,0.7587423043095854,0.002317497103128621,0.5838327526132377
10,0.1,20000,0.1,851,0.4929411764705882,0.9440000000000002,0.17557008815452574,0.30954022988505736,0.7313790386130798,0.0023501762632197414,0.5822182960345473
10,0.1,20000,0.1,895,0.4835294117647059,0.93,0.1843210626496029,0.2527722772277228,0.7728594377510029,0.0022346368715083797,0.6135796939156384
10,0.1,20000,0.1,849,0.5047058823529412,0.9639999999999997,0.20173037669770316,0.2927225130890057,0.7653099730458222,0.0035335689045936395,0.586721828211187
10,0.1,20000,0.1,873,0.4776470588235294,0.9773333333333335,0.19571134915525526,0.32663157894736844,0.7504945054945047,0.003436426116838488,0.5508582375478884
10,0.1,20000,0.1,865,0.4894117647058824,0.9786666666666668,0.196484716483029,0.30633187772925785,0.7550867052023122,0.003468208092485549,0.5666202629543664
10,0.1,20000,0.1,873,0.46,0.9573333333333335,0.18711857020617884,0.2859006211180124,0.753838652482269,0.002290950744558992,0.5893417527745868
10,0.1,20000,0.1,883,0.49529411764705883,0.9693333333333334,0.22788572535267299,0.2925263157894739,0.7941947565543059,0.004530011325028313,0.565331816458095
10,0.1,20000,0.3,891,0.47058823529411764,0.9846666666666666,0.28809507989288496,0.1603896103896104,0.8395955882352961,0.005611672278338945,0.4947479307750188
10,0.1,20000,0.3,858,0.47294117647058825,0.948,0.2842159018719976,0.14879279279279273,0.8335116279069809,0.0034965034965034965,0.5949200779727126
10,0.1,20000,0.3,857,0.49176470588235294,0.964,0.33312578450102004,0.09631205673758851,0.8718622448979629,0.004667444574095682,0.5644665885111383
10,0.1,20000,0.3,833,0.4611764705882353,0.968,0.28895680277313285,0.16634666666666684,0.8418849840255617,0.004801920768307323,0.5311137917169303
10,0.1,20000,0.3,822,0.4811764705882353,0.9733333333333334,0.2764188430813344,0.1480932784636489,0.8306349206349232,0.004866180048661801,0.5056601466992673
10,0.1,20000,0.3,883,0.46941176470588236,0.9746666666666666,0.2945880472334269,0.134624113475177,0.8729078014184415,0.004530011325028313,0.5370572620401984
10,0.1,20000,0.3,855,0.4576470588235294,0.9673333333333333,0.2840955408891156,0.13480928689883886,0.8360928961748654,0.004678362573099415,0.5794907951429698
10,0.1,20000,0.3,846,0.4894117647058824,0.9326666666666669,0.2403781619549459,0.14127450980392164,0.8296934865900396,0.002364066193853428,0.5601777251184853
10,0.1,20000,0.3,859,0.44941176470588234,0.984,0.27668292322171484,0.17487468671679232,0.8471541501976286,0.005820721769499418,0.5146409055425459
10,0.1,20000,0.3,837,0.46,0.968,0.27589325993001507,0.12913821138211368,0.8254770318021232,0.0047789725209080045,0.5324369747899168
10,0.1,20000,0.5,875,0.4447058823529412,0.8866666666666667,0.15747709673405325,0,0.8396643109540671,0,0.7317523809523817
10,0.1,20000,0.5,864,0.4823529411764706,0.8866666666666665,0.15488990396621163,0,0.8335517241379343,0,0.6370100308641999
10,0.1,20000,0.5,850,0.45529411764705885,0.8873333333333333,0.18395082437133226,0,0.8682812500000012,0,0.6773490196078449
10,0.1,20000,0.5,881,0.49529411764705883,0.8866666666666668,0.1760915949384151,0,0.8465914221218992,0,0.6864850548618993
10,0.1,20000,0.5,880,0.49058823529411766,0.8860000000000002,0.15163860225710196,0,0.8208966861598489,0,0.7073560606060618
10,0.1,20000,0.5,838,0.4929411764705882,0.8880000000000001,0.1721736102694513,0,0.8422198731501076,0,0.7029156722354819
10,0.1,20000,0.5,870,0.4764705882352941,0.8873333333333331,0.16436251084321912,0,0.8312103746397721,0,0.6577394636015352
10,0.1,20000,0.5,854,0.4988235294117647,0.8873333333333335,0.15390185618497126,0,0.8275641025641058,0,0.6446760343481678
10,0.1,20000,0.5,886,0.4788235294117647,0.8846666666666664,0.16596446057519273,0,0.8494623655914018,0,0.7352182091798332
10,0.1,20000,0.7,871,0.45294117647058824,0.8866666666666667,0.163945031494195,0,0.8353125000000037,0,0.6750746268656744
10,0.1,20000,0.5,862,0.48705882352941177,0.8873333333333333,0.16632353107721273,0,0.8261517615176196,0,0.6539017788089738
10,0.1,20000,0.7,858,0.48470588235294115,0.8893333333333334,0.1717050632885984,0,0.8551388888888928,0,0.6705672105672124
10,0.1,20000,0.7,887,0.46,0.8846666666666666,0.17217694891225274,0,0.8411324786324809,0,0.6902104472003009
10,0.1,20000,0.7,884,0.5023529411764706,0.8859999999999999,0.18681335413492506,0,0.8593866666666679,0,0.6626772247360503
10,0.1,20000,0.7,862,0.47411764705882353,0.8866666666666665,0.16172637068919177,0,0.8369278996865224,0,0.650638051044085
10,0.1,20000,0.7,865,0.49411764705882355,0.8873333333333333,0.18434921485956807,0,0.8506331471135937,0,0.7185356454720616
10,0.1,20000,0.7,872,0.4588235294117647,0.8866666666666667,0.18367288142389782,0,0.8553439153439172,0,0.6691016819571886
10,0.1,20000,0.7,868,0.4788235294117647,0.8880000000000001,0.1871124840843938,0,0.8667455621301795,0,0.6482718894009257
10,0.1,20000,0.7,823,0.4717647058823529,0.8933333333333333,0.15885647236042416,0,0.835679702048421,0,0.7335560955852561
10,0.1,3000,0.1,865,0.4647058823529412,0.9486666666666663,0.1637166647153613,0.3123148148148149,0.7271253822629979,0.0023121387283236996,0.5277365778292766
10,0.1,20000,0.7,884,0.4647058823529412,0.8859999999999999,0.1656424858078748,0,0.8262884615384656,0,0.6999509803921575
10,0.1,3000,0.1,874,0.4776470588235294,0.9766666666666665,0.18869251022933786,0.3338263665594857,0.7327031963470327,0.004576659038901602,0.5369348659003815
10,0.1,3000,0.1,899,0.4682352941176471,0.9606666666666667,0.195840538178355,0.30235897435897435,0.7656107171000763,0.0033370411568409346,0.5889657738095212
10,0.1,3000,0.1,891,0.4623529411764706,0.98,0.1945063238953654,0.3334634146341465,0.7734234234234222,0.003367003367003367,0.5903115615615611
10,0.1,3000,0.1,840,0.47294117647058825,0.9486666666666669,0.18321248952640104,0.2992666666666668,0.756119791666666,0.002380952380952381,0.5914598249801098
10,0.1,3000,0.1,795,0.5105882352941177,0.944,0.1752037719027476,0.28490066225165567,0.7472334682861003,0.0037735849056603774,0.5505429292929291
10,0.1,3000,0.1,876,0.4611764705882353,0.9839999999999998,0.1885533457467048,0.31016666666666637,0.7645555555555558,0.003424657534246575,0.5508171057655588
10,0.1,3000,0.1,877,0.46705882352941175,0.96,0.20555790460319207,0.30569892473118243,0.7786044830079506,0.002280501710376283,0.6074247619047601
10,0.1,3000,0.1,884,0.4811764705882353,0.9520000000000004,0.1883150686277457,0.3418357487922706,0.7648441247002372,0.0022624434389140274,0.5921390778533597
10,0.1,3000,0.3,844,0.48823529411764705,0.9466666666666663,0.25472122303657696,0.1467030965391621,0.8238989169675109,0.0035545023696682463,0.5451089972255261
10,0.1,3000,0.3,851,0.5129411764705882,0.9460000000000001,0.2873118003988998,0.14573333333333327,0.8265248226950392,0.004700352526439483,0.5913498622589544
10,0.1,3000,0.1,852,0.4623529411764706,0.9346666666666666,0.17251472666422954,0.32986754966887427,0.7422463768115939,0.002347417840375587,0.5784588235294105
10,0.1,3000,0.3,874,0.48705882352941177,0.9420000000000001,0.2570134663092579,0.14845896147403656,0.8258064516129057,0.003432494279176201,0.538216609261387
10,0.1,3000,0.3,860,0.48470588235294115,0.9706666666666667,0.27207776015729285,0.14642857142857157,0.8089449541284417,0.005813953488372093,0.49333333333333235
10,0.1,3000,0.3,828,0.4835294117647059,0.954,0.26131771196303827,0.15701851851851836,0.8432452830188705,0.0036231884057971015,0.551907070707072
10,0.1,3000,0.3,873,0.4423529411764706,0.9833333333333332,0.2987230944594857,0.1353156565656563,0.8261695906432783,0.0057273768613974796,0.5330145929339494
10,0.1,3000,0.3,872,0.4752941176470588,0.9406666666666669,0.24423463095453235,0.15173824130879335,0.8233691756272429,0.0034403669724770644,0.5469581894898373
10,0.1,3000,0.3,865,0.4776470588235294,0.9559999999999996,0.27742221144605766,0.1363861386138613,0.8728235294117656,0.003468208092485549,0.538286929621036
10,0.1,3000,0.3,838,0.4976470588235294,0.9739999999999998,0.29319961391462446,0.13237068965517207,0.836981707317076,0.00477326968973747,0.5379976019184662
10,0.1,3000,0.3,852,0.5035294117647059,0.980666666666667,0.30075404293922725,0.13927821522309694,0.8490996784565927,0.005868544600938967,0.5319165682802046
10,0.1,3000,0.5,879,0.4717647058823529,0.8866666666666667,0.15578240529643786,0,0.8371395348837235,0,0.6958703071672367
10,0.1,3000,0.5,870,0.49058823529411766,0.8866666666666667,0.19936182092558608,0,0.8817724288840281,0,0.6989770114942553
10,0.1,3000,0.5,857,0.4894117647058824,0.8866666666666667,0.17862822203930862,0,0.8695121951219522,0,0.6767444574095685
10,0.1,3000,0.5,860,0.4811764705882353,0.8860000000000002,0.16759887853568,0,0.8278780487804916,0,0.6746279069767469
10,0.1,3000,0.5,865,0.46705882352941175,0.8873333333333333,0.15961019220389094,0,0.8318181818181846,0,0.6865125240847806
10,0.1,3000,0.5,837,0.5,0.8899999999999998,0.1614063784216998,0,0.8471453590192682,0,0.7438988450816431
10,0.1,3000,0.5,820,0.4988235294117647,0.8933333333333333,0.16380009309853338,0,0.8276832844574799,0,0.655349593495936
10,0.1,3000,0.5,860,0.4894117647058824,0.8873333333333333,0.1745234574602725,0,0.8527472527472554,0,0.6635930232558155
10,0.1,3000,0.5,860,0.46,0.8873333333333333,0.19649873605339996,0,0.8744392523364514,0,0.6914922480620166
10,0.1,3000,0.7,903,0.4611764705882353,0.8800000000000002,0.15250897950446593,0,0.8273603082851659,0,0.7145994832041346
10,0.1,3000,0.7,864,0.4764705882352941,0.8873333333333331,0.15397549216842538,0,0.823311111111114,0,0.6887654320987664
10,0.1,3000,0.5,878,0.4541176470588235,0.8866666666666667,0.15529373082119105,0,0.8245322245322276,0,0.6996848899012931
10,0.1,3000,0.7,846,0.45529411764705885,0.8873333333333335,0.1732960661865177,0,0.8500795755968182,0,0.6712096138691891
10,0.1,3000,0.7,895,0.5011764705882353,0.8813333333333333,0.16886424145165613,0,0.8448166259168719,0,0.6785623836126647
10,0.1,3000,0.7,845,0.49529411764705883,0.8866666666666668,0.16302891293582938,0,0.8375075987841961,0,0.6508560157790955
10,0.1,3000,0.7,862,0.47294117647058825,0.8866666666666668,0.17611096693022796,0,0.8542197802197827,0,0.6966821345707657
10,0.1,3000,0.7,910,0.44823529411764707,0.8800000000000002,0.17179573494692077,0,0.831158301158305,0,0.6956593406593422
10,0.1,3000,0.7,863,0.4752941176470588,0.886666666666667,0.16791789066748616,0,0.8292622950819706,0,0.6554190807261503
10,0.1,3000,0.7,865,0.4894117647058824,0.8873333333333333,0.1748109218026812,0,0.8505623471882656,0,0.678778420038537
10,0.1,3000,0.7,866,0.4929411764705882,0.8873333333333335,0.18469162553421722,0,0.8726961770623745,0,0.7261739799846043
10,0.1,4000,0.1,858,0.48823529411764705,0.9526666666666666,0.16718717612553277,0.3124796747967477,0.7345026178010479,0.0034965034965034965,0.5181208576998031
10,0.1,4000,0.1,856,0.4647058823529412,0.9733333333333334,0.19481553790512277,0.2969196428571429,0.7631601731601741,0.0035046728971962616,0.5527002735443515
10,0.1,4000,0.1,866,0.4541176470588235,0.96,0.1739604471262733,0.33821138211382146,0.7383828382838292,0.003464203233256351,0.5512514484356883
10,0.1,4000,0.1,822,0.5011764705882353,0.9866666666666665,0.19460063859367022,0.29893518518518514,0.7729947916666666,0.004866180048661801,0.5508190709046441
10,0.1,4000,0.1,859,0.4541176470588235,0.9413333333333332,0.19054610408323683,0.27730061349693275,0.7528212560386476,0.0034924330616996507,0.5692406542056034
10,0.1,4000,0.1,837,0.49411764705882355,0.9519999999999998,0.16589520091248028,0.3193772893772893,0.7307719298245623,0.0047789725209080045,0.5052701080432163
10,0.1,4000,0.1,858,0.4929411764705882,0.9740000000000002,0.20372024698331104,0.3144939271255061,0.7642297650130546,0.0034965034965034965,0.5639142300194921
10,0.1,4000,0.1,826,0.4623529411764706,0.9519999999999995,0.15691136324267668,0.3103749999999999,0.7356574923547412,0.002421307506053269,0.5425000000000002
10,0.1,4000,0.1,879,0.4788235294117647,0.96,0.2030213789415126,0.30710317460317477,0.7843589743589743,0.0034129692832764505,0.5480898021308965
10,0.1,4000,0.1,860,0.4752941176470588,0.9453333333333334,0.16466622370232484,0.3409502262443441,0.7295474613686541,0.002325581395348837,0.5520124320124314
10,0.1,4000,0.3,855,0.48470588235294115,0.9546666666666666,0.26055866352779405,0.1439906103286383,0.8068231046931428,0.004678362573099415,0.5214610262436356
10,0.1,4000,0.3,878,0.4611764705882353,0.9486666666666669,0.25579475386801764,0.14895238095238086,0.8331979695431496,0.002277904328018223,0.6040905631659077
10,0.1,4000,0.3,855,0.52,0.9433333333333334,0.2891542160985066,0.1609748427672955,0.8520105820105871,0.004678362573099415,0.5701880141010603
10,0.1,4000,0.3,819,0.4988235294117647,0.9420000000000001,0.28570503663946634,0.14335008375209357,0.8414285714285745,0.003663003663003663,0.5710008169934656
10,0.1,4000,0.3,870,0.4376470588235294,0.9766666666666667,0.32649811262200845,0.13481632653061193,0.9034670487106029,0.004597701149425287,0.56221324095458
10,0.1,4000,0.3,864,0.4964705882352941,0.925333333333333,0.2714704269581466,0.08750000000000006,0.8809345794392549,0.0023148148148148147,0.591009280742462
10,0.1,4000,0.3,846,0.4811764705882353,0.9733333333333332,0.32327821424140385,0.10626356589147269,0.8634951456310718,0.004728132387706856,0.590391923990501
10,0.1,4000,0.3,855,0.47411764705882353,0.9620000000000001,0.2872579851265613,0.12060137457044678,0.8219106699751908,0.0035087719298245615,0.5796674491392814
10,0.1,4000,0.3,838,0.4858823529411765,1,0.3136419460565559,0.13747942386831286,0.8423021582733832,0.007159904534606206,0.47759615384615367
10,0.1,4000,0.3,873,0.46941176470588236,0.9660000000000001,0.3117239282019707,0.12949352179034146,0.8289945652173943,0.0057273768613974796,0.5269162826420896
10,0.1,4000,0.5,851,0.4823529411764706,0.8873333333333331,0.15526683173530353,0,0.8281333333333364,0,0.6647473560517062
10,0.1,4000,0.5,864,0.46352941176470586,0.8873333333333335,0.18228536310350563,0,0.8656433408577907,0,0.6995486111111111
10,0.1,4000,0.5,846,0.4823529411764706,0.8873333333333333,0.14677351966162933,0,0.824388489208637,0,0.7314696611505115
10,0.1,4000,0.5,819,0.5105882352941177,0.89,0.15859478037439545,0,0.8362554112554172,0,0.7091900691900707
10,0.1,4000,0.5,859,0.48823529411764705,0.8866666666666667,0.18237217956563,0,0.853184466019421,0,0.7134846720993419
10,0.1,4000,0.5,856,0.48705882352941177,0.8873333333333335,0.1715719698738841,0,0.8386513994910991,0,0.663598130841125
10,0.1,4000,0.5,889,0.4929411764705882,0.8820000000000001,0.17358733777244925,0,0.8521465968586417,0,0.6693063367079124
10,0.1,4000,0.5,858,0.4764705882352941,0.8873333333333335,0.1607016077451975,0,0.8303711790393039,0,0.6956410256410277
10,0.1,4000,0.5,831,0.48470588235294115,0.8913333333333336,0.16357144683892327,0,0.8196883852691238,0,0.648535900521463
10,0.1,4000,0.5,870,0.4788235294117647,0.8866666666666663,0.16395331341307687,0,0.8465886287625426,0,0.6386283524904232
10,0.1,4000,0.7,862,0.47058823529411764,0.8866666666666667,0.1727202815026904,0,0.8414823008849569,0,0.6939056457849957
10,0.1,4000,0.7,813,0.5164705882352941,0.8946666666666668,0.16559585977830785,0,0.832440944881894,0,0.6688601886018888
10,0.1,4000,0.7,858,0.4682352941176471,0.886666666666667,0.1549212795685171,0,0.8214600550964226,0,0.6527816627816657
10,0.1,4000,0.7,858,0.4541176470588235,0.8873333333333335,0.16190451619902219,0,0.8336694677871176,0,0.658278943278946
10,0.1,4000,0.7,852,0.48705882352941177,0.8866666666666665,0.1418741478711069,0,0.823832976445399,0,0.7096478873239433
10,0.1,4000,0.7,842,0.46941176470588236,0.8879999999999999,0.1748560932077139,0,0.8390669856459354,0,0.6746555819477441
10,0.1,4000,0.7,911,0.4623529411764706,0.8806666666666668,0.16606093357629162,0,0.8532909090909119,0,0.7313501646542264
10,0.1,4000,0.7,854,0.5117647058823529,0.8873333333333331,0.16115199626675702,0,0.8187185929648283,0,0.6654449648711963
10,0.1,4000,0.7,847,0.49411764705882355,0.8866666666666667,0.14289484724925533,0,0.8054202898550744,0,0.6591420700511638
10,0.1,4000,0.7,854,0.4623529411764706,0.8873333333333333,0.16565450474253543,0,0.8426483050847489,0,0.7063973458235765
10,0.1,5000,0.1,864,0.5011764705882353,0.9599999999999996,0.1924525471820471,0.2986274509803923,0.7608641975308646,0.004629629629629629,0.5269573643410848
10,0.1,5000,0.1,874,0.4541176470588235,0.9680000000000001,0.18149318070250403,0.29980842911877353,0.7428070175438607,0.004576659038901602,0.5301685823754787
10,0.1,5000,0.1,867,0.48705882352941177,0.9673333333333332,0.19004913254182376,0.3140441176470591,0.751228070175439,0.0034602076124567475,0.5238734567901235
10,0.1,5000,0.1,864,0.46,0.984,0.21894957495245695,0.3015548780487806,0.7577570921985822,0.005787037037037037,0.5442840512223492
10,0.1,5000,0.1,868,0.44,0.9520000000000001,0.19208879253695005,0.30990338164251213,0.7481324404761873,0.002304147465437788,0.5893148575827536
10,0.1,5000,0.1,842,0.4894117647058824,0.964,0.1813858165509558,0.31962025316455694,0.7566666666666675,0.0035629453681710215,0.5383988875645618
10,0.1,5000,0.1,878,0.46705882352941175,0.9779999999999999,0.21515930124847948,0.3203819444444451,0.7826287262872612,0.003416856492027335,0.5570780952380939
10,0.1,5000,0.1,851,0.49411764705882355,0.9460000000000001,0.17912550747271963,0.28794326241134766,0.7492614770459084,0.0023501762632197414,0.5720416175893197
10,0.1,5000,0.1,873,0.45647058823529413,0.9686666666666668,0.19210669164602767,0.29846511627907,0.7617178612059159,0.003436426116838488,0.5512298850574706
10,0.1,5000,0.3,851,0.4588235294117647,0.9440000000000004,0.2779149861112415,0.14979621542940305,0.8067836257309977,0.004700352526439483,0.5420700511609625
10,0.1,5000,0.3,853,0.4611764705882353,0.9506666666666664,0.26506238509515506,0.1296339113680154,0.812934472934477,0.0035169988276670576,0.5751411764705896
10,0.1,5000,0.1,830,0.4929411764705882,0.964,0.193996311410884,0.29954022988505735,0.7560162601626021,0.0036144578313253013,0.5829826682789191
10,0.1,5000,0.3,845,0.4717647058823529,0.9540000000000002,0.283152105776104,0.1530833333333333,0.8472794117647077,0.004733727810650888,0.5227784383670246
10,0.1,5000,0.3,873,0.4541176470588235,0.9686666666666666,0.2745510710341448,0.12529953917050674,0.8411355311355334,0.004581901489117984,0.527253548139624
10,0.1,5000,0.3,862,0.48,0.9620000000000001,0.28768144547288,0.10894080996884721,0.8366901408450714,0.004640371229698376,0.5252369852369871
10,0.1,5000,0.3,889,0.4576470588235294,0.9426666666666667,0.29176078166790737,0.14665294924554154,0.8349152542372915,0.0044994375703037125,0.5464595103578165
10,0.1,5000,0.3,872,0.4811764705882353,0.9713333333333336,0.2821291492560974,0.11839195979899493,0.8624000000000018,0.0045871559633027525,0.5567242703533043
10,0.1,5000,0.3,870,0.46588235294117647,0.9493333333333336,0.2715079622565457,0.10897959183673486,0.8223413566739638,0.0034482758620689655,0.619873125720877
10,0.1,5000,0.3,871,0.46705882352941175,0.9573333333333331,0.2935398615055981,0.16519206939281317,0.8375000000000037,0.0057405281285878304,0.535488837567361
10,0.1,5000,0.3,870,0.4823529411764706,0.9900000000000002,0.3034627234707127,0.13842809364548492,0.8344936708860784,0.006896551724137931,0.5061612654321
10,0.1,5000,0.5,833,0.4717647058823529,0.8879999999999999,0.1739395932184208,0,0.8473651452282205,0,0.7124929971988815
10,0.1,5000,0.5,866,0.42470588235294116,0.8873333333333333,0.17709441579708737,0,0.8678202676864262,0,0.7331485758275598
10,0.1,5000,0.5,864,0.4894117647058824,0.8866666666666668,0.1806761264968691,0,0.8640350877193009,0,0.6567901234567919
10,0.1,5000,0.5,879,0.4835294117647059,0.8873333333333335,0.17436007956474897,0,0.8511486486486505,0,0.6907660219946914
10,0.1,5000,0.5,846,0.47411764705882353,0.8866666666666667,0.16704900917437562,0,0.8393408662900219,0,0.7261111111111129
10,0.1,5000,0.5,860,0.5023529411764706,0.8866666666666667,0.1820959205872535,0,0.8512553191489385,0,0.700418604651164
10,0.1,5000,0.5,860,0.4811764705882353,0.8873333333333335,0.16084136495498405,0,0.8262195121951255,0,0.6704031007751957
10,0.1,5000,0.5,860,0.49529411764705883,0.8873333333333333,0.18807264360708403,0,0.8701982378854641,0,0.7008604651162813
10,0.1,5000,0.5,878,0.4752941176470588,0.8879999999999999,0.16408334266167193,0,0.8320095693779939,0,0.6716552771450279
10,0.1,5000,0.5,860,0.49529411764705883,0.8866666666666668,0.17433648102583996,0,0.8470933333333367,0,0.6650232558139547
10,0.1,5000,0.7,876,0.4964705882352941,0.8886666666666667,0.18367203104655266,0,0.8467659574468108,0,0.6926293759512946
10,0.1,5000,0.7,882,0.48470588235294115,0.8866666666666665,0.167286225655965,0,0.8435528942115808,0,0.7127021919879071
10,0.1,5000,0.7,895,0.4611764705882353,0.8833333333333335,0.18413932152608048,0,0.8634532374100736,0,0.6768417132216034
10,0.1,5000,0.7,848,0.4894117647058824,0.8873333333333333,0.1577674495139216,0,0.8334259259259299,0,0.6530306603773622
10,0.1,5000,0.7,879,0.46352941176470586,0.8866666666666667,0.17282130554003755,0,0.8382242990654237,0,0.6820098596890425
10,0.1,5000,0.7,814,0.49058823529411766,0.8933333333333333,0.15035164523232683,0,0.8151428571428596,0,0.6618509418509436
10,0.1,5000,0.7,847,0.46941176470588236,0.8866666666666667,0.15045874504204282,0,0.8301269841269874,0,0.6573278236914636
10,0.1,5000,0.7,834,0.5011764705882353,0.89,0.17641649618796676,0,0.8395890410958946,0,0.6886530775379731
10,0.1,5000,0.7,881,0.45294117647058824,0.8846666666666666,0.18279100617433144,0,0.8505944055944105,0,0.7286908815739687
10,0.1,5000,0.7,853,0.4764705882352941,0.8866666666666667,0.16686149414925594,0,0.8301415094339665,0,0.6808714341539688
10,0.2,1000,0.1,839,0.5105882352941177,0.9526666666666669,0.16270343976744026,0.28989417989417987,0.7059084406294717,0.003575685339690107,0.5320893141945763
10,0.2,1000,0.1,861,0.4788235294117647,0.9353333333333335,0.17992727383123333,0.3052499999999998,0.7312655367231647,0.003484320557491289,0.5410489510489501
10,0.2,1000,0.1,889,0.4388235294117647,0.9520000000000001,0.18288464229227547,0.31973977695167277,0.7508393285371711,0.0044994375703037125,0.5225800376647827
10,0.2,1000,0.1,873,0.47058823529411764,0.9753333333333338,0.2129556407804287,0.31515679442508715,0.7848539778449137,0.004581901489117984,0.5485308784042933
10,0.2,1000,0.1,869,0.4588235294117647,0.9613333333333333,0.17395094951214252,0.30914498141263996,0.7402199661590534,0.004602991944764097,0.5145240847784188
10,0.2,1000,0.1,858,0.48470588235294115,0.9606666666666668,0.2054382196537928,0.3200000000000007,0.7511999999999978,0.0034965034965034965,0.5749746588693929
10,0.2,1000,0.1,856,0.4788235294117647,0.9666666666666665,0.16510164070092706,0.32147619047619014,0.7360881542699738,0.0035046728971962616,0.5319343493552146
10,0.2,1000,0.1,882,0.4752941176470588,0.9526666666666667,0.17048075593260037,0.3101357466063349,0.7464387464387471,0.003401360544217687,0.5275616230565028
10,0.2,1000,0.1,906,0.44588235294117645,0.9533333333333334,0.1901218181130092,0.3280442804428046,0.7500207684319833,0.0033112582781456954,0.5495717977113306
10,0.2,1000,0.1,873,0.47058823529411764,0.9493333333333331,0.1848115764170839,0.3236293436293431,0.7511502347417847,0.003436426116838488,0.5416513409961673
10,0.2,1000,0.3,858,0.4682352941176471,0.9686666666666666,0.27909267202855564,0.14722646310432577,0.828685258964144,0.005827505827505828,0.49359515435717105
10,0.2,1000,0.3,870,0.4576470588235294,0.9613333333333333,0.26024797400697963,0.17166666666666686,0.8169565217391317,0.005747126436781609,0.49195761078998274
10,0.2,1000,0.3,877,0.4752941176470588,0.9660000000000002,0.29055293152158806,0.14440422322775232,0.8485444743935344,0.004561003420752566,0.5651470026727771
10,0.2,1000,0.3,862,0.4788235294117647,0.9713333333333333,0.2788062207324261,0.16967078189300475,0.8291286307053962,0.0069605568445475635,0.47285436137071657
10,0.2,1000,0.3,866,0.49176470588235294,0.9486666666666665,0.2609660953577415,0.1302777777777775,0.8357312252964444,0.003464203233256351,0.5386442641946713
10,0.2,1000,0.3,876,0.46352941176470586,0.9819999999999999,0.2986158699254875,0.1687399770904931,0.8276227390180908,0.005707762557077625,0.5381668580176077
10,0.2,1000,0.3,872,0.4611764705882353,0.9613333333333333,0.2868781058500195,0.13716279069767426,0.8764808362369354,0.0045871559633027525,0.5354569892473134
10,0.2,1000,0.3,891,0.45647058823529413,0.9266666666666666,0.26129310366392056,0.18021390374331545,0.829205955334992,0.003367003367003367,0.6009797297297336
10,0.2,1000,0.3,858,0.45176470588235296,0.9413333333333332,0.2394966635492939,0.13158333333333336,0.8088537549407142,0.0034965034965034965,0.5413489278752451
10,0.2,1000,0.3,859,0.5070588235294118,0.9433333333333335,0.23288088794210707,0.17149572649572642,0.8142222222222252,0.002328288707799767,0.5621859198755377
10,0.2,1000,0.5,848,0.5070588235294118,0.8866666666666667,0.1717547191171665,0,0.8498125000000035,0,0.7107429245283016
10,0.2,1000,0.5,893,0.46941176470588236,0.8846666666666666,0.17076423844056285,0,0.8389760348583903,0,0.6903359462486007
10,0.2,1000,0.5,894,0.4682352941176471,0.8813333333333334,0.17601817462186295,0,0.856484560570074,0,0.6817151379567506
10,0.2,1000,0.5,875,0.4894117647058824,0.884,0.17703025591875793,0,0.8423713235294152,0,0.718632380952383
10,0.2,1000,0.5,857,0.45647058823529413,0.8873333333333335,0.16993993543794292,0,0.8505157593123228,0,0.6566472189809441
10,0.2,1000,0.5,837,0.46941176470588236,0.8886666666666667,0.16732900581522533,0,0.841247264770245,0,0.6995459976105145
10,0.2,1000,0.5,854,0.45529411764705885,0.8866666666666668,0.1728389085359892,0,0.8439248434238039,0,0.6993481654957061
10,0.2,1000,0.5,850,0.48,0.8866666666666667,0.18129761445619122,0,0.8541496598639476,0,0.6894627450980418
10,0.2,1000,0.5,866,0.4811764705882353,0.8866666666666667,0.15691669449856946,0,0.834908722109539,0,0.7106428021555036
10,0.2,1000,0.5,863,0.49176470588235294,0.8873333333333333,0.17473759790871565,0,0.8382004555808678,0,0.6840787949015077
10,0.2,1000,0.7,854,0.49176470588235294,0.8866666666666668,0.15839957396554355,0,0.8490495867768602,0,0.6202810304449666
10,0.2,1000,0.7,832,0.48470588235294115,0.8880000000000001,0.15654517060999573,0,0.8367023554603911,0,0.7066386217948731
10,0.2,1000,0.7,879,0.44823529411764707,0.8853333333333334,0.17289781184235806,0,0.8474946921443778,0,0.6987106560485423
10,0.2,1000,0.7,821,0.48470588235294115,0.8926666666666669,0.15866207698926993,0,0.8468871595330759,0,0.631810799837596
10,0.2,1000,0.7,861,0.48,0.8879999999999999,0.16584861993647862,0,0.8413387978142105,0,0.6630158730158769
10,0.2,1000,0.7,864,0.4788235294117647,0.8879999999999999,0.1565362661214246,0,0.8327794561933574,0,0.648209876543214
10,0.2,1000,0.7,882,0.4682352941176471,0.8873333333333333,0.17122912266869764,0,0.8429116465863487,0,0.7088133030990174
10,0.2,1000,0.7,855,0.4894117647058824,0.8866666666666668,0.1651492732585107,0,0.8245658263305352,0,0.6517387914230045
10,0.2,1000,0.7,863,0.46705882352941175,0.8866666666666667,0.17072044021635305,0,0.8395636363636403,0,0.7242448821938987
10,0.2,20000,0.1,870,0.47294117647058825,0.9613333333333336,0.21618448159910159,0.2702890173410404,0.8029928315412177,0.0034482758620689655,0.588108419838523
10,0.2,1000,0.7,869,0.4788235294117647,0.8879999999999998,0.15300624135063623,0,0.8294634146341491,0,0.679186804756427
10,0.2,20000,0.1,858,0.4647058823529412,0.9426666666666667,0.17099724214402381,0.33676855895196484,0.7432760595647193,0.0034965034965034965,0.5469512670565284
10,0.2,20000,0.1,861,0.4505882352941176,0.9646666666666666,0.2034205740775475,0.2777433628318585,0.7569208211143704,0.004645760743321719,0.5572267600155569
10,0.2,20000,0.1,851,0.4764705882352941,0.9460000000000001,0.18716496712445463,0.31999999999999984,0.7675612353567632,0.0023501762632197414,0.5607420494699632
10,0.2,20000,0.1,878,0.48470588235294115,0.9899999999999998,0.21361262231372216,0.30912280701754374,0.7552095238095248,0.0056947608200455585,0.5385643375334074
10,0.2,20000,0.1,851,0.46588235294117647,0.9613333333333335,0.19870333728517087,0.30290598290598286,0.7703344867358712,0.004700352526439483,0.5567099567099573
10,0.2,20000,0.1,857,0.46705882352941175,0.9473333333333329,0.1921687808569916,0.27999999999999997,0.7666306954436446,0.003500583430571762,0.5479000780640125
10,0.2,20000,0.1,861,0.4788235294117647,0.9560000000000001,0.1722238580632873,0.31994949494949504,0.7495146871008944,0.003484320557491289,0.5514646464646442
10,0.2,20000,0.1,844,0.4894117647058824,0.9759999999999999,0.19827908129132527,0.2950212765957445,0.7565011037527596,0.004739336492890996,0.543170634920634
10,0.2,20000,0.3,848,0.47411764705882353,0.9526666666666669,0.2733190944904095,0.13352272727272718,0.8247708894878744,0.003537735849056604,0.5774714003944798
10,0.2,20000,0.3,853,0.4764705882352941,0.9753333333333334,0.2775446675046292,0.15457008244994114,0.8051438848920883,0.005861664712778429,0.49029481132075636
10,0.2,20000,0.3,860,0.4835294117647059,0.9426666666666665,0.25915736564975345,0.1531869918699183,0.8184740259740285,0.004651162790697674,0.5364524922118409
10,0.2,20000,0.1,865,0.4835294117647059,0.9459999999999998,0.19593217644086747,0.30238578680203076,0.7601533494753818,0.003468208092485549,0.5868638824439261
10,0.2,20000,0.3,815,0.4764705882352941,0.968,0.2757382188706577,0.12455862977602085,0.7950403225806467,0.006134969325153374,0.4864732510288074
10,0.2,20000,0.3,856,0.48823529411764705,0.9560000000000001,0.28143708095035863,0.20037453183520604,0.839737609329449,0.005841121495327103,0.5450528789659242
10,0.2,20000,0.3,867,0.48705882352941177,0.9473333333333332,0.2668749508177294,0.14268627450980384,0.8163549160671492,0.0034602076124567475,0.5921566358024711
10,0.2,20000,0.3,872,0.4447058823529412,0.9560000000000001,0.303522262367501,0.15571865443425076,0.8559284116331126,0.0045871559633027525,0.6031490015360988
10,0.2,20000,0.3,871,0.45529411764705885,0.9726666666666667,0.2887624323954826,0.16822384428223863,0.834565217391306,0.0057405281285878304,0.5347690531177833
10,0.2,20000,0.3,845,0.49058823529411766,0.9646666666666668,0.2538324190993448,0.14983660130718923,0.8240663900414957,0.004733727810650888,0.5229488703923925
10,0.2,20000,0.3,848,0.49529411764705883,0.9453333333333334,0.2809905698649607,0.1577202072538859,0.8273269689737504,0.003537735849056604,0.5853293885601591
10,0.2,20000,0.5,821,0.47294117647058825,0.8926666666666667,0.15472339799528909,0,0.8261144578313274,0,0.6526309378806362
10,0.2,20000,0.5,833,0.5058823529411764,0.8913333333333333,0.15794583745426863,0,0.8250414937759377,0,0.7047338935574246
10,0.2,20000,0.5,829,0.5152941176470588,0.8906666666666668,0.16374227649657488,0,0.8390672451193085,0,0.7068516284680358
10,0.2,20000,0.5,812,0.5176470588235295,0.8920000000000001,0.15747019280543376,0,0.8331858407079676,0,0.6648316912972104
10,0.2,20000,0.5,853,0.48705882352941177,0.8866666666666667,0.16645562540153452,0,0.8366857142857171,0,0.6483587338804235
10,0.2,20000,0.5,857,0.48,0.8866666666666667,0.1700086255265203,0,0.8454047619047662,0,0.6881602489303781
10,0.2,20000,0.5,856,0.4823529411764706,0.8873333333333335,0.1573146628977464,0,0.8199439252336492,0,0.7123948598130858
10,0.2,20000,0.5,894,0.47294117647058825,0.8800000000000002,0.15607214042945144,0,0.8291472868217099,0,0.7096420581655483
10,0.2,20000,0.5,858,0.4764705882352941,0.8873333333333333,0.17760634202352277,0,0.8448676171079447,0,0.7070318570318574
10,0.2,20000,0.5,862,0.5011764705882353,0.8880000000000001,0.16986445438298434,0,0.8340277777777797,0,0.6806496519721603
10,0.2,20000,0.7,851,0.47411764705882353,0.8866666666666667,0.1774481160513019,0,0.8409433962264191,0,0.6772894633764227
10,0.2,20000,0.7,871,0.4752941176470588,0.8886666666666667,0.16789479075712999,0,0.8379793814433002,0,0.7002219670876404
10,0.2,20000,0.7,852,0.4752941176470588,0.8866666666666667,0.16017174851226793,0,0.843013698630139,0,0.6371948356807529
10,0.2,20000,0.7,869,0.49058823529411766,0.8873333333333333,0.16772036107021338,0,0.8454605263157922,0,0.7016033755274259
10,0.2,20000,0.7,842,0.5117647058823529,0.8873333333333333,0.15025259216083275,0,0.8336094674556265,0,0.7241171813143303
10,0.2,20000,0.7,836,0.49176470588235294,0.8913333333333333,0.17075146221217705,0,0.8377078651685441,0,0.6895693779904317
10,0.2,20000,0.7,840,0.49529411764705883,0.8886666666666667,0.17892927468609016,0,0.8579914529914566,0,0.7123333333333358
10,0.2,20000,0.7,865,0.44823529411764707,0.8866666666666667,0.17656133858648376,0,0.8513936430317899,0,0.6757957610790011
10,0.2,20000,0.7,821,0.5247058823529411,0.8913333333333334,0.15932876018760972,0,0.8242650602409676,0,0.6848355663824627
10,0.2,20000,0.7,860,0.4823529411764706,0.8866666666666667,0.1722235302470177,0,0.8370518867924558,0,0.6818759689922511
10,0.2,3000,0.1,836,0.49529411764705883,0.9593333333333334,0.193606035287888,0.32240837696335106,0.7822972972972964,0.0023923444976076554,0.5629296562749803
10,0.2,3000,0.1,871,0.4788235294117647,0.9659999999999994,0.20830582731408592,0.3093981481481486,0.8017455310199795,0.003444316877152698,0.5686213517665112
10,0.2,3000,0.1,795,0.4823529411764706,0.9553333333333334,0.20292186671139334,0.259375,0.7584812623274165,0.0037735849056603774,0.5733796296296279
10,0.2,3000,0.1,885,0.5023529411764706,0.9806666666666665,0.15084556512931954,0.34674556213017826,0.7203375527426172,0.003389830508474576,0.48942932728646865
10,0.2,3000,0.1,924,0.48470588235294115,0.9586666666666669,0.18030546809384135,0.30996453900709225,0.7387096774193561,0.005411255411255411,0.5270583968081225
10,0.2,3000,0.1,862,0.46,0.9600000000000002,0.1667360585616139,0.3308679245283019,0.7373786407767,0.0034802784222737818,0.5220644159875828
10,0.2,3000,0.1,842,0.48470588235294115,0.9613333333333335,0.19037010491756082,0.31190954773869384,0.7560975609756094,0.0035629453681710215,0.5718434644417936
10,0.2,3000,0.1,867,0.43411764705882355,0.9840000000000001,0.20671070312151815,0.29636065573770515,0.7388044579533949,0.00461361014994233,0.5313557358053286
10,0.2,3000,0.1,863,0.4647058823529412,0.9726666666666666,0.19312156974515554,0.29109523809523796,0.751703940362088,0.0034762456546929316,0.5608643410852683
10,0.2,3000,0.1,852,0.47294117647058825,0.9653333333333333,0.18562006167382641,0.3018777292576419,0.7492441140024783,0.0035211267605633804,0.5372398900667439
10,0.2,3000,0.3,813,0.4764705882352941,0.9606666666666667,0.26018044781432226,0.14935323383084564,0.8020538720538751,0.004920049200492005,0.5323733003708295
10,0.2,3000,0.3,872,0.4894117647058824,0.9586666666666666,0.2592448159566523,0.15768740031897924,0.8352000000000018,0.0045871559633027525,0.5331528417818753
10,0.2,3000,0.3,851,0.4717647058823529,0.9800000000000005,0.30276697180939444,0.1543167305236271,0.8796153846153862,0.005875440658049354,0.5237746256895196
10,0.2,3000,0.3,877,0.4329411764705882,0.9693333333333332,0.29583374400844203,0.12640432098765406,0.8600000000000031,0.004561003420752566,0.5560977472317692
10,0.2,3000,0.3,861,0.4776470588235294,0.9526666666666669,0.26476938553238494,0.09713450292397675,0.8291497975708513,0.003484320557491289,0.5331390831390835
10,0.2,3000,0.3,840,0.5058823529411764,0.936,0.25187232205071386,0.1345908183632733,0.8022635135135159,0.0035714285714285713,0.5491039426523303
10,0.2,3000,0.3,854,0.4929411764705882,0.9586666666666666,0.2423867003712053,0.18685560053981137,0.8257837837837841,0.00468384074941452,0.4906784313725497
10,0.2,3000,0.3,884,0.49411764705882355,0.9733333333333334,0.285443368201733,0.1696323529411765,0.8411400651465828,0.005656108597285068,0.5328175957527514
10,0.2,3000,0.3,870,0.48,0.9666666666666665,0.2752200888816303,0.12065656565656557,0.8270570570570599,0.004597701149425287,0.5536181678214023
10,0.2,3000,0.3,904,0.46,0.93,0.25328575019407,0.10694252873563243,0.8585937500000013,0.0022123893805309734,0.5575461936437565
10,0.2,3000,0.5,875,0.4752941176470588,0.8866666666666668,0.1707434227766574,0,0.8355529411764737,0,0.6792685714285729
10,0.2,3000,0.5,855,0.4717647058823529,0.8866666666666667,0.1602810045228786,0,0.8312500000000052,0,0.727508771929825
10,0.2,3000,0.5,845,0.47294117647058825,0.8873333333333335,0.1604860658020492,0,0.8382704402515749,0,0.6497396449704164
10,0.2,3000,0.5,861,0.4623529411764706,0.8880000000000001,0.18028203760041606,0,0.8481896551724171,0,0.6928493999225714
10,0.2,3000,0.5,849,0.48823529411764705,0.8873333333333331,0.17604768376040086,0,0.8570649350649382,0,0.6758617981939544
10,0.2,3000,0.5,855,0.48470588235294115,0.8866666666666665,0.1647385116181945,0,0.8419607843137272,0,0.6658167641325551
10,0.2,3000,0.5,866,0.4752941176470588,0.8866666666666665,0.171555855351016,0,0.8460196078431411,0,0.7194380292532736
10,0.2,3000,0.5,864,0.45647058823529413,0.8866666666666667,0.16374493663045056,0,0.8300688073394532,0,0.6882484567901254
10,0.2,3000,0.5,856,0.4811764705882353,0.8866666666666667,0.16179670939608218,0,0.8350091074681276,0,0.7276947040498466
10,0.2,3000,0.7,846,0.47058823529411764,0.8906666666666666,0.1674728297735286,0,0.8412258064516162,0,0.7014420803782516
10,0.2,3000,0.5,855,0.5141176470588236,0.8866666666666668,0.18915790996416,0,0.8615608465608485,0,0.6714385964912299
10,0.2,3000,0.7,867,0.4894117647058824,0.8873333333333333,0.18435748586962952,0,0.8574759615384637,0,0.6766820453671692
10,0.2,3000,0.7,867,0.4682352941176471,0.8879999999999999,0.16451267771140687,0,0.8227102803738344,0,0.6736332179930834
10,0.2,3000,0.7,850,0.4835294117647059,0.8873333333333333,0.1557032327157574,0,0.8313518197573685,0,0.7375843137254899
10,0.2,3000,0.7,846,0.4647058823529412,0.8893333333333334,0.16920414833942482,0,0.8350529100529127,0,0.6694483845547685
10,0.2,3000,0.7,882,0.4717647058823529,0.8846666666666666,0.18080165131522963,0,0.8490056285178263,0,0.7151058201058227
10,0.2,3000,0.7,856,0.5,0.8866666666666667,0.18014710995858493,0,0.8627483443708617,0,0.7575350467289752
10,0.2,3000,0.7,858,0.4811764705882353,0.8866666666666668,0.181587110641169,0,0.8425695931477534,0,0.690901320901325
10,0.2,3000,0.7,909,0.4435294117647059,0.88,0.17820785211982113,0,0.8560191846522806,0,0.673300330033005
10,0.2,4000,0.1,821,0.48,0.9566666666666667,0.19419574327986275,0.30929824561403524,0.7744702842377275,0.0036540803897685747,0.5506234718826407
10,0.2,4000,0.1,868,0.4647058823529412,0.984,0.21824696936459334,0.32296052631579003,0.7826151012891329,0.004608294930875576,0.5534336419753065
10,0.2,3000,0.7,889,0.4682352941176471,0.8813333333333333,0.1664735981321746,0,0.8331260794473262,0,0.7244019497562799
10,0.2,4000,0.1,854,0.46588235294117647,0.9420000000000003,0.19213159325611234,0.2766037735849056,0.7624795640326958,0.00351288056206089,0.5860203681942809
10,0.2,4000,0.1,846,0.4823529411764706,0.9779999999999999,0.19019079163361308,0.31206611570247955,0.7663270440251579,0.0035460992907801418,0.5413444049031237
10,0.2,4000,0.1,842,0.5035294117647059,0.9659999999999999,0.17862198735995616,0.32207171314741057,0.7318266253869977,0.0035629453681710215,0.5440564163686888
10,0.2,4000,0.1,844,0.5058823529411764,0.9660000000000001,0.18821379820314824,0.30718120805369176,0.7377235772357733,0.004739336492890996,0.5106706349206329
10,0.2,4000,0.1,897,0.46941176470588236,0.9686666666666668,0.19494474360506095,0.3123396226415098,0.737306306306306,0.0033444816053511705,0.5571327367636061
10,0.2,4000,0.1,857,0.4588235294117647,0.9900000000000002,0.16647943202407567,0.3255727554179573,0.7700248756218911,0.004667444574095682,0.4799804611176231
10,0.2,4000,0.1,817,0.5,0.9766666666666662,0.16395954931549075,0.32170212765957473,0.7279444444444453,0.004895960832313341,0.5026240262402613
10,0.2,4000,0.1,883,0.46588235294117647,0.9633333333333334,0.19209782486937274,0.2901851851851847,0.7556598240469213,0.004530011325028313,0.5572354948805459
10,0.2,4000,0.3,862,0.49058823529411766,0.968,0.2787224598528217,0.1352678571428569,0.8297902097902107,0.004640371229698376,0.5318686868686855
10,0.2,4000,0.3,815,0.4964705882352941,0.9766666666666665,0.26364430898297925,0.1860606060606062,0.8231111111111117,0.006134969325153374,0.48181481481481575
10,0.2,4000,0.3,850,0.47411764705882353,0.9593333333333334,0.2729964622817741,0.11790528233151175,0.8288851351351383,0.0035294117647058825,0.5514167650531294
10,0.2,4000,0.3,883,0.4858823529411765,0.941333333333333,0.257245263293519,0.18653658536585363,0.8354817275747546,0.0033975084937712344,0.55311363636364
10,0.2,4000,0.3,868,0.4858823529411765,0.9633333333333334,0.2935012671238705,0.14246753246753208,0.8228817733990171,0.004608294930875576,0.5651466049382717
10,0.2,4000,0.3,856,0.4682352941176471,0.9520000000000003,0.2867721748149849,0.11511111111111115,0.8345576407506738,0.0035046728971962616,0.5763305978898036
10,0.2,4000,0.3,861,0.4823529411764706,0.9806666666666666,0.28564707292480856,0.1352161785216177,0.8205095541401317,0.004645760743321719,0.5294087903539499
10,0.2,4000,0.3,838,0.4835294117647059,0.930666666666667,0.23301202482111832,0.15651917404129798,0.8295223880597034,0.002386634844868735,0.5980622009569404
10,0.2,4000,0.3,885,0.45529411764705885,0.944666666666667,0.2920383495409232,0.1600128700128702,0.8490606060606085,0.004519774011299435,0.5331290200529717
10,0.2,4000,0.3,863,0.4623529411764706,0.9613333333333333,0.29695662850967913,0.1850250626566416,0.8493866666666703,0.004634994206257242,0.5534613892122644
10,0.2,4000,0.5,865,0.46941176470588236,0.8873333333333335,0.17121967339150382,0,0.8431355932203419,0,0.6498805394990395
10,0.2,4000,0.5,874,0.45294117647058824,0.8873333333333335,0.1647777447066804,0,0.8407486631016083,0,0.6642105263157927
10,0.2,4000,0.5,865,0.48823529411764705,0.8866666666666667,0.16154996897197083,0,0.8438065843621437,0,0.7133294797687858
10,0.2,4000,0.5,866,0.4788235294117647,0.8873333333333335,0.17822944020692108,0,0.8562608695652206,0,0.7436027713625875
10,0.2,4000,0.5,869,0.44941176470588234,0.8873333333333333,0.17044897167753995,0,0.8417933723196916,0,0.7094322976601474
10,0.2,4000,0.5,805,0.4623529411764706,0.8946666666666666,0.1645859804369052,0,0.8284361233480197,0,0.6989565217391314
10,0.2,4000,0.5,880,0.49411764705882355,0.8873333333333335,0.18234005722932137,0,0.8648009950248801,0,0.6811780303030321
10,0.2,4000,0.5,884,0.46941176470588236,0.8833333333333332,0.1718403285985883,0,0.8425211864406803,0,0.6974396681749635
10,0.2,4000,0.5,888,0.4988235294117647,0.8826666666666667,0.14914073161063832,0,0.8233752620545111,0,0.7064001501501499
10,0.2,4000,0.5,885,0.46705882352941175,0.8833333333333333,0.15313296422376882,0,0.8230699774266397,0,0.6853672316384194
10,0.2,4000,0.7,873,0.508235294117647,0.8866666666666667,0.17877433771978807,0,0.8394339622641545,0,0.6762084765177568
10,0.2,4000,0.7,861,0.4929411764705882,0.8873333333333333,0.15604316796717566,0,0.8181967213114795,0,0.6955594270228418
10,0.2,4000,0.7,854,0.48470588235294115,0.8873333333333333,0.16165754138451896,0,0.8328967254408098,0,0.6758743169398932
10,0.2,4000,0.7,894,0.48,0.8853333333333334,0.1918889958459552,0,0.8646370023419224,0,0.6823228933631631
10,0.2,4000,0.7,877,0.47058823529411764,0.8880000000000001,0.17743376851054027,0,0.8491385767790302,0,0.717366020524517
10,0.2,4000,0.7,849,0.4894117647058824,0.8866666666666667,0.1567147552822972,0,0.8320565552699262,0,0.677573616018845
10,0.2,4000,0.7,874,0.4764705882352941,0.8866666666666667,0.18498583262136792,0,0.8522388059701529,0,0.6950343249427943
10,0.2,4000,0.7,858,0.4776470588235294,0.8866666666666668,0.1720003226711758,0,0.8417874396135275,0,0.6770357420357439
10,0.2,4000,0.7,853,0.5164705882352941,0.8879999999999999,0.1847241713032218,0,0.857407407407408,0,0.6818327471668645
10,0.2,4000,0.7,851,0.46705882352941175,0.8880000000000001,0.16121519734169104,0,0.8239416058394189,0,0.6766705836271076
10,0.2,5000,0.1,863,0.48470588235294115,0.9946666666666668,0.1940911999288743,0.3020621468926559,0.7447286821705434,0.005793742757821553,0.49026418026417923
10,0.2,5000,0.1,873,0.47411764705882353,0.9540000000000003,0.18417681431689456,0.30252066115702503,0.7676804915514597,0.004581901489117984,0.52784042961258
10,0.2,5000,0.1,847,0.4858823529411765,0.96,0.2007314124541585,0.29384236453201973,0.7828333333333344,0.0035419126328217238,0.5668483412322269
10,0.2,5000,0.1,856,0.4835294117647059,0.9779999999999999,0.19837100027013865,0.32790273556231003,0.766004901960784,0.004672897196261682,0.5198982785602487
10,0.2,5000,0.1,849,0.49411764705882355,0.9593333333333334,0.1825040600271552,0.2894186046511628,0.744701857282504,0.0035335689045936395,0.58983845547675
10,0.2,5000,0.1,861,0.46705882352941175,0.9486666666666665,0.1954244453577844,0.2798675496688743,0.7742304309586623,0.003484320557491289,0.5894755244755235
10,0.2,5000,0.1,846,0.47058823529411764,0.9406666666666669,0.17718526196645049,0.30425837320574156,0.7471645919778707,0.0035460992907801418,0.5427718465796747
10,0.2,5000,0.1,856,0.4541176470588235,0.9760000000000001,0.20720894501000797,0.30411764705882394,0.7435674470457081,0.005841121495327103,0.5256404230317252
10,0.2,5000,0.1,840,0.4717647058823529,0.9666666666666669,0.1844077759014905,0.33416370106761617,0.7647892720306524,0.0035714285714285713,0.5231541218637988
10,0.2,5000,0.1,859,0.46,0.9693333333333336,0.18841016916087264,0.30848739495798333,0.762042606516292,0.0034924330616996507,0.538629283489096
10,0.2,5000,0.3,810,0.4764705882352941,0.9693333333333332,0.2895935257572426,0.1433614627285513,0.8067521367521409,0.0049382716049382715,0.5411827956989272
10,0.2,5000,0.3,851,0.49058823529411766,0.9393333333333331,0.2572559238851933,0.1583438155136268,0.8257142857142884,0.0023501762632197414,0.6016372202591292
10,0.2,5000,0.3,840,0.47411764705882353,0.9586666666666668,0.28365953401233024,0.16173333333333317,0.8352976190476227,0.004761904761904762,0.544900318979269
10,0.2,5000,0.3,873,0.44941176470588234,0.9646666666666668,0.2822172039428273,0.14494047619047593,0.8296619718309911,0.004581901489117984,0.5542961258151161
10,0.2,5000,0.3,870,0.4894117647058824,0.9586666666666668,0.2910966474746559,0.1425482625482624,0.8349494949494979,0.005747126436781609,0.5153410404624291
10,0.2,5000,0.3,891,0.46352941176470586,0.9513333333333333,0.2861885218419319,0.1545225225225222,0.8472624434389182,0.003367003367003367,0.6016929429429453
10,0.2,5000,0.3,876,0.45529411764705885,0.9620000000000003,0.2710240446250078,0.10999999999999986,0.8177777777777786,0.0045662100456621,0.5234021406727849
10,0.2,5000,0.3,830,0.5129411764705882,0.9413333333333335,0.23716702004993687,0.15574803149606314,0.856097560975611,0.0024096385542168677,0.5565619967793912
10,0.2,5000,0.3,859,0.49529411764705883,0.9566666666666667,0.2628219019574193,0.13774712643678166,0.8551219512195148,0.002328288707799767,0.5872112018669807
10,0.2,5000,0.5,852,0.4929411764705882,0.8873333333333331,0.16928878956671217,0,0.8456548856548882,0,0.707394366197185
10,0.2,5000,0.3,854,0.46941176470588236,0.9433333333333331,0.26566842281731157,0.19187106918238991,0.8323099415204708,0.00351288056206089,0.5577869173521368
10,0.2,5000,0.5,871,0.49411764705882355,0.8866666666666667,0.17953402305931412,0,0.8474937343358435,0,0.6686031381553796
10,0.2,5000,0.5,851,0.49176470588235294,0.8873333333333333,0.17875478987009005,0,0.8466741573033744,0,0.6910928319623981
10,0.2,5000,0.5,850,0.48705882352941177,0.8866666666666665,0.15276940558094082,0,0.8442482517482534,0,0.7482627450980407
10,0.2,5000,0.5,844,0.4823529411764706,0.8873333333333335,0.18258963581850055,0,0.8533480176211493,0,0.703858609794631
10,0.2,5000,0.5,861,0.47411764705882353,0.8866666666666667,0.18361464455207863,0,0.8521527777777798,0,0.6829694154084415
10,0.2,5000,0.5,857,0.5047058823529412,0.8866666666666668,0.17930308661444688,0,0.8553435114503843,0,0.6766938934266852
10,0.2,5000,0.5,861,0.4588235294117647,0.8899999999999998,0.16744662389230833,0,0.8337605042016834,0,0.696651180797523
10,0.2,5000,0.5,820,0.46705882352941175,0.8946666666666668,0.16541432842004983,0,0.8267191011235996,0,0.6923780487804903
10,0.2,5000,0.7,832,0.4894117647058824,0.8913333333333333,0.17638770253768862,0,0.8512628865979421,0,0.6740825320512847
10,0.2,5000,0.5,861,0.45294117647058824,0.8866666666666668,0.17473439297678517,0,0.8562222222222236,0,0.7022686798296565
10,0.2,5000,0.7,857,0.49058823529411766,0.8866666666666667,0.15339009282342417,0,0.8451851851851873,0,0.629848308051343
10,0.2,5000,0.7,847,0.47411764705882353,0.8866666666666665,0.17057492615830092,0,0.8400894854586176,0,0.6956591892955555
10,0.2,5000,0.7,832,0.47411764705882353,0.8933333333333333,0.1620678347788469,0,0.8391169451073996,0,0.6881290064102574
10,0.2,5000,0.7,864,0.4752941176470588,0.8873333333333335,0.17373073334773165,0,0.8540384615384637,0,0.7426388888888896
10,0.2,5000,0.7,922,0.4717647058823529,0.8806666666666665,0.17335508282434345,0,0.8363034188034214,0,0.6818004338394826
10,0.2,5000,0.7,886,0.4929411764705882,0.8846666666666668,0.17097986644280821,0,0.8338178633975535,0,0.7196501128668179
10,0.2,5000,0.7,858,0.47058823529411764,0.8873333333333333,0.167223520740161,0,0.827511961722491,0,0.6753574203574213
10,0.2,5000,0.7,835,0.5,0.8886666666666667,0.16289609289346654,0,0.8383924349881827,0,0.6906786427145724
10,0.2,5000,0.7,847,0.4541176470588235,0.8866666666666668,0.1682674113521144,0,0.8328030303030326,0,0.6721212121212138
10,0.3,1000,0.1,852,0.4682352941176471,0.9506666666666667,0.19255945834858307,0.34577405857740634,0.7510977564102542,0.002347417840375587,0.5796117647058797
10,0.3,1000,0.1,907,0.4470588235294118,0.9306666666666666,0.17488589329861198,0.32350574712643704,0.7520017873100977,0.002205071664829107,0.5748250460405129
10,0.3,1000,0.1,871,0.45294117647058824,0.96,0.18728627762128153,0.3090291262135923,0.7664796479647975,0.003444316877152698,0.5598387096774176
10,0.3,1000,0.1,863,0.5011764705882353,0.9779999999999999,0.18964992232314307,0.3203947368421057,0.7422261484098951,0.004634994206257242,0.5311602638727182
10,0.3,1000,0.1,832,0.49411764705882355,0.9666666666666669,0.183598095934342,0.28430851063829776,0.7304983388704326,0.003605769230769231,0.559545637314031
10,0.3,1000,0.1,845,0.4929411764705882,0.9113333333333334,0.15436107071669902,0.2857142857142856,0.7422632794457253,0.001183431952662722,0.6197511848341226
10,0.3,1000,0.1,834,0.48823529411764705,0.9499999999999996,0.1990655392726615,0.2998863636363636,0.7622166246851374,0.002398081534772182,0.5841506410256404
10,0.3,1000,0.1,879,0.48470588235294115,0.9666666666666669,0.19876947464740444,0.30460465116279106,0.7526845093268437,0.0034129692832764505,0.570859969558596
10,0.3,1000,0.1,861,0.45529411764705885,0.9719999999999999,0.1980569717388815,0.31576433121019143,0.7584068627450987,0.004645760743321719,0.5240490081680267
10,0.3,1000,0.3,871,0.4894117647058824,0.9559999999999998,0.26331286978959006,0.15422031473533607,0.8082817869415834,0.004592422502870264,0.5174086889657844
10,0.3,1000,0.3,876,0.48470588235294115,0.9540000000000002,0.29575032452256045,0.1375503875968989,0.8521134020618585,0.0045662100456621,0.5735129969418988
10,0.3,1000,0.3,871,0.49176470588235294,0.9533333333333334,0.2360084935672293,0.12623655913978488,0.822869955156952,0.003444316877152698,0.540061443932414
10,0.3,1000,0.1,809,0.4894117647058824,0.9646666666666665,0.20624495224191333,0.30603260869565224,0.7754574383452647,0.003708281829419036,0.5988213399503702
10,0.3,1000,0.3,842,0.4858823529411765,0.9733333333333335,0.3129704513487198,0.14713520749665332,0.8890163934426251,0.004750593824228029,0.5432458233890234
10,0.3,1000,0.3,845,0.4647058823529412,0.996,0.2988967470116312,0.16725366876310316,0.8512962962962979,0.007100591715976331,0.49021851410409334
10,0.3,1000,0.3,857,0.4776470588235294,0.9599999999999996,0.29101730314665897,0.1314641744548284,0.8544694533762075,0.004667444574095682,0.5491559202813603
10,0.3,1000,0.3,854,0.49058823529411766,0.9446666666666665,0.2746672677968703,0.12419664268585136,0.85979220779221,0.00234192037470726,0.6052269170579037
10,0.3,1000,0.3,871,0.4788235294117647,0.9846666666666666,0.27804365123526975,0.15613636363636346,0.8283271375464711,0.0057405281285878304,0.5130331023864535
10,0.3,1000,0.3,805,0.52,0.9673333333333333,0.28135281240684995,0.15951734539969822,0.8534117647058841,0.004968944099378882,0.5369746150645034
10,0.3,1000,0.3,830,0.48470588235294115,0.9719999999999999,0.27771622083115793,0.17414993306559556,0.8423875432525975,0.004819277108433735,0.523042776432609
10,0.3,1000,0.5,858,0.48470588235294115,0.8866666666666667,0.16290855437984456,0,0.8423214285714323,0,0.6765695415695426
10,0.3,1000,0.5,877,0.46705882352941175,0.886,0.18837384630891127,0,0.8785668789808931,0,0.6428202204485015
10,0.3,1000,0.5,868,0.48470588235294115,0.8860000000000002,0.15028143314587403,0,0.8290211132437659,0,0.7146466973886326
10,0.3,1000,0.5,865,0.46588235294117647,0.8866666666666667,0.17427569113440322,0,0.8430349344978184,0,0.6926165703275555
10,0.3,1000,0.5,828,0.44588235294117645,0.8919999999999999,0.1622140956863811,0,0.8289346246973394,0,0.680994363929148
10,0.3,1000,0.5,909,0.47294117647058825,0.8806666666666668,0.17593686017290386,0,0.8463291139240531,0,0.6641547488082158
10,0.3,1000,0.5,854,0.46,0.886666666666667,0.1674147739807794,0,0.8304439252336473,0,0.6817447306791579
10,0.3,1000,0.5,827,0.5058823529411764,0.8913333333333333,0.1714069124438804,0,0.8439085239085272,0,0.711160822249095
10,0.3,1000,0.5,856,0.4964705882352941,0.8873333333333333,0.16088412974159655,0,0.8245000000000033,0,0.652301401869161
10,0.3,1000,0.5,813,0.4788235294117647,0.8933333333333333,0.15841610568489897,0,0.8274778761061983,0,0.7022878228782298
10,0.3,1000,0.7,846,0.46588235294117647,0.8866666666666667,0.16471023515520936,0,0.8285249457700663,0,0.6919897557131599
10,0.3,1000,0.7,918,0.4623529411764706,0.8806666666666666,0.18187181740469646,0,0.8533989266547449,0,0.7197385620915058
10,0.3,1000,0.7,851,0.5,0.8866666666666667,0.1552500552787756,0,0.837134502923981,0,0.6604935370152762
10,0.3,1000,0.7,881,0.4752941176470588,0.8873333333333333,0.17890570237165584,0,0.8557227722772313,0,0.7116496405599696
10,0.3,1000,0.7,902,0.4423529411764706,0.8813333333333333,0.1666680056104564,0,0.8360517241379342,0,0.7265668883961572
10,0.3,1000,0.7,903,0.43411764705882355,0.8806666666666666,0.14879008436582988,0,0.8280312500000025,0,0.6469693613879677
10,0.3,1000,0.7,868,0.45176470588235296,0.8873333333333335,0.1691899315546758,0,0.8379616306954467,0,0.6816973886328745
10,0.3,1000,0.7,864,0.46352941176470586,0.8873333333333333,0.18247280981840514,0,0.8633861386138653,0,0.7216010802469133
10,0.3,1000,0.7,857,0.4929411764705882,0.8866666666666667,0.151556587910728,0,0.829851851851855,0,0.6214469078179735
10,0.3,1000,0.7,838,0.46941176470588236,0.8886666666666667,0.15556924602503786,0,0.831351351351354,0,0.6548130469371548
10,0.3,20000,0.1,843,0.508235294117647,0.9586666666666669,0.17437808708441643,0.3467364016736409,0.7482562277580082,0.002372479240806643,0.5434205311137519
10,0.3,20000,0.1,819,0.49058823529411766,0.9913333333333336,0.2119277088219565,0.28981132075471716,0.7967126436781602,0.003663003663003663,0.5584763071895417
10,0.3,20000,0.1,880,0.4788235294117647,0.9760000000000001,0.2104490021363523,0.30133620689655205,0.7865826330532198,0.003409090909090909,0.5674496389205615
10,0.3,20000,0.1,835,0.4988235294117647,0.9566666666666664,0.18461812774621836,0.31593457943925285,0.7396453900709237,0.0023952095808383233,0.5639975990396152
10,0.3,20000,0.1,842,0.5035294117647059,0.9846666666666668,0.19406886744997295,0.28619246861924696,0.7348380355276912,0.004750593824228029,0.5422354813046902
10,0.3,20000,0.1,862,0.4858823529411765,0.9393333333333334,0.1534735323499835,0.2899999999999999,0.7616666666666675,0.002320185614849188,0.5571007751937982
10,0.3,20000,0.1,859,0.4764705882352941,0.9560000000000002,0.17839807271955352,0.27208556149732616,0.752022116903634,0.0034924330616996507,0.5390459501557633
10,0.3,20000,0.1,873,0.4647058823529412,0.9733333333333334,0.2238490709171599,0.29699346405228794,0.788291925465838,0.0057273768613974796,0.5398847926267268
10,0.3,20000,0.1,861,0.46588235294117647,0.9613333333333335,0.20415991798189898,0.3160112359550565,0.7777378097521958,0.0023228803716608595,0.5967132324408196
10,0.3,20000,0.1,874,0.4811764705882353,0.9326666666666668,0.16671688205208648,0.292992125984252,0.7442093287827084,0.002288329519450801,0.5623776758409782
10,0.3,20000,0.3,872,0.4776470588235294,0.9986666666666669,0.28467478903733673,0.15428961748633918,0.8557608695652176,0.008027522935779817,0.4399537572254348
10,0.3,20000,0.3,905,0.47058823529411764,0.9526666666666671,0.25562058522449604,0.12734607218683652,0.8188121546961347,0.0033149171270718232,0.5762564671101275
10,0.3,20000,0.3,864,0.48470588235294115,0.9893333333333332,0.3258576549397937,0.14841880341880379,0.8947157190635472,0.006944444444444444,0.5135275835275837
10,0.3,20000,0.3,862,0.44941176470588234,0.9560000000000001,0.2808462054623628,0.15641812865497098,0.8372964169381137,0.004640371229698376,0.546888111888113
10,0.3,20000,0.3,879,0.4752941176470588,0.968,0.28236596190485885,0.14885101010101015,0.8348780487804881,0.005688282138794084,0.5162051868802453
10,0.3,20000,0.3,898,0.47411764705882353,0.9239999999999999,0.24693915951950748,0.1608333333333333,0.8318487394958014,0.0033407572383073497,0.5880707635009343
10,0.3,20000,0.3,852,0.4776470588235294,0.9333333333333333,0.24776827934722648,0.13068840579710161,0.859536231884062,0.0011737089201877935,0.6131257344300854
10,0.3,20000,0.3,847,0.4823529411764706,0.9513333333333333,0.28513349689012785,0.16561728395061706,0.8718226600985234,0.0023612750885478157,0.615341222879686
10,0.3,20000,0.3,816,0.48705882352941177,0.9419999999999998,0.2651712780747706,0.13768321513002368,0.8443181818181834,0.0024509803921568627,0.5942997542997549
10,0.3,20000,0.3,832,0.4858823529411765,0.9339999999999999,0.2573806991896552,0.11256410256410265,0.83470454545455,0.002403846153846154,0.6315421686747015
10,0.3,20000,0.5,855,0.49058823529411766,0.8879999999999999,0.18209406816752383,0,0.8487973273942122,0,0.6907641325536072
10,0.3,20000,0.5,866,0.4788235294117647,0.8866666666666667,0.1669119603572655,0,0.8333105022831078,0,0.6861123941493481
10,0.3,20000,0.5,874,0.48705882352941177,0.8866666666666667,0.18111112373480295,0,0.855623632385122,0,0.6913653699466049
10,0.3,20000,0.5,863,0.4764705882352941,0.8866666666666667,0.16041631939291992,0,0.8247472527472567,0,0.686384704519122
10,0.3,20000,0.5,837,0.4647058823529412,0.89,0.17159288438115738,0,0.8368164062500012,0,0.7118916766228609
10,0.3,20000,0.5,865,0.49529411764705883,0.8866666666666668,0.15504918470881907,0,0.8222572815534022,0,0.6756454720616595
10,0.3,20000,0.5,824,0.49058823529411766,0.8919999999999999,0.1673478259405899,0,0.8479207920792081,0,0.6457686084142413
10,0.3,20000,0.5,885,0.4788235294117647,0.8813333333333333,0.18084410222342426,0,0.8503104212860332,0,0.688372881355933
10,0.3,20000,0.5,887,0.4811764705882353,0.8813333333333334,0.15341167989679655,0,0.8293367346938814,0,0.6710597519729438
10,0.3,20000,0.5,880,0.47411764705882353,0.8866666666666668,0.17956556371135288,0,0.860433333333338,0,0.7523560606060598
10,0.3,20000,0.7,860,0.4717647058823529,0.8873333333333333,0.17014311372305693,0,0.8445315904139464,0,0.6952441860465131
10,0.3,20000,0.7,857,0.46352941176470586,0.8866666666666667,0.15359245048726552,0,0.8220681818181851,0,0.6933138856476088
10,0.3,20000,0.7,849,0.4811764705882353,0.8873333333333331,0.18006432621418714,0,0.8672506082725101,0,0.6957636435021608
10,0.3,20000,0.7,880,0.4682352941176471,0.8826666666666667,0.16272845615271816,0,0.8294962686567213,0,0.7140757575757578
10,0.3,20000,0.7,884,0.4623529411764706,0.8866666666666667,0.18067916758942912,0,0.8442418032786921,0,0.6968212669683281
10,0.3,20000,0.7,844,0.46588235294117647,0.8873333333333336,0.1670158751019769,0,0.8289786223277948,0,0.6799407582938409
10,0.3,20000,0.7,872,0.47058823529411764,0.8873333333333333,0.16569783075811786,0,0.8405708245243164,0,0.699881498470948
10,0.3,20000,0.7,875,0.44588235294117645,0.8873333333333333,0.17822878289428407,0,0.8487553648068676,0,0.6978742857142844
10,0.3,20000,0.7,865,0.46352941176470586,0.8866666666666667,0.16916240438496916,0,0.8374376417233581,0,0.6887321772639701
10,0.3,20000,0.7,878,0.5070588235294118,0.884,0.16737230745633538,0,0.8352830188679281,0,0.6996962794229296
10,0.3,3000,0.1,865,0.4447058823529412,0.9586666666666666,0.20688183718253872,0.2979802955665025,0.7686436781609168,0.003468208092485549,0.5964810518174765
10,0.3,3000,0.1,811,0.4858823529411765,0.9786666666666664,0.195461211650731,0.30142276422764225,0.7518616352201267,0.004932182490752158,0.5365427509293659
10,0.3,3000,0.1,873,0.4811764705882353,0.9733333333333329,0.18064856312117372,0.3052192982456136,0.7377741585233455,0.003436426116838488,0.5570957854406102
10,0.3,3000,0.1,861,0.48470588235294115,0.9613333333333336,0.2008368294901844,0.25984496124031015,0.771975574712642,0.0023228803716608595,0.6142064415987559
10,0.3,3000,0.1,842,0.4776470588235294,0.9819999999999999,0.17531730790920327,0.33080645161290406,0.7481845238095247,0.004750593824228029,0.5061893396976924
10,0.3,3000,0.1,861,0.45529411764705885,0.9453333333333338,0.18442510562311862,0.2952197802197799,0.7358922558922557,0.0023228803716608595,0.5723515715948762
10,0.3,3000,0.1,857,0.4929411764705882,0.9826666666666665,0.21758993357211126,0.3143478260869566,0.7739904761904758,0.004667444574095682,0.5437944509574039
10,0.3,3000,0.1,833,0.4788235294117647,0.9293333333333333,0.15817799105917588,0.3327624309392262,0.7401608187134514,0.0024009603841536613,0.5403529883674287
10,0.3,3000,0.1,864,0.49529411764705883,0.9620000000000003,0.2053310369534158,0.30101382488479234,0.7684364261168373,0.003472222222222222,0.5763375919473466
10,0.3,3000,0.3,874,0.4376470588235294,0.9660000000000001,0.29707496504055914,0.11328638497652559,0.8541348973607051,0.004576659038901602,0.547708812260537
10,0.3,3000,0.3,858,0.46941176470588236,0.9473333333333329,0.2768203832277928,0.13455823293172692,0.8743606557377074,0.0034965034965034965,0.5682534113060455
10,0.3,3000,0.3,835,0.4929411764705882,0.9606666666666664,0.29467790019672513,0.13089430894308918,0.8421671018276803,0.004790419161676647,0.5758684316085051
10,0.3,3000,0.3,833,0.48470588235294115,0.9613333333333335,0.2498365475195488,0.19208672086720885,0.816818181818184,0.004801920768307323,0.5055367913148373
10,0.3,3000,0.1,872,0.4764705882352941,0.9913333333333333,0.20354271704366267,0.29565217391304355,0.7564166666666672,0.0045871559633027525,0.5650691244239597
10,0.3,3000,0.3,866,0.4470588235294118,0.941333333333333,0.2812582736375521,0.16538461538461546,0.8365454545454581,0.004618937644341801,0.5448994586233582
10,0.3,3000,0.3,878,0.4717647058823529,0.9653333333333338,0.3023891804396644,0.12604477611940307,0.8333538461538489,0.0056947608200455585,0.5167277586865232
10,0.3,3000,0.3,903,0.4717647058823529,0.9633333333333334,0.3107441328218012,0.13398550724637656,0.8787903225806492,0.004429678848283499,0.5678791249536536
10,0.3,3000,0.3,844,0.49176470588235294,0.986666666666667,0.25731684123771864,0.13404494382022472,0.8441891891891885,0.005924170616113744,0.45288438617401783
10,0.3,3000,0.3,872,0.4811764705882353,0.9413333333333332,0.25560354135827945,0.1295462478184992,0.823524904214562,0.0034403669724770644,0.5309167625623339
10,0.3,3000,0.3,874,0.48,0.9620000000000001,0.3048923919050919,0.16373479318734824,0.8524054054054084,0.005720823798627002,0.549723820483314
10,0.3,3000,0.5,888,0.47294117647058825,0.8846666666666666,0.1745500545823465,0,0.8399353448275881,0,0.6902177177177181
10,0.3,3000,0.5,886,0.46941176470588236,0.884,0.1785446954091947,0,0.8457317073170757,0,0.6743077501881137
10,0.3,3000,0.5,860,0.48705882352941177,0.8873333333333333,0.16828709175907525,0,0.8334222222222258,0,0.6878837209302352
10,0.3,3000,0.5,870,0.4811764705882353,0.8866666666666667,0.15782466661642053,0,0.8359090909090948,0,0.7098659003831426
10,0.3,3000,0.5,873,0.49411764705882355,0.8853333333333332,0.17363021539117646,0,0.8439644970414214,0,0.6387590683467006
10,0.3,3000,0.5,873,0.46705882352941175,0.8873333333333333,0.15432432657265305,0,0.8155053763440892,0,0.6917640320733114
10,0.3,3000,0.5,850,0.46352941176470586,0.8879999999999999,0.1724341648001576,0,0.8544421906693774,0,0.7172941176470621
10,0.3,3000,0.5,823,0.48823529411764705,0.8920000000000001,0.16935549795027685,0,0.8359179687500031,0,0.7177845281490497
10,0.3,3000,0.5,872,0.46588235294117647,0.8873333333333333,0.14449396874377618,0,0.8118435754189982,0,0.6542698776758422
10,0.3,3000,0.5,812,0.4976470588235294,0.8933333333333335,0.17135410919929367,0,0.8483112582781485,0,0.6418226600985247
10,0.3,3000,0.7,883,0.47058823529411764,0.8866666666666667,0.1741712014447704,0,0.8406004140786772,0,0.700543601359005
10,0.3,3000,0.7,831,0.4752941176470588,0.8893333333333332,0.1799719135503402,0,0.8435306122449014,0,0.7069314079422396
10,0.3,3000,0.7,810,0.52,0.8933333333333333,0.17660331185068448,0,0.8486352941176514,0,0.6918724279835419
10,0.3,3000,0.7,858,0.47411764705882353,0.8866666666666667,0.16348807724539685,0,0.820943396226418,0,0.673162393162396
10,0.3,3000,0.7,867,0.4823529411764706,0.8866666666666667,0.17665690208801632,0,0.8550216450216483,0,0.7072856593617859
10,0.3,3000,0.7,843,0.48705882352941177,0.8866666666666667,0.18333005797464041,0,0.8640380549682892,0,0.7148477659153827
10,0.3,3000,0.7,849,0.4611764705882353,0.8866666666666668,0.1583587988702375,0,0.8463534675615239,0,0.7080840204161764
10,0.3,3000,0.7,868,0.49411764705882355,0.8873333333333333,0.16418326888298865,0,0.8242637362637399,0,0.6845929339477747
10,0.3,3000,0.7,843,0.4964705882352941,0.8866666666666667,0.15642853764643083,0,0.8332110091743148,0,0.6954962435745363
10,0.3,3000,0.7,866,0.4929411764705882,0.8866666666666667,0.18993825400800002,0,0.8541379310344868,0,0.6934642032332601
10,0.3,4000,0.1,893,0.46705882352941175,0.9726666666666666,0.19091075736383328,0.32893081761006365,0.7346606786427152,0.004479283314669653,0.5306261717285317
10,0.3,4000,0.1,858,0.4505882352941176,0.9760000000000001,0.16437126496766116,0.3257928802588995,0.7208333333333338,0.004662004662004662,0.4917330210772823
10,0.3,4000,0.1,852,0.48,0.9700000000000002,0.1995648252006019,0.2960500000000002,0.7521685823754766,0.0035211267605633804,0.5979937180997231
10,0.3,4000,0.1,877,0.46941176470588236,0.94,0.18117286653814654,0.311724137931034,0.7548908730158733,0.002280501710376283,0.564685714285714
10,0.3,4000,0.1,848,0.4964705882352941,0.9500000000000002,0.17625691017466918,0.32818627450980403,0.7623882503192853,0.0023584905660377358,0.5468203309692657
10,0.3,4000,0.1,863,0.4788235294117647,0.9733333333333332,0.18829073641885397,0.3045045045045047,0.7348711111111109,0.004634994206257242,0.5590259992239001
10,0.3,4000,0.1,846,0.5129411764705882,0.971333333333333,0.19962128759160264,0.30509578544061283,0.7704938271604943,0.0035460992907801418,0.5318030842230111
10,0.3,4000,0.1,843,0.4894117647058824,0.9800000000000002,0.19687822953304074,0.3011739130434781,0.7603179824561398,0.0035587188612099642,0.567746031746031
10,0.3,4000,0.1,844,0.48823529411764705,0.9553333333333338,0.20177299670127272,0.3038009049773755,0.7674532940019658,0.0035545023696682463,0.568458184700752
10,0.3,4000,0.1,864,0.4776470588235294,0.9553333333333334,0.20410806718273125,0.2845833333333338,0.7796043521266071,0.003472222222222222,0.57313588850174
10,0.3,4000,0.3,846,0.4576470588235294,0.9700000000000002,0.2888513870717927,0.16360616844602624,0.8428668941979549,0.00591016548463357,0.5127744748315516
10,0.3,4000,0.3,809,0.48470588235294115,0.9626666666666667,0.27819347413290685,0.15134999999999962,0.8345047923322709,0.003708281829419036,0.5589702233250635
10,0.3,4000,0.3,859,0.48705882352941177,0.9539999999999997,0.24778209731786588,0.17770459081836304,0.8209770114942577,0.0034924330616996507,0.5831269470405009
10,0.3,4000,0.3,862,0.46352941176470586,0.9646666666666668,0.2639125061168716,0.18898446833930724,0.8292213114754114,0.00580046403712297,0.5015635939323241
10,0.3,4000,0.3,849,0.5047058823529412,0.9460000000000001,0.2653571131022829,0.16119429590017811,0.8124010554089741,0.0035335689045936395,0.5756540583136357
10,0.3,4000,0.3,869,0.4858823529411765,0.9500000000000004,0.3040368267641773,0.1464822134387351,0.8591842900302137,0.004602991944764097,0.5410789980732182
10,0.3,4000,0.3,859,0.4823529411764706,0.9633333333333334,0.28444512263544414,0.16199115044247805,0.8465032679738591,0.004656577415599534,0.5461949317738815
10,0.3,4000,0.3,842,0.5047058823529412,0.961333333333333,0.2607319314037372,0.123438045375218,0.8149640287769798,0.0035629453681710215,0.5390981326976583
10,0.3,4000,0.3,860,0.47294117647058825,0.9313333333333332,0.2596428029193152,0.12577922077922077,0.8553703703703724,0.0034883720930232558,0.5612718786464425
10,0.3,4000,0.3,880,0.4388235294117647,0.9853333333333332,0.26019049621967016,0.17114737883283915,0.809882352941176,0.006818181818181818,0.45509153318077866
10,0.3,4000,0.5,902,0.4647058823529412,0.8806666666666668,0.166629587533856,0,0.8477199281867183,0,0.7259127864005918
10,0.3,4000,0.5,815,0.46941176470588236,0.8933333333333333,0.17936238385159314,0,0.8532754880694172,0,0.7074274028629884
10,0.3,4000,0.5,850,0.4764705882352941,0.8866666666666667,0.15451460350594057,0,0.833472668810292,0,0.6498235294117659
10,0.3,4000,0.5,876,0.49176470588235294,0.8833333333333333,0.16184833830656753,0,0.8318691588785085,0,0.6804756468797586
10,0.3,4000,0.5,853,0.4717647058823529,0.8886666666666669,0.16624960725103383,0,0.8322988505747161,0,0.7135209066041436
10,0.3,4000,0.5,849,0.49529411764705883,0.8866666666666667,0.15681672901936977,0,0.8440095087163275,0,0.7627758146839411
10,0.3,4000,0.5,863,0.4752941176470588,0.8873333333333335,0.16690595328276475,0,0.8324197002141346,0,0.694364619544229
10,0.3,4000,0.5,856,0.4823529411764706,0.8879999999999999,0.16383266209972824,0,0.8407865168539336,0,0.6673520249221206
10,0.3,4000,0.5,869,0.46705882352941175,0.8873333333333335,0.16002447196180863,0,0.8222376237623797,0,0.6990065209052555
10,0.3,4000,0.5,878,0.4588235294117647,0.8846666666666668,0.19392904016150483,0,0.871079913606913,0,0.699943052391802
10,0.3,4000,0.7,866,0.4823529411764706,0.8866666666666668,0.1742336868064741,0,0.8418292682926855,0,0.7057736720554284
10,0.3,4000,0.7,854,0.5094117647058823,0.8866666666666668,0.16701807629790896,0,0.8423542116630727,0,0.7030796252927415
10,0.3,4000,0.7,844,0.4647058823529412,0.8873333333333335,0.17368822421126467,0,0.8449477351916405,0,0.737614533965246
10,0.3,4000,0.7,821,0.4894117647058824,0.894,0.17057049033930408,0,0.83872164948454,0,0.7107470564352419
10,0.3,4000,0.7,862,0.4811764705882353,0.8846666666666666,0.17020676478640598,0,0.8609824561403523,0,0.6352165506573888
10,0.3,4000,0.7,846,0.4811764705882353,0.8873333333333335,0.15883837522184469,0,0.8278453038674057,0,0.658794326241137
10,0.3,4000,0.7,856,0.48705882352941177,0.8866666666666667,0.15720010911396287,0,0.8310271903323283,0,0.6459618380062331
10,0.3,4000,0.7,827,0.48705882352941177,0.8913333333333333,0.18145396422898452,0,0.8503340292275611,0,0.7133937928254745
10,0.3,4000,0.7,888,0.4647058823529412,0.8826666666666669,0.16395194548790226,0,0.830819672131151,0,0.6575713213213236
10,0.3,4000,0.7,829,0.5070588235294118,0.8920000000000001,0.16236672966381,0,0.8414329268292695,0,0.6552271813429855
10,0.3,5000,0.1,864,0.4894117647058824,0.96,0.18208519061501718,0.31497607655502396,0.7504246284501066,0.003472222222222222,0.5578939217963593
10,0.3,5000,0.1,861,0.5035294117647059,0.984,0.1732459628890028,0.3350384615384623,0.7337192982456155,0.003484320557491289,0.5358818958818948
10,0.3,5000,0.1,860,0.4811764705882353,0.9440000000000002,0.1892816856950915,0.32311475409836055,0.7595344970906044,0.002325581395348837,0.58324786324786
10,0.3,5000,0.1,878,0.4835294117647059,0.9699999999999999,0.18164431538019934,0.3138053097345129,0.7313204062788549,0.003416856492027335,0.5593599999999981
10,0.3,5000,0.1,860,0.4764705882352941,0.9413333333333332,0.17520788620704503,0.31485355648535585,0.7412429378531084,0.004651162790697674,0.5391861370716498
10,0.3,5000,0.1,849,0.4752941176470588,0.9473333333333332,0.19316342069966305,0.3168837209302324,0.7528146258503383,0.0035335689045936395,0.569763593380612
10,0.3,5000,0.1,845,0.46,0.9593333333333331,0.19651900489469215,0.31994708994709015,0.7589084249084215,0.002366863905325444,0.6063701067615629
10,0.3,5000,0.1,867,0.46941176470588236,0.9613333333333333,0.185617654754827,0.3173239436619716,0.7552339181286557,0.0034602076124567475,0.5645679012345671
10,0.3,5000,0.1,857,0.4682352941176471,0.9739999999999998,0.1828009923316365,0.3255430711610492,0.7520864197530865,0.003500583430571762,0.5339695550351276
10,0.3,5000,0.3,834,0.5129411764705882,0.9693333333333332,0.2798011429709614,0.1560724637681158,0.844364261168387,0.004796163069544364,0.52389558232932
10,0.3,5000,0.1,866,0.4717647058823529,0.9513333333333333,0.19393553845420838,0.28295180722891555,0.7491216216216184,0.0023094688221709007,0.6003433641975282
10,0.3,5000,0.3,856,0.49529411764705883,0.9620000000000001,0.3030371110797304,0.12880418535127036,0.8341481481481507,0.004672897196261682,0.5632120500782484
10,0.3,5000,0.3,850,0.46,0.9633333333333334,0.2905023604270427,0.1335111111111108,0.8393269230769247,0.004705882352941176,0.533026004728131
10,0.3,5000,0.3,846,0.46,0.9566666666666664,0.2825857865207852,0.15277519379844928,0.8138213399503758,0.004728132387706856,0.5683887569279502
10,0.3,5000,0.3,868,0.47294117647058825,0.9726666666666671,0.29750114616889106,0.13678260869565204,0.8296700507614247,0.004608294930875576,0.559687500000002
10,0.3,5000,0.3,865,0.48705882352941177,0.9580000000000001,0.26405827291792483,0.13640522875816966,0.8126666666666689,0.004624277456647399,0.526964769647699
10,0.3,5000,0.3,851,0.4764705882352941,0.9560000000000001,0.2672582735810948,0.17750889679715323,0.811740740740744,0.005875440658049354,0.49785657998424176
10,0.3,5000,0.3,862,0.4717647058823529,1.0106666666666666,0.2621946199006697,0.182326892109501,0.7976923076923077,0.009280742459396751,0.41571818891490986
10,0.3,5000,0.5,873,0.46705882352941175,0.8873333333333331,0.16846380347678855,0,0.8492821782178243,0,0.6827109583810633
10,0.3,5000,0.3,869,0.4811764705882353,0.9680000000000001,0.30005881298074377,0.16468879668049774,0.8507035175879443,0.004602991944764097,0.5783275529865157
10,0.3,5000,0.5,888,0.46588235294117647,0.8820000000000001,0.17508531034979963,0,0.8561971830985929,0,0.7116403903903901
10,0.3,5000,0.3,875,0.4894117647058824,0.94,0.2770195968458845,0.14503736920777283,0.8340127388535057,0.004571428571428572,0.546716417910448
10,0.3,5000,0.5,853,0.4976470588235294,0.8880000000000003,0.17697601986379355,0,0.8542528735632245,0,0.7231301289566259
10,0.3,5000,0.5,871,0.46588235294117647,0.8866666666666665,0.16258632112957674,0,0.8327542372881382,0,0.6992307692307725
10,0.3,5000,0.5,876,0.44588235294117645,0.8873333333333335,0.16372091329506597,0,0.8353381642512102,0,0.6735768645357695
10,0.3,5000,0.5,857,0.49058823529411766,0.8866666666666667,0.16620696178958647,0,0.8362183235867476,0,0.7146946713341111
10,0.3,5000,0.5,838,0.48,0.8873333333333335,0.15751385013594735,0,0.815775656324586,0,0.6746738265712033
10,0.3,5000,0.5,818,0.49058823529411766,0.89,0.1743406708363844,0,0.8413227513227526,0,0.6705460472697646
10,0.3,5000,0.5,872,0.46588235294117647,0.8866666666666667,0.17265666169358268,0,0.8469078947368424,0,0.6357721712538263
10,0.3,5000,0.5,876,0.4541176470588235,0.8866666666666667,0.16282635110195445,0,0.8207692307692352,0,0.6846118721461211
10,0.3,5000,0.7,803,0.5058823529411764,0.894,0.16331712509150356,0,0.8258071278826035,0,0.7060315483603176
10,0.3,5000,0.7,832,0.46,0.8953333333333336,0.1701224058333799,0,0.8356900726392278,0,0.6822475961538483
10,0.3,5000,0.7,849,0.4988235294117647,0.8866666666666667,0.1671136987549694,0,0.8295652173913088,0,0.6693207695327847
10,0.3,5000,0.7,824,0.5058823529411764,0.89,0.17827857589991203,0,0.8519948186528534,0,0.6820792880258926
10,0.3,5000,0.7,829,0.4929411764705882,0.8913333333333333,0.15444884553905106,0,0.8328923076923099,0,0.6554000804181761
10,0.3,5000,0.7,834,0.5070588235294118,0.8886666666666666,0.17833288417396934,0,0.8520481927710876,0,0.7180015987210264
10,0.3,5000,0.7,861,0.46705882352941175,0.8879999999999999,0.17260952315557881,0,0.8319285714285762,0,0.6737979094076687
10,0.3,5000,0.7,856,0.4835294117647059,0.8873333333333335,0.17324025469590756,0,0.8429514563106832,0,0.7199376947040503
10,0.3,5000,0.7,855,0.49176470588235294,0.8873333333333335,0.16206265517734433,0,0.8316109422492421,0,0.6485964912280703
10,0.3,5000,0.7,885,0.4576470588235294,0.8819999999999999,0.1827765169752506,0,0.8421721311475445,0,0.6910734463276846
10,0.4,1000,0.1,857,0.48,0.9793333333333332,0.22111349544220843,0.29502283105022825,0.7858352578906828,0.003500583430571762,0.5963192818110825
10,0.4,1000,0.1,864,0.4988235294117647,0.974,0.20142176968950604,0.3160416666666671,0.7990833333333333,0.004629629629629629,0.5237868217054271
10,0.4,1000,0.1,894,0.46,0.9266666666666665,0.16426224727463132,0.34417218543046335,0.7488188976377943,0.0011185682326621924,0.5864688316535998
10,0.4,1000,0.1,853,0.48470588235294115,0.9720000000000003,0.19628000022268452,0.29823809523809514,0.7572549019607845,0.0035169988276670576,0.551462745098038
10,0.4,1000,0.1,868,0.45176470588235296,0.9726666666666669,0.19122534241501352,0.311466666666667,0.7449575757575768,0.004608294930875576,0.5185841049382712
10,0.4,1000,0.1,861,0.4776470588235294,0.9686666666666668,0.16128667829405835,0.33899224806201567,0.7377575757575769,0.003484320557491289,0.5236557886557867
10,0.4,1000,0.1,851,0.5,0.96,0.19505635059358034,0.3231428571428577,0.7572159090909085,0.0035252643948296123,0.5628380503144639
10,0.4,1000,0.1,869,0.48,0.9640000000000002,0.1853472573803202,0.32235668789808963,0.736225490196079,0.004602991944764097,0.5134219653179197
10,0.4,1000,0.1,884,0.4776470588235294,0.9633333333333332,0.17696091129705047,0.3185393258426966,0.7379150579150588,0.003393665158371041,0.5300037835792636
10,0.4,1000,0.1,870,0.4611764705882353,0.9526666666666666,0.17775697558081627,0.33340336134453796,0.7478490990991006,0.0034482758620689655,0.543152633602459
10,0.4,1000,0.3,854,0.5152941176470588,0.9540000000000002,0.2864900365259866,0.14878654970760222,0.8581617647058841,0.00468384074941452,0.5450000000000007
10,0.4,1000,0.3,863,0.44941176470588234,0.9446666666666665,0.2860410812463153,0.16857723577235756,0.8617453798767993,0.002317497103128621,0.6386914440572995
10,0.4,1000,0.3,812,0.4811764705882353,0.9686666666666663,0.2637196213211121,0.14627450980392132,0.7984302325581443,0.003694581280788177,0.5595673671199028
10,0.4,1000,0.3,840,0.48470588235294115,0.94,0.26976005258411506,0.139270833333333,0.8034584450402182,0.0035714285714285713,0.5631859816806074
10,0.4,1000,0.3,845,0.5141176470588236,0.9446666666666664,0.25734786950450655,0.1771132376395537,0.8306037735849077,0.004733727810650888,0.5354458977407879
10,0.4,1000,0.3,897,0.46705882352941175,0.9406666666666667,0.31329141092486523,0.12298091042584405,0.8436554621848777,0.004459308807134894,0.5938185890257569
10,0.4,1000,0.3,844,0.5070588235294118,0.9526666666666667,0.2639205667418264,0.18940705128205135,0.8447781569965891,0.0035545023696682463,0.5505469678953647
10,0.4,1000,0.3,907,0.4611764705882353,0.9560000000000001,0.2668376864284967,0.17465686274509795,0.8395086705202346,0.0033076074972436605,0.5690929203539841
10,0.4,1000,0.3,871,0.43529411764705883,0.9366666666666664,0.2566177306485727,0.12664197530864207,0.8193661971831024,0.002296211251435132,0.6124779439969341
10,0.4,1000,0.3,855,0.47411764705882353,0.9580000000000003,0.2749789088937516,0.14235042735042724,0.8074675324675346,0.004678362573099415,0.5220211515863704
10,0.4,1000,0.5,868,0.4611764705882353,0.8866666666666667,0.16835848875396878,0,0.8317623762376264,0,0.7042050691244255
10,0.4,1000,0.5,857,0.4752941176470588,0.8879999999999999,0.1722831453396065,0,0.8557284768211932,0,0.6342901594710268
10,0.4,1000,0.5,857,0.4588235294117647,0.8866666666666667,0.1687581992262678,0,0.8406649616368328,0,0.670447296771685
10,0.4,1000,0.5,844,0.4623529411764706,0.8873333333333333,0.1544269532212437,0,0.8361625282167083,0,0.7059123222748819
10,0.4,1000,0.5,854,0.4682352941176471,0.8873333333333335,0.18354908416062912,0,0.8520956719817807,0,0.6878805620608909
10,0.4,1000,0.5,835,0.4811764705882353,0.8893333333333335,0.17404130732891746,0,0.850431034482761,0,0.6579161676646728
10,0.4,1000,0.5,899,0.49411764705882355,0.8813333333333334,0.15408026928020194,0,0.818414096916302,0,0.6870226177233979
10,0.4,1000,0.5,838,0.4894117647058824,0.89,0.17189123096615927,0,0.8457114624505971,0,0.7250795544948302
10,0.4,1000,0.5,863,0.4776470588235294,0.8873333333333335,0.16814992978327375,0,0.8439000000000006,0,0.6428775589030549
10,0.4,1000,0.5,843,0.4976470588235294,0.8893333333333334,0.15751983575947706,0,0.8152618453865377,0,0.6663661526294993
10,0.4,1000,0.7,857,0.4788235294117647,0.8866666666666667,0.15536228416053358,0,0.8279322033898319,0,0.6360676779463261
10,0.4,1000,0.7,888,0.4411764705882353,0.8873333333333335,0.16628301551138938,0,0.8418320610687037,0,0.7147447447447466
10,0.4,1000,0.7,864,0.4823529411764706,0.8866666666666667,0.17377144311089793,0,0.8405665024630576,0,0.6761381172839522
10,0.4,1000,0.7,809,0.5011764705882353,0.894,0.17969128943425644,0,0.8451351351351386,0,0.6761186650185435
10,0.4,1000,0.7,814,0.47294117647058825,0.8933333333333333,0.16023315830565807,0,0.8308018867924563,0,0.6879975429975459
10,0.4,1000,0.7,850,0.4611764705882353,0.8873333333333333,0.16954655406750785,0,0.8326997840172833,0,0.6949764705882372
10,0.4,1000,0.7,877,0.4835294117647059,0.8873333333333333,0.16675199364242388,0,0.8257142857142893,0,0.671212466742686
10,0.4,1000,0.7,880,0.44588235294117645,0.8879999999999999,0.1683407214526926,0,0.8291590909090943,0,0.6768030303030304
10,0.4,1000,0.7,865,0.49411764705882355,0.8880000000000001,0.1548035820144219,0,0.8145110410094676,0,0.6350173410404643
10,0.4,1000,0.7,861,0.4788235294117647,0.8873333333333335,0.163450594035768,0,0.8300000000000042,0,0.7034533488192029
10,0.4,20000,0.1,818,0.4647058823529412,0.9433333333333334,0.18040097423620086,0.29573964497041416,0.7640598290598296,0.003667481662591687,0.553022494887525
10,0.4,20000,0.1,868,0.46352941176470586,0.9626666666666669,0.21110827347805786,0.3124291497975709,0.795723270440252,0.004608294930875576,0.5613850308641969
10,0.4,20000,0.1,853,0.47411764705882353,0.9706666666666665,0.18565862318076434,0.3067796610169488,0.7297877652933852,0.004689331770222743,0.5144091087553971
10,0.4,20000,0.1,845,0.46705882352941175,0.96,0.19876849399408683,0.29300492610837414,0.7811854460093897,0.0035502958579881655,0.5679928741092631
10,0.4,20000,0.1,854,0.47294117647058825,0.9699999999999999,0.18312700052655131,0.33672077922077953,0.7336138079827413,0.00351288056206089,0.5338738738738705
10,0.4,20000,0.1,855,0.46588235294117647,0.9446666666666668,0.17807901007535698,0.30247191011235947,0.7466666666666676,0.0023391812865497076,0.5574286830793258
10,0.4,20000,0.1,832,0.49529411764705883,0.9513333333333335,0.184029701506466,0.3186538461538459,0.7536000000000006,0.003605769230769231,0.5604221954161641
10,0.4,20000,0.1,851,0.48823529411764705,0.9379999999999997,0.18810381666790138,0.2734437086092714,0.7506933333333333,0.0023501762632197414,0.581382018060462
10,0.4,20000,0.1,854,0.5141176470588236,0.9673333333333335,0.20520516421298193,0.2893956043956044,0.7668280871670669,0.00234192037470726,0.5896674491392785
10,0.4,20000,0.3,872,0.4776470588235294,0.9766666666666667,0.29642113627461514,0.13857318573185728,0.8631111111111136,0.005733944954128441,0.508958093041139
10,0.4,20000,0.1,817,0.46941176470588236,0.9606666666666668,0.1677079660913631,0.32639053254437866,0.7401449275362332,0.0024479804161566705,0.5701186094069495
10,0.4,20000,0.3,823,0.48705882352941177,0.9680000000000001,0.27997991124567917,0.14803379416282633,0.8216285714285749,0.004860267314702308,0.5532071632071638
10,0.4,20000,0.3,834,0.5117647058823529,0.9893333333333337,0.29264597379832047,0.11278538812785371,0.8283061889250826,0.004796163069544364,0.5323293172690781
10,0.4,20000,0.3,871,0.48823529411764705,0.9453333333333338,0.2650081692654999,0.13591397849462342,0.8536727272727284,0.003444316877152698,0.5436981566820297
10,0.4,20000,0.3,890,0.4835294117647059,0.9473333333333332,0.2697953670379512,0.12933333333333322,0.846092715231789,0.0033707865168539327,0.5591544532130797
10,0.4,20000,0.3,844,0.48,0.9586666666666668,0.3054262620762336,0.15477401129943513,0.8666763005780365,0.004739336492890996,0.5628531746031761
10,0.4,20000,0.3,858,0.46588235294117647,0.9306666666666669,0.2763613058686015,0.1553451676528599,0.8440306122449001,0.0034965034965034965,0.5872202729044852
10,0.4,20000,0.3,882,0.4764705882352941,0.9573333333333333,0.28319977121540096,0.14405982905982886,0.8763333333333345,0.0045351473922902496,0.5292672741078217
10,0.4,20000,0.3,839,0.4964705882352941,0.944,0.25139729857567467,0.14123752495009972,0.8104416403785527,0.003575685339690107,0.5624800637958544
10,0.4,20000,0.5,836,0.48705882352941177,0.8879999999999999,0.16538362567649376,0,0.8365825688073427,0,0.6896850079744853
10,0.4,20000,0.5,867,0.46352941176470586,0.8866666666666665,0.1836752194560267,0,0.8561096605744152,0,0.6684582852748955
10,0.4,20000,0.5,851,0.47058823529411764,0.8873333333333335,0.17819668610480507,0,0.853846153846157,0,0.6784606345475942
10,0.4,20000,0.3,853,0.4717647058823529,0.9359999999999998,0.2507959811249875,0.15281250000000007,0.8618518518518535,0.0023446658851113715,0.5816725421073274
10,0.4,20000,0.5,859,0.49058823529411766,0.8886666666666667,0.17102259047097867,0,0.8384000000000031,0,0.663764066744277
10,0.4,20000,0.5,804,0.48823529411764705,0.8933333333333333,0.16305243713879494,0,0.8269975186104258,0,0.6813847429519109
10,0.4,20000,0.5,877,0.48705882352941177,0.8846666666666668,0.18122205796233665,0,0.8592485549132973,0,0.65066894716838
10,0.4,20000,0.5,808,0.49176470588235294,0.894,0.18045806216113594,0,0.8507004830917904,0,0.6875742574257451
10,0.4,20000,0.5,847,0.4764705882352941,0.8873333333333335,0.16207422326207113,0,0.8225784753363256,0,0.6850413223140501
10,0.4,20000,0.5,866,0.4717647058823529,0.8873333333333331,0.15655355014495523,0,0.8330309734513324,0,0.6978560431100863
10,0.4,20000,0.5,846,0.48705882352941177,0.8880000000000001,0.17688328532849631,0,0.845150602409641,0,0.6455634357762053
10,0.4,20000,0.7,857,0.4823529411764706,0.8886666666666667,0.17489324118502866,0,0.8375654450261812,0,0.6609646052119814
10,0.4,20000,0.7,804,0.4752941176470588,0.8933333333333333,0.15655250337991586,0,0.8180088495575258,0,0.6959991708126054
10,0.4,20000,0.7,887,0.4541176470588235,0.8846666666666666,0.16462636578084294,0,0.8362698412698438,0,0.6599436302142067
10,0.4,20000,0.7,869,0.4388235294117647,0.8886666666666667,0.15761917056763833,0,0.8288559322033946,0,0.696628308400461
10,0.4,20000,0.7,895,0.4823529411764706,0.8800000000000002,0.16599839294078336,0,0.831909448818903,0,0.7041303538175042
10,0.4,20000,0.7,857,0.4588235294117647,0.8873333333333335,0.18276828910341697,0,0.851780219780222,0,0.6957292882147035
10,0.4,20000,0.7,815,0.5047058823529412,0.8920000000000001,0.1529935902267621,0,0.8361168384879775,0,0.7493783231083851
10,0.4,20000,0.7,844,0.4929411764705882,0.8866666666666667,0.1649907585735766,0,0.838315412186383,0,0.7348538704581371
10,0.4,20000,0.7,854,0.5152941176470588,0.8866666666666667,0.17247578082564125,0,0.8536069114470882,0,0.7077127244340371
10,0.4,20000,0.7,862,0.4717647058823529,0.8873333333333333,0.15749360500908152,0,0.8220810810810839,0,0.6545862335653536
10,0.4,3000,0.1,854,0.4811764705882353,0.9493333333333334,0.21445565710816344,0.28640776699029125,0.7811764705882341,0.00351288056206089,0.5826870348609452
10,0.4,3000,0.1,855,0.49058823529411766,0.9540000000000002,0.17191094348702504,0.2815483870967742,0.7373879781420782,0.0023391812865497076,0.56175849941383
10,0.4,3000,0.1,902,0.47058823529411764,0.9446666666666668,0.1628210478950723,0.33510309278350475,0.7252991452991459,0.0022172949002217295,0.5665185185185154
10,0.4,3000,0.1,861,0.4776470588235294,0.96,0.17472612827701936,0.31899999999999995,0.7387407407407421,0.0023228803716608595,0.5525649980597584
10,0.4,3000,0.1,851,0.49529411764705883,0.9506666666666668,0.1929826123863056,0.32345177664974595,0.7627489711934149,0.0023501762632197414,0.5908676874754595
10,0.4,3000,0.1,859,0.4717647058823529,0.9300000000000002,0.17101521613654724,0.333660130718954,0.7506719022687596,0.0011641443538998836,0.5897940947940932
10,0.4,3000,0.1,858,0.4470588235294118,0.9613333333333335,0.1847864354236633,0.29444444444444445,0.75911898274296,0.002331002331002331,0.5822390965732062
10,0.4,3000,0.1,850,0.4764705882352941,0.9413333333333335,0.1747765498459367,0.3081730769230763,0.7279863481228678,0.0035294117647058825,0.5482093663911828
10,0.4,3000,0.1,857,0.48823529411764705,0.9673333333333333,0.1746156583885796,0.3117154811715481,0.7390789473684225,0.003500583430571762,0.5343754879000757
10,0.4,3000,0.1,861,0.4788235294117647,0.9693333333333332,0.2157977505527812,0.2965400843881855,0.7830965391621125,0.003484320557491289,0.5748834498834487
10,0.4,3000,0.3,858,0.4647058823529412,0.9793333333333332,0.28488400489634835,0.14586297760210798,0.8083040935672551,0.005827505827505828,0.5258772958186803
10,0.4,3000,0.3,824,0.5047058823529412,0.9599999999999999,0.27904325452247913,0.15270175438596487,0.828590078328985,0.0036407766990291263,0.5832277710109638
10,0.4,3000,0.3,883,0.4811764705882353,0.9953333333333332,0.3155356680672828,0.12273092369477877,0.8481233933161988,0.0056625141562853904,0.5582194381169334
10,0.4,3000,0.3,882,0.4576470588235294,0.9446666666666668,0.2422169699360305,0.16545454545454524,0.8315079365079375,0.003401360544217687,0.5447591960561268
10,0.4,3000,0.3,839,0.48470588235294115,0.9859999999999999,0.30592518319037404,0.12820408163265282,0.8237600000000025,0.004767580452920143,0.5573612774451114
10,0.4,3000,0.3,873,0.46588235294117647,0.9786666666666668,0.2779352958403007,0.16240049751243785,0.8050308641975338,0.0057273768613974796,0.5255913978494651
10,0.4,3000,0.3,826,0.5058823529411764,0.9426666666666665,0.261053033216713,0.13425438596491227,0.8215159574468132,0.002421307506053269,0.5944215210356022
10,0.4,3000,0.3,822,0.49529411764705883,0.9699999999999999,0.29540901936281827,0.13831871345029206,0.854871794871797,0.004866180048661801,0.5418133659331718
10,0.4,3000,0.3,805,0.5129411764705882,0.9486666666666668,0.29500048207977614,0.1250440917107582,0.8511627906976761,0.0037267080745341614,0.5744264339152122
10,0.4,3000,0.3,815,0.4858823529411765,0.9479999999999995,0.2793216838134771,0.14452241715399586,0.8302337662337709,0.0036809815950920245,0.5948727422003323
10,0.4,3000,0.5,877,0.46,0.8866666666666667,0.16235402933344847,0,0.8292288557213944,0,0.668034967692894
10,0.4,3000,0.5,852,0.4447058823529412,0.8873333333333335,0.16961954577700988,0,0.8470076726342753,0,0.6757237871674534
10,0.4,3000,0.5,838,0.4764705882352941,0.8920000000000001,0.1823386890185271,0,0.8528351648351681,0,0.7006961018297547
10,0.4,3000,0.5,819,0.5023529411764706,0.894,0.1851066223378539,0,0.8483610451306433,0,0.6827024827024852
10,0.4,3000,0.5,834,0.4835294117647059,0.894,0.18011206773044758,0,0.8494766355140219,0,0.7282214228617117
10,0.4,3000,0.5,867,0.46941176470588236,0.8866666666666667,0.17732041179932032,0,0.8489260143198124,0,0.682483660130721
10,0.4,3000,0.5,877,0.48470588235294115,0.8866666666666667,0.1704722778012231,0,0.8444508670520247,0,0.6508551881413952
10,0.4,3000,0.5,865,0.4894117647058824,0.8866666666666667,0.17136709062639818,0,0.8480229885057495,0,0.6874759152215815
10,0.4,3000,0.5,896,0.45176470588235296,0.88,0.14175080200198203,0,0.8087438423645359,0,0.6729724702380955
10,0.4,3000,0.5,855,0.4835294117647059,0.8879999999999999,0.17612596738074604,0,0.8393579766536983,0,0.7078089668615999
10,0.4,3000,0.7,840,0.4823529411764706,0.89,0.15712292314548784,0,0.8207036247334786,0,0.6980436507936522
10,0.4,3000,0.7,855,0.46352941176470586,0.8879999999999996,0.1830417379916825,0,0.8614739229024962,0,0.6957115009746605
10,0.4,3000,0.7,855,0.45647058823529413,0.8866666666666668,0.15286188614186824,0,0.8176800000000033,0,0.6714736842105264
10,0.4,3000,0.7,905,0.49176470588235294,0.880666666666667,0.16168365779454913,0,0.8420121951219541,0,0.6433296500920834
10,0.4,3000,0.7,814,0.4788235294117647,0.8946666666666668,0.17389923112633388,0,0.8479009433962292,0,0.6946355446355452
10,0.4,3000,0.7,862,0.47294117647058825,0.8866666666666667,0.15175498966179204,0,0.8203571428571466,0,0.684303944315547
10,0.4,3000,0.7,817,0.4929411764705882,0.8919999999999999,0.18044006215658423,0,0.8484867075664654,0,0.7144594043247671
10,0.4,3000,0.7,844,0.46352941176470586,0.8879999999999999,0.16828620305906353,0,0.8358013544018089,0,0.6888191153238562
10,0.4,3000,0.7,872,0.47294117647058825,0.8873333333333335,0.16873974331380143,0,0.84928082191781,0,0.744128440366973
10,0.4,3000,0.7,883,0.4717647058823529,0.8840000000000001,0.1514439464532947,0,0.8246953405017943,0,0.6302340505851283
10,0.4,4000,0.1,792,0.5070588235294118,0.9520000000000001,0.2081748005756516,0.31576190476190485,0.7923216187433435,0.003787878787878788,0.5663793831854661
10,0.4,4000,0.1,851,0.47411764705882353,0.9753333333333334,0.1926588704374432,0.3023920265780733,0.7224549549549565,0.005875440658049354,0.525811662726554
10,0.4,4000,0.1,878,0.46588235294117647,0.954666666666667,0.20235894015455053,0.29055350553505555,0.7813974358974359,0.004555808656036446,0.5265064836003044
10,0.4,4000,0.1,873,0.48,0.9766666666666669,0.19429912925098916,0.292169491525424,0.7755555555555562,0.004581901489117984,0.5061373225930181
10,0.4,4000,0.1,881,0.4964705882352941,0.9746666666666662,0.17815132199014033,0.33066066066066097,0.7262758620689663,0.004540295119182747,0.5128240212846823
10,0.4,4000,0.1,885,0.4623529411764706,0.954,0.17100157059231094,0.3177450980392161,0.7422933333333342,0.0022598870056497176,0.5457229143072839
10,0.4,4000,0.1,847,0.49058823529411766,0.9693333333333339,0.17358752945337616,0.29086021505376347,0.760416666666668,0.0035419126328217238,0.5344826224328594
10,0.4,4000,0.1,868,0.4752941176470588,0.932,0.16406489389093612,0.30186868686868723,0.7268794326241147,0.002304147465437788,0.5397729022324861
10,0.4,4000,0.1,893,0.49176470588235294,0.9586666666666663,0.18056298328370904,0.3297993311036795,0.7436705577172513,0.0033594624860022394,0.5314119850187251
10,0.4,4000,0.1,875,0.4929411764705882,0.9753333333333336,0.18984401625080802,0.30175373134328365,0.7477116402116403,0.004571428571428572,0.5261461921163431
10,0.4,4000,0.3,848,0.5023529411764706,0.9533333333333334,0.28558827664381414,0.1355495495495494,0.85477876106195,0.003537735849056604,0.5702287968441823
10,0.4,4000,0.3,836,0.4835294117647059,0.959333333333333,0.2760429641564894,0.11536630036630033,0.8153025936599457,0.0035885167464114833,0.5655582232893172
10,0.4,4000,0.3,864,0.46352941176470586,0.9533333333333331,0.27170268281677945,0.13745421245421224,0.8321902017291103,0.003472222222222222,0.5657994579945808
10,0.4,4000,0.3,812,0.49411764705882355,0.9613333333333335,0.27967708954819215,0.15792998477929987,0.8203313253012077,0.0049261083743842365,0.5425907590759099
10,0.4,4000,0.3,822,0.48470588235294115,0.9306666666666666,0.28311997588322135,0.12456140350877196,0.8613672922252033,0.0024330900243309003,0.6141260162601648
10,0.4,4000,0.3,859,0.48823529411764705,0.9786666666666669,0.3099643026192169,0.1737696969696972,0.8628176795580146,0.005820721769499418,0.5533255269320855
10,0.4,4000,0.3,849,0.4647058823529412,0.9566666666666664,0.26944496217920133,0.13369731800766263,0.817044198895031,0.0035335689045936395,0.5772655634357787
10,0.4,4000,0.3,859,0.4929411764705882,1.0006666666666666,0.32207243780662825,0.14294372294372312,0.8558858858858893,0.005820721769499418,0.5214090554254489
10,0.4,4000,0.3,809,0.4788235294117647,0.9639999999999997,0.30692936949120225,0.11978653530377653,0.8286741573033717,0.004944375772558714,0.5914534161490674
10,0.4,4000,0.5,821,0.4858823529411765,0.8933333333333335,0.16513513198544547,0,0.8332024169184321,0,0.6470280146163235
10,0.4,4000,0.5,865,0.47294117647058825,0.8879999999999999,0.16308653895807684,0,0.8495910780669166,0,0.6237456647398865
10,0.4,4000,0.3,872,0.4623529411764706,0.9620000000000001,0.2860864527902817,0.15139695712309817,0.8558510638297889,0.0045871559633027525,0.5285560675883266
10,0.4,4000,0.5,852,0.4752941176470588,0.8866666666666665,0.1653887647568799,0,0.8282505399568054,0,0.69052034428795
10,0.4,4000,0.5,874,0.4752941176470588,0.8866666666666667,0.16709572257900918,0,0.8365206185567041,0,0.6624065598779573
10,0.4,4000,0.5,868,0.48,0.8886666666666667,0.18449173609331732,0,0.8532087912087936,0,0.6948310291858693
10,0.4,4000,0.5,854,0.4835294117647059,0.8873333333333335,0.17630429823343113,0,0.8502119460501009,0,0.7207845433255281
10,0.4,4000,0.5,879,0.47058823529411764,0.8840000000000001,0.17930388015916746,0,0.8560619469026591,0,0.6965984072810013
10,0.4,4000,0.5,878,0.4647058823529412,0.8880000000000001,0.160641447156478,0,0.8403546099290825,0,0.6863667425968133
10,0.4,4000,0.5,868,0.4764705882352941,0.8873333333333335,0.1721299466311989,0,0.849451371571075,0,0.6756797235023051
10,0.4,4000,0.5,864,0.43529411764705883,0.8873333333333333,0.1774858123525544,0,0.8515873015873054,0,0.6894135802469159
10,0.4,4000,0.7,859,0.5035294117647059,0.8866666666666667,0.17824190333672987,0,0.8443945312500041,0,0.7133294528521541
10,0.4,4000,0.7,905,0.4588235294117647,0.88,0.18196924129464428,0,0.8574193548387111,0,0.7027882136279936
10,0.4,4000,0.7,858,0.5070588235294118,0.8866666666666665,0.15691504034715417,0,0.8365240641711253,0,0.6714335664335676
10,0.4,4000,0.7,852,0.47294117647058825,0.8866666666666667,0.19137128753685834,0,0.8707623318385671,0,0.6974960876369334
10,0.4,4000,0.7,856,0.4611764705882353,0.8866666666666668,0.17903713432520324,0,0.8592110091743153,0,0.7340070093457942
10,0.4,4000,0.7,858,0.45294117647058824,0.8873333333333335,0.1794235614965852,0,0.8500691244239648,0,0.6836596736596753
10,0.4,4000,0.7,854,0.4964705882352941,0.8866666666666667,0.17785556419696874,0,0.8456265984654744,0,0.6731303669008617
10,0.4,4000,0.7,853,0.49529411764705883,0.8873333333333335,0.17397321992775094,0,0.8440305010893289,0,0.6938022665103578
10,0.4,4000,0.7,824,0.48705882352941177,0.8919999999999999,0.16258346470179025,0,0.8222277227722794,0,0.6740331715210376
10,0.4,4000,0.7,867,0.48,0.8866666666666667,0.17191058574273463,0,0.846028368794331,0,0.688254517493273
10,0.4,5000,0.1,858,0.4576470588235294,0.9713333333333335,0.21752828169150307,0.2732432432432431,0.7725505050505039,0.004662004662004662,0.577002341920373
10,0.4,5000,0.1,913,0.4211764705882353,0.9419999999999997,0.19986937776438352,0.2848251748251748,0.7714560099132549,0.002190580503833516,0.63562019758507
10,0.4,5000,0.1,857,0.4823529411764706,0.9633333333333334,0.2015667699938512,0.30074074074074064,0.7600496277915619,0.003500583430571762,0.5808079625292721
10,0.4,5000,0.1,866,0.47294117647058825,0.9813333333333333,0.19511464142748544,0.29673640167364035,0.7525100401606443,0.004618937644341801,0.5496210363495728
10,0.4,5000,0.1,866,0.4811764705882353,0.9526666666666667,0.21283805355649446,0.2559748427672956,0.7849579124579102,0.003464203233256351,0.5851062186172261
10,0.4,5000,0.1,881,0.4717647058823529,0.9606666666666667,0.1897750552723582,0.2922340425531914,0.7727144408251909,0.00340522133938706,0.5622551252847366
10,0.4,5000,0.1,873,0.4764705882352941,0.9646666666666666,0.19961616486993436,0.29858736059479574,0.752336548767418,0.004581901489117984,0.5325700038358266
10,0.4,5000,0.1,862,0.46705882352941175,0.9693333333333337,0.1787271132359686,0.32175097276264647,0.7393168433451128,0.0034802784222737818,0.5367869615832329
10,0.4,5000,0.1,831,0.4823529411764706,0.9766666666666669,0.18227890134955343,0.28248618784530405,0.7476902887139113,0.0036101083032490976,0.5424999999999984
10,0.4,5000,0.1,826,0.4752941176470588,0.9813333333333335,0.19104422417934147,0.3260958904109596,0.7564402515723275,0.0036319612590799033,0.5298096395301711
10,0.4,5000,0.3,866,0.48823529411764705,0.954,0.2617534506354082,0.1607834101382488,0.8348449612403128,0.004618937644341801,0.5287316318638842
10,0.4,5000,0.3,868,0.4647058823529412,0.9626666666666666,0.29153589157991355,0.14612078977932627,0.804617647058827,0.00576036866359447,0.5115449980687536
10,0.4,5000,0.3,853,0.49529411764705883,0.9833333333333335,0.2852388626038962,0.17300524934383216,0.83979166666667,0.005861664712778429,0.5400275157232728
10,0.4,5000,0.3,831,0.48470588235294115,0.9899999999999998,0.3102720729900307,0.13981240981240964,0.8505970149253778,0.0048134777376654635,0.5738573155985522
10,0.4,5000,0.3,849,0.47411764705882353,0.9653333333333336,0.30738306030553525,0.16119549929676527,0.8718181818181854,0.004711425206124852,0.5646311637080884
10,0.4,5000,0.3,860,0.5188235294117647,0.9706666666666668,0.29075644542870605,0.125054945054945,0.8789783281733764,0.0034883720930232558,0.5667483469467142
10,0.4,5000,0.3,876,0.4788235294117647,0.98,0.27313110110941097,0.18837606837606874,0.8175655430711645,0.005707762557077625,0.5047034060466914
10,0.4,5000,0.3,866,0.47058823529411764,0.9826666666666669,0.30824170939148315,0.13167919799498734,0.8415850144092236,0.005773672055427252,0.52439024390244
10,0.4,5000,0.3,866,0.4329411764705882,0.9413333333333332,0.27711465481256575,0.15542682926829268,0.8494188861985513,0.003464203233256351,0.6047431440710712
10,0.4,5000,0.3,824,0.49529411764705883,0.9713333333333333,0.2979115943297166,0.13906122448979577,0.8561209964412809,0.0048543689320388345,0.5273780487804873
10,0.4,5000,0.5,871,0.48705882352941177,0.8866666666666667,0.1576046645418684,0,0.8240454545454587,0,0.6879104477611948
10,0.4,5000,0.5,871,0.4929411764705882,0.8879999999999999,0.17369033682406762,0,0.8488971962616839,0,0.7195139686184457
10,0.4,5000,0.5,865,0.49058823529411766,0.8853333333333332,0.15471897225640857,0,0.8332980972515894,0,0.7026705202312139
10,0.4,5000,0.5,878,0.4752941176470588,0.8853333333333334,0.16379691558215784,0,0.836541176470592,0,0.67750189825361
10,0.4,5000,0.5,852,0.48470588235294115,0.8873333333333333,0.18342967924520642,0,0.8577850877193021,0,0.698188575899845
10,0.4,5000,0.5,887,0.48,0.8826666666666665,0.17439592157315317,0,0.8459862385321113,0,0.6856933483652758
10,0.4,5000,0.5,881,0.46588235294117647,0.8866666666666667,0.17344689818066636,0,0.8379515418502217,0,0.6876125614831652
10,0.4,5000,0.5,865,0.4835294117647059,0.8866666666666668,0.17282486256793364,0,0.8326603325415726,0,0.6705510597302524
10,0.4,5000,0.5,852,0.4611764705882353,0.8873333333333333,0.1660675377525381,0,0.8547595356550621,0,0.7569287949921761
10,0.4,5000,0.5,857,0.4776470588235294,0.8866666666666663,0.16902979302875637,0,0.8503252032520356,0,0.7143873978996502
10,0.4,5000,0.7,899,0.46,0.8806666666666668,0.1614328192051024,0,0.8369597989949782,0,0.670107526881724
10,0.4,5000,0.7,870,0.4929411764705882,0.8853333333333334,0.16398756785343918,0,0.8339449541284423,0,0.6465172413793115
10,0.4,5000,0.7,872,0.4576470588235294,0.8866666666666668,0.16405538918884133,0,0.8344989775051176,0,0.7069686544342508
10,0.4,5000,0.7,838,0.45529411764705885,0.8886666666666667,0.17291015072862484,0,0.8486991869918741,0,0.7139498806682595
10,0.4,5000,0.7,896,0.46588235294117647,0.8820000000000001,0.1454348064288248,0,0.824757834757839,0,0.6643303571428579
10,0.4,5000,0.7,833,0.47058823529411764,0.8906666666666666,0.17110245254192005,0,0.8469911504424812,0,0.7390036014405778
10,0.4,5000,0.7,838,0.48705882352941177,0.8886666666666667,0.17074151236854726,0,0.8440206185567047,0,0.6710222752585553
10,0.4,5000,0.7,858,0.4623529411764706,0.8866666666666667,0.17750025766669694,0,0.8529157667386648,0,0.7080458430458434
10,0.4,5000,0.7,870,0.4647058823529412,0.8879999999999999,0.1530866847736231,0,0.8261174242424284,0,0.7117432950191579
10,0.4,5000,0.7,857,0.5176470588235295,0.8879999999999999,0.1501357929379394,0,0.8210311284046728,0,0.7144612991054076
10,0.5,1000,0.1,831,0.49058823529411766,0.9860000000000004,0.1730809610425155,0.3152842809364556,0.715502645502647,0.0048134777376654635,0.504409512293428
10,0.5,1000,0.1,858,0.4929411764705882,0.9673333333333333,0.19976620260386882,0.3036923076923078,0.7716491228070181,0.004662004662004662,0.5392076502732238
10,0.5,1000,0.1,833,0.49058823529411766,0.9799999999999996,0.212559478377619,0.3122429906542059,0.7661563517915319,0.006002400960384154,0.5280595813204496
10,0.5,1000,0.1,907,0.4423529411764706,0.9946666666666668,0.2068850201089257,0.2961968085106387,0.763646258503402,0.006615214994487321,0.5035146133925258
10,0.5,1000,0.1,855,0.4717647058823529,0.9426666666666665,0.17236553876652846,0.33722656250000066,0.7230404040404056,0.0035087719298245615,0.5574100156494465
10,0.5,1000,0.1,843,0.4682352941176471,0.9280000000000002,0.16574970543069048,0.3244029850746267,0.7319985875706175,0.002372479240806643,0.6082956797463303
10,0.5,1000,0.1,882,0.4647058823529412,0.9513333333333335,0.18437222261814762,0.29854368932038816,0.7568468468468484,0.003401360544217687,0.5559651118695464
10,0.5,1000,0.1,850,0.4576470588235294,0.9646666666666666,0.1843871097611207,0.27888157894736826,0.7732147093712949,0.0035294117647058825,0.5669500196772913
10,0.5,1000,0.1,852,0.4764705882352941,0.9446666666666668,0.19238877274749902,0.27846153846153865,0.7633050047214356,0.002347417840375587,0.5794509803921568
10,0.5,1000,0.1,853,0.48470588235294115,0.9446666666666668,0.18530457327251545,0.2711764705882354,0.7592773892773905,0.0035169988276670576,0.5559725490196069
10,0.5,1000,0.3,853,0.4929411764705882,0.9800000000000002,0.2873862400933707,0.14976290097629003,0.8549128919860646,0.004689331770222743,0.5259874361994525
10,0.5,1000,0.3,882,0.4505882352941176,0.974,0.2869951256116238,0.12205673758865228,0.806805555555559,0.0045351473922902496,0.5451214882308277
10,0.5,1000,0.3,867,0.48,0.9653333333333334,0.3070099085222739,0.10117647058823526,0.8867741935483887,0.00461361014994233,0.5558516801854008
10,0.5,1000,0.3,897,0.4611764705882353,0.9580000000000003,0.2792054408322054,0.16587719298245598,0.8349691358024722,0.005574136008918618,0.5223094170403603
10,0.5,1000,0.3,852,0.5023529411764706,0.9560000000000001,0.26878721850939213,0.16663677130044852,0.8336654804270497,0.004694835680751174,0.5350275157232717
10,0.5,1000,0.3,862,0.4811764705882353,0.9433333333333335,0.2580568336073356,0.1418222222222222,0.820381679389317,0.0034802784222737818,0.5976523088863054
10,0.5,1000,0.3,840,0.48823529411764705,0.9713333333333335,0.24081350290324663,0.1646560846560844,0.8051282051282069,0.0035714285714285713,0.5332616487455213
10,0.5,1000,0.3,867,0.47058823529411764,0.9713333333333333,0.2999524303157771,0.12966841186736452,0.8660148514851518,0.0034602076124567475,0.6060185185185188
10,0.5,1000,0.3,860,0.48823529411764705,0.9566666666666669,0.2650970462778234,0.16927304964538992,0.8306128133704775,0.0034883720930232558,0.5946985608712585
10,0.5,1000,0.5,858,0.47294117647058825,0.8873333333333333,0.16667194533776825,0,0.8425051759834398,0,0.7087995337995348
10,0.5,1000,0.5,845,0.4776470588235294,0.8873333333333333,0.15912590307706165,0,0.8208997955010262,0,0.7021262327416192
10,0.5,1000,0.3,845,0.4811764705882353,0.9519999999999998,0.2662855289682935,0.16871674491392802,0.8111206896551738,0.004733727810650888,0.5509512485136749
10,0.5,1000,0.5,901,0.46588235294117647,0.8826666666666667,0.17773443523013083,0,0.8521927710843391,0,0.6810062893081772
10,0.5,1000,0.5,829,0.4858823529411765,0.8906666666666666,0.16402189030721576,0,0.8276712328767146,0,0.687032569360676
10,0.5,1000,0.5,893,0.4647058823529412,0.8806666666666665,0.16489306604806167,0,0.8306150341685669,0,0.6826017170586038
10,0.5,1000,0.5,838,0.5,0.8886666666666667,0.17870361276125304,0,0.8609251968503967,0,0.7268615751789983
10,0.5,1000,0.5,851,0.49529411764705883,0.8873333333333335,0.16777525578765512,0,0.829817629179334,0,0.6404269486878208
10,0.5,1000,0.5,863,0.4811764705882353,0.8866666666666667,0.1859166189843909,0,0.859644351464438,0,0.698651989185014
10,0.5,1000,0.5,865,0.4752941176470588,0.8873333333333333,0.18324822270405247,0,0.8467612293144235,0,0.6734527938342992
10,0.5,1000,0.5,850,0.5141176470588236,0.8866666666666667,0.1630522937163241,0,0.8413770491803316,0,0.6441568627450994
10,0.5,1000,0.7,862,0.46705882352941175,0.8873333333333333,0.14873185672162811,0,0.8099484536082516,0,0.6638399071925779
10,0.5,1000,0.7,875,0.4764705882352941,0.8873333333333335,0.15881378795231063,0,0.8400927357032479,0,0.7576914285714285
10,0.5,1000,0.7,824,0.4964705882352941,0.8906666666666666,0.17805041601832888,0,0.846479166666672,0,0.7094134304207138
10,0.5,1000,0.7,878,0.44588235294117645,0.8866666666666667,0.17511173420727102,0,0.8447925311203347,0,0.7017501898253605
10,0.5,1000,0.7,839,0.4647058823529412,0.8940000000000001,0.15496969428089308,0,0.8307165109034308,0,0.6503814064362372
10,0.5,1000,0.7,861,0.49176470588235294,0.8866666666666668,0.16080032853388088,0,0.837500000000003,0,0.6936314363143655
10,0.5,1000,0.7,880,0.4776470588235294,0.8866666666666668,0.15779223326979727,0,0.8346651270207884,0,0.6876931818181831
10,0.5,1000,0.7,829,0.46705882352941175,0.89,0.16658994862178106,0,0.8326027397260297,0,0.6672818657016506
10,0.5,1000,0.7,853,0.5058823529411764,0.8873333333333335,0.15984013406260036,0,0.8346220302375844,0,0.7060336068776871
10,0.5,1000,0.7,869,0.4752941176470588,0.8879999999999999,0.16382437321899782,0,0.8282327586206932,0,0.694407364787115
10,0.5,20000,0.1,839,0.47058823529411764,0.9566666666666669,0.19816309635886817,0.3149775784753362,0.7578057889822594,0.003575685339690107,0.5697767145135548
10,0.5,20000,0.1,861,0.49411764705882355,0.9506666666666664,0.1816322909263393,0.29932367149758443,0.7485818181818187,0.003484320557491289,0.5488850038850016
10,0.5,20000,0.1,872,0.4776470588235294,0.9413333333333332,0.18294226936636585,0.3096116504854372,0.7763687943262417,0.0034403669724770644,0.5458381281166085
10,0.5,20000,0.1,855,0.4788235294117647,0.9346666666666668,0.1997867682446099,0.3245106382978727,0.7629770992366403,0.0035087719298245615,0.5796752738654123
10,0.5,20000,0.1,860,0.5023529411764706,0.9706666666666668,0.19486362452062175,0.3210247349823325,0.7591748099891439,0.004651162790697674,0.5409151090342661
10,0.5,20000,0.1,866,0.48,0.9666666666666669,0.19123107040679063,0.3138934426229509,0.7583904109589048,0.003464203233256351,0.5487833140208553
10,0.5,20000,0.1,858,0.48705882352941177,0.9526666666666667,0.19489331366848298,0.3110555555555556,0.7659182098765422,0.0034965034965034965,0.599083820662767
10,0.5,20000,0.1,836,0.4764705882352941,0.9513333333333335,0.17169298923396262,0.29011173184357536,0.7219931271477674,0.0023923444976076554,0.5491047162270165
10,0.5,20000,0.1,820,0.4752941176470588,0.9426666666666665,0.1791321846374625,0.30783216783216805,0.7523539094650195,0.0024390243902439024,0.6017766911165413
10,0.5,20000,0.1,872,0.4541176470588235,0.9686666666666666,0.1960370053342418,0.30756363636363593,0.7562626262626267,0.0034403669724770644,0.5407479861910235
10,0.5,20000,0.3,874,0.46705882352941175,0.9860000000000002,0.29333015868076645,0.1817998163452709,0.8578400000000014,0.006864988558352402,0.4669278033794179
10,0.5,20000,0.3,867,0.4611764705882353,0.9633333333333337,0.29331093009747045,0.13091807909604494,0.8511147540983632,0.00461361014994233,0.5400888373889552
10,0.5,20000,0.3,860,0.47294117647058825,1.0033333333333334,0.30633200302708663,0.1622466039707422,0.852685512367494,0.0069767441860465115,0.5040007806401261
10,0.5,20000,0.3,856,0.4788235294117647,0.9626666666666667,0.2529062152200287,0.14684088269454143,0.7798395721925131,0.005841121495327103,0.45670975323149254
10,0.5,20000,0.3,867,0.4717647058823529,0.9619999999999999,0.3231921708512372,0.12528781793842036,0.848395348837213,0.00461361014994233,0.5674391657010422
10,0.5,20000,0.3,846,0.508235294117647,0.9486666666666669,0.28354048829021566,0.1570660522273424,0.8387362637362673,0.004728132387706856,0.5589746634996078
10,0.5,20000,0.3,863,0.47058823529411764,0.9586666666666666,0.2685700077863714,0.1263670411985017,0.8266666666666684,0.0034762456546929316,0.5547131782945759
10,0.5,20000,0.3,877,0.4447058823529412,0.9486666666666668,0.2579417542423072,0.12284116331096198,0.8366371681415966,0.002280501710376283,0.5799123809523823
10,0.5,20000,0.3,872,0.46588235294117647,0.9799999999999998,0.3015252485996847,0.17033582089552235,0.8642261904761926,0.005733944954128441,0.540422914263745
10,0.5,20000,0.3,907,0.48470588235294115,0.9646666666666668,0.2733581893878928,0.17095057034220582,0.8723555555555558,0.005512679162072767,0.5087989652623826
10,0.5,20000,0.5,826,0.4811764705882353,0.8940000000000001,0.1648789829622696,0,0.8392282958199373,0,0.644176755447944
10,0.5,20000,0.5,879,0.4776470588235294,0.8866666666666668,0.15592079015361465,0,0.8248605577689269,0,0.7065225635191509
10,0.5,20000,0.5,822,0.4623529411764706,0.8933333333333335,0.18675121423546034,0,0.8496130346232208,0,0.7108069748580729
10,0.5,20000,0.5,848,0.46352941176470586,0.8873333333333333,0.16805692955965898,0,0.8394632768361597,0,0.6515015723270469
10,0.5,20000,0.5,883,0.44588235294117645,0.8866666666666667,0.1446358690084347,0,0.8208644859813137,0,0.6855945639864106
10,0.5,20000,0.5,877,0.47411764705882353,0.8873333333333331,0.16810226466375724,0,0.8397257383966256,0,0.7033333333333347
10,0.5,20000,0.5,869,0.46588235294117647,0.8873333333333333,0.15960620257322192,0,0.8315703971119177,0,0.7241733793632523
10,0.5,20000,0.5,875,0.4623529411764706,0.8866666666666665,0.16800699006993874,0,0.8262589928057589,0,0.6657980952380966
10,0.5,20000,0.5,852,0.47294117647058825,0.8873333333333333,0.1795640425828157,0,0.8516000000000032,0,0.7138419405320832
10,0.5,20000,0.5,820,0.5188235294117647,0.8926666666666665,0.16658853301211768,0,0.8335233160621778,0,0.6705243902439049
10,0.5,20000,0.7,848,0.4835294117647059,0.8879999999999999,0.15783921685014918,0,0.8266750000000036,0,0.6801336477987431
10,0.5,20000,0.7,868,0.47411764705882353,0.8873333333333335,0.16276672009875984,0,0.8197897196261729,0,0.6741397849462395
10,0.5,20000,0.7,868,0.45294117647058824,0.8866666666666668,0.1705633184842958,0,0.8313527851458911,0,0.658099078341017
10,0.5,20000,0.7,856,0.48470588235294115,0.8873333333333333,0.18237737470529097,0,0.8505977011494279,0,0.6882165109034288
10,0.5,20000,0.7,836,0.49411764705882355,0.8906666666666666,0.17336496886260258,0,0.8351680672268958,0,0.6976156299840528
10,0.5,20000,0.7,851,0.4576470588235294,0.8866666666666667,0.15472516500191283,0,0.8211875000000012,0,0.6482843713278511
10,0.5,20000,0.7,853,0.48,0.8866666666666667,0.17814779296502528,0,0.8389864864864889,0,0.6858069558421276
10,0.5,20000,0.7,848,0.4764705882352941,0.8873333333333335,0.15918723197684947,0,0.8266086956521779,0,0.6996383647798757
10,0.5,20000,0.7,858,0.4588235294117647,0.8880000000000001,0.16796668726638792,0,0.8567272727272759,0,0.6600388500388513
10,0.5,20000,0.7,858,0.49058823529411766,0.8866666666666668,0.18039696418259613,0,0.8612435233160639,0,0.673259518259522
10,0.5,3000,0.1,869,0.48705882352941177,0.9399999999999998,0.19179692043170724,0.2932768361581922,0.7497348484848454,0.0023014959723820483,0.5927720107650866
10,0.5,3000,0.1,917,0.4752941176470588,0.9666666666666667,0.2139237533069845,0.29916349809885967,0.7683216783216764,0.004362050163576881,0.5753924790069345
10,0.5,3000,0.1,853,0.49411764705882355,0.9519999999999998,0.19456990734762886,0.3259090909090907,0.7465329991645763,0.0023446658851113715,0.5763023893458659
10,0.5,3000,0.1,819,0.47411764705882353,0.9786666666666671,0.1843830495933788,0.30427480916030536,0.7426808510638302,0.004884004884004884,0.509521472392638
10,0.5,3000,0.1,860,0.4717647058823529,0.9513333333333335,0.18589358720451007,0.3174449339207051,0.7542795698924741,0.0034883720930232558,0.5539245429793839
10,0.5,3000,0.1,824,0.4976470588235294,0.9566666666666663,0.20491011299793863,0.31414342629482067,0.7594296951819081,0.0036407766990291263,0.555818107998373
10,0.5,3000,0.1,847,0.4752941176470588,0.9813333333333333,0.2038526536085889,0.3052479338842978,0.7675757575757569,0.004722550177095631,0.5543890865954909
10,0.5,3000,0.1,834,0.508235294117647,0.9886666666666669,0.21831999042773992,0.2811382113821139,0.7972261904761914,0.004796163069544364,0.5488875502008032
10,0.5,3000,0.1,901,0.46,0.9486666666666668,0.17010561762534787,0.3106167400881058,0.7378231292517013,0.003329633740288568,0.5312880475129913
10,0.5,3000,0.1,894,0.44823529411764707,0.948,0.1705441460196182,0.3072361809045225,0.7435114503816799,0.003355704697986577,0.5344332210998867
10,0.5,3000,0.3,877,0.46,0.9686666666666668,0.2910175764575219,0.12755905511811017,0.84825622775801,0.005701254275940707,0.5155810397553533
10,0.5,3000,0.3,884,0.48705882352941177,0.9646666666666665,0.2718526539253788,0.17630208333333344,0.8118713450292426,0.004524886877828055,0.5361742424242442
10,0.5,3000,0.3,856,0.4752941176470588,0.9973333333333333,0.2814185304840211,0.15948968512486472,0.8275109170305694,0.005841121495327103,0.4810105757931852
10,0.5,3000,0.3,878,0.49529411764705883,0.9466666666666667,0.29763486895116154,0.1577604166666666,0.8710926365795756,0.003416856492027335,0.6021638095238107
10,0.5,3000,0.3,870,0.45294117647058824,0.9426666666666667,0.26007844347297904,0.18115677321156778,0.8149253731343321,0.004597701149425287,0.5595765973826038
10,0.5,3000,0.3,854,0.47294117647058825,0.9746666666666668,0.261578068621033,0.13662015503875946,0.8245273631840805,0.00468384074941452,0.5120000000000011
10,0.5,3000,0.3,843,0.48470588235294115,0.9766666666666669,0.2849553869444715,0.15856697819314636,0.8535256410256429,0.004744958481613286,0.5511521652761231
10,0.5,3000,0.3,865,0.49529411764705883,0.9506666666666664,0.280597419983726,0.15876847290640372,0.8420821917808252,0.003468208092485549,0.5740835266821365
10,0.5,3000,0.3,886,0.46352941176470586,0.9673333333333335,0.28679969980471104,0.12851666666666653,0.8628915662650627,0.003386004514672686,0.5587655719139306
10,0.5,3000,0.5,862,0.4988235294117647,0.8866666666666667,0.16351318279687108,0,0.8456779661016984,0,0.6644508894044877
10,0.5,3000,0.3,853,0.47294117647058825,0.9493333333333331,0.25899458536232567,0.11944785276073619,0.8263728813559333,0.0035169988276670576,0.5580627450980412
10,0.5,3000,0.5,860,0.48705882352941177,0.8846666666666668,0.18234967189185872,0,0.8465523809523849,0,0.7148837209302333
10,0.5,3000,0.5,850,0.48470588235294115,0.8879999999999999,0.16808090823598743,0,0.8295939086294438,0,0.6648039215686289
10,0.5,3000,0.5,845,0.5129411764705882,0.8873333333333333,0.16029888590091243,0,0.8246153846153867,0,0.6702840236686405
10,0.5,3000,0.5,847,0.4964705882352941,0.8866666666666667,0.16219061886129357,0,0.843086956521742,0,0.7086225895316814
10,0.5,3000,0.5,851,0.47294117647058825,0.8866666666666667,0.17306700351854654,0,0.8566053169734159,0,0.7195338817077953
10,0.5,3000,0.5,871,0.4811764705882353,0.8866666666666667,0.18202089170332522,0,0.8448392857142906,0,0.7201301186375829
10,0.5,3000,0.5,845,0.48705882352941177,0.8873333333333335,0.168598756774852,0,0.8334872979214826,0,0.6905838264299814
10,0.5,3000,0.5,874,0.4894117647058824,0.8853333333333332,0.17277640468442637,0,0.8369377990430645,0,0.6732189168573626
10,0.5,3000,0.7,831,0.46941176470588236,0.8893333333333334,0.17457894452100586,0,0.8426958525345636,0,0.6854552747693549
10,0.5,3000,0.5,899,0.46588235294117647,0.8806666666666665,0.1611299088495813,0,0.8556521739130447,0,0.6363589173155381
10,0.5,3000,0.7,809,0.4823529411764706,0.894,0.18187769555043415,0,0.8597695852534581,0,0.702669962917183
10,0.5,3000,0.7,847,0.47294117647058825,0.8879999999999999,0.19307156964619226,0,0.8694857142857149,0,0.6614088941361683
10,0.5,3000,0.7,899,0.46941176470588236,0.8820000000000001,0.1725533917530337,0,0.8364640883977932,0,0.7097293288839471
10,0.5,3000,0.7,865,0.4541176470588235,0.8873333333333331,0.15002677502732795,0,0.8181506849315094,0,0.6898689788053971
10,0.5,3000,0.7,852,0.4976470588235294,0.8866666666666667,0.1801043642579715,0,0.8589159292035424,0,0.699816118935838
10,0.5,3000,0.7,868,0.46705882352941175,0.8879999999999998,0.18108492844941615,0,0.8454041570438824,0,0.6763978494623678
10,0.5,3000,0.7,819,0.4858823529411765,0.8933333333333333,0.17100168091562046,0,0.8513058419244008,0,0.636841676841682
10,0.5,3000,0.7,864,0.46352941176470586,0.8873333333333335,0.16922820883590406,0,0.8257594936708895,0,0.6859490740740751
10,0.5,4000,0.1,835,0.4988235294117647,0.9800000000000002,0.22085696760024093,0.27954918032786885,0.7549921752738646,0.004790419161676647,0.5698235058162835
10,0.5,3000,0.7,839,0.4752941176470588,0.8886666666666666,0.1763897080991354,0,0.8544475138121572,0,0.6618474374255087
10,0.5,4000,0.1,878,0.4752941176470588,0.9453333333333332,0.19138483094075148,0.29939252336448596,0.7740386803185428,0.003416856492027335,0.5525409523809518
10,0.5,4000,0.1,820,0.48,0.9566666666666667,0.19402601637728845,0.31842857142857134,0.7663302752293579,0.003658536585365854,0.5659404324765397
10,0.5,4000,0.1,867,0.47058823529411764,0.9593333333333331,0.18823246814773267,0.2980748663101608,0.7529094412331413,0.002306805074971165,0.5734142581888239
10,0.5,4000,0.1,813,0.5011764705882353,0.9680000000000003,0.19145029212354867,0.29371541501976306,0.7523983739837404,0.004920049200492005,0.5261392665842588
10,0.5,4000,0.1,854,0.4623529411764706,0.9573333333333335,0.18708983642486487,0.3136875000000003,0.7834497354497354,0.00234192037470726,0.5772300469483543
10,0.5,4000,0.1,846,0.5305882352941177,0.9633333333333335,0.1769755460506168,0.31573333333333353,0.7561788617886184,0.0035460992907801418,0.5325187821273208
10,0.5,4000,0.1,849,0.4964705882352941,0.9726666666666669,0.1906211167410644,0.3200395256916996,0.7438526912181302,0.0035335689045936395,0.5536367218282087
10,0.5,4000,0.1,849,0.46588235294117647,0.970666666666667,0.19041851166401333,0.3049803921568625,0.7405835806132541,0.0035335689045936395,0.5451851851851832
10,0.5,4000,0.3,869,0.47058823529411764,0.9413333333333332,0.24936268687262428,0.14474509803921548,0.8311387900355891,0.0034522439585730723,0.555569668976138
10,0.5,4000,0.3,941,0.45647058823529413,0.9346666666666668,0.28263248183115314,0.14338568935427545,0.8366200000000045,0.003188097768331562,0.612196162046911
10,0.5,4000,0.1,852,0.46588235294117647,0.9393333333333334,0.1900320726120111,0.30308056872037875,0.7630894308943085,0.0035211267605633804,0.5450137416568508
10,0.5,4000,0.3,853,0.5294117647058824,0.9680000000000001,0.25586787290524104,0.15470338983050838,0.7907116104868941,0.004689331770222743,0.507930899096979
10,0.5,4000,0.3,852,0.4894117647058824,0.9546666666666666,0.2727190758572135,0.13398809523809516,0.8544776119403014,0.0035211267605633804,0.5691362387122116
10,0.5,4000,0.3,852,0.4764705882352941,0.9486666666666665,0.28530216801645797,0.1284210526315788,0.8226944971537057,0.0035211267605633804,0.6304986258343183
10,0.5,4000,0.3,872,0.4470588235294118,0.9466666666666667,0.26944627914686686,0.17574181117533713,0.8467412935323424,0.0034403669724770644,0.6123053317990044
10,0.5,4000,0.3,865,0.46941176470588236,0.9713333333333335,0.28703819615198295,0.0999598393574298,0.8308636363636411,0.003468208092485549,0.6000425367362751
10,0.5,4000,0.3,901,0.43176470588235294,0.9393333333333331,0.2644876728404853,0.16780952380952358,0.8297695852534605,0.003329633740288568,0.6089420935412059
10,0.5,4000,0.3,888,0.4682352941176471,0.9606666666666667,0.2910737610000861,0.1874965986394558,0.8403628117913866,0.0045045045045045045,0.5797775263951773
10,0.5,4000,0.3,850,0.47294117647058825,0.9680000000000001,0.3014159517116364,0.13347883597883584,0.852132867132869,0.0058823529411764705,0.5268402366863906
10,0.5,4000,0.5,852,0.4752941176470588,0.8873333333333335,0.17743945054698804,0,0.8375055187638017,0,0.6872300469483588
10,0.5,4000,0.5,900,0.4811764705882353,0.8806666666666666,0.19365132422123155,0,0.8706868686868717,0,0.7052333333333333
10,0.5,4000,0.5,860,0.4682352941176471,0.8866666666666667,0.18613530595263766,0,0.8491904761904795,0,0.6797868217054278
10,0.5,4000,0.5,860,0.46,0.8879999999999999,0.15550493292505882,0,0.8159759759759789,0,0.6434612403100786
10,0.5,4000,0.5,830,0.5094117647058823,0.8893333333333332,0.16721260646204503,0,0.8376284584980266,0,0.7181807228915692
10,0.5,4000,0.5,840,0.4823529411764706,0.8886666666666667,0.1818177529156668,0,0.8537708333333364,0,0.7100753968253977
10,0.5,4000,0.5,868,0.4435294117647059,0.8866666666666667,0.1719784484769421,0,0.8414313725490228,0,0.7081758832565277
10,0.5,4000,0.5,846,0.47411764705882353,0.8879999999999999,0.18441514034444761,0,0.8554867256637191,0,0.6925492513790401
10,0.5,4000,0.5,865,0.47058823529411764,0.8893333333333334,0.1713957904507258,0,0.842660944206012,0,0.6934951830443169
10,0.5,4000,0.7,822,0.4835294117647059,0.8906666666666668,0.16849640792890835,0,0.8358722358722385,0,0.6853203568532062
10,0.5,4000,0.5,859,0.4988235294117647,0.8873333333333333,0.14451434855386372,0,0.8110064935064965,0,0.6397244858362463
10,0.5,4000,0.7,904,0.4717647058823529,0.88,0.1568847748068552,0,0.8424210526315828,0,0.6756932153392322
10,0.5,4000,0.7,843,0.5152941176470588,0.8873333333333335,0.1683206303872603,0,0.8307158836689069,0,0.6883985765124571
10,0.5,4000,0.7,878,0.4717647058823529,0.8873333333333331,0.16190467796272623,0,0.8302884615384655,0,0.6763097949886139
10,0.5,4000,0.7,911,0.4447058823529412,0.88,0.15829072550706205,0,0.8208418891170467,0,0.6906842297841217
10,0.5,4000,0.7,840,0.5223529411764706,0.8873333333333333,0.1637952663152029,0,0.8317319587628892,0,0.7073809523809533
10,0.5,4000,0.7,865,0.4835294117647059,0.8873333333333335,0.1751359792732353,0,0.8473217726396934,0,0.7183352601156066
10,0.5,4000,0.7,860,0.48470588235294115,0.8833333333333332,0.15968870833946183,0,0.8262580645161319,0,0.6985775193798462
10,0.5,4000,0.7,848,0.47411764705882353,0.8873333333333335,0.16464188982548542,0,0.8332206759443362,0,0.713360849056605
10,0.5,4000,0.7,828,0.4823529411764706,0.8919999999999999,0.17041204528434456,0,0.8508000000000031,0,0.7237520128824486
10,0.5,5000,0.1,902,0.47058823529411764,0.9833333333333333,0.19140220022581575,0.30288537549407124,0.7765994623655912,0.004434589800443459,0.528700816629548
10,0.5,5000,0.1,865,0.49411764705882355,0.9766666666666667,0.21247215733899608,0.3226934097421203,0.7760128617363348,0.004624277456647399,0.5266976384049552
10,0.5,5000,0.1,854,0.4682352941176471,0.9513333333333333,0.17664342655326887,0.25731343283582087,0.7657407407407414,0.00234192037470726,0.5657120500782463
10,0.5,5000,0.1,872,0.4788235294117647,0.9699999999999999,0.19795286830028688,0.33007874015748073,0.7638288288288289,0.0034403669724770644,0.5676678174146521
10,0.5,5000,0.1,861,0.4588235294117647,0.9446666666666668,0.18272901444184914,0.30719780219780196,0.7511657559198545,0.003484320557491289,0.5716355866355857
10,0.5,5000,0.1,861,0.48,0.9406666666666667,0.17211808777934387,0.32911917098445603,0.7377719298245604,0.0023228803716608595,0.5745401629802076
10,0.5,5000,0.1,896,0.47411764705882353,0.9693333333333336,0.18420328301539782,0.33311475409836094,0.7550712250712245,0.0033482142857142855,0.563404255319149
10,0.5,5000,0.1,859,0.46941176470588236,0.9266666666666665,0.16483535680149525,0.2661538461538462,0.7304153005464489,0.002328288707799767,0.5770556203811728
10,0.5,5000,0.1,844,0.4929411764705882,0.9673333333333333,0.16409042374154995,0.3432456140350874,0.7152227342549937,0.0035545023696682463,0.4974593737613939
10,0.5,5000,0.1,861,0.4776470588235294,0.9480000000000001,0.1808896396319696,0.3232195121951219,0.7487442289935367,0.0023228803716608595,0.5677066356228143
10,0.5,5000,0.3,863,0.4823529411764706,0.9633333333333328,0.3105926475763222,0.16154211150652448,0.8555555555555595,0.005793742757821553,0.5413519813519827
10,0.5,5000,0.3,857,0.4788235294117647,0.9779999999999999,0.30143725167565977,0.16319587628865997,0.8475161290322609,0.005834305717619603,0.5224687010954638
10,0.5,5000,0.3,854,0.46941176470588236,0.9326666666666669,0.24474474534945453,0.16542005420054198,0.8270301624129972,0.00234192037470726,0.6296087636932727
10,0.5,5000,0.3,905,0.44823529411764707,0.9520000000000001,0.2686150846288013,0.0943055555555557,0.8392098092643088,0.0022099447513812156,0.5878516057585839
10,0.5,5000,0.3,859,0.4682352941176471,0.9246666666666666,0.25145023895504465,0.1352130325814537,0.8384272997032657,0.002328288707799767,0.5948852586542209
10,0.5,5000,0.3,834,0.5011764705882353,0.9519999999999998,0.25097547855186186,0.128295739348371,0.8275692307692329,0.002398081534772182,0.580937500000001
10,0.5,5000,0.3,853,0.49411764705882355,0.9673333333333335,0.27160125166691407,0.14236808236808238,0.8177916666666682,0.005861664712778429,0.49410377358490726
10,0.5,5000,0.3,882,0.4776470588235294,0.9786666666666666,0.3178624299253335,0.1453580246913582,0.848479809976251,0.005668934240362812,0.5771227670087443
10,0.5,5000,0.3,861,0.47294117647058825,0.9626666666666667,0.3029992863414957,0.14363636363636365,0.8535443037974714,0.004645760743321719,0.5451691948658112
10,0.5,5000,0.3,911,0.4858823529411765,0.9880000000000001,0.2752747268996993,0.1259774436090225,0.8401777777777784,0.005488474204171241,0.4938226637233275
10,0.5,5000,0.5,895,0.4576470588235294,0.8806666666666666,0.16587534035994944,0,0.8377595628415319,0,0.722148975791435
10,0.5,5000,0.5,858,0.4835294117647059,0.8873333333333331,0.16018893262149758,0,0.829402697495186,0,0.7158857808857821
10,0.5,5000,0.5,832,0.4811764705882353,0.8906666666666666,0.17324617394354797,0,0.83727272727273,0,0.6984615384615397
10,0.5,5000,0.5,879,0.47058823529411764,0.8853333333333334,0.16419709281527528,0,0.8363501483679554,0,0.6512400455062598
10,0.5,5000,0.5,922,0.48470588235294115,0.88,0.17329085310767567,0,0.838223938223943,0,0.6994034707158368
10,0.5,5000,0.5,822,0.4976470588235294,0.8920000000000001,0.1766748179238479,0,0.84730125523013,0,0.707619626926197
10,0.5,5000,0.5,874,0.5035294117647059,0.8866666666666667,0.16259590976192023,0,0.8364347826086994,0,0.6572540045766608
10,0.5,5000,0.5,839,0.4776470588235294,0.8900000000000002,0.1574383126980906,0,0.8335416666666698,0,0.6335280095351641
10,0.5,5000,0.5,875,0.4717647058823529,0.8866666666666665,0.15715801989315603,0,0.8355272727272768,0,0.7242742857142843
10,0.5,5000,0.5,872,0.5070588235294118,0.886,0.1565054593647749,0,0.8379045643153545,0,0.7112996941896013
10,0.5,5000,0.7,858,0.45529411764705885,0.8879999999999999,0.1724644210303662,0,0.8515522388059732,0,0.6496969696969719
10,0.5,5000,0.7,909,0.4764705882352941,0.8806666666666666,0.17549528024554564,0,0.8487128712871315,0,0.6678364503116982
10,0.5,5000,0.7,842,0.4823529411764706,0.8886666666666667,0.1608604010460923,0,0.8210027855153241,0,0.6548931116389571
10,0.5,5000,0.7,871,0.46705882352941175,0.886,0.18302087102942025,0,0.8541443298969091,0,0.7094336012246495
10,0.5,5000,0.7,860,0.46941176470588236,0.8866666666666668,0.18236404205598875,0,0.8567203219315908,0,0.709255813953489
10,0.5,5000,0.7,863,0.48,0.8873333333333333,0.16306758179685005,0,0.8327315914489339,0,0.6762070297412144
10,0.5,5000,0.7,873,0.46352941176470586,0.8866666666666667,0.17146406935441352,0,0.8536642599278014,0,0.7355288277968693
10,0.5,5000,0.7,913,0.45529411764705885,0.8806666666666666,0.17580624735656175,0,0.8473291925465858,0,0.6930923694779118
10,0.5,5000,0.7,886,0.4470588235294118,0.8866666666666667,0.16415610015850976,0,0.829436619718313,0,0.6759029345372493
10,0.5,5000,0.7,840,0.4682352941176471,0.8879999999999999,0.17275116122317585,0,0.8329648241206066,0,0.6713452380952412
15,0.1,1000,0.1,863,0.48705882352941177,0.9586666666666666,0.17988840320147018,0.3375423728813563,0.7359239130434779,0.0034762456546929316,0.5581744186046501
15,0.1,1000,0.1,853,0.4764705882352941,0.9420000000000003,0.18372960785920825,0.3341450777202071,0.7688820512820503,0.0023446658851113715,0.5768468468468467
15,0.1,1000,0.1,867,0.4788235294117647,0.9853333333333334,0.1905170167549579,0.33413793103448314,0.7237913486005083,0.0034602076124567475,0.5392168209876517
15,0.1,1000,0.1,884,0.4752941176470588,0.9353333333333335,0.19947446789697065,0.2656462585034014,0.7683805031446513,0.0022624434389140274,0.5997278911564601
15,0.1,1000,0.1,865,0.45529411764705885,0.9900000000000005,0.19358262520246924,0.3450183150183152,0.7613095238095229,0.003468208092485549,0.5656341840680562
15,0.1,1000,0.1,876,0.4588235294117647,0.9553333333333333,0.2061974583030742,0.26559670781893,0.7914799446749661,0.0045662100456621,0.5284785932721715
15,0.1,1000,0.1,851,0.508235294117647,0.9673333333333337,0.18826605339309124,0.29480225988700565,0.7559360730593602,0.0023501762632197414,0.57390263054574
15,0.1,1000,0.1,862,0.46705882352941175,0.9826666666666667,0.20256307925265393,0.27022222222222214,0.7967532467532474,0.004640371229698376,0.5307031857031843
15,0.1,1000,0.1,836,0.4764705882352941,0.9780000000000001,0.19255917192073557,0.3157307692307696,0.7550000000000009,0.0035885167464114833,0.5421008403361307
15,0.1,1000,0.1,876,0.45176470588235296,0.9706666666666667,0.16970490250893674,0.33287096774193564,0.7201754385964919,0.0045662100456621,0.508677370030579
15,0.1,1000,0.3,837,0.49411764705882355,0.9233333333333336,0.26991542644363653,0.17388888888888876,0.8486713286713313,0.0023894862604540022,0.6234091816367286
15,0.1,1000,0.3,876,0.4776470588235294,0.9706666666666667,0.28430949309502745,0.16236987818383228,0.8238351254480311,0.005707762557077625,0.5039839265212419
15,0.1,1000,0.3,807,0.4988235294117647,0.9353333333333335,0.2566666328385655,0.19715789473684214,0.8198830409356761,0.0037174721189591076,0.5669361525704827
15,0.1,1000,0.3,849,0.46,0.9573333333333333,0.28371181247738997,0.14852482269503542,0.8177245508982063,0.004711425206124852,0.5327731755424081
15,0.1,1000,0.3,863,0.48,0.9493333333333336,0.27942589055378053,0.13888399412628458,0.8047802197802231,0.004634994206257242,0.5457159487776498
15,0.1,1000,0.3,850,0.4858823529411765,0.9566666666666667,0.2702244160106112,0.1281007751937984,0.8314906832298158,0.0035294117647058825,0.5589492325855971
15,0.1,1000,0.3,875,0.4470588235294118,0.9213333333333332,0.23453611508207228,0.1729245283018868,0.8342506142506185,0.001142857142857143,0.626708619374524
15,0.1,1000,0.3,860,0.5,0.9746666666666666,0.29673678602218817,0.1610558069381599,0.8558575197889204,0.004651162790697674,0.5762227414330222
15,0.1,1000,0.3,902,0.48470588235294115,0.9526666666666669,0.2794967174300065,0.16745679012345693,0.839543973941371,0.005543237250554324,0.5253734671125998
15,0.1,1000,0.5,874,0.48470588235294115,0.8846666666666668,0.1700992894810351,0,0.8531120331950243,0,0.7146376811594211
15,0.1,1000,0.5,905,0.43411764705882355,0.8833333333333333,0.16692850705860443,0,0.8440347826086985,0,0.7307034990791909
15,0.1,1000,0.3,844,0.4788235294117647,0.9660000000000002,0.266583991133298,0.11756944444444432,0.820613026819927,0.0035545023696682463,0.5406698374950479
15,0.1,1000,0.5,881,0.46705882352941175,0.8866666666666667,0.17592557748830392,0,0.8447311827957026,0,0.662353386303445
15,0.1,1000,0.5,908,0.43411764705882355,0.88,0.1662525991747671,0,0.836659528907926,0,0.6938950073421436
15,0.1,1000,0.5,859,0.4717647058823529,0.8886666666666669,0.17128671738431447,0,0.8511926605504604,0,0.6506596818005465
15,0.1,1000,0.5,873,0.46941176470588236,0.8866666666666667,0.1543024198831193,0,0.8244057971014538,0,0.650542191676215
15,0.1,1000,0.5,874,0.46941176470588236,0.8880000000000001,0.16746514557201134,0,0.8335943775100427,0,0.704340198321891
15,0.1,1000,0.5,904,0.48,0.8806666666666666,0.17162542985854154,0,0.8390253411306074,0,0.7036209439528026
15,0.1,1000,0.5,866,0.4964705882352941,0.8866666666666667,0.1798171753150644,0,0.8464896073903038,0,0.682263279445729
15,0.1,1000,0.5,857,0.4505882352941176,0.8873333333333333,0.15643532604893476,0,0.8290868596881987,0,0.6905834305717631
15,0.1,1000,0.7,868,0.5117647058823529,0.8873333333333333,0.1757967708695452,0,0.8368181818181848,0,0.6795545314900182
15,0.1,1000,0.7,883,0.4541176470588235,0.8846666666666666,0.14886998121147574,0,0.8268571428571465,0,0.6665118912797287
15,0.1,1000,0.7,825,0.46352941176470586,0.8933333333333335,0.1836372484314492,0,0.8567175572519108,0,0.7307878787878799
15,0.1,1000,0.7,819,0.4976470588235294,0.8920000000000001,0.16190943666396743,0,0.827995991983973,0,0.7158323158323179
15,0.1,1000,0.7,847,0.4988235294117647,0.8880000000000001,0.14221384702429302,0,0.8019444444444469,0,0.6309878000787108
15,0.1,1000,0.7,857,0.4505882352941176,0.8866666666666667,0.16769249086202478,0,0.8429801324503338,0,0.695013613380009
15,0.1,1000,0.7,845,0.4858823529411765,0.8873333333333331,0.17621454140969553,0,0.8571638655462211,0,0.7176607495069046
15,0.1,1000,0.7,861,0.4752941176470588,0.8866666666666667,0.16309196800339454,0,0.8358525345622155,0,0.6890282617111914
15,0.1,1000,0.7,838,0.49411764705882355,0.8873333333333331,0.16697698304788414,0,0.8400434782608724,0,0.701718377088308
15,0.1,1000,0.7,856,0.47294117647058825,0.8873333333333333,0.1682623946145619,0,0.8470078740157521,0,0.7169119937694717
15,0.1,20000,0.1,810,0.5094117647058823,0.9586666666666666,0.1892651879997944,0.2818716577540108,0.7648880105401853,0.003703703703703704,0.5558446922759168
15,0.1,20000,0.1,842,0.49058823529411766,0.9699999999999999,0.2108392117179206,0.3032203389830507,0.7842910447761207,0.004750593824228029,0.5276054097056477
15,0.1,20000,0.1,809,0.5294117647058824,0.9493333333333331,0.17268844158927776,0.31224899598393624,0.7502083333333336,0.004944375772558714,0.5089565217391293
15,0.1,20000,0.1,829,0.5070588235294118,0.9993333333333335,0.1973848489499936,0.2978014184397163,0.7744693572496272,0.0048250904704463205,0.5131838383838381
15,0.1,20000,0.1,856,0.4576470588235294,0.9633333333333334,0.18784136296141296,0.31211206896551724,0.7448565121412818,0.0035046728971962616,0.5436928487690497
15,0.1,20000,0.1,845,0.4647058823529412,0.9546666666666666,0.17947463094276891,0.29541237113402047,0.7308026755852851,0.0035502958579881655,0.5500870942201096
15,0.1,20000,0.1,890,0.47294117647058825,0.9446666666666665,0.19119422486417706,0.3088400000000002,0.7983809523809527,0.0044943820224719105,0.530880361173814
15,0.1,20000,0.1,851,0.48823529411764705,0.9593333333333334,0.19199901177557424,0.3220603015075377,0.7651415525114158,0.0035252643948296123,0.5809591194968542
15,0.1,20000,0.1,839,0.4858823529411765,0.960666666666667,0.19822746444865308,0.2936585365853657,0.781648079306073,0.003575685339690107,0.5567304625199351
15,0.1,20000,0.1,844,0.5152941176470588,0.9453333333333336,0.20755446010412654,0.300384615384615,0.7738951310861426,0.0035545023696682463,0.5638803012286969
15,0.1,20000,0.3,868,0.5,0.9546666666666668,0.27885009290501883,0.11867041198501878,0.8247715736040654,0.0034562211981566822,0.5923159922928731
15,0.1,20000,0.3,835,0.4929411764705882,0.9613333333333329,0.2879849551733853,0.13021406727828733,0.8372448979591863,0.004790419161676647,0.5362575210589673
15,0.1,20000,0.3,826,0.4858823529411765,0.9780000000000003,0.2969967746115635,0.16236781609195422,0.8555725190839722,0.006053268765133172,0.49582622817702093
15,0.1,20000,0.3,895,0.43058823529411766,0.9706666666666668,0.2974753260841531,0.15542813455657484,0.8522916666666712,0.004469273743016759,0.5990909090909116
15,0.1,20000,0.3,905,0.48,0.9646666666666668,0.301077991333896,0.174009661835749,0.8749546827794583,0.0055248618784530384,0.5360111111111117
15,0.1,20000,0.3,873,0.4647058823529412,0.9873333333333331,0.29162892596704754,0.15351715686274509,0.8459272727272749,0.0057273768613974796,0.5249961597542246
15,0.1,20000,0.3,852,0.4752941176470588,0.9366666666666666,0.27149604034925673,0.15937229437229422,0.8583109919571089,0.002347417840375587,0.6027254901960818
15,0.1,20000,0.3,848,0.46705882352941175,0.9653333333333334,0.2776659712602121,0.1585799701046339,0.8223780487804899,0.0047169811320754715,0.5416864139020547
15,0.1,20000,0.3,862,0.4682352941176471,0.9606666666666668,0.26433401123663336,0.16506410256410245,0.836443661971834,0.004640371229698376,0.5377428127428148
15,0.1,20000,0.5,851,0.48705882352941177,0.8873333333333335,0.15090759821953012,0,0.8235412474849119,0,0.7129612220916559
15,0.1,20000,0.3,853,0.47058823529411764,0.9759999999999999,0.2976013264941643,0.13802281368821276,0.8337953795379568,0.005861664712778429,0.5188443396226414
15,0.1,20000,0.5,830,0.4929411764705882,0.8900000000000002,0.1696105645534142,0,0.8414730878186993,0,0.6631847389558253
15,0.1,20000,0.5,819,0.49411764705882355,0.8940000000000001,0.16271472870597714,0,0.8397610921501725,0,0.6362189662189704
15,0.1,20000,0.5,864,0.4988235294117647,0.8880000000000001,0.1610113316455177,0,0.8263028953229425,0,0.6887345679012346
15,0.1,20000,0.5,855,0.45176470588235296,0.8873333333333335,0.17364277538598943,0,0.8484668192219714,0,0.6932436647173527
15,0.1,20000,0.5,843,0.4752941176470588,0.8886666666666667,0.1770736279811519,0,0.8465036674816631,0,0.6841597469355487
15,0.1,20000,0.5,873,0.48,0.8873333333333335,0.16351437920400266,0,0.8241935483870991,0,0.655425735013365
15,0.1,20000,0.5,867,0.4623529411764706,0.8873333333333333,0.16012571508856277,0,0.8373684210526326,0,0.6953594771241834
15,0.1,20000,0.5,846,0.4964705882352941,0.8866666666666665,0.18510676982981805,0,0.8525586353944598,0,0.6995941686367251
15,0.1,20000,0.5,863,0.5070588235294118,0.8873333333333331,0.17999166940387235,0,0.8614500000000029,0,0.6807145616068022
15,0.1,20000,0.7,875,0.45529411764705885,0.8866666666666668,0.1759989303760572,0,0.8525858123569815,0,0.6879733333333359
15,0.1,20000,0.7,865,0.4470588235294118,0.8873333333333335,0.16902962321190132,0,0.8361933534743239,0,0.6462427745664757
15,0.1,20000,0.7,846,0.4929411764705882,0.8873333333333333,0.16908048809410767,0,0.8451950718685857,0,0.7083490937746246
15,0.1,20000,0.7,872,0.4541176470588235,0.8873333333333335,0.17896008621820791,0,0.8564185110664017,0,0.7108218654434256
15,0.1,20000,0.7,834,0.4623529411764706,0.8933333333333333,0.16879540911218543,0,0.8311244019138785,0,0.6781175059952047
15,0.1,20000,0.7,871,0.4858823529411765,0.8866666666666668,0.1824809344278941,0,0.8611064718162859,0,0.7070493685419074
15,0.1,20000,0.7,826,0.4988235294117647,0.8939999999999998,0.17257920071278893,0,0.8436213235294145,0,0.7300443906376108
15,0.1,20000,0.7,854,0.4964705882352941,0.8873333333333335,0.15614626347653646,0,0.8243360433604369,0,0.6594613583138194
15,0.1,20000,0.7,880,0.4788235294117647,0.8873333333333335,0.1668677504165963,0,0.8398664440734587,0,0.7380530303030313
15,0.1,20000,0.7,857,0.4752941176470588,0.8873333333333333,0.15412025170005417,0,0.8197263157894774,0,0.6956748346946722
15,0.1,3000,0.1,868,0.45176470588235296,0.9613333333333333,0.1845745706789247,0.3065641025641022,0.7866063348416298,0.002304147465437788,0.5452386451116245
15,0.1,3000,0.1,844,0.46941176470588236,0.954666666666667,0.20196030645927282,0.2949756097560976,0.751230158730158,0.0035545023696682463,0.5816369401506136
15,0.1,3000,0.1,845,0.46705882352941175,0.9786666666666666,0.2089999524538246,0.29058091286307053,0.7575428571428564,0.004733727810650888,0.5565081252477181
15,0.1,3000,0.1,871,0.4435294117647059,0.9420000000000005,0.16649259751931123,0.3375155279503106,0.7469687814702936,0.002296211251435132,0.5722823168392754
15,0.1,3000,0.1,822,0.48470588235294115,0.9486666666666665,0.17266347171215218,0.31664804469273733,0.7377209797657092,0.0036496350364963502,0.5658689458689427
15,0.1,3000,0.1,880,0.46588235294117647,0.9866666666666668,0.21496353839267324,0.3127652733118971,0.7918079096045209,0.004545454545454545,0.5368188736681853
15,0.1,3000,0.1,873,0.4835294117647059,0.984,0.20420930488752143,0.29589353612167263,0.7571383647798745,0.004581901489117984,0.5507710011507467
15,0.1,3000,0.1,876,0.42823529411764705,0.9593333333333334,0.17824638406358767,0.32316279069767445,0.7439313399778522,0.003424657534246575,0.5528789614356621
15,0.1,3000,0.1,902,0.4929411764705882,0.9906666666666666,0.19916943643159257,0.30636887608069163,0.7536926889715001,0.005543237250554324,0.5187959866220722
15,0.1,3000,0.1,854,0.4988235294117647,0.9613333333333335,0.17265323478635755,0.3197101449275365,0.7637788018433184,0.00351288056206089,0.5379122600861721
15,0.1,3000,0.3,855,0.46588235294117647,0.9686666666666668,0.29210492691272705,0.13739191073919083,0.8617537313432854,0.004678362573099415,0.5353270661966324
15,0.1,3000,0.3,853,0.4776470588235294,0.9519999999999998,0.2651548126579994,0.16022988505747116,0.8584636871508416,0.0023446658851113715,0.603631022326676
15,0.1,3000,0.3,829,0.4423529411764706,0.9806666666666666,0.2996217646034176,0.12779259259259235,0.861749174917494,0.0048250904704463205,0.5377939393939414
15,0.1,3000,0.3,851,0.49529411764705883,0.9613333333333335,0.26789371499815945,0.15836309523809508,0.8400000000000016,0.004700352526439483,0.5256788665879593
15,0.1,3000,0.3,871,0.4717647058823529,0.9386666666666665,0.26642342099563765,0.16015325670498073,0.8390704225352148,0.003444316877152698,0.5767281105990807
15,0.1,3000,0.3,810,0.48470588235294115,0.948,0.24791834294894677,0.15894409937888188,0.8259375000000024,0.0024691358024691358,0.5628135313531379
15,0.1,3000,0.3,866,0.4752941176470588,0.961333333333333,0.2663403997223379,0.10899470899470902,0.8349618320610713,0.003464203233256351,0.5327732715334131
15,0.1,3000,0.3,831,0.4835294117647059,0.9813333333333335,0.28750606918724786,0.1480804150453954,0.8005982905982937,0.006016847172081829,0.5248950766747394
15,0.1,3000,0.3,877,0.4776470588235294,0.9620000000000001,0.2889767976701657,0.12271386430678434,0.860344827586209,0.004561003420752566,0.5304276441389859
15,0.1,3000,0.5,881,0.49411764705882355,0.8866666666666668,0.15498193235597335,0,0.8251124744376322,0,0.7039122209610298
15,0.1,3000,0.3,815,0.4976470588235294,0.9499999999999998,0.27980028495305004,0.14539763113367155,0.8370336391437341,0.0036809815950920245,0.5496428571428601
15,0.1,3000,0.5,876,0.48470588235294115,0.8873333333333335,0.17411216710729124,0,0.8492668024439947,0,0.7059627092846285
15,0.1,3000,0.5,868,0.47294117647058825,0.8873333333333333,0.16374419135491367,0,0.8429299363057345,0,0.643052995391708
15,0.1,3000,0.5,838,0.5129411764705882,0.8946666666666668,0.16425216743147386,0,0.8286935866983411,0,0.6818456642800336
15,0.1,3000,0.5,870,0.48,0.8879999999999999,0.17057716110445975,0,0.8325625000000033,0,0.69616858237548
15,0.1,3000,0.5,873,0.4623529411764706,0.8866666666666667,0.15847781633672745,0,0.824349881796693,0,0.673001145475373
15,0.1,3000,0.5,860,0.4411764705882353,0.8866666666666667,0.17821155065731162,0,0.8420110192837499,0,0.6559031007751975
15,0.1,3000,0.5,886,0.47411764705882353,0.883333333333333,0.16414637047323466,0,0.8315566037735864,0,0.6801918735891657
15,0.1,3000,0.5,856,0.44588235294117645,0.8866666666666667,0.1627839457490507,0,0.8251485148514882,0,0.7034306853582561
15,0.1,3000,0.7,884,0.45529411764705885,0.8866666666666667,0.18195925798041723,0,0.8738557993730413,0,0.6490346907993974
15,0.1,3000,0.7,877,0.4647058823529412,0.8840000000000001,0.17963692780372392,0,0.8607563025210112,0,0.6611668567084777
15,0.1,3000,0.7,843,0.45529411764705885,0.8873333333333335,0.1809803890116507,0,0.8561872146118735,0,0.6941399762752103
15,0.1,3000,0.7,867,0.4647058823529412,0.8866666666666667,0.1790129830571298,0,0.8515934065934117,0,0.7284429065743977
15,0.1,3000,0.5,860,0.4776470588235294,0.8860000000000002,0.17578195265860458,0,0.8599099099099126,0,0.6539186046511637
15,0.1,3000,0.7,872,0.46941176470588236,0.8866666666666667,0.16481965745227567,0,0.8313076923076954,0,0.6665099388379226
15,0.1,3000,0.7,843,0.46705882352941175,0.8866666666666667,0.1588992085540665,0,0.8255662650602439,0,0.6825899565045468
15,0.1,3000,0.7,861,0.49176470588235294,0.886,0.16368253406326466,0,0.8391975308642008,0,0.6414827719705801
15,0.1,3000,0.7,868,0.4776470588235294,0.886,0.15328244090884943,0,0.8154054054054084,0,0.6464516129032281
15,0.1,3000,0.7,863,0.4776470588235294,0.8873333333333335,0.15967368576091712,0,0.8262741652021136,0,0.7228698339127085
15,0.1,3000,0.7,851,0.4811764705882353,0.8866666666666667,0.16602501669345068,0,0.8509563758389289,0,0.7487504896200553
15,0.1,4000,0.1,830,0.4929411764705882,0.9646666666666666,0.17818480044843443,0.2953043478260873,0.7178490566037746,0.0036144578313253013,0.5344216041918558
15,0.1,4000,0.1,881,0.4541176470588235,0.9633333333333332,0.1814657252258491,0.32061818181818225,0.7728412698412706,0.004540295119182747,0.5165146332193075
15,0.1,4000,0.1,880,0.46941176470588236,0.9926666666666669,0.2107483731486636,0.2882720588235297,0.7649382716049388,0.004545454545454545,0.5535426179604256
15,0.1,4000,0.1,836,0.4811764705882353,0.9726666666666667,0.19691801034940484,0.3002500000000003,0.7300658761528332,0.005980861244019139,0.50941837144003
15,0.1,4000,0.1,853,0.4929411764705882,0.9313333333333335,0.1834765220417427,0.28511111111111115,0.7504485692188698,0.0023446658851113715,0.6067802585193868
15,0.1,4000,0.1,862,0.4623529411764706,0.9499999999999998,0.16820649066513077,0.34624521072796965,0.725123042505594,0.002320185614849188,0.5340193798449591
15,0.1,4000,0.1,826,0.4894117647058824,0.9699999999999999,0.1855177237981386,0.29037593984962407,0.7340399385560687,0.004842615012106538,0.5172789943227879
15,0.1,4000,0.1,853,0.4752941176470588,0.9306666666666669,0.17691552990365006,0.2563207547169811,0.7494315245478034,0.0023446658851113715,0.6008813160987063
15,0.1,4000,0.1,875,0.47411764705882353,0.9506666666666667,0.1759777176186497,0.33758793969849266,0.7513274336283191,0.002285714285714286,0.5656701030927819
15,0.1,4000,0.1,859,0.4811764705882353,0.9406666666666669,0.17199060649579043,0.30629629629629634,0.7458666666666676,0.002328288707799767,0.5531505250875138
15,0.1,4000,0.3,878,0.4682352941176471,0.9779999999999999,0.27064956302202914,0.15020325203252027,0.8059933774834468,0.0056947608200455585,0.5179915998472706
15,0.1,4000,0.3,875,0.4835294117647059,0.9726666666666667,0.3103508903897994,0.14866925064599484,0.8472621809744827,0.005714285714285714,0.5692796934865914
15,0.1,4000,0.3,862,0.4682352941176471,0.9413333333333335,0.2755316477607739,0.1100459770114945,0.8353917050691266,0.002320185614849188,0.6247596899224807
15,0.1,4000,0.3,832,0.4988235294117647,1.0000000000000004,0.32282748731769745,0.14931750741839797,0.890000000000002,0.007211538461538462,0.4779539951573856
15,0.1,4000,0.3,859,0.4752941176470588,0.9313333333333335,0.25109264952006755,0.13662942271880812,0.809640287769787,0.0034924330616996507,0.5421690031152671
15,0.1,4000,0.3,866,0.4752941176470588,0.97,0.2986896283640625,0.15280503144654098,0.8575083056478442,0.005773672055427252,0.5158033294618678
15,0.1,4000,0.3,847,0.5011764705882353,0.9786666666666668,0.2895279506241176,0.15153459119496873,0.8365292096219966,0.0059031877213695395,0.519829770387967
15,0.1,4000,0.3,814,0.5094117647058823,0.968,0.2737887769336847,0.10030864197530882,0.8152631578947405,0.0036855036855036856,0.568602548294289
15,0.1,4000,0.3,896,0.4811764705882353,0.983333333333333,0.28849547308419077,0.147628865979382,0.867891156462584,0.0078125,0.4315260592425952
15,0.1,4000,0.3,859,0.4647058823529412,0.9566666666666669,0.27772130803634626,0.1825462962962963,0.8380150753768874,0.004656577415599534,0.574323586744642
15,0.1,4000,0.5,851,0.48705882352941177,0.8866666666666667,0.19208103973738355,0,0.8697872340425558,0,0.6891382687034887
15,0.1,4000,0.5,859,0.5011764705882353,0.8873333333333333,0.17182983035684257,0,0.8454858299595165,0,0.7065774155995367
15,0.1,4000,0.5,867,0.4811764705882353,0.8873333333333333,0.16625876175745663,0,0.8260740740740782,0,0.6673010380622869
15,0.1,4000,0.5,899,0.4717647058823529,0.8806666666666668,0.18477373679447,0,0.8542137096774213,0,0.6954467927326665
15,0.1,4000,0.5,877,0.4611764705882353,0.886,0.16783539550993729,0,0.8291529411764739,0,0.6730330672748011
15,0.1,4000,0.5,862,0.4752941176470588,0.8866666666666667,0.17931282466560597,0,0.8520833333333365,0,0.6961832946635745
15,0.1,4000,0.5,860,0.4976470588235294,0.8873333333333335,0.16315598354729957,0,0.8212195121951247,0,0.6678720930232577
15,0.1,4000,0.5,864,0.4435294117647059,0.8866666666666667,0.17838240878029682,0,0.8421560574948681,0,0.7000848765432105
15,0.1,4000,0.5,866,0.49411764705882355,0.8866666666666668,0.15487262780779218,0,0.8171038251366157,0,0.6541916859122423
15,0.1,4000,0.5,865,0.46352941176470586,0.8866666666666665,0.15794601034732814,0,0.8395789473684248,0,0.6298111753371894
15,0.1,4000,0.7,834,0.49411764705882355,0.8906666666666666,0.16591097961016005,0,0.8267073170731738,0,0.672713828936852
15,0.1,4000,0.7,822,0.4835294117647059,0.8933333333333331,0.1706456994661861,0,0.8358225108225151,0,0.6983576642335806
15,0.1,4000,0.7,871,0.4752941176470588,0.8866666666666665,0.17362935187616363,0,0.8506532663316607,0,0.6759433601224655
15,0.1,4000,0.7,864,0.48,0.8880000000000001,0.1657662910140546,0,0.8360194174757312,0,0.7118171296296311
15,0.1,4000,0.7,852,0.4976470588235294,0.8866666666666668,0.16534298394827662,0,0.8485760517799389,0,0.6460367762128354
15,0.1,4000,0.7,901,0.44,0.8813333333333333,0.15904812426754716,0,0.8438989169675122,0,0.624028856825752
15,0.1,4000,0.7,860,0.47058823529411764,0.8866666666666667,0.15415671454535818,0,0.8196676737160148,0,0.6569341085271336
15,0.1,4000,0.7,836,0.4823529411764706,0.8886666666666667,0.14372509751884424,0,0.8237313432835845,0,0.7120773524720878
15,0.1,4000,0.7,849,0.47058823529411764,0.8866666666666667,0.15790277549563236,0,0.8350429799426977,0,0.6624577934825306
15,0.1,4000,0.7,818,0.4764705882352941,0.8926666666666665,0.17723681874924413,0,0.8482648401826517,0,0.6917644661776712
15,0.1,5000,0.1,878,0.49058823529411766,0.948,0.18516448902354615,0.31511848341232207,0.7526485397784504,0.003416856492027335,0.5585219047619036
15,0.1,5000,0.1,874,0.4541176470588235,0.9686666666666666,0.21637854234493978,0.2789344262295082,0.7759280855199219,0.004576659038901602,0.5523141762452097
15,0.1,5000,0.1,858,0.46705882352941175,0.948,0.18908842467138764,0.33015873015873026,0.7705555555555574,0.002331002331002331,0.543197040498442
15,0.1,5000,0.1,854,0.48705882352941177,0.9466666666666667,0.18682003972087044,0.2940099009900991,0.7673605947955399,0.00351288056206089,0.5410771641206411
15,0.1,5000,0.1,860,0.46705882352941175,0.9699999999999999,0.18324574156191706,0.30678733031674255,0.7647157622739019,0.0034883720930232558,0.5337845196421617
15,0.1,5000,0.1,872,0.46588235294117647,0.9560000000000001,0.17230152346890334,0.35163865546218553,0.7683398184176398,0.0022935779816513763,0.5368620689655164
15,0.1,5000,0.1,848,0.4764705882352941,0.9446666666666668,0.1883223549049508,0.3024836601307191,0.7632606721162578,0.0023584905660377358,0.5792553191489346
15,0.1,5000,0.1,865,0.45647058823529413,0.9473333333333332,0.1809882454277434,0.33587982832617996,0.7342868217054234,0.0023121387283236996,0.5700965623792938
15,0.1,5000,0.1,823,0.48,0.9606666666666667,0.1906847743399391,0.31913043478260894,0.7458924731182807,0.0036452004860267314,0.5486422764227634
15,0.1,5000,0.1,856,0.49529411764705883,0.9393333333333334,0.18975042086932709,0.2849044585987262,0.773531746031747,0.002336448598130841,0.5721584699453522
15,0.1,5000,0.3,859,0.47411764705882353,0.9513333333333333,0.26050895951767883,0.16342592592592572,0.8205278592375403,0.0034924330616996507,0.5643302180685384
15,0.1,5000,0.3,846,0.4611764705882353,0.9526666666666666,0.2795006360206672,0.1698171589310829,0.8158356164383596,0.004728132387706856,0.546076801266827
15,0.1,5000,0.3,853,0.46352941176470586,0.9580000000000001,0.2772584900807746,0.1401763668430333,0.8345355191256858,0.0035169988276670576,0.5694078431372547
15,0.1,5000,0.3,866,0.4623529411764706,0.961333333333333,0.27334094495684275,0.1309104258443465,0.823658536585369,0.004618937644341801,0.5219682907965977
15,0.1,5000,0.3,859,0.48,0.9746666666666666,0.320979472168262,0.13492700729927,0.8759682539682548,0.005820721769499418,0.5308469945355199
15,0.1,5000,0.3,852,0.46941176470588236,0.9473333333333332,0.2631009708409294,0.1382037996545767,0.816554054054057,0.0035211267605633804,0.535457400863763
15,0.1,5000,0.3,859,0.44823529411764707,0.9853333333333332,0.28764955987898516,0.17665517241379317,0.8333650793650839,0.005820721769499418,0.5178844652615154
15,0.1,5000,0.3,875,0.4752941176470588,0.958,0.27947405083918353,0.1624858757062146,0.8500947867298608,0.0034285714285714284,0.60481651376147
15,0.1,5000,0.3,827,0.5094117647058823,0.9553333333333336,0.26259255411487775,0.1477672955974838,0.8131600000000031,0.0048367593712212815,0.5322357229647648
15,0.1,5000,0.3,870,0.46588235294117647,0.9613333333333335,0.2603586301516381,0.13403100775193758,0.8177380952380975,0.004597701149425287,0.5220323325635127
15,0.1,5000,0.5,874,0.4647058823529412,0.8873333333333335,0.16164852269480234,0,0.8326576576576602,0,0.6867581998474451
15,0.1,5000,0.5,894,0.47411764705882353,0.88,0.17044455496736127,0,0.8441791044776124,0,0.6725913497390013
15,0.1,5000,0.5,839,0.4682352941176471,0.8886666666666666,0.16498807580513528,0,0.8331516587677771,0,0.684584823202227
15,0.1,5000,0.5,843,0.4788235294117647,0.8880000000000003,0.15272241644727047,0,0.8233106575963769,0,0.6875405298536987
15,0.1,5000,0.5,861,0.4752941176470588,0.8873333333333333,0.19044246083110344,0,0.870646766169157,0,0.6791715060007775
15,0.1,5000,0.5,874,0.45647058823529413,0.8866666666666667,0.1657486207200066,0,0.8339416058394191,0,0.6787223493516416
15,0.1,5000,0.5,868,0.46,0.8866666666666667,0.16930029240309277,0,0.8454791154791181,0,0.6770276497695887
15,0.1,5000,0.5,863,0.4788235294117647,0.8873333333333335,0.17475159296173548,0,0.8436857142857169,0,0.6575434530706858
15,0.1,5000,0.7,900,0.4223529411764706,0.8800000000000002,0.18430993467733633,0,0.8530284552845535,0,0.6990000000000013
15,0.1,5000,0.5,866,0.49411764705882355,0.8866666666666667,0.17938945500288966,0,0.8462500000000026,0,0.6755619707467286
15,0.1,5000,0.7,840,0.48705882352941177,0.8880000000000001,0.18013180995349856,0,0.8563350785340329,0,0.6696825396825413
15,0.1,5000,0.5,858,0.46588235294117647,0.8866666666666667,0.13135212280329628,0,0.800500000000004,0,0.650101010101013
15,0.1,5000,0.7,854,0.5070588235294118,0.8866666666666667,0.1718945505970409,0,0.8446485260771013,0,0.6935050741608124
15,0.1,5000,0.7,867,0.4788235294117647,0.8873333333333335,0.15598180988703383,0,0.8353107344632794,0,0.6617916186082287
15,0.1,5000,0.7,867,0.46,0.8866666666666667,0.14854461706934574,0,0.8172619047619107,0,0.7074317570165329
15,0.1,5000,0.7,888,0.44588235294117645,0.8873333333333333,0.1543549733567556,0,0.8212470023980845,0,0.6709271771771803
15,0.1,5000,0.7,871,0.4682352941176471,0.8880000000000001,0.1516781927963593,0,0.8252800000000037,0,0.6618446230386551
15,0.1,5000,0.7,842,0.4682352941176471,0.8906666666666668,0.17662221602739742,0,0.8416625916870445,0,0.6759619952494078
15,0.1,5000,0.7,879,0.4682352941176471,0.886,0.17494243579984617,0,0.8453051643192514,0,0.6777171027682987
15,0.1,5000,0.7,890,0.4682352941176471,0.8826666666666667,0.19061527705039055,0,0.8669120654396734,0,0.7027865168539339
15,0.2,1000,0.1,839,0.46352941176470586,0.9666666666666669,0.18657938175063343,0.30765182186234863,0.7510575635876849,0.003575685339690107,0.5241905901116416
15,0.2,1000,0.1,858,0.47058823529411764,0.9673333333333333,0.19287089145116249,0.2995544554455445,0.7633333333333338,0.0034965034965034965,0.5688265107212438
15,0.2,1000,0.1,852,0.47058823529411764,0.9646666666666665,0.2016603808735044,0.32071713147410374,0.7643582375478926,0.004694835680751174,0.5670715408804985
15,0.2,1000,0.1,871,0.48470588235294115,0.954666666666667,0.20797902314996242,0.29688995215310987,0.7908712121212124,0.003444316877152698,0.5720238095238078
15,0.2,1000,0.1,839,0.4576470588235294,0.9526666666666669,0.21178318967614676,0.3189843749999999,0.7885341365461844,0.003575685339690107,0.5595215311004776
15,0.2,1000,0.1,862,0.4823529411764706,0.936,0.177870625606039,0.32078313253012025,0.7570261437908502,0.002320185614849188,0.5601744186046518
15,0.2,1000,0.1,828,0.4576470588235294,0.9560000000000001,0.1830998404172049,0.3117514124293785,0.7609554831704671,0.0024154589371980675,0.5697740112994333
15,0.2,1000,0.1,875,0.47294117647058825,0.97,0.18099064522980576,0.3054320987654317,0.7465384615384625,0.0034285714285714284,0.5308792048929654
15,0.2,1000,0.1,833,0.46941176470588236,0.9660000000000001,0.19698574507879713,0.3101239669421491,0.7502743902439032,0.003601440576230492,0.5495742971887526
15,0.2,1000,0.1,877,0.4611764705882353,0.9546666666666668,0.19732020668842373,0.3131877729257639,0.7970075757575757,0.0034207525655644243,0.5461975591151798
15,0.2,1000,0.3,861,0.45294117647058824,0.9506666666666667,0.29087010947378644,0.15509708737864056,0.8597435897435917,0.003484320557491289,0.5730341880341902
15,0.2,1000,0.3,896,0.4423529411764706,0.9253333333333336,0.23129623200449353,0.12074074074074082,0.8114130434782649,0.002232142857142857,0.6011036539895611
15,0.2,1000,0.3,874,0.49176470588235294,0.9433333333333335,0.28396676548514976,0.14959311424100138,0.8486865671641821,0.003432494279176201,0.557355530042099
15,0.2,1000,0.3,866,0.48,0.9493333333333334,0.275291464213554,0.1225905797101448,0.8285000000000031,0.003464203233256351,0.5642719196601029
15,0.2,1000,0.3,853,0.4811764705882353,0.9533333333333334,0.27651746399867133,0.10830659536541884,0.8776956521739142,0.0035169988276670576,0.5316274509803935
15,0.2,1000,0.3,834,0.4611764705882353,0.9699999999999999,0.2748408511116616,0.1476126126126123,0.8213249211356499,0.004796163069544364,0.5438955823293175
15,0.2,1000,0.3,860,0.4764705882352941,0.934666666666667,0.2506359244252592,0.1843678160919538,0.8249560117302063,0.0034883720930232558,0.5663243873979017
15,0.2,1000,0.3,871,0.4835294117647059,0.9426666666666669,0.27355750073926877,0.1609013605442174,0.8339669421487632,0.003444316877152698,0.5772081413210455
15,0.2,1000,0.3,890,0.4976470588235294,0.9553333333333333,0.2730680991643318,0.15146596858638717,0.8508181818181844,0.0033707865168539327,0.5720856820744086
15,0.2,1000,0.3,879,0.46,0.9733333333333334,0.29298768291501176,0.11120663650075396,0.8625441696113099,0.004550625711035267,0.5393295238095259
15,0.2,1000,0.5,811,0.47294117647058825,0.8933333333333335,0.15893926204305195,0,0.8356785714285736,0,0.6330497328401173
15,0.2,1000,0.5,857,0.4976470588235294,0.8886666666666667,0.18471890050458473,0,0.8509340659340668,0,0.6565227537923012
15,0.2,1000,0.5,867,0.45647058823529413,0.8873333333333333,0.16941110912169252,0,0.8428140703517623,0,0.6689004229142655
15,0.2,1000,0.5,847,0.4752941176470588,0.8873333333333331,0.16690835716602662,0,0.8346933333333358,0,0.6638252656434505
15,0.2,1000,0.5,877,0.4623529411764706,0.8866666666666667,0.16975524711571968,0,0.8431009615384648,0,0.6807031546940331
15,0.2,1000,0.5,863,0.48,0.8886666666666667,0.17456374405099243,0,0.8430453563714925,0,0.6954113557358079
15,0.2,1000,0.5,853,0.4623529411764706,0.8880000000000001,0.16482355188315662,0,0.8397411764705923,0,0.6890621336459563
15,0.2,1000,0.5,844,0.48705882352941177,0.8866666666666668,0.1696092809442624,0,0.8395353982300924,0,0.6968759873617708
15,0.2,1000,0.5,854,0.4717647058823529,0.8866666666666667,0.17903095547626297,0,0.8551336898395754,0,0.6668501170960207
15,0.2,1000,0.5,810,0.49411764705882355,0.8960000000000002,0.1698451938028434,0,0.8342270531400995,0,0.6838641975308659
15,0.2,1000,0.7,890,0.45647058823529413,0.8806666666666666,0.14581334730500078,0,0.8038515081206524,0,0.6726741573033699
15,0.2,1000,0.7,867,0.48705882352941177,0.8886666666666667,0.1626807177957082,0,0.8237717121588131,0,0.6698154555940046
15,0.2,1000,0.7,853,0.46705882352941175,0.8866666666666668,0.15445064083907692,0,0.8148773006134988,0,0.641309105119188
15,0.2,1000,0.7,868,0.47058823529411764,0.8879999999999999,0.18481902791524818,0,0.8581059063136494,0,0.7077726574500787
15,0.2,1000,0.7,868,0.4611764705882353,0.8866666666666667,0.17855418120506458,0,0.8564695652173917,0,0.735986943164366
15,0.2,1000,0.7,843,0.5129411764705882,0.8893333333333332,0.17042655237749557,0,0.834229508196723,0,0.6344523527085822
15,0.2,1000,0.7,856,0.4788235294117647,0.8873333333333331,0.17634390945018422,0,0.8434475374732351,0,0.695607476635516
15,0.2,1000,0.7,874,0.4682352941176471,0.8873333333333335,0.15588569943343644,0,0.8395583596214529,0,0.6490274599542358
15,0.2,1000,0.7,863,0.48705882352941177,0.8866666666666667,0.1618604606457572,0,0.8500000000000033,0,0.7268018539976826
15,0.2,1000,0.7,861,0.4823529411764706,0.8866666666666668,0.164588111400523,0,0.8300453514739251,0,0.6947851335656217
15,0.2,20000,0.1,870,0.4588235294117647,0.9546666666666668,0.174790966618386,0.30232876712328777,0.7187888531618447,0.0034482758620689655,0.5491733948481318
15,0.2,20000,0.1,866,0.4776470588235294,0.948,0.170625972842565,0.29258741258741267,0.7643092522179973,0.0023094688221709007,0.5611111111111102
15,0.2,20000,0.1,832,0.4752941176470588,0.9879999999999999,0.18625931860765266,0.3119852941176472,0.749135220125787,0.003605769230769231,0.5224487334137502
15,0.2,20000,0.1,868,0.4894117647058824,0.9386666666666668,0.15487567009529785,0.35414746543778797,0.7338499384993865,0.002304147465437788,0.5353502694380277
15,0.2,20000,0.1,844,0.47294117647058825,0.9586666666666666,0.19730670210622514,0.2917073170731708,0.7744247787610634,0.0035545023696682463,0.5706183115338868
15,0.2,20000,0.1,854,0.4811764705882353,0.9686666666666666,0.18812756972034383,0.3222406639004149,0.7533548387096779,0.00351288056206089,0.546733254994123
15,0.2,20000,0.1,854,0.46,0.9980000000000001,0.18981956714431725,0.30918238993710756,0.736224066390042,0.00468384074941452,0.505741176470587
15,0.2,20000,0.1,842,0.46352941176470586,0.9533333333333334,0.18689022605168953,0.29964285714285743,0.7496734693877554,0.0035629453681710215,0.5309455701231609
15,0.2,20000,0.1,833,0.47294117647058825,0.9693333333333332,0.19456275996322744,0.2745128205128206,0.7475833333333337,0.003601440576230492,0.5584337349397573
15,0.2,20000,0.3,833,0.49058823529411766,0.961333333333333,0.24059827000352896,0.15035897435897397,0.8173096446700513,0.003601440576230492,0.5129397590361455
15,0.2,20000,0.1,901,0.46588235294117647,0.9593333333333331,0.1714857457765888,0.33105263157894815,0.7387878787878798,0.003329633740288568,0.516881959910911
15,0.2,20000,0.3,835,0.4764705882352941,0.9466666666666664,0.27307625091596954,0.16611390284757105,0.840338461538464,0.003592814371257485,0.5623397435897458
15,0.2,20000,0.3,872,0.48705882352941177,0.9459999999999998,0.2830372442880999,0.15179357021996606,0.8452971576227424,0.0034403669724770644,0.584112006137324
15,0.2,20000,0.3,872,0.4776470588235294,0.9506666666666667,0.2802948610150984,0.09126881720430122,0.8594152046783656,0.0034403669724770644,0.5825930187955517
15,0.2,20000,0.3,873,0.4764705882352941,0.9673333333333335,0.27934856478828063,0.12309041835357588,0.8160073260073284,0.0057273768613974796,0.5069969278033811
15,0.2,20000,0.3,853,0.47058823529411764,0.964,0.31304040699226704,0.1627572016460906,0.8545814977973615,0.004689331770222743,0.5939418924224619
15,0.2,20000,0.3,845,0.4811764705882353,0.9613333333333335,0.3037798094652687,0.16284246575342456,0.8534294871794884,0.005917159763313609,0.5148769841269843
15,0.2,20000,0.5,872,0.48,0.8826666666666669,0.173561499762094,0,0.8434909909909966,0,0.6844533639143764
15,0.2,20000,0.3,860,0.4764705882352941,0.9633333333333334,0.2973577148329025,0.12960618846694774,0.8465432098765469,0.004651162790697674,0.5427297507788172
15,0.2,20000,0.3,852,0.46941176470588236,0.9613333333333335,0.28524603874884286,0.167018970189702,0.86780392156863,0.004694835680751174,0.524528301886794
15,0.2,20000,0.3,879,0.4647058823529412,0.9733333333333337,0.2890279426503695,0.14702777777777787,0.8309855072463801,0.004550625711035267,0.5391009523809545
15,0.2,20000,0.5,859,0.47294117647058825,0.8873333333333335,0.16821767921628472,0,0.8292477876106231,0,0.6886534730306578
15,0.2,20000,0.5,866,0.48470588235294115,0.8873333333333335,0.16143480045466146,0,0.8367701863354063,0,0.705431100846806
15,0.2,20000,0.5,854,0.47058823529411764,0.8873333333333335,0.16182572940307371,0,0.8368101265822823,0,0.6778493364558966
15,0.2,20000,0.5,877,0.4788235294117647,0.8873333333333335,0.1624028538011318,0,0.8432000000000028,0,0.6520714557202615
15,0.2,20000,0.5,852,0.48705882352941177,0.8866666666666668,0.18320744982016543,0,0.8477638190954782,0,0.6679381846635382
15,0.2,20000,0.5,851,0.4823529411764706,0.8879999999999999,0.17094017733432765,0,0.840902439024391,0,0.680564042303173
15,0.2,20000,0.5,860,0.48,0.8873333333333335,0.20286211720587805,0,0.8762186788154919,0,0.6942325581395365
15,0.2,20000,0.5,847,0.47294117647058825,0.8866666666666667,0.16632538037526168,0,0.838555304740411,0,0.6911452184179478
15,0.2,20000,0.7,848,0.49176470588235294,0.8880000000000001,0.17042869048923484,0,0.8512420382165605,0,0.6476847484276735
15,0.2,20000,0.5,856,0.4835294117647059,0.8873333333333335,0.16807907461073693,0,0.8520136518771356,0,0.6366121495327134
15,0.2,20000,0.7,843,0.46,0.8893333333333332,0.17382491900687874,0,0.8507991803278722,0,0.714938710952946
15,0.2,20000,0.7,857,0.4988235294117647,0.8879999999999999,0.16016680408951856,0,0.8444791666666686,0,0.6329443796188271
15,0.2,20000,0.7,856,0.47411764705882353,0.8880000000000001,0.16561296319156077,0,0.8382420091324237,0,0.6916394080996902
15,0.2,20000,0.7,818,0.4823529411764706,0.8926666666666667,0.1650096316148605,0,0.838262032085564,0,0.6696128769356163
15,0.2,20000,0.7,846,0.4764705882352941,0.8866666666666667,0.1989560743116148,0,0.8814769975786941,0,0.6880811662726579
15,0.2,20000,0.7,832,0.49529411764705883,0.8880000000000001,0.166685570836935,0,0.8368604651162824,0,0.6990705128205141
15,0.2,20000,0.7,866,0.49058823529411766,0.8873333333333335,0.18207461854778967,0,0.8624748490945704,0,0.717371054657429
15,0.2,20000,0.7,857,0.46941176470588236,0.8880000000000001,0.1692550349113631,0,0.8421671018276802,0,0.6689653831194112
15,0.2,3000,0.1,847,0.4811764705882353,0.9613333333333335,0.18625159271967837,0.3354545454545454,0.7548753462603881,0.0035419126328217238,0.5654107424960492
15,0.2,20000,0.7,826,0.49529411764705883,0.8900000000000002,0.1818233602730643,0,0.8416075650118241,0,0.682845036319614
15,0.2,3000,0.1,900,0.4717647058823529,0.9686666666666666,0.20187943634951075,0.32619047619047625,0.7611729957805893,0.0033333333333333335,0.5637198067632826
15,0.2,3000,0.1,866,0.4647058823529412,0.9313333333333337,0.15801274576335525,0.2900680272108844,0.7143273092369491,0.0023094688221709007,0.5696026234567889
15,0.2,3000,0.1,871,0.4823529411764706,0.9573333333333335,0.19871525848997593,0.32131687242798396,0.7624416666666662,0.003444316877152698,0.5805491551459262
15,0.2,3000,0.1,888,0.4682352941176471,0.9200000000000002,0.16782723552131237,0.33198757763975134,0.7436647173489288,0.0011261261261261261,0.568617061255165
15,0.2,3000,0.1,920,0.4717647058823529,0.9493333333333331,0.1990671806745437,0.3165234374999998,0.7817821782178223,0.004347826086956522,0.5614956331877697
15,0.2,3000,0.1,898,0.4717647058823529,0.9359999999999998,0.1895635557727195,0.3222222222222222,0.7797580015612774,0.0022271714922048997,0.6022209821428558
15,0.2,3000,0.1,855,0.508235294117647,0.9566666666666667,0.20055655193463634,0.3167699115044252,0.7747830374753446,0.0035087719298245615,0.5641705790297326
15,0.2,3000,0.1,867,0.4541176470588235,0.9393333333333336,0.16193244916545801,0.3158895705521473,0.7485596707818946,0.002306805074971165,0.5437880539499027
15,0.2,3000,0.3,891,0.4776470588235294,0.9546666666666668,0.2913442146565223,0.14215773809523796,0.848285714285717,0.004489337822671156,0.5575046974821509
15,0.2,3000,0.3,877,0.4835294117647059,0.9186666666666671,0.21740859598078127,0.14851132686084142,0.8314233576642359,0.002280501710376283,0.5721180952380976
15,0.2,3000,0.1,898,0.4576470588235294,0.9326666666666668,0.17614980836784577,0.32741758241758273,0.7563939393939406,0.0022271714922048997,0.5759821428571409
15,0.2,3000,0.3,862,0.4623529411764706,0.9460000000000002,0.2661662888932595,0.18076811594202916,0.8457818181818209,0.004640371229698376,0.5284304584304594
15,0.2,3000,0.3,865,0.48823529411764705,0.9573333333333335,0.26942769031023694,0.1257509157509156,0.8169230769230797,0.003468208092485549,0.5586774941995366
15,0.2,3000,0.3,860,0.5035294117647059,0.9740000000000002,0.29426130957911867,0.14745849297573438,0.839482200647253,0.005813953488372093,0.5183352826510739
15,0.2,3000,0.3,868,0.4717647058823529,0.9606666666666667,0.2756390320554151,0.1426639892904954,0.8516460905349821,0.004608294930875576,0.4981712962962978
15,0.2,3000,0.3,858,0.4894117647058824,0.9546666666666666,0.30302719430308533,0.1643852459016395,0.8491729323308315,0.004662004662004662,0.5703395784543339
15,0.2,3000,0.3,876,0.46705882352941175,0.9553333333333336,0.27383533423655587,0.1747131147540984,0.8319808306709308,0.0045662100456621,0.5386506116207966
15,0.2,3000,0.3,863,0.46588235294117647,0.9866666666666668,0.2823690245451524,0.16013480392156887,0.8224846625766898,0.005793742757821553,0.5213286713286733
15,0.2,3000,0.3,863,0.4588235294117647,0.9586666666666669,0.253624127661748,0.16097777777777778,0.8027169811320781,0.004634994206257242,0.5124291812184721
15,0.2,3000,0.5,860,0.45529411764705885,0.8873333333333333,0.1320296874017279,0,0.8035545023696691,0,0.5989302325581408
15,0.2,3000,0.5,862,0.45529411764705885,0.8873333333333333,0.17277085760912328,0,0.8337157107231953,0,0.6669953596287723
15,0.2,3000,0.5,866,0.46,0.8873333333333333,0.1502920367683343,0,0.8316702819956667,0,0.7034372594303329
15,0.2,3000,0.5,859,0.44823529411764707,0.8880000000000003,0.16107879828763333,0,0.8294758909853301,0,0.7001435778036509
15,0.2,3000,0.5,853,0.5023529411764706,0.8866666666666667,0.17169363598080956,0,0.8523350253807145,0,0.7504259476357976
15,0.2,3000,0.5,907,0.46352941176470586,0.8813333333333333,0.15967400353370487,0,0.8298692810457564,0,0.6892870268283727
15,0.2,3000,0.5,873,0.49529411764705883,0.8879999999999999,0.17388974177357341,0,0.8445564516129068,0,0.7031806032836979
15,0.2,3000,0.5,857,0.4788235294117647,0.8866666666666668,0.1501559765858213,0,0.8541968911917104,0,0.6101244651886452
15,0.2,3000,0.5,861,0.4811764705882353,0.8866666666666667,0.1748626277960203,0,0.832737556561089,0,0.6801587301587322
15,0.2,3000,0.5,816,0.48823529411764705,0.8953333333333336,0.1734533065243237,0,0.8525862068965547,0,0.6896854575163409
15,0.2,3000,0.7,842,0.4988235294117647,0.8873333333333335,0.18730339537463303,0,0.8618691588785068,0,0.6854790182106131
15,0.2,3000,0.7,833,0.508235294117647,0.8879999999999999,0.1731202805041608,0,0.8500000000000035,0,0.6677751100440209
15,0.2,3000,0.7,869,0.4823529411764706,0.8866666666666667,0.17150819044727433,0,0.8381451612903257,0,0.7028461833525147
15,0.2,3000,0.7,818,0.4811764705882353,0.8946666666666664,0.17345998977561897,0,0.8346365914787024,0,0.6744947025264895
15,0.2,3000,0.7,874,0.48823529411764705,0.8866666666666667,0.15971510520385954,0,0.8318529411764743,0,0.6542601067887117
15,0.2,3000,0.7,858,0.4894117647058824,0.8873333333333333,0.16198560020746888,0,0.8311290322580673,0,0.7073115773115777
15,0.2,3000,0.7,848,0.4823529411764706,0.8880000000000001,0.1865629415669375,0,0.8739440203562352,0,0.6844496855345918
15,0.2,3000,0.7,864,0.4858823529411765,0.8873333333333335,0.17524223032478664,0,0.8496118721461214,0,0.6867669753086422
15,0.2,3000,0.7,871,0.4835294117647059,0.8879999999999999,0.16762193285800522,0,0.8409112709832179,0,0.6769881362418707
15,0.2,3000,0.7,863,0.4611764705882353,0.8873333333333333,0.17205231983483965,0,0.8478072289156646,0,0.6811046736191585
15,0.2,4000,0.1,838,0.5011764705882353,0.9853333333333334,0.1941777293238612,0.30802973977695175,0.7482791817087852,0.00477326968973747,0.543792965627498
15,0.2,4000,0.1,849,0.4611764705882353,0.9880000000000001,0.20426537698785022,0.29298642533936653,0.7891782407407416,0.004711425206124852,0.5521262327416178
15,0.2,4000,0.1,879,0.4776470588235294,0.9559999999999998,0.18567918311906395,0.30310880829015513,0.7586986986986999,0.0022753128555176336,0.5661231470923582
15,0.2,4000,0.1,827,0.4835294117647059,0.9893333333333337,0.17265398370645968,0.30916334661354616,0.7299502487562197,0.0036275695284159614,0.5128155339805809
15,0.2,4000,0.1,871,0.48,0.9593333333333331,0.18330019921651058,0.3027586206896553,0.7391408934707907,0.004592422502870264,0.5280661284121476
15,0.2,4000,0.1,905,0.49176470588235294,0.9733333333333335,0.19154151411249304,0.31124223602484474,0.7390952380952387,0.004419889502762431,0.5208139104698473
15,0.2,4000,0.1,873,0.4611764705882353,0.9520000000000001,0.18822468050573038,0.3192703862660946,0.7355583972719515,0.002290950744558992,0.5713126674320664
15,0.2,4000,0.1,853,0.4717647058823529,0.968,0.17114564210667219,0.30408730158730196,0.7367489711934168,0.0035169988276670576,0.5109607843137247
15,0.2,4000,0.1,845,0.4788235294117647,0.9279999999999999,0.16682451021292694,0.29432,0.7561855670103103,0.001183431952662722,0.5723854660347545
15,0.2,4000,0.1,840,0.4858823529411765,0.9553333333333336,0.19757590440375516,0.3109852216748772,0.756364341085269,0.0035714285714285713,0.5938669852648304
15,0.2,4000,0.3,856,0.4858823529411765,0.9460000000000002,0.24274984220523638,0.1887711213517663,0.8158000000000022,0.004672897196261682,0.5215610328638525
15,0.2,4000,0.3,804,0.48823529411764705,0.9746666666666666,0.2704276803271595,0.15160353535353532,0.789846743295021,0.006218905472636816,0.4911138923654582
15,0.2,4000,0.3,871,0.4788235294117647,0.9480000000000001,0.2891542596735169,0.11526190476190486,0.877876106194694,0.002296211251435132,0.6429535864978926
15,0.2,4000,0.3,861,0.4811764705882353,0.9426666666666669,0.2254969568975712,0.1701207729468598,0.8276763485477193,0.0023228803716608595,0.549495537446647
15,0.2,4000,0.3,870,0.4764705882352941,0.9459999999999998,0.23863286399683825,0.12991803278688535,0.836830065359481,0.0022988505747126436,0.5782603686635953
15,0.2,4000,0.3,864,0.4717647058823529,0.9580000000000001,0.29582488982201854,0.14711366538952741,0.8398742138364815,0.005787037037037037,0.5333760186263106
15,0.2,4000,0.3,879,0.48,0.9533333333333335,0.28582513665006937,0.12615819209039544,0.8538324873096463,0.0034129692832764505,0.5901712328767128
15,0.2,4000,0.3,856,0.47058823529411764,0.9553333333333333,0.2898547250402026,0.15726388888888884,0.8324137931034515,0.004672897196261682,0.5537089201877949
15,0.2,4000,0.3,870,0.4788235294117647,0.9540000000000003,0.29137680208102906,0.10157575757575776,0.8469784172661888,0.0034482758620689655,0.6093733179546336
15,0.2,4000,0.3,864,0.46705882352941175,0.9393333333333334,0.2626600867123069,0.14123689727463298,0.8263814180929133,0.003472222222222222,0.5947619047619072
15,0.2,4000,0.5,878,0.46352941176470586,0.8879999999999999,0.1829300767207962,0,0.8524942263279485,0,0.6777562642369039
15,0.2,4000,0.5,855,0.4682352941176471,0.8879999999999999,0.18229978136960687,0,0.8575670498084318,0,0.7176569200779752
15,0.2,4000,0.5,868,0.4647058823529412,0.8873333333333331,0.14843554446926288,0,0.8218584070796479,0,0.6514592933947798
15,0.2,4000,0.5,882,0.4611764705882353,0.8866666666666667,0.14718308616169357,0,0.8279285714285738,0,0.632059712774001
15,0.2,4000,0.5,895,0.4964705882352941,0.8826666666666667,0.16246627979551367,0,0.8391666666666713,0,0.6806666666666676
15,0.2,4000,0.5,860,0.4776470588235294,0.8879999999999999,0.183557202921751,0,0.8592963752665287,0,0.7032984496124052
15,0.2,4000,0.5,884,0.46,0.884,0.1279734868406473,0,0.7985641025641035,0,0.5971907993966843
15,0.2,4000,0.5,861,0.4976470588235294,0.8866666666666667,0.17295505904274017,0,0.8357420924574233,0,0.677317073170733
15,0.2,4000,0.5,869,0.4894117647058824,0.8873333333333335,0.16554419843172932,0,0.8529936305732512,0,0.6539278864595337
15,0.2,4000,0.5,888,0.4764705882352941,0.8873333333333335,0.16389523033124118,0,0.8270105263157929,0,0.6914226726726741
15,0.2,4000,0.7,883,0.48,0.8866666666666668,0.15475907057502153,0,0.8333956386292868,0,0.6465232163080425
15,0.2,4000,0.7,868,0.48470588235294115,0.8866666666666668,0.17017895638761782,0,0.8462040816326541,0,0.7070545314900168
15,0.2,4000,0.7,863,0.4647058823529412,0.886666666666667,0.18139990583873017,0,0.8592761394101911,0,0.6649826187717286
15,0.2,4000,0.7,843,0.5035294117647059,0.8873333333333335,0.16437990190159696,0,0.8350655021834095,0,0.6964887307236083
15,0.2,4000,0.7,878,0.4752941176470588,0.8853333333333332,0.17241199377967245,0,0.8383653846153888,0,0.669031890660595
15,0.2,4000,0.7,869,0.4611764705882353,0.8866666666666667,0.17913475434923512,0,0.8426652452025605,0,0.694338319907942
15,0.2,4000,0.7,902,0.4470588235294118,0.8820000000000001,0.16491318469068444,0,0.8479377431906648,0,0.7206208425720605
15,0.2,4000,0.7,876,0.46588235294117647,0.8866666666666667,0.16948900716151968,0,0.8475696202531657,0,0.6728652968036535
15,0.2,4000,0.7,844,0.49529411764705883,0.8866666666666665,0.17229138220691728,0,0.8493704600484298,0,0.6862756714060065
15,0.2,4000,0.7,862,0.5117647058823529,0.8866666666666667,0.16653777151910115,0,0.8343831168831187,0,0.6400309358081991
15,0.2,5000,0.1,859,0.4823529411764706,0.9619999999999997,0.16874642391318934,0.3493478260869564,0.7414600550964194,0.0034924330616996507,0.5288084112149516
15,0.2,5000,0.1,868,0.4447058823529412,0.9446666666666665,0.19975385947039986,0.3156842105263157,0.7763301282051246,0.0034562211981566822,0.5937610789980727
15,0.2,5000,0.1,873,0.4988235294117647,0.9706666666666667,0.20610096120358654,0.30521739130434816,0.7645761078998079,0.003436426116838488,0.5535708812260537
15,0.2,5000,0.1,869,0.4976470588235294,0.9586666666666668,0.19563819921313724,0.30829268292682926,0.7769129720853862,0.0023014959723820483,0.5990618992695108
15,0.2,5000,0.1,861,0.47058823529411764,0.9326666666666668,0.20118576242882016,0.30329411764705855,0.7745007032348785,0.003484320557491289,0.6175213675213657
15,0.2,5000,0.1,843,0.4752941176470588,0.9693333333333334,0.20901236518816957,0.30887596899224795,0.786601307189542,0.004744958481613286,0.553098927294396
15,0.2,5000,0.1,871,0.46941176470588236,0.9753333333333333,0.18656828114677323,0.30984126984126925,0.770330330330331,0.003444316877152698,0.5300652841781869
15,0.2,5000,0.1,849,0.4976470588235294,0.9780000000000003,0.18097789564335823,0.34766917293233174,0.7554502923976609,0.0035335689045936395,0.5380102442868394
15,0.2,5000,0.1,829,0.48,0.9506666666666667,0.1794529539094888,0.31968911917098486,0.741568627450982,0.0024125452352231603,0.5633494558645693
15,0.2,5000,0.3,874,0.4964705882352941,1.0019999999999998,0.2796416510410823,0.12947999999999962,0.8493859649122816,0.005720823798627002,0.5057499041043346
15,0.2,5000,0.1,857,0.48705882352941177,0.9580000000000003,0.19612992318802142,0.30319634703196313,0.7688391906283286,0.003500583430571762,0.5610850897736128
15,0.2,5000,0.3,882,0.45529411764705885,0.9733333333333334,0.2933611110470188,0.15987129987129997,0.8469461077844337,0.0045351473922902496,0.5395406226271827
15,0.2,5000,0.3,871,0.45294117647058824,0.9659999999999999,0.3007248218146398,0.13094017094017066,0.8345384615384654,0.004592422502870264,0.5480084582852762
15,0.2,5000,0.3,870,0.4776470588235294,0.9406666666666667,0.26408248833270365,0.1381179138321996,0.8267477876106216,0.0022988505747126436,0.6160061443932415
15,0.2,5000,0.3,882,0.4976470588235294,0.9613333333333333,0.29187833340433644,0.1619614921780989,0.8443154761904801,0.005668934240362812,0.5259293044469815
15,0.2,5000,0.3,862,0.4894117647058824,0.9460000000000001,0.25743752478932763,0.1485772357723576,0.8098976982097227,0.0034802784222737818,0.5884012417539802
15,0.2,5000,0.3,852,0.48823529411764705,0.9393333333333334,0.271414345461993,0.13790209790209781,0.8338329764453999,0.002347417840375587,0.6264941176470606
15,0.2,5000,0.3,856,0.4788235294117647,0.9793333333333332,0.3017620548536785,0.161660735468565,0.8533956386292867,0.005841121495327103,0.5290990990991018
15,0.2,5000,0.3,885,0.5047058823529412,0.9753333333333334,0.31281921157509596,0.16164082687338496,0.9067405063291151,0.004519774011299435,0.5483844116534253
15,0.2,5000,0.5,847,0.46588235294117647,0.8880000000000001,0.1617564886168373,0,0.8437528089887678,0,0.7008539944903588
15,0.2,5000,0.5,877,0.4717647058823529,0.8873333333333333,0.16585143675896796,0,0.8347136563876677,0,0.6875446598251609
15,0.2,5000,0.5,826,0.49058823529411766,0.8933333333333333,0.16048297308555107,0,0.8294570135746647,0,0.6965375302663466
15,0.2,5000,0.3,887,0.4435294117647059,0.9799999999999998,0.299318786789657,0.1356737588652484,0.8419607843137273,0.005636978579481398,0.5097430083144385
15,0.2,5000,0.5,882,0.4576470588235294,0.8833333333333335,0.1697519909497774,0,0.8363085399449061,0,0.6512093726379471
15,0.2,5000,0.5,861,0.47294117647058825,0.8866666666666668,0.1606500968064315,0,0.8295501730103825,0,0.6269376693766959
15,0.2,5000,0.5,860,0.4929411764705882,0.8866666666666667,0.17310780371757709,0,0.8356862745098074,0,0.6886434108527144
15,0.2,5000,0.5,840,0.48470588235294115,0.8906666666666664,0.17737753729622097,0,0.8488976377952785,0,0.672214285714287
15,0.2,5000,0.5,827,0.46941176470588236,0.8906666666666666,0.15814088849784516,0,0.8212169312169335,0,0.6686134623135861
15,0.2,5000,0.5,821,0.48705882352941177,0.8906666666666666,0.15074296491162265,0,0.8138840579710191,0,0.6566504263093818
15,0.2,5000,0.5,865,0.4388235294117647,0.8873333333333331,0.1697609153362277,0,0.8288399071925792,0,0.6755414258188833
15,0.2,5000,0.7,871,0.4717647058823529,0.8873333333333335,0.17115210480285353,0,0.8303284671532865,0,0.7108802143130503
15,0.2,5000,0.7,863,0.4894117647058824,0.8880000000000001,0.16257846817321894,0,0.8230750605326912,0,0.6705098493626894
15,0.2,5000,0.7,864,0.47411764705882353,0.8866666666666668,0.1632323133453834,0,0.8436423841059655,0,0.6987770061728414
15,0.2,5000,0.7,849,0.4752941176470588,0.8866666666666667,0.17278240571874526,0,0.8357760814249362,0,0.6699725166862983
15,0.2,5000,0.7,814,0.4776470588235294,0.894,0.17406135852424237,0,0.846065989847719,0,0.6790335790335823
15,0.2,5000,0.7,858,0.4764705882352941,0.8873333333333335,0.16138537751890758,0,0.8456506849315091,0,0.637400932400936
15,0.2,5000,0.7,897,0.4752941176470588,0.8806666666666666,0.16394777210582714,0,0.8374612403100815,0,0.7118246005202545
15,0.2,5000,0.7,852,0.4964705882352941,0.8873333333333333,0.16908524407721542,0,0.8475062972292225,0,0.6785211267605653
15,0.2,5000,0.7,854,0.48470588235294115,0.8873333333333335,0.1613964725524797,0,0.8199526066350759,0,0.674648711943796
15,0.2,5000,0.7,861,0.4752941176470588,0.8866666666666667,0.15964539376697803,0,0.8232225913621287,0,0.6281571815718199
15,0.3,1000,0.1,849,0.5011764705882353,0.9820000000000001,0.19634615869967614,0.3090625000000002,0.7761728395061739,0.0035335689045936395,0.5294208037825046
15,0.3,1000,0.1,856,0.4894117647058824,0.9853333333333332,0.1886997080659099,0.31215909090909155,0.7414605418138998,0.004672897196261682,0.5295657276995281
15,0.3,1000,0.1,879,0.49176470588235294,0.9726666666666666,0.20562329465501694,0.3320189274447951,0.7689458689458707,0.004550625711035267,0.5518285714285696
15,0.3,1000,0.1,839,0.4752941176470588,0.9613333333333336,0.1846560685886221,0.30899543378995437,0.7445370370370382,0.003575685339690107,0.5562121212121177
15,0.3,1000,0.1,859,0.49176470588235294,0.968,0.20759654180577816,0.3264495114006519,0.7652298850574709,0.0034924330616996507,0.5480140186915861
15,0.3,1000,0.1,813,0.48705882352941177,0.9613333333333335,0.1886841759537904,0.33446043165467676,0.7673640167364022,0.0036900369003690036,0.5240823045267479
15,0.3,1000,0.1,843,0.48470588235294115,1.0020000000000002,0.2083372827536067,0.29644518272425224,0.771232704402516,0.005931198102016607,0.5294152744630075
15,0.3,1000,0.1,866,0.46,0.9519999999999997,0.1902485998501612,0.29768421052631583,0.7448600508905842,0.003464203233256351,0.574036307454613
15,0.3,1000,0.1,844,0.49176470588235294,0.9493333333333334,0.19001438818569494,0.30323671497584515,0.75543524416136,0.002369668246445498,0.5510411718131437
15,0.3,1000,0.1,878,0.4623529411764706,0.9706666666666665,0.2032666654372672,0.2895588235294114,0.7678735632183922,0.004555808656036446,0.5324256292906183
15,0.3,1000,0.3,876,0.4752941176470588,0.9546666666666668,0.25486687428424065,0.15365418894830657,0.7992663043478307,0.003424657534246575,0.5678655975563232
15,0.3,1000,0.3,847,0.4647058823529412,0.9373333333333332,0.26098275117417813,0.13868480725623575,0.8292032967032996,0.0023612750885478157,0.5850059171597648
15,0.3,1000,0.3,871,0.4811764705882353,0.9693333333333332,0.2990782134641346,0.10252136752136741,0.8295341614906857,0.004592422502870264,0.5373933102652824
15,0.3,1000,0.3,828,0.4776470588235294,0.9746666666666666,0.2605845144972347,0.14238636363636345,0.8206329113924045,0.006038647342995169,0.47106925880923584
15,0.3,1000,0.3,899,0.46,0.9760000000000002,0.27036488286126537,0.17523096129837717,0.8440077821011697,0.0055617352614015575,0.5157046979865788
15,0.3,1000,0.3,809,0.4717647058823529,0.9626666666666667,0.27700455242311706,0.13526315789473678,0.8220161290322604,0.006180469715698393,0.4952321724709789
15,0.3,1000,0.3,858,0.46,0.9753333333333336,0.2894897419519029,0.14428571428571402,0.829934426229511,0.004662004662004662,0.5287041373926639
15,0.3,1000,0.3,866,0.45529411764705885,0.9893333333333334,0.3104418009481107,0.16802350427350446,0.8558092485549158,0.006928406466512702,0.5236821705426377
15,0.3,1000,0.3,888,0.508235294117647,0.9586666666666668,0.2756844531238763,0.12465517241379305,0.8284130982367802,0.0033783783783783786,0.590425612052733
15,0.3,1000,0.3,876,0.45176470588235296,0.9693333333333332,0.28507485561614265,0.14531963470319642,0.8072696245733814,0.005707762557077625,0.4929391504018394
15,0.3,1000,0.5,848,0.47411764705882353,0.8880000000000001,0.16247474013283283,0,0.83895140664962,0,0.6728301886792466
15,0.3,1000,0.5,867,0.49176470588235294,0.8853333333333332,0.1727320419443089,0,0.8553725490196118,0,0.7198308342945032
15,0.3,1000,0.5,874,0.48823529411764705,0.8866666666666667,0.16889923844462626,0,0.8443215031315269,0,0.7036384439359274
15,0.3,1000,0.5,879,0.5035294117647059,0.886,0.14720785196070704,0,0.8118489583333376,0,0.6641410693970446
15,0.3,1000,0.5,869,0.4858823529411765,0.8873333333333333,0.18893148756529857,0,0.8662741312741359,0,0.722662063674723
15,0.3,1000,0.5,850,0.46352941176470586,0.8873333333333333,0.1630225079982641,0,0.8413031914893636,0,0.677458823529413
15,0.3,1000,0.5,877,0.47058823529411764,0.8866666666666668,0.15353827514139046,0,0.8204204204204236,0,0.6441657164576233
15,0.3,1000,0.5,824,0.5058823529411764,0.8900000000000002,0.16381781970141418,0,0.8413939393939426,0,0.6582241100323655
15,0.3,1000,0.5,859,0.4964705882352941,0.8873333333333335,0.1523056123287154,0,0.8170715835141031,0,0.6927240977881293
15,0.3,1000,0.5,845,0.47294117647058825,0.8866666666666667,0.15350305922098076,0,0.8260421052631637,0,0.6990887573964502
15,0.3,1000,0.7,923,0.46352941176470586,0.8806666666666666,0.17788693581024081,0,0.8578611111111141,0,0.6508956301914093
15,0.3,1000,0.7,847,0.49176470588235294,0.8866666666666667,0.14694137450651645,0,0.8029945054945091,0,0.6569657615112166
15,0.3,1000,0.7,875,0.46705882352941175,0.8866666666666667,0.17132296578877407,0,0.8363225806451638,0,0.6898666666666674
15,0.3,1000,0.7,820,0.4811764705882353,0.894,0.17244987715421814,0,0.84831168831169,0,0.6401300813008161
15,0.3,1000,0.7,859,0.4964705882352941,0.8866666666666667,0.1523705739633581,0,0.8108988764044985,0,0.683399301513388
15,0.3,1000,0.7,873,0.46,0.8866666666666667,0.15800357986744076,0,0.8302593659942379,0,0.656143566246661
15,0.3,1000,0.7,881,0.4788235294117647,0.886,0.19478192184164655,0,0.867320754716984,0,0.7212107453651191
15,0.3,1000,0.7,860,0.4647058823529412,0.8873333333333335,0.17311314711703593,0,0.848937644341805,0,0.6863178294573652
15,0.3,1000,0.7,850,0.4894117647058824,0.8866666666666667,0.1648738081400652,0,0.8393023255813987,0,0.717184313725491
15,0.3,1000,0.7,858,0.4976470588235294,0.8873333333333331,0.15846796404770172,0,0.81704180064309,0,0.6284188034188056
15,0.3,20000,0.1,859,0.4776470588235294,0.9626666666666667,0.18415210248958783,0.32826271186440675,0.7498725490196091,0.0034924330616996507,0.5629945482866029
15,0.3,20000,0.1,872,0.48705882352941177,0.9480000000000001,0.16883219701521807,0.28173553719008265,0.7537809187279159,0.0022935779816513763,0.566417624521072
15,0.3,20000,0.1,856,0.4764705882352941,0.9520000000000003,0.16904530994803596,0.3275115207373266,0.7507968127490043,0.002336448598130841,0.5345784543325536
15,0.3,20000,0.1,867,0.4752941176470588,0.9533333333333334,0.2187589621846706,0.2751741293532338,0.7819866071428557,0.0034602076124567475,0.6030208333333318
15,0.3,20000,0.1,855,0.4964705882352941,0.9506666666666668,0.17753107763610732,0.31976958525345645,0.7431888888888901,0.0035087719298245615,0.552492175273863
15,0.3,20000,0.1,844,0.47411764705882353,0.9313333333333335,0.1812705581999587,0.32017699115044224,0.7681077147016013,0.002369668246445498,0.5364330958036404
15,0.3,20000,0.1,855,0.46941176470588236,0.9793333333333332,0.19624771636624627,0.29395348837209323,0.7742318840579712,0.004678362573099415,0.5298472385428892
15,0.3,20000,0.1,917,0.4788235294117647,0.9746666666666668,0.19039610587747285,0.30991228070175414,0.75453373015873,0.003271537622682661,0.5622538293216622
15,0.3,20000,0.1,819,0.45529411764705885,0.9400000000000002,0.18577056525288552,0.30024390243902427,0.7562648809523795,0.002442002442002442,0.610546715626274
15,0.3,20000,0.3,847,0.48705882352941177,0.9753333333333333,0.2915604066316011,0.17179487179487207,0.8438392857142899,0.0059031877213695395,0.5386381631037244
15,0.3,20000,0.1,837,0.5023529411764706,0.9879999999999999,0.17938228923016716,0.33279538904899186,0.7310119047619056,0.0047789725209080045,0.49363745498199185
15,0.3,20000,0.3,865,0.5117647058823529,0.948,0.2596514958031718,0.1583098591549296,0.804437299035373,0.004624277456647399,0.5413782423538542
15,0.3,20000,0.3,838,0.4764705882352941,0.9986666666666667,0.25752755299355773,0.17891919191919237,0.7970212765957443,0.007159904534606206,0.4529126602564117
15,0.3,20000,0.3,875,0.48470588235294115,0.9439999999999997,0.25294949585784765,0.14965079365079337,0.8123770491803286,0.004571428571428572,0.5119823957137392
15,0.3,20000,0.3,867,0.4835294117647059,0.9406666666666667,0.24998904582437984,0.16147186147186143,0.8452941176470615,0.002306805074971165,0.5611098265895974
15,0.3,20000,0.3,867,0.49411764705882355,0.9646666666666668,0.3052679693173924,0.15974358974358976,0.8435734870317041,0.0057670126874279125,0.5322892498066527
15,0.3,20000,0.3,867,0.44823529411764707,0.9719999999999999,0.30676927866130854,0.12778830963665078,0.8873469387755131,0.00461361014994233,0.5592854383932054
15,0.3,20000,0.3,860,0.4682352941176471,0.9526666666666666,0.2823856321780691,0.15761453396524477,0.8397421203438434,0.004651162790697674,0.5619548286604372
15,0.3,20000,0.3,874,0.45647058823529413,0.9673333333333335,0.2832038368454147,0.16138211382113823,0.8436421725239642,0.005720823798627002,0.5307172995780611
15,0.3,20000,0.5,863,0.4988235294117647,0.8866666666666668,0.16763918148408732,0,0.8402903811252297,0,0.7279219775975275
15,0.3,20000,0.5,864,0.44941176470588234,0.8866666666666667,0.16236999672240654,0,0.8316477272727302,0,0.6519174382716069
15,0.3,20000,0.3,879,0.48823529411764705,0.9793333333333334,0.2761165006955254,0.1364452214452214,0.8096052631578955,0.005688282138794084,0.4890846681922206
15,0.3,20000,0.5,869,0.47058823529411764,0.8866666666666667,0.17110004807783444,0,0.852877263581495,0,0.7186229382431925
15,0.3,20000,0.5,887,0.47411764705882353,0.8866666666666667,0.15846503609533547,0,0.828337531486149,0,0.6664900413378445
15,0.3,20000,0.5,860,0.4823529411764706,0.8873333333333333,0.17375551638887177,0,0.8583128834355853,0,0.6497364341085297
15,0.3,20000,0.5,856,0.49529411764705883,0.8873333333333333,0.16635084595045285,0,0.8529401993355514,0,0.7537461059190019
15,0.3,20000,0.5,867,0.48823529411764705,0.8866666666666667,0.16804059294982876,0,0.8493246753246786,0,0.679377162629758
15,0.3,20000,0.5,860,0.4823529411764706,0.8866666666666667,0.15234334479784842,0,0.8257772020725422,0,0.667968992248064
15,0.3,20000,0.5,865,0.4929411764705882,0.8866666666666668,0.15854320955840814,0,0.8387748344370879,0,0.635190751445089
15,0.3,20000,0.5,868,0.4647058823529412,0.8879999999999999,0.18751530438137498,0,0.8528210116731555,0,0.7082219662058387
15,0.3,20000,0.7,806,0.4776470588235294,0.8933333333333333,0.1602162019006673,0,0.8216513761467923,0,0.6906865177832936
15,0.3,20000,0.7,891,0.46588235294117647,0.8873333333333333,0.1642388490493484,0,0.8233139534883768,0,0.6969060980172087
15,0.3,20000,0.7,851,0.4717647058823529,0.8866666666666667,0.17499982719283658,0,0.8465934065934093,0,0.6980336858597738
15,0.3,20000,0.7,882,0.4505882352941176,0.8866666666666667,0.17226350229375775,0,0.8506959706959731,0,0.7258125472411205
15,0.3,20000,0.7,871,0.45647058823529413,0.886,0.1690330245247244,0,0.8302957486136807,0,0.7100880214313043
15,0.3,20000,0.7,886,0.48705882352941177,0.8833333333333333,0.18219403225270928,0,0.8606601466992677,0,0.682027840481567
15,0.3,20000,0.7,865,0.4647058823529412,0.8873333333333335,0.1566251136796476,0,0.832801932367154,0,0.7459383429672433
15,0.3,20000,0.7,838,0.47058823529411764,0.8933333333333333,0.18397612209643635,0,0.8501659751037388,0,0.701252983293559
15,0.3,20000,0.7,873,0.46,0.8873333333333336,0.1642512911228919,0,0.8310559006211213,0,0.7019091256204675
15,0.3,20000,0.7,864,0.4647058823529412,0.8866666666666668,0.17257694891920158,0,0.8399257425742599,0,0.6755516975308653
15,0.3,3000,0.1,867,0.49058823529411766,0.9273333333333335,0.14472007439162446,0.33280821917808173,0.7118811881188125,0.0011534025374855825,0.5669745958429535
15,0.3,3000,0.1,865,0.4764705882352941,0.9586666666666666,0.18936895107513674,0.3175102040816325,0.7583166109253079,0.003468208092485549,0.5492807424593953
15,0.3,3000,0.1,864,0.4823529411764706,0.9806666666666666,0.19541528016745024,0.2983700440528633,0.7438805970149273,0.003472222222222222,0.5593573364305059
15,0.3,3000,0.1,871,0.4470588235294118,0.9526666666666667,0.18089327291412954,0.32563876651982415,0.7704096045197749,0.002296211251435132,0.5396087456846933
15,0.3,3000,0.1,848,0.4964705882352941,0.9459999999999998,0.16043491897129486,0.30238888888888876,0.7496007984031939,0.0023584905660377358,0.5251103230890465
15,0.3,3000,0.1,800,0.49058823529411766,0.9339999999999999,0.1743628241822091,0.3074213836477985,0.758748299319729,0.0025,0.5488304093567248
15,0.3,3000,0.1,832,0.5035294117647059,0.97,0.18569572085999614,0.28567839195979877,0.7284873949579846,0.003605769230769231,0.5633896260554879
15,0.3,3000,0.1,826,0.5011764705882353,0.9560000000000001,0.19054819389437558,0.3269767441860462,0.7629019607843145,0.0036319612590799033,0.5720048602673139
15,0.3,3000,0.1,912,0.4435294117647059,0.9566666666666667,0.22406212843035714,0.3033680555555557,0.7937046861184783,0.0043859649122807015,0.5664831130690146
15,0.3,3000,0.1,848,0.5094117647058823,0.9766666666666667,0.18673938041602597,0.32707407407407413,0.7504632768361591,0.0047169811320754715,0.541552132701421
15,0.3,3000,0.3,849,0.46705882352941175,0.9546666666666668,0.2646403257538986,0.15947811447811436,0.830899653979242,0.0035335689045936395,0.5403821907013406
15,0.3,3000,0.3,869,0.46352941176470586,0.9553333333333336,0.2639313351078262,0.17767225325884506,0.8301222493887572,0.0034522439585730723,0.5970669745958465
15,0.3,3000,0.3,876,0.48470588235294115,0.9666666666666667,0.27815850179120694,0.12620634920634893,0.8413058419243995,0.0045662100456621,0.5380810397553539
15,0.3,3000,0.3,856,0.4717647058823529,0.968,0.3183392060961889,0.11860841423948203,0.8916000000000022,0.004672897196261682,0.5792879499217533
15,0.3,3000,0.3,873,0.45647058823529413,0.9713333333333333,0.27401077975015947,0.13635829662261373,0.8193262411347546,0.004581901489117984,0.5242616033755282
15,0.3,3000,0.3,908,0.47411764705882353,0.9393333333333331,0.2844816561072061,0.14789644012944983,0.874504504504507,0.004405286343612335,0.5687500000000032
15,0.3,3000,0.3,884,0.4835294117647059,0.9840000000000003,0.2879040398549081,0.17595698924731218,0.8358219178082227,0.005656108597285068,0.5108418657565434
15,0.3,3000,0.3,860,0.4717647058823529,0.9573333333333333,0.26273027431802576,0.11586879432624102,0.8053793103448311,0.0034883720930232558,0.5397043951769763
15,0.3,3000,0.3,859,0.49176470588235294,0.9526666666666671,0.2570257956208061,0.11312280701754372,0.8785465116279064,0.0034924330616996507,0.5017873831775711
15,0.3,3000,0.3,824,0.4858823529411765,0.9693333333333334,0.28855934624953555,0.14162062615101265,0.8508378378378395,0.0036407766990291263,0.589346325619165
15,0.3,3000,0.5,859,0.48470588235294115,0.8873333333333335,0.16173666320197,0,0.828740740740743,0,0.6783857198292599
15,0.3,3000,0.5,879,0.4717647058823529,0.8886666666666666,0.17394113490234753,0,0.8432085561497348,0,0.7256427758816829
15,0.3,3000,0.5,861,0.46588235294117647,0.8866666666666667,0.16259130197532173,0,0.8238235294117675,0,0.6839334107626808
15,0.3,3000,0.5,861,0.47411764705882353,0.8866666666666667,0.16505368784377644,0,0.8308736059479587,0,0.7160820751064659
15,0.3,3000,0.5,868,0.45647058823529413,0.8866666666666667,0.1527085337574774,0,0.8244444444444491,0,0.7181950844854064
15,0.3,3000,0.5,870,0.4764705882352941,0.8873333333333335,0.16645390989850858,0,0.839710982658963,0,0.7111302681992345
15,0.3,3000,0.5,852,0.49176470588235294,0.8873333333333333,0.17531387997512127,0,0.8624464831804302,0,0.6531142410015677
15,0.3,3000,0.5,856,0.49176470588235294,0.8873333333333335,0.15877768875024434,0,0.8288454376163901,0,0.7211176012461045
15,0.3,3000,0.5,876,0.46705882352941175,0.8866666666666665,0.17285108839865587,0,0.8432460732984316,0,0.6602511415525123
15,0.3,3000,0.5,832,0.45176470588235296,0.8879999999999999,0.1652627994311532,0,0.841602067183466,0,0.6848838141025665
15,0.3,3000,0.7,856,0.48470588235294115,0.8879999999999999,0.15997380332899483,0,0.8350429799426962,0,0.6573598130841153
15,0.3,3000,0.7,864,0.5035294117647059,0.8886666666666666,0.15910719605898152,0,0.8197183098591593,0,0.6535918209876564
15,0.3,3000,0.7,857,0.46941176470588236,0.8880000000000001,0.1612536686019862,0,0.8283636363636416,0,0.7224776351614178
15,0.3,3000,0.7,804,0.49176470588235294,0.8933333333333333,0.16409305744364822,0,0.8269392033543018,0,0.7070107794361546
15,0.3,3000,0.7,859,0.4752941176470588,0.8866666666666665,0.17438169966520928,0,0.8550259067357528,0,0.6768878540939091
15,0.3,3000,0.7,890,0.4752941176470588,0.8866666666666668,0.17328179570385727,0,0.8471750000000026,0,0.6662022471910127
15,0.3,3000,0.7,869,0.4823529411764706,0.8886666666666666,0.16882302489789885,0,0.8453470437018015,0,0.6709129267357138
15,0.3,3000,0.7,864,0.5,0.8873333333333335,0.16500994241038444,0,0.8454447439353123,0,0.665308641975309
15,0.3,3000,0.7,844,0.46941176470588236,0.8866666666666667,0.18556630003196806,0,0.8668152866242049,0,0.6482306477093224
15,0.3,3000,0.7,840,0.5,0.8913333333333333,0.15693846751826027,0,0.831529933481156,0,0.6963928571428577
15,0.3,4000,0.1,815,0.5070588235294118,0.9606666666666667,0.18050138455436862,0.3343773584905665,0.7364214046822756,0.0036809815950920245,0.5385016420361225
15,0.3,4000,0.1,853,0.5023529411764706,0.9700000000000002,0.16611930298504698,0.32206751054852356,0.7194013605442191,0.0035169988276670576,0.5391333333333299
15,0.3,4000,0.1,815,0.5047058823529412,0.9626666666666669,0.1671636133824502,0.30366336633663354,0.7095966785290645,0.0036809815950920245,0.5434646962233145
15,0.3,4000,0.1,828,0.4611764705882353,0.9846666666666666,0.19383474798399564,0.3251841359773374,0.7719689922480621,0.004830917874396135,0.49901699029126145
15,0.3,4000,0.1,806,0.5070588235294118,0.9813333333333335,0.20034457754067309,0.32137809187279187,0.763992673992675,0.0037220843672456576,0.5269240348692387
15,0.3,4000,0.1,876,0.47411764705882353,0.9486666666666663,0.1772512644839608,0.2959708737864076,0.7337432578209283,0.003424657534246575,0.5536426116838455
15,0.3,4000,0.1,849,0.46,0.9566666666666667,0.17742840300909293,0.32399193548387095,0.7467517730496461,0.0035335689045936395,0.5308747044917241
15,0.3,4000,0.1,854,0.4776470588235294,0.9733333333333329,0.2023480152548611,0.2915573770491802,0.7433136094674564,0.00468384074941452,0.5553333333333308
15,0.3,4000,0.1,867,0.44941176470588234,0.9473333333333332,0.16974566095013552,0.28301886792452835,0.7223561643835619,0.0034602076124567475,0.5786226851851808
15,0.3,4000,0.1,840,0.49058823529411766,0.9420000000000001,0.17844514401462797,0.3157142857142861,0.7569246646026837,0.002380952380952381,0.5697016706443907
15,0.3,4000,0.3,878,0.4764705882352941,0.958,0.2843344418801069,0.14816753926701545,0.8728660436137091,0.003416856492027335,0.5662971428571438
15,0.3,4000,0.3,852,0.49058823529411766,0.9773333333333335,0.2853171950516976,0.15557177615571802,0.8341064638783294,0.005868544600938967,0.4993978748524203
15,0.3,4000,0.3,871,0.46588235294117647,0.9553333333333336,0.2429686329589586,0.1252621722846442,0.8282692307692323,0.003444316877152698,0.5178955453149018
15,0.3,4000,0.3,888,0.4717647058823529,0.9720000000000001,0.3008081753893763,0.1540546448087433,0.8383333333333376,0.006756756756756757,0.5136318972033285
15,0.3,4000,0.3,848,0.45176470588235296,0.9646666666666668,0.2817547150375604,0.13638326585695,0.8493506493506506,0.0047169811320754715,0.5093878357030032
15,0.3,4000,0.3,839,0.508235294117647,0.9466666666666669,0.26074478529764383,0.1592700729927007,0.8439440203562376,0.0023837902264600714,0.6169414575866219
15,0.3,4000,0.3,880,0.48,0.9546666666666666,0.2887046637912744,0.14583011583011604,0.8575757575757598,0.004545454545454545,0.5153957382039576
15,0.3,4000,0.3,850,0.4835294117647059,0.9553333333333334,0.25178302578409684,0.1671929824561403,0.8032222222222253,0.004705882352941176,0.5170409771473623
15,0.3,4000,0.3,858,0.46705882352941175,0.9573333333333333,0.2678224392614617,0.14153976311336705,0.8218867924528327,0.0034965034965034965,0.5473957115009772
15,0.3,4000,0.5,850,0.48,0.8873333333333335,0.1557697881582103,0,0.817415730337081,0,0.6872431372549033
15,0.3,4000,0.5,853,0.4788235294117647,0.8873333333333333,0.1836062405054942,0,0.8593301435406705,0,0.6843298163345067
15,0.3,4000,0.3,859,0.47411764705882353,0.9673333333333333,0.30445636156686595,0.15702265372168311,0.8281176470588268,0.006984866123399301,0.5039781164517405
15,0.3,4000,0.5,851,0.48470588235294115,0.8873333333333333,0.16202576711296146,0,0.8355555555555565,0,0.6629494712103414
15,0.3,4000,0.5,856,0.5011764705882353,0.8873333333333333,0.16224689670928327,0,0.8406407322654499,0,0.6931074766355156
15,0.3,4000,0.5,868,0.4764705882352941,0.8873333333333335,0.17280653578986546,0,0.8468965517241415,0,0.6640437788018445
15,0.3,4000,0.5,866,0.4576470588235294,0.8866666666666667,0.165025710878619,0,0.8328382838283837,0,0.6311393379522743
15,0.3,4000,0.5,874,0.4623529411764706,0.8833333333333333,0.16446004552847016,0,0.8327843137254941,0,0.708829138062549
15,0.3,4000,0.5,867,0.45647058823529413,0.8866666666666667,0.16377908304725725,0,0.8385463659147909,0,0.6731526336024641
15,0.3,4000,0.5,824,0.4823529411764706,0.8940000000000001,0.1584083162043446,0,0.821419213973802,0,0.6973543689320411
15,0.3,4000,0.5,866,0.46352941176470586,0.886,0.16421503570507234,0,0.8333333333333371,0,0.6928675904541953
15,0.3,4000,0.7,867,0.4764705882352941,0.8873333333333331,0.16243084472663327,0,0.8221265822784839,0,0.6631295655517135
15,0.3,4000,0.7,881,0.4588235294117647,0.8866666666666665,0.16118154544688426,0,0.8230684931506866,0,0.653787362845254
15,0.3,4000,0.7,880,0.4647058823529412,0.886,0.17766079549376793,0,0.857802419354842,0,0.7130643939393961
15,0.3,4000,0.7,860,0.4964705882352941,0.8866666666666667,0.18441673218155658,0,0.8446634615384647,0,0.6651666666666682
15,0.3,4000,0.7,830,0.5176470588235295,0.8913333333333334,0.18494378443150664,0,0.8529525862069004,0,0.7004538152610468
15,0.3,4000,0.7,903,0.46,0.88,0.1718779242223601,0,0.8483495145631105,0,0.6734293097083819
15,0.3,4000,0.7,870,0.4776470588235294,0.8866666666666665,0.17514300872519484,0,0.8387027027027049,0,0.6563371647509599
15,0.3,4000,0.7,829,0.4929411764705882,0.8946666666666666,0.17613050504989167,0,0.8565413533834606,0,0.7355327704061123
15,0.3,4000,0.7,877,0.46705882352941175,0.8873333333333333,0.15847983410354474,0,0.829227642276428,0,0.6993082478145201
15,0.3,5000,0.1,839,0.4682352941176471,0.9786666666666669,0.19813347546923327,0.2855357142857146,0.7617770767613041,0.004767580452920143,0.5500199600798393
15,0.3,4000,0.7,849,0.47411764705882353,0.8873333333333335,0.16824957726615156,0,0.8467889908256897,0,0.6534746760895181
15,0.3,5000,0.1,853,0.4588235294117647,0.9693333333333336,0.19847749493713462,0.2945652173913044,0.7628231292516995,0.0035169988276670576,0.5837411764705849
15,0.3,5000,0.1,861,0.48,0.9526666666666667,0.17511843767964894,0.3291370558375635,0.7531813246471247,0.0023228803716608595,0.562533954210321
15,0.3,5000,0.1,833,0.47294117647058825,0.9659999999999999,0.20126987638986812,0.30793248945147705,0.7754793028322448,0.003601440576230492,0.5474297188755006
15,0.3,5000,0.1,854,0.4835294117647059,0.9353333333333336,0.1672501875358651,0.3412426035502956,0.7461078431372559,0.00117096018735363,0.5710590074247732
15,0.3,5000,0.1,811,0.4611764705882353,0.9573333333333333,0.2020331053859542,0.2916326530612246,0.7511650485436872,0.0036991368680641184,0.578325082508249
15,0.3,5000,0.1,817,0.48823529411764705,0.9586666666666669,0.21005980473596603,0.2933862433862434,0.7806775067750675,0.0036719706242350062,0.584930384930385
15,0.3,5000,0.1,901,0.46352941176470586,0.9313333333333337,0.16802102590840273,0.3157055214723928,0.7397198067632855,0.0022197558268590455,0.5742454579162007
15,0.3,5000,0.1,833,0.4752941176470588,0.9599999999999999,0.18830350561611572,0.31216814159292,0.7718803418803424,0.003601440576230492,0.5402570281124496
15,0.3,5000,0.3,871,0.46941176470588236,0.9786666666666671,0.3013011820298077,0.16265957446808518,0.8469794721407664,0.0057405281285878304,0.5327559661277917
15,0.3,5000,0.3,848,0.4823529411764706,0.9653333333333336,0.28461416132826906,0.16372807017543853,0.8372000000000025,0.0047169811320754715,0.5534913112164318
15,0.3,5000,0.3,816,0.4717647058823529,0.9586666666666663,0.266090892446189,0.11936991869918709,0.8319927536231906,0.003676470588235294,0.5556006560065608
15,0.3,5000,0.1,805,0.4576470588235294,0.9666666666666667,0.18226913492101104,0.3061635220125787,0.7595367573011093,0.002484472049689441,0.5758488999584878
15,0.3,5000,0.3,854,0.4858823529411765,0.9526666666666669,0.23658519337820733,0.17884803921568657,0.824405594405593,0.00585480093676815,0.460494699646645
15,0.3,5000,0.3,848,0.49058823529411766,0.9453333333333334,0.2822246702091433,0.116124031007752,0.8834114583333368,0.0023584905660377358,0.6193380614657223
15,0.3,5000,0.3,840,0.47294117647058825,0.9346666666666666,0.2690108964050799,0.17288172043010755,0.8602506963788329,0.002380952380952381,0.5941249005568823
15,0.3,5000,0.3,883,0.46705882352941175,0.9653333333333336,0.27794593144641827,0.15421661409043158,0.8640109890109895,0.006795016987542469,0.458791334093501
15,0.3,5000,0.3,875,0.4811764705882353,0.966666666666667,0.2695914823084986,0.10489757914338924,0.8280000000000026,0.0034285714285714284,0.557595565749236
15,0.3,5000,0.3,856,0.48705882352941177,0.9919999999999999,0.265361622399414,0.16973753280839907,0.8250197628458512,0.004672897196261682,0.5100078247261357
15,0.3,5000,0.3,863,0.4858823529411765,0.9520000000000001,0.28104528127473016,0.15939086294416244,0.8580530973451351,0.0034762456546929316,0.5647093023255829
15,0.3,5000,0.5,849,0.4811764705882353,0.8879999999999999,0.1851397290731662,0,0.8586405529953945,0,0.6910718492343955
15,0.3,5000,0.5,874,0.4505882352941176,0.8866666666666668,0.1793658887518356,0,0.8608157894736874,0,0.6700686498855867
15,0.3,5000,0.5,861,0.45294117647058824,0.8873333333333335,0.16652086195380897,0,0.8456032719836436,0,0.7100387146728623
15,0.3,5000,0.5,844,0.4964705882352941,0.8886666666666667,0.17792999789222552,0,0.8416539923954388,0,0.7156911532385485
15,0.3,5000,0.5,854,0.48823529411764705,0.8866666666666667,0.17558319512831008,0,0.8437585421412324,0,0.6935128805620621
15,0.3,5000,0.5,889,0.47411764705882353,0.8813333333333333,0.160354975656059,0,0.8406748466257715,0,0.7088563929508835
15,0.3,5000,0.5,855,0.46,0.8866666666666667,0.1781559755137858,0,0.8434096109839847,0,0.6831695906432776
15,0.3,5000,0.5,853,0.47411764705882353,0.8880000000000001,0.17595015575133263,0,0.8461197916666706,0,0.6640132864400181
15,0.3,5000,0.5,871,0.4988235294117647,0.8866666666666667,0.16231390156176678,0,0.8333425414364665,0,0.6686796785304258
15,0.3,5000,0.5,832,0.47294117647058825,0.8913333333333333,0.16798970224464796,0,0.8476851851851881,0,0.6537780448717962
15,0.3,5000,0.7,893,0.46588235294117647,0.8813333333333334,0.1755796672982843,0,0.8398933901918996,0,0.687230309817098
15,0.3,5000,0.7,866,0.46941176470588236,0.8866666666666667,0.16300776666205335,0,0.8362121212121238,0,0.7211508852963805
15,0.3,5000,0.7,835,0.48470588235294115,0.8906666666666666,0.15179339715168957,0,0.8083933518005573,0,0.6553932135728572
15,0.3,5000,0.7,859,0.5141176470588236,0.8879999999999998,0.15440668076938688,0,0.8269920318725141,0,0.7106363989134656
15,0.3,5000,0.7,862,0.49529411764705883,0.8873333333333335,0.15688950518988454,0,0.8222736842105304,0,0.6931902552204207
15,0.3,5000,0.7,904,0.49176470588235294,0.8800000000000002,0.1703167626282472,0,0.8456091954023016,0,0.6838053097345135
15,0.3,5000,0.7,864,0.5,0.8866666666666667,0.15453295466565792,0,0.8366017964071867,0,0.7636265432098743
15,0.3,5000,0.7,893,0.46352941176470586,0.8813333333333334,0.16340348069349514,0,0.8309510869565252,0,0.6566741321388613
15,0.3,5000,0.7,824,0.46588235294117647,0.8933333333333333,0.17091375311855764,0,0.8414573991031418,0,0.6937419093851156
15,0.3,5000,0.7,863,0.4764705882352941,0.8873333333333333,0.16349215383539642,0,0.8388953488372121,0,0.6511741985322528
15,0.4,1000,0.1,849,0.47294117647058825,0.9519999999999998,0.1678551345590828,0.3122598870056498,0.724552083333334,0.002355712603062426,0.5572176308539919
15,0.4,1000,0.1,827,0.5,0.9580000000000001,0.20134303582992913,0.2699999999999999,0.7796666666666656,0.0024183796856106408,0.5806505050505032
15,0.4,1000,0.1,855,0.46941176470588236,0.9793333333333332,0.21847049806499078,0.30345323741007224,0.7904366347177842,0.004678362573099415,0.5468311790050923
15,0.4,1000,0.1,859,0.48,0.9426666666666671,0.1792967193053005,0.32371040723981886,0.7406187624750518,0.002328288707799767,0.5608518086347698
15,0.4,1000,0.1,840,0.4976470588235294,0.9700000000000002,0.20707489101624008,0.29804270462633464,0.7908192090395483,0.004761904761904762,0.5218381180223284
15,0.4,1000,0.1,861,0.47058823529411764,1.0006666666666668,0.2100127252672769,0.312359550561798,0.773688212927758,0.005807200929152149,0.5137850467289709
15,0.4,1000,0.1,869,0.5035294117647059,0.9460000000000002,0.19244802419898518,0.3202790697674419,0.7565774533657734,0.0034522439585730723,0.5800846805234783
15,0.4,1000,0.1,883,0.4717647058823529,0.9633333333333335,0.19704170643865618,0.3008898305084742,0.7610086455331414,0.0033975084937712344,0.558488636363635
15,0.4,1000,0.1,896,0.4717647058823529,0.9426666666666667,0.1646050934368337,0.37711009174311994,0.7543020833333355,0.002232142857142857,0.555343027591348
15,0.4,1000,0.1,857,0.4505882352941176,0.9640000000000002,0.20998594694710668,0.3025339366515836,0.7700768049155112,0.003500583430571762,0.5877127244340324
15,0.4,1000,0.3,832,0.4823529411764706,0.9840000000000001,0.2985719863277064,0.16475452196382429,0.8460479041916188,0.006009615384615385,0.5331156791616306
15,0.4,1000,0.3,810,0.4835294117647059,0.9593333333333336,0.30640376970803174,0.12191780821917803,0.8386312849162035,0.0049382716049382715,0.5489826302729538
15,0.4,1000,0.3,859,0.49058823529411766,0.9526666666666667,0.27574757008378303,0.15105624142661161,0.8214000000000041,0.004656577415599534,0.5323625730994167
15,0.4,1000,0.3,865,0.4823529411764706,0.9526666666666669,0.24897483680060367,0.16495689655172416,0.8047533632287017,0.004624277456647399,0.5092953929539301
15,0.4,1000,0.3,836,0.48470588235294115,0.9626666666666666,0.2835526859722608,0.16978193146417464,0.8450000000000031,0.0035885167464114833,0.5644697879151682
15,0.4,1000,0.3,870,0.4588235294117647,0.9566666666666667,0.2851903902192572,0.1432512315270933,0.8490502793296122,0.004597701149425287,0.5688760585065442
15,0.4,1000,0.3,856,0.4835294117647059,0.9913333333333333,0.30066143742262535,0.195672877846791,0.8867037037037052,0.007009345794392523,0.5056549019607854
15,0.4,1000,0.3,849,0.4611764705882353,0.9793333333333334,0.27766594049398446,0.11338211382113819,0.8229390681003603,0.004711425206124852,0.5330650887573979
15,0.4,1000,0.3,861,0.4764705882352941,0.9693333333333332,0.2797920586459247,0.13290196078431363,0.8239607843137275,0.005807200929152149,0.4893730529595027
15,0.4,1000,0.3,847,0.4776470588235294,0.9526666666666667,0.2715698698600819,0.17018372703412085,0.8188686131386875,0.004722550177095631,0.5215500197706606
15,0.4,1000,0.5,808,0.4682352941176471,0.894,0.17440860298502303,0,0.8479889298893023,0,0.7347524752475239
15,0.4,1000,0.5,842,0.52,0.8866666666666668,0.17793059161409897,0,0.8467908902691537,0,0.7117418844022193
15,0.4,1000,0.5,875,0.4823529411764706,0.8866666666666667,0.17573718427903734,0,0.8396213808463284,0,0.6883657142857167
15,0.4,1000,0.5,852,0.4764705882352941,0.8866666666666667,0.18983244335320038,0,0.8617715617715644,0,0.6829303599374053
15,0.4,1000,0.5,834,0.49411764705882355,0.8893333333333335,0.1729142551206788,0,0.8498614318706729,0,0.7037729816147104
15,0.4,1000,0.5,839,0.4717647058823529,0.8913333333333333,0.17639783282121316,0,0.8408663366336668,0,0.6721017083829983
15,0.4,1000,0.5,874,0.48,0.8873333333333335,0.1690069527823831,0,0.836581632653065,0,0.6642181540808577
15,0.4,1000,0.5,858,0.48470588235294115,0.8866666666666667,0.1779909442702392,0,0.8532971800433861,0,0.7027233877233885
15,0.4,1000,0.5,850,0.47058823529411764,0.8873333333333333,0.14831232362743588,0,0.8207673860911303,0,0.6810784313725505
15,0.4,1000,0.5,857,0.48823529411764705,0.8873333333333335,0.1725104552178644,0,0.8506989247311837,0,0.6685842084791939
15,0.4,1000,0.7,878,0.4611764705882353,0.8820000000000001,0.1784521324822707,0,0.8583439490445891,0,0.7068982536066816
15,0.4,1000,0.7,869,0.46,0.8866666666666668,0.15702192856233338,0,0.8199085365853684,0,0.6463636363636404
15,0.4,1000,0.7,870,0.4788235294117647,0.8873333333333335,0.16624301114258344,0,0.8386625514403334,0,0.7112413793103436
15,0.4,1000,0.7,897,0.4776470588235294,0.8806666666666665,0.16895147469695898,0,0.8476519916142574,0,0.7007246376811608
15,0.4,1000,0.7,864,0.4752941176470588,0.8866666666666667,0.16070206564864958,0,0.8245790554414814,0,0.6982716049382711
15,0.4,1000,0.7,853,0.49176470588235294,0.8873333333333333,0.15818250083491125,0,0.8203921568627462,0,0.6582180539273171
15,0.4,1000,0.7,834,0.4776470588235294,0.8893333333333334,0.18631398224539106,0,0.8608878504672931,0,0.6884052757793793
15,0.4,1000,0.7,911,0.4611764705882353,0.88,0.17511828840532614,0,0.8551046025104634,0,0.7006403219904873
15,0.4,1000,0.7,837,0.4858823529411765,0.8906666666666666,0.14541670282117847,0,0.813133514986379,0,0.6703185981680628
15,0.4,1000,0.7,873,0.4811764705882353,0.8873333333333335,0.1627948615440722,0,0.8405479452054827,0,0.665830469644904
15,0.4,20000,0.1,874,0.4764705882352941,0.9780000000000001,0.19689610903005866,0.274567901234568,0.7730882352941183,0.004576659038901602,0.5408199233716479
15,0.4,20000,0.1,856,0.4588235294117647,0.9553333333333336,0.18285311597724016,0.3048425196850393,0.7276642335766427,0.004672897196261682,0.5346713615023456
15,0.4,20000,0.1,861,0.49176470588235294,0.9646666666666666,0.1739553539471633,0.3423790322580648,0.7447552447552461,0.003484320557491289,0.5479953379953375
15,0.4,20000,0.1,860,0.4823529411764706,0.9546666666666668,0.17174766516751472,0.31018750000000006,0.7478553921568641,0.002325581395348837,0.5666045066045067
15,0.4,20000,0.1,810,0.5035294117647059,0.97,0.18338704930479396,0.33254807692307714,0.7607990867579908,0.003703703703703704,0.5527344072697215
15,0.4,20000,0.1,825,0.5176470588235295,0.9833333333333335,0.20644171197015815,0.320748031496063,0.7915000000000002,0.0036363636363636364,0.5493998377939968
15,0.4,20000,0.1,865,0.4717647058823529,0.95,0.19657033617982145,0.3112903225806451,0.7723517382413061,0.0023121387283236996,0.6217497103128612
15,0.4,20000,0.1,822,0.47411764705882353,0.9566666666666667,0.1620550418254992,0.3425196850393699,0.7320144927536242,0.0024330900243309003,0.5217845528455265
15,0.4,20000,0.1,854,0.4752941176470588,0.9539999999999996,0.18314222611120184,0.31624309392265204,0.7553079178885634,0.00234192037470726,0.5737910798122049
15,0.4,20000,0.1,863,0.4788235294117647,0.9460000000000001,0.18235386121696295,0.32676136363636316,0.7545941278065635,0.002317497103128621,0.5807549361207902
15,0.4,20000,0.3,876,0.4752941176470588,0.9660000000000001,0.2773232663211783,0.15737333333333337,0.8203194888178948,0.005707762557077625,0.5311595866819765
15,0.4,20000,0.3,885,0.4682352941176471,0.9493333333333334,0.2775329872287736,0.16694235588972445,0.8413494809688612,0.005649717514124294,0.521291666666669
15,0.4,20000,0.3,852,0.49411764705882355,0.94,0.2505784693255081,0.1651552795031055,0.8177871148459421,0.002347417840375587,0.5854784313725516
15,0.4,20000,0.3,860,0.4858823529411765,1.0026666666666673,0.2936570250398476,0.1440766550522649,0.8446666666666677,0.005813953488372093,0.4953957115009768
15,0.4,20000,0.3,817,0.4894117647058824,0.9866666666666665,0.2972488849527529,0.12440656565656541,0.8406106870229014,0.006119951040391677,0.5015558292282428
15,0.4,20000,0.3,885,0.4964705882352941,0.9726666666666669,0.2953666554084922,0.16150349650349682,0.8245251396648083,0.005649717514124294,0.5244053030303059
15,0.4,20000,0.3,864,0.4894117647058824,0.9293333333333332,0.2728296082395656,0.14040084388185647,0.8800000000000029,0.003472222222222222,0.5706813782423571
15,0.4,20000,0.3,845,0.49058823529411766,0.9793333333333332,0.281035336854433,0.16387218045112786,0.8034029850746299,0.005917159763313609,0.5279841269841272
15,0.4,20000,0.3,868,0.49529411764705883,0.9453333333333336,0.26646826686561864,0.15120325203252033,0.8337454545454563,0.0034562211981566822,0.5475221579961463
15,0.4,20000,0.5,835,0.43058823529411766,0.8926666666666665,0.172799670645368,0,0.8422877358490609,0,0.6829181636726578
15,0.4,20000,0.5,834,0.47294117647058825,0.8880000000000001,0.18803429549870246,0,0.8756511627906995,0,0.704568345323742
15,0.4,20000,0.5,898,0.46941176470588236,0.8806666666666668,0.16220788402257866,0,0.8219733924612006,0,0.6781291759465501
15,0.4,20000,0.5,814,0.48,0.8933333333333331,0.16407450918405034,0,0.8388266199649773,0,0.7447502047502063
15,0.4,20000,0.3,899,0.46705882352941175,0.9533333333333337,0.2663487886752445,0.1100000000000002,0.8341588785046762,0.002224694104560623,0.6074061687105191
15,0.4,20000,0.5,827,0.5011764705882353,0.8920000000000005,0.14016024155176654,0,0.7970958083832367,0,0.6495566303909721
15,0.4,20000,0.5,906,0.44941176470588234,0.8806666666666668,0.18627410953888632,0,0.859365079365082,0,0.7071780721118467
15,0.4,20000,0.5,881,0.4976470588235294,0.8820000000000001,0.180846027493651,0,0.8645217391304385,0,0.7042754445705637
15,0.4,20000,0.5,854,0.4858823529411765,0.8866666666666665,0.16139989228806817,0,0.820552486187848,0,0.6540007806401275
15,0.4,20000,0.5,889,0.48,0.8853333333333334,0.15917928409282542,0,0.8379603399433461,0,0.6579190101237373
15,0.4,20000,0.5,857,0.48823529411764705,0.8866666666666665,0.16309733767482062,0,0.8379012345679053,0,0.6772112018669793
15,0.4,20000,0.7,838,0.5152941176470588,0.8893333333333334,0.16458149269367475,0,0.8375941422594178,0,0.705095465393797
15,0.4,20000,0.7,868,0.4611764705882353,0.8866666666666667,0.16489357096211826,0,0.8394871794871824,0,0.7465591397849465
15,0.4,20000,0.7,844,0.47411764705882353,0.8886666666666666,0.16469457636014362,0,0.8331777777777828,0,0.7006398104265427
15,0.4,20000,0.7,854,0.46705882352941175,0.8866666666666667,0.17695884190873515,0,0.8447445255474471,0,0.7268969555035143
15,0.4,20000,0.7,881,0.45529411764705885,0.8866666666666667,0.1695297165274692,0,0.8452347417840401,0,0.682939841089671
15,0.4,20000,0.7,863,0.49411764705882355,0.8866666666666667,0.15872659915428552,0,0.833922518159811,0,0.6833758207802255
15,0.4,20000,0.7,858,0.5294117647058824,0.8866666666666667,0.1552509462173998,0,0.8294838709677478,0,0.6984576534576549
15,0.4,20000,0.7,875,0.4541176470588235,0.8873333333333335,0.1624443908001442,0,0.8325333333333365,0,0.7094171428571443
15,0.4,20000,0.7,857,0.4811764705882353,0.8873333333333335,0.16216757088505077,0,0.8300533333333371,0,0.6623648385842099
15,0.4,20000,0.7,884,0.45294117647058824,0.8873333333333335,0.17047272973770008,0,0.834185393258431,0,0.648133484162899
15,0.4,3000,0.1,880,0.4470588235294118,0.9726666666666666,0.2197813250978842,0.2982156133828995,0.7746194225721778,0.004545454545454545,0.555426179604261
15,0.4,3000,0.1,838,0.49411764705882355,0.9826666666666667,0.1891307223548896,0.3237898089171979,0.7652569750367104,0.00477326968973747,0.5138729016786552
15,0.4,3000,0.1,861,0.46941176470588236,0.9666666666666665,0.18291435401261125,0.3077165354330712,0.7552337858220222,0.004645760743321719,0.5240606767794628
15,0.4,3000,0.1,895,0.4788235294117647,0.9606666666666667,0.2034212792323968,0.30387681159420327,0.7499348230912479,0.004469273743016759,0.5438645716423477
15,0.4,3000,0.1,887,0.4447058823529412,0.9699999999999999,0.1897171203785818,0.29726907630522104,0.7424603174603182,0.0033821871476888386,0.5363084464555059
15,0.4,3000,0.1,846,0.4647058823529412,0.9726666666666669,0.17715904385644377,0.32428571428571396,0.7433744855967084,0.0035460992907801418,0.5389482008699079
15,0.4,3000,0.1,873,0.45294117647058824,0.977333333333333,0.19731251581714904,0.2698775510204083,0.775580693815988,0.004581901489117984,0.5270464135021093
15,0.4,3000,0.1,847,0.49529411764705883,0.9586666666666668,0.20046897594296187,0.28550660792951527,0.7504284221525599,0.004722550177095631,0.5443258204824044
15,0.4,3000,0.1,874,0.47058823529411764,0.9586666666666663,0.2145072420846578,0.28151750972762646,0.7660523665659618,0.004576659038901602,0.551417624521071
15,0.4,3000,0.1,898,0.4647058823529412,0.9626666666666666,0.19826166527440472,0.27212121212121226,0.7781372549019605,0.0033407572383073497,0.5615456238361265
15,0.4,3000,0.3,875,0.4588235294117647,0.9946666666666664,0.3026837339158438,0.13471354166666688,0.8381702127659596,0.008,0.43447004608294926
15,0.4,3000,0.3,840,0.4764705882352941,0.9553333333333334,0.28549915431833667,0.1201851851851851,0.8088235294117675,0.004761904761904762,0.528943381180224
15,0.4,3000,0.3,860,0.4823529411764706,0.9599999999999999,0.2839831591425822,0.15115097159940188,0.8454045307443389,0.004651162790697674,0.5515615264797535
15,0.4,3000,0.3,827,0.5011764705882353,0.9546666666666664,0.262139734459862,0.14845878136200713,0.8122157434402368,0.0036275695284159614,0.5633252427184497
15,0.4,3000,0.3,864,0.4894117647058824,0.996,0.2559374830650234,0.15540716612377853,0.8107692307692309,0.006944444444444444,0.45290986790986815
15,0.4,3000,0.3,807,0.47058823529411764,0.9386666666666668,0.2873524601599545,0.14808798646362087,0.8312467532467569,0.004956629491945477,0.5717476131174797
15,0.4,3000,0.3,832,0.4976470588235294,0.9779999999999998,0.3157214600440597,0.13776570048309167,0.8381428571428599,0.006009615384615385,0.5269689641273694
15,0.4,3000,0.3,874,0.46352941176470586,0.9653333333333333,0.2924354269957216,0.16031468531468557,0.8164088397790105,0.005720823798627002,0.5318833908707347
15,0.4,3000,0.3,855,0.4717647058823529,0.9406666666666669,0.2406247557585493,0.19046464646464614,0.8152394366197219,0.0035087719298245615,0.5830516431924911
15,0.4,3000,0.3,867,0.4682352941176471,0.9726666666666666,0.2522060489765629,0.1538619676945667,0.8154228855721399,0.00461361014994233,0.502626496716881
15,0.4,3000,0.5,870,0.47058823529411764,0.8873333333333335,0.17717150390085545,0,0.8363436123348045,0,0.6830498084291208
15,0.4,3000,0.5,871,0.47294117647058825,0.8846666666666668,0.1806006681699033,0,0.8548670756646253,0,0.7067049368541933
15,0.4,3000,0.5,849,0.46588235294117647,0.8873333333333333,0.17098517674635652,0,0.8462096774193578,0,0.6680526109148032
15,0.4,3000,0.5,881,0.48,0.8826666666666667,0.16584829166762527,0,0.8513476263399709,0,0.7641278849791903
15,0.4,3000,0.5,847,0.5035294117647059,0.8866666666666665,0.15284525806871047,0,0.8264241164241213,0,0.7077725304998045
15,0.4,3000,0.5,875,0.4611764705882353,0.8873333333333331,0.18454243825723451,0,0.866816901408454,0,0.6620000000000043
15,0.4,3000,0.5,880,0.4752941176470588,0.8866666666666667,0.14267409796967803,0,0.8183132530120512,0,0.681772727272729
15,0.4,3000,0.5,855,0.5152941176470588,0.8866666666666667,0.17631525504179743,0,0.8536814621409954,0,0.6721715399610156
15,0.4,3000,0.5,871,0.48470588235294115,0.8866666666666667,0.18442140415109604,0,0.8627150537634448,0,0.6646000765403779
15,0.4,3000,0.5,860,0.49411764705882355,0.8873333333333335,0.16679160828424386,0,0.8291528925619873,0,0.6975620155038775
15,0.4,3000,0.7,840,0.4764705882352941,0.8873333333333333,0.17078335241611492,0,0.8362461538461571,0,0.6402896825396847
15,0.4,3000,0.7,854,0.47411764705882353,0.8866666666666667,0.17063701037552628,0,0.8461284046692646,0,0.7139656518345052
15,0.4,3000,0.7,867,0.4576470588235294,0.8873333333333333,0.17758048905463877,0,0.8482245430809427,0,0.6636793540945802
15,0.4,3000,0.7,838,0.4505882352941176,0.8879999999999999,0.1601640541179206,0,0.8415194346289767,0,0.6322633253778877
15,0.4,3000,0.7,847,0.4541176470588235,0.8873333333333335,0.16640555546684316,0,0.8364491362763973,0,0.7143565525383722
15,0.4,3000,0.7,870,0.47058823529411764,0.8873333333333333,0.19023157305079533,0,0.8632558139534918,0,0.6816704980842934
15,0.4,3000,0.7,861,0.4894117647058824,0.8866666666666667,0.15622768700579598,0,0.8310778443113792,0,0.647479674796749
15,0.4,3000,0.7,861,0.4541176470588235,0.8866666666666667,0.18060348827741868,0,0.853372921615205,0,0.680851722802944
15,0.4,3000,0.7,864,0.5,0.8873333333333333,0.17484448075058323,0,0.8477427184466055,0,0.6778510802469144
15,0.4,3000,0.7,823,0.49058823529411766,0.8933333333333333,0.15554196985770696,0,0.8148407643312132,0,0.6386836776022695
15,0.4,4000,0.1,851,0.48470588235294115,0.9733333333333332,0.19503173878502622,0.29892561983471105,0.7510094637223974,0.004700352526439483,0.5405116096025173
15,0.4,4000,0.1,846,0.46,0.964,0.17792173487381718,0.3141573033707865,0.7420578231292532,0.002364066193853428,0.5910663507108982
15,0.4,4000,0.1,870,0.47411764705882353,0.9533333333333335,0.2012979157019998,0.2977777777777775,0.7726548672566373,0.0034482758620689655,0.5624144559784683
15,0.4,4000,0.1,859,0.47058823529411764,0.9673333333333332,0.2014595347101859,0.30040145985401495,0.7628148148148161,0.004656577415599534,0.5383664717348908
15,0.4,4000,0.1,867,0.4576470588235294,0.9706666666666667,0.17099764387147362,0.31933070866141716,0.7468617886178877,0.0034602076124567475,0.5166280864197533
15,0.4,4000,0.1,824,0.5047058823529412,0.9366666666666666,0.18795053551045987,0.26550561797752803,0.7757936507936491,0.0012135922330097086,0.6155245038477105
15,0.4,4000,0.1,857,0.47058823529411764,0.9726666666666669,0.19509758956270246,0.32657024793388423,0.7594214876033054,0.003500583430571762,0.5644691647150659
15,0.4,4000,0.1,865,0.4764705882352941,0.9813333333333333,0.18672618492654958,0.3112714776632306,0.7458010335917324,0.004624277456647399,0.5185907859078563
15,0.4,4000,0.1,866,0.4588235294117647,0.9766666666666665,0.1890802465580833,0.3228792569659448,0.756871584699454,0.004618937644341801,0.5129621036349559
15,0.4,4000,0.1,870,0.49058823529411766,0.9526666666666669,0.17994922724376627,0.2985903083700441,0.7426972010178119,0.0034482758620689655,0.5393656286043823
15,0.4,4000,0.3,859,0.4988235294117647,0.9673333333333332,0.2856081187222079,0.15092198581560262,0.8420000000000027,0.004656577415599534,0.5372046783625755
15,0.4,4000,0.3,831,0.5129411764705882,0.9733333333333335,0.2880598596896291,0.10778787878787865,0.8415853658536595,0.0048134777376654635,0.5163925836356322
15,0.4,4000,0.3,856,0.46705882352941175,0.9606666666666667,0.27730213395196773,0.16106194690265477,0.8224127906976781,0.004672897196261682,0.5467018779342745
15,0.4,4000,0.3,861,0.49529411764705883,0.977333333333333,0.29633386637615916,0.16271229404309256,0.8448520710059196,0.005807200929152149,0.5445015576324002
15,0.4,4000,0.3,877,0.47294117647058825,0.9673333333333335,0.2662423347846157,0.16177777777777752,0.8500666666666692,0.0034207525655644243,0.5533600305110604
15,0.4,4000,0.3,879,0.46,0.9613333333333335,0.28785774473341436,0.15949245541838133,0.8308086253369315,0.004550625711035267,0.5473676190476215
15,0.4,4000,0.3,859,0.4576470588235294,0.9346666666666668,0.2802783087286125,0.1307017543859648,0.8468393782383449,0.0034924330616996507,0.5901674454828679
15,0.4,4000,0.3,867,0.47058823529411764,0.9486666666666665,0.2903498813700684,0.11898333333333316,0.8226923076923112,0.00461361014994233,0.5791888760139073
15,0.4,4000,0.3,804,0.47411764705882353,0.9720000000000001,0.2838662041888656,0.18364312267658014,0.836506849315071,0.006218905472636816,0.5182436378806851
15,0.4,4000,0.5,853,0.49529411764705883,0.8866666666666665,0.16483398706332253,0,0.8358750000000019,0,0.7030597889800712
15,0.4,4000,0.3,854,0.48705882352941177,0.945333333333333,0.2684871479838835,0.16267973856209134,0.8463636363636399,0.00351288056206089,0.542087739913828
15,0.4,4000,0.5,855,0.4811764705882353,0.8866666666666665,0.1618416126137731,0,0.82602977667494,0,0.6690916179337243
15,0.4,4000,0.5,867,0.4858823529411765,0.8866666666666668,0.17324143171888987,0,0.8502168674698816,0,0.6795271049596314
15,0.4,4000,0.5,853,0.4894117647058824,0.8873333333333333,0.16270052983126368,0,0.8310019267822777,0,0.7130715123094981
15,0.4,4000,0.5,798,0.48823529411764705,0.8933333333333333,0.16578237730187545,0,0.8416257668711681,0,0.6572598162071879
15,0.4,4000,0.5,866,0.508235294117647,0.8873333333333333,0.18460548261136464,0,0.8451700680272137,0,0.6834141647421123
15,0.4,4000,0.5,834,0.5035294117647059,0.8906666666666664,0.1571005218202707,0,0.8229434697855788,0,0.7137050359712236
15,0.4,4000,0.5,843,0.4835294117647059,0.8873333333333333,0.14084678065981593,0,0.7982758620689706,0,0.6720126532226199
15,0.4,4000,0.5,875,0.46588235294117647,0.8880000000000001,0.1646273334946711,0,0.8341891891891915,0,0.7044152380952386
15,0.4,4000,0.7,853,0.4823529411764706,0.8873333333333335,0.18893453334748478,0,0.8652150537634428,0,0.6709613130128981
15,0.4,4000,0.7,853,0.5105882352941177,0.8873333333333333,0.17775251850923549,0,0.8421242484969974,0,0.703587338804221
15,0.4,4000,0.5,851,0.4788235294117647,0.8879999999999999,0.15163723553792882,0,0.8151732673267363,0,0.6770348609479055
15,0.4,4000,0.7,868,0.4647058823529412,0.8880000000000001,0.14744337795743634,0,0.8224600638977659,0,0.6418241167434726
15,0.4,4000,0.7,861,0.47294117647058825,0.8873333333333333,0.14736764056923593,0,0.8337627118644088,0,0.7433062330623315
15,0.4,4000,0.7,854,0.4647058823529412,0.8873333333333335,0.166434193951027,0,0.835694444444446,0,0.6874043715847012
15,0.4,4000,0.7,831,0.47058823529411764,0.8880000000000003,0.16152483003504253,0,0.8391803278688558,0,0.7193180906538329
15,0.4,4000,0.7,859,0.4788235294117647,0.886666666666667,0.16509572003167855,0,0.8358130081300834,0,0.7145401629802097
15,0.4,4000,0.7,811,0.5094117647058823,0.8933333333333333,0.17521840590943244,0,0.8364898989899027,0,0.6740772708590241
15,0.4,4000,0.7,825,0.48470588235294115,0.8906666666666668,0.16779424230481085,0,0.8429551451187368,0,0.6795070707070716
15,0.4,4000,0.7,819,0.4988235294117647,0.8946666666666668,0.14597295305357275,0,0.8187889273356417,0,0.6355962555962582
15,0.4,5000,0.1,849,0.48470588235294115,0.97,0.19035651693847555,0.3144155844155848,0.7473958333333338,0.004711425206124852,0.5189270216962517
15,0.4,5000,0.1,856,0.49058823529411766,0.9473333333333335,0.17249448374039167,0.3132085561497323,0.749790209790211,0.002336448598130841,0.5507103825136592
15,0.4,5000,0.1,842,0.4894117647058824,0.9653333333333333,0.1850236010442627,0.29688000000000003,0.7611306901615282,0.004750593824228029,0.5122116149562443
15,0.4,5000,0.1,852,0.46941176470588236,0.9806666666666666,0.21428714128171422,0.31813114754098337,0.7719852262234539,0.004694835680751174,0.5525982704402493
15,0.4,5000,0.1,847,0.4964705882352941,0.9706666666666668,0.2071092672222263,0.3119672131147543,0.7666990291262142,0.004722550177095631,0.534626334519571
15,0.4,5000,0.1,850,0.46352941176470586,0.9513333333333335,0.18289468200543138,0.3199019607843139,0.7455555555555564,0.002352941176470588,0.5708018867924493
15,0.4,5000,0.1,836,0.46941176470588236,0.97,0.18901342455136289,0.31237903225806496,0.7781777777777792,0.0035885167464114833,0.5243697478991591
15,0.4,5000,0.1,866,0.48823529411764705,0.9473333333333331,0.16321900370562067,0.33731578947368407,0.7347909604519792,0.0023094688221709007,0.5478973765432084
15,0.4,5000,0.1,873,0.49176470588235294,0.9926666666666667,0.2218659172801508,0.291824104234528,0.7955247981545558,0.0057273768613974796,0.5307872503840229
15,0.4,5000,0.1,821,0.5070588235294118,0.948,0.1892393336730481,0.3146396396396395,0.7414859437751021,0.0036540803897685747,0.5507864710676426
15,0.4,5000,0.3,843,0.4788235294117647,0.9686666666666668,0.28870002873159123,0.15549192364170303,0.8727985074626873,0.004744958481613286,0.5356058800158933
15,0.4,5000,0.3,810,0.4976470588235294,0.936,0.2617361432810858,0.130335429769392,0.8187066246056813,0.003703703703703704,0.5658653448988039
15,0.4,5000,0.3,820,0.46588235294117647,0.9693333333333334,0.27431230239837257,0.16499999999999984,0.8415750915750921,0.004878048780487805,0.5366707516339888
15,0.4,5000,0.3,843,0.46941176470588236,0.9553333333333333,0.2468992116788222,0.16175824175824174,0.8250409836065594,0.0035587188612099642,0.5289761904761914
15,0.4,5000,0.3,844,0.46352941176470586,0.9519999999999998,0.28479763967197397,0.15990892531876125,0.8579076086956535,0.0035545023696682463,0.5888109393579082
15,0.4,5000,0.3,895,0.45294117647058824,0.9693333333333334,0.29366024214612974,0.14748226950354626,0.8501986754966919,0.00558659217877095,0.5125543071161051
15,0.4,5000,0.3,862,0.46,0.9633333333333334,0.2735566204011772,0.16575033200531214,0.832264150943398,0.004640371229698376,0.5164024864024883
15,0.4,5000,0.3,834,0.4611764705882353,0.9686666666666669,0.2613397132167178,0.13914089347079017,0.8410426540284374,0.0035971223021582736,0.5286963497793833
15,0.4,5000,0.3,853,0.4776470588235294,0.9586666666666666,0.2798268838154718,0.09511415525114167,0.8284581497797395,0.0023446658851113715,0.6204426165295751
15,0.4,5000,0.3,875,0.4752941176470588,0.9620000000000001,0.31196448152229195,0.1322972972972972,0.8586486486486516,0.004571428571428572,0.5771603520857261
15,0.4,5000,0.5,865,0.44823529411764707,0.8866666666666665,0.15558733962833377,0,0.8373267326732717,0,0.7166628131021197
15,0.4,5000,0.5,878,0.4823529411764706,0.8853333333333332,0.17144469133801948,0,0.8507765151515166,0,0.7236142748671226
15,0.4,5000,0.5,862,0.46352941176470586,0.8866666666666667,0.15345116087408447,0,0.8181179775280935,0,0.6611794276875496
15,0.4,5000,0.5,882,0.45294117647058824,0.8846666666666666,0.1587644193517657,0,0.8331662870159485,0,0.6878117913832188
15,0.4,5000,0.5,887,0.4541176470588235,0.8866666666666665,0.1622191918804648,0,0.8265321100917483,0,0.7121195039458854
15,0.4,5000,0.5,864,0.48,0.8866666666666667,0.17274363793058595,0,0.8391873589164811,0,0.6914737654320987
15,0.4,5000,0.5,862,0.46,0.8866666666666667,0.1809584395152448,0,0.8631865284974133,0,0.675498839907195
15,0.4,5000,0.5,866,0.4764705882352941,0.8866666666666667,0.1688419518179505,0,0.8428735632183949,0,0.6862586605080839
15,0.4,5000,0.5,832,0.4988235294117647,0.8926666666666665,0.1748769711856476,0,0.8343010752688205,0,0.6572035256410298
15,0.4,5000,0.7,854,0.48823529411764705,0.8866666666666668,0.16996715379321775,0,0.8323035230352339,0,0.6603278688524624
15,0.4,5000,0.5,854,0.46352941176470586,0.8880000000000001,0.15960239176179414,0,0.8212771739130461,0,0.6590827478532414
15,0.4,5000,0.7,843,0.4788235294117647,0.8866666666666667,0.16081762782654438,0,0.8396535796766782,0,0.6953024911032034
15,0.4,5000,0.7,866,0.46588235294117647,0.8873333333333335,0.16982955753029816,0,0.8327397260274,0,0.6522940723633597
15,0.4,5000,0.7,820,0.4929411764705882,0.8933333333333333,0.16111713508374334,0,0.8347754137115866,0,0.690959349593499
15,0.4,5000,0.7,850,0.4976470588235294,0.8866666666666667,0.17305043846293874,0,0.85638157894737,0,0.7068784313725494
15,0.4,5000,0.7,878,0.4752941176470588,0.8866666666666665,0.16783993577628809,0,0.8336363636363656,0,0.6816249050873225
15,0.4,5000,0.7,840,0.4835294117647059,0.8873333333333335,0.17320469554315793,0,0.8409959349593528,0,0.7107460317460329
15,0.4,5000,0.7,851,0.48470588235294115,0.8866666666666667,0.18184145828930695,0,0.8496289062500016,0,0.7162906384645527
15,0.4,5000,0.7,866,0.46705882352941175,0.8866666666666667,0.14308355869525077,0,0.8293145161290354,0,0.7173402617397994
15,0.4,5000,0.7,854,0.5117647058823529,0.8866666666666667,0.16790876958602724,0,0.8530205949656782,0,0.7061943793911015
15,0.5,1000,0.1,867,0.4647058823529412,0.9240000000000002,0.1796873534447747,0.27962962962962973,0.7494399277326101,0.002306805074971165,0.5895684007707117
15,0.5,1000,0.1,855,0.4776470588235294,0.9719999999999999,0.20210254274293557,0.31081447963800923,0.7669916666666654,0.0035087719298245615,0.5848904538341138
15,0.5,1000,0.1,840,0.4470588235294118,0.9979999999999998,0.2054697977068754,0.28626297577854654,0.7515597484276737,0.005952380952380952,0.5259640718562857
15,0.5,1000,0.1,842,0.4717647058823529,0.9473333333333331,0.18054161097987423,0.3176282051282048,0.7604958677685945,0.0011876484560570072,0.5912128418549337
15,0.5,1000,0.1,893,0.4623529411764706,0.9566666666666669,0.1865119395680032,0.3375849056603776,0.7571327254305985,0.0022396416573348264,0.5512832023943127
15,0.5,1000,0.1,827,0.4623529411764706,0.9433333333333334,0.1887446409103944,0.29195121951219527,0.7727220299884674,0.0024183796856106408,0.5589939393939394
15,0.5,1000,0.1,853,0.5129411764705882,0.9340000000000002,0.1807651358707395,0.3104232804232803,0.7681338481338486,0.0023446658851113715,0.5535722679200932
15,0.5,1000,0.1,868,0.46588235294117647,0.9700000000000002,0.22611169380024898,0.2831363636363638,0.8064623955431751,0.0034562211981566822,0.5732524084778412
15,0.5,1000,0.1,876,0.4647058823529412,0.9526666666666667,0.1762304971356686,0.3263687150837993,0.7557017543859651,0.003424657534246575,0.5761512027491376
15,0.5,1000,0.1,850,0.49411764705882355,0.9666666666666665,0.18981782936387326,0.2954639175257732,0.7560462670872776,0.0035294117647058825,0.5583274301456111
15,0.5,1000,0.3,880,0.48,0.9453333333333336,0.2900044820991605,0.13246196403872731,0.829256965944276,0.004545454545454545,0.5314079147640804
15,0.5,1000,0.3,900,0.4964705882352941,0.9599999999999999,0.2711993888121659,0.1887557077625573,0.8006770833333384,0.005555555555555556,0.5329683426443249
15,0.5,1000,0.3,880,0.4811764705882353,0.9540000000000002,0.2983538230447997,0.14102201257861605,0.8629242819843349,0.004545454545454545,0.5765905631659061
15,0.5,1000,0.3,852,0.49529411764705883,1.0053333333333332,0.27558097842596796,0.15858736059479556,0.8346938775510216,0.005868544600938967,0.5043841007477369
15,0.5,1000,0.3,907,0.4647058823529412,0.9573333333333331,0.30214796276040734,0.17171893147502917,0.8644186046511659,0.005512679162072767,0.535890613451592
15,0.5,1000,0.3,883,0.4541176470588235,0.9620000000000001,0.26638388739571606,0.1314119359534204,0.8000760456273783,0.004530011325028313,0.5185817216533956
15,0.5,1000,0.3,813,0.49176470588235294,0.9713333333333333,0.30198255950307595,0.11390476190476176,0.8430267062314554,0.004920049200492005,0.5475978574371638
15,0.5,1000,0.3,834,0.4682352941176471,0.9633333333333329,0.28366019015621313,0.15993939393939377,0.8268258426966331,0.004796163069544364,0.5611847389558247
15,0.5,1000,0.3,891,0.44823529411764707,0.9726666666666667,0.33322478856171706,0.1282284382284381,0.8552693208430944,0.005611672278338945,0.5549398043641851
15,0.5,1000,0.3,852,0.5305882352941177,0.94,0.27499701276383176,0.10700564971751425,0.8492424242424287,0.002347417840375587,0.6337803921568655
15,0.5,1000,0.5,864,0.4752941176470588,0.8873333333333335,0.17107092623605266,0,0.8425298804780895,0,0.7074614197530871
15,0.5,1000,0.5,859,0.5058823529411764,0.8866666666666668,0.15878147805550308,0,0.8298771498771544,0,0.6734730306558023
15,0.5,1000,0.5,871,0.46,0.8866666666666665,0.16630841764390847,0,0.8332547169811353,0,0.6801262916188301
15,0.5,1000,0.5,857,0.45294117647058824,0.8879999999999999,0.17062131644016942,0,0.8469831223628723,0,0.7092298716452757
15,0.5,1000,0.5,805,0.5117647058823529,0.8933333333333333,0.16297119089899134,0,0.8269586374695895,0,0.6851635610766074
15,0.5,1000,0.5,855,0.47294117647058825,0.8866666666666667,0.17708376095684353,0,0.8442930591259655,0,0.6676959064327507
15,0.5,1000,0.5,884,0.4576470588235294,0.8873333333333333,0.17749575889788635,0,0.8469651741293551,0,0.6712330316742096
15,0.5,1000,0.5,856,0.4376470588235294,0.8880000000000001,0.1764654189561603,0,0.8537292161520217,0,0.6855295950155771
15,0.5,1000,0.5,842,0.47294117647058825,0.8886666666666667,0.16793641159706135,0,0.841610942249244,0,0.6466033254156804
15,0.5,1000,0.5,857,0.47294117647058825,0.8880000000000001,0.14742676349961586,0,0.8249618320610703,0,0.6245624270711803
15,0.5,1000,0.7,838,0.4858823529411765,0.8873333333333335,0.1805769673422425,0,0.857614314115312,0,0.7211813842482125
15,0.5,1000,0.7,869,0.4788235294117647,0.8866666666666667,0.18815439272145892,0,0.8595488721804557,0,0.7227809742999647
15,0.5,1000,0.7,879,0.4647058823529412,0.8873333333333331,0.175160985783884,0,0.8371875000000043,0,0.6941751990898752
15,0.5,1000,0.7,853,0.4776470588235294,0.8880000000000003,0.1827989832627107,0,0.8574532710280406,0,0.6877842907385714
15,0.5,1000,0.7,888,0.4588235294117647,0.8866666666666667,0.18710966761162856,0,0.855573394495416,0,0.6826764264264287
15,0.5,1000,0.7,863,0.48,0.8866666666666667,0.16065903362952094,0,0.836369710467709,0,0.6951216685979157
15,0.5,1000,0.7,864,0.4647058823529412,0.886,0.15339860279202452,0,0.821543624161078,0,0.6897723765432107
15,0.5,1000,0.7,872,0.48705882352941177,0.8879999999999999,0.1660464544308422,0,0.8357012750455406,0,0.7227255351681957
15,0.5,1000,0.7,860,0.4764705882352941,0.8866666666666667,0.17446097393538437,0,0.841653061224493,0,0.7048023255813954
15,0.5,1000,0.7,871,0.49058823529411766,0.8833333333333333,0.17789979138466475,0,0.8400224215246651,0,0.6828243398392662
15,0.5,20000,0.1,865,0.4811764705882353,0.9746666666666666,0.2195022932327588,0.30226744186046534,0.7699999999999999,0.005780346820809248,0.5223100775193807
15,0.5,20000,0.1,835,0.4976470588235294,0.9760000000000002,0.1819276338245982,0.31340067340067324,0.7244804318488539,0.004790419161676647,0.5116085038106689
15,0.5,20000,0.1,860,0.4788235294117647,0.9533333333333334,0.2006092666017221,0.29666666666666675,0.7658691756272394,0.0034883720930232558,0.5729871645274206
15,0.5,20000,0.1,854,0.4647058823529412,0.9686666666666666,0.1867948880244979,0.3106521739130434,0.7441219768664571,0.00351288056206089,0.5471053662358
15,0.5,20000,0.1,813,0.4776470588235294,0.9446666666666668,0.17481253167235059,0.3236363636363636,0.7494158075601373,0.0024600246002460025,0.5628771064529372
15,0.5,20000,0.1,853,0.4611764705882353,0.9800000000000002,0.18876581327510047,0.299496402877698,0.7686355785837656,0.004689331770222743,0.5111896348645452
15,0.5,20000,0.1,852,0.4894117647058824,0.9660000000000001,0.18873722490987305,0.2918932038834955,0.7651435705368302,0.004694835680751174,0.544591194968552
15,0.5,20000,0.1,866,0.49529411764705883,0.9666666666666669,0.17814509377070534,0.31888349514563086,0.7812227074235817,0.0023094688221709007,0.539768518518518
15,0.5,20000,0.1,856,0.46705882352941175,0.9673333333333335,0.16609596142809188,0.33680933852140116,0.7295681511470996,0.0035046728971962616,0.5347323173114473
15,0.5,20000,0.3,871,0.4588235294117647,0.9606666666666668,0.28198671313215834,0.16669421487603317,0.8345373134328397,0.004592422502870264,0.5449442522106897
15,0.5,20000,0.3,846,0.49411764705882355,0.974,0.28682068649920817,0.13607226107226109,0.8325102880658459,0.00591016548463357,0.48373761395164444
15,0.5,20000,0.1,880,0.4776470588235294,0.9493333333333336,0.16377790464888403,0.32946902654867294,0.7252150537634419,0.003409090909090909,0.5350019004180926
15,0.5,20000,0.3,894,0.49058823529411766,0.9546666666666666,0.25910571773036367,0.13723076923076893,0.8306106870229022,0.003355704697986577,0.5370931537598214
15,0.5,20000,0.3,873,0.48,0.9500000000000002,0.24681116089001814,0.1488343558282208,0.8235451505016756,0.003436426116838488,0.5618544061302703
15,0.5,20000,0.3,875,0.4423529411764706,0.9573333333333335,0.27952738016046963,0.11587140439932309,0.8402090592334516,0.004571428571428572,0.544236509758898
15,0.5,20000,0.3,872,0.4505882352941176,0.9800000000000002,0.25277163176013845,0.17463157894736883,0.8294999999999993,0.005733944954128441,0.4710111495578635
15,0.5,20000,0.3,862,0.5011764705882353,0.9413333333333335,0.278420878071117,0.13445916114790285,0.8349607843137293,0.0034802784222737818,0.6400970120294935
15,0.5,20000,0.3,875,0.4329411764705882,0.9453333333333332,0.27377404549143125,0.12880952380952343,0.8324175824175847,0.004571428571428572,0.5294756984309225
15,0.5,20000,0.3,872,0.46588235294117647,0.9673333333333333,0.28897549585132226,0.15028169014084475,0.8506824146981661,0.0045871559633027525,0.5739477726574523
15,0.5,20000,0.3,865,0.4811764705882353,0.9553333333333334,0.2522812957968271,0.11148936170212782,0.8230819672131191,0.0023121387283236996,0.5650830436461972
15,0.5,20000,0.5,850,0.48,0.8866666666666668,0.15598788208836895,0,0.8208395061728432,0,0.6739176470588265
15,0.5,20000,0.5,886,0.4447058823529412,0.8820000000000001,0.16681465281343488,0,0.8358605664488038,0,0.6903009781790852
15,0.5,20000,0.5,807,0.5,0.8933333333333333,0.17133118889764576,0,0.8365846153846187,0,0.646204047914089
15,0.5,20000,0.5,879,0.48705882352941177,0.8866666666666668,0.16626642484712476,0,0.8382635983263629,0,0.6956503602578714
15,0.5,20000,0.5,851,0.4717647058823529,0.8873333333333335,0.17475079334090884,0,0.8462390670553955,0,0.6516568742655728
15,0.5,20000,0.5,855,0.48823529411764705,0.8866666666666668,0.16449637759118865,0,0.8269431279620901,0,0.6778167641325548
15,0.5,20000,0.5,854,0.508235294117647,0.8873333333333333,0.17207672585676445,0,0.8430708661417355,0,0.6680288836846242
15,0.5,20000,0.5,866,0.4611764705882353,0.8866666666666667,0.15632627007177302,0,0.8246893787575182,0,0.7046458814472684
15,0.5,20000,0.5,863,0.5,0.8866666666666667,0.17028361490534932,0,0.8448138297872381,0,0.6678447276940921
15,0.5,20000,0.5,862,0.5152941176470588,0.8866666666666667,0.14984185672285194,0,0.8121533923303859,0,0.6467401392111374
15,0.5,20000,0.7,851,0.48,0.8886666666666667,0.18714638742939313,0,0.8529119638826212,0,0.6888484136310254
15,0.5,20000,0.7,866,0.4752941176470588,0.8866666666666667,0.1707243843888087,0,0.8480662983425437,0,0.6578406466512727
15,0.5,20000,0.7,854,0.4823529411764706,0.8866666666666667,0.16712059941413604,0,0.8460244648318066,0,0.6452146760343501
15,0.5,20000,0.7,830,0.49058823529411766,0.8886666666666669,0.1704429394461274,0,0.8384927536231903,0,0.6488192771084359
15,0.5,20000,0.7,885,0.46,0.8853333333333332,0.16725509541643774,0,0.8394104803493474,0,0.6915819209039572
15,0.5,20000,0.7,903,0.47411764705882353,0.8813333333333333,0.1755048210933626,0,0.8464876033057857,0,0.6971908453303814
15,0.5,20000,0.7,854,0.48705882352941177,0.8880000000000003,0.17378597136341614,0,0.8398985801217079,0,0.7075644028103063
15,0.5,20000,0.7,822,0.49529411764705883,0.89,0.1619552715020575,0,0.8313151364764292,0,0.6778264395782677
15,0.5,20000,0.7,873,0.45647058823529413,0.8880000000000001,0.17540559857160012,0,0.8535886214442029,0,0.6980488736158844
15,0.5,20000,0.7,896,0.4647058823529412,0.8826666666666667,0.17398502074451386,0,0.844193548387099,0,0.6979464285714309
15,0.5,3000,0.1,885,0.49176470588235294,0.966666666666667,0.2090435533491207,0.30075000000000035,0.7560922146636407,0.004519774011299435,0.5830003783579236
15,0.5,3000,0.1,865,0.4835294117647059,0.9833333333333333,0.19688429690707582,0.32687707641196034,0.789197786998618,0.004624277456647399,0.5316415021293065
15,0.5,3000,0.1,844,0.48,0.9599999999999999,0.17994809956244182,0.2947222222222225,0.7543060959792491,0.002369668246445498,0.5499999999999993
15,0.5,3000,0.1,865,0.5047058823529412,0.9593333333333334,0.18383820440334112,0.3359922178988335,0.7403315412186382,0.0023121387283236996,0.5612668984163746
15,0.5,3000,0.1,882,0.46705882352941175,0.9393333333333336,0.15410282053162502,0.3219108280254781,0.7219444444444465,0.0022675736961451248,0.5589393939393918
15,0.5,3000,0.1,853,0.4894117647058824,0.9606666666666668,0.19062352621091266,0.31030534351145067,0.7545771144278616,0.0035169988276670576,0.5343215686274486
15,0.5,3000,0.1,876,0.46941176470588236,0.9559999999999998,0.208863091041793,0.28536458333333337,0.7684648187633233,0.003424657534246575,0.5998930889652523
15,0.5,3000,0.1,849,0.47058823529411764,0.9480000000000001,0.19633138412991488,0.2571428571428572,0.76922865013774,0.002355712603062426,0.5925265643447433
15,0.5,3000,0.1,866,0.49529411764705883,0.9153333333333336,0.1710297791545217,0.34839694656488585,0.7506603174603118,0.0011547344110854503,0.6286127167630038
15,0.5,3000,0.1,818,0.4964705882352941,0.9573333333333333,0.18319205465381386,0.28730569948186535,0.7421711366538959,0.003667481662591687,0.5424171779141076
15,0.5,3000,0.3,851,0.4764705882352941,0.9593333333333334,0.2953883504532297,0.10483164983164979,0.8431901840490811,0.0035252643948296123,0.559536163522012
15,0.5,3000,0.3,868,0.46705882352941175,0.9546666666666668,0.27406582679387254,0.10999999999999988,0.8518560606060623,0.0034562211981566822,0.5327244701348745
15,0.5,3000,0.3,893,0.4823529411764706,0.9699999999999999,0.27221868648675407,0.15655757575757573,0.8104044117647078,0.005599104143337066,0.5045195195195202
15,0.5,3000,0.3,847,0.4835294117647059,1.0100000000000005,0.2738174855995139,0.16887113951011762,0.8056779661016961,0.0070838252656434475,0.4796908442330553
15,0.5,3000,0.3,855,0.4764705882352941,0.9726666666666667,0.31189477574936897,0.104738955823293,0.8455033557047009,0.005847953216374269,0.526152941176472
15,0.5,3000,0.3,860,0.46705882352941175,0.9640000000000002,0.26995513404703647,0.15097756410256424,0.8128746177370072,0.004651162790697674,0.5501674454828683
15,0.5,3000,0.3,868,0.4811764705882353,0.984666666666667,0.29967520007625226,0.16117204301075294,0.8541877256317717,0.00576036866359447,0.49697952877559065
15,0.5,3000,0.3,836,0.5094117647058823,0.9420000000000001,0.27655973704377707,0.11637681159420295,0.8393922651933746,0.0035885167464114833,0.5912364945978428
15,0.5,3000,0.3,821,0.5270588235294118,0.95,0.2738035137835416,0.15782700421940912,0.8448860759493702,0.00243605359317905,0.608697598697601
15,0.5,3000,0.3,871,0.46,0.9480000000000001,0.2541887708955943,0.15396917148362238,0.8158381502890215,0.003444316877152698,0.5707066052227364
15,0.5,3000,0.5,854,0.46705882352941175,0.8866666666666667,0.17375784969039867,0,0.8579368932038858,0,0.689738485558159
15,0.5,3000,0.5,873,0.47294117647058825,0.8866666666666667,0.1818480621075783,0,0.8453558718861255,0,0.7241313478426886
15,0.5,3000,0.5,900,0.4647058823529412,0.88,0.15302359074543606,0,0.8175000000000052,0,0.6874259259259262
15,0.5,3000,0.5,844,0.4823529411764706,0.8880000000000001,0.1348081048682177,0,0.8097368421052668,0,0.6452409162717242
15,0.5,3000,0.5,813,0.49058823529411766,0.8933333333333335,0.1549301959006072,0,0.8283522727272761,0,0.6676793767937703
15,0.5,3000,0.5,898,0.46,0.886,0.1670071715835021,0,0.8442280285035656,0,0.6822568671121034
15,0.5,3000,0.5,817,0.48823529411764705,0.8933333333333333,0.16515191844304242,0,0.8330117647058857,0,0.6847450020399858
15,0.5,3000,0.5,877,0.4764705882352941,0.8866666666666667,0.16751452465570746,0,0.8403633217993121,0,0.7322500950209067
15,0.5,3000,0.5,845,0.5164705882352941,0.8866666666666665,0.18237467293189163,0,0.8555223880597054,0,0.7031794871794899
15,0.5,3000,0.5,848,0.4858823529411765,0.8873333333333333,0.16718703525083695,0,0.8438103756708429,0,0.7371069182389938
15,0.5,3000,0.7,882,0.4976470588235294,0.8826666666666664,0.17664924520380343,0,0.8512896405919684,0,0.7007860922146646
15,0.5,3000,0.7,876,0.4752941176470588,0.8866666666666667,0.14898271024670437,0,0.8269927536231908,0,0.6247754946727567
15,0.5,3000,0.7,860,0.4835294117647059,0.8866666666666668,0.17918913552089577,0,0.8696755162241896,0,0.6591976744186081
15,0.5,3000,0.7,844,0.47294117647058825,0.8880000000000001,0.17740255755099785,0,0.847522321428575,0,0.6892338072669841
15,0.5,3000,0.7,856,0.47058823529411764,0.8886666666666667,0.16933387968186073,0,0.8467399267399294,0,0.7311020249221205
15,0.5,3000,0.7,866,0.4776470588235294,0.8873333333333335,0.17217554667453908,0,0.8351914893617067,0,0.6928021555042361
15,0.5,3000,0.7,846,0.4682352941176471,0.8866666666666665,0.1927934483362345,0,0.8536111111111137,0,0.7091371158392448
15,0.5,3000,0.7,851,0.4752941176470588,0.8873333333333335,0.1685276478043533,0,0.8378319783197876,0,0.6646611829220554
15,0.5,3000,0.7,864,0.4776470588235294,0.8866666666666668,0.167633017730303,0,0.8339066339066369,0,0.6723341049382735
15,0.5,3000,0.7,822,0.5,0.8946666666666668,0.17929264215374074,0,0.8558522727272756,0,0.6610908353609098
15,0.5,4000,0.1,832,0.508235294117647,0.9786666666666668,0.19996004122241962,0.3145666666666671,0.7601774397972116,0.003605769230769231,0.5305548854040985
15,0.5,4000,0.1,867,0.4776470588235294,0.9793333333333334,0.2090784029086292,0.2827125506072876,0.7503256212510712,0.00461361014994233,0.5662263422170704
15,0.5,4000,0.1,866,0.4588235294117647,0.9693333333333334,0.20919386915224059,0.2999590163934429,0.771142061281337,0.004618937644341801,0.5652358855375081
15,0.5,4000,0.1,872,0.47411764705882353,0.9413333333333337,0.18494006931465892,0.3133862433862435,0.7465782493368696,0.0022935779816513763,0.5729463601532544
15,0.5,4000,0.1,822,0.48823529411764705,0.9573333333333331,0.1852977634139818,0.32888888888888934,0.7512741751990912,0.004866180048661801,0.5490953545232243
15,0.5,4000,0.1,831,0.4764705882352941,0.9586666666666666,0.1862877635206374,0.33221739130434746,0.7517610062893092,0.0024067388688327317,0.5487655810213097
15,0.5,4000,0.1,843,0.4811764705882353,0.9593333333333331,0.19997565784475455,0.3388256227758008,0.778914988814318,0.0035587188612099642,0.5474047619047624
15,0.5,4000,0.1,866,0.48705882352941177,0.938,0.1739024396183026,0.34355704697986567,0.7563456790123433,0.0011547344110854503,0.6010481695568385
15,0.5,4000,0.1,905,0.46588235294117647,0.9453333333333334,0.18058250640562662,0.3227111111111112,0.7542539682539685,0.0033149171270718232,0.5558684405025848
15,0.5,4000,0.3,879,0.44588235294117645,0.9566666666666669,0.2767530757248729,0.1739224137931035,0.850927152317883,0.004550625711035267,0.5373561904761925
15,0.5,4000,0.1,834,0.48470588235294115,0.9353333333333338,0.15535111793329642,0.3081021897810219,0.7295471698113216,0.002398081534772182,0.5512940705128203
15,0.5,4000,0.3,844,0.4764705882352941,0.9659999999999999,0.2526282550117365,0.16419312169312192,0.8079262672811072,0.004739336492890996,0.49231349206349223
15,0.5,4000,0.3,811,0.46352941176470586,0.9626666666666667,0.30167021462429316,0.14689768976897663,0.883619047619049,0.0036991368680641184,0.5686386138613867
15,0.5,4000,0.3,859,0.5,0.9606666666666664,0.2639689507565184,0.12013961605584614,0.8020401337792664,0.0034924330616996507,0.5472390965732106
15,0.5,4000,0.3,858,0.46941176470588236,1.0000000000000002,0.30690538308885196,0.1527844311377248,0.8485555555555582,0.006993006993006993,0.48367370892018885
15,0.5,4000,0.3,898,0.4505882352941176,0.9586666666666663,0.29211625711019,0.17429341963322573,0.8352071005917183,0.005567928730512249,0.5185479656588299
15,0.5,4000,0.3,863,0.4988235294117647,0.9606666666666668,0.2841478898726304,0.12530377668308681,0.8593559322033923,0.004634994206257242,0.5477299185098972
15,0.5,4000,0.3,835,0.49529411764705883,0.9606666666666668,0.2723954591956983,0.14333333333333315,0.8421938775510224,0.003592814371257485,0.6044911858974358
15,0.5,4000,0.3,858,0.4788235294117647,0.9606666666666668,0.28280837590408664,0.17183035714285708,0.8264251207729519,0.004662004662004662,0.5784192037470751
15,0.5,4000,0.5,826,0.5,0.8906666666666666,0.15449312117193645,0,0.8495884773662559,0,0.6267675544794178
15,0.5,4000,0.5,844,0.4988235294117647,0.8866666666666667,0.14624373692440776,0,0.8213851351351372,0,0.6395892575039522
15,0.5,4000,0.5,854,0.4964705882352941,0.8873333333333335,0.18887356289983537,0,0.8584148727984375,0,0.7195628415300568
15,0.5,4000,0.3,874,0.43411764705882355,0.9786666666666664,0.2922444894278353,0.10940740740740729,0.8271559633027538,0.004576659038901602,0.5369846743295033
15,0.5,4000,0.5,845,0.48705882352941177,0.8866666666666667,0.15252701256884732,0,0.8312765957446828,0,0.6547534516765302
15,0.5,4000,0.5,874,0.4858823529411765,0.8866666666666667,0.1734366821708364,0,0.848990384615387,0,0.6842295957284537
15,0.5,4000,0.5,903,0.47294117647058825,0.8806666666666666,0.12859010249021205,0,0.8006833712984103,0,0.6900258397932816
15,0.5,4000,0.5,867,0.4811764705882353,0.8873333333333333,0.17743210033704354,0,0.8635294117647077,0,0.6904267589388701
15,0.5,4000,0.5,890,0.4752941176470588,0.8853333333333334,0.17559205383456236,0,0.8425793650793686,0,0.7039363295880141
15,0.5,4000,0.5,867,0.4835294117647059,0.8846666666666666,0.15503323744746406,0,0.8165807962529315,0,0.6825221068819685
15,0.5,4000,0.5,834,0.49411764705882355,0.8933333333333333,0.17351135024117453,0,0.8323467230444008,0,0.6928297362110349
15,0.5,4000,0.7,876,0.45176470588235296,0.8873333333333335,0.15844673111628196,0,0.8380434782608728,0,0.6423173515981777
15,0.5,4000,0.7,805,0.5129411764705882,0.8926666666666665,0.1733541551651028,0,0.8507808564231768,0,0.6865714285714319
15,0.5,4000,0.7,855,0.48823529411764705,0.8880000000000001,0.17269444014410468,0,0.8448750000000032,0,0.6798089668616003
15,0.5,4000,0.7,851,0.48,0.8873333333333333,0.16931986300740803,0,0.8364668094218446,0,0.7007403055229158
15,0.5,4000,0.7,869,0.45176470588235296,0.8873333333333333,0.16474597010183714,0,0.8291806722689118,0,0.697472190257002
15,0.5,4000,0.7,876,0.49529411764705883,0.8860000000000002,0.17232349317887513,0,0.8464160401002544,0,0.6781278538812792
15,0.5,4000,0.7,870,0.46705882352941175,0.8866666666666665,0.17786200909587638,0,0.8382788671024007,0,0.6852375478927238
15,0.5,4000,0.7,855,0.4776470588235294,0.8866666666666667,0.17078237572622548,0,0.8361971830985959,0,0.7059493177387929
15,0.5,4000,0.7,852,0.49529411764705883,0.8873333333333333,0.16487928278194738,0,0.8351890756302557,0,0.7047652582159625
15,0.5,4000,0.7,867,0.46352941176470586,0.8873333333333335,0.16295174595787693,0,0.8433057851239704,0,0.6655401768550574
15,0.5,5000,0.1,877,0.4470588235294118,0.9626666666666667,0.17409269413125197,0.303080357142857,0.7505483405483412,0.0034207525655644243,0.5316857360793292
15,0.5,5000,0.1,858,0.48705882352941177,0.9493333333333334,0.18734229669553923,0.3120283018867924,0.751327063740858,0.0034965034965034965,0.5500389863547769
15,0.5,5000,0.1,836,0.4835294117647059,0.9419999999999998,0.17736706856713783,0.28333333333333344,0.7509259259259248,0.0023923444976076554,0.598117505995202
15,0.5,5000,0.1,810,0.48470588235294115,0.9493333333333331,0.1820202649573875,0.28408450704225335,0.7615282392026582,0.0024691358024691358,0.567590759075908
15,0.5,5000,0.1,821,0.4988235294117647,0.9573333333333333,0.1955203123494025,0.31173076923076953,0.7599166666666665,0.0036540803897685747,0.5679380603096965
15,0.5,5000,0.1,802,0.5047058823529412,0.9646666666666666,0.18725131371086706,0.3013592233009704,0.7454434250764537,0.003740648379052369,0.5579390905298274
15,0.5,5000,0.1,873,0.44588235294117645,0.9326666666666665,0.1702580032053272,0.3456097560975612,0.7476231884057967,0.001145475372279496,0.5682033639143712
15,0.5,5000,0.1,826,0.47411764705882353,0.9680000000000005,0.17517117488230785,0.29216101694915275,0.725994397759105,0.004842615012106538,0.5284630981346291
15,0.5,5000,0.1,884,0.4764705882352941,0.955333333333333,0.15846773385597832,0.3541836734693884,0.7117179487179496,0.0022624434389140274,0.5193386243386217
15,0.5,5000,0.1,858,0.4752941176470588,0.9839999999999995,0.1903033179772976,0.31484320557491324,0.7514268142681436,0.004662004662004662,0.5277205308352831
15,0.5,5000,0.3,835,0.49411764705882355,0.9693333333333334,0.28448103462918567,0.16522821576763477,0.8598545454545465,0.004790419161676647,0.5303730445246718
15,0.5,5000,0.3,865,0.48823529411764705,0.9533333333333334,0.2781021181572482,0.16239092495636978,0.8577011494252887,0.003468208092485549,0.5860518174787342
15,0.5,5000,0.3,839,0.4894117647058824,0.9453333333333334,0.26036636389891543,0.15810017271157162,0.8155732484076463,0.003575685339690107,0.5382894736842139
15,0.5,5000,0.3,863,0.4835294117647059,0.9273333333333333,0.25506927370173843,0.09500000000000007,0.8252892561983499,0.002317497103128621,0.5961324041811871
15,0.5,5000,0.3,847,0.46705882352941175,0.9466666666666667,0.29145905826984425,0.16375661375661368,0.8505482456140357,0.0035419126328217238,0.6186413902053706
15,0.5,5000,0.3,855,0.4752941176470588,0.9393333333333331,0.2694052896168071,0.16579520697167754,0.8534564643799488,0.0035087719298245615,0.6000625978090771
15,0.5,5000,0.3,895,0.4929411764705882,0.9833333333333333,0.2832051142396701,0.14533769063180846,0.8604123711340208,0.00558659217877095,0.473322097378278
15,0.5,5000,0.3,861,0.49411764705882355,0.959333333333333,0.2701076566616051,0.16440677966101683,0.8225084745762753,0.004645760743321719,0.5361649163749529
15,0.5,5000,0.3,903,0.4647058823529412,0.9840000000000001,0.29805610506309527,0.15793442622950843,0.8634328358208979,0.005537098560354375,0.5044803266518197
15,0.5,5000,0.3,861,0.49411764705882355,0.9459999999999998,0.26525932088354964,0.1629505582137162,0.8048760330578547,0.004645760743321719,0.5537183975106977
15,0.5,5000,0.5,842,0.49058823529411766,0.8886666666666667,0.18644803718297503,0,0.8729680365296817,0,0.7025771971496465
15,0.5,5000,0.5,894,0.4811764705882353,0.8806666666666665,0.1590046614016167,0,0.8327954545454579,0,0.6875577926920211
15,0.5,5000,0.5,860,0.47411764705882353,0.8866666666666667,0.15361711273486026,0,0.8206515580736582,0,0.6543488372093046
15,0.5,5000,0.5,913,0.47294117647058825,0.88,0.1816957275244499,0,0.8520776255707787,0,0.6822453450164314
15,0.5,5000,0.5,902,0.4682352941176471,0.88,0.19049966297709123,0,0.861087719298249,0,0.7300221729490021
15,0.5,5000,0.5,888,0.4576470588235294,0.8833333333333332,0.19150951630423751,0,0.8683544303797501,0,0.7004654654654676
15,0.5,5000,0.5,870,0.4576470588235294,0.8866666666666668,0.15836644359028426,0,0.8438546255506635,0,0.7049578544061317
15,0.5,5000,0.5,865,0.47294117647058825,0.8866666666666668,0.1689043198719053,0,0.8405450733752645,0,0.7063737957610783
15,0.5,5000,0.5,854,0.48470588235294115,0.8866666666666667,0.16248516812872035,0,0.8245232273838667,0,0.6766120218579256
15,0.5,5000,0.5,881,0.4647058823529412,0.8873333333333335,0.1977738924130484,0,0.8754870775347945,0,0.7151040484298167
15,0.5,5000,0.7,872,0.4858823529411765,0.8866666666666667,0.17213924893228919,0,0.8440899795501033,0,0.7013532110091746
15,0.5,5000,0.7,865,0.47294117647058825,0.8866666666666668,0.17259412318093958,0,0.8319801980198043,0,0.6685125240847801
15,0.5,5000,0.7,846,0.4929411764705882,0.8866666666666667,0.18138784818971962,0,0.8730293159609132,0,0.6444326241134762
15,0.5,5000,0.7,829,0.44941176470588234,0.8933333333333333,0.16924854451962598,0,0.8327329192546615,0,0.7040691596300785
15,0.5,5000,0.7,889,0.47411764705882353,0.8826666666666665,0.17672136284488993,0,0.8457637474541807,0,0.7055643044619441
15,0.5,5000,0.7,861,0.47294117647058825,0.8873333333333335,0.17670471701997462,0,0.8329820627802744,0,0.6795276809910987
15,0.5,5000,0.7,879,0.4764705882352941,0.8866666666666667,0.16133512813579728,0,0.8450000000000057,0,0.7365263557072449
15,0.5,5000,0.7,864,0.4788235294117647,0.8859999999999999,0.17430395004365273,0,0.8459340659340694,0,0.6877507716049419
15,0.5,5000,0.7,873,0.4623529411764706,0.8866666666666667,0.16036414386950087,0,0.8272891566265097,0,0.7056662848415437
15,0.5,5000,0.7,840,0.4988235294117647,0.89,0.1661263443437958,0,0.8328059071729997,0,0.7022738095238115
20,0.1,1000,0.1,876,0.4788235294117647,0.9533333333333331,0.170140342511148,0.33048458149779764,0.7319509476031207,0.00228310502283105,0.5490541571319585
20,0.1,1000,0.1,844,0.47294117647058825,0.9580000000000003,0.17673824988934247,0.30971563981042677,0.7499396681749629,0.0035545023696682463,0.529492667459375
20,0.1,1000,0.1,829,0.4717647058823529,0.9546666666666671,0.19207536525318608,0.3326213592233011,0.7674259259259247,0.0024125452352231603,0.5776864167674299
20,0.1,1000,0.1,870,0.4623529411764706,0.9313333333333335,0.1653950361792556,0.3082962962962965,0.741111111111112,0.0011494252873563218,0.592266973532795
20,0.1,1000,0.1,912,0.4541176470588235,0.9566666666666667,0.19395353493471287,0.3188235294117641,0.7865534591194965,0.003289473684210526,0.5436083608360843
20,0.1,1000,0.1,887,0.48,0.9679999999999997,0.19037267308488887,0.3260132890365449,0.8067182130584195,0.004509582863585118,0.5094677236693096
20,0.1,1000,0.1,866,0.46941176470588236,0.9573333333333331,0.184083419601242,0.2947777777777778,0.751339977851606,0.0023094688221709007,0.5542013888888888
20,0.1,1000,0.1,888,0.4764705882352941,0.9786666666666668,0.18037027485156956,0.3004362416107386,0.730810397553518,0.0045045045045045045,0.5121266968325789
20,0.1,1000,0.1,866,0.4647058823529412,0.9613333333333333,0.15358309380949683,0.2761490683229815,0.7161952861952874,0.003464203233256351,0.5428930088837365
20,0.1,1000,0.1,863,0.4541176470588235,0.9493333333333334,0.1978124493832096,0.25400000000000006,0.7832010582010573,0.002317497103128621,0.6011924119241184
20,0.1,1000,0.3,872,0.48,0.9433333333333334,0.25605041017125546,0.15104575163398684,0.8270308123249324,0.0034403669724770644,0.5841810510164954
20,0.1,1000,0.3,868,0.49058823529411766,0.9413333333333335,0.2557631675317126,0.11075520833333345,0.8312634408602179,0.002304147465437788,0.5997228637413413
20,0.1,1000,0.3,838,0.5035294117647059,0.9813333333333335,0.2929192318472485,0.11495495495495477,0.8876651982378855,0.00477326968973747,0.5201758593125496
20,0.1,1000,0.3,862,0.4647058823529412,0.9859999999999999,0.2834918948443502,0.18937627811860988,0.8359498207885329,0.0069605568445475635,0.49107476635514113
20,0.1,1000,0.3,878,0.45529411764705885,0.9673333333333335,0.2642505650816806,0.1576870748299321,0.8261567164179131,0.004555808656036446,0.5121472158657524
20,0.1,1000,0.3,854,0.5117647058823529,0.9813333333333331,0.2689663995672589,0.1530325814536338,0.8031365313653148,0.00585480093676815,0.4883941892422471
20,0.1,1000,0.3,835,0.48,0.9460000000000002,0.2704504286789975,0.18157232704402532,0.8478892733564037,0.003592814371257485,0.5454407051282076
20,0.1,1000,0.3,853,0.4588235294117647,0.9633333333333334,0.28231531153837336,0.15101928374655652,0.8423443223443249,0.004689331770222743,0.530329799764429
20,0.1,1000,0.3,866,0.48,0.9339999999999999,0.2623098668162456,0.17190476190476212,0.8288020833333357,0.003464203233256351,0.585894167632294
20,0.1,1000,0.5,831,0.4752941176470588,0.8946666666666668,0.14866412861843428,0,0.8233476394849815,0,0.7019334135579635
20,0.1,1000,0.3,865,0.4647058823529412,0.9853333333333332,0.293437740677876,0.16486248624862498,0.8513718411552371,0.006936416184971098,0.5015056266977121
20,0.1,1000,0.5,874,0.48705882352941177,0.8873333333333335,0.16964468267277905,0,0.8374450549450593,0,0.6476811594202931
20,0.1,1000,0.5,820,0.5047058823529412,0.8933333333333335,0.15306898788476458,0,0.8170509977827093,0,0.6923170731707341
20,0.1,1000,0.5,876,0.48470588235294115,0.8873333333333333,0.17929283749540678,0,0.8472434607645908,0,0.706910197869103
20,0.1,1000,0.5,862,0.4835294117647059,0.8880000000000001,0.15181410103432263,0,0.8226760563380314,0,0.655440835266823
20,0.1,1000,0.5,881,0.4929411764705882,0.8826666666666667,0.17476022378971273,0,0.8534969325153398,0,0.7114339765418095
20,0.1,1000,0.5,855,0.4776470588235294,0.8866666666666667,0.1709779611427926,0,0.8434246575342499,0,0.6853177387914232
20,0.1,1000,0.5,865,0.4811764705882353,0.8880000000000001,0.19022767109082817,0,0.8777088948787082,0,0.6751021194605018
20,0.1,1000,0.5,855,0.48823529411764705,0.8866666666666668,0.1704040227985685,0,0.8383109404990424,0,0.7176023391812875
20,0.1,1000,0.7,830,0.4858823529411765,0.8933333333333333,0.1915767333514058,0,0.8644088669950774,0,0.6825461847389579
20,0.1,1000,0.7,881,0.47294117647058825,0.8873333333333335,0.16080287330416795,0,0.8338268156424615,0,0.6542451759364383
20,0.1,1000,0.5,842,0.47294117647058825,0.8873333333333333,0.15871286899483336,0,0.8381081081081102,0,0.6738836104513066
20,0.1,1000,0.7,862,0.44,0.8873333333333333,0.17511011758143608,0,0.8524557956778016,0,0.7156883217324058
20,0.1,1000,0.7,834,0.4976470588235294,0.8900000000000002,0.16432218263121876,0,0.8396388888888922,0,0.6646522781774605
20,0.1,1000,0.7,860,0.48705882352941177,0.8873333333333335,0.1803436781895962,0,0.8531057268722496,0,0.6958255813953507
20,0.1,1000,0.7,828,0.4647058823529412,0.8913333333333334,0.18291763034200156,0,0.8452697095435737,0,0.7036191626409045
20,0.1,1000,0.7,873,0.4682352941176471,0.8866666666666665,0.17131618013648592,0,0.8484267241379343,0,0.6971057655593744
20,0.1,1000,0.7,884,0.4894117647058824,0.884,0.17641735915081513,0,0.854947089947093,0,0.664864253393667
20,0.1,1000,0.7,858,0.4611764705882353,0.8866666666666667,0.1483509939905834,0,0.8118598382749366,0,0.6576884226884243
20,0.1,1000,0.7,875,0.47294117647058825,0.8866666666666668,0.16909821133859498,0,0.8344594594594612,0,0.7098476190476206
20,0.1,20000,0.1,897,0.45176470588235296,0.9706666666666668,0.20484837383508375,0.30654088050314465,0.7666083916083932,0.004459308807134894,0.529115341545352
20,0.1,20000,0.1,835,0.4835294117647059,0.9793333333333334,0.20430402565812023,0.32629629629629664,0.7859692307692303,0.0023952095808383233,0.5612845138055226
20,0.1,20000,0.1,866,0.49176470588235294,0.9573333333333335,0.20463873767187368,0.29976000000000036,0.7573684210526322,0.003464203233256351,0.5532676709154092
20,0.1,20000,0.1,847,0.47058823529411764,0.9680000000000001,0.2125426463593856,0.27829015544041436,0.7800530503978764,0.0035419126328217238,0.579103475513428
20,0.1,20000,0.1,848,0.4717647058823529,0.9613333333333335,0.18549130690365043,0.27748571428571406,0.7445639534883729,0.003537735849056604,0.5710216962524621
20,0.1,20000,0.1,837,0.4647058823529412,0.9533333333333334,0.17510134600107924,0.33265536723163863,0.7357852564102548,0.0023894862604540022,0.5923872255488989
20,0.1,20000,0.1,873,0.46588235294117647,0.9826666666666665,0.1884104281731937,0.32176811594202853,0.7288395904436866,0.004581901489117984,0.5127349443805121
20,0.1,20000,0.1,902,0.4788235294117647,0.9653333333333333,0.1847593731815448,0.3022535211267603,0.7462745098039221,0.0033259423503325942,0.5604634779384475
20,0.1,20000,0.1,877,0.47058823529411764,0.9426666666666665,0.19657054706603447,0.3062621359223302,0.7628916666666654,0.0034207525655644243,0.5832341723874876
20,0.1,20000,0.1,842,0.4588235294117647,0.9460000000000002,0.18952294606886225,0.3107653061224492,0.7767935409457902,0.0035629453681710215,0.5533214143822002
20,0.1,20000,0.3,855,0.47294117647058825,0.9713333333333335,0.27726741817771816,0.15543123543123555,0.8125650557620846,0.005847953216374269,0.4909803921568655
20,0.1,20000,0.3,825,0.45529411764705885,0.9526666666666666,0.2768764667975418,0.13847736625514387,0.840510204081635,0.0036363636363636364,0.5980170316301726
20,0.1,20000,0.3,920,0.45647058823529413,0.968,0.2786532898775448,0.15206349206349193,0.8338278931750772,0.005434782608695652,0.5348233151183979
20,0.1,20000,0.3,831,0.4929411764705882,0.9506666666666668,0.27328898268227947,0.11200000000000007,0.8504687500000024,0.0036101083032490976,0.5671900161030609
20,0.1,20000,0.3,879,0.46705882352941175,0.9526666666666667,0.27956087175714056,0.1717420435510887,0.8359251101321639,0.0034129692832764505,0.6065981735159854
20,0.1,20000,0.3,876,0.46705882352941175,0.9533333333333334,0.3015253052210817,0.1611838006230527,0.8789583333333352,0.003424657534246575,0.5843222604047366
20,0.1,20000,0.3,885,0.48,0.964666666666667,0.28729207568061055,0.10443939393939383,0.8471875000000024,0.004519774011299435,0.5291789632992803
20,0.1,20000,0.3,914,0.46941176470588236,0.958,0.3118665047601342,0.1388372093023259,0.8612576687116597,0.006564551422319475,0.5232415565345102
20,0.1,20000,0.3,815,0.47058823529411764,0.9546666666666668,0.2929767243169401,0.15029702970297004,0.8489075630252142,0.0036809815950920245,0.5719006568144517
20,0.1,20000,0.3,861,0.46,0.9606666666666664,0.3075677630212611,0.12087121212121199,0.8689084507042268,0.005807200929152149,0.5120833333333331
20,0.1,20000,0.5,875,0.48705882352941177,0.8873333333333333,0.17516641572369496,0,0.8472674418604691,0,0.718255238095238
20,0.1,20000,0.5,853,0.46588235294117647,0.8879999999999999,0.17519772623100652,0,0.8420121951219531,0,0.7058890191481053
20,0.1,20000,0.5,823,0.49411764705882355,0.8933333333333333,0.1812145961360995,0,0.8632250000000025,0,0.688149048197653
20,0.1,20000,0.5,860,0.46588235294117647,0.8873333333333335,0.1589541164660208,0,0.8230708661417352,0,0.6641589147286845
20,0.1,20000,0.5,873,0.46352941176470586,0.8873333333333333,0.17675698492754682,0,0.8443207126948808,0,0.6862619320351308
20,0.1,20000,0.5,896,0.4717647058823529,0.8806666666666668,0.18267564304704048,0,0.8547321428571458,0,0.7224776785714301
20,0.1,20000,0.5,884,0.43529411764705883,0.8873333333333335,0.17136774583598144,0,0.8493897637795298,0,0.7087971342383117
20,0.1,20000,0.5,843,0.49058823529411766,0.8886666666666666,0.1588593283073064,0,0.8417777777777816,0,0.653277975484385
20,0.1,20000,0.5,852,0.47058823529411764,0.8913333333333334,0.16775476943131476,0,0.8319686800894873,0,0.691784037558687
20,0.1,20000,0.5,847,0.47294117647058825,0.8866666666666665,0.19335945511123975,0,0.8655136268343844,0,0.7115741833923671
20,0.1,20000,0.7,874,0.4682352941176471,0.8866666666666667,0.16467430555128515,0,0.8345353982300927,0,0.6917505720823813
20,0.1,20000,0.7,823,0.47411764705882353,0.894,0.17039222812432225,0,0.8475344827586239,0,0.7476306196840846
20,0.1,20000,0.7,847,0.4835294117647059,0.8886666666666669,0.16801104490454288,0,0.8331084337349436,0,0.6810625737898484
20,0.1,20000,0.7,900,0.4823529411764706,0.8800000000000002,0.2082148860830568,0,0.8883801295896364,0,0.699551851851854
20,0.1,20000,0.7,832,0.48,0.8893333333333334,0.17693451296505797,0,0.857900874635572,0,0.6557451923076953
20,0.1,20000,0.7,843,0.4776470588235294,0.8866666666666667,0.1535795431614801,0,0.8372413793103463,0,0.6126571767497069
20,0.1,20000,0.7,861,0.46588235294117647,0.8866666666666667,0.16355120234777928,0,0.8367639902676425,0,0.6775222609368964
20,0.1,20000,0.7,818,0.4835294117647059,0.8919999999999999,0.17634880210789058,0,0.8544312796208556,0,0.6974898125509394
20,0.1,20000,0.7,864,0.49411764705882355,0.8873333333333335,0.18402689926046636,0,0.8651470588235318,0,0.7320524691358044
20,0.1,20000,0.7,832,0.5152941176470588,0.89,0.16846622051471777,0,0.8450914634146359,0,0.6485897435897457
20,0.1,3000,0.1,868,0.47058823529411764,0.965333333333333,0.21424294619106102,0.2534705882352941,0.7723584229390668,0.0034562211981566822,0.6098073217726384
20,0.1,3000,0.1,876,0.4682352941176471,0.9206666666666669,0.18116840468309872,0.2921093750000001,0.7629223744292226,0.00228310502283105,0.5889778794813106
20,0.1,3000,0.1,862,0.4623529411764706,0.9466666666666667,0.17786775462377236,0.30355704697986596,0.7594974358974361,0.002320185614849188,0.5774147286821694
20,0.1,3000,0.1,847,0.4764705882352941,0.9660000000000001,0.19472479145224064,0.26401515151515154,0.7672411003236238,0.0023612750885478157,0.6070493096646934
20,0.1,3000,0.1,821,0.4988235294117647,0.9526666666666666,0.15816729844791702,0.3134355828220859,0.7550092081031315,0.00243605359317905,0.5374236874236854
20,0.1,3000,0.1,854,0.4623529411764706,0.948,0.19338711224549981,0.29568750000000016,0.7769452736318407,0.00234192037470726,0.5739906103286377
20,0.1,3000,0.1,835,0.5247058823529411,0.9566666666666667,0.1737174451891176,0.2976363636363635,0.7265225744476475,0.003592814371257485,0.5651642628205104
20,0.1,3000,0.1,905,0.48,0.9546666666666664,0.18600591872384178,0.35463667820069317,0.7499643493761144,0.0022099447513812156,0.5573938722775897
20,0.1,3000,0.1,885,0.4647058823529412,0.9473333333333332,0.17238325663102216,0.28355670103092806,0.7246203346203359,0.003389830508474576,0.5408276643990912
20,0.1,3000,0.1,869,0.4976470588235294,0.9573333333333333,0.17384256363655626,0.33384297520661216,0.7241540020263437,0.0023014959723820483,0.5428296808919625
20,0.1,3000,0.3,857,0.46352941176470586,0.9746666666666666,0.24050440538899845,0.14142201834862358,0.8016666666666669,0.004667444574095682,0.4959710824540858
20,0.1,3000,0.3,881,0.4835294117647059,0.9366666666666666,0.26301066921581867,0.1260798122065728,0.8354892601432028,0.0022701475595913734,0.602957906712175
20,0.1,3000,0.3,861,0.4929411764705882,0.9633333333333334,0.29413952099698404,0.1239906103286384,0.8546200607902764,0.004645760743321719,0.5492376507195645
20,0.1,3000,0.3,867,0.4811764705882353,0.9373333333333332,0.28526400573621696,0.08960317460317464,0.8659151785714323,0.002306805074971165,0.6366628131021214
20,0.1,3000,0.3,857,0.45176470588235296,0.9513333333333333,0.2663388545353165,0.13483164983164958,0.8123300970873822,0.004667444574095682,0.5442672919109031
20,0.1,3000,0.3,850,0.4976470588235294,0.9560000000000002,0.2701900975281398,0.2013620071684591,0.8188437500000036,0.0058823529411764705,0.5224694280078923
20,0.1,3000,0.3,815,0.5176470588235295,0.9840000000000001,0.31279394180869474,0.11696832579185493,0.8395572916666688,0.0049079754601227,0.56616522811344
20,0.1,3000,0.3,858,0.47058823529411764,0.9626666666666666,0.3071946841792627,0.15958974358974368,0.8537866666666702,0.004662004662004662,0.5549687743950066
20,0.1,3000,0.3,857,0.46588235294117647,0.9833333333333335,0.3143864697295957,0.12329113924050618,0.8485639686684087,0.004667444574095682,0.5497499023055884
20,0.1,3000,0.3,851,0.5070588235294118,0.9466666666666667,0.2667225599824175,0.1735802469135801,0.8321264367816127,0.0035252643948296123,0.5776336477987439
20,0.1,3000,0.5,849,0.4988235294117647,0.8880000000000003,0.16181181880293452,0,0.8260770975056727,0,0.6905889281507648
20,0.1,3000,0.5,874,0.46941176470588236,0.8879999999999999,0.18102440141463652,0,0.8492949907235632,0,0.7172959572845171
20,0.1,3000,0.5,849,0.4764705882352941,0.8873333333333331,0.16994315582496222,0,0.8513451776649764,0,0.6801531213191997
20,0.1,3000,0.5,844,0.4823529411764706,0.8866666666666667,0.1843759690063689,0,0.8456652360515052,0,0.6939968404423407
20,0.1,3000,0.5,862,0.48470588235294115,0.8880000000000001,0.17423758259612976,0,0.8525964010282814,0,0.6737819025522037
20,0.1,3000,0.5,833,0.4858823529411765,0.8913333333333333,0.17449248665003525,0,0.8578571428571463,0,0.751508603441377
20,0.1,3000,0.5,880,0.48705882352941177,0.8873333333333335,0.17415848192955435,0,0.8343703703703743,0,0.6686628787878803
20,0.1,3000,0.5,891,0.48705882352941177,0.8819999999999999,0.16562321263347674,0,0.8353653444676459,0,0.697890011223345
20,0.1,3000,0.5,913,0.4505882352941176,0.88,0.15981142493978587,0,0.8387128712871305,0,0.6345271997079233
20,0.1,3000,0.7,876,0.4470588235294118,0.8873333333333333,0.17845311139508602,0,0.849249448123624,0,0.6925875190258755
20,0.1,3000,0.5,817,0.5094117647058823,0.8933333333333333,0.16011463759784553,0,0.8268783068783107,0,0.663447572419424
20,0.1,3000,0.7,881,0.49529411764705883,0.8853333333333334,0.1799068149536077,0,0.8577021276595765,0,0.7018426031025368
20,0.1,3000,0.7,844,0.4588235294117647,0.8886666666666667,0.15922990563458697,0,0.8206550218340644,0,0.6886295418641394
20,0.1,3000,0.7,851,0.5023529411764706,0.8866666666666665,0.1653741507153223,0,0.8397683397683446,0,0.7149627888758345
20,0.1,3000,0.7,844,0.48823529411764705,0.8873333333333335,0.17646525951558023,0,0.8418362282878437,0,0.6752330173775697
20,0.1,3000,0.7,857,0.4823529411764706,0.8873333333333335,0.16443055313900604,0,0.8367266187050417,0,0.7277479579929994
20,0.1,3000,0.7,822,0.4811764705882353,0.8933333333333331,0.1656221394918158,0,0.8348994974874414,0,0.6792457420924608
20,0.1,3000,0.7,868,0.4764705882352941,0.8853333333333334,0.16048492134032769,0,0.8469383259911929,0,0.7064592933947785
20,0.1,3000,0.7,817,0.4776470588235294,0.8940000000000001,0.16266453215744298,0,0.8387905604719786,0,0.6559771521827842
20,0.1,4000,0.1,844,0.46705882352941175,0.9613333333333335,0.1823531635301331,0.3205069124423961,0.7587636363636375,0.002369668246445498,0.5421179730799673
20,0.1,4000,0.1,852,0.4447058823529412,0.9753333333333336,0.2001884191830949,0.3069874476987451,0.7677415852334437,0.0035211267605633804,0.5557714958775017
20,0.1,3000,0.7,809,0.5129411764705882,0.8946666666666666,0.16279178724440058,0,0.8307547169811347,0,0.6632797692624638
20,0.1,4000,0.1,863,0.4682352941176471,0.9486666666666668,0.19709600204899655,0.2688343558282208,0.7621942110177397,0.0034762456546929316,0.5717248062015499
20,0.1,4000,0.1,850,0.5011764705882353,0.9280000000000003,0.1906400369164247,0.3224500000000001,0.7483703703703689,0.002352941176470588,0.5772995283018836
20,0.1,4000,0.1,881,0.45294117647058824,0.9500000000000002,0.1730901074672647,0.2957591623036651,0.723743257820929,0.00340522133938706,0.5544039483674996
20,0.1,4000,0.1,848,0.4835294117647059,0.9466666666666667,0.18430239845779012,0.30347593582887716,0.752182795698925,0.003537735849056604,0.5512149901380659
20,0.1,4000,0.1,875,0.4647058823529412,0.9559999999999996,0.19704591670104696,0.2919072164948454,0.7534823529411749,0.0034285714285714284,0.5903019877675834
20,0.1,4000,0.1,858,0.4823529411764706,0.9613333333333335,0.19006801508283072,0.28563829787234046,0.7733920187793433,0.0034965034965034965,0.5546237816764121
20,0.1,4000,0.1,854,0.5011764705882353,0.950666666666667,0.1824007035730366,0.3144791666666664,0.7785922974767598,0.00234192037470726,0.5410367762128322
20,0.1,4000,0.1,858,0.4411764705882353,0.948,0.2065323611716601,0.30382653061224485,0.7617323327079368,0.0034965034965034965,0.6182144249512636
20,0.1,4000,0.3,848,0.4823529411764706,0.9380000000000002,0.2663717516795352,0.13767295597484264,0.8351951951951981,0.003537735849056604,0.573171597633138
20,0.1,4000,0.3,891,0.4647058823529412,0.9326666666666668,0.24882673044749418,0.19159277504105104,0.8137168141592961,0.003367003367003367,0.5579767267267292
20,0.1,4000,0.3,894,0.48823529411764705,0.974,0.2795873579449328,0.1668547544409616,0.854322033898306,0.006711409395973154,0.4771208708708724
20,0.1,4000,0.3,861,0.46588235294117647,0.9586666666666668,0.27085140144822456,0.13459595959595935,0.8353198653198679,0.004645760743321719,0.5512602100350091
20,0.1,4000,0.3,854,0.45529411764705885,0.9800000000000002,0.2771308964533953,0.16242782152230975,0.8216376306620232,0.00468384074941452,0.5240078431372561
20,0.1,4000,0.3,833,0.48823529411764705,0.9653333333333336,0.28893336194964203,0.1476543209876543,0.8300000000000023,0.004801920768307323,0.5247607559308424
20,0.1,4000,0.3,868,0.4811764705882353,0.9646666666666665,0.2907486545111495,0.13715384615384593,0.8421722846441967,0.004608294930875576,0.5156172839506186
20,0.1,4000,0.3,901,0.47411764705882353,0.9640000000000003,0.2904732274717297,0.12978609625668433,0.852590090090093,0.003329633740288568,0.6019227913882726
20,0.1,4000,0.3,890,0.44823529411764707,0.9720000000000001,0.25807594669663325,0.14894339622641514,0.813937823834198,0.0056179775280898875,0.48813559322033867
20,0.1,4000,0.3,906,0.45176470588235296,0.9786666666666666,0.2879849270467256,0.1465282583621686,0.8385263157894756,0.005518763796909493,0.5077839437661871
20,0.1,4000,0.5,849,0.5035294117647059,0.8866666666666667,0.1600788221639904,0,0.8398671096345536,0,0.6425284648606227
20,0.1,4000,0.5,898,0.4964705882352941,0.88,0.16447023594244953,0,0.8384596577017149,0,0.6712360801781746
20,0.1,4000,0.5,848,0.4976470588235294,0.8873333333333335,0.15973557163918084,0,0.8376086956521779,0,0.6870636792452844
20,0.1,4000,0.5,880,0.4717647058823529,0.8873333333333333,0.17820489960912825,0,0.8391750000000033,0,0.6643181818181841
20,0.1,4000,0.5,840,0.46352941176470586,0.8873333333333333,0.15364163369146677,0,0.8166578249336913,0,0.6669642857142872
20,0.1,4000,0.5,868,0.46705882352941175,0.8866666666666667,0.1754764786841517,0,0.8608968609865504,0,0.6984792626728124
20,0.1,4000,0.5,834,0.4858823529411765,0.8886666666666667,0.16409573977421538,0,0.8284099616858278,0,0.7122821742605929
20,0.1,4000,0.5,863,0.5047058823529412,0.8880000000000001,0.18349482278110385,0,0.8615649867374029,0,0.6687871765160317
20,0.1,4000,0.5,837,0.45529411764705885,0.89,0.17506115354847177,0,0.845555555555559,0,0.6876463560334527
20,0.1,4000,0.5,860,0.5023529411764706,0.8866666666666665,0.16541135741615592,0,0.8413483146067445,0,0.6587015503875979
20,0.1,4000,0.7,837,0.48823529411764705,0.8906666666666668,0.1820232025417465,0,0.8625063938618951,0,0.680649143767425
20,0.1,4000,0.7,862,0.4647058823529412,0.8873333333333335,0.16879060863244819,0,0.8434400000000037,0,0.661747873163188
20,0.1,4000,0.7,845,0.5035294117647059,0.8873333333333333,0.14948407701031943,0,0.826897590361447,0,0.6543944773175566
20,0.1,4000,0.7,863,0.4541176470588235,0.8866666666666668,0.1678765544940692,0,0.8379418344519045,0,0.6882541521823103
20,0.1,4000,0.7,898,0.4717647058823529,0.8813333333333333,0.17282048311951242,0,0.838594164456237,0,0.6519413511507075
20,0.1,4000,0.7,859,0.4611764705882353,0.8873333333333333,0.1618251333464635,0,0.8451388888888931,0,0.747978269305394
20,0.1,4000,0.7,888,0.46352941176470586,0.8846666666666669,0.1735797417786867,0,0.8417898832684853,0,0.7079466966966983
20,0.1,4000,0.7,847,0.4811764705882353,0.8873333333333333,0.1620325142854876,0,0.8247790055248655,0,0.6541322314049629
20,0.1,4000,0.7,866,0.47411764705882353,0.886666666666667,0.16058969457251068,0,0.8263421052631597,0,0.6644572748267907
20,0.1,4000,0.7,833,0.48,0.8900000000000002,0.1677145340148379,0,0.8432311320754758,0,0.6893997599039631
20,0.1,5000,0.1,860,0.4811764705882353,0.9666666666666669,0.17382887799164146,0.29607476635513996,0.7166785714285725,0.0034883720930232558,0.539004278490858
20,0.1,5000,0.1,867,0.46941176470588236,0.9573333333333333,0.19574458746472942,0.28979899497487455,0.7671001031991744,0.0034602076124567475,0.563796296296295
20,0.1,5000,0.1,848,0.46941176470588236,0.9460000000000002,0.1635459199997421,0.346111111111111,0.7439888423988845,0.003537735849056604,0.5255226824457597
20,0.1,5000,0.1,860,0.46352941176470586,0.9626666666666669,0.17876494533686743,0.3522068965517249,0.7630013280212488,0.002325581395348837,0.5301554001553984
20,0.1,5000,0.1,868,0.4894117647058824,1.006666666666667,0.21420838634796716,0.33087962962962975,0.7669508196721317,0.00576036866359447,0.5079181151023529
20,0.1,5000,0.1,879,0.46941176470588236,0.9786666666666664,0.22747271651143178,0.2842857142857143,0.7880625000000012,0.005688282138794084,0.5371548436308132
20,0.1,5000,0.1,859,0.47294117647058825,0.9540000000000002,0.19049656249958288,0.32613168724279873,0.7476727909011368,0.0034924330616996507,0.5683566978193112
20,0.1,5000,0.1,821,0.5,0.9626666666666669,0.1911298225163395,0.31021352313167333,0.766769456681352,0.0048721071863581,0.5124071807425526
20,0.1,5000,0.1,873,0.4682352941176471,0.9573333333333335,0.20310013016603487,0.2660115606936415,0.7997874720357936,0.003436426116838488,0.5691111111111126
20,0.1,5000,0.1,845,0.4858823529411765,0.9840000000000001,0.1864273922641028,0.3244482758620689,0.7596194225721796,0.0035502958579881655,0.5230522565320654
20,0.1,5000,0.3,854,0.48470588235294115,0.9573333333333335,0.2827015031334093,0.10729885057471264,0.8399728260869608,0.00351288056206089,0.5910614962788907
20,0.1,5000,0.3,866,0.5023529411764706,0.986,0.2959827450251937,0.13640644361833942,0.8293181818181846,0.005773672055427252,0.5126403406891218
20,0.1,5000,0.3,872,0.49058823529411766,0.9513333333333333,0.26049786787278156,0.15755919854280478,0.8107614213198016,0.0034403669724770644,0.5820790180283884
20,0.1,5000,0.3,897,0.47294117647058825,0.9599999999999999,0.27447181909194796,0.1475462962962959,0.8381981981982018,0.004459308807134894,0.5505785740948125
20,0.1,5000,0.3,879,0.5105882352941177,0.9580000000000001,0.26037613483160055,0.16588075880758812,0.834401709401711,0.004550625711035267,0.5027504761904772
20,0.1,5000,0.3,909,0.4376470588235294,0.9713333333333335,0.29429422477699535,0.16815300546448128,0.8435692307692338,0.005500550055005501,0.5162794985250773
20,0.1,5000,0.3,916,0.4623529411764706,0.9633333333333335,0.2502076762530599,0.1704477611940297,0.7893625498007989,0.0054585152838427945,0.5001609952433247
20,0.1,5000,0.3,848,0.46588235294117647,0.9653333333333333,0.2896796777600199,0.13352380952380938,0.8417981072555233,0.0047169811320754715,0.5456477093206968
20,0.1,5000,0.3,867,0.4894117647058824,0.9600000000000002,0.2817439810843584,0.11096969696969707,0.8467142857142885,0.0034602076124567475,0.5746604938271624
20,0.1,5000,0.5,858,0.48,0.8866666666666667,0.1774188817128914,0,0.8610071942446088,0,0.7383566433566457
20,0.1,5000,0.3,848,0.5247058823529411,0.9860000000000002,0.31590384397219584,0.1625192519251928,0.8601197604790456,0.00589622641509434,0.5252708580466613
20,0.1,5000,0.5,863,0.5047058823529412,0.8866666666666667,0.16831830377094953,0,0.8406539509536806,0,0.6697721127848625
20,0.1,5000,0.5,863,0.48823529411764705,0.8866666666666665,0.1760292809968714,0,0.8470049504950518,0,0.6768366164542305
20,0.1,5000,0.5,870,0.4541176470588235,0.8873333333333333,0.1479991283369152,0,0.8223703703703746,0,0.6784865900383154
20,0.1,5000,0.5,862,0.47411764705882353,0.8873333333333333,0.16663626366835824,0,0.8210000000000028,0,0.6611252900232053
20,0.1,5000,0.5,851,0.4811764705882353,0.8866666666666668,0.17497430173353107,0,0.8574237288135618,0,0.7503133568350966
20,0.1,5000,0.5,824,0.48705882352941177,0.8933333333333333,0.15738405418111923,0,0.8133641975308661,0,0.6376051779935302
20,0.1,5000,0.5,873,0.47411764705882353,0.8873333333333335,0.17111293592226115,0,0.8356148491879384,0,0.6834516991218031
20,0.1,5000,0.5,808,0.5117647058823529,0.8933333333333333,0.15171201734709175,0,0.8233587786259544,0,0.6271204620462076
20,0.1,5000,0.7,825,0.49176470588235294,0.8900000000000002,0.15856030659664264,0,0.8383720930232591,0,0.6456161616161659
20,0.1,5000,0.5,861,0.5,0.8880000000000003,0.16510025405063222,0,0.8323181818181857,0,0.6907665505226463
20,0.1,5000,0.7,854,0.4976470588235294,0.8866666666666667,0.18091579043071546,0,0.8599489795918392,0,0.6743832943013296
20,0.1,5000,0.7,835,0.4823529411764706,0.8933333333333333,0.1616162159586337,0,0.8275398230088544,0,0.7309700598802401
20,0.1,5000,0.7,856,0.48470588235294115,0.8866666666666667,0.1774850943977229,0,0.8414379084967374,0,0.6936176012461078
20,0.1,5000,0.7,858,0.4894117647058824,0.8873333333333335,0.18450773783074273,0,0.8577872340425583,0,0.7014452214452227
20,0.1,5000,0.7,854,0.4858823529411765,0.8879999999999999,0.17090277844966048,0,0.8482352941176479,0,0.6644925839188148
20,0.1,5000,0.7,860,0.4647058823529412,0.8873333333333333,0.14744595110837652,0,0.8124281150159768,0,0.6425000000000022
20,0.1,5000,0.7,825,0.49176470588235294,0.8926666666666667,0.16944083035676838,0,0.8304366812227114,0,0.693494949494953
20,0.1,5000,0.7,861,0.48823529411764705,0.8866666666666667,0.1555698230910345,0,0.8306413301662733,0,0.6892334494773532
20,0.1,5000,0.7,876,0.48823529411764705,0.8826666666666669,0.1629461678602858,0,0.8283211678832147,0,0.6732191780821942
20,0.2,1000,0.1,839,0.49529411764705883,0.9506666666666664,0.1921797160316885,0.31164179104477596,0.7572903885480574,0.0023837902264600714,0.5608761449621644
20,0.2,1000,0.1,850,0.48705882352941177,0.9593333333333331,0.19695878441181305,0.2915720524017466,0.7667816091954027,0.0035294117647058825,0.5537308146399043
20,0.2,1000,0.1,855,0.48823529411764705,0.9893333333333334,0.19880845635028443,0.32146103896103956,0.739607843137256,0.004678362573099415,0.5308969839404593
20,0.2,1000,0.1,850,0.46,0.95,0.19015369321865339,0.30737113402061833,0.761696969696971,0.0035294117647058825,0.5731995277449816
20,0.2,1000,0.1,847,0.49529411764705883,0.9639999999999996,0.20220975462741855,0.29710659898477126,0.7960247747747735,0.0035419126328217238,0.5594510268562399
20,0.2,1000,0.1,857,0.48823529411764705,0.9699999999999999,0.20384638895867938,0.30908045977011517,0.8041563786008231,0.004667444574095682,0.5342399374755755
20,0.2,1000,0.1,847,0.5058823529411764,0.9773333333333337,0.20588259801871323,0.2953469387755102,0.775347467608952,0.004722550177095631,0.5502649268485587
20,0.2,1000,0.1,878,0.4776470588235294,0.9686666666666669,0.22495825064119765,0.29209219858156055,0.8037230769230774,0.004555808656036446,0.5549466056445461
20,0.2,1000,0.1,845,0.4894117647058824,0.9680000000000001,0.1746493524382561,0.29704081632653073,0.7621044546851005,0.0035502958579881655,0.5368527315914485
20,0.2,1000,0.3,863,0.4776470588235294,0.9573333333333335,0.2562563895353968,0.17835680751173727,0.8321111111111131,0.0034762456546929316,0.5339147286821727
20,0.2,1000,0.1,866,0.4647058823529412,0.9380000000000003,0.18359005227645234,0.3004255319148936,0.7630831315577074,0.0023094688221709007,0.603433641975307
20,0.2,1000,0.3,869,0.4623529411764706,0.9706666666666668,0.2810459436015753,0.13576537911301836,0.8373741007194264,0.004602991944764097,0.5191098265895973
20,0.2,1000,0.3,857,0.4858823529411765,0.9753333333333336,0.26386509407292774,0.17755974842767316,0.8186666666666697,0.004667444574095682,0.509382571316922
20,0.2,1000,0.3,857,0.4447058823529412,0.9673333333333335,0.2679533809770233,0.13331417624521066,0.8391104294478551,0.003500583430571762,0.5724160811865743
20,0.2,1000,0.3,834,0.47411764705882353,0.9673333333333332,0.2807308295859999,0.1815678524374178,0.8324610591900341,0.004796163069544364,0.5352931726907655
20,0.2,1000,0.3,865,0.4647058823529412,0.9773333333333333,0.311165705604306,0.141917631917632,0.8675370919881338,0.005780346820809248,0.540441860465118
20,0.2,1000,0.3,888,0.4447058823529412,0.9860000000000002,0.2966235621204109,0.13840686274509809,0.8233033033033077,0.00563063063063063,0.538520196300492
20,0.2,1000,0.3,885,0.4717647058823529,0.9586666666666666,0.2654107916120861,0.15896694214876042,0.8125333333333357,0.004519774011299435,0.5218766553159288
20,0.2,1000,0.3,804,0.49058823529411766,0.9726666666666666,0.28313283634044356,0.13786549707602322,0.8384074074074112,0.004975124378109453,0.5192624999999998
20,0.2,1000,0.5,851,0.4764705882352941,0.8873333333333333,0.17502182760690152,0,0.8416595744680879,0,0.6938934586760683
20,0.2,1000,0.3,854,0.5035294117647059,0.9346666666666666,0.24548973234526056,0.12824858757062155,0.8452050473186155,0.00234192037470726,0.5894444444444469
20,0.2,1000,0.5,860,0.49411764705882355,0.8879999999999999,0.1948319865488104,0,0.8641428571428608,0,0.7091356589147304
20,0.2,1000,0.5,861,0.48470588235294115,0.8879999999999999,0.1726869923943103,0,0.8525282167042939,0,0.6923809523809532
20,0.2,1000,0.5,863,0.528235294117647,0.8880000000000001,0.18358198077503102,0,0.8604376367614909,0,0.6963229045963705
20,0.2,1000,0.5,852,0.4776470588235294,0.8873333333333335,0.15076336768112208,0,0.8279680365296843,0,0.6945226917057895
20,0.2,1000,0.5,864,0.5011764705882353,0.8873333333333335,0.15785899450949054,0,0.8290775681341755,0,0.7020138888888906
20,0.2,1000,0.5,865,0.47294117647058825,0.8866666666666667,0.17543615276991392,0,0.844021164021168,0,0.6606974951830488
20,0.2,1000,0.5,864,0.48823529411764705,0.8859999999999999,0.1622831016828856,0,0.8212500000000026,0,0.6541512345679044
20,0.2,1000,0.5,862,0.4788235294117647,0.8866666666666667,0.1807906800975674,0,0.8540950226244375,0,0.6892962103634976
20,0.2,1000,0.7,858,0.4823529411764706,0.8880000000000001,0.16675920307656852,0,0.8291869918699242,0,0.696721056721058
20,0.2,1000,0.7,857,0.4576470588235294,0.8879999999999999,0.17145123275947083,0,0.8394747474747518,0,0.7054103461688067
20,0.2,1000,0.7,821,0.4929411764705882,0.8926666666666665,0.16521296608763172,0,0.8451752021563371,0,0.6743808363784018
20,0.2,1000,0.7,864,0.48470588235294115,0.8873333333333335,0.16256508619457755,0,0.8441600000000067,0,0.7196026234567913
20,0.2,1000,0.5,878,0.4764705882352941,0.8873333333333333,0.1742969963331203,0,0.8368848758465032,0,0.6813895216400917
20,0.2,1000,0.7,850,0.4752941176470588,0.8873333333333333,0.16432917410299727,0,0.8291826923076953,0,0.6798627450980401
20,0.2,1000,0.7,842,0.45529411764705885,0.8866666666666667,0.1530858336644606,0,0.831064638783273,0,0.6276761678543179
20,0.2,1000,0.7,859,0.44823529411764707,0.8866666666666668,0.16158736561473228,0,0.8427992277992331,0,0.7208808692277862
20,0.2,1000,0.7,865,0.48,0.8873333333333335,0.18006106908455122,0,0.8605654761904785,0,0.650046242774568
20,0.2,1000,0.7,864,0.4764705882352941,0.8879999999999999,0.1708791163023901,0,0.8357605985037447,0,0.6656751543209898
20,0.2,1000,0.7,888,0.4611764705882353,0.8866666666666667,0.1588711973986703,0,0.8323913043478282,0,0.6766141141141157
20,0.2,20000,0.1,877,0.46352941176470586,0.9573333333333333,0.19133530662842752,0.34174731182795676,0.7544704570791528,0.004561003420752566,0.5166819396716301
20,0.2,20000,0.1,866,0.45529411764705885,0.9506666666666668,0.1628425449934443,0.3119018404907974,0.7406130268199239,0.0023094688221709007,0.555686728395061
20,0.2,20000,0.1,864,0.5223529411764706,0.968,0.183089793510454,0.33418502202643136,0.7572877846790893,0.0023148148148148147,0.5587200309358066
20,0.2,20000,0.1,890,0.4894117647058824,0.9673333333333332,0.19626423989842115,0.30557851239669404,0.7536552440290772,0.0044943820224719105,0.5615425131677942
20,0.2,20000,0.1,871,0.4976470588235294,0.9193333333333333,0.16050018869050078,0.323214285714286,0.7468876080691648,0.001148105625717566,0.5896781609195395
20,0.2,20000,0.1,899,0.44588235294117645,0.9426666666666665,0.18137267056001735,0.3213364055299544,0.74951595159516,0.002224694104560623,0.5523448532144164
20,0.2,20000,0.1,856,0.49176470588235294,0.9406666666666667,0.16866861721030837,0.3306222222222226,0.753318840579711,0.002336448598130841,0.5304176424668219
20,0.2,20000,0.1,870,0.4788235294117647,0.9686666666666666,0.21444178930471136,0.28284482758620694,0.790382678751259,0.004597701149425287,0.5584026173979969
20,0.2,20000,0.1,860,0.4576470588235294,0.9586666666666668,0.18588023650707067,0.35354166666666753,0.7475107665805334,0.002325581395348837,0.5722921522921497
20,0.2,20000,0.1,848,0.49529411764705883,0.9519999999999998,0.18447313849643746,0.32662222222222254,0.7419783197831982,0.003537735849056604,0.5707731755424044
20,0.2,20000,0.3,856,0.4811764705882353,0.9353333333333328,0.2677799950718619,0.14372294372294367,0.8375328083989542,0.0035046728971962616,0.5898710433763212
20,0.2,20000,0.3,907,0.47411764705882353,0.9359999999999998,0.2649019883743723,0.1378252032520325,0.8317435897435935,0.0033076074972436605,0.5966261061946916
20,0.2,20000,0.3,852,0.4811764705882353,0.9693333333333334,0.2822074665593856,0.13236601307189516,0.8460416666666684,0.005868544600938967,0.49678866587957676
20,0.2,20000,0.3,876,0.4423529411764706,0.971333333333333,0.3042751411153686,0.13907335907335905,0.8269543147208162,0.005707762557077625,0.5475966322234992
20,0.2,20000,0.3,829,0.48470588235294115,0.944,0.2576002352889603,0.12209150326797388,0.8201644736842141,0.0024125452352231603,0.5681056025796064
20,0.2,20000,0.3,868,0.4576470588235294,0.9326666666666668,0.2662881154226165,0.10791932059447994,0.8194277929155334,0.0034562211981566822,0.5779344894026986
20,0.2,20000,0.3,832,0.47294117647058825,0.9720000000000001,0.2883040986782868,0.15965517241379298,0.8340575079872227,0.006009615384615385,0.524574768238616
20,0.2,20000,0.3,856,0.4647058823529412,0.9293333333333336,0.2495670902393712,0.10011695906432755,0.8349529780564288,0.002336448598130841,0.5884660421545678
20,0.2,20000,0.3,821,0.47411764705882353,0.9986666666666669,0.3096650407407608,0.1667613636363643,0.8370629370629388,0.007308160779537149,0.48278527607361926
20,0.2,20000,0.3,849,0.48470588235294115,0.9480000000000003,0.2772370440761417,0.14037634408602134,0.8296825396825445,0.0035335689045936395,0.5785539795114284
20,0.2,20000,0.5,839,0.46,0.8879999999999999,0.17795381299870544,0,0.8437525354969594,0,0.708406833531986
20,0.2,20000,0.5,889,0.45294117647058824,0.8833333333333337,0.15708574793180413,0,0.8307952622673482,0,0.7326396700412453
20,0.2,20000,0.5,867,0.4835294117647059,0.8873333333333335,0.14072842308918862,0,0.8099803536345825,0,0.7082276047673964
20,0.2,20000,0.5,864,0.48,0.8866666666666667,0.17346831061146054,0,0.8409618874773179,0,0.7223302469135829
20,0.2,20000,0.5,850,0.4576470588235294,0.8873333333333335,0.1943078291277379,0,0.8701907356948239,0,0.6622745098039237
20,0.2,20000,0.5,867,0.4647058823529412,0.8873333333333331,0.1767145300655904,0,0.8482926829268324,0,0.6732372164552111
20,0.2,20000,0.5,845,0.4776470588235294,0.8866666666666668,0.18979635908877301,0,0.8528605769230795,0,0.6761814595660767
20,0.2,20000,0.5,859,0.4858823529411765,0.8873333333333331,0.16862299331277522,0,0.8320901639344284,0,0.7023981373690336
20,0.2,20000,0.5,836,0.4976470588235294,0.8886666666666666,0.15561447529351483,0,0.8222222222222252,0,0.6902232854864437
20,0.2,20000,0.5,845,0.4894117647058824,0.8873333333333333,0.16467819212424403,0,0.8259895833333356,0,0.6647416173570039
20,0.2,20000,0.7,838,0.4776470588235294,0.8879999999999999,0.18601285490744615,0,0.8496786389414024,0,0.7217541766109813
20,0.2,20000,0.7,813,0.5176470588235295,0.8926666666666667,0.17450704586533874,0,0.8417346938775548,0,0.6778474784747873
20,0.2,20000,0.7,852,0.48823529411764705,0.8873333333333335,0.1601801941726857,0,0.8232307692307724,0,0.6892762128325537
20,0.2,20000,0.7,822,0.48470588235294115,0.894,0.17637411151696542,0,0.8472178477690312,0,0.6693998377940006
20,0.2,20000,0.7,875,0.47294117647058825,0.8853333333333334,0.15286003790433655,0,0.8347184986595202,0,0.6750438095238113
20,0.2,20000,0.7,857,0.4682352941176471,0.8866666666666665,0.14826607939325234,0,0.7997250000000028,0,0.6570400622325985
20,0.2,20000,0.7,865,0.4682352941176471,0.8866666666666667,0.16993947818872557,0,0.8331637168141612,0,0.6849710982658977
20,0.2,20000,0.7,846,0.5176470588235295,0.8879999999999999,0.17731507961411286,0,0.8412629399585944,0,0.6956382978723423
20,0.2,20000,0.7,875,0.4647058823529412,0.8886666666666667,0.16252772054935394,0,0.8344973544973587,0,0.6591009523809532
20,0.2,20000,0.7,857,0.47058823529411764,0.8873333333333333,0.1785270437048607,0,0.863914656771803,0,0.735464799688838
20,0.2,3000,0.1,872,0.46705882352941175,0.9386666666666668,0.17554597370835542,0.32903225806451625,0.7619546247818495,0.0022935779816513763,0.5920536398467406
20,0.2,3000,0.1,881,0.46705882352941175,0.9699999999999999,0.1997070440001144,0.29875502008032156,0.7573863636363645,0.00340522133938706,0.5572665148063766
20,0.2,3000,0.1,838,0.48705882352941177,0.9506666666666662,0.20968861747709527,0.29173076923076907,0.7635549872122739,0.003579952267303103,0.5761756487025919
20,0.2,3000,0.1,871,0.47058823529411764,0.9566666666666669,0.1989931517506541,0.2939819004524885,0.749063063063061,0.003444316877152698,0.564731182795697
20,0.2,3000,0.1,877,0.49058823529411766,0.9739999999999998,0.19528610379298542,0.28818565400843876,0.7598809523809533,0.004561003420752566,0.5410805651011819
20,0.2,3000,0.1,876,0.4576470588235294,0.9419999999999997,0.17045555995266562,0.32594405594405607,0.7499830795262253,0.00228310502283105,0.5923188405797079
20,0.2,3000,0.1,847,0.47411764705882353,0.9600000000000002,0.19940814217275005,0.2959708737864079,0.7669055036344758,0.0035419126328217238,0.556899684044232
20,0.2,3000,0.1,885,0.45647058823529413,0.9573333333333331,0.20019913205305295,0.30204651162790663,0.7813768115942031,0.003389830508474576,0.5570068027210884
20,0.2,3000,0.1,825,0.4835294117647059,0.9520000000000001,0.19922655185980684,0.30500000000000005,0.7688562091503258,0.0024242424242424242,0.5910814094775215
20,0.2,3000,0.1,850,0.4788235294117647,0.9573333333333335,0.1998667537568297,0.2717222222222222,0.7663134057971008,0.0035294117647058825,0.5931798504525752
20,0.2,3000,0.3,858,0.4541176470588235,0.9493333333333331,0.3161464743536258,0.12512481644640217,0.8633175355450265,0.004662004662004662,0.5822482435597184
20,0.2,3000,0.3,854,0.46941176470588236,0.9566666666666667,0.2681008791979154,0.1278010471204187,0.8290102389078521,0.00351288056206089,0.5459106933019995
20,0.2,3000,0.3,849,0.4623529411764706,0.9693333333333336,0.27192530248676844,0.14394216133942125,0.869575471698113,0.004711425206124852,0.5153412228796843
20,0.2,3000,0.3,803,0.5,0.9613333333333335,0.26435158192310515,0.13269938650306742,0.8190828402366896,0.0037359900373599006,0.5726000000000021
20,0.2,3000,0.3,882,0.49411764705882355,0.9379999999999997,0.26519739287108535,0.16048333333333306,0.8395409836065609,0.003401360544217687,0.5516116799393271
20,0.2,3000,0.3,885,0.4858823529411765,0.9546666666666664,0.3029398114963723,0.16230468750000002,0.8862848297213664,0.005649717514124294,0.5393333333333356
20,0.2,3000,0.3,888,0.46588235294117647,0.9773333333333337,0.29076805560661806,0.13171761280931563,0.8248684210526348,0.0045045045045045045,0.5490007541478155
20,0.2,3000,0.3,875,0.4505882352941176,0.966666666666667,0.2724153270767882,0.1447908232118758,0.8433913043478276,0.004571428571428572,0.5082969766551871
20,0.2,3000,0.3,832,0.5035294117647059,0.9753333333333334,0.26019623342990744,0.17677944862155398,0.7937358490566061,0.006009615384615385,0.5021322047561487
20,0.2,3000,0.3,867,0.4835294117647059,0.9500000000000002,0.27494019077094456,0.13552845528455265,0.8379545454545476,0.00461361014994233,0.5492120509849383
20,0.2,3000,0.5,862,0.4894117647058824,0.8866666666666667,0.18013577489032492,0,0.8525396825396834,0,0.6674361948955934
20,0.2,3000,0.5,886,0.4929411764705882,0.8826666666666667,0.1889693187112754,0,0.8698924731182828,0,0.6999849510910486
20,0.2,3000,0.5,882,0.46352941176470586,0.8873333333333333,0.1772723376776363,0,0.8387081339712961,0,0.6702116402116433
20,0.2,3000,0.5,869,0.47411764705882353,0.8866666666666667,0.15452237488509188,0,0.8197772277227761,0,0.6714652857690852
20,0.2,3000,0.5,866,0.48823529411764705,0.8866666666666668,0.1621712482704348,0,0.8329642857142899,0,0.7253464203233249
20,0.2,3000,0.5,873,0.48470588235294115,0.8873333333333335,0.15338499562523256,0,0.8247330097087417,0,0.6761206567392147
20,0.2,3000,0.5,868,0.4835294117647059,0.8866666666666663,0.19668509996599168,0,0.8656808510638311,0,0.6996044546851011
20,0.2,3000,0.5,887,0.49529411764705883,0.8826666666666667,0.15575028455476533,0,0.8371698113207584,0,0.7233145434047343
20,0.2,3000,0.5,848,0.49411764705882355,0.8873333333333335,0.16777759881730162,0,0.835040000000003,0,0.6661281446540881
20,0.2,3000,0.7,847,0.4717647058823529,0.8873333333333335,0.17429675716770798,0,0.8509027777777817,0,0.6941637150728077
20,0.2,3000,0.5,872,0.4541176470588235,0.8866666666666667,0.1813617977895681,0,0.8597964376590344,0,0.6730772171253844
20,0.2,3000,0.7,847,0.4823529411764706,0.8866666666666667,0.15697386867375315,0,0.8241040462427796,0,0.7164738292011043
20,0.2,3000,0.7,873,0.45647058823529413,0.8866666666666667,0.17084002823528532,0,0.8570023419203779,0,0.6964719358533804
20,0.2,3000,0.7,864,0.49176470588235294,0.8866666666666667,0.1573278123881298,0,0.8258132530120494,0,0.6477893518518539
20,0.2,3000,0.7,864,0.5105882352941177,0.8886666666666664,0.16451078489496312,0,0.8434490740740769,0,0.6928163580246931
20,0.2,3000,0.7,878,0.4717647058823529,0.8880000000000001,0.16100443030703926,0,0.8384251968503967,0,0.7145178435839032
20,0.2,3000,0.7,882,0.48470588235294115,0.8846666666666666,0.15595288228843554,0,0.8392682926829305,0,0.6366742252456564
20,0.2,3000,0.7,846,0.4811764705882353,0.8873333333333333,0.16236250172361766,0,0.8480281690140894,0,0.7413593380614673
20,0.2,3000,0.7,829,0.4929411764705882,0.8933333333333335,0.17561908931739492,0,0.8325822784810153,0,0.6644028950542837
20,0.2,4000,0.1,866,0.46941176470588236,0.9966666666666668,0.1904601803407526,0.3178205128205131,0.7519027777777786,0.005773672055427252,0.5172435152922957
20,0.2,4000,0.1,865,0.4623529411764706,0.9673333333333332,0.18614564737476938,0.2974883720930233,0.7428859060402696,0.004624277456647399,0.5455749128919845
20,0.2,3000,0.7,869,0.4964705882352941,0.8866666666666667,0.1856526294443847,0,0.8617032967033004,0,0.728922132719602
20,0.2,4000,0.1,860,0.48,0.9459999999999998,0.1758645918894845,0.3202816901408451,0.7408418657565424,0.002325581395348837,0.552156177156176
20,0.2,4000,0.1,863,0.4717647058823529,0.9940000000000001,0.2106651631247745,0.3252710843373502,0.7663333333333341,0.0034762456546929316,0.528755813953488
20,0.2,4000,0.1,812,0.5058823529411764,0.948,0.16310217866673993,0.30534090909090916,0.7342182890855471,0.0024630541871921183,0.5366460905349782
20,0.2,4000,0.1,838,0.5105882352941177,0.9426666666666663,0.17957326616409533,0.2837410071942445,0.7374074074074051,0.002386634844868735,0.5923205741626771
20,0.2,4000,0.1,828,0.5011764705882353,0.9466666666666664,0.1805876838970477,0.33601769911504425,0.7554564755838636,0.0036231884057971015,0.5506101010100989
20,0.2,4000,0.1,866,0.49411764705882355,0.9293333333333333,0.18637309165992844,0.30109375000000005,0.7666953405017897,0.0023094688221709007,0.6153935185185171
20,0.2,4000,0.1,863,0.49411764705882355,0.9393333333333331,0.18112754048864274,0.2900719424460431,0.7631104921077059,0.002317497103128621,0.5903174603174565
20,0.2,4000,0.1,868,0.4858823529411765,0.936,0.18864162620678623,0.2926174496644296,0.7666584564860421,0.002304147465437788,0.5954888375673592
20,0.2,4000,0.3,822,0.4858823529411765,0.9846666666666668,0.2834768228511714,0.13148427672955976,0.8238864628820958,0.006082725060827251,0.4888453692370455
20,0.2,4000,0.3,855,0.49176470588235294,0.9573333333333333,0.28755092600983856,0.16673758865248245,0.8479154078549865,0.004678362573099415,0.5532471602036829
20,0.2,4000,0.3,854,0.4835294117647059,0.9560000000000001,0.2831702716261029,0.14004662004662,0.9025705329153622,0.00234192037470726,0.6011189358372461
20,0.2,4000,0.3,895,0.48705882352941177,0.9306666666666664,0.24092694333251718,0.1409669211195929,0.8059478672985834,0.0022346368715083797,0.6065658827920889
20,0.2,4000,0.3,872,0.508235294117647,0.9406666666666667,0.25665581669953424,0.09661333333333345,0.8257486631016091,0.0022935779816513763,0.5996321839080486
20,0.2,4000,0.3,855,0.48470588235294115,0.9606666666666667,0.29561727414821487,0.14768678160919527,0.8330769230769248,0.004678362573099415,0.55409714061888
20,0.2,4000,0.3,854,0.4835294117647059,0.9606666666666668,0.2996527842287182,0.1559200000000001,0.8553254437869858,0.00468384074941452,0.5422901960784339
20,0.2,4000,0.3,869,0.4988235294117647,0.9693333333333334,0.27188188188114853,0.19232914923291508,0.8237466307277675,0.004602991944764097,0.5586897880539528
20,0.2,4000,0.3,860,0.4764705882352941,0.9493333333333331,0.25014513987469256,0.1534451901565995,0.8217127071823241,0.002325581395348837,0.5934965034965061
20,0.2,4000,0.3,855,0.4588235294117647,0.958,0.27409816183999397,0.1380180180180179,0.8147784810126617,0.004678362573099415,0.5390638464551518
20,0.2,4000,0.5,897,0.4576470588235294,0.8840000000000001,0.1654911448813083,0,0.8419036697247744,0,0.6851021924934994
20,0.2,4000,0.5,888,0.48,0.8826666666666667,0.16475778514495687,0,0.8465909090909122,0,0.7411861861861877
20,0.2,4000,0.5,852,0.47294117647058825,0.8866666666666667,0.16649171082827793,0,0.8354751131221745,0,0.688462441314556
20,0.2,4000,0.5,851,0.5152941176470588,0.8866666666666667,0.18515453663826764,0,0.8583984375000031,0,0.7189189189189198
20,0.2,4000,0.5,834,0.4858823529411765,0.8926666666666667,0.18311617795334112,0,0.8575979112271561,0,0.6673860911270996
20,0.2,4000,0.5,869,0.4752941176470588,0.8866666666666667,0.17067054743133073,0,0.835214285714287,0,0.6743229766014586
20,0.2,4000,0.5,845,0.4811764705882353,0.8866666666666668,0.1721301160165803,0,0.851550094517962,0,0.7304457593688359
20,0.2,4000,0.5,861,0.49058823529411766,0.8880000000000003,0.15707797605941934,0,0.8298697916666705,0,0.6696438250096799
20,0.2,4000,0.5,842,0.5023529411764706,0.8880000000000001,0.18382862719215085,0,0.8628539823008871,0,0.7046951702296138
20,0.2,4000,0.5,886,0.44823529411764707,0.8820000000000002,0.18255656023775368,0,0.8454751131221755,0,0.6774228743416132
20,0.2,4000,0.7,873,0.4576470588235294,0.8879999999999999,0.19098044426076294,0,0.865088967971535,0,0.7361702940053468
20,0.2,4000,0.7,852,0.49176470588235294,0.8879999999999999,0.1657763361048573,0,0.8220844327176805,0,0.6547104851330233
20,0.2,4000,0.7,834,0.46588235294117647,0.8879999999999999,0.16338411123201776,0,0.8309936575052882,0,0.7040087929656291
20,0.2,4000,0.7,855,0.48470588235294115,0.8866666666666667,0.15995440118974258,0,0.8276739130434826,0,0.6918674463937634
20,0.2,4000,0.7,866,0.4788235294117647,0.8873333333333335,0.15641297289104286,0,0.827146529562985,0,0.6751039260969985
20,0.2,4000,0.7,831,0.46,0.8940000000000001,0.1720240939487163,0,0.8486455331412123,0,0.6611271560369056
20,0.2,4000,0.7,886,0.46352941176470586,0.8840000000000001,0.18768026178317776,0,0.8640045248868811,0,0.6886380737396544
20,0.2,4000,0.7,896,0.4329411764705882,0.8853333333333332,0.1601453426008364,0,0.8189361702127692,0,0.6552715773809534
20,0.2,4000,0.7,857,0.4964705882352941,0.8873333333333333,0.17466338205874335,0,0.8345161290322617,0,0.7011824192921065
20,0.2,4000,0.7,848,0.4717647058823529,0.8866666666666668,0.17432689481628996,0,0.8498144329896935,0,0.7131525157232717
20,0.2,5000,0.1,922,0.48470588235294115,0.9226666666666667,0.19880826849880598,0.3218085106382976,0.7924218749999987,0.0021691973969631237,0.5877753623188399
20,0.2,5000,0.1,838,0.4964705882352941,0.9660000000000001,0.1924622435562628,0.30133928571428564,0.7524586288416083,0.003579952267303103,0.5436766467065849
20,0.2,5000,0.1,889,0.4470588235294118,0.9706666666666667,0.20210735866838858,0.3034246575342471,0.7467400419287231,0.0044994375703037125,0.5384632768361567
20,0.2,5000,0.1,864,0.4823529411764706,0.9526666666666666,0.15188121963389592,0.3349038461538458,0.7073308270676707,0.0023148148148148147,0.5311910286156206
20,0.2,5000,0.1,851,0.4611764705882353,0.9446666666666665,0.18635951433429182,0.32907849829351626,0.7515191740412991,0.0035252643948296123,0.5192059748427668
20,0.2,5000,0.1,844,0.5070588235294118,0.9859999999999999,0.2068514399976883,0.30896551724137966,0.8005989583333328,0.0035545023696682463,0.541038446294096
20,0.2,5000,0.1,851,0.48,0.9699999999999999,0.21412781374439854,0.30556485355648516,0.8053421633554092,0.0035252643948296123,0.5547838050314465
20,0.2,5000,0.1,860,0.4776470588235294,0.9653333333333336,0.16753148844253252,0.32063241106719426,0.7136067708333333,0.0034883720930232558,0.5250097238428629
20,0.2,5000,0.1,865,0.4811764705882353,0.9713333333333328,0.1946370892744974,0.3047058823529411,0.755870307167236,0.003468208092485549,0.5421693735498815
20,0.2,5000,0.1,887,0.49058823529411766,0.948,0.2074401039663342,0.3012280701754382,0.7676754385964901,0.0033821871476888386,0.5725904977375564
20,0.2,5000,0.3,898,0.47294117647058825,0.9366666666666666,0.27977692396036197,0.1299111111111111,0.8680871670702218,0.0033407572383073497,0.614420856610803
20,0.2,5000,0.3,867,0.4588235294117647,0.938,0.2582632239931531,0.12465116279069774,0.8356973995271909,0.002306805074971165,0.6136184971098293
20,0.2,5000,0.3,870,0.4823529411764706,1.0040000000000004,0.3208599113176598,0.13177852348993285,0.8533144475920721,0.006896551724137931,0.5244753086419777
20,0.2,5000,0.3,862,0.4752941176470588,0.9646666666666665,0.2810881154775942,0.1487272727272726,0.8242450142450183,0.004640371229698376,0.5508585858585883
20,0.2,5000,0.3,853,0.4823529411764706,0.938,0.24836668628210662,0.16268760907504368,0.8210526315789474,0.0035169988276670576,0.5263450980392177
20,0.2,5000,0.3,877,0.4964705882352941,0.9399999999999996,0.26945369816948705,0.17181318681318675,0.8479945799458023,0.0034207525655644243,0.5861632341723895
20,0.2,5000,0.3,852,0.44941176470588234,0.9640000000000003,0.2901224162333788,0.18273584905660384,0.8399585921325088,0.0035211267605633804,0.6143109540636061
20,0.2,5000,0.3,899,0.4788235294117647,0.9640000000000002,0.28321825826015556,0.17263030303030294,0.8378353658536606,0.0055617352614015575,0.5314354958985842
20,0.2,5000,0.3,862,0.4682352941176471,0.9646666666666668,0.27376142377198864,0.130095693779904,0.857085201793723,0.0034802784222737818,0.5270003880481194
20,0.2,5000,0.5,866,0.508235294117647,0.8866666666666668,0.18675378734514395,0,0.8644638949671813,0,0.7000654349499642
20,0.2,5000,0.3,888,0.47411764705882353,0.9566666666666669,0.2602582229779074,0.20165484633569744,0.815394736842108,0.00563063063063063,0.5140052850132142
20,0.2,5000,0.5,894,0.4823529411764706,0.8806666666666668,0.18242228481318362,0,0.8676153846153853,0,0.6763721103653999
20,0.2,5000,0.5,861,0.4541176470588235,0.8880000000000001,0.16562213294683642,0,0.8357505285412289,0,0.7009872241579547
20,0.2,5000,0.5,873,0.4647058823529412,0.8866666666666665,0.15806167322884135,0,0.8312994350282503,0,0.6576975945017204
20,0.2,5000,0.5,856,0.4835294117647059,0.8873333333333333,0.16572857082837827,0,0.8413600000000024,0,0.6686643302180698
20,0.2,5000,0.5,864,0.4541176470588235,0.8873333333333333,0.14683736488621027,0,0.8238988095238133,0,0.6569598765432113
20,0.2,5000,0.5,852,0.46,0.8873333333333333,0.17129301456506146,0,0.8364495798319374,0,0.6944757433489834
20,0.2,5000,0.5,859,0.48470588235294115,0.8873333333333333,0.18110916689231313,0,0.8434965034965055,0,0.6798835855646105
20,0.2,5000,0.5,850,0.4541176470588235,0.8880000000000001,0.16388228313876962,0,0.8313258426966338,0,0.6859725490196094
20,0.2,5000,0.5,852,0.46352941176470586,0.8880000000000003,0.16707226318701046,0,0.8304708520179418,0,0.688474178403756
20,0.2,5000,0.7,837,0.4764705882352941,0.8873333333333335,0.18050684431585864,0,0.8571804511278223,0,0.7305535643170074
20,0.2,5000,0.7,870,0.46352941176470586,0.8873333333333333,0.16231030955701822,0,0.8395197740113034,0,0.6580689655172445
20,0.2,5000,0.7,861,0.4811764705882353,0.8866666666666668,0.17347112902773712,0,0.8413963963964,0,0.6899496709252833
20,0.2,5000,0.7,867,0.48,0.8873333333333333,0.15672237989588012,0,0.8228656126482249,0,0.7043406382160714
20,0.2,5000,0.7,851,0.48823529411764705,0.8866666666666667,0.1905617231849914,0,0.8718558951965087,0,0.7048687818253047
20,0.2,5000,0.7,851,0.47294117647058825,0.8866666666666667,0.16551091727091213,0,0.838184357541902,0,0.6565922444183341
20,0.2,5000,0.7,842,0.48823529411764705,0.8886666666666666,0.16157225176105777,0,0.8251470588235311,0,0.6549485352335738
20,0.2,5000,0.7,861,0.4811764705882353,0.8886666666666667,0.16636315998344947,0,0.8336574074074117,0,0.6775919473480462
20,0.2,5000,0.7,861,0.4976470588235294,0.8866666666666667,0.17610791934412795,0,0.8498301486199594,0,0.7025590398761132
20,0.2,5000,0.7,877,0.46588235294117647,0.8866666666666665,0.1722368290688994,0,0.8465295629820077,0,0.6709616115545421
20,0.3,1000,0.1,865,0.4588235294117647,0.9680000000000001,0.1569490323300324,0.3301086956521734,0.7173469387755114,0.003468208092485549,0.5076295436968288
20,0.3,1000,0.1,852,0.4752941176470588,0.9640000000000003,0.21738636734763359,0.3022317596566525,0.7747754137115815,0.0035211267605633804,0.5857989791912033
20,0.3,1000,0.1,853,0.46941176470588236,0.9766666666666669,0.21765429012313786,0.29123893805309725,0.773713646532435,0.0035169988276670576,0.5922470588235262
20,0.3,1000,0.1,875,0.4752941176470588,0.9786666666666668,0.20567560255312964,0.2912800000000004,0.7581571815718167,0.004571428571428572,0.5629123612705675
20,0.3,1000,0.1,862,0.46352941176470586,0.9499999999999998,0.1880455838884591,0.3027310924369748,0.7539259259259278,0.004640371229698376,0.5428904428904411
20,0.3,1000,0.1,870,0.46,0.9353333333333336,0.16708449902407646,0.3189473684210525,0.7393184238551661,0.0022988505747126436,0.5634178187403958
20,0.3,1000,0.1,884,0.4576470588235294,0.98,0.19067975984341332,0.30203508771929805,0.7557588075880773,0.004524886877828055,0.5221893939393933
20,0.3,1000,0.1,854,0.49176470588235294,0.954,0.17638126132554185,0.3150276243093923,0.7424863387978136,0.00351288056206089,0.5769291030160566
20,0.3,1000,0.1,876,0.46352941176470586,0.964666666666667,0.20264499217576293,0.2959708737864078,0.7530974124809712,0.003424657534246575,0.5870790378006849
20,0.3,1000,0.3,850,0.4541176470588235,0.9713333333333333,0.28335403697241074,0.18409090909090933,0.8443706293706321,0.0058823529411764705,0.5086153846153857
20,0.3,1000,0.1,848,0.48470588235294115,0.9633333333333334,0.18636375611981024,0.28205405405405404,0.7610191846522792,0.003537735849056604,0.5578698224852074
20,0.3,1000,0.3,864,0.4788235294117647,0.9846666666666666,0.29037449419485867,0.14659574468085096,0.8660278745644608,0.004629629629629629,0.5369186046511626
20,0.3,1000,0.3,842,0.4835294117647059,0.9566666666666667,0.2759648551335644,0.11733727810650865,0.8475000000000035,0.0035629453681710215,0.5706317044100149
20,0.3,1000,0.3,862,0.5023529411764706,0.9586666666666668,0.2832080881283673,0.1544964539007092,0.8567896678966813,0.004640371229698376,0.5391569541569531
20,0.3,1000,0.3,856,0.4623529411764706,0.9573333333333333,0.3121583432302728,0.14102439024390218,0.8689977220956734,0.0035046728971962616,0.6041539663931226
20,0.3,1000,0.3,850,0.5023529411764706,0.9886666666666669,0.27928379274190374,0.13951653944020356,0.8406550218340619,0.0058823529411764705,0.4923155818540445
20,0.3,1000,0.3,876,0.4811764705882353,0.936,0.29049958360113765,0.1746549192364169,0.8541943734015375,0.0045662100456621,0.5727331804281364
20,0.3,1000,0.3,849,0.47411764705882353,0.9533333333333334,0.306225921567201,0.11753894080996853,0.8227056277056322,0.004711425206124852,0.5866469428007912
20,0.3,1000,0.3,855,0.49176470588235294,1.0126666666666666,0.294033058888655,0.1646611721611727,0.8228404669260726,0.008187134502923977,0.4677515723270457
20,0.3,1000,0.5,821,0.4623529411764706,0.8940000000000001,0.18124096119569036,0,0.845000000000003,0,0.7034754364596032
20,0.3,1000,0.5,910,0.4611764705882353,0.88,0.1520853680636904,0,0.8181145584725563,0,0.6733113553113561
20,0.3,1000,0.3,867,0.48470588235294115,0.9233333333333333,0.2627455252787788,0.15079096045197737,0.8795389048991383,0.002306805074971165,0.6095761078998104
20,0.3,1000,0.5,827,0.4964705882352941,0.894,0.17301565766723315,0,0.8375890985324985,0,0.7045344619105217
20,0.3,1000,0.5,874,0.4858823529411765,0.8866666666666667,0.17311892430883885,0,0.8454761904761947,0,0.6929366895499637
20,0.3,1000,0.5,888,0.46,0.8819999999999999,0.1834892122388447,0,0.8591666666666701,0,0.7063438438438453
20,0.3,1000,0.5,833,0.5011764705882353,0.8879999999999999,0.17373829629878465,0,0.8345925925925948,0,0.6724649859944013
20,0.3,1000,0.5,881,0.4858823529411765,0.884,0.1808617270092546,0,0.8552527472527517,0,0.694525160802121
20,0.3,1000,0.5,868,0.4435294117647059,0.8873333333333335,0.16652934615806753,0,0.8359389671361541,0,0.6827112135176645
20,0.3,1000,0.5,865,0.46705882352941175,0.8873333333333333,0.19021980788293485,0,0.8734587813620109,0,0.7401233140655131
20,0.3,1000,0.5,847,0.4929411764705882,0.8866666666666667,0.14955414242843784,0,0.8380590717299589,0,0.615714285714288
20,0.3,1000,0.7,831,0.4588235294117647,0.89,0.1545700624548055,0,0.8256781609195448,0,0.696193341355797
20,0.3,1000,0.7,845,0.47411764705882353,0.8866666666666667,0.16973653033875083,0,0.8537629937629985,0,0.7159487179487185
20,0.3,1000,0.7,845,0.46941176470588236,0.8873333333333333,0.1706316672742116,0,0.8393766937669404,0,0.664102564102566
20,0.3,1000,0.7,850,0.4576470588235294,0.8880000000000001,0.16055479308378445,0,0.829336492890998,0,0.6864078431372558
20,0.3,1000,0.7,871,0.4764705882352941,0.8866666666666667,0.1540875524288524,0,0.8261580381471422,0,0.6592001530807524
20,0.3,1000,0.7,844,0.45647058823529413,0.8913333333333334,0.1672367360045525,0,0.8590458015267207,0,0.6267969984202233
20,0.3,1000,0.7,877,0.44941176470588234,0.8873333333333331,0.17516161838755137,0,0.8442691415313254,0,0.6897681489927795
20,0.3,1000,0.7,863,0.49529411764705883,0.8873333333333333,0.167650309440062,0,0.8438004246284526,0,0.7056585554268059
20,0.3,1000,0.7,845,0.5117647058823529,0.8873333333333335,0.16168166654564306,0,0.8386991869918727,0,0.6731163708086809
20,0.3,1000,0.7,882,0.49058823529411766,0.8846666666666666,0.1703439993035815,0,0.8471684587813638,0,0.7324943310657597
20,0.3,20000,0.1,823,0.4717647058823529,0.9826666666666669,0.18354151488001436,0.3117161716171619,0.7317328042328051,0.006075334143377886,0.5066870415647916
20,0.3,20000,0.1,833,0.47411764705882353,0.9733333333333334,0.1772405055605827,0.3107434944237915,0.7365000000000014,0.003601440576230492,0.5171405622489945
20,0.3,20000,0.1,885,0.46352941176470586,0.9666666666666669,0.17658586999042034,0.3073605947955393,0.7423348017621156,0.004519774011299435,0.5208059023836535
20,0.3,20000,0.1,862,0.48823529411764705,0.9546666666666668,0.19990039332564336,0.31257009345794406,0.7638437001594885,0.002320185614849188,0.580573643410852
20,0.3,20000,0.1,868,0.45294117647058824,0.9393333333333334,0.19809606992695838,0.33595555555555506,0.7707616487455187,0.002304147465437788,0.5710392609699763
20,0.3,20000,0.1,873,0.4752941176470588,0.9506666666666664,0.18965147828764697,0.31761421319796945,0.7602518891687637,0.002290950744558992,0.5860237275162631
20,0.3,20000,0.1,861,0.47058823529411764,0.9880000000000003,0.20058388014180037,0.31055921052631574,0.7660798122065745,0.005807200929152149,0.5264135514018684
20,0.3,20000,0.1,848,0.4929411764705882,0.9526666666666667,0.19419168556479519,0.29537735849056596,0.7722614840989407,0.003537735849056604,0.5543076923076914
20,0.3,20000,0.1,865,0.46941176470588236,0.9866666666666668,0.22375871403732825,0.3150316455696202,0.7707037896365014,0.004624277456647399,0.5658575300038698
20,0.3,20000,0.1,846,0.47411764705882353,0.9620000000000001,0.19118583726003968,0.3251851851851852,0.7528787878787878,0.002364066193853428,0.5755726698262231
20,0.3,20000,0.3,835,0.5011764705882353,0.9813333333333335,0.3020146283664438,0.11421199442119927,0.8493115942028991,0.004790419161676647,0.5193862815884476
20,0.3,20000,0.3,863,0.4929411764705882,0.9613333333333335,0.2694666442455056,0.17525537634408617,0.8448412698412723,0.004634994206257242,0.5162514551804435
20,0.3,20000,0.3,839,0.47294117647058825,0.9506666666666667,0.25035103432587347,0.14185446009389663,0.827242339832873,0.0023837902264600714,0.594289127837518
20,0.3,20000,0.3,890,0.48823529411764705,0.9446666666666664,0.26100250420273247,0.11408000000000007,0.8574393530997323,0.0022471910112359553,0.6062162162162162
20,0.3,20000,0.3,877,0.4823529411764706,0.9619999999999997,0.30920608738792865,0.10123263888888893,0.8578985507246416,0.0034207525655644243,0.5903318077803215
20,0.3,20000,0.3,857,0.4647058823529412,0.9426666666666667,0.2851728334858143,0.1171296296296298,0.855128205128208,0.002333722287047841,0.6211072124756337
20,0.3,20000,0.3,856,0.4788235294117647,0.9666666666666667,0.31104929532870396,0.1290641025641023,0.8371229050279362,0.005841121495327103,0.5305562083822959
20,0.3,20000,0.3,856,0.4811764705882353,0.9466666666666667,0.27495399905496437,0.14806026365348368,0.8455428571428606,0.0035046728971962616,0.5828644001563139
20,0.3,20000,0.3,816,0.4929411764705882,0.9573333333333337,0.2696488999831205,0.12557823129251688,0.7997791798107291,0.003676470588235294,0.5430586305863062
20,0.3,20000,0.3,858,0.4752941176470588,0.9526666666666666,0.2646050260609081,0.13490598290598277,0.8143708609271543,0.0034965034965034965,0.539185185185187
20,0.3,20000,0.5,855,0.5058823529411764,0.8866666666666667,0.15750667296216397,0,0.8159714285714326,0,0.6409473684210554
20,0.3,20000,0.5,859,0.4752941176470588,0.8866666666666668,0.1827835493391329,0,0.8605133928571453,0,0.6946061311602658
20,0.3,20000,0.5,845,0.47058823529411764,0.8866666666666667,0.15584838308300236,0,0.8278445229681994,0,0.6307337278106538
20,0.3,20000,0.5,874,0.4447058823529412,0.8880000000000001,0.15308883566271414,0,0.8366878980891741,0,0.6456064073226562
20,0.3,20000,0.5,855,0.4717647058823529,0.8880000000000001,0.16415639849006675,0,0.8277232142857179,0,0.6940428849902547
20,0.3,20000,0.5,885,0.47411764705882353,0.884,0.17430359704252546,0,0.8518663594470072,0,0.6867419962335236
20,0.3,20000,0.5,851,0.46,0.8866666666666665,0.14657839496450983,0,0.8081142857142889,0,0.6577399138268726
20,0.3,20000,0.5,874,0.4717647058823529,0.8873333333333333,0.1642524365764031,0,0.8285748792270555,0,0.6734820747520992
20,0.3,20000,0.5,882,0.4776470588235294,0.8813333333333333,0.17185770777217113,0,0.847623126338333,0,0.6999546485260771
20,0.3,20000,0.5,857,0.47058823529411764,0.8873333333333333,0.167918928277565,0,0.8320486815415863,0,0.7029210423959552
20,0.3,20000,0.7,868,0.4976470588235294,0.8853333333333332,0.15112673717751363,0,0.8365357142857186,0,0.7364362519201224
20,0.3,20000,0.7,837,0.4894117647058824,0.8886666666666666,0.16061590063989753,0,0.8394769230769255,0,0.6530386300278803
20,0.3,20000,0.7,858,0.4776470588235294,0.8873333333333333,0.16115731219421217,0,0.8500773993808062,0,0.7667365967365968
20,0.3,20000,0.7,906,0.4505882352941176,0.8800000000000002,0.16714701864742013,0,0.8426810176125279,0,0.7064863870493001
20,0.3,20000,0.7,888,0.44823529411764707,0.8873333333333333,0.17398351952110963,0,0.8499259259259299,0,0.7211824324324336
20,0.3,20000,0.7,855,0.4835294117647059,0.8880000000000001,0.170575485116322,0,0.8531692307692333,0,0.6504522417154008
20,0.3,20000,0.7,848,0.4788235294117647,0.8873333333333333,0.1545230383006804,0,0.8317157712305063,0,0.7388718553459105
20,0.3,20000,0.7,883,0.45647058823529413,0.8866666666666667,0.17213604760771178,0,0.8384688995215329,0,0.671732729331824
20,0.3,20000,0.7,846,0.46352941176470586,0.8866666666666667,0.1807818216164162,0,0.8452058111380163,0,0.6778999211977954
20,0.3,20000,0.7,866,0.46705882352941175,0.8866666666666668,0.17771403264875482,0,0.8568559837728207,0,0.7189761354888384
20,0.3,3000,0.1,883,0.4588235294117647,0.9480000000000001,0.17058607214917795,0.3253478260869567,0.7297664543524436,0.0033975084937712344,0.551011363636361
20,0.3,3000,0.1,860,0.4835294117647059,0.9559999999999998,0.19303466045460813,0.32132978723404243,0.7698116760828636,0.002325581395348837,0.5782128982128979
20,0.3,3000,0.1,873,0.52,0.958,0.18999535525919703,0.32587548638132335,0.7597362869198323,0.003436426116838488,0.5481532567049784
20,0.3,3000,0.1,880,0.4788235294117647,0.9553333333333334,0.19802739567764488,0.3009009009009011,0.7582177263969171,0.003409090909090909,0.5561725579627488
20,0.3,3000,0.1,864,0.4717647058823529,0.968,0.20000316824490263,0.3058687258687258,0.7639583333333347,0.004629629629629629,0.5454689922480622
20,0.3,3000,0.1,881,0.4611764705882353,0.9659999999999999,0.1892605579845748,0.3233208955223883,0.7460738581146749,0.00340522133938706,0.5499468488990114
20,0.3,3000,0.1,865,0.48470588235294115,0.9773333333333333,0.22822869335279003,0.27207468879668045,0.7781481481481473,0.004624277456647399,0.5738985675571012
20,0.3,3000,0.1,863,0.48470588235294115,1.0066666666666664,0.18413866397998427,0.33895089285714314,0.7591391941391952,0.005793742757821553,0.47785159285159173
20,0.3,3000,0.1,860,0.4894117647058824,0.961333333333333,0.1956070287494435,0.3017529880478088,0.7464851957975175,0.004651162790697674,0.5539641744548257
20,0.3,3000,0.1,865,0.49058823529411766,0.9686666666666669,0.18242785996578192,0.31141666666666656,0.7378098290598303,0.003468208092485549,0.5480510440835246
20,0.3,3000,0.3,874,0.46588235294117647,0.9400000000000002,0.2409102415212785,0.12557823129251705,0.8551775147929012,0.002288329519450801,0.607813455657493
20,0.3,3000,0.3,881,0.4788235294117647,0.9626666666666667,0.2781704226933961,0.1252173913043478,0.8577439024390277,0.00340522133938706,0.5644039483675041
20,0.3,3000,0.3,855,0.43529411764705883,0.9673333333333337,0.2736630164017586,0.13663978494623638,0.8300000000000017,0.005847953216374269,0.5012862745098038
20,0.3,3000,0.3,886,0.46941176470588236,0.9600000000000002,0.2898459769531642,0.1584159779614324,0.8206382978723432,0.004514672686230248,0.5644633408919132
20,0.3,3000,0.3,842,0.4752941176470588,0.9480000000000001,0.2597399327141623,0.18817142857142877,0.8374022346368747,0.0035629453681710215,0.582558601509735
20,0.3,3000,0.3,850,0.49411764705882355,0.9519999999999998,0.2735634038872813,0.16268768768768757,0.8463970588235304,0.004705882352941176,0.5282505910165496
20,0.3,3000,0.3,832,0.4835294117647059,0.9573333333333337,0.2673598747847718,0.16049572649572627,0.8389510489510514,0.003605769230769231,0.542456775231205
20,0.3,3000,0.3,858,0.48470588235294115,0.9706666666666665,0.31396847967249525,0.15238271604938283,0.8607887323943695,0.005827505827505828,0.5397577178585399
20,0.3,3000,0.3,839,0.49058823529411766,0.9680000000000003,0.27505651477363713,0.1535249042145595,0.8165116279069787,0.0059594755661501785,0.504724220623502
20,0.3,3000,0.3,863,0.48470588235294115,0.94,0.27013300476905217,0.1529118773946359,0.8393388429752099,0.0034762456546929316,0.5883527131782961
20,0.3,3000,0.5,845,0.48705882352941177,0.8886666666666666,0.15046875032159404,0,0.8214629258517064,0,0.7100749506903338
20,0.3,3000,0.5,874,0.4470588235294118,0.8866666666666667,0.1827483261201226,0,0.8505072463768144,0,0.6759572845156374
20,0.3,3000,0.5,891,0.48823529411764705,0.8819999999999999,0.165295067378348,0,0.8303636363636404,0,0.7032210998877679
20,0.3,3000,0.5,849,0.4964705882352941,0.8879999999999999,0.14985520565221108,0,0.8201219512195154,0,0.6453592461719689
20,0.3,3000,0.5,853,0.4611764705882353,0.8866666666666667,0.171825595774427,0,0.8347227533460845,0,0.7114966783899987
20,0.3,3000,0.5,866,0.4964705882352941,0.8873333333333333,0.1627629384195707,0,0.8214449541284435,0,0.6781100846805233
20,0.3,3000,0.5,906,0.4470588235294118,0.8800000000000002,0.15435470922005234,0,0.8170095693779942,0,0.6730831493745402
20,0.3,3000,0.5,883,0.46941176470588236,0.886,0.16600457675038824,0,0.8466331658291494,0,0.6773499433748605
20,0.3,3000,0.5,844,0.48,0.8893333333333332,0.16363123378149463,0,0.834916467780434,0,0.6816429699842049
20,0.3,3000,0.7,843,0.48470588235294115,0.8879999999999999,0.1429626947891824,0,0.8272994652406436,0,0.6790589165678146
20,0.3,3000,0.7,851,0.4682352941176471,0.8873333333333335,0.17075067415290018,0,0.8467627494456783,0,0.7023580101840984
20,0.3,3000,0.5,863,0.4717647058823529,0.8866666666666667,0.17378670139940147,0,0.8499162011173194,0,0.6624256469679441
20,0.3,3000,0.7,866,0.4647058823529412,0.8866666666666667,0.1694780530827272,0,0.837250000000003,0,0.6626905311778313
20,0.3,3000,0.7,813,0.4752941176470588,0.8953333333333334,0.1792583063313112,0,0.8554357798165169,0,0.701836818368185
20,0.3,3000,0.7,845,0.46941176470588236,0.8866666666666667,0.17079780033450923,0,0.8418750000000037,0,0.6694003944773198
20,0.3,3000,0.7,810,0.48823529411764705,0.8933333333333331,0.15628198650317812,0,0.8331636363636374,0,0.6326090534979425
20,0.3,3000,0.7,886,0.4541176470588235,0.8866666666666668,0.15907429791839137,0,0.8241935483871,0,0.673355906696765
20,0.3,3000,0.7,872,0.46588235294117647,0.8859999999999999,0.17734317519972798,0,0.8377102803738343,0,0.6765366972477073
20,0.3,3000,0.7,856,0.49529411764705883,0.8873333333333335,0.18173728792150393,0,0.8419463087248349,0,0.6835981308411234
20,0.3,3000,0.7,860,0.4788235294117647,0.8866666666666668,0.16905725131372829,0,0.8342316258351927,0,0.6889108527131815
20,0.3,4000,0.1,866,0.46352941176470586,0.9746666666666668,0.18107712920266922,0.3042857142857146,0.7209005376344094,0.004618937644341801,0.5227648878576926
20,0.3,4000,0.1,836,0.4776470588235294,0.9746666666666668,0.21732152787093784,0.30729559748427665,0.7867361111111114,0.004784688995215311,0.5275200320512806
20,0.3,4000,0.1,840,0.48705882352941177,0.9453333333333332,0.19014091157416582,0.28485148514851466,0.7582494004796172,0.0035714285714285713,0.5490521704500189
20,0.3,4000,0.1,853,0.4858823529411765,0.9486666666666665,0.1969759917645112,0.27796610169491515,0.7629875886524808,0.0023446658851113715,0.5879749314531898
20,0.3,4000,0.1,857,0.47411764705882353,0.9666666666666667,0.17427533081164856,0.32308457711442773,0.7378579234972691,0.002333722287047841,0.5549473684210516
20,0.3,4000,0.1,853,0.46705882352941175,0.96,0.19447855045615395,0.32476190476190475,0.758652482269505,0.0035169988276670576,0.5566274509803907
20,0.3,4000,0.1,920,0.44823529411764707,0.9746666666666668,0.19121906059720783,0.3070979020979017,0.7533980582524289,0.004347826086956522,0.5272234352256179
20,0.3,4000,0.1,863,0.48705882352941177,0.9546666666666668,0.2034825071549627,0.32861111111111124,0.7678411910669954,0.0034762456546929316,0.5734651162790679
20,0.3,4000,0.1,862,0.49529411764705883,0.9519999999999998,0.18311835543392602,0.3264601769911503,0.7411568123393301,0.0034802784222737818,0.5683042297244829
20,0.3,4000,0.1,848,0.5141176470588236,0.9653333333333334,0.20592063035690966,0.2862761506276149,0.752797270955167,0.003537735849056604,0.5546351084812605
20,0.3,4000,0.3,861,0.5047058823529412,0.9699999999999996,0.2859856435980188,0.16194993412384734,0.8382492581602397,0.005807200929152149,0.5368146417445498
20,0.3,4000,0.3,860,0.47058823529411764,0.9580000000000001,0.28406172419435516,0.10499136442141623,0.8350000000000029,0.0034883720930232558,0.5418553092182035
20,0.3,4000,0.3,839,0.49176470588235294,0.9553333333333334,0.2778793990743635,0.1159111111111112,0.8304784688995261,0.0023837902264600714,0.6079848665870202
20,0.3,4000,0.3,831,0.4894117647058824,0.9800000000000002,0.3218948292866956,0.12785615491009647,0.8521770334928266,0.0048134777376654635,0.5788029020556248
20,0.3,4000,0.3,867,0.46,0.9853333333333332,0.3128319320735218,0.14785977859778612,0.8709174311926635,0.0057670126874279125,0.5431825212683699
20,0.3,4000,0.3,876,0.47294117647058825,0.9620000000000003,0.30126634912963174,0.1398739495798318,0.8318660287081374,0.0045662100456621,0.5759633027522957
20,0.3,4000,0.3,845,0.4752941176470588,0.9626666666666666,0.2961425103640291,0.1269805680119579,0.8487788778877908,0.004733727810650888,0.5382164090368619
20,0.3,4000,0.3,866,0.4858823529411765,0.9446666666666668,0.2797334557035622,0.15450777202072521,0.8508823529411786,0.003464203233256351,0.583511008111241
20,0.3,4000,0.3,831,0.5047058823529412,0.9813333333333335,0.2872049530446493,0.1299712643678159,0.8664081632653077,0.0048134777376654635,0.512583635630796
20,0.3,4000,0.3,868,0.4835294117647059,0.9766666666666667,0.3086238559580358,0.1522093023255814,0.845177304964543,0.00576036866359447,0.5628930088837405
20,0.3,4000,0.5,857,0.4835294117647059,0.8873333333333335,0.16817949729506337,0,0.8475991189427347,0,0.7024426293271122
20,0.3,4000,0.5,886,0.47058823529411764,0.8840000000000001,0.16021473474131173,0,0.8376246334310887,0,0.6545711060948098
20,0.3,4000,0.5,838,0.4823529411764706,0.89,0.16612801411502345,0,0.8589644970414217,0,0.6710660302307115
20,0.3,4000,0.5,858,0.46588235294117647,0.8873333333333333,0.17499654387315075,0,0.8442173913043513,0,0.690116550116551
20,0.3,4000,0.5,873,0.49411764705882355,0.8873333333333333,0.15164039663995843,0,0.8178823529411782,0,0.6768384879725086
20,0.3,4000,0.5,874,0.4717647058823529,0.8873333333333333,0.16078753515881894,0,0.8169565217391331,0,0.6715408085430993
20,0.3,4000,0.5,868,0.4788235294117647,0.8866666666666668,0.17192290211423575,0,0.835672371638145,0,0.6723502304147483
20,0.3,4000,0.5,843,0.49529411764705883,0.8873333333333333,0.17573440791862296,0,0.846470588235296,0,0.7085211546065661
20,0.3,4000,0.5,832,0.49176470588235294,0.8886666666666666,0.17326152085409352,0,0.8512250000000031,0,0.6825120192307713
20,0.3,4000,0.5,871,0.46352941176470586,0.8866666666666667,0.15771378050840063,0,0.8153738317757053,0,0.6772981247608136
20,0.3,4000,0.7,836,0.44588235294117645,0.8900000000000002,0.16872478700227053,0,0.8312918660287117,0,0.6775119617224895
20,0.3,4000,0.7,863,0.4576470588235294,0.8873333333333335,0.17459365923226824,0,0.8518803418803446,0,0.7074198532251826
20,0.3,4000,0.7,852,0.4894117647058824,0.8866666666666667,0.17005508092758642,0,0.8379687500000031,0,0.7136228482003151
20,0.3,4000,0.7,865,0.4835294117647059,0.8866666666666668,0.17499049734116698,0,0.8566047745358113,0,0.6720732177263993
20,0.3,4000,0.7,833,0.46941176470588236,0.8906666666666668,0.131644796804225,0,0.809097222222225,0,0.6440656262505027
20,0.3,4000,0.7,866,0.4811764705882353,0.8866666666666667,0.172930761243885,0,0.840820512820516,0,0.6693110084680554
20,0.3,4000,0.7,870,0.48705882352941177,0.8866666666666668,0.16930565493471458,0,0.8460358056266024,0,0.6770038314176278
20,0.3,4000,0.7,834,0.49411764705882355,0.8946666666666668,0.16592839076532098,0,0.8344323144104843,0,0.6951239008792983
20,0.3,4000,0.7,823,0.4976470588235294,0.8926666666666665,0.16259221528310674,0,0.8332857142857167,0,0.732790603483191
20,0.3,4000,0.7,855,0.49411764705882355,0.8879999999999999,0.18300664613037732,0,0.8509919571045593,0,0.6590565302144279
20,0.3,5000,0.1,860,0.4823529411764706,0.970666666666667,0.2164020200054685,0.3006488549618324,0.8034397163120562,0.004651162790697674,0.5536799065420553
20,0.3,5000,0.1,867,0.48823529411764705,0.944,0.17279736685918318,0.30756345177664973,0.7335275080906158,0.0034602076124567475,0.5442746913580248
20,0.3,5000,0.1,863,0.49529411764705883,0.9500000000000002,0.15609133572445133,0.328122605363985,0.7348915187376739,0.0034762456546929316,0.5061085271317814
20,0.3,5000,0.1,846,0.49176470588235294,0.9566666666666667,0.19932913557359186,0.26535211267605635,0.7810734463276828,0.002364066193853428,0.5870339652448634
20,0.3,5000,0.1,857,0.49529411764705883,0.9640000000000002,0.19258735701180246,0.30100456621004584,0.7611483739837407,0.004667444574095682,0.5511019929660007
20,0.3,5000,0.1,836,0.48470588235294115,0.9593333333333331,0.20049280128828645,0.2772571428571428,0.7685792349726767,0.0035885167464114833,0.5798199279711873
20,0.3,5000,0.1,867,0.4823529411764706,0.9799999999999998,0.16520521870969204,0.3216613418530355,0.7308912655971492,0.00461361014994233,0.49350714561606684
20,0.3,5000,0.1,859,0.47294117647058825,0.9533333333333334,0.19770436153070958,0.3250471698113206,0.7777871939736342,0.0034924330616996507,0.5767211838006214
20,0.3,5000,0.1,863,0.45647058823529413,0.9540000000000002,0.20848304861784528,0.31364620938628185,0.7756237218813911,0.004634994206257242,0.5510710128055857
20,0.3,5000,0.3,883,0.45647058823529413,0.9773333333333333,0.296223700276119,0.11895934959349583,0.8553168044077168,0.004530011325028313,0.5769434963974235
20,0.3,5000,0.1,891,0.4764705882352941,0.9480000000000001,0.18562478020243817,0.2727659574468086,0.813005464480874,0.003367003367003367,0.5256794294294308
20,0.3,5000,0.3,875,0.4929411764705882,0.9573333333333335,0.2736114890259073,0.11019047619047626,0.87407114624506,0.0034285714285714284,0.5466360856269133
20,0.3,5000,0.3,850,0.48,0.9659999999999996,0.2786881439023475,0.129722222222222,0.8666255144032943,0.004705882352941176,0.5146769109535068
20,0.3,5000,0.3,898,0.4776470588235294,0.9693333333333332,0.306424172406303,0.140068306010929,0.8365981735159862,0.004454342984409799,0.5738404175988088
20,0.3,5000,0.3,874,0.4858823529411765,0.9813333333333333,0.290353984232937,0.09966244725738381,0.8362204724409465,0.004576659038901602,0.5138965517241384
20,0.3,5000,0.3,877,0.4858823529411765,0.9286666666666668,0.2718625395056089,0.11750445632798574,0.8291275167785266,0.0034207525655644243,0.5448627002288348
20,0.3,5000,0.3,869,0.49058823529411766,0.95,0.2633972320375701,0.13059782608695644,0.8422592592592617,0.0034522439585730723,0.5454426481909179
20,0.3,5000,0.3,877,0.43411764705882355,0.9560000000000001,0.26145948319294315,0.15571428571428556,0.839392857142858,0.0034207525655644243,0.5558123569794053
20,0.3,5000,0.5,871,0.46941176470588236,0.8866666666666667,0.17913785068836668,0,0.8353301886792485,0,0.6691618828932289
20,0.3,5000,0.3,904,0.4470588235294118,0.9746666666666668,0.3219867421256198,0.10111111111111108,0.9050000000000029,0.004424778761061947,0.57512962962963
20,0.3,5000,0.3,862,0.49058823529411766,0.9713333333333335,0.2994069561539251,0.15117486338797803,0.8505714285714323,0.004640371229698376,0.5507264957264957
20,0.3,5000,0.5,881,0.46,0.8873333333333333,0.1545800805079899,0,0.8324632352941203,0,0.718497919031405
20,0.3,5000,0.5,872,0.4764705882352941,0.8879999999999999,0.18067584823374921,0,0.8557790368271971,0,0.6548623853211037
20,0.3,5000,0.5,860,0.46352941176470586,0.8873333333333333,0.15909355639658762,0,0.8251168831168862,0,0.6695155038759715
20,0.3,5000,0.5,898,0.48470588235294115,0.8806666666666666,0.15893105807462743,0,0.8324687500000032,0,0.6348960653303665
20,0.3,5000,0.5,864,0.4764705882352941,0.8873333333333333,0.16862514371169318,0,0.8342494714587769,0,0.7008719135802485
20,0.3,5000,0.5,810,0.4929411764705882,0.8940000000000001,0.1627872872150359,0,0.8391005291005312,0,0.7423004115226346
20,0.3,5000,0.5,901,0.46941176470588236,0.88,0.1758998295361033,0,0.8477685950413271,0,0.699833518312986
20,0.3,5000,0.5,852,0.47058823529411764,0.8866666666666665,0.18201160486391557,0,0.8608176100628946,0,0.7083959311424118
20,0.3,5000,0.5,853,0.4823529411764706,0.8886666666666666,0.17059611833251084,0,0.8340677966101716,0,0.6509964830011737
20,0.3,5000,0.7,871,0.4717647058823529,0.8873333333333335,0.17020238083747968,0,0.8348790322580677,0,0.702575583620362
20,0.3,5000,0.7,864,0.47294117647058825,0.8866666666666667,0.16964355095463693,0,0.8470714285714306,0,0.6877314814814827
20,0.3,5000,0.7,815,0.4964705882352941,0.8933333333333338,0.17377063041057145,0,0.8381791907514475,0,0.6499754601227019
20,0.3,5000,0.7,884,0.43411764705882355,0.8866666666666668,0.18569661921747138,0,0.8721205821205844,0,0.7092043740573166
20,0.3,5000,0.7,850,0.46941176470588236,0.8866666666666668,0.16618449313090808,0,0.8378356164383592,0,0.6609647058823555
20,0.3,5000,0.7,862,0.49529411764705883,0.8866666666666667,0.18666346805916792,0,0.8691291291291319,0,0.6579737045630327
20,0.3,5000,0.7,823,0.46941176470588236,0.8913333333333336,0.16279236503786734,0,0.8316569767441891,0,0.6535884973673585
20,0.3,5000,0.7,879,0.47411764705882353,0.884,0.15971155863482775,0,0.8344009779951128,0,0.6792794842624206
20,0.3,5000,0.7,858,0.45294117647058824,0.8886666666666667,0.1807409203494065,0,0.8577377892030876,0,0.6732400932400957
20,0.4,1000,0.1,868,0.4376470588235294,0.954666666666667,0.1855003796688815,0.31926923076923064,0.7356830601092906,0.0034562211981566822,0.5435298651252395
20,0.4,1000,0.1,838,0.48823529411764705,0.9686666666666668,0.199145277337158,0.2850000000000002,0.7923939393939393,0.003579952267303103,0.5337045908183616
20,0.3,5000,0.7,848,0.5011764705882353,0.8886666666666667,0.17693736944959837,0,0.8481194690265519,0,0.6982900943396253
20,0.4,1000,0.1,823,0.4647058823529412,0.9773333333333333,0.20466247612374425,0.26130653266331677,0.7560416666666665,0.004860267314702308,0.5674033374033347
20,0.4,1000,0.1,869,0.4929411764705882,0.9633333333333335,0.2125152456600587,0.27769531250000007,0.7795804988662127,0.004602991944764097,0.5428246628131016
20,0.4,1000,0.1,878,0.4976470588235294,0.9866666666666668,0.21659743506613213,0.3123616236162364,0.7804073150457181,0.004555808656036446,0.5790122044241026
20,0.4,1000,0.1,881,0.4894117647058824,0.9680000000000001,0.19881754242372157,0.2773869346733671,0.7857023809523812,0.00340522133938706,0.561142748671221
20,0.4,1000,0.1,858,0.5176470588235295,0.9440000000000002,0.19194424578612643,0.293612565445026,0.7596432212028554,0.0034965034965034965,0.5770136452241712
20,0.4,1000,0.1,907,0.4764705882352941,0.9560000000000002,0.1915442561734637,0.3237804878048786,0.7488888888888883,0.002205071664829107,0.5620626151012886
20,0.4,1000,0.1,853,0.4776470588235294,0.9446666666666665,0.2021111596440826,0.28021052631578924,0.7480543318649018,0.0035169988276670576,0.5935607843137223
20,0.4,1000,0.1,858,0.48470588235294115,0.9539999999999997,0.19099111226219634,0.2854621848739492,0.7517529880478099,0.004662004662004662,0.5339812646370021
20,0.4,1000,0.3,845,0.45647058823529413,0.9560000000000002,0.298564441302211,0.1551754385964912,0.8707185628742548,0.004733727810650888,0.5566230677764585
20,0.4,1000,0.3,832,0.46588235294117647,0.9633333333333334,0.25501159084294933,0.17160558464223385,0.8129166666666701,0.003605769230769231,0.5565259348612799
20,0.4,1000,0.3,882,0.46588235294117647,0.9873333333333333,0.2862507256156547,0.1700205128205129,0.8224232081911297,0.006802721088435374,0.49329528158295455
20,0.4,1000,0.3,842,0.48823529411764705,0.9393333333333331,0.24465920820010686,0.12833333333333333,0.8301742160278763,0.0023752969121140144,0.5621904761904775
20,0.4,1000,0.3,865,0.4717647058823529,0.9706666666666668,0.2969134999632532,0.11551282051282027,0.8321671826625423,0.004624277456647399,0.5318621757646168
20,0.4,1000,0.3,852,0.4717647058823529,0.9506666666666667,0.24304238226746308,0.15699825479930168,0.8135627530364399,0.0035211267605633804,0.5253317628582669
20,0.4,1000,0.3,853,0.48823529411764705,0.9553333333333334,0.27927428705242213,0.11289308176100628,0.8385564304461967,0.0035169988276670576,0.5929254901960789
20,0.4,1000,0.3,877,0.4929411764705882,0.9566666666666669,0.2668572137510222,0.14702492211837975,0.8241176470588264,0.0034207525655644243,0.5415560640732282
20,0.4,1000,0.3,868,0.5023529411764706,0.9719999999999999,0.2861469556699227,0.15182389937106885,0.8262591687041592,0.004608294930875576,0.573676697530865
20,0.4,1000,0.5,848,0.4835294117647059,0.8873333333333335,0.14240075485702253,0,0.8064193548387127,0,0.6435613207547211
20,0.4,1000,0.5,877,0.44823529411764707,0.886666666666667,0.16534681514641228,0,0.8337625754527198,0,0.7074078297225397
20,0.4,1000,0.3,846,0.4976470588235294,0.9206666666666669,0.24495375286562585,0.13976744186046502,0.8135792349726808,0.002364066193853428,0.5946484992101136
20,0.4,1000,0.5,894,0.4858823529411765,0.880666666666667,0.17748652408904977,0,0.8579325842696639,0,0.6930350484712918
20,0.4,1000,0.5,856,0.4835294117647059,0.8866666666666668,0.16980116583362045,0,0.8423505976095631,0,0.7086137071651112
20,0.4,1000,0.5,834,0.4752941176470588,0.8913333333333333,0.19406582617694038,0,0.8690178571428612,0,0.7050799360511601
20,0.4,1000,0.5,861,0.4611764705882353,0.8879999999999999,0.17518729109858083,0,0.843099273607752,0,0.6771002710027139
20,0.4,1000,0.5,865,0.4835294117647059,0.8866666666666665,0.183608381725517,0,0.8532390745501309,0,0.6691676300578067
20,0.4,1000,0.5,856,0.47058823529411764,0.8873333333333333,0.1318799519928078,0,0.8008264462809936,0,0.6153387850467306
20,0.4,1000,0.5,829,0.48470588235294115,0.8920000000000001,0.18259524615991055,0,0.8512380952380975,0,0.6877885002010456
20,0.4,1000,0.5,875,0.4788235294117647,0.8853333333333334,0.18053343161381613,0,0.8649397590361457,0,0.645104761904763
20,0.4,1000,0.7,825,0.49529411764705883,0.8933333333333333,0.17005857528649462,0,0.8303571428571457,0,0.6790585858585887
20,0.4,1000,0.7,843,0.46,0.8873333333333335,0.18745815993093104,0,0.8698871331828473,0,0.7055001977066038
20,0.4,1000,0.7,830,0.4623529411764706,0.8913333333333334,0.17466880033684892,0,0.842275449101797,0,0.7125983935742978
20,0.4,1000,0.7,846,0.5011764705882353,0.8866666666666667,0.17720273783143553,0,0.8430936819172142,0,0.6963553979511452
20,0.4,1000,0.7,848,0.46941176470588236,0.8866666666666667,0.1771830793455324,0,0.8561125319693127,0,0.6742295597484288
20,0.4,1000,0.7,866,0.46352941176470586,0.8873333333333335,0.1649686823323891,0,0.8417633410672885,0,0.6879984603541205
20,0.4,1000,0.7,833,0.49411764705882355,0.8906666666666666,0.18458922277178308,0,0.8515945330296149,0,0.6927771108443396
20,0.4,1000,0.7,864,0.4776470588235294,0.8866666666666667,0.1686060598932709,0,0.8430104712041918,0,0.6748881172839517
20,0.4,1000,0.7,871,0.44941176470588234,0.8873333333333335,0.1861134686355869,0,0.8628404669260729,0,0.7191389207807135
20,0.4,1000,0.7,847,0.49176470588235294,0.8866666666666667,0.1725604505411684,0,0.8554575163398717,0,0.639098780007872
20,0.4,20000,0.1,827,0.4894117647058824,0.9580000000000001,0.18517260769296365,0.30231132075471684,0.7700669344042845,0.0036275695284159614,0.5321804207119739
20,0.4,20000,0.1,858,0.4682352941176471,0.9426666666666667,0.19063237315187959,0.29218750000000016,0.7530043290043276,0.0034965034965034965,0.5777816764132528
20,0.4,20000,0.1,864,0.5223529411764706,0.9566666666666667,0.20720223251209208,0.2965306122448977,0.7855466666666673,0.003472222222222222,0.5854432830042583
20,0.4,20000,0.1,853,0.4776470588235294,0.9646666666666666,0.1880544170787897,0.33264705882352913,0.7595238095238107,0.0035169988276670576,0.5318901960784298
20,0.4,20000,0.1,847,0.4894117647058824,0.9459999999999998,0.15879824417057647,0.3439919354838713,0.717482117310444,0.0023612750885478157,0.5243037475345155
20,0.4,20000,0.1,833,0.4788235294117647,0.9666666666666667,0.20969551165457928,0.3010222222222224,0.7738596491228066,0.003601440576230492,0.5714056224899579
20,0.4,20000,0.1,862,0.46941176470588236,0.9473333333333331,0.18689136738273907,0.30325358851674655,0.7787916666666672,0.0034802784222737818,0.5493441986806343
20,0.4,20000,0.1,861,0.4505882352941176,0.9486666666666669,0.18426727036973753,0.305329341317365,0.7430844645550507,0.0023228803716608595,0.5931664726426062
20,0.4,20000,0.1,855,0.45294117647058824,0.967333333333334,0.19754906517113793,0.32853932584269696,0.7656217345872529,0.0035087719298245615,0.5578521126760557
20,0.4,20000,0.1,875,0.4858823529411765,0.9666666666666667,0.18366107127662223,0.33135658914728666,0.7471608832807577,0.0034285714285714284,0.5419036697247704
20,0.4,20000,0.3,862,0.46705882352941175,0.9460000000000006,0.2629561572119434,0.13307426597582023,0.8110264900662283,0.0034802784222737818,0.5432557237097417
20,0.4,20000,0.3,830,0.4788235294117647,0.9833333333333333,0.27296908603592257,0.1711184939091918,0.8288235294117653,0.006024096385542169,0.4770343434343459
20,0.4,20000,0.3,816,0.5023529411764706,0.9773333333333335,0.2711217395103982,0.11986301369863007,0.8323148148148158,0.004901960784313725,0.49908456486042624
20,0.4,20000,0.3,859,0.5,0.9493333333333336,0.26871036937579607,0.11857621440536001,0.8084805653710266,0.004656577415599534,0.5387485380116975
20,0.4,20000,0.3,865,0.5152941176470588,0.9586666666666666,0.2964334531867685,0.15012195121951216,0.8297007481296795,0.004624277456647399,0.561409214092142
20,0.4,20000,0.3,887,0.48705882352941177,0.9560000000000002,0.29067456494955246,0.144380032206119,0.8716923076923103,0.0033821871476888386,0.5667986425339392
20,0.4,20000,0.3,864,0.46352941176470586,0.9573333333333335,0.2697036930533351,0.14485596707818935,0.8118466898954737,0.004629629629629629,0.5190271317829477
20,0.4,20000,0.3,855,0.49411764705882355,0.9626666666666667,0.29235654303638364,0.1653591954022989,0.8485558583106299,0.004678362573099415,0.5632001566784176
20,0.4,20000,0.3,881,0.47411764705882353,0.9786666666666668,0.2893648847557015,0.11306410256410242,0.8043278688524617,0.0056753688989784334,0.5128538812785408
20,0.4,20000,0.5,854,0.4858823529411765,0.8866666666666665,0.15198042577319423,0,0.8342003514938549,0,0.7404800936768161
20,0.4,20000,0.3,856,0.4576470588235294,0.9719999999999999,0.2871508105181784,0.14865786578657889,0.8401255230125534,0.007009345794392523,0.4835764705882347
20,0.4,20000,0.5,833,0.49176470588235294,0.8879999999999999,0.17219936816118672,0,0.8421848739495835,0,0.6553981592637087
20,0.4,20000,0.5,847,0.48705882352941177,0.8866666666666667,0.16792344720584668,0,0.8311801242236061,0,0.7024124360487985
20,0.4,20000,0.5,832,0.4776470588235294,0.8933333333333333,0.15805594409736953,0,0.8245141065830752,0,0.6385657051282088
20,0.4,20000,0.5,871,0.4647058823529412,0.8866666666666667,0.17559273280731952,0,0.851596153846158,0,0.7194336012246471
20,0.4,20000,0.5,910,0.4858823529411765,0.8800000000000002,0.16737926542417778,0,0.8436088154269995,0,0.6539670329670341
20,0.4,20000,0.5,877,0.46941176470588236,0.8873333333333336,0.16972986338652535,0,0.8355970149253767,0,0.7139642721398698
20,0.4,20000,0.5,818,0.5023529411764706,0.8933333333333333,0.17231452346393591,0,0.8405219780219816,0,0.66641809290954
20,0.4,20000,0.5,840,0.4717647058823529,0.8893333333333332,0.1466158268824834,0,0.8133119658119677,0,0.6987619047619056
20,0.4,20000,0.5,853,0.45529411764705885,0.8873333333333333,0.1757071690365836,0,0.8463991323210431,0,0.6994568190699495
20,0.4,20000,0.7,849,0.4976470588235294,0.8866666666666667,0.14971408067957473,0,0.8222779922779939,0,0.6232862190812759
20,0.4,20000,0.7,881,0.4647058823529412,0.8846666666666666,0.165261079995147,0,0.8440241448692172,0,0.709197881195612
20,0.4,20000,0.7,857,0.48470588235294115,0.8873333333333335,0.15824025458566454,0,0.8343225806451642,0,0.6419953325554281
20,0.4,20000,0.7,882,0.49058823529411766,0.8866666666666668,0.16704309670148157,0,0.8416885964912314,0,0.6885638699924435
20,0.4,20000,0.7,846,0.5329411764705883,0.8866666666666665,0.1678558198069929,0,0.831088435374154,0,0.6865918045705307
20,0.4,20000,0.7,866,0.47058823529411764,0.8866666666666667,0.15636942418751507,0,0.8354592720970585,0,0.7417936874518849
20,0.4,20000,0.7,872,0.46941176470588236,0.8853333333333332,0.1791545697721828,0,0.8669059405940612,0,0.6861964831804297
20,0.4,20000,0.7,855,0.4929411764705882,0.8873333333333335,0.16121678995351427,0,0.8267132867132884,0,0.6871228070175449
20,0.4,20000,0.7,847,0.48470588235294115,0.8866666666666668,0.16778517995847433,0,0.8364304461942286,0,0.6742699724517934
20,0.4,20000,0.7,897,0.4823529411764706,0.8806666666666665,0.18589573014907318,0,0.8623222748815189,0,0.6807915273132686
20,0.4,3000,0.1,858,0.46588235294117647,0.9619999999999999,0.1686336181310815,0.3182954545454548,0.7333333333333347,0.004662004662004662,0.5196448087431678
20,0.4,3000,0.1,853,0.4858823529411765,0.9766666666666667,0.19104079622366274,0.28671698113207594,0.7436144578313261,0.004689331770222743,0.523246957204554
20,0.4,3000,0.1,856,0.48823529411764705,0.9860000000000004,0.19155694581749122,0.31953947368421093,0.7546517412935334,0.004672897196261682,0.5227895148669789
20,0.4,3000,0.1,882,0.4329411764705882,0.9426666666666667,0.18901001879295978,0.28950000000000015,0.7682924335378329,0.003401360544217687,0.5665377322715192
20,0.4,3000,0.1,840,0.4541176470588235,0.9566666666666669,0.2032305655296233,0.2954228855721389,0.780900900900902,0.0035714285714285713,0.5684428514536047
20,0.4,3000,0.1,838,0.4576470588235294,0.9800000000000002,0.20901376436561123,0.29378600823045287,0.7636639118457305,0.00477326968973747,0.5696522781774574
20,0.4,3000,0.1,842,0.4835294117647059,0.9666666666666669,0.190091540558836,0.3238912133891212,0.7452866861030127,0.0035629453681710215,0.5506793802145388
20,0.4,3000,0.1,862,0.4611764705882353,0.9446666666666665,0.1637334569198218,0.3150943396226419,0.7140177439797224,0.002320185614849188,0.5289418604651143
20,0.4,3000,0.1,867,0.4964705882352941,0.95,0.1812396380814732,0.28306666666666663,0.7530681818181812,0.002306805074971165,0.5770173410404611
20,0.4,3000,0.1,902,0.43529411764705883,0.9426666666666665,0.14862994521058454,0.3112328767123289,0.7179026217228484,0.0022172949002217295,0.5624481481481458
20,0.4,3000,0.3,871,0.4929411764705882,0.9766666666666669,0.24881023572665603,0.1567103347889371,0.8101785714285733,0.004592422502870264,0.5118069973087293
20,0.4,3000,0.3,854,0.4776470588235294,0.9406666666666664,0.26732527766338593,0.1440952380952381,0.8421158690176347,0.00234192037470726,0.6039358372456977
20,0.4,3000,0.3,813,0.49058823529411766,0.9533333333333334,0.29248108297209047,0.1379251700680271,0.8340369393139864,0.0036900369003690036,0.572304526748971
20,0.4,3000,0.3,849,0.5152941176470588,0.9606666666666668,0.29770974427785724,0.1174594594594594,0.8452592592592625,0.0035335689045936395,0.5863987391646984
20,0.4,3000,0.3,850,0.48705882352941177,0.9720000000000003,0.2791520885842247,0.1609251101321588,0.867743190661479,0.004705882352941176,0.5304885736800634
20,0.4,3000,0.3,861,0.48470588235294115,0.9673333333333332,0.25551335637530176,0.15737681159420278,0.8323584905660387,0.004645760743321719,0.5038389731621948
20,0.4,3000,0.3,858,0.4894117647058824,0.9646666666666666,0.24865331918013778,0.19805436337625174,0.8109477124183044,0.004662004662004662,0.5342466822794705
20,0.4,3000,0.3,856,0.45647058823529413,0.961333333333333,0.29215899040664606,0.1646241134751772,0.8507977207977245,0.004672897196261682,0.5586541471048536
20,0.4,3000,0.5,856,0.44823529411764707,0.8879999999999999,0.16636301919905874,0,0.8372136222910235,0,0.6470171339563893
20,0.4,3000,0.3,854,0.4835294117647059,0.984,0.2993518265050899,0.12833333333333316,0.8312532637075749,0.00468384074941452,0.5568666666666691
20,0.4,3000,0.3,865,0.4623529411764706,0.9673333333333337,0.26834873391190417,0.1804267589388701,0.8192253521126783,0.005780346820809248,0.4982054263565908
20,0.4,3000,0.5,860,0.47058823529411764,0.8873333333333333,0.13942331908977101,0,0.8106369426751616,0,0.645899224806203
20,0.4,3000,0.5,866,0.48705882352941177,0.8873333333333335,0.15149088612677808,0,0.8164746543778831,0,0.6809083910700554
20,0.4,3000,0.5,831,0.47058823529411764,0.8880000000000003,0.17838902747990387,0,0.852257281553401,0,0.6805094263939045
20,0.4,3000,0.5,864,0.48470588235294115,0.8879999999999999,0.17768298319314563,0,0.8474541751527537,0,0.7024652777777816
20,0.4,3000,0.5,867,0.4835294117647059,0.8886666666666666,0.17896875151861075,0,0.8533461538461575,0,0.7145059592464447
20,0.4,3000,0.5,862,0.4835294117647059,0.8866666666666668,0.1717942460161291,0,0.8334272300469523,0,0.6724593967517424
20,0.4,3000,0.5,871,0.44588235294117645,0.8866666666666668,0.1740428994395678,0,0.8574535315985149,0,0.7300382701875228
20,0.4,3000,0.5,858,0.49176470588235294,0.8866666666666667,0.18157687434366687,0,0.861607565011822,0,0.6918259518259546
20,0.4,3000,0.7,886,0.4811764705882353,0.8880000000000001,0.1711988896745238,0,0.8387108013937311,0,0.721772009029345
20,0.4,3000,0.7,893,0.46588235294117647,0.8853333333333332,0.16696262621093366,0,0.8450847457627161,0,0.7166330720418075
20,0.4,3000,0.5,866,0.49529411764705883,0.8866666666666667,0.16420082399207248,0,0.8356532663316607,0,0.6767244033872247
20,0.4,3000,0.7,885,0.47294117647058825,0.8833333333333335,0.1776694766186544,0,0.8432805429864296,0,0.6831148775894559
20,0.4,3000,0.7,919,0.46941176470588236,0.88,0.18400376048299794,0,0.8508941176470609,0,0.676035545883207
20,0.4,3000,0.7,885,0.48,0.884,0.17482516547839022,0,0.8387862318840614,0,0.7180112994350288
20,0.4,3000,0.7,851,0.4835294117647059,0.8866666666666667,0.16214551046199963,0,0.8314750000000035,0,0.6745084214649448
20,0.4,3000,0.7,865,0.47411764705882353,0.8866666666666668,0.15749607615700312,0,0.8232957110609493,0,0.6892138728323711
20,0.4,3000,0.7,865,0.4823529411764706,0.8873333333333333,0.1542813747738448,0,0.8381565656565677,0,0.6835799614643564
20,0.4,3000,0.7,861,0.47058823529411764,0.8873333333333331,0.17229670351571472,0,0.8367131474103622,0,0.705567169957415
20,0.4,3000,0.7,809,0.5023529411764706,0.8933333333333333,0.16198916482826337,0,0.8207819905213325,0,0.6801483312731809
20,0.4,4000,0.1,865,0.4776470588235294,0.9706666666666668,0.20441641812660288,0.29924528301886766,0.7808260447035962,0.003468208092485549,0.5713302397525121
20,0.4,4000,0.1,859,0.5,0.9540000000000002,0.16590785651368228,0.3452791878172589,0.7284411764705906,0.002328288707799767,0.5619914430182797
20,0.4,4000,0.1,827,0.4811764705882353,0.9633333333333335,0.18108885007812764,0.3296441281138795,0.7576395534290279,0.0036275695284159614,0.5119457928802591
20,0.4,4000,0.1,846,0.47411764705882353,0.9546666666666668,0.17685121741325333,0.3105911330049263,0.761129476584023,0.0035460992907801418,0.5384302095689977
20,0.4,4000,0.1,865,0.4576470588235294,0.9773333333333335,0.18267544106982667,0.27692307692307694,0.762766323024056,0.004624277456647399,0.5281455671699573
20,0.4,4000,0.1,857,0.4788235294117647,0.9506666666666668,0.17698534433880694,0.3335294117647062,0.7445862068965522,0.002333722287047841,0.5445224171539937
20,0.4,4000,0.1,838,0.4752941176470588,0.9519999999999998,0.16771989731984102,0.32376470588235334,0.7311004784689006,0.003579952267303103,0.5164111776447085
20,0.4,4000,0.1,818,0.4682352941176471,0.9553333333333333,0.17720691518818235,0.33468992248062035,0.7406227106227118,0.003667481662591687,0.5413824130879343
20,0.4,4000,0.1,887,0.4647058823529412,0.9606666666666664,0.19477125051673858,0.3500724637681163,0.768364779874213,0.0033821871476888386,0.5639027149321238
20,0.4,4000,0.1,848,0.48705882352941177,0.9693333333333334,0.19157177438923415,0.282737430167598,0.7794685990338168,0.003537735849056604,0.5471715976331347
20,0.4,4000,0.3,910,0.45647058823529413,0.9693333333333332,0.2981767209216017,0.13845771144278593,0.8369393939393956,0.005494505494505495,0.5297127071823213
20,0.4,4000,0.3,848,0.4682352941176471,0.9826666666666665,0.2843543672492002,0.13738095238095221,0.8420748299319764,0.0047169811320754715,0.5388665086887832
20,0.4,4000,0.3,909,0.4447058823529412,0.9586666666666668,0.2864628886624563,0.12909448818897612,0.8772016460905355,0.005500550055005501,0.5080272861356948
20,0.4,4000,0.3,829,0.4858823529411765,0.9646666666666666,0.27554578252874173,0.13585034013605415,0.8317445482866085,0.0036188178528347406,0.5588740920096869
20,0.4,4000,0.3,910,0.4447058823529412,0.9626666666666667,0.2811699942847155,0.1345959595959595,0.8322762148337638,0.0032967032967032967,0.5751708930540266
20,0.4,4000,0.3,835,0.4976470588235294,0.9573333333333335,0.2495195573587847,0.14799999999999996,0.7915841584158413,0.004790419161676647,0.4863337344564785
20,0.4,4000,0.3,855,0.48,0.9586666666666666,0.272328107999771,0.14055258467023168,0.8345400593471844,0.0035087719298245615,0.5636032863849786
20,0.4,4000,0.3,882,0.5117647058823529,0.9406666666666667,0.2479780736779254,0.1506832298136644,0.8245783132530157,0.003401360544217687,0.570257868790295
20,0.4,4000,0.3,810,0.5294117647058824,0.9860000000000002,0.27916258251028425,0.13757457846952006,0.8271604938271624,0.006172839506172839,0.48833954451345857
20,0.4,4000,0.3,887,0.4682352941176471,0.9673333333333333,0.3090182462650388,0.14408906882591094,0.852725118483416,0.004509582863585118,0.5739486598716521
20,0.4,4000,0.5,929,0.46941176470588236,0.880666666666667,0.1386383107711389,0,0.8046909090909126,0,0.6240509508432017
20,0.4,4000,0.5,889,0.4717647058823529,0.8826666666666665,0.1732263222161686,0,0.8505440414507791,0,0.6677840269966274
20,0.4,4000,0.5,836,0.46,0.8879999999999999,0.16787337668454416,0,0.8423897058823571,0,0.7342224880382788
20,0.4,4000,0.5,888,0.47058823529411764,0.8833333333333333,0.1596210498524345,0,0.8178489702517205,0,0.6724174174174192
20,0.4,4000,0.5,867,0.4423529411764706,0.8873333333333333,0.17271280361155014,0,0.8510937500000021,0,0.7226336024605944
20,0.4,4000,0.5,847,0.4964705882352941,0.8873333333333335,0.16780488932690268,0,0.8472093023255834,0,0.6766076347894538
20,0.4,4000,0.5,883,0.4588235294117647,0.8866666666666667,0.14217070997586312,0,0.8027076923076956,0,0.6473197432993595
20,0.4,4000,0.5,857,0.48470588235294115,0.8873333333333333,0.17585352326421633,0,0.8418387909319909,0,0.6714469078179712
20,0.4,4000,0.5,860,0.4894117647058824,0.8866666666666667,0.1862803493540538,0,0.8692149532710299,0,0.7344728682170545
20,0.4,4000,0.5,869,0.4611764705882353,0.8866666666666665,0.17291548791691883,0,0.847474949899803,0,0.7109205983889539
20,0.4,4000,0.7,869,0.48,0.8866666666666667,0.16998370709416336,0,0.8519099099099138,0,0.7318258534714235
20,0.4,4000,0.7,858,0.47058823529411764,0.8866666666666667,0.1656960154419807,0,0.8343902439024439,0,0.6880264180264205
20,0.4,4000,0.7,832,0.47411764705882353,0.8933333333333335,0.16037196566283202,0,0.8193959731543673,0,0.6848597756410275
20,0.4,4000,0.7,866,0.45294117647058824,0.8866666666666667,0.17759836701114098,0,0.849022556390982,0,0.7167090069284072
20,0.4,4000,0.7,806,0.5023529411764706,0.8946666666666668,0.156344242136031,0,0.828964059196622,0,0.7088626964433442
20,0.4,4000,0.7,859,0.4988235294117647,0.8866666666666667,0.1683025758807892,0,0.8326030927835081,0,0.6673302289483934
20,0.4,4000,0.7,858,0.5035294117647059,0.8879999999999999,0.1907407019058093,0,0.8555391120507431,0,0.700167055167057
20,0.4,4000,0.7,860,0.4976470588235294,0.8873333333333333,0.14770708755306838,0,0.8233641975308662,0,0.6479224806201566
20,0.4,4000,0.7,826,0.5094117647058823,0.8906666666666668,0.1536865626331734,0,0.8243251533742354,0,0.6492332526230875
20,0.4,4000,0.7,859,0.47411764705882353,0.8873333333333335,0.1734047284070592,0,0.8431773399014816,0,0.6724136592937547
20,0.4,5000,0.1,861,0.4823529411764706,0.9740000000000002,0.1944319760899826,0.3272164948453614,0.754599303135889,0.003484320557491289,0.5334071484071462
20,0.4,5000,0.1,832,0.5035294117647059,0.9473333333333332,0.1985688406252325,0.2774619289340101,0.7504425612052726,0.003605769230769231,0.5707076799356633
20,0.4,5000,0.1,861,0.46705882352941175,0.9466666666666669,0.18161512735547733,0.28940860215053765,0.7338591269841276,0.003484320557491289,0.5558391608391599
20,0.4,5000,0.1,894,0.46941176470588236,0.9526666666666666,0.21895719962094048,0.2725462962962961,0.7788861588861576,0.0044742729306487695,0.583531835205993
20,0.4,5000,0.1,864,0.4717647058823529,0.9726666666666663,0.19279806986919645,0.3360989010989013,0.7496632996633008,0.003472222222222222,0.518765001935732
20,0.4,5000,0.1,863,0.4717647058823529,0.9706666666666667,0.20307485131326095,0.2758436213991771,0.7389292929292938,0.004634994206257242,0.5528521536670529
20,0.4,5000,0.1,805,0.4964705882352941,0.9826666666666667,0.1924659997212205,0.3046641791044776,0.736416666666668,0.004968944099378882,0.5310362047440684
20,0.4,5000,0.1,909,0.44823529411764707,0.9459999999999998,0.17913045726544907,0.33542857142857135,0.7376133651551293,0.0022002200220022,0.5783388460124932
20,0.4,5000,0.1,866,0.46,0.9593333333333336,0.17238612367445869,0.31799307958477563,0.729195979899498,0.004618937644341801,0.5019682907965953
20,0.4,5000,0.1,857,0.45647058823529413,0.9600000000000002,0.20527600754730208,0.2940434782608694,0.7551653261840924,0.004667444574095682,0.5571746776084392
20,0.4,5000,0.3,847,0.4988235294117647,0.9406666666666667,0.2674620552118222,0.12953878406708583,0.8384660766961686,0.0035419126328217238,0.5748222748815197
20,0.4,5000,0.3,866,0.46,0.9973333333333333,0.3079569078810516,0.13913946587537135,0.8373962264150958,0.006928406466512702,0.47379069767441906
20,0.4,5000,0.3,879,0.4776470588235294,0.9760000000000002,0.2921882227055124,0.17654719235364405,0.8500923076923094,0.005688282138794084,0.5319984744469878
20,0.4,5000,0.3,859,0.4988235294117647,1.0119999999999998,0.33389686910510313,0.14718309859154974,0.8680937500000022,0.006984866123399301,0.4991793669402114
20,0.4,5000,0.3,874,0.4682352941176471,0.9620000000000001,0.2744505446601035,0.17081845238095233,0.8353915662650637,0.004576659038901602,0.5481149425287378
20,0.4,5000,0.3,810,0.4764705882352941,0.9600000000000002,0.2696885962199719,0.18174917491749185,0.8434237288135614,0.003703703703703704,0.5499545642296578
20,0.4,5000,0.3,820,0.4717647058823529,0.9746666666666668,0.2850489978385455,0.1221236559139785,0.8069322709163366,0.006097560975609756,0.5051656441717792
20,0.4,5000,0.3,824,0.4835294117647059,0.97,0.27226122993024277,0.18478737997256547,0.8295270270270292,0.0048543689320388345,0.5348170731707348
20,0.4,5000,0.3,858,0.48705882352941177,0.9639999999999997,0.27246546654832976,0.1585590277777775,0.8523684210526342,0.0034965034965034965,0.5613684210526323
20,0.4,5000,0.5,834,0.46941176470588236,0.8893333333333334,0.17193293003530846,0,0.8484615384615408,0,0.7302278177458054
20,0.4,5000,0.3,883,0.46941176470588236,0.9439999999999997,0.25866025674091847,0.14333333333333326,0.8268956043956063,0.0033975084937712344,0.5895606060606088
20,0.4,5000,0.5,854,0.49529411764705883,0.8880000000000001,0.1797870862165912,0,0.843704545454548,0,0.6840163934426242
20,0.4,5000,0.5,812,0.5011764705882353,0.894,0.1661407347577754,0,0.8465463917525804,0,0.7547454844006574
20,0.4,5000,0.5,836,0.4929411764705882,0.8913333333333333,0.15446208675560041,0,0.8234204793028378,0,0.6933293460925058
20,0.4,5000,0.5,865,0.46705882352941175,0.8866666666666663,0.18524062756549634,0,0.8556555772994174,0,0.7171522157996163
20,0.4,5000,0.5,878,0.4894117647058824,0.8840000000000001,0.15836058215470133,0,0.8214765100671159,0,0.683663629460895
20,0.4,5000,0.5,857,0.5,0.8873333333333333,0.17387486218333015,0,0.8365677966101728,0,0.696479968883706
20,0.4,5000,0.5,865,0.44,0.8873333333333335,0.14823156774842874,0,0.8131630170316356,0,0.6779922928709066
20,0.4,5000,0.5,832,0.4823529411764706,0.8933333333333333,0.17085992293460617,0,0.8419093078758988,0,0.6836177884615391
20,0.4,5000,0.7,889,0.4823529411764706,0.8853333333333334,0.17844022118894534,0,0.8481620553359712,0,0.7015860517435328
20,0.4,5000,0.7,822,0.4976470588235294,0.8933333333333333,0.14934878518165945,0,0.8314313725490238,0,0.728426601784267
20,0.4,5000,0.5,907,0.45529411764705885,0.88,0.1661161313609547,0,0.8318783542039405,0,0.7137596471885335
20,0.4,5000,0.7,853,0.4788235294117647,0.8866666666666667,0.1728690259658822,0,0.8377725118483431,0,0.677006643220011
20,0.4,5000,0.7,823,0.4623529411764706,0.8933333333333331,0.17004918596155671,0,0.8360156250000016,0,0.6713730255164057
20,0.4,5000,0.7,861,0.4623529411764706,0.8866666666666667,0.1632418122603194,0,0.8357534246575371,0,0.6619589624467697
20,0.4,5000,0.7,858,0.4835294117647059,0.8873333333333335,0.17385238893269608,0,0.8357651991614297,0,0.6958741258741284
20,0.4,5000,0.7,856,0.5023529411764706,0.8866666666666667,0.17085058818957682,0,0.83875346260388,0,0.6611915887850496
20,0.4,5000,0.7,913,0.46705882352941175,0.8813333333333334,0.1958474827061776,0,0.8700459770114963,0,0.6799634903249402
20,0.4,5000,0.7,854,0.5105882352941177,0.8873333333333335,0.14290464985919674,0,0.8053954802259936,0,0.6593052302888387
20,0.4,5000,0.7,882,0.4811764705882353,0.8866666666666667,0.1642447756357026,0,0.8375964391691423,0,0.640555555555557
20,0.5,1000,0.1,885,0.46352941176470586,0.9660000000000002,0.1622047266321719,0.3008974358974357,0.7070077519379854,0.004519774011299435,0.5182406356413164
20,0.5,1000,0.1,917,0.4623529411764706,0.9433333333333334,0.16914550347985502,0.30775280898876406,0.7705164319248838,0.0021810250817884407,0.5420728597449913
20,0.5,1000,0.1,869,0.46,0.9586666666666666,0.21574619907370887,0.2941125541125545,0.7757480314960621,0.0034522439585730723,0.5744996150885284
20,0.5,1000,0.1,872,0.4776470588235294,0.9626666666666666,0.1632385787336831,0.3280252100840338,0.7188333333333345,0.0034403669724770644,0.5419984656693497
20,0.5,1000,0.1,850,0.508235294117647,0.9706666666666668,0.19871089491188998,0.3190521327014216,0.7773408239700375,0.0035294117647058825,0.5780480125934666
20,0.5,1000,0.1,886,0.4682352941176471,0.9706666666666667,0.16194415097585904,0.3123958333333334,0.7124038461538477,0.003386004514672686,0.5574631936579798
20,0.5,1000,0.1,896,0.45647058823529413,0.9719999999999999,0.20035315878720586,0.31579710144927564,0.7592871485943796,0.004464285714285714,0.5482174887892357
20,0.5,1000,0.1,882,0.4776470588235294,0.9353333333333335,0.1649787731763201,0.27203125000000006,0.7224556737588649,0.0022675736961451248,0.5817348484848449
20,0.5,1000,0.1,910,0.4623529411764706,0.9693333333333337,0.17654490062693623,0.33159010600706806,0.7478474784747857,0.0032967032967032967,0.5293090775450191
20,0.5,1000,0.1,861,0.4647058823529412,0.9566666666666669,0.19809721203995082,0.30391509433962255,0.7816135881104045,0.003484320557491289,0.5558818958818945
20,0.5,1000,0.3,857,0.48705882352941177,0.9459999999999998,0.30036638166392327,0.1356260162601625,0.848816120906804,0.004667444574095682,0.575369284876907
20,0.5,1000,0.3,887,0.47058823529411764,0.958,0.28792275152662083,0.1206289308176099,0.8570529801324532,0.004509582863585118,0.5512533031332586
20,0.5,1000,0.3,863,0.4588235294117647,0.9733333333333334,0.30734366768862903,0.11760374832663963,0.8479941002949892,0.005793742757821553,0.5405594405594423
20,0.5,1000,0.3,871,0.48470588235294115,0.9393333333333336,0.27341728998926407,0.15901851851851834,0.8387878787878837,0.003444316877152698,0.6006989247311846
20,0.5,1000,0.3,880,0.4776470588235294,0.9420000000000001,0.2725503356185891,0.09380645161290341,0.8391369047619077,0.003409090909090909,0.5741923223109103
20,0.5,1000,0.3,888,0.47294117647058825,0.9846666666666666,0.3077642787991528,0.13520770010131739,0.8485517241379334,0.006756756756756757,0.48466742252456496
20,0.5,1000,0.3,903,0.4470588235294118,0.9760000000000002,0.29616103517163045,0.1474999999999999,0.8507407407407427,0.005537098560354375,0.5144060876020801
20,0.5,1000,0.3,891,0.45529411764705885,0.9633333333333335,0.25800725007400216,0.14085241730279896,0.8128773584905671,0.005611672278338945,0.4845974416854805
20,0.5,1000,0.3,854,0.49058823529411766,0.9706666666666665,0.2933521698955402,0.17051612903225824,0.8398884758364333,0.00585480093676815,0.5062151550844152
20,0.5,1000,0.3,868,0.45294117647058824,0.9759999999999996,0.30035425924479187,0.13701923076923084,0.8327464788732417,0.0069124423963133645,0.49156225831399986
20,0.5,1000,0.5,862,0.4835294117647059,0.8866666666666668,0.1547350254621963,0,0.8239641434262994,0,0.705003866976025
20,0.5,1000,0.5,826,0.4717647058823529,0.8933333333333333,0.16422405461632245,0,0.832544169611309,0,0.6282889426957264
20,0.5,1000,0.5,858,0.5047058823529412,0.8866666666666667,0.14529460868696717,0,0.8184281842818467,0,0.6710450660450665
20,0.5,1000,0.5,859,0.4764705882352941,0.8866666666666667,0.1561204665135336,0,0.8302370689655214,0,0.7004346138921239
20,0.5,1000,0.5,862,0.45647058823529413,0.8866666666666667,0.17819555530835765,0,0.8557974683544307,0,0.6773008507347262
20,0.5,1000,0.5,865,0.46705882352941175,0.8873333333333335,0.16664755590497887,0,0.8259322033898344,0,0.6705703275529876
20,0.5,1000,0.5,853,0.47411764705882353,0.8866666666666667,0.152496933005245,0,0.832581196581201,0,0.7408948808128161
20,0.5,1000,0.5,864,0.4964705882352941,0.8873333333333333,0.15753350228622875,0,0.8184487534626065,0,0.6594020061728416
20,0.5,1000,0.5,854,0.4811764705882353,0.8873333333333333,0.16765087889376065,0,0.8290732758620742,0,0.6959484777517587
20,0.5,1000,0.5,852,0.5105882352941177,0.8873333333333331,0.17706232580216943,0,0.8546524064171143,0,0.6694092331768408
20,0.5,1000,0.7,844,0.47058823529411764,0.8880000000000001,0.15576818931591968,0,0.8153333333333371,0,0.6815086887835713
20,0.5,1000,0.7,822,0.4717647058823529,0.8933333333333331,0.18218277941769873,0,0.857829268292684,0,0.6873154906731576
20,0.5,1000,0.7,868,0.47411764705882353,0.8873333333333333,0.16091093027285958,0,0.836244541484719,0,0.6959907834101394
20,0.5,1000,0.7,881,0.4682352941176471,0.8859999999999999,0.16406864728459078,0,0.8350765864332633,0,0.6943511161558852
20,0.5,1000,0.7,848,0.4505882352941176,0.8866666666666667,0.14906741483551902,0,0.8162571428571465,0,0.6498860062893111
20,0.5,1000,0.7,872,0.46588235294117647,0.8866666666666667,0.17572510394028093,0,0.8475550122249402,0,0.6693348623853231
20,0.5,1000,0.7,842,0.48470588235294115,0.8919999999999999,0.17619666204649712,0,0.843398533007335,0,0.6736777513855908
20,0.5,1000,0.7,838,0.5247058823529411,0.8906666666666666,0.1528837154900835,0,0.8326666666666701,0,0.6648011137629295
20,0.5,1000,0.7,862,0.47294117647058825,0.8866666666666667,0.17220357072792017,0,0.843325123152711,0,0.6739868522815166
20,0.5,1000,0.7,890,0.48823529411764705,0.8806666666666668,0.17365670702058195,0,0.8525401069518731,0,0.6655093632958817
20,0.5,20000,0.1,865,0.49176470588235294,0.990666666666667,0.20353835346057958,0.282022900763359,0.7574305555555564,0.004624277456647399,0.5430429732868742
20,0.5,20000,0.1,825,0.4764705882352941,0.9473333333333335,0.18068498055382637,0.32149999999999995,0.749164535379368,0.0036363636363636364,0.5846309813463074
20,0.5,20000,0.1,870,0.4682352941176471,0.9406666666666664,0.1696982804265835,0.288402777777778,0.742952380952383,0.0022988505747126436,0.5794278033794151
20,0.5,20000,0.1,835,0.5,0.9706666666666667,0.20892131315604032,0.3122748815165876,0.7634013605442146,0.003592814371257485,0.606422275641023
20,0.5,20000,0.1,857,0.5,0.9660000000000001,0.19156607761691732,0.2965416666666668,0.7343013972055893,0.003500583430571762,0.5445784543325523
20,0.5,20000,0.1,856,0.4976470588235294,0.9693333333333334,0.1792809744878552,0.3209090909090908,0.7688790560471981,0.0035046728971962616,0.5280500195388815
20,0.5,20000,0.1,880,0.48823529411764705,0.9600000000000004,0.17643884060845638,0.34858461538461505,0.7386737089201894,0.003409090909090909,0.5268415051311273
20,0.5,20000,0.1,840,0.5023529411764706,0.9686666666666663,0.18350489228274713,0.33082987551867216,0.7360056657223806,0.0035714285714285713,0.554289127837512
20,0.5,20000,0.1,874,0.4776470588235294,0.9553333333333333,0.21589341663354625,0.30583969465648825,0.7905821596244151,0.003432494279176201,0.5630922311519336
20,0.5,20000,0.1,819,0.4929411764705882,0.9733333333333334,0.19537841152121138,0.2962500000000002,0.7527839851024207,0.004884004884004884,0.5738323108384423
20,0.5,20000,0.3,836,0.5035294117647059,0.9726666666666671,0.2969118156090701,0.14631860776439104,0.850352564102568,0.005980861244019139,0.5322061772964305
20,0.5,20000,0.3,868,0.4894117647058824,0.9553333333333333,0.26126702557247944,0.11825581395348841,0.8246644295302051,0.0034562211981566822,0.5495799614643566
20,0.5,20000,0.3,870,0.4764705882352941,0.9519999999999998,0.29186532871931825,0.12438697318007653,0.8378395061728441,0.0034482758620689655,0.6171088043060383
20,0.5,20000,0.3,861,0.49529411764705883,0.9580000000000001,0.27611779514897195,0.13476897689768966,0.826746987951809,0.004645760743321719,0.5438234150136145
20,0.5,20000,0.3,866,0.4776470588235294,0.9626666666666667,0.2758176289568932,0.15770642201834842,0.834575757575761,0.004618937644341801,0.551453982985308
20,0.5,20000,0.3,885,0.45529411764705885,0.9133333333333336,0.2278974545217959,0.11888888888888886,0.8268877551020443,0.0011299435028248588,0.6169984917043768
20,0.5,20000,0.3,857,0.4764705882352941,0.9626666666666666,0.31164494770951834,0.1447658402203855,0.8647326203208572,0.004667444574095682,0.5616021883548262
20,0.5,20000,0.3,855,0.46705882352941175,0.9660000000000002,0.2807827179135573,0.1195098039215685,0.8431186440677987,0.004678362573099415,0.5383901292596956
20,0.5,20000,0.3,845,0.4682352941176471,0.9513333333333333,0.27405120510999814,0.1691635916359164,0.8333472803347289,0.005917159763313609,0.49933730158730194
20,0.5,20000,0.5,866,0.4576470588235294,0.8866666666666668,0.18567242864137337,0,0.8648305084745813,0,0.7087875288683619
20,0.5,20000,0.3,854,0.4788235294117647,0.9573333333333335,0.25890128346623315,0.17459016393442614,0.8394576271186468,0.00351288056206089,0.5563963963963984
20,0.5,20000,0.5,846,0.4752941176470588,0.8873333333333335,0.17561864146780018,0,0.8480056179775319,0,0.6590622537431077
20,0.5,20000,0.5,823,0.4788235294117647,0.8940000000000001,0.15517204547490054,0,0.8316846652267847,0,0.7030336168489266
20,0.5,20000,0.5,810,0.4988235294117647,0.8933333333333333,0.17541580765128567,0,0.8437701149425315,0,0.6918065843621423
20,0.5,20000,0.5,862,0.4435294117647059,0.8873333333333331,0.15660886809181646,0,0.828505747126437,0,0.6127532869296249
20,0.5,20000,0.5,843,0.5223529411764706,0.8866666666666665,0.17045530111645388,0,0.858379120879123,0,0.6774733096085422
20,0.5,20000,0.5,875,0.4576470588235294,0.8866666666666667,0.17895182729628922,0,0.8447272727272754,0,0.7016380952380967
20,0.5,20000,0.5,872,0.4717647058823529,0.8880000000000001,0.1644323389397199,0,0.8332119914346925,0,0.6895986238532115
20,0.5,20000,0.5,872,0.4964705882352941,0.8846666666666666,0.17547333463724754,0,0.8566759002770108,0,0.6633562691131508
20,0.5,20000,0.7,854,0.4752941176470588,0.8879999999999999,0.17017591212772676,0,0.8461241970021448,0,0.7000039032006276
20,0.5,20000,0.5,865,0.4752941176470588,0.8873333333333333,0.17311727649504313,0,0.8474834437086105,0,0.6944585741811182
20,0.5,20000,0.7,848,0.48,0.8880000000000001,0.17672954816359102,0,0.8412272727272746,0,0.6900117924528316
20,0.5,20000,0.7,833,0.45647058823529413,0.89,0.16991477289109977,0,0.8515679442508727,0,0.6332733093237315
20,0.5,20000,0.7,884,0.47058823529411764,0.8859999999999999,0.17247031795399165,0,0.8512121212121239,0,0.6592269984917056
20,0.5,20000,0.7,866,0.4823529411764706,0.8873333333333335,0.17110123576118452,0,0.8363549160671495,0,0.679349499615089
20,0.5,20000,0.7,885,0.4788235294117647,0.884,0.16368337767596558,0,0.825307262569835,0,0.6475254237288158
20,0.5,20000,0.7,862,0.4811764705882353,0.8866666666666667,0.17957477078040768,0,0.8559124087591261,0,0.6802861562258332
20,0.5,20000,0.7,901,0.44,0.8800000000000002,0.1549268592923008,0,0.8154545454545474,0,0.6268923418423992
20,0.5,20000,0.7,860,0.4647058823529412,0.8866666666666667,0.1681773400056751,0,0.8345067264574022,0,0.6877054263565897
20,0.5,20000,0.7,874,0.4411764705882353,0.8873333333333335,0.17625337118935167,0,0.8446563192904689,0,0.6884820747520985
20,0.5,3000,0.1,855,0.45529411764705885,0.9473333333333335,0.1815619396887219,0.2944385026737969,0.7647977684797778,0.0023391812865497076,0.5353810082063307
20,0.5,3000,0.1,865,0.4682352941176471,0.9819999999999999,0.1680688876330931,0.32824104234527746,0.71844677137871,0.004624277456647399,0.5102129307007344
20,0.5,3000,0.1,846,0.5094117647058823,0.9520000000000001,0.1960390981840245,0.2881714285714287,0.7555911111111108,0.002364066193853428,0.5800434439178501
20,0.5,3000,0.1,812,0.4811764705882353,0.9493333333333336,0.1818492750719423,0.31844897959183666,0.7298644067796621,0.003694581280788177,0.5430284301606906
20,0.5,3000,0.1,856,0.5035294117647059,0.9479999999999997,0.19154559412409985,0.28933333333333355,0.7527671232876714,0.0035046728971962616,0.5793278624462653
20,0.5,3000,0.1,849,0.47294117647058825,0.9800000000000005,0.21548419380423348,0.3045774647887328,0.7651615881809771,0.004711425206124852,0.5473925049309643
20,0.5,3000,0.1,827,0.47058823529411764,0.9626666666666669,0.19286036874697407,0.3075000000000002,0.7580451127819541,0.0024183796856106408,0.5855919191919172
20,0.5,3000,0.1,853,0.44588235294117645,0.9733333333333332,0.21535928370905433,0.28303643724696365,0.766406810035842,0.004689331770222743,0.5640321947389052
20,0.5,3000,0.1,858,0.4823529411764706,0.9566666666666669,0.18763158214764172,0.3526315789473678,0.7595934959349603,0.002331002331002331,0.551608255451712
20,0.5,3000,0.3,856,0.49176470588235294,0.9733333333333332,0.2910918361951693,0.1419109195402296,0.8418155619596563,0.004672897196261682,0.5506142410015672
20,0.5,3000,0.3,847,0.4623529411764706,0.9553333333333334,0.2712090682418692,0.14940217391304336,0.8510543130990441,0.0035419126328217238,0.558609794628753
20,0.5,3000,0.3,858,0.4611764705882353,0.9626666666666666,0.30011396706358495,0.15162464985994392,0.849785522788208,0.004662004662004662,0.560679156908668
20,0.5,3000,0.1,868,0.49411764705882355,0.9540000000000002,0.18844829229957388,0.2865789473684212,0.7589601139601146,0.004608294930875576,0.524984567901235
20,0.5,3000,0.3,842,0.47411764705882353,0.9386666666666668,0.27214838057509266,0.17090038314176237,0.8636716417910466,0.0035629453681710215,0.5770162892332155
20,0.5,3000,0.3,819,0.5141176470588236,0.9693333333333334,0.2702253468691875,0.1338643067846605,0.8324413145539914,0.004884004884004884,0.5111288343558296
20,0.5,3000,0.3,905,0.4611764705882353,0.964,0.30951963718680287,0.1198717948717945,0.8440189125295549,0.004419889502762431,0.5715982241953401
20,0.5,3000,0.3,861,0.4988235294117647,0.9860000000000004,0.2962921646503282,0.15930718954248368,0.8488235294117665,0.004645760743321719,0.5463282769350469
20,0.5,3000,0.3,873,0.4835294117647059,0.931333333333333,0.2710318682713242,0.12581395348837218,0.8687594936708901,0.002290950744558992,0.6234557979334119
20,0.5,3000,0.3,836,0.4858823529411765,0.9473333333333332,0.2733442412087662,0.13943965517241347,0.8337401574803172,0.004784688995215311,0.5071434294871806
20,0.5,3000,0.3,874,0.4776470588235294,0.9686666666666666,0.24381815296517503,0.15637168141592916,0.8114077669902918,0.004576659038901602,0.5020383141762467
20,0.5,3000,0.5,845,0.47058823529411764,0.8886666666666667,0.17180916792639395,0,0.8357142857142908,0,0.6907613412228834
20,0.5,3000,0.5,878,0.4388235294117647,0.8886666666666666,0.18266653674852573,0,0.8438193018480523,0,0.6948785117691751
20,0.5,3000,0.5,854,0.52,0.8893333333333334,0.1677823627680101,0,0.8451262626262642,0,0.678204527712725
20,0.5,3000,0.5,861,0.48823529411764705,0.8859999999999999,0.1614701423731549,0,0.8354748603351981,0,0.6621680216802199
20,0.5,3000,0.5,831,0.49058823529411766,0.8873333333333333,0.17382683514921987,0,0.8451898734177252,0,0.7024829522663473
20,0.5,3000,0.5,880,0.48470588235294115,0.8826666666666669,0.18246530939786132,0,0.8567128712871305,0,0.7073787878787904
20,0.5,3000,0.5,836,0.49529411764705883,0.8893333333333334,0.17619808195852585,0,0.8471172962226682,0,0.7125877192982476
20,0.5,3000,0.5,855,0.4576470588235294,0.8873333333333335,0.16156010066367762,0,0.8236989247311873,0,0.689376218323589
20,0.5,3000,0.5,864,0.4929411764705882,0.8900000000000002,0.16990164477502104,0,0.8333152173913081,0,0.7186458333333346
20,0.5,3000,0.5,909,0.47294117647058825,0.88,0.16900376897233496,0,0.8401152073732763,0,0.6757352401906861
20,0.5,3000,0.7,814,0.5070588235294118,0.8933333333333335,0.16907112475633948,0,0.8334403669724819,0,0.6933906633906655
20,0.5,3000,0.7,823,0.47411764705882353,0.8940000000000001,0.1522859649081975,0,0.8341836734693894,0,0.6437788578371851
20,0.5,3000,0.7,839,0.46941176470588236,0.8913333333333334,0.18085654923290512,0,0.86055702917772,0,0.6738259833134708
20,0.5,3000,0.7,834,0.48705882352941177,0.8913333333333333,0.17542062759132215,0,0.8533660933660957,0,0.6864868105515615
20,0.5,3000,0.7,867,0.46352941176470586,0.8879999999999999,0.18044512248711725,0,0.8435648148148195,0,0.6768319876970424
20,0.5,3000,0.7,852,0.4682352941176471,0.8866666666666668,0.16710787480174377,0,0.8396306068601611,0,0.6656259780907691
20,0.5,3000,0.7,831,0.47294117647058825,0.89,0.15754054521285207,0,0.8393656716417933,0,0.7327557160048137
20,0.5,3000,0.7,864,0.4752941176470588,0.8866666666666667,0.16752959712612508,0,0.8340618556701075,0,0.7027237654320991
20,0.5,3000,0.7,860,0.46588235294117647,0.8866666666666667,0.15930502781200787,0,0.8159907834101416,0,0.6746279069767454
20,0.5,3000,0.7,843,0.5152941176470588,0.8873333333333335,0.1749741965696912,0,0.846316831683174,0,0.7180387504942684
20,0.5,4000,0.1,868,0.4929411764705882,0.9653333333333333,0.18909377897760596,0.3186988847583646,0.7409959349593501,0.0034562211981566822,0.5497495183044293
20,0.5,4000,0.1,904,0.44823529411764707,0.9766666666666667,0.18965596240451996,0.32715277777777807,0.7732345679012356,0.004424778761061947,0.5281074074074064
20,0.5,4000,0.1,879,0.44941176470588234,0.9453333333333334,0.18692054753896503,0.2825263157894735,0.7447416413373861,0.0034129692832764505,0.5618188736681878
20,0.5,4000,0.1,871,0.46352941176470586,0.9586666666666666,0.19518715993653007,0.3118382352941176,0.7668408826945421,0.003444316877152698,0.5329953917050693
20,0.5,4000,0.1,857,0.4835294117647059,0.9586666666666669,0.17768434775292075,0.35059574468085075,0.7340131040131028,0.002333722287047841,0.5726120857699779
20,0.5,4000,0.1,842,0.4623529411764706,0.9973333333333335,0.19866937358092387,0.31303333333333394,0.7624659231722435,0.004750593824228029,0.5300278440731881
20,0.5,4000,0.1,898,0.4752941176470588,0.9546666666666666,0.1910757097569113,0.31591743119266064,0.7788288288288299,0.0033407572383073497,0.5636126629422717
20,0.5,4000,0.1,842,0.48823529411764705,0.9626666666666667,0.20294447842487798,0.2924120603015077,0.7748739495798318,0.0035629453681710215,0.58156138259833
20,0.5,4000,0.1,861,0.4764705882352941,0.9533333333333334,0.16281235244447456,0.33376681614349796,0.7124176954732522,0.003484320557491289,0.5431895881895864
20,0.5,4000,0.1,854,0.4858823529411765,0.9393333333333336,0.2083134972884349,0.2524342105263159,0.7812322695035449,0.00351288056206089,0.5953701527614563
20,0.5,4000,0.3,871,0.4776470588235294,0.9573333333333333,0.2939337948217662,0.12072669826224315,0.8238596491228102,0.004592422502870264,0.5761130334486753
20,0.5,4000,0.3,855,0.46941176470588236,0.9366666666666669,0.2650170935248733,0.18619696969696986,0.8484981684981708,0.004678362573099415,0.5379514296905629
20,0.5,4000,0.3,832,0.48823529411764705,0.971333333333333,0.26057385657772325,0.16840816326530605,0.8238793103448299,0.004807692307692308,0.5061594202898545
20,0.5,4000,0.3,828,0.4929411764705882,0.9466666666666671,0.2514298259362102,0.15011415525114152,0.819449541284407,0.0024154589371980675,0.5711299435028281
20,0.5,4000,0.3,866,0.4752941176470588,0.964666666666667,0.2733420697103196,0.16146842878120418,0.8295666666666683,0.004618937644341801,0.5377610208816725
20,0.5,4000,0.3,836,0.4988235294117647,0.9499999999999998,0.2610977564030241,0.1472043010752687,0.8192071611253213,0.0035885167464114833,0.589775910364146
20,0.5,4000,0.3,851,0.48,0.9673333333333332,0.2702551835351424,0.1375706214689263,0.8394247787610639,0.004700352526439483,0.5079574970484074
20,0.5,4000,0.3,868,0.46705882352941175,0.9633333333333334,0.2717190556469766,0.13689102564102543,0.8008152173913088,0.004608294930875576,0.5523765432098799
20,0.5,4000,0.3,884,0.4623529411764706,0.94,0.25054476154704564,0.11508515815085169,0.8309482758620726,0.0022624434389140274,0.5941836734693894
20,0.5,4000,0.3,823,0.4811764705882353,0.9339999999999999,0.24432268896795697,0.16198581560283667,0.831428571428574,0.002430133657351154,0.5686479902557869
20,0.5,4000,0.5,820,0.4929411764705882,0.8900000000000003,0.1770587350457896,0,0.8506382978723422,0,0.7125650406504074
20,0.5,4000,0.5,859,0.4576470588235294,0.8873333333333335,0.16810944883590417,0,0.8483743842364577,0,0.6828637951105957
20,0.5,4000,0.5,858,0.46,0.886666666666667,0.16030520285105715,0,0.82126801152738,0,0.6504817404817421
20,0.5,4000,0.5,853,0.49411764705882355,0.8879999999999999,0.18568913209737578,0,0.8535913978494659,0,0.702958186791717
20,0.5,4000,0.5,856,0.49529411764705883,0.8873333333333331,0.15506396408201928,0,0.8205906313645658,0,0.7038045171339576
20,0.5,4000,0.5,853,0.48470588235294115,0.8866666666666667,0.16910354689696863,0,0.8361054766734323,0,0.7065533411488872
20,0.5,4000,0.5,860,0.4682352941176471,0.886666666666667,0.15527995334047268,0,0.8302227722772307,0,0.6793294573643427
20,0.5,4000,0.5,861,0.4752941176470588,0.8866666666666668,0.17272923163682477,0,0.8395761078998105,0,0.7142973286875738
20,0.5,4000,0.5,817,0.4988235294117647,0.8946666666666666,0.1396299491315714,0,0.8116533333333368,0,0.6726397388820907
20,0.5,4000,0.5,855,0.4682352941176471,0.8873333333333335,0.16131846803961547,0,0.822185089974296,0,0.6673255360623793
20,0.5,4000,0.7,865,0.48705882352941177,0.8866666666666665,0.16048588042441567,0,0.8281515151515173,0,0.6421425818882477
20,0.5,4000,0.7,849,0.46705882352941175,0.8873333333333335,0.19446920020687064,0,0.869684210526315,0,0.665394581861015
20,0.5,4000,0.7,854,0.48705882352941177,0.8873333333333335,0.17412276397427115,0,0.8448000000000029,0,0.7115027322404389
20,0.5,4000,0.7,861,0.49058823529411766,0.8873333333333333,0.16795162123701513,0,0.8273233404710962,0,0.690069686411153
20,0.5,4000,0.7,870,0.4435294117647059,0.8866666666666667,0.1690600694752857,0,0.8283668903803182,0,0.6780689655172432
20,0.5,4000,0.7,848,0.4752941176470588,0.8879999999999999,0.169351186368666,0,0.8381699346405246,0,0.7015526729559769
20,0.5,4000,0.7,886,0.46705882352941175,0.8840000000000001,0.17358057780330735,0,0.8391708542713596,0,0.6715199398043639
20,0.5,4000,0.7,860,0.47411764705882353,0.8880000000000001,0.16965828676033995,0,0.8313589743589781,0,0.6673100775193834
20,0.5,4000,0.7,855,0.5047058823529412,0.8866666666666668,0.15795420729030296,0,0.8213963963963999,0,0.687189083820664
20,0.5,4000,0.7,845,0.49058823529411766,0.8873333333333333,0.18118983163395905,0,0.8603693931398442,0,0.6729072978303768
20,0.5,5000,0.1,824,0.4752941176470588,0.9720000000000003,0.1864255396759749,0.3283524904214559,0.7504620462046219,0.0036407766990291263,0.5402395452699947
20,0.5,5000,0.1,828,0.5035294117647059,0.9633333333333332,0.1823399814680448,0.315483870967742,0.7457128810226177,0.0024154589371980675,0.566125907990313
20,0.5,5000,0.1,895,0.4470588235294118,0.9693333333333334,0.19754605764939404,0.26811158798283263,0.760204918032787,0.004469273743016759,0.5427534605312386
20,0.5,5000,0.1,814,0.4752941176470588,0.9919999999999999,0.21172717600158192,0.30443137254901953,0.7733121019108291,0.0036855036855036856,0.5537690094533503
20,0.5,5000,0.1,901,0.47058823529411764,0.9506666666666668,0.19034634036363607,0.3159607843137255,0.774848484848485,0.003329633740288568,0.5393466963622845
20,0.5,5000,0.1,824,0.48705882352941177,0.9486666666666668,0.1744171103286688,0.33055970149253744,0.7465749235474016,0.0036407766990291263,0.5206577344701564
20,0.5,5000,0.1,836,0.49058823529411766,0.9473333333333332,0.18133265653066477,0.3000520833333335,0.7409523809523825,0.0035885167464114833,0.5687515006002357
20,0.5,5000,0.1,872,0.4623529411764706,0.9880000000000001,0.16969091643553558,0.3156410256410258,0.7315333333333344,0.0034403669724770644,0.5073264288454158
20,0.5,5000,0.1,881,0.46352941176470586,0.9466666666666667,0.19283215336879023,0.3050574712643679,0.7529370629370641,0.004540295119182747,0.5461687571265673
20,0.5,5000,0.3,829,0.4823529411764706,1.0326666666666666,0.31236293525856357,0.12400749063670434,0.8562910798122079,0.008443908323281062,0.44266423357664264
20,0.5,5000,0.3,856,0.47411764705882353,0.9840000000000001,0.28369690889859384,0.1831262327416177,0.8245818181818212,0.007009345794392523,0.4825294117647078
20,0.5,5000,0.1,858,0.5035294117647059,0.9426666666666665,0.17294516835956736,0.3255924170616117,0.7414777777777786,0.002331002331002331,0.5557982866043593
20,0.5,5000,0.3,876,0.47058823529411764,0.9726666666666666,0.27952908665387943,0.14500740740740745,0.834624624624629,0.0045662100456621,0.5392431192660578
20,0.5,5000,0.3,883,0.46352941176470586,0.9566666666666669,0.24817791819984367,0.13452736318407935,0.826956521739131,0.004530011325028313,0.517523701175579
20,0.5,5000,0.3,866,0.47058823529411764,0.9673333333333337,0.2793150020859631,0.1619714656290533,0.8430434782608716,0.004618937644341801,0.5244895591647338
20,0.5,5000,0.3,855,0.4588235294117647,0.9553333333333336,0.27180425199619235,0.14560846560846552,0.8476797385620942,0.0035087719298245615,0.5605633802816914
20,0.5,5000,0.3,867,0.4588235294117647,0.9493333333333331,0.2801211998292808,0.13512820512820478,0.8716030534351156,0.00461361014994233,0.5335959830050221
20,0.5,5000,0.3,884,0.4470588235294118,0.9500000000000004,0.28515362779288805,0.14036036036036015,0.8328010471204234,0.004524886877828055,0.5622272727272745
20,0.5,5000,0.3,853,0.45176470588235296,0.944666666666667,0.23683548346676264,0.14479830148619943,0.8302232142857157,0.0035169988276670576,0.5463607843137261
20,0.5,5000,0.3,852,0.5,0.9573333333333335,0.24926857678203518,0.15722532588454352,0.8439823008849564,0.0035211267605633804,0.5331605810757758
20,0.5,5000,0.5,863,0.47058823529411764,0.8866666666666667,0.17802953705329216,0,0.8452482269503574,0,0.6847972190034776
20,0.5,5000,0.5,891,0.49529411764705883,0.8813333333333333,0.16613028431125604,0,0.8405580357142899,0,0.6885858585858591
20,0.5,5000,0.5,896,0.4447058823529412,0.8813333333333333,0.1642927205335242,0,0.8378395061728439,0,0.7028050595238095
20,0.5,5000,0.5,835,0.4894117647058824,0.8919999999999999,0.16594740013457457,0,0.8340500000000037,0,0.670263473053895
20,0.5,5000,0.5,866,0.48470588235294115,0.8873333333333335,0.16651739923877218,0,0.8371801566579662,0,0.6661893764434219
20,0.5,5000,0.5,850,0.48,0.8886666666666667,0.1675511623212332,0,0.8458116232464956,0,0.71670588235294
20,0.5,5000,0.5,861,0.49058823529411766,0.8873333333333333,0.17885682203957867,0,0.8621449275362352,0,0.6606658923732124
20,0.5,5000,0.5,861,0.4823529411764706,0.8880000000000001,0.16586866462617325,0,0.829077306733171,0,0.6706736353077836
20,0.5,5000,0.5,908,0.4505882352941176,0.8800000000000002,0.1738908041981153,0,0.8475219298245629,0,0.6847760646108668
20,0.5,5000,0.5,867,0.45647058823529413,0.8866666666666668,0.1721895802916946,0,0.8466909975669118,0,0.6771241830065373
20,0.5,5000,0.7,850,0.5035294117647059,0.8866666666666667,0.18455265092273587,0,0.8591446028513272,0,0.7090941176470612
20,0.5,5000,0.7,868,0.46941176470588236,0.8879999999999999,0.16430819294695012,0,0.8453233830845811,0,0.7547503840245768
20,0.5,5000,0.7,861,0.4776470588235294,0.8866666666666668,0.16514305018390033,0,0.8396271929824607,0,0.6960588463027503
20,0.5,5000,0.7,852,0.4788235294117647,0.8886666666666664,0.17981417142155742,0,0.8579506172839526,0,0.6832981220657286
20,0.5,5000,0.7,845,0.4823529411764706,0.8873333333333333,0.1699611914623126,0,0.8353589743589765,0,0.6672859960552301
20,0.5,5000,0.7,856,0.48470588235294115,0.8866666666666668,0.1720516115668358,0,0.8394432548179899,0,0.6989447040498452
20,0.5,5000,0.7,858,0.4776470588235294,0.8879999999999999,0.16605232290539393,0,0.8582191780821928,0,0.6450466200466209
20,0.5,5000,0.7,894,0.4576470588235294,0.8813333333333333,0.15720569526728104,0,0.8375496688741764,0,0.6384451901566017
20,0.5,5000,0.7,854,0.47411764705882353,0.8873333333333335,0.174971630280738,0,0.8463852242744091,0,0.6649219359875115
20,0.5,5000,0.7,798,0.49058823529411766,0.8946666666666666,0.18247059695459936,0,0.8558685446009413,0,0.6942731829573948
25,0.1,1000,0.1,838,0.4894117647058824,0.9493333333333334,0.18367240267092297,0.3322274881516583,0.7591206543967297,0.003579952267303103,0.5554650698602773
25,0.1,1000,0.1,869,0.47294117647058825,0.9566666666666667,0.20118440899544265,0.3270934256055362,0.7630346820809245,0.004602991944764097,0.5447938342967223
25,0.1,1000,0.1,884,0.4376470588235294,0.9433333333333334,0.1762761142863081,0.29833333333333323,0.7482214765100683,0.003393665158371041,0.5599583806280718
25,0.1,1000,0.1,855,0.48,0.9566666666666667,0.20191639502131692,0.2843181818181819,0.766374859708193,0.004678362573099415,0.5493301997649809
25,0.1,1000,0.1,843,0.4823529411764706,0.9626666666666669,0.19070589835274834,0.28285106382978714,0.7614735336194565,0.004744958481613286,0.5303575685339676
25,0.1,1000,0.1,866,0.4717647058823529,0.9766666666666665,0.21788711614469972,0.3214230769230773,0.8077811550151963,0.003464203233256351,0.5680764774044017
25,0.1,1000,0.1,879,0.48470588235294115,0.9666666666666667,0.20319828208533036,0.30167364016736375,0.7829042904290429,0.0034129692832764505,0.5481202435312009
25,0.1,1000,0.1,873,0.5023529411764706,0.9586666666666666,0.17863885686513314,0.31343891402714935,0.7655028735632181,0.003436426116838488,0.5432260536398454
25,0.1,1000,0.1,861,0.4717647058823529,0.9520000000000001,0.16958642409051972,0.30788135593220367,0.7320197044334981,0.003484320557491289,0.525007770007769
25,0.1,1000,0.1,874,0.4788235294117647,0.9620000000000001,0.1992647090918351,0.32129568106312334,0.7364456721915295,0.004576659038901602,0.5483601532567037
25,0.1,1000,0.3,873,0.4752941176470588,0.9873333333333335,0.30156746934800255,0.13316498316498324,0.8522556390977454,0.006872852233676976,0.495717031910804
25,0.1,1000,0.3,835,0.4858823529411765,0.9406666666666667,0.2819970145005928,0.14972085385878464,0.8459615384615421,0.003592814371257485,0.5609735576923092
25,0.1,1000,0.3,848,0.5070588235294118,0.9560000000000002,0.29452293067835034,0.10118143459915628,0.8513721413721451,0.003537735849056604,0.6348599605522707
25,0.1,1000,0.3,835,0.47411764705882353,0.9486666666666668,0.2352919095695658,0.1273563218390804,0.8263313609467453,0.003592814371257485,0.5051081730769238
25,0.1,1000,0.3,855,0.47294117647058825,0.9813333333333333,0.31302570898019,0.15118872549019605,0.8535112359550591,0.005847953216374269,0.5385450980392166
25,0.1,1000,0.3,835,0.5317647058823529,0.9433333333333334,0.26708853424283874,0.12596491228070153,0.8126736111111129,0.003592814371257485,0.5469310897435896
25,0.1,1000,0.3,877,0.4788235294117647,0.9553333333333334,0.2939304678101625,0.1340465116279068,0.8448387096774219,0.004561003420752566,0.5586368843069904
25,0.1,1000,0.3,826,0.4776470588235294,1.01,0.27520830532656027,0.12869135802469134,0.8077511961722493,0.006053268765133172,0.46977669508729264
25,0.1,1000,0.3,855,0.5011764705882353,0.9493333333333331,0.27577301648006025,0.16751902587519016,0.8230571428571452,0.004678362573099415,0.5579396788092469
25,0.1,1000,0.3,901,0.48823529411764705,0.9686666666666668,0.2782344023711253,0.16684039087947902,0.8075531914893643,0.006659267480577136,0.49815642458100684
25,0.1,1000,0.5,850,0.48823529411764705,0.8866666666666667,0.17190311780044276,0,0.8405427974947851,0,0.6994352941176482
25,0.1,1000,0.5,859,0.49411764705882355,0.8866666666666667,0.17896975506677096,0,0.8533560090702969,0,0.6876251455180457
25,0.1,1000,0.5,855,0.46,0.8866666666666668,0.15876730970253897,0,0.8248818897637845,0,0.7070175438596504
25,0.1,1000,0.5,863,0.4964705882352941,0.8873333333333333,0.14853008816882704,0,0.8280564263322908,0,0.6538161452298211
25,0.1,1000,0.5,865,0.4411764705882353,0.8873333333333333,0.16417181472431633,0,0.8231818181818221,0,0.6555645472061683
25,0.1,1000,0.5,879,0.4611764705882353,0.886666666666667,0.15772649673482467,0,0.8316756756756791,0,0.664982935153584
25,0.1,1000,0.5,873,0.4764705882352941,0.8840000000000001,0.1756939273193099,0,0.8414392059553387,0,0.6732607865597584
25,0.1,1000,0.5,852,0.48,0.8873333333333333,0.1552485326287122,0,0.8148104956268251,0,0.6454929577464819
25,0.1,1000,0.5,856,0.46,0.8866666666666668,0.18597308192013445,0,0.8669680851063862,0,0.746082554517136
25,0.1,1000,0.5,859,0.49058823529411766,0.8866666666666667,0.16757135570705525,0,0.8414175257731996,0,0.6685254171517292
25,0.1,1000,0.7,857,0.49411764705882355,0.8880000000000001,0.1714470032054323,0,0.8474927113702642,0,0.6498210812913302
25,0.1,1000,0.7,847,0.48823529411764705,0.8880000000000001,0.1531565865570648,0,0.828450363196129,0,0.6856513183785923
25,0.1,1000,0.7,843,0.5211764705882352,0.8886666666666667,0.16214641072561162,0,0.8276533333333366,0,0.6649822064056962
25,0.1,1000,0.7,849,0.4858823529411765,0.8866666666666667,0.16442658761736048,0,0.8387145969498938,0,0.7017746368276415
25,0.1,1000,0.7,828,0.4835294117647059,0.89,0.14686865592407197,0,0.810997229916901,0,0.6612037037037062
25,0.1,1000,0.7,848,0.4752941176470588,0.8873333333333333,0.16207891655994594,0,0.8475272727272746,0,0.6351729559748447
25,0.1,1000,0.7,849,0.4611764705882353,0.8880000000000001,0.158020156942003,0,0.8226403326403359,0,0.7012446014919522
25,0.1,1000,0.7,874,0.47411764705882353,0.8866666666666667,0.17023306648049216,0,0.8502528735632215,0,0.6886346300533939
25,0.1,1000,0.7,853,0.46941176470588236,0.8873333333333333,0.1872742805219774,0,0.8569196428571447,0,0.6959593591246592
25,0.1,1000,0.7,868,0.48823529411764705,0.8873333333333335,0.16538553006647144,0,0.8403738317757041,0,0.6453801843317992
25,0.1,20000,0.1,863,0.46941176470588236,0.9579999999999997,0.20561277617551468,0.3133684210526313,0.7773394495412822,0.002317497103128621,0.6005691056910561
25,0.1,20000,0.1,859,0.4894117647058824,0.9659999999999999,0.19854045195355646,0.3041365461847391,0.7600217864923762,0.0034924330616996507,0.5476596573208706
25,0.1,20000,0.1,875,0.47058823529411764,0.9793333333333332,0.19955747972953294,0.3194425087108012,0.7621635610766051,0.004571428571428572,0.5470952927669331
25,0.1,20000,0.1,870,0.4505882352941176,0.9700000000000004,0.1744944030519326,0.3267368421052636,0.731720818291217,0.0034482758620689655,0.5252402921953073
25,0.1,20000,0.1,867,0.44823529411764707,0.9899999999999997,0.19264844737688128,0.3054952076677323,0.7680465116279077,0.00461361014994233,0.5014947856315175
25,0.1,20000,0.1,820,0.47294117647058825,0.9406666666666669,0.18353733187980054,0.2594117647058823,0.7524079320113322,0.0024390243902439024,0.5835330073349617
25,0.1,20000,0.1,877,0.4611764705882353,0.9633333333333335,0.2057127273883231,0.30633928571428554,0.7626315789473666,0.0034207525655644243,0.5812051868802414
25,0.1,20000,0.1,828,0.4588235294117647,0.9446666666666668,0.1807010872164905,0.26619834710743795,0.7742560553633238,0.0024154589371980675,0.5824697336561739
25,0.1,20000,0.1,858,0.45647058823529413,0.9713333333333333,0.16142325764475332,0.32908127208480636,0.7227956989247319,0.0034965034965034965,0.5118557504873273
25,0.1,20000,0.1,834,0.49529411764705883,0.9480000000000001,0.1788882684872178,0.2974871794871799,0.7475033200531213,0.0035971223021582736,0.5439269955876448
25,0.1,20000,0.3,865,0.4647058823529412,0.9586666666666668,0.29208830299001354,0.15175656984785607,0.841810089020773,0.004624277456647399,0.5369531552458385
25,0.1,20000,0.3,874,0.4470588235294118,0.9486666666666665,0.2580516598312488,0.18494137353433837,0.8181746031746079,0.003432494279176201,0.5746230386528924
25,0.1,20000,0.3,903,0.46352941176470586,0.9586666666666669,0.25710677941740373,0.14765079365079345,0.8097658862876285,0.004429678848283499,0.5488765294771999
25,0.1,20000,0.3,867,0.44588235294117645,0.984,0.3098514536331863,0.1230998702983135,0.8357216494845408,0.0057670126874279125,0.5507617942768783
25,0.1,20000,0.3,821,0.45647058823529413,0.9480000000000001,0.2527858315573711,0.16873210633946809,0.8141547277937005,0.0036540803897685747,0.5776365118174436
25,0.1,20000,0.3,875,0.4811764705882353,0.9693333333333336,0.3153340688834151,0.14137414965986375,0.8609478672985825,0.004571428571428572,0.5772139303482606
25,0.1,20000,0.3,851,0.46705882352941175,0.9653333333333334,0.27826801822355735,0.15115384615384578,0.8440453074433666,0.0035252643948296123,0.5546462264150939
25,0.1,20000,0.3,853,0.45647058823529413,0.9433333333333334,0.2803417864734493,0.16268817204301073,0.8460919540229906,0.004689331770222743,0.5238241067923053
25,0.1,20000,0.5,862,0.4788235294117647,0.8873333333333333,0.172872136078783,0,0.8396473029045673,0,0.7064191802010843
25,0.1,20000,0.5,851,0.4835294117647059,0.8866666666666667,0.16867573453695164,0,0.8435963302752341,0,0.7301135918527233
25,0.1,20000,0.3,866,0.4541176470588235,0.9993333333333334,0.3245896492017253,0.16296059637912694,0.8992333333333339,0.005773672055427252,0.5220596205962056
25,0.1,20000,0.3,867,0.48,0.9720000000000003,0.2667311543799124,0.18192488262910791,0.8452823920265805,0.0034602076124567475,0.5573688271604952
25,0.1,20000,0.5,853,0.4823529411764706,0.8873333333333333,0.15724741072457066,0,0.8305594405594451,0,0.7356271981242676
25,0.1,20000,0.5,862,0.4623529411764706,0.8880000000000003,0.16523442355231616,0,0.8450099800399217,0,0.7152088167053362
25,0.1,20000,0.5,855,0.47411764705882353,0.8886666666666667,0.15940651852287968,0,0.8251960784313773,0,0.6725458089668634
25,0.1,20000,0.5,838,0.4858823529411765,0.8906666666666666,0.18098653448370033,0,0.8509131403118076,0,0.6961774065234724
25,0.1,20000,0.5,843,0.47294117647058825,0.8873333333333335,0.15783354851981574,0,0.837520891364906,0,0.6711981020166077
25,0.1,20000,0.5,906,0.4647058823529412,0.88,0.16621102483253647,0,0.8296708860759523,0,0.6631861662987505
25,0.1,20000,0.5,824,0.4647058823529412,0.8940000000000001,0.15850498778761957,0,0.8390000000000021,0,0.6438632686084189
25,0.1,20000,0.5,884,0.4776470588235294,0.8853333333333334,0.173948828482848,0,0.8439454094292832,0,0.6676772247360496
25,0.1,20000,0.7,851,0.46352941176470586,0.8873333333333335,0.17144625403497812,0,0.8488413098236799,0,0.6765569917743848
25,0.1,20000,0.7,855,0.47411764705882353,0.8873333333333335,0.17062121641381428,0,0.8504100227790482,0,0.6949473684210539
25,0.1,20000,0.7,863,0.4764705882352941,0.8866666666666667,0.17588172026353577,0,0.8428828828828878,0,0.6884202394747021
25,0.1,20000,0.7,857,0.4752941176470588,0.8866666666666667,0.15624556192056185,0,0.8198136645962767,0,0.6476157137300679
25,0.1,20000,0.7,820,0.5105882352941177,0.8933333333333333,0.17145658431380056,0,0.8453256704980886,0,0.7305406504065042
25,0.1,20000,0.7,848,0.5164705882352941,0.8879999999999999,0.1842204614967041,0,0.8614861460957198,0,0.6810731132075492
25,0.1,20000,0.7,842,0.4858823529411765,0.8873333333333331,0.17118217762681864,0,0.8365155807365461,0,0.6618606492478257
25,0.1,20000,0.7,880,0.4764705882352941,0.8873333333333335,0.1668748319074446,0,0.8375262054507375,0,0.695257575757576
25,0.1,20000,0.7,832,0.4505882352941176,0.894,0.16059631112257436,0,0.8211389521640119,0,0.6850120192307708
25,0.1,20000,0.7,871,0.4811764705882353,0.8866666666666667,0.15950657262415116,0,0.8209411764705927,0,0.6749942594718745
25,0.1,3000,0.1,861,0.4611764705882353,0.9693333333333332,0.18037518488585194,0.3262500000000001,0.7415653153153168,0.003484320557491289,0.5415073815073783
25,0.1,3000,0.1,821,0.4811764705882353,0.9613333333333333,0.15570039610454678,0.3568092105263156,0.744456140350878,0.0036540803897685747,0.4989405052974735
25,0.1,3000,0.1,867,0.4964705882352941,0.95,0.1802652000105806,0.32070652173913067,0.7643995859213261,0.0034602076124567475,0.5741126543209858
25,0.1,3000,0.1,853,0.4788235294117647,0.9473333333333337,0.18652084035243535,0.3092222222222226,0.7467844202898558,0.0023446658851113715,0.5698315707011359
25,0.1,3000,0.1,863,0.43411764705882355,0.9453333333333334,0.18536477315706296,0.31491620111731855,0.7652339181286564,0.002317497103128621,0.5747851335656189
25,0.1,3000,0.1,869,0.4647058823529412,0.97,0.204272370838872,0.31947692307692344,0.7693140794223827,0.005753739930955121,0.5293865740740734
25,0.1,3000,0.1,856,0.4776470588235294,0.9773333333333333,0.20179989570619544,0.3117301038062287,0.7697777777777786,0.004672897196261682,0.5268388106416271
25,0.1,3000,0.1,871,0.46705882352941175,0.9486666666666663,0.18024384780016753,0.3281702127659576,0.7521505376344101,0.003444316877152698,0.546954685099845
25,0.1,3000,0.1,878,0.4752941176470588,0.9460000000000001,0.17636738833513452,0.32150234741784034,0.7226242868785635,0.003416856492027335,0.5724761904761878
25,0.1,3000,0.1,855,0.49529411764705883,0.9513333333333335,0.17539489898139138,0.307577639751553,0.758135198135199,0.0023391812865497076,0.5652794060179746
25,0.1,3000,0.3,866,0.4717647058823529,0.9699999999999999,0.2945561428755739,0.15526041666666646,0.8768727272727288,0.004618937644341801,0.5193967517401393
25,0.1,3000,0.3,828,0.47411764705882353,0.9773333333333335,0.2781167696379034,0.14473765432098742,0.8372053872053914,0.004830917874396135,0.5344781553398078
25,0.1,3000,0.3,879,0.4588235294117647,0.9619999999999999,0.3018645735579371,0.15683080808080838,0.830402843601901,0.004550625711035267,0.5697714285714297
25,0.1,3000,0.3,871,0.4752941176470588,0.9593333333333331,0.2939682657373843,0.12988980716253418,0.8332590529247939,0.004592422502870264,0.5374625144175331
25,0.1,3000,0.3,863,0.4764705882352941,0.9293333333333332,0.2684752770088978,0.15264999999999998,0.8135127478753573,0.004634994206257242,0.562370974000777
25,0.1,3000,0.3,856,0.48,0.9793333333333332,0.2891997579329555,0.13904428904428903,0.8391703056768572,0.005841121495327103,0.48786917352134546
25,0.1,3000,0.3,866,0.4835294117647059,0.9633333333333332,0.2861282215705804,0.158439241917503,0.8224187725631789,0.006928406466512702,0.49297674418604787
25,0.1,3000,0.3,908,0.47058823529411764,0.9686666666666669,0.29446434743297506,0.15998732572877072,0.8617142857142881,0.004405286343612335,0.5426401179941027
25,0.1,3000,0.3,835,0.4788235294117647,0.9553333333333333,0.2625466235637659,0.15313333333333334,0.835873605947957,0.004790419161676647,0.5316085038106728
25,0.1,3000,0.3,859,0.4588235294117647,0.9493333333333334,0.27453452451746124,0.104180790960452,0.8166959064327514,0.0034924330616996507,0.5585514018691599
25,0.1,3000,0.5,833,0.4929411764705882,0.8940000000000001,0.1726676304702007,0,0.8503952569169978,0,0.7202921168467399
25,0.1,3000,0.5,806,0.48,0.8946666666666668,0.16172036375102897,0,0.8383450704225373,0,0.6356658395368101
25,0.1,3000,0.5,850,0.46352941176470586,0.8873333333333333,0.14433365103895973,0,0.8106862745098073,0,0.6375098039215724
25,0.1,3000,0.5,856,0.46941176470588236,0.8866666666666665,0.18945255150038962,0,0.855248962655603,0,0.7037422118380062
25,0.1,3000,0.5,864,0.46941176470588236,0.8866666666666667,0.16471180475346184,0,0.8422361809045265,0,0.6769984567901256
25,0.1,3000,0.5,876,0.4823529411764706,0.8873333333333333,0.15955827896558952,0,0.8331395348837226,0,0.7122298325722985
25,0.1,3000,0.5,866,0.5058823529411764,0.8873333333333335,0.16613436277145968,0,0.8352207792207832,0,0.6637605850654366
25,0.1,3000,0.5,889,0.4505882352941176,0.8840000000000001,0.15313997975735066,0,0.8295677233429426,0,0.6575740532433463
25,0.1,3000,0.5,820,0.47411764705882353,0.8939999999999998,0.16252215759978886,0,0.8336492890995272,0,0.6862723577235772
25,0.1,3000,0.5,881,0.48705882352941177,0.8840000000000001,0.16389339457043417,0,0.8426722338204637,0,0.7053461975028391
25,0.1,3000,0.7,888,0.46,0.8839999999999998,0.1468422940896666,0,0.8256559766763881,0,0.6552477477477492
25,0.1,3000,0.7,822,0.49529411764705883,0.8939999999999998,0.16441014683620014,0,0.8453903345724939,0,0.7338767234387674
25,0.1,3000,0.7,864,0.44588235294117645,0.8873333333333333,0.1688320423383547,0,0.8363092783505174,0,0.7039969135802493
25,0.1,3000,0.7,867,0.4717647058823529,0.8866666666666668,0.15866961640723537,0,0.8357669902912673,0,0.713141099577086
25,0.1,3000,0.7,826,0.5035294117647059,0.8940000000000003,0.16616186246559572,0,0.8362138728323727,0,0.6551412429378547
25,0.1,3000,0.7,814,0.4823529411764706,0.8933333333333333,0.17159061575318504,0,0.839902912621364,0,0.6850696150696182
25,0.1,3000,0.7,855,0.4964705882352941,0.8866666666666667,0.16765248782349787,0,0.8420804195804241,0,0.7374191033138426
25,0.1,3000,0.7,818,0.49529411764705883,0.8933333333333333,0.17372474002031485,0,0.8342924528301926,0,0.685040749796253
25,0.1,3000,0.7,834,0.4623529411764706,0.8906666666666666,0.14620622547708415,0,0.8381566820276508,0,0.6113349320543608
25,0.1,3000,0.7,850,0.528235294117647,0.8873333333333333,0.17299364213356144,0,0.8410251046025133,0,0.7041019607843153
25,0.1,4000,0.1,825,0.4858823529411765,0.9273333333333335,0.15446060434240397,0.3200800000000002,0.7309232264334327,0.0012121212121212121,0.578503236245954
25,0.1,4000,0.1,889,0.47058823529411764,0.9426666666666667,0.15968974649330728,0.2786875,0.7165126050420174,0.0022497187851518562,0.5433370913190521
25,0.1,4000,0.1,855,0.4682352941176471,0.9760000000000001,0.19981719585877938,0.30890243902439063,0.7626666666666684,0.004678362573099415,0.5516647081864453
25,0.1,4000,0.1,849,0.4611764705882353,0.9793333333333336,0.20672415542847056,0.3163192182410425,0.7639959225280333,0.004711425206124852,0.5423550295857971
25,0.1,4000,0.1,832,0.4682352941176471,0.980666666666667,0.18328512969103763,0.30413502109704643,0.7470385674931145,0.004807692307692308,0.5320209339774535
25,0.1,4000,0.1,833,0.47294117647058825,0.9733333333333334,0.18707571987118352,0.2971999999999997,0.7837483787289232,0.003601440576230492,0.5584538152610429
25,0.1,4000,0.1,822,0.5023529411764706,0.9573333333333333,0.18935484639034006,0.3002105263157893,0.7614931650893796,0.0036496350364963502,0.5608709808709793
25,0.1,4000,0.1,822,0.4894117647058824,0.9546666666666668,0.17222280060545575,0.3346086956521742,0.7543497757847536,0.0036496350364963502,0.5314814814814787
25,0.1,4000,0.1,872,0.49058823529411766,0.9533333333333337,0.1841740755912207,0.3291705069124423,0.7695776255707765,0.0022935779816513763,0.554206896551723
25,0.1,4000,0.1,865,0.4682352941176471,0.9546666666666664,0.20928935830454584,0.2941626794258373,0.7587839771101563,0.003468208092485549,0.5985537509667439
25,0.1,4000,0.3,864,0.48705882352941177,0.9553333333333338,0.2607390193423248,0.18762483130904203,0.8319696969696982,0.004629629629629629,0.5192519379844982
25,0.1,4000,0.3,866,0.49529411764705883,0.938666666666667,0.2810280817457875,0.14317028985507224,0.8366075949367117,0.003464203233256351,0.5867168791039024
25,0.1,4000,0.3,837,0.4976470588235294,0.974,0.29525903589000313,0.1421733333333332,0.8641434262948228,0.0047789725209080045,0.5158103241296531
25,0.1,4000,0.3,865,0.4835294117647059,0.9533333333333329,0.2748149161082762,0.12422459893048113,0.8334853420195468,0.003468208092485549,0.5558778035576187
25,0.1,4000,0.3,861,0.46941176470588236,0.9666666666666665,0.3076380948089053,0.12801952580195225,0.8513351498637634,0.004645760743321719,0.5539789964994163
25,0.1,4000,0.3,882,0.47294117647058825,0.9620000000000001,0.2735412594902886,0.12984593837535,0.8266788321167919,0.0045351473922902496,0.5119514047076702
25,0.1,4000,0.3,894,0.46588235294117647,0.9606666666666668,0.27967880783864063,0.14979865771812104,0.8073285198555977,0.006711409395973154,0.4920307807807826
25,0.1,4000,0.3,852,0.4764705882352941,0.9686666666666669,0.24706963592813522,0.14885462555066073,0.8221383647798728,0.004694835680751174,0.49051493710691935
25,0.1,4000,0.3,855,0.49411764705882355,0.9826666666666667,0.2813924074444199,0.17104510451045143,0.8032666666666706,0.005847953216374269,0.5054823529411779
25,0.1,4000,0.5,850,0.4811764705882353,0.8866666666666668,0.1596521699479847,0,0.83247838616715,0,0.6569607843137277
25,0.1,4000,0.3,873,0.4811764705882353,0.9713333333333336,0.2877308415576978,0.1681839904420551,0.8411371237458232,0.0057273768613974796,0.5219047619047636
25,0.1,4000,0.5,834,0.4788235294117647,0.8873333333333333,0.20004478864181477,0,0.8697766749379656,0,0.6795723421263014
25,0.1,4000,0.5,853,0.4764705882352941,0.8866666666666667,0.16387549566370566,0,0.8444805194805219,0,0.6409613130128967
25,0.1,4000,0.5,834,0.4988235294117647,0.8873333333333333,0.15950820027614518,0,0.8246394230769246,0,0.6838409272581939
25,0.1,4000,0.5,845,0.4611764705882353,0.8873333333333335,0.17894017841240098,0,0.8603234501347727,0,0.6732110453648926
25,0.1,4000,0.5,846,0.4823529411764706,0.8866666666666667,0.17382480834923986,0,0.8544920993228018,0,0.7000709219858177
25,0.1,4000,0.5,860,0.4752941176470588,0.8873333333333335,0.16701401077192318,0,0.8385106382978746,0,0.6449108527131804
25,0.1,4000,0.5,879,0.45647058823529413,0.8833333333333333,0.17068231562219455,0,0.8573758865248248,0,0.694178991277969
25,0.1,4000,0.5,904,0.47411764705882353,0.88,0.1963870851414033,0,0.868290398126464,0,0.6790671091445445
25,0.1,4000,0.7,826,0.4894117647058824,0.8920000000000001,0.16375626108111319,0,0.8364954682779475,0,0.6506416464891067
25,0.1,4000,0.5,876,0.48,0.8866666666666667,0.16253877904380024,0,0.830295566502466,0,0.6766171993911718
25,0.1,4000,0.7,855,0.4788235294117647,0.8866666666666667,0.17118072003792903,0,0.8539589442815259,0,0.65785575048733
25,0.1,4000,0.7,852,0.4976470588235294,0.8866666666666667,0.16771829703819718,0,0.8430073349633276,0,0.6809076682316124
25,0.1,4000,0.7,848,0.48823529411764705,0.8873333333333333,0.16799877744099823,0,0.826458333333337,0,0.6784866352201288
25,0.1,4000,0.7,852,0.48470588235294115,0.8866666666666667,0.17397236444672634,0,0.8528248587570666,0,0.7268857589984355
25,0.1,4000,0.7,817,0.4752941176470588,0.89,0.16304298707971215,0,0.8225757575757587,0,0.6736026111791128
25,0.1,4000,0.7,851,0.4776470588235294,0.8866666666666667,0.16073114896152535,0,0.8252631578947394,0,0.6645828437132802
25,0.1,4000,0.7,890,0.48,0.8873333333333335,0.1703926973103777,0,0.8496969696969722,0,0.6852359550561824
25,0.1,4000,0.7,825,0.5094117647058823,0.89,0.17984251307374288,0,0.8556869009584684,0,0.6422909090909128
25,0.1,5000,0.1,862,0.4682352941176471,0.9593333333333331,0.17789921675961504,0.32598566308243787,0.7336386768447842,0.0034802784222737818,0.5249747768723291
25,0.1,4000,0.7,840,0.49176470588235294,0.8886666666666667,0.17942765658759216,0,0.8672696245733809,0,0.6453174603174622
25,0.1,5000,0.1,862,0.4835294117647059,0.9699999999999999,0.2204655786926122,0.30523809523809536,0.7845768025078365,0.004640371229698376,0.5405672105672102
25,0.1,5000,0.1,815,0.4811764705882353,0.9833333333333332,0.1988799935782571,0.32863117870722486,0.7696551724137933,0.0036809815950920245,0.5478489326765174
25,0.1,5000,0.1,821,0.49176470588235294,0.9726666666666669,0.22112192679020937,0.29614285714285765,0.7647632850241551,0.0048721071863581,0.5592084863321085
25,0.1,5000,0.1,821,0.49058823529411766,0.951333333333333,0.17394876495743888,0.3229777777777776,0.738148148148149,0.00243605359317905,0.5437891737891714
25,0.1,5000,0.1,849,0.4811764705882353,0.9613333333333335,0.2013935687546143,0.2906930693069307,0.7485781990521306,0.0035335689045936395,0.5825650118203278
25,0.1,5000,0.1,854,0.49529411764705883,0.9713333333333333,0.2125281101109197,0.33364238410596087,0.7845869776482023,0.00468384074941452,0.5552431372549004
25,0.1,5000,0.1,866,0.5070588235294118,0.949333333333333,0.16872760772077156,0.3343809523809524,0.7498666666666678,0.0023094688221709007,0.5422260802469124
25,0.1,5000,0.1,834,0.49176470588235294,0.9893333333333328,0.18583270418681191,0.32937888198757803,0.7749740932642488,0.004796163069544364,0.5072048192771079
25,0.1,5000,0.3,875,0.49058823529411766,0.9593333333333334,0.28666958167187695,0.14097946287519708,0.844156976744189,0.004571428571428572,0.5500420972062795
25,0.1,5000,0.3,862,0.44588235294117645,0.9526666666666669,0.2735437016355961,0.13248677248677226,0.8202127659574504,0.0034802784222737818,0.5759022118742746
25,0.1,5000,0.1,815,0.4964705882352941,0.9726666666666666,0.19944513058826122,0.2895340501792114,0.7787893081761007,0.006134969325153374,0.5068148148148147
25,0.1,5000,0.3,850,0.49529411764705883,0.9240000000000002,0.2641423358173493,0.11484848484848491,0.8398453608247455,0.002352941176470588,0.6093789308176123
25,0.1,5000,0.3,878,0.43176470588235294,0.9533333333333334,0.2779931849434686,0.12349549549549535,0.8472352941176509,0.003416856492027335,0.5619276190476216
25,0.1,5000,0.3,891,0.4611764705882353,0.9546666666666668,0.29167476154157435,0.14869731800766295,0.8578156996587055,0.004489337822671156,0.5170199173243138
25,0.1,5000,0.3,861,0.49058823529411766,1.0079999999999998,0.2924428600670586,0.15861904761904777,0.8242738589211632,0.006968641114982578,0.4721676413255363
25,0.1,5000,0.3,856,0.47294117647058825,0.9793333333333332,0.2818954085453588,0.1443181818181819,0.8450199203187259,0.005841121495327103,0.5008068938503728
25,0.1,5000,0.3,868,0.45647058823529413,0.9786666666666668,0.25349806402362784,0.18117870722433474,0.8098326359832649,0.00576036866359447,0.4988219389725774
25,0.1,5000,0.3,854,0.5070588235294118,0.954,0.260912394472953,0.14561855670103072,0.8246099290780168,0.00351288056206089,0.5367254210732488
25,0.1,5000,0.3,860,0.48,0.9566666666666664,0.29856023899364875,0.15124999999999986,0.8695263157894769,0.0034883720930232558,0.591695838195256
25,0.1,5000,0.5,864,0.4576470588235294,0.8866666666666665,0.16506949330000006,0,0.8419693654266985,0,0.7002932098765454
25,0.1,5000,0.5,861,0.47411764705882353,0.8866666666666667,0.17851419048031103,0,0.8498364008179993,0,0.7067634533488196
25,0.1,5000,0.5,857,0.5117647058823529,0.8879999999999999,0.1809342982842909,0,0.8596543209876538,0,0.679128743679503
25,0.1,5000,0.5,808,0.4752941176470588,0.8946666666666668,0.16444716411112226,0,0.8278350515463954,0,0.6696410891089135
25,0.1,5000,0.5,873,0.46941176470588236,0.8866666666666667,0.16262527960715295,0,0.8287464387464406,0,0.653768613974801
25,0.1,5000,0.5,881,0.5023529411764706,0.884,0.16366456204154659,0,0.8283258928571471,0,0.6906621263715486
25,0.1,5000,0.5,864,0.4964705882352941,0.8860000000000002,0.16531820470092087,0,0.8332447817836849,0,0.7164274691358026
25,0.1,5000,0.5,862,0.48,0.8866666666666667,0.14984352398077533,0,0.8220679012345704,0,0.6469605568445499
25,0.1,5000,0.5,863,0.4858823529411765,0.8866666666666667,0.17924207242557333,0,0.8528603104212877,0,0.6921089223638488
25,0.1,5000,0.5,853,0.49176470588235294,0.8866666666666665,0.17987162137208906,0,0.8474168797953987,0,0.6689136381398991
25,0.1,5000,0.7,826,0.4858823529411765,0.8920000000000001,0.1778909198018802,0,0.8443792325056467,0,0.6938175948345461
25,0.1,5000,0.7,816,0.47411764705882353,0.8933333333333335,0.16913957781514324,0,0.8436235955056213,0,0.6671854575163412
25,0.1,5000,0.7,857,0.47294117647058825,0.8886666666666669,0.1553521435692716,0,0.8183259911894328,0,0.6878685336444995
25,0.1,5000,0.7,852,0.4858823529411765,0.8873333333333335,0.15918352210866046,0,0.823640167364022,0,0.6960641627543067
25,0.1,5000,0.7,868,0.4588235294117647,0.8873333333333335,0.1571797215204553,0,0.8170937500000038,0,0.6348579109063014
25,0.1,5000,0.7,870,0.4858823529411765,0.8866666666666668,0.16810481197282987,0,0.8482105263157926,0,0.7043678160919531
25,0.1,5000,0.7,861,0.4811764705882353,0.8873333333333331,0.162405675835985,0,0.8284597701149465,0,0.6809523809523812
25,0.1,5000,0.7,854,0.45294117647058824,0.8880000000000001,0.1656700810456293,0,0.8460298507462718,0,0.655644028103046
25,0.1,5000,0.7,852,0.49529411764705883,0.8879999999999999,0.17404516953436536,0,0.8488571428571455,0,0.6736580594679192
25,0.1,5000,0.7,861,0.46941176470588236,0.8866666666666667,0.1787179581943355,0,0.8538861386138635,0,0.6790940766550537
25,0.2,1000,0.1,854,0.5,0.9613333333333336,0.1808117692334644,0.34486111111111106,0.7330938697318006,0.00351288056206089,0.5445123384253819
25,0.2,1000,0.1,864,0.4894117647058824,0.9660000000000001,0.18476041025903334,0.33415625000000043,0.7260952380952392,0.003472222222222222,0.5307355787843562
25,0.2,1000,0.1,834,0.4811764705882353,0.9599999999999999,0.20137333882399694,0.3169417475728153,0.7711928104575146,0.0035971223021582736,0.5863056558363398
25,0.2,1000,0.1,868,0.4611764705882353,0.9419999999999998,0.20094922870039397,0.283709677419355,0.7665855855855866,0.0034562211981566822,0.5784662813102103
25,0.2,1000,0.1,853,0.47058823529411764,0.9706666666666668,0.20771911442621244,0.2921524663677135,0.7960784313725504,0.0035169988276670576,0.5572941176470567
25,0.2,1000,0.1,873,0.4576470588235294,0.9573333333333335,0.18422130673631232,0.27661691542288536,0.7776262626262633,0.003436426116838488,0.53476245210728
25,0.2,1000,0.1,851,0.4894117647058824,0.9753333333333334,0.18140949995505667,0.30915254237288153,0.753786008230453,0.0035252643948296123,0.5361556603773576
25,0.2,1000,0.1,867,0.4964705882352941,0.9213333333333337,0.1696333081422245,0.2839130434782611,0.7625898692810442,0.0011534025374855825,0.6190223248652796
25,0.2,1000,0.1,888,0.48,0.9633333333333334,0.19992320221406001,0.33661290322580667,0.7721428571428564,0.0033783783783783786,0.5731224105461373
25,0.2,1000,0.1,847,0.47294117647058825,0.9560000000000001,0.2120600870481578,0.29837962962962944,0.7915517241379313,0.0035419126328217238,0.5771603475513418
25,0.2,1000,0.3,840,0.49411764705882355,0.9740000000000003,0.2509291462103981,0.11080524344569288,0.8096551724137948,0.0035714285714285713,0.5385583432895275
25,0.2,1000,0.3,871,0.4894117647058824,0.9666666666666667,0.27962662751553874,0.16894814814814835,0.8386430678466097,0.004592422502870264,0.5577316416762806
25,0.2,1000,0.3,853,0.4858823529411765,0.9426666666666665,0.25210431373136494,0.13984405458089666,0.8180384615384639,0.0035169988276670576,0.553400000000002
25,0.2,1000,0.3,881,0.48705882352941177,0.9499999999999998,0.29097231358615117,0.12605610561056077,0.8524855491329499,0.004540295119182747,0.5576814899277852
25,0.2,1000,0.3,840,0.4623529411764706,0.9693333333333336,0.27381777161445053,0.12144557823129247,0.8602953586497912,0.0035714285714285713,0.5245679012345693
25,0.2,1000,0.3,855,0.46,0.9579999999999997,0.2828356443179265,0.12623115577889418,0.833689024390246,0.0035087719298245615,0.5466118935837267
25,0.2,1000,0.3,882,0.47411764705882353,0.9420000000000003,0.27904174622589556,0.14452380952380942,0.8729642857142882,0.0045351473922902496,0.5401632498101756
25,0.2,1000,0.3,893,0.45294117647058824,0.9733333333333335,0.2691855886869637,0.12968954248365988,0.8450781250000026,0.004479283314669653,0.5434645669291355
25,0.2,1000,0.3,855,0.48,0.9693333333333336,0.2996858053533718,0.13551378446115278,0.847203947368423,0.005847953216374269,0.5107411764705896
25,0.2,1000,0.3,900,0.5023529411764706,0.9353333333333332,0.2732974901465432,0.14636666666666653,0.8403047091412774,0.0044444444444444444,0.5622581845238118
25,0.2,1000,0.5,876,0.45647058823529413,0.8866666666666668,0.17982737645557853,0,0.8539759036144591,0,0.7147602739726047
25,0.2,1000,0.5,861,0.4823529411764706,0.8866666666666667,0.1639797070112459,0,0.8247356828193866,0,0.6883352690669778
25,0.2,1000,0.5,858,0.44941176470588234,0.8880000000000001,0.1604314875450119,0,0.8204787234042585,0,0.6593783993784018
25,0.2,1000,0.5,857,0.4717647058823529,0.8866666666666667,0.18466885858152218,0,0.8472631578947406,0,0.6967600155581496
25,0.2,1000,0.5,853,0.48470588235294115,0.8866666666666667,0.15861264251541463,0,0.8125700934579477,0,0.6707112153184862
25,0.2,1000,0.5,857,0.46941176470588236,0.8873333333333335,0.15105494055630017,0,0.8307473309608557,0,0.629144301828085
25,0.2,1000,0.5,853,0.4764705882352941,0.8873333333333335,0.18174130241361175,0,0.8492592592592619,0,0.6875068386088347
25,0.2,1000,0.5,850,0.4682352941176471,0.8866666666666667,0.17170300938434951,0,0.8471428571428619,0,0.684454901960787
25,0.2,1000,0.5,868,0.43176470588235294,0.8866666666666667,0.18348666285383058,0,0.8586394557823152,0,0.6867933947772668
25,0.2,1000,0.5,867,0.45176470588235296,0.8866666666666667,0.14699466376012404,0,0.8258024691358077,0,0.7069396386005392
25,0.2,1000,0.7,863,0.4929411764705882,0.8873333333333333,0.1651937017229079,0,0.8437190082644667,0,0.7057203553495571
25,0.2,1000,0.7,824,0.49529411764705883,0.8933333333333338,0.14529268371539097,0,0.8110874200426483,0,0.7014077669902925
25,0.2,1000,0.7,886,0.4505882352941176,0.8860000000000002,0.17658238354025596,0,0.8391983967935916,0,0.7035402558314524
25,0.2,1000,0.7,895,0.44941176470588234,0.8806666666666666,0.1736149769815245,0,0.8461086956521782,0,0.6931843575419014
25,0.2,1000,0.7,875,0.49176470588235294,0.8859999999999997,0.14851187027623552,0,0.8180188679245318,0,0.6384685714285742
25,0.2,1000,0.7,849,0.47294117647058825,0.8880000000000001,0.1821005410049514,0,0.864062500000005,0,0.7056340793089941
25,0.2,1000,0.7,866,0.4776470588235294,0.8880000000000003,0.15489547838823156,0,0.8157401812688866,0,0.6439876828329513
25,0.2,1000,0.7,833,0.4717647058823529,0.8906666666666666,0.17196815695722353,0,0.844590747330966,0,0.7356782713085247
25,0.2,1000,0.7,911,0.4470588235294118,0.8806666666666665,0.17784603545450622,0,0.8489090909090932,0,0.6985327478960851
25,0.2,1000,0.7,856,0.44823529411764707,0.8873333333333331,0.16114761526883808,0,0.8334498834498868,0,0.6884852024922119
25,0.2,20000,0.1,869,0.48470588235294115,0.9646666666666666,0.17858468001823571,0.3310869565217387,0.7440048840048853,0.0034522439585730723,0.5325750577367204
25,0.2,20000,0.1,857,0.4717647058823529,0.9453333333333334,0.1580625910224978,0.30267123287671216,0.7425702811244989,0.002333722287047841,0.5548304093567238
25,0.2,20000,0.1,876,0.4964705882352941,0.9420000000000001,0.19319915898698778,0.27789115646258494,0.7683053557154269,0.00228310502283105,0.599595728451564
25,0.2,20000,0.1,813,0.46705882352941175,0.9553333333333334,0.18155608137616158,0.31066298342541465,0.7608721624850668,0.0036900369003690036,0.5560658436213978
25,0.2,20000,0.1,855,0.49529411764705883,0.9766666666666667,0.19755042105598383,0.31433898305084707,0.7447064989517828,0.004678362573099415,0.5345906776341551
25,0.2,20000,0.1,863,0.4764705882352941,0.9466666666666669,0.18440358175503316,0.3160000000000004,0.7640253748558251,0.002317497103128621,0.5717770034843187
25,0.2,20000,0.1,872,0.4376470588235294,0.944,0.16771416057521918,0.32466257668711623,0.7505899705014745,0.0022935779816513763,0.5766819923371616
25,0.2,20000,0.1,874,0.4835294117647059,0.9373333333333335,0.18783590219366433,0.31828326180257493,0.7505776515151514,0.003432494279176201,0.5620168388825089
25,0.2,20000,0.1,826,0.46352941176470586,1.006,0.20058229051286677,0.2735106382978724,0.7519718309859169,0.006053268765133172,0.5132318311002821
25,0.2,20000,0.1,832,0.4588235294117647,0.964,0.18969364664703778,0.29720524017467226,0.743762711864408,0.003605769230769231,0.538689183755527
25,0.2,20000,0.3,856,0.4647058823529412,0.9446666666666665,0.24468565319417465,0.10903581267217645,0.8302654867256678,0.002336448598130841,0.5981186572989869
25,0.2,20000,0.3,865,0.4682352941176471,0.94,0.2702357216781716,0.15468749999999984,0.8480152671755756,0.0023121387283236996,0.6042796446504479
25,0.2,20000,0.3,862,0.5035294117647059,0.9373333333333335,0.22620857215863371,0.17842105263157898,0.8121531100478476,0.0034802784222737818,0.5202793946449368
25,0.2,20000,0.3,870,0.49058823529411766,0.9806666666666665,0.2927630295799923,0.17271867612293176,0.8570469798657743,0.005747126436781609,0.5207475915221592
25,0.2,20000,0.3,869,0.4588235294117647,0.9460000000000002,0.272852750600597,0.13575039494470764,0.844644194756557,0.004602991944764097,0.5330789980732205
25,0.2,20000,0.3,856,0.4752941176470588,0.9453333333333334,0.24912517059046566,0.15756410256410233,0.8050000000000045,0.0035046728971962616,0.5955295037123908
25,0.2,20000,0.3,817,0.4717647058823529,0.9466666666666667,0.2623170018122723,0.16022222222222218,0.8415222482435626,0.0024479804161566705,0.6354642126789376
25,0.2,20000,0.3,853,0.46705882352941175,0.9533333333333334,0.28224380265143123,0.14227124183006504,0.828105849582176,0.004689331770222743,0.5678523753435438
25,0.2,20000,0.3,883,0.47058823529411764,0.9713333333333333,0.3108295726218304,0.15523114355231155,0.863146067415733,0.0056625141562853904,0.5455922551252873
25,0.2,20000,0.3,835,0.45529411764705885,0.9580000000000001,0.26302103653262127,0.14505617977528096,0.7811489361702143,0.005988023952095809,0.48232931726907735
25,0.2,20000,0.5,846,0.49058823529411766,0.8866666666666667,0.170787323554639,0,0.8508102766798444,0,0.7272734436564223
25,0.2,20000,0.5,811,0.5011764705882353,0.8933333333333333,0.16259280761862938,0,0.8472262773722625,0,0.635569256062478
25,0.2,20000,0.5,831,0.47058823529411764,0.8926666666666665,0.17742613689981987,0,0.8532815964523293,0,0.6987204171680704
25,0.2,20000,0.5,866,0.4541176470588235,0.8873333333333333,0.15593962344962062,0,0.8313488372093064,0,0.6872286374133951
25,0.2,20000,0.5,859,0.49176470588235294,0.8866666666666665,0.15302053260016768,0,0.81882575757576,0,0.6225067908420668
25,0.2,20000,0.5,835,0.46941176470588236,0.8886666666666666,0.17158409479260345,0,0.8425568181818199,0,0.6577964071856321
25,0.2,20000,0.5,828,0.4964705882352941,0.8913333333333333,0.15456519162308052,0,0.8272248803827763,0,0.6877133655394537
25,0.2,20000,0.5,865,0.46,0.8873333333333331,0.1716358683839746,0,0.8382812500000013,0,0.6880462427745687
25,0.2,20000,0.5,863,0.5176470588235295,0.8866666666666667,0.17748693052768014,0,0.8412549019607883,0,0.7066937041328702
25,0.2,20000,0.7,839,0.49058823529411766,0.8880000000000001,0.16569560067350803,0,0.8263746958637498,0,0.6759435836313095
25,0.2,20000,0.7,821,0.46705882352941175,0.8946666666666666,0.16613607450125295,0,0.8333088235294164,0,0.7240763296792546
25,0.2,20000,0.7,853,0.49058823529411766,0.8873333333333335,0.16933517338463677,0,0.8473750000000037,0,0.6487924970691701
25,0.2,20000,0.7,873,0.4576470588235294,0.8866666666666665,0.16884618526987727,0,0.8446762589928071,0,0.6819702176403224
25,0.2,20000,0.5,902,0.4647058823529412,0.8820000000000001,0.16999353837653808,0,0.8342145593869759,0,0.705362158167037
25,0.2,20000,0.7,847,0.4988235294117647,0.8873333333333335,0.17174728681018503,0,0.8406808510638327,0,0.6960999606454166
25,0.2,20000,0.7,860,0.47294117647058825,0.8873333333333333,0.1696030969456124,0,0.8421064814814831,0,0.6854031007751946
25,0.2,20000,0.7,854,0.48470588235294115,0.8880000000000001,0.1652274381338167,0,0.839336099585065,0,0.7049336455893861
25,0.2,20000,0.7,863,0.48,0.8866666666666668,0.17083416178091096,0,0.8599691358024707,0,0.657300115874855
25,0.2,20000,0.7,864,0.4611764705882353,0.8873333333333333,0.16694020441132595,0,0.849129213483151,0,0.6657716049382737
25,0.2,20000,0.7,846,0.4647058823529412,0.8866666666666667,0.16673954007158995,0,0.8466031746031771,0,0.6475413711583939
25,0.2,3000,0.1,824,0.49176470588235294,0.9926666666666667,0.21180430018340957,0.30857692307692314,0.766296296296296,0.0048543689320388345,0.5654959349593485
25,0.2,3000,0.1,894,0.47058823529411764,0.97,0.17127076522811294,0.3131168831168829,0.7258101851851869,0.003355704697986577,0.5423494201271968
25,0.2,3000,0.1,824,0.46588235294117647,0.9893333333333334,0.18437173492781983,0.3038940809968849,0.7368088467614547,0.0048543689320388345,0.49558943089430657
25,0.2,3000,0.1,867,0.4858823529411765,0.9806666666666665,0.190560426427219,0.3309342560553635,0.7783027522935788,0.0034602076124567475,0.5287847222222208
25,0.2,3000,0.1,862,0.4588235294117647,0.940666666666667,0.1967896363785395,0.30481012658227874,0.7503714565004898,0.0034802784222737818,0.5532285603414803
25,0.2,3000,0.1,888,0.4811764705882353,0.9673333333333335,0.20332748283861182,0.3015748031496061,0.7618909410729984,0.0045045045045045045,0.563559577677222
25,0.2,3000,0.1,859,0.5035294117647059,0.9886666666666667,0.195207334636374,0.30904436860068285,0.7925120772946856,0.004656577415599534,0.5153606237816749
25,0.2,3000,0.1,846,0.4752941176470588,0.9460000000000001,0.1871189506437875,0.3177477477477471,0.7516236559139797,0.002364066193853428,0.5549091627172196
25,0.2,3000,0.1,847,0.48823529411764705,0.9653333333333334,0.20999964033370722,0.3160236220472443,0.7853312629399595,0.0035419126328217238,0.5559834123222726
25,0.2,3000,0.1,868,0.4588235294117647,0.9553333333333334,0.17311381716648433,0.30808290155440415,0.749430303030304,0.0034562211981566822,0.5552254335260084
25,0.2,3000,0.3,854,0.4764705882352941,0.9466666666666667,0.27501736460891246,0.16854660347551342,0.8442642642642675,0.00468384074941452,0.5582549019607846
25,0.2,3000,0.3,884,0.4647058823529412,0.9953333333333337,0.2914578633977061,0.1451311953352773,0.7857234726688138,0.006787330316742082,0.47895596051632644
25,0.2,3000,0.3,853,0.5211764705882352,0.9546666666666666,0.284484762670632,0.1859349593495939,0.8630434782608717,0.004689331770222743,0.5372477424420903
25,0.2,3000,0.3,849,0.49411764705882355,0.9706666666666665,0.2821821397963849,0.16684523809523816,0.8279419525065994,0.004711425206124852,0.569483234714006
25,0.2,3000,0.3,848,0.47411764705882353,0.9486666666666665,0.2574569166414329,0.1390447154471545,0.8355629139072871,0.003537735849056604,0.563151873767259
25,0.2,3000,0.3,849,0.4964705882352941,0.9413333333333332,0.2810090546295973,0.10642685851318964,0.8650389610389639,0.002355712603062426,0.6048484848484866
25,0.2,3000,0.3,847,0.4776470588235294,0.9413333333333332,0.24989317310171058,0.1680662983425414,0.8007012195121982,0.0035419126328217238,0.5562756714060049
25,0.2,3000,0.3,851,0.4682352941176471,0.9299999999999998,0.2659626603477198,0.136734693877551,0.8326785714285748,0.0023501762632197414,0.5920337652139777
25,0.2,3000,0.3,835,0.4835294117647059,0.949333333333333,0.2850945437034367,0.1335984848484847,0.8432520325203273,0.003592814371257485,0.5789783653846163
25,0.2,3000,0.3,874,0.4623529411764706,0.9459999999999996,0.272312895166899,0.17338568935427578,0.8560856269113174,0.003432494279176201,0.5745618063528534
25,0.2,3000,0.5,872,0.49058823529411766,0.8866666666666667,0.16753140246678158,0,0.8444514767932527,0,0.6998967889908267
25,0.2,3000,0.5,898,0.47294117647058825,0.8806666666666666,0.18281659057362093,0,0.8631151241535019,0,0.6886488492947307
25,0.2,3000,0.5,865,0.4623529411764706,0.8880000000000001,0.15973868670550756,0,0.8210891089108945,0,0.7006705202312142
25,0.2,3000,0.5,870,0.46705882352941175,0.8873333333333335,0.16095520559307153,0,0.8251335311572722,0,0.6460957854406145
25,0.2,3000,0.5,860,0.4835294117647059,0.8893333333333334,0.16775040686241544,0,0.8282336956521772,0,0.6559108527131812
25,0.2,3000,0.5,863,0.4823529411764706,0.8866666666666667,0.16679971147322867,0,0.8532036613272317,0,0.7007184241019688
25,0.2,3000,0.5,888,0.47058823529411764,0.8873333333333331,0.16690580562399576,0,0.8435114503816826,0,0.7176088588588595
25,0.2,3000,0.5,854,0.48823529411764705,0.8866666666666667,0.17352154166415362,0,0.843565217391307,0,0.6934035909445753
25,0.2,3000,0.5,800,0.5011764705882353,0.8933333333333333,0.17605331931500168,0,0.8353243243243265,0,0.6616666666666687
25,0.2,3000,0.5,821,0.48,0.8933333333333333,0.17680755369732634,0,0.8533333333333346,0,0.6416524563540433
25,0.2,3000,0.7,870,0.4858823529411765,0.8879999999999999,0.18793288666458555,0,0.8745811518324632,0,0.6717471264367831
25,0.2,3000,0.7,859,0.45294117647058824,0.8873333333333333,0.16570311293354956,0,0.8430208333333362,0,0.67256887854094
25,0.2,3000,0.7,874,0.47294117647058825,0.8846666666666666,0.1785410964661397,0,0.8511990407673866,0,0.6793707093821533
25,0.2,3000,0.7,842,0.46705882352941175,0.8866666666666667,0.16912435721550603,0,0.8424033149171295,0,0.6690934283452118
25,0.2,3000,0.7,866,0.4752941176470588,0.8866666666666667,0.1626816429106542,0,0.8317603911980479,0,0.6746882217090089
25,0.2,3000,0.7,896,0.44941176470588234,0.8806666666666668,0.17917426578661835,0,0.8545977011494277,0,0.6821354166666695
25,0.2,3000,0.7,817,0.508235294117647,0.894,0.1403732273720894,0,0.8178861788617904,0,0.6290452876377021
25,0.2,3000,0.7,879,0.4752941176470588,0.8866666666666667,0.17039770320191697,0,0.8328865979381459,0,0.6927227910504371
25,0.2,3000,0.7,853,0.4682352941176471,0.8873333333333333,0.16496791227826954,0,0.834500000000004,0,0.6738022665103581
25,0.2,3000,0.7,832,0.47411764705882353,0.8886666666666667,0.17135251233344412,0,0.8344130434782633,0,0.6988461538461546
25,0.2,4000,0.1,864,0.46588235294117647,0.974666666666667,0.20355431915990405,0.29069958847736627,0.755538461538462,0.004629629629629629,0.5529147286821694
25,0.2,4000,0.1,904,0.4611764705882353,0.9506666666666664,0.177214040597901,0.32346153846153824,0.7322602089268762,0.00331858407079646,0.5556196818349963
25,0.2,4000,0.1,859,0.46941176470588236,0.9486666666666668,0.19558742666350107,0.2800568181818182,0.7498073701842529,0.0034924330616996507,0.5857788161993734
25,0.2,4000,0.1,866,0.4576470588235294,0.9286666666666665,0.15925531553022604,0.3103361344537814,0.7465743589743601,0.0011547344110854503,0.5800115606936401
25,0.2,4000,0.1,905,0.44,0.948,0.20336903027763112,0.28989795918367345,0.7735927672955951,0.0033149171270718232,0.5885328898743526
25,0.2,4000,0.1,858,0.4976470588235294,0.9533333333333334,0.1916962756494445,0.3165863453815266,0.7573695420660288,0.0034965034965034965,0.5419415204678334
25,0.2,4000,0.1,856,0.4823529411764706,0.9686666666666663,0.1824236784685555,0.2962553191489358,0.7232020202020221,0.0035046728971962616,0.5475967174677595
25,0.2,4000,0.1,857,0.4811764705882353,0.9666666666666669,0.20842770501516564,0.26711538461538487,0.774906490649066,0.004667444574095682,0.5500429855412261
25,0.2,4000,0.1,891,0.4776470588235294,0.9393333333333334,0.17647074260975393,0.30173333333333296,0.7553075396825412,0.002244668911335578,0.5741357330333694
25,0.2,4000,0.1,865,0.4929411764705882,0.9539999999999997,0.1893977966474809,0.32418478260869593,0.7830905077262692,0.0023121387283236996,0.562580146774815
25,0.2,4000,0.3,881,0.48823529411764705,0.9593333333333334,0.25650618077035237,0.14660687593423008,0.8284188034188044,0.004540295119182747,0.5132193082478163
25,0.2,4000,0.3,853,0.4811764705882353,0.9666666666666663,0.27903676119991744,0.1676209150326798,0.8232903225806494,0.004689331770222743,0.5306595995288599
25,0.2,4000,0.3,876,0.46588235294117647,0.958,0.30884898547266904,0.10298850574712627,0.8735309973045857,0.0045662100456621,0.5730237003058108
25,0.2,4000,0.3,865,0.4682352941176471,0.9666666666666667,0.2616639110632021,0.18309523809523795,0.8161224489795965,0.004624277456647399,0.5525745257452602
25,0.2,4000,0.3,863,0.5129411764705882,0.9513333333333336,0.2526372344724344,0.11666666666666678,0.8372171253822669,0.002317497103128621,0.5874835462640355
25,0.2,4000,0.3,844,0.47294117647058825,0.9453333333333334,0.29394658875476015,0.12457593688362922,0.8435714285714305,0.0035545023696682463,0.6115695600475617
25,0.2,4000,0.3,820,0.5047058823529412,0.9826666666666665,0.28483888557700227,0.1899203640500571,0.8452873563218402,0.006097560975609756,0.5064498977505123
25,0.2,4000,0.3,846,0.5,0.9473333333333335,0.27328804931790046,0.13753086419753083,0.8331713554987247,0.0035460992907801418,0.5971372083827623
25,0.2,4000,0.3,897,0.4611764705882353,0.9413333333333335,0.2648448427127233,0.14818181818181814,0.8340000000000036,0.0033444816053511705,0.6042654735272214
25,0.2,4000,0.3,867,0.4811764705882353,0.9586666666666666,0.2693846182106175,0.1497701149425285,0.8443430656934343,0.0034602076124567475,0.5477353395061729
25,0.2,4000,0.5,865,0.48470588235294115,0.8866666666666667,0.1745082312809191,0,0.8407114624505964,0,0.7121117533718707
25,0.2,4000,0.5,866,0.4588235294117647,0.8879999999999999,0.17525523559204823,0,0.848164893617023,0,0.666324095458045
25,0.2,4000,0.5,860,0.4835294117647059,0.8866666666666667,0.17479402673651423,0,0.8407250000000035,0,0.6756046511627921
25,0.2,4000,0.5,876,0.4811764705882353,0.8873333333333335,0.1818018302622388,0,0.8589717223650417,0,0.67078386605784
25,0.2,4000,0.5,837,0.44,0.8886666666666667,0.1727172862009069,0,0.8499744245524338,0,0.6746913580246942
25,0.2,4000,0.5,807,0.49176470588235294,0.8933333333333333,0.16117463218537112,0,0.8395112781954932,0,0.7318752581577884
25,0.2,4000,0.5,890,0.45529411764705885,0.8846666666666668,0.15128716659704491,0,0.8441700404858317,0,0.6257827715355846
25,0.2,4000,0.5,797,0.4964705882352941,0.8933333333333335,0.17529495317218602,0,0.8422458628841637,0,0.6877749895441259
25,0.2,4000,0.5,847,0.4894117647058824,0.8866666666666667,0.16707096100372198,0,0.8381402439024417,0,0.6475049193231049
25,0.2,4000,0.7,865,0.4623529411764706,0.8873333333333333,0.18107661118225196,0,0.848781512605044,0,0.6971560693641635
25,0.2,4000,0.7,870,0.4623529411764706,0.8880000000000001,0.16376358109831865,0,0.8444089456869028,0,0.6430498084291212
25,0.2,4000,0.5,882,0.4811764705882353,0.8866666666666667,0.17459086152579834,0,0.8400205761316887,0,0.6953401360544221
25,0.2,4000,0.7,852,0.4976470588235294,0.8866666666666667,0.15613003115831145,0,0.8135858585858616,0,0.6649452269170592
25,0.2,4000,0.7,846,0.5094117647058823,0.8866666666666665,0.18608445392245776,0,0.86614657210402,0,0.6912096138691891
25,0.2,4000,0.7,901,0.4470588235294118,0.8800000000000002,0.17555568418270973,0,0.8377489177489214,0,0.6859526452090274
25,0.2,4000,0.7,864,0.4835294117647059,0.8866666666666668,0.1675382343473204,0,0.8413673469387803,0,0.7032137345679025
25,0.2,4000,0.7,862,0.4894117647058824,0.8879999999999999,0.17169738970465304,0,0.8449759615384657,0,0.6795707656612543
25,0.2,4000,0.7,839,0.46,0.8913333333333334,0.15028779326058672,0,0.814297520661162,0,0.7005164878824006
25,0.2,4000,0.7,890,0.4611764705882353,0.8853333333333334,0.1542566748422219,0,0.8330150753768866,0,0.7423445692883874
25,0.2,4000,0.7,856,0.4764705882352941,0.8873333333333335,0.15537796719416327,0,0.8282997762863568,0,0.6914680685358269
25,0.2,5000,0.1,849,0.48705882352941177,0.9519999999999998,0.20213278055111183,0.28280487804878046,0.7691111111111109,0.0035335689045936395,0.5771513002364071
25,0.2,5000,0.1,886,0.46352941176470586,0.9406666666666667,0.19089744898674388,0.2982634730538921,0.7612550937245295,0.002257336343115124,0.589144042232276
25,0.2,5000,0.1,847,0.48470588235294115,0.9153333333333334,0.18099984144017617,0.3197857142857146,0.7573493975903592,0.0023612750885478157,0.6003589743589727
25,0.2,5000,0.1,879,0.4447058823529412,0.9566666666666667,0.1675834879703643,0.3238181818181818,0.7308191126279877,0.0034129692832764505,0.5496575342465722
25,0.2,5000,0.1,898,0.41411764705882353,0.9253333333333335,0.1704164954155449,0.3403355704697984,0.7578102836879423,0.0011135857461024498,0.5855332590115186
25,0.2,5000,0.1,858,0.4752941176470588,0.9446666666666664,0.1841201806294538,0.3014393939393941,0.760220646178091,0.0011655011655011655,0.6024192921042384
25,0.2,5000,0.1,870,0.4717647058823529,0.9633333333333334,0.18954517768295054,0.30229665071770334,0.7755388471177945,0.0034482758620689655,0.5579546328335241
25,0.2,5000,0.1,870,0.4682352941176471,0.9820000000000003,0.21356554903065747,0.3005190311418685,0.7792948717948713,0.004597701149425287,0.5419668976135485
25,0.2,5000,0.1,862,0.4623529411764706,0.9666666666666667,0.17257797296248809,0.33927756653992425,0.7437437810945284,0.0034802784222737818,0.5318005432673621
25,0.2,5000,0.1,849,0.48470588235294115,0.9553333333333334,0.19172810609714233,0.3500000000000005,0.7675990099009888,0.002355712603062426,0.5919637937819751
25,0.2,5000,0.3,854,0.4788235294117647,0.9660000000000004,0.2947658335063505,0.14301369863013694,0.8494565217391316,0.00468384074941452,0.5599450980392182
25,0.2,5000,0.3,878,0.4623529411764706,0.9853333333333336,0.2819340105610596,0.1558080808080807,0.8264873417721544,0.0056947608200455585,0.528900343642614
25,0.2,5000,0.3,838,0.5058823529411764,0.968,0.29668236965417444,0.11739583333333324,0.9147520661157014,0.003579952267303103,0.5478522954091829
25,0.2,5000,0.3,863,0.48,0.9380000000000003,0.2985499319361525,0.13895833333333318,0.8638709677419367,0.0034762456546929316,0.5972713178294585
25,0.2,5000,0.3,813,0.5023529411764706,0.9540000000000002,0.2754275659656123,0.15134353741496573,0.8303768115942061,0.004920049200492005,0.5618335393489934
25,0.2,5000,0.3,900,0.4858823529411765,0.9540000000000003,0.2485642486725827,0.14905940594059394,0.8319736842105276,0.0044444444444444444,0.5253831845238109
25,0.2,5000,0.3,923,0.4647058823529412,0.9546666666666668,0.2658925307746496,0.1474236874236875,0.8011111111111137,0.005417118093174431,0.4985039941902704
25,0.2,5000,0.3,842,0.49411764705882355,0.9253333333333332,0.2524896303579065,0.10814035087719298,0.8428428927680818,0.0011876484560570072,0.6255093143083655
25,0.2,5000,0.3,868,0.5023529411764706,0.9833333333333333,0.27131877408586774,0.16937214611872162,0.8210460251046046,0.00576036866359447,0.4937929702587888
25,0.2,5000,0.3,867,0.4682352941176471,0.944666666666667,0.25326244233416667,0.08798387096774202,0.8392138364779886,0.002306805074971165,0.5846628131021214
25,0.2,5000,0.5,865,0.4682352941176471,0.886,0.16178118357662022,0,0.8333115468409603,0,0.693668593448941
25,0.2,5000,0.5,876,0.44823529411764707,0.8866666666666668,0.18135352054183027,0,0.8588516746411531,0,0.6780479452054807
25,0.2,5000,0.5,862,0.4752941176470588,0.8880000000000001,0.16963381628832275,0,0.8493055555555573,0,0.6904988399071925
25,0.2,5000,0.5,845,0.5023529411764706,0.8866666666666667,0.16095579826138032,0,0.8353877551020455,0,0.7152583826429989
25,0.2,5000,0.5,864,0.4811764705882353,0.886666666666667,0.17436485902626617,0,0.8496626984127026,0,0.7109413580246917
25,0.2,5000,0.5,826,0.48,0.8906666666666668,0.1346838922271173,0,0.7993315508021422,0,0.67167070217918
25,0.2,5000,0.5,801,0.4988235294117647,0.8940000000000001,0.16072184764679678,0,0.8284172661870522,0,0.6323262588431142
25,0.2,5000,0.5,918,0.4623529411764706,0.8806666666666668,0.14130912666650597,0,0.816711409395976,0,0.6322512708787222
25,0.2,5000,0.5,826,0.49529411764705883,0.8919999999999999,0.16017938665360135,0,0.8312085308056907,0,0.6828934624697344
25,0.2,5000,0.5,826,0.46,0.8913333333333334,0.15503019844464566,0,0.8248705882352971,0,0.6903591606133975
25,0.2,5000,0.7,905,0.45647058823529413,0.8806666666666666,0.16154987941216392,0,0.8298903508771968,0,0.6911307550644566
25,0.2,5000,0.7,864,0.4788235294117647,0.8886666666666667,0.15767971892391364,0,0.8338304093567277,0,0.6535879629629641
25,0.2,5000,0.7,852,0.4788235294117647,0.8879999999999999,0.16513226013023016,0,0.8280896226415112,0,0.6816979655712065
25,0.2,5000,0.7,834,0.4752941176470588,0.89,0.16261158387619382,0,0.8336454183266975,0,0.716167066346923
25,0.2,5000,0.7,868,0.48,0.8873333333333335,0.1603688095474008,0,0.8335416666666697,0,0.6475883256528427
25,0.2,5000,0.7,853,0.4764705882352941,0.8873333333333335,0.16179702458922585,0,0.826628440366976,0,0.6889683470105518
25,0.2,5000,0.7,847,0.4988235294117647,0.8866666666666667,0.16143865641716584,0,0.8219335347432057,0,0.6398071625344388
25,0.2,5000,0.7,814,0.4976470588235294,0.8940000000000001,0.16513346606441992,0,0.8320155038759722,0,0.669017199017201
25,0.2,5000,0.7,832,0.46705882352941175,0.8926666666666665,0.17169769206951,0,0.8539361702127697,0,0.7126161858974367
25,0.2,5000,0.7,844,0.4823529411764706,0.8873333333333331,0.17327609757924065,0,0.8449356223176002,0,0.6983767772511847
25,0.3,1000,0.1,850,0.44588235294117645,0.974,0.19309177272493086,0.29021834061135376,0.7614322916666684,0.004705882352941176,0.5448226950354593
25,0.3,1000,0.1,844,0.49529411764705883,0.9653333333333333,0.19853827510088873,0.30232142857142824,0.7531064572425814,0.004739336492890996,0.5697817460317443
25,0.3,1000,0.1,875,0.5,0.9520000000000001,0.19338038985067468,0.29645320197044317,0.7551704545454556,0.0034285714285714284,0.5634136085626905
25,0.3,1000,0.1,886,0.4929411764705882,0.9753333333333334,0.19686839289259933,0.31498316498316514,0.757362869198313,0.004514672686230248,0.5328382464096741
25,0.3,1000,0.1,875,0.4752941176470588,0.9766666666666669,0.209425119675208,0.2961764705882351,0.7724358974358962,0.004571428571428572,0.5714045158821245
25,0.3,1000,0.1,848,0.49058823529411766,0.9726666666666669,0.20036579092133563,0.3017543859649121,0.7753716216216219,0.003537735849056604,0.5482248520710044
25,0.3,1000,0.1,851,0.46705882352941175,0.9586666666666663,0.20662359234671898,0.29113122171945705,0.7878861788617887,0.004700352526439483,0.5587800078709151
25,0.3,1000,0.1,891,0.47058823529411764,0.9446666666666665,0.19429518738748802,0.28928571428571426,0.7732330827067679,0.003367003367003367,0.5316516516516524
25,0.3,1000,0.1,858,0.48823529411764705,0.9566666666666664,0.18846391402719537,0.3278823529411764,0.7549787685774954,0.0034965034965034965,0.544666666666664
25,0.3,1000,0.1,869,0.4541176470588235,0.9499999999999998,0.19659408805337983,0.30464480874316924,0.7666895499618575,0.0034522439585730723,0.596439568899149
25,0.3,1000,0.3,874,0.4611764705882353,0.9706666666666665,0.2798575785297414,0.12546003016591228,0.8129651162790725,0.004576659038901602,0.5386015325670521
25,0.3,1000,0.3,876,0.47058823529411764,0.9553333333333333,0.2828071780286439,0.16561011904761896,0.829063291139245,0.0045662100456621,0.5670986238532137
25,0.3,1000,0.3,854,0.4776470588235294,0.9526666666666669,0.26304602540799704,0.16444444444444445,0.8065740740740784,0.00468384074941452,0.5290117647058843
25,0.3,1000,0.3,853,0.46705882352941175,0.922,0.22757221302319178,0.14608562691131521,0.8181615598885825,0.0023446658851113715,0.6067763415589531
25,0.3,1000,0.3,862,0.4976470588235294,0.9626666666666667,0.2846250922833417,0.1390204678362569,0.8379204892966395,0.004640371229698376,0.5424864024864041
25,0.3,1000,0.3,889,0.48,0.9499999999999996,0.30501934243356976,0.09820512820512817,0.8634438775510231,0.003374578177727784,0.5888638073739657
25,0.3,1000,0.3,888,0.4764705882352941,0.9613333333333335,0.2728352591245254,0.16038821954484617,0.8409349593495957,0.0045045045045045045,0.5231259426847668
25,0.3,1000,0.3,900,0.4788235294117647,0.9233333333333333,0.23220838233676705,0.1696666666666665,0.8255984555984565,0.0033333333333333335,0.5497250092902289
25,0.3,1000,0.3,828,0.47058823529411764,0.958,0.28377849481796025,0.11896624472573843,0.8536616161616192,0.0036231884057971015,0.6072565656565669
25,0.3,1000,0.3,897,0.4788235294117647,0.9626666666666669,0.26066536766116466,0.1251007751937985,0.811382113821139,0.004459308807134894,0.5133930571108639
25,0.3,1000,0.5,863,0.46352941176470586,0.8873333333333335,0.17634864839869405,0,0.8527464788732422,0,0.6873619157976073
25,0.3,1000,0.5,857,0.4858823529411765,0.8880000000000001,0.16416887272649355,0,0.8446796116504883,0,0.7251108518086341
25,0.3,1000,0.5,867,0.49176470588235294,0.8866666666666667,0.1691078786445762,0,0.8499489795918408,0,0.675693963860056
25,0.3,1000,0.5,856,0.4788235294117647,0.8866666666666668,0.15972597002477534,0,0.8209879518072327,0,0.6735864485981335
25,0.3,1000,0.5,842,0.45647058823529413,0.8873333333333335,0.175032693423894,0,0.8492369477911679,0,0.7111520190023769
25,0.3,1000,0.5,836,0.5035294117647059,0.8873333333333335,0.18176998285536494,0,0.8643006263048036,0,0.7169098883572572
25,0.3,1000,0.5,850,0.4576470588235294,0.8866666666666667,0.15336467556730268,0,0.8221510297482887,0,0.681270588235295
25,0.3,1000,0.5,861,0.46705882352941175,0.8873333333333333,0.16680138681768242,0,0.8451005025125663,0,0.6816376306620223
25,0.3,1000,0.5,834,0.4776470588235294,0.8906666666666666,0.19212915447572337,0,0.8710021321961654,0,0.7071063149480455
25,0.3,1000,0.5,849,0.4588235294117647,0.8886666666666667,0.17204888371591467,0,0.8558264462809954,0,0.7163133097762082
25,0.3,1000,0.7,871,0.4858823529411765,0.8873333333333333,0.16059799404754907,0,0.8251876379690971,0,0.686061997703792
25,0.3,1000,0.7,901,0.47294117647058825,0.8806666666666668,0.17412483247200158,0,0.8492239858906551,0,0.7273325934147263
25,0.3,1000,0.7,888,0.44941176470588234,0.8873333333333335,0.15896908056463502,0,0.8262720403022707,0,0.6730930930930923
25,0.3,1000,0.7,867,0.4823529411764706,0.8866666666666667,0.18232843065855572,0,0.8487528344671237,0,0.6916224529027318
25,0.3,1000,0.7,833,0.508235294117647,0.8926666666666667,0.16340450966511325,0,0.8465017667844532,0,0.6380792316926802
25,0.3,1000,0.7,836,0.47411764705882353,0.8893333333333334,0.16994642311496636,0,0.843184357541903,0,0.729848484848487
25,0.3,1000,0.7,858,0.5247058823529411,0.8873333333333335,0.1479786412822516,0,0.8137119113573437,0,0.6599689199689224
25,0.3,1000,0.7,833,0.5152941176470588,0.8919999999999999,0.18220475249723736,0,0.8428403755868582,0,0.6798879551820759
25,0.3,1000,0.7,835,0.4764705882352941,0.8906666666666668,0.1579080317081665,0,0.8233734939759071,0,0.6436966067864309
25,0.3,1000,0.7,886,0.4776470588235294,0.8846666666666666,0.18274147770903942,0,0.8588828337874685,0,0.6653837471783307
25,0.3,20000,0.1,837,0.44941176470588234,0.9553333333333334,0.16755208865103513,0.34778301886792484,0.7344317096466102,0.0023894862604540022,0.563964071856283
25,0.3,20000,0.1,872,0.4788235294117647,0.9786666666666668,0.18270061555921335,0.3086805555555557,0.7568817204301079,0.005733944954128441,0.5072049211841587
25,0.3,20000,0.1,849,0.48,0.9613333333333336,0.19988927369825757,0.2984236453201969,0.7715663801337145,0.0035335689045936395,0.5693380614657196
25,0.3,20000,0.1,906,0.4894117647058824,0.9513333333333333,0.18453544151569898,0.30009433962264104,0.7686231884057978,0.0033112582781456954,0.5397120708748608
25,0.3,20000,0.1,824,0.5094117647058823,0.9833333333333332,0.20184896751637285,0.3356187290969904,0.7540989729225033,0.0036407766990291263,0.5495939910678023
25,0.3,20000,0.1,893,0.45647058823529413,0.9619999999999999,0.1839922285546444,0.3203043478260869,0.742867063492065,0.0022396416573348264,0.5524092779648324
25,0.3,20000,0.1,881,0.48,0.9346666666666668,0.18622025219106905,0.3063758389261742,0.7625214676034335,0.0011350737797956867,0.5976515151515139
25,0.3,20000,0.1,866,0.4541176470588235,0.9653333333333334,0.19164166950736028,0.2999638989169677,0.7483465608465621,0.004618937644341801,0.5174632637277642
25,0.3,20000,0.1,851,0.5129411764705882,0.9693333333333332,0.20056217985626157,0.29961538461538456,0.7596374269005858,0.004700352526439483,0.5242070051160941
25,0.3,20000,0.3,842,0.48470588235294115,0.9720000000000001,0.2810416639701267,0.16461658841940524,0.8518412698412725,0.004750593824228029,0.5524423229912492
25,0.3,20000,0.1,847,0.48823529411764705,0.9380000000000002,0.18309743565033607,0.29623529411764715,0.762428256070639,0.0023612750885478157,0.5632189349112422
25,0.3,20000,0.3,866,0.4835294117647059,0.9486666666666669,0.272919805721207,0.11823633156966487,0.8409491525423749,0.003464203233256351,0.5449324063344934
25,0.3,20000,0.3,880,0.4823529411764706,0.9680000000000001,0.2970663662119986,0.16684385382059858,0.8476615384615411,0.005681818181818182,0.5141600000000023
25,0.3,20000,0.3,875,0.47058823529411764,0.9226666666666667,0.24558758953153303,0.11023255813953503,0.8176780185758532,0.002285714285714286,0.5809965635738836
25,0.3,20000,0.3,847,0.49529411764705883,0.9486666666666668,0.2641923396627527,0.18350785340314127,0.835821325648418,0.0035419126328217238,0.5771208530805699
25,0.3,20000,0.3,860,0.4788235294117647,0.9793333333333334,0.33337383541057714,0.14235849056603814,0.8739080459770141,0.0069767441860465115,0.5214871194379397
25,0.3,20000,0.3,876,0.45647058823529413,0.9546666666666664,0.25485150418675717,0.1596236559139785,0.804257028112452,0.005707762557077625,0.49925373134328627
25,0.3,20000,0.3,829,0.48823529411764705,0.9733333333333335,0.27407584517690337,0.1338505747126437,0.8392358803986741,0.0036188178528347406,0.5574576271186447
25,0.3,20000,0.3,862,0.46588235294117647,0.9560000000000001,0.26823208941618887,0.1494035087719297,0.8247447447447462,0.0034802784222737818,0.5580752813348858
25,0.3,20000,0.5,855,0.48705882352941177,0.8873333333333335,0.1657800588423912,0,0.8461181434599176,0,0.7088460038986374
25,0.3,20000,0.5,864,0.5,0.8853333333333334,0.1758867308569388,0,0.8577941176470615,0,0.6523263888888907
25,0.3,20000,0.3,885,0.47294117647058825,0.9540000000000003,0.21794076017332523,0.17065934065934074,0.7827312775330413,0.003389830508474576,0.5167611489040075
25,0.3,20000,0.5,882,0.508235294117647,0.8866666666666668,0.17907707133781733,0,0.8632286212914535,0,0.7405253212396105
25,0.3,20000,0.5,866,0.4858823529411765,0.8879999999999999,0.17403856139619495,0,0.8443647540983638,0,0.7059815242494223
25,0.3,20000,0.5,826,0.48705882352941177,0.8926666666666667,0.1833445914672419,0,0.8462937062937081,0,0.6843139628732867
25,0.3,20000,0.5,809,0.47294117647058825,0.8933333333333333,0.1683279003173146,0,0.8390178571428591,0,0.7033209723939035
25,0.3,20000,0.5,918,0.45647058823529413,0.88,0.1780177671749519,0,0.8442650103519689,0,0.6922585330428495
25,0.3,20000,0.5,861,0.48,0.8873333333333335,0.1644723365665451,0,0.8396743295019193,0,0.7217266744096031
25,0.3,20000,0.5,853,0.45294117647058824,0.89,0.1615222255366909,0,0.8250111358574631,0,0.6873935130910533
25,0.3,20000,0.5,843,0.4811764705882353,0.8879999999999999,0.15699279171783767,0,0.8207848101265862,0,0.6698260181890092
25,0.3,20000,0.7,863,0.46705882352941175,0.8873333333333333,0.1767397117874025,0,0.8473626373626406,0,0.6926496716879134
25,0.3,20000,0.7,858,0.4682352941176471,0.8866666666666667,0.16934239252392103,0,0.8345000000000034,0,0.6661344211344236
25,0.3,20000,0.7,882,0.46705882352941175,0.8879999999999999,0.1725376933189168,0,0.8450314465408826,0,0.6387566137566161
25,0.3,20000,0.7,867,0.4894117647058824,0.8866666666666668,0.16447965682228916,0,0.8273209549071658,0,0.6595655517108836
25,0.3,20000,0.7,856,0.4835294117647059,0.8873333333333333,0.16306851815534298,0,0.8280941176470619,0,0.6783917445482875
25,0.3,20000,0.7,868,0.47058823529411764,0.8873333333333336,0.1665265857937069,0,0.8347154471544744,0,0.6636098310291864
25,0.3,20000,0.7,851,0.46705882352941175,0.8893333333333332,0.1733475450251641,0,0.8482687338501347,0,0.6713905209557411
25,0.3,20000,0.7,813,0.4823529411764706,0.894,0.15769998021090245,0,0.8377031802120177,0,0.6363017630176331
25,0.3,20000,0.7,816,0.5035294117647059,0.8933333333333333,0.17821693043200904,0,0.8565728900255777,0,0.6875204248366027
25,0.3,3000,0.1,851,0.4752941176470588,0.9566666666666667,0.1778553003039326,0.3069587628865979,0.7365878378378391,0.0023501762632197414,0.5511150372987824
25,0.3,20000,0.7,872,0.5011764705882353,0.8840000000000001,0.15898598037251535,0,0.8376952380952435,0,0.7204204892966364
25,0.3,3000,0.1,875,0.4858823529411765,0.9940000000000003,0.1911109879426521,0.30439446366782,0.7366185318892915,0.004571428571428572,0.5239724454649818
25,0.3,3000,0.1,840,0.48705882352941177,0.9553333333333333,0.18244945426658837,0.29259433962264136,0.7404011065006922,0.0035714285714285713,0.5395898048586202
25,0.3,3000,0.1,869,0.4894117647058824,0.9313333333333337,0.16097446457229125,0.3467005076142133,0.7390849673202626,0.0011507479861910242,0.5556874039938537
25,0.3,3000,0.1,821,0.48705882352941177,0.9693333333333334,0.19540632401969388,0.27895522388059696,0.7725717852684153,0.0036540803897685747,0.5450325998369996
25,0.3,3000,0.1,906,0.4623529411764706,0.9466666666666667,0.19642362294450696,0.3054838709677419,0.7743881856540071,0.0033112582781456954,0.5872720561092638
25,0.3,3000,0.1,806,0.4788235294117647,0.9480000000000001,0.20291064909706943,0.2832352941176468,0.7551591289782232,0.0037220843672456576,0.586454960564548
25,0.3,3000,0.1,851,0.4505882352941176,0.9766666666666667,0.20571033905137168,0.3006367041198503,0.7523589743589755,0.004700352526439483,0.5493506493506498
25,0.3,3000,0.1,862,0.48,0.9686666666666663,0.2203258265587971,0.2955591054313102,0.7860498220640568,0.00580046403712297,0.5402567094515741
25,0.3,3000,0.3,885,0.4576470588235294,0.9399999999999998,0.28286181840275937,0.15312599681020728,0.8553437500000027,0.004519774011299435,0.5491903140370814
25,0.3,3000,0.3,867,0.4541176470588235,0.9666666666666669,0.30701564041844637,0.09772727272727268,0.8524352331606252,0.00461361014994233,0.5740285824642736
25,0.3,3000,0.3,865,0.46705882352941175,0.9646666666666668,0.2549966895179651,0.17788135593220358,0.8456603773584914,0.004624277456647399,0.5055439411536987
25,0.3,3000,0.3,871,0.4835294117647059,0.9660000000000002,0.2999627774438156,0.1474275362318841,0.8322608695652192,0.0057405281285878304,0.5243687451886079
25,0.3,3000,0.3,847,0.4835294117647059,0.9786666666666668,0.2527565141230133,0.18226190476190482,0.7784375000000017,0.0070838252656434475,0.4486048355132792
25,0.3,3000,0.3,864,0.46941176470588236,0.9666666666666667,0.268970625987197,0.09355072463768133,0.8460937500000025,0.0023148148148148147,0.5809474091260648
25,0.3,3000,0.1,857,0.46,0.9746666666666668,0.17683420835996555,0.33476038338658093,0.7452136752136755,0.003500583430571762,0.5125331772053071
25,0.3,3000,0.3,834,0.47294117647058825,0.9626666666666667,0.2856072948325341,0.1371175523349433,0.8308333333333364,0.0035971223021582736,0.5587765744083453
25,0.3,3000,0.3,875,0.4623529411764706,0.9686666666666666,0.2704055791490942,0.15695512820512805,0.8334556574923588,0.004571428571428572,0.5643207041714525
25,0.3,3000,0.3,848,0.46705882352941175,0.9600000000000002,0.3056626764571179,0.1318333333333331,0.8484210526315817,0.0047169811320754715,0.5531793048973153
25,0.3,3000,0.3,859,0.46705882352941175,0.9753333333333336,0.2522832812936608,0.14123098201936357,0.778782608695654,0.004656577415599534,0.4946666666666684
25,0.3,3000,0.5,861,0.4811764705882353,0.8866666666666667,0.18223966385185142,0,0.8496982758620709,0,0.6988540456833158
25,0.3,3000,0.5,860,0.4823529411764706,0.8880000000000001,0.1819150732803305,0,0.8532903225806473,0,0.6381085271317849
25,0.3,3000,0.5,872,0.45176470588235296,0.8873333333333333,0.18510495786258166,0,0.866644736842107,0,0.6994686544342525
25,0.3,3000,0.5,851,0.4776470588235294,0.8866666666666668,0.15640926199657276,0,0.8230434782608717,0,0.6904700352526445
25,0.3,3000,0.5,894,0.4623529411764706,0.8800000000000002,0.16783938371098753,0,0.841833333333334,0,0.6815137956748701
25,0.3,3000,0.5,838,0.48705882352941177,0.8933333333333331,0.17213417794360142,0,0.8457928118393273,0,0.7042680986475739
25,0.3,3000,0.5,838,0.49176470588235294,0.8880000000000003,0.18228882989648662,0,0.8481188118811922,0,0.7109705648369152
25,0.3,3000,0.5,849,0.5152941176470588,0.8866666666666667,0.16369484146513955,0,0.8371086956521766,0,0.7053121319199062
25,0.3,3000,0.5,864,0.46941176470588236,0.8859999999999999,0.16311923545045212,0,0.8438218390804649,0,0.6620524691358065
25,0.3,3000,0.5,825,0.4894117647058824,0.8906666666666668,0.16503893654821972,0,0.835833333333336,0,0.6455595959595998
25,0.3,3000,0.7,873,0.46,0.8866666666666667,0.13739683005770864,0,0.8021748878923802,0,0.6852119129438733
25,0.3,3000,0.7,844,0.4858823529411765,0.8880000000000001,0.1531674402983834,0,0.8282635983263626,0,0.7073025276461306
25,0.3,3000,0.7,873,0.48823529411764705,0.8879999999999998,0.17912745159464952,0,0.8471929824561439,0,0.6884077892325324
25,0.3,3000,0.7,910,0.5,0.88,0.17184793119749758,0,0.851176470588241,0,0.7250476190476198
25,0.3,3000,0.7,850,0.5011764705882353,0.8866666666666667,0.18528667893500375,0,0.8741982507288657,0,0.6646196078431399
25,0.3,3000,0.7,873,0.4682352941176471,0.886,0.17891393555658816,0,0.8460960334029282,0,0.7011874761359304
25,0.3,3000,0.7,851,0.48470588235294115,0.8886666666666667,0.1695691869922366,0,0.8305641025641056,0,0.6675754014884462
25,0.3,3000,0.7,852,0.5058823529411764,0.8873333333333335,0.16898636042330462,0,0.8389208633093559,0,0.6842331768388127
25,0.3,3000,0.7,855,0.44941176470588234,0.8866666666666668,0.16096716722980595,0,0.8346992481203058,0,0.7231968810916196
25,0.3,3000,0.7,820,0.5,0.8940000000000001,0.16816842520588982,0,0.8383421052631614,0,0.6655528455284591
25,0.3,4000,0.1,813,0.47294117647058825,0.9566666666666664,0.1919660809698386,0.2931491712707184,0.7539944134078213,0.0036900369003690036,0.5686831275720131
25,0.3,4000,0.1,869,0.48470588235294115,0.9673333333333335,0.19849446970372106,0.3160701754385969,0.7470259481037929,0.004602991944764097,0.5408978805394961
25,0.3,4000,0.1,877,0.4647058823529412,0.9793333333333332,0.21570157371003632,0.3273220338983058,0.7781097046413481,0.004561003420752566,0.5649789996181719
25,0.3,4000,0.1,864,0.4976470588235294,0.9546666666666666,0.19666765764992303,0.3262318840579714,0.7693355855855867,0.003472222222222222,0.5451993805652331
25,0.3,4000,0.1,835,0.4964705882352941,0.9526666666666667,0.18916478626514735,0.3009729729729734,0.7495251396648055,0.003592814371257485,0.5693910256410233
25,0.3,4000,0.1,853,0.4894117647058824,0.9540000000000002,0.18992906947873586,0.28722222222222216,0.7484022038567487,0.0035169988276670576,0.5707333333333318
25,0.3,4000,0.1,866,0.4858823529411765,0.9819999999999997,0.18681681119201882,0.3217543859649125,0.7362404371584711,0.003464203233256351,0.5456933178833505
25,0.3,4000,0.1,846,0.4811764705882353,0.964666666666667,0.20366931879366126,0.29559670781893016,0.7652335456475585,0.0035460992907801418,0.5552827204428623
25,0.3,4000,0.1,851,0.4929411764705882,0.9493333333333331,0.189790840805345,0.3137614678899082,0.753311258278147,0.0023501762632197414,0.544589713388298
25,0.3,4000,0.1,869,0.4823529411764706,0.9780000000000003,0.1806532806198402,0.30955172413793125,0.7489666666666676,0.004602991944764097,0.5101657032755277
25,0.3,4000,0.3,871,0.4611764705882353,0.9560000000000004,0.24618237268272128,0.162601246105919,0.8090350877193003,0.004592422502870264,0.5236332179930809
25,0.3,4000,0.3,849,0.4894117647058824,0.96,0.2729379171177546,0.13423728813559319,0.8359710144927558,0.0035335689045936395,0.5766233254531153
25,0.3,4000,0.3,850,0.46705882352941175,0.9693333333333336,0.2808667986550215,0.13216101694915236,0.8190068493150714,0.004705882352941176,0.5191528762805365
25,0.3,4000,0.3,838,0.5047058823529412,0.9280000000000003,0.23873489413574234,0.1380141843971632,0.8223608445297557,0.0011933174224343676,0.6676383910792527
25,0.3,4000,0.3,860,0.47411764705882353,0.9700000000000002,0.264016753884713,0.13966824644549738,0.815019157088125,0.004651162790697674,0.5283644859813094
25,0.3,4000,0.3,852,0.49176470588235294,0.9573333333333333,0.28015758196128543,0.15089869281045729,0.8192592592592632,0.0035211267605633804,0.5787200628190052
25,0.3,4000,0.3,871,0.4647058823529412,0.977333333333333,0.31030005565716084,0.12100550964187297,0.8438858695652204,0.004592422502870264,0.5529181084198387
25,0.3,4000,0.3,869,0.47058823529411764,0.9146666666666666,0.2374756787933852,0.1556910569105691,0.83678678678679,0.0023014959723820483,0.584840445982318
25,0.3,4000,0.3,898,0.44,0.9213333333333332,0.24122485678510017,0.13913043478260867,0.8166873065015512,0.0022271714922048997,0.5693973214285737
25,0.3,4000,0.5,870,0.4835294117647059,0.8866666666666668,0.19539660260910646,0,0.8849891067538135,0,0.7124061302682017
25,0.3,4000,0.3,867,0.48,1.0053333333333334,0.30676963383543016,0.1308626198083068,0.9042211055276388,0.006920415224913495,0.47536585365853795
25,0.3,4000,0.5,864,0.5023529411764706,0.8873333333333335,0.16136027949431272,0,0.8345662100456664,0,0.6897376543209893
25,0.3,4000,0.5,860,0.47411764705882353,0.8873333333333335,0.17660634527961466,0,0.851653944020359,0,0.6730930232558154
25,0.3,4000,0.5,853,0.4588235294117647,0.8866666666666668,0.16476634881430274,0,0.8304214559387008,0,0.7140836264165696
25,0.3,4000,0.5,878,0.49176470588235294,0.8859999999999999,0.19111779784846517,0,0.8540388349514584,0,0.7081283219438119
25,0.3,4000,0.5,819,0.508235294117647,0.8933333333333333,0.19063322446851372,0,0.8620930232558174,0,0.6922873422873447
25,0.3,4000,0.5,854,0.4976470588235294,0.8866666666666667,0.1776357365817485,0,0.8488497652582199,0,0.6806088992974249
25,0.3,4000,0.5,858,0.4811764705882353,0.8873333333333335,0.16076125612232353,0,0.8254522613065369,0,0.6745337995338017
25,0.3,4000,0.5,866,0.4894117647058824,0.8866666666666667,0.1795788155586077,0,0.8588185654008483,0,0.7093764434180156
25,0.3,4000,0.7,839,0.45176470588235296,0.8933333333333333,0.15620628273651416,0,0.8319261213720343,0,0.6738299562971797
25,0.3,4000,0.5,831,0.4858823529411765,0.89,0.18124433446920976,0,0.8396766169154257,0,0.6685479342158069
25,0.3,4000,0.7,857,0.48,0.8873333333333335,0.16863006389404753,0,0.842915057915062,0,0.7245274212368743
25,0.3,4000,0.7,855,0.4894117647058824,0.8879999999999999,0.17088998535767697,0,0.8426103646833071,0,0.7144483430799231
25,0.3,4000,0.7,855,0.4717647058823529,0.8873333333333335,0.16573891152727968,0,0.8393187347931909,0,0.6809395711500995
25,0.3,4000,0.7,875,0.48705882352941177,0.8873333333333335,0.17011565552199368,0,0.8381473684210557,0,0.6973219047619066
25,0.3,4000,0.7,857,0.5211764705882352,0.8879999999999999,0.18086185996046164,0,0.8411728395061745,0,0.697253986775576
25,0.3,4000,0.7,901,0.47058823529411764,0.88,0.17862032118218799,0,0.847834549878346,0,0.6762190159082515
25,0.3,4000,0.7,870,0.4858823529411765,0.886,0.17608321707106125,0,0.8462268041237136,0,0.7028467432950206
25,0.3,4000,0.7,867,0.47411764705882353,0.8873333333333331,0.17542622620708298,0,0.8398000000000033,0,0.6708266051518681
25,0.3,4000,0.7,839,0.48705882352941177,0.8879999999999999,0.17156565158873957,0,0.8335744680851107,0,0.6964243146603113
25,0.3,5000,0.1,861,0.47294117647058825,0.9846666666666664,0.2026303014213401,0.2793283582089553,0.7813303437967115,0.004645760743321719,0.5202450408401403
25,0.3,5000,0.1,849,0.46588235294117647,0.925333333333333,0.15016716931234472,0.2730327868852459,0.7350732600732611,0.002355712603062426,0.5401770956316411
25,0.3,5000,0.1,852,0.5058823529411764,0.9580000000000001,0.18699699200476005,0.2854726368159204,0.7616305916305918,0.0035211267605633804,0.5415037298782875
25,0.3,5000,0.1,859,0.46705882352941175,0.98,0.1664302035368315,0.31969581749049475,0.7338070175438612,0.0034924330616996507,0.514478193146416
25,0.3,5000,0.1,845,0.48823529411764705,0.9453333333333334,0.18967968346380398,0.2890566037735849,0.7494216614090442,0.0035502958579881655,0.5549010292953255
25,0.3,5000,0.1,853,0.4776470588235294,0.9806666666666665,0.19135096494240728,0.33356125356125427,0.7483698296836988,0.004689331770222743,0.5079937180997238
25,0.3,5000,0.1,860,0.49058823529411766,0.948,0.1630788324722931,0.33147540983606566,0.7452941176470586,0.0011627906976744186,0.5875164920450119
25,0.3,5000,0.1,821,0.46705882352941175,0.9713333333333336,0.19384970555819786,0.311383399209486,0.7655764411027584,0.0048721071863581,0.5325948592411258
25,0.3,5000,0.1,898,0.4752941176470588,0.9519999999999997,0.20099624055724574,0.2997416974169739,0.7709745293466228,0.004454342984409799,0.5373079791200588
25,0.3,5000,0.3,894,0.4929411764705882,0.9406666666666667,0.28971982835193133,0.1210101010101007,0.8436895674300292,0.0044742729306487695,0.5781460674157318
25,0.3,5000,0.3,857,0.46941176470588236,0.9359999999999998,0.2777669717552467,0.1062318840579711,0.8750144092219041,0.002333722287047841,0.5936725146198836
25,0.3,5000,0.3,849,0.47411764705882353,0.9653333333333334,0.281349330758099,0.15273764258555136,0.830254545454547,0.005889281507656066,0.5156240126382324
25,0.3,5000,0.3,860,0.46,0.9586666666666668,0.2944561831953925,0.1725072463768119,0.8393946188340826,0.004651162790697674,0.5903232087227435
25,0.3,5000,0.3,867,0.47294117647058825,0.975333333333333,0.2534139792681663,0.0978282828282829,0.8612413793103436,0.00461361014994233,0.4919273850907698
25,0.3,5000,0.1,854,0.4752941176470588,0.977333333333333,0.1709848315517156,0.3391740412979347,0.7410294117647069,0.00468384074941452,0.498360784313724
25,0.3,5000,0.3,860,0.49058823529411766,0.9673333333333333,0.2526732928196413,0.17271413828689416,0.7930612244897962,0.0069767441860465115,0.44665105386416987
25,0.3,5000,0.3,837,0.4894117647058824,0.9680000000000001,0.26806675815212627,0.16823970037453204,0.8369230769230781,0.005973715651135006,0.4914823717948734
25,0.3,5000,0.3,845,0.5070588235294118,0.9813333333333335,0.24481854848139822,0.14623655913978462,0.7986153846153846,0.004733727810650888,0.49671819262782496
25,0.3,5000,0.3,869,0.4764705882352941,0.9546666666666668,0.2811817723186137,0.14505434782608678,0.8609696969697003,0.0034522439585730723,0.5730869899923053
25,0.3,5000,0.5,848,0.48705882352941177,0.8873333333333333,0.15056008205479618,0,0.8192663043478295,0,0.6615801886792462
25,0.3,5000,0.5,846,0.4682352941176471,0.8866666666666667,0.1833626699505041,0,0.8648257372654181,0,0.6717375886524838
25,0.3,5000,0.3,834,0.508235294117647,0.9686666666666668,0.2866902197609249,0.1822301304863583,0.8310591900311559,0.005995203836930456,0.5239847205468464
25,0.3,5000,0.5,842,0.49058823529411766,0.8873333333333331,0.1503841001441991,0,0.8339468302658516,0,0.7171813143309564
25,0.3,5000,0.5,845,0.4764705882352941,0.8873333333333333,0.1544888852657638,0,0.8172764227642301,0,0.703428007889547
25,0.3,5000,0.5,848,0.45647058823529413,0.8873333333333333,0.17992200267717884,0,0.8513711583924405,0,0.6795872641509468
25,0.3,5000,0.5,890,0.47058823529411764,0.8873333333333335,0.18447521784616622,0,0.8553763440860239,0,0.6578127340823993
25,0.3,5000,0.5,848,0.4835294117647059,0.8866666666666667,0.18373250235766297,0,0.8575417661097875,0,0.6835809748427691
25,0.3,5000,0.5,870,0.43529411764705883,0.8866666666666667,0.14761780901204627,0,0.8127675276752799,0,0.6259042145593877
25,0.3,5000,0.5,847,0.4623529411764706,0.8873333333333335,0.17053428807547666,0,0.8465306122449026,0,0.6754663518299912
25,0.3,5000,0.5,912,0.4764705882352941,0.8806666666666668,0.150043684202787,0,0.8442307692307707,0,0.6332054093567275
25,0.3,5000,0.7,879,0.5047058823529412,0.8840000000000001,0.18152970506905927,0,0.8542596810933957,0,0.6896397421312118
25,0.3,5000,0.7,896,0.45647058823529413,0.8846666666666668,0.1791679154481743,0,0.8517500000000011,0,0.7123065476190485
25,0.3,5000,0.7,851,0.4717647058823529,0.8873333333333333,0.16285600987398283,0,0.8343222003929299,0,0.7121464943204081
25,0.3,5000,0.7,813,0.48823529411764705,0.8920000000000001,0.17894211605032925,0,0.8555076142132011,0,0.6830053300533013
25,0.3,5000,0.7,865,0.47058823529411764,0.8866666666666667,0.18029402035502962,0,0.8621627906976784,0,0.6942581888246654
25,0.3,5000,0.7,877,0.4764705882352941,0.8866666666666667,0.14219578692393448,0,0.7991065292096239,0,0.625431394906881
25,0.3,5000,0.7,830,0.48,0.8920000000000001,0.1750446393812855,0,0.8448275862068995,0,0.6896546184738991
25,0.3,5000,0.7,851,0.4823529411764706,0.8866666666666667,0.17149582412517447,0,0.8449036402569622,0,0.6985938112025071
25,0.3,5000,0.7,871,0.46941176470588236,0.8866666666666667,0.17693452688685168,0,0.8448054919908494,0,0.6878606965174132
25,0.3,5000,0.7,891,0.4611764705882353,0.8866666666666668,0.1901454442747345,0,0.8698845265588941,0,0.6860942760942776
25,0.4,1000,0.1,873,0.45529411764705885,0.9586666666666668,0.18997370393303403,0.32058823529411756,0.7432374100719406,0.003436426116838488,0.5811877394636009
25,0.4,1000,0.1,868,0.48705882352941177,0.9586666666666666,0.19456205231567933,0.2928342245989304,0.7659205426356583,0.0034562211981566822,0.5734104046242764
25,0.4,1000,0.1,866,0.49176470588235294,0.9653333333333334,0.1777276918611992,0.3103529411764709,0.7632391713747645,0.003464203233256351,0.5216531479335651
25,0.4,1000,0.1,871,0.4764705882352941,0.9466666666666669,0.19353725452229806,0.30564102564102524,0.7691448007774543,0.002296211251435132,0.5713041810510153
25,0.4,1000,0.1,848,0.46705882352941175,0.9539999999999997,0.1948880113143168,0.32052419354838707,0.7523439000960613,0.003537735849056604,0.5617751479289933
25,0.4,1000,0.1,878,0.4776470588235294,0.9999999999999998,0.17406896498968924,0.33196480938416384,0.7299043715847006,0.004555808656036446,0.4980320366132699
25,0.4,1000,0.1,879,0.46352941176470586,0.9666666666666667,0.1641999784732932,0.326666666666667,0.733513189448443,0.0022753128555176336,0.552284302546557
25,0.4,1000,0.1,874,0.46352941176470586,0.9366666666666669,0.2031866770698333,0.3140721649484538,0.7834299516908201,0.003432494279176201,0.5970264064293898
25,0.4,1000,0.1,901,0.4611764705882353,0.964,0.22674716909217701,0.260717299578059,0.7865246449456957,0.004439511653718091,0.5775399479747296
25,0.4,1000,0.1,861,0.42,0.9546666666666668,0.18578118203403013,0.2947826086956523,0.7747496947496957,0.003484320557491289,0.5476923076923085
25,0.4,1000,0.3,837,0.4717647058823529,0.9506666666666667,0.24395751566431959,0.1665555555555553,0.8079553903345744,0.0035842293906810036,0.5393445243804973
25,0.4,1000,0.3,871,0.4823529411764706,0.9493333333333334,0.2777010021110636,0.18085048010973906,0.8331412103746423,0.004592422502870264,0.5434486735870836
25,0.4,1000,0.3,899,0.4776470588235294,0.9560000000000002,0.2823057207255941,0.15239071038251364,0.849185667752446,0.004449388209121246,0.5360074487895723
25,0.4,1000,0.3,867,0.46352941176470586,0.9853333333333331,0.29682355356202683,0.10795093795093771,0.8576595744680866,0.00461361014994233,0.5283854770181553
25,0.4,1000,0.3,907,0.4388235294117647,0.9686666666666668,0.2974771929103822,0.1588222222222223,0.8663138686131402,0.005512679162072767,0.5016407982261646
25,0.4,1000,0.3,870,0.47294117647058825,0.9526666666666666,0.2753758476508029,0.10177777777777781,0.8248750000000026,0.0034482758620689655,0.551091887735486
25,0.4,1000,0.3,865,0.4894117647058824,0.9700000000000002,0.2887659489944744,0.156916666666667,0.8402930402930421,0.005780346820809248,0.5042054263565898
25,0.4,1000,0.3,863,0.48823529411764705,0.9620000000000003,0.2594962821122013,0.1807228915662652,0.8153932584269687,0.004634994206257242,0.5194101668606931
25,0.4,1000,0.3,859,0.4588235294117647,0.9460000000000001,0.2744250249530823,0.15533333333333302,0.874863813229571,0.004656577415599534,0.5215672514619888
25,0.4,1000,0.3,865,0.47294117647058825,0.9573333333333335,0.271666500889476,0.12186594202898535,0.8391585760517826,0.003468208092485549,0.5491299303944326
25,0.4,1000,0.5,818,0.46352941176470586,0.8933333333333335,0.17514230257847793,0,0.8500000000000034,0,0.677053789731053
25,0.4,1000,0.5,855,0.4752941176470588,0.8866666666666667,0.16901051403921327,0,0.8411814345991575,0,0.701898635477583
25,0.4,1000,0.5,847,0.4894117647058824,0.8866666666666668,0.15305854843585814,0,0.842539682539685,0,0.629358520267614
25,0.4,1000,0.5,869,0.46941176470588236,0.8866666666666665,0.15970454117371255,0,0.835667870036105,0,0.723759110088223
25,0.4,1000,0.5,816,0.5152941176470588,0.8940000000000001,0.15622968012813204,0,0.832987697715294,0,0.7440359477124195
25,0.4,1000,0.5,859,0.46,0.8873333333333333,0.1690766889858124,0,0.8306956521739156,0,0.6456849049282133
25,0.4,1000,0.5,868,0.4717647058823529,0.8866666666666667,0.17393206971068756,0,0.8473842592592624,0,0.6839208909370224
25,0.4,1000,0.5,813,0.4894117647058824,0.894,0.176061775277714,0,0.8454010695187203,0,0.6680073800738039
25,0.4,1000,0.5,856,0.49176470588235294,0.8873333333333335,0.17825427100732583,0,0.8654716981132089,0,0.6754789719626196
25,0.4,1000,0.5,826,0.48705882352941177,0.8933333333333333,0.158901893755656,0,0.8242524916943539,0,0.6370419693301079
25,0.4,1000,0.7,870,0.46941176470588236,0.8873333333333335,0.1847109839443108,0,0.859777397260276,0,0.7410996168582391
25,0.4,1000,0.7,869,0.4788235294117647,0.886,0.15705074097788047,0,0.8197897196261713,0,0.6800575373993104
25,0.4,1000,0.7,858,0.49411764705882355,0.89,0.16448020973834943,0,0.8424061433447124,0,0.7393356643356653
25,0.4,1000,0.7,889,0.4764705882352941,0.8813333333333333,0.16429719577770963,0,0.8322405660377383,0,0.6772028496437972
25,0.4,1000,0.7,815,0.4541176470588235,0.8946666666666668,0.16409145295871758,0,0.8310497237569111,0,0.7280327198364025
25,0.4,1000,0.7,843,0.45529411764705885,0.8920000000000001,0.18348920553966816,0,0.8605428571428603,0,0.6595689996045893
25,0.4,1000,0.7,864,0.4858823529411765,0.8866666666666668,0.18700968213600294,0,0.8525158562367882,0,0.6969328703703715
25,0.4,1000,0.7,874,0.4647058823529412,0.8879999999999999,0.17026379137992562,0,0.8425773195876307,0,0.662887109077041
25,0.4,1000,0.7,864,0.4682352941176471,0.8873333333333335,0.16789408110101522,0,0.8356857855361641,0,0.6758873456790142
25,0.4,1000,0.7,909,0.4576470588235294,0.8813333333333333,0.17593420788696726,0,0.8468627450980416,0,0.7006490649064936
25,0.4,20000,0.1,813,0.4835294117647059,0.9533333333333335,0.20192736886168794,0.2737647058823528,0.7539506172839489,0.0036900369003690036,0.5938806584362117
25,0.4,20000,0.1,875,0.4752941176470588,0.9466666666666664,0.2015566185200213,0.2973809523809519,0.7743004694835682,0.0034285714285714284,0.5668845565749231
25,0.4,20000,0.1,856,0.4588235294117647,0.9673333333333333,0.18651516746508268,0.3053271028037383,0.7560444444444445,0.0035046728971962616,0.552207893708477
25,0.4,20000,0.1,858,0.46588235294117647,0.9633333333333334,0.17878707245101827,0.31743494423791824,0.7307729468599042,0.004662004662004662,0.5227985948477747
25,0.4,20000,0.1,859,0.4647058823529412,0.954666666666667,0.16424579866658745,0.3220074349442375,0.7459925093632965,0.0034924330616996507,0.5036409657320863
25,0.4,20000,0.1,828,0.5070588235294118,0.958,0.1694207623218993,0.3252906976744189,0.7309420289855074,0.0024154589371980675,0.5641364003228386
25,0.4,20000,0.1,850,0.4764705882352941,0.9566666666666669,0.18396264745774907,0.3163681592039798,0.7605714285714288,0.0035294117647058825,0.5584061393152288
25,0.4,20000,0.1,857,0.46,0.9513333333333335,0.17266104973485555,0.3270466321243522,0.7319689119170965,0.002333722287047841,0.5754541910331336
25,0.4,20000,0.1,859,0.4776470588235294,0.9346666666666666,0.16062338243512692,0.30417808219178083,0.7321212121212133,0.002328288707799767,0.5541618047452339
25,0.4,20000,0.1,875,0.4647058823529412,0.9740000000000003,0.18472226901170324,0.33223443223443283,0.7453496503496521,0.0034285714285714284,0.5497859327217102
25,0.4,20000,0.3,802,0.5011764705882353,0.9386666666666665,0.21663193312943885,0.18324159021406733,0.8177338129496438,0.0024937655860349127,0.5720250000000029
25,0.4,20000,0.3,836,0.4823529411764706,0.9760000000000001,0.27397115169557484,0.20692063492063495,0.8309174311926651,0.0035885167464114833,0.6011364545818356
25,0.4,20000,0.3,848,0.4976470588235294,0.9433333333333331,0.28375831384291716,0.1622222222222222,0.8344591029023781,0.0047169811320754715,0.5621682464454999
25,0.4,20000,0.3,889,0.45529411764705885,0.9326666666666665,0.22549134872353485,0.09313531353135313,0.8212969283276492,0.0022497187851518562,0.5801653513716672
25,0.4,20000,0.3,846,0.47058823529411764,0.9506666666666664,0.29065587827412387,0.12204761904761911,0.8611827956989271,0.002364066193853428,0.6326382306477103
25,0.4,20000,0.3,851,0.5,0.9879999999999999,0.30858332366528046,0.12873873873873845,0.8209090909090941,0.005875440658049354,0.5466981875492513
25,0.4,20000,0.3,871,0.4611764705882353,0.9533333333333334,0.2880228551354993,0.14537216828478958,0.8310238095238132,0.004592422502870264,0.5773125720876611
25,0.4,20000,0.3,865,0.4647058823529412,0.9666666666666665,0.29971207425979024,0.14525801952580175,0.8810000000000031,0.004624277456647399,0.5363917924893546
25,0.4,20000,0.3,840,0.4752941176470588,0.9773333333333335,0.29969304329258883,0.15708759954493792,0.8375593220339004,0.005952380952380952,0.5099800399201605
25,0.4,20000,0.5,867,0.4447058823529412,0.8880000000000001,0.1586199902823212,0,0.8415302491103234,0,0.6299615532487522
25,0.4,20000,0.5,856,0.4835294117647059,0.8873333333333331,0.1683466541211896,0,0.8300199203187277,0,0.7058761682242994
25,0.4,20000,0.5,901,0.4858823529411765,0.8799999999999998,0.15137078911488244,0,0.8190300230946924,0,0.6775730669626329
25,0.4,20000,0.3,849,0.4894117647058824,0.9566666666666667,0.2938335044741779,0.14452914798206254,0.8551641791044804,0.004711425206124852,0.5507140039447735
25,0.4,20000,0.5,802,0.4858823529411765,0.8933333333333333,0.17635735131682176,0,0.8599365079365116,0,0.6538029925187047
25,0.4,20000,0.5,836,0.4647058823529412,0.8886666666666667,0.18168334703753442,0,0.8484540117416823,0,0.7141467304625211
25,0.4,20000,0.5,889,0.45294117647058824,0.886,0.17286459154358091,0,0.8452556237218846,0,0.7074015748031492
25,0.4,20000,0.5,868,0.4752941176470588,0.8873333333333333,0.16399394352554247,0,0.8345229007633641,0,0.7143894009216606
25,0.4,20000,0.5,876,0.4894117647058824,0.8833333333333335,0.16314656516461726,0,0.8375802997858719,0,0.6953158295281595
25,0.4,20000,0.5,821,0.4976470588235294,0.8933333333333333,0.1605787309028878,0,0.8267951807228946,0,0.6877263499797
25,0.4,20000,0.5,831,0.45176470588235296,0.8933333333333333,0.17780401361487344,0,0.8422488038277558,0,0.6833894905736088
25,0.4,20000,0.7,831,0.4470588235294118,0.8933333333333335,0.1480390812275651,0,0.8267567567567583,0,0.626089049338149
25,0.4,20000,0.7,864,0.46941176470588236,0.8873333333333333,0.14443988840272554,0,0.8101785714285743,0,0.686674382716049
25,0.4,20000,0.7,842,0.45647058823529413,0.8919999999999999,0.19088574912707512,0,0.8715970515970543,0,0.6834164687252595
25,0.4,20000,0.7,877,0.45529411764705885,0.8866666666666667,0.15792811192290196,0,0.8223113207547215,0,0.6704028886355019
25,0.4,20000,0.7,866,0.4776470588235294,0.8866666666666667,0.18780139568485932,0,0.8567228464419501,0,0.721377983063897
25,0.4,20000,0.7,857,0.47294117647058825,0.8866666666666667,0.16456585744743024,0,0.8366581632653094,0,0.6709373784519662
25,0.4,20000,0.7,863,0.47411764705882353,0.8873333333333335,0.1805909518416068,0,0.8478934624697371,0,0.6776709154113579
25,0.4,20000,0.7,898,0.4752941176470588,0.8813333333333333,0.1531813830783893,0,0.8125558312655115,0,0.6669153674832966
25,0.4,20000,0.7,876,0.4858823529411765,0.8833333333333335,0.16262231687542283,0,0.8381841432225089,0,0.6718645357686464
25,0.4,20000,0.7,874,0.4776470588235294,0.8846666666666668,0.18958399359646452,0,0.8665469061876258,0,0.720949656750572
25,0.4,3000,0.1,852,0.47058823529411764,0.9673333333333333,0.18645027641223477,0.32664179104477675,0.7417351598173522,0.0035211267605633804,0.5490027483313661
25,0.4,3000,0.1,867,0.4611764705882353,0.9599999999999996,0.1742065705242349,0.2978733031674209,0.720744810744812,0.0034602076124567475,0.539035493827159
25,0.4,3000,0.1,857,0.47058823529411764,0.9720000000000001,0.2096545532669927,0.31672131147540994,0.7590972222222222,0.004667444574095682,0.5399531066822957
25,0.4,3000,0.1,866,0.4811764705882353,0.9386666666666668,0.1828440821265337,0.3238571428571429,0.7726453143535008,0.003464203233256351,0.549814600231747
25,0.4,3000,0.1,860,0.4988235294117647,0.9466666666666669,0.18060060173303005,0.32851528384279516,0.759543859649123,0.002325581395348837,0.5409479409479394
25,0.4,3000,0.1,852,0.4623529411764706,0.9620000000000003,0.21069407486417352,0.3047983870967745,0.7654011579818005,0.004694835680751174,0.5742727987421337
25,0.4,3000,0.1,846,0.48,0.9666666666666665,0.1818869346764596,0.32066666666666693,0.7291091954023003,0.0035460992907801418,0.5567022538552752
25,0.4,3000,0.1,867,0.4623529411764706,0.9646666666666666,0.1964912571047685,0.2911274509803921,0.7552127659574468,0.0034602076124567475,0.5753086419753066
25,0.4,3000,0.1,861,0.4811764705882353,0.9773333333333333,0.2038805955262239,0.29169291338582704,0.7709090909090921,0.004645760743321719,0.5400739012057549
25,0.4,3000,0.1,848,0.4894117647058824,0.940666666666667,0.19219248231054692,0.3036170212765958,0.7911954022988497,0.0023584905660377358,0.5682624113475174
25,0.4,3000,0.3,864,0.4788235294117647,0.9466666666666667,0.25415421471872945,0.12142857142857158,0.8340453074433695,0.0023148148148148147,0.5682869296210394
25,0.4,3000,0.3,877,0.48,0.9580000000000001,0.2625410946531305,0.17724331926863574,0.8362030075187994,0.004561003420752566,0.527147766323027
25,0.4,3000,0.3,861,0.46705882352941175,0.944,0.2755127491798871,0.14927609427609412,0.8176600985221718,0.003484320557491289,0.5762276612276628
25,0.4,3000,0.3,872,0.47058823529411764,0.9533333333333334,0.280411339505874,0.1760978835978838,0.8135626535626562,0.0045871559633027525,0.560142089093703
25,0.4,3000,0.3,889,0.4588235294117647,0.9779999999999999,0.28572685228358585,0.14001455604075674,0.8484423676012487,0.0044994375703037125,0.544308851224106
25,0.4,3000,0.3,826,0.4611764705882353,1.0006666666666664,0.3212402890956415,0.11715415019762816,0.8390400000000017,0.006053268765133172,0.5444254973609415
25,0.4,3000,0.3,844,0.48823529411764705,0.969333333333333,0.2887329280357238,0.13235658914728674,0.8574061433447122,0.004739336492890996,0.5405039682539697
25,0.4,3000,0.3,858,0.4858823529411765,0.9560000000000001,0.30013265048027155,0.1410101010101008,0.8650995024875645,0.0034965034965034965,0.5932670565302154
25,0.4,3000,0.3,880,0.46352941176470586,0.9626666666666666,0.2844130443179638,0.14603825136612017,0.8376602564102589,0.004545454545454545,0.5416324200913264
25,0.4,3000,0.3,876,0.46588235294117647,1.0086666666666666,0.2944355193209246,0.17092085235920879,0.8325106382978735,0.0091324200913242,0.4241474654377888
25,0.4,3000,0.5,856,0.47294117647058825,0.8866666666666667,0.1719261367309465,0,0.8433677685950455,0,0.7033333333333373
25,0.4,3000,0.5,862,0.5,0.8866666666666667,0.15361787114519873,0,0.8226876513317225,0,0.6789713843774172
25,0.4,3000,0.5,900,0.46705882352941175,0.88,0.15671682903813977,0,0.8273333333333369,0,0.7255222222222208
25,0.4,3000,0.5,859,0.48470588235294115,0.8866666666666667,0.16924754276411885,0,0.8474269005847963,0,0.6515754753589471
25,0.4,3000,0.5,806,0.49176470588235294,0.8933333333333335,0.16093473779095652,0,0.8229426433915245,0,0.6769478908188619
25,0.4,3000,0.5,853,0.5,0.8873333333333331,0.18895885958146638,0,0.8707142857142856,0,0.6654161781946105
25,0.4,3000,0.5,870,0.4788235294117647,0.8866666666666667,0.16048409941663835,0,0.8402278481012688,0,0.6777624521072819
25,0.4,3000,0.5,855,0.46705882352941175,0.8880000000000001,0.16079292033693698,0,0.8369655172413827,0,0.6958011695906439
25,0.4,3000,0.5,864,0.46941176470588236,0.8866666666666665,0.1894711726238933,0,0.8746703296703303,0,0.6669753086419772
25,0.4,3000,0.5,814,0.5023529411764706,0.8940000000000001,0.16599945877048325,0,0.8353822629969447,0,0.6541728091728106
25,0.4,3000,0.7,868,0.44588235294117645,0.8886666666666666,0.156407449510378,0,0.8187500000000031,0,0.6715898617511535
25,0.4,3000,0.7,866,0.49058823529411766,0.8873333333333335,0.17455870075418448,0,0.8443713733075481,0,0.7153079291762915
25,0.4,3000,0.7,903,0.4835294117647059,0.8806666666666668,0.1651642220142104,0,0.8323037542662141,0,0.7247139165743812
25,0.4,3000,0.7,893,0.4788235294117647,0.8833333333333333,0.15319747157870578,0,0.8128193832599149,0,0.6805151175811881
25,0.4,3000,0.7,868,0.48823529411764705,0.8866666666666667,0.1533701230904754,0,0.8270919881305664,0,0.6492281105990793
25,0.4,3000,0.7,836,0.5047058823529412,0.8893333333333335,0.16270363112102282,0,0.8366007194244641,0,0.7341786283891549
25,0.4,3000,0.7,844,0.4929411764705882,0.8873333333333333,0.16655577854345685,0,0.8257029177718861,0,0.6599249605055308
25,0.4,3000,0.7,840,0.4894117647058824,0.8900000000000002,0.16338802466245472,0,0.836286549707605,0,0.6610833333333342
25,0.4,3000,0.7,875,0.46352941176470586,0.8873333333333331,0.18150311968707397,0,0.8429801324503328,0,0.6835733333333338
25,0.4,3000,0.7,860,0.46941176470588236,0.8866666666666668,0.17292419031728054,0,0.8394186046511662,0,0.7113178294573655
25,0.4,4000,0.1,861,0.48823529411764705,0.9766666666666667,0.19616362795980177,0.3076802507836992,0.7795730706075541,0.004645760743321719,0.5116452742123683
25,0.4,4000,0.1,869,0.4647058823529412,0.9466666666666669,0.1841691670137855,0.29404371584699485,0.7457575757575763,0.0034522439585730723,0.5736682063125463
25,0.4,4000,0.1,894,0.43176470588235294,0.9500000000000002,0.17860179173336704,0.3170072992700734,0.7691666666666679,0.003355704697986577,0.5120351664796116
25,0.4,4000,0.1,873,0.47058823529411764,0.9693333333333334,0.1917756422935963,0.32959459459459506,0.7752822580645163,0.004581901489117984,0.5324971231300334
25,0.4,4000,0.1,813,0.4858823529411765,0.9693333333333334,0.20444908870118295,0.32220883534136563,0.7697810945273642,0.0036900369003690036,0.5663456790123452
25,0.4,4000,0.1,872,0.46588235294117647,0.9560000000000001,0.1839170030110161,0.29637168141592923,0.7431823461091759,0.0034403669724770644,0.5437821250479458
25,0.4,4000,0.1,883,0.4505882352941176,0.9759999999999999,0.20162337705858843,0.31426900584795325,0.7493313373253503,0.004530011325028313,0.5263102009859654
25,0.4,4000,0.1,857,0.48705882352941177,0.9553333333333336,0.20551298888962907,0.288783068783069,0.7709277504105081,0.003500583430571762,0.5896604215456647
25,0.4,4000,0.1,818,0.47411764705882353,0.9553333333333336,0.18200849639135713,0.29612149532710297,0.7431868131868142,0.004889975550122249,0.5382923832923822
25,0.4,4000,0.1,854,0.4682352941176471,0.9733333333333334,0.21235083759809423,0.3064541832669317,0.7549578059071707,0.00351288056206089,0.5881903642773183
25,0.4,4000,0.3,824,0.44588235294117645,0.9426666666666663,0.2534534513169792,0.11013020833333344,0.8383720930232569,0.0024271844660194173,0.5777696674776996
25,0.4,4000,0.3,903,0.4623529411764706,0.95,0.29271896079362947,0.13368589743589723,0.8479736842105277,0.0033222591362126247,0.581859259259261
25,0.4,4000,0.3,865,0.4858823529411765,0.9566666666666664,0.30128417393054463,0.09750000000000011,0.838677839851028,0.003468208092485549,0.6377184841453992
25,0.4,4000,0.3,876,0.47058823529411764,0.9513333333333335,0.2548182513679591,0.147464539007092,0.8156551724137949,0.003424657534246575,0.5429133256968328
25,0.4,4000,0.3,863,0.4717647058823529,0.9893333333333337,0.32586314936385036,0.17343685300207048,0.8406250000000053,0.006952491309385863,0.5587242318164156
25,0.4,4000,0.3,837,0.4811764705882353,0.9533333333333334,0.25090687278318774,0.1618902439024389,0.8383859649122822,0.0035842293906810036,0.5557274180655482
25,0.4,4000,0.3,868,0.47294117647058825,0.9480000000000001,0.24650478118194508,0.114896551724138,0.8097476340694048,0.002304147465437788,0.5800654349499643
25,0.4,4000,0.3,873,0.4964705882352941,0.9639999999999996,0.30290479404711484,0.10591503267973856,0.8746105919003142,0.004581901489117984,0.5635059455312622
25,0.4,4000,0.3,862,0.4823529411764706,0.9653333333333334,0.28612941447064577,0.16148494288681237,0.8267857142857166,0.0069605568445475635,0.4802063862928356
25,0.4,4000,0.5,862,0.48470588235294115,0.8879999999999999,0.14519210428008567,0,0.8037785016286679,0,0.6375599381283868
25,0.4,4000,0.5,860,0.46352941176470586,0.8880000000000001,0.14900383119154373,0,0.8181978021978059,0,0.6931976744186052
25,0.4,4000,0.5,874,0.4541176470588235,0.8866666666666667,0.18713558606839636,0,0.8688557213930396,0,0.6800076277650683
25,0.4,4000,0.3,849,0.4894117647058824,0.9606666666666667,0.30493242451986213,0.1398156028368794,0.8674311926605537,0.004711425206124852,0.5489072978303766
25,0.4,4000,0.5,837,0.4988235294117647,0.89,0.1758830753713635,0,0.842359307359309,0,0.6968458781362027
25,0.4,4000,0.5,848,0.45647058823529413,0.8866666666666667,0.1673218415952168,0,0.8490032154340853,0,0.6523270440251576
25,0.4,4000,0.5,867,0.4682352941176471,0.8879999999999999,0.16230720968123627,0,0.8271047619047674,0,0.7104152249134955
25,0.4,4000,0.5,876,0.4717647058823529,0.8873333333333331,0.14988049449330368,0,0.8183541147132194,0,0.6661605783866066
25,0.4,4000,0.5,870,0.47411764705882353,0.8866666666666667,0.18872377143579755,0,0.8540663900414946,0,0.6984022988505755
25,0.4,4000,0.5,910,0.44823529411764707,0.8799999999999998,0.17299995605755383,0,0.8429333333333384,0,0.7096923076923104
25,0.4,4000,0.7,855,0.4988235294117647,0.8866666666666667,0.1673061998468676,0,0.8328729281767971,0,0.6578050682261225
25,0.4,4000,0.5,867,0.45294117647058824,0.8880000000000001,0.17800050372020026,0,0.8580319148936199,0,0.6718877354863549
25,0.4,4000,0.7,847,0.4964705882352941,0.8866666666666668,0.16890940639816807,0,0.8396785714285743,0,0.7318968909878015
25,0.4,4000,0.7,801,0.5188235294117647,0.8933333333333333,0.17026745085412912,0,0.843779904306223,0,0.6889554723262608
25,0.4,4000,0.7,808,0.5,0.8940000000000001,0.18022551986962598,0,0.8479625292740081,0,0.6960066006600674
25,0.4,4000,0.7,849,0.4823529411764706,0.8873333333333335,0.16734127948008642,0,0.8402752293578026,0,0.6885983510011809
25,0.4,4000,0.7,817,0.4988235294117647,0.8933333333333333,0.17589136239308592,0,0.8482248520710093,0,0.6556629946960457
25,0.4,4000,0.7,848,0.4835294117647059,0.8886666666666667,0.18614874327749903,0,0.8503752759381932,0,0.6871816037735878
25,0.4,4000,0.7,894,0.4411764705882353,0.8820000000000001,0.1788271943675949,0,0.855790598290602,0,0.6948434004474282
25,0.4,4000,0.7,869,0.46705882352941175,0.8866666666666667,0.16111741165670218,0,0.8417008797653993,0,0.6607748369773719
25,0.4,4000,0.7,861,0.47411764705882353,0.8873333333333335,0.158479459663176,0,0.8360693641618511,0,0.6587108013937301
25,0.4,5000,0.1,900,0.4541176470588235,0.9566666666666667,0.1995390071203477,0.3045985401459857,0.7429531388152077,0.0044444444444444444,0.547979910714282
25,0.4,5000,0.1,849,0.45647058823529413,0.9233333333333333,0.16484939548037755,0.2845098039215689,0.7482402234636877,0.001177856301531213,0.597783018867923
25,0.4,5000,0.1,848,0.4764705882352941,0.9566666666666667,0.19225560464434116,0.3263362068965521,0.7611897738446431,0.003537735849056604,0.5636765285996044
25,0.4,5000,0.1,843,0.49411764705882355,0.9619999999999997,0.2001435428406885,0.29695238095238097,0.7928427672955981,0.0035587188612099642,0.549698412698413
25,0.4,5000,0.1,826,0.47294117647058825,0.9626666666666663,0.17682315985484284,0.29653846153846136,0.7499649122807033,0.004842615012106538,0.5175709651257085
25,0.4,5000,0.1,840,0.4811764705882353,0.9213333333333332,0.1764453841389036,0.3124390243902438,0.753076923076921,0.0011904761904761906,0.5993682955899873
25,0.4,5000,0.1,823,0.48823529411764705,0.9446666666666665,0.16791330722121595,0.2935616438356163,0.7605248226950363,0.002430133657351154,0.5431709297604554
25,0.4,5000,0.1,854,0.4976470588235294,1.0066666666666666,0.21527981319868492,0.3141,0.7838183694530445,0.00351288056206089,0.5413474343909102
25,0.4,5000,0.1,873,0.4647058823529412,0.9433333333333334,0.1748725405241806,0.31531428571428594,0.7428597957288784,0.002290950744558992,0.5789092996555665
25,0.4,5000,0.1,872,0.4929411764705882,0.9853333333333334,0.2109698017184304,0.3009558823529417,0.7691382575757583,0.0045871559633027525,0.5560099846390144
25,0.4,5000,0.3,910,0.44823529411764707,0.9786666666666666,0.3040756044140814,0.1236353467561521,0.8514539007092236,0.006593406593406593,0.5053023598820066
25,0.4,5000,0.3,854,0.4752941176470588,0.9380000000000002,0.26057860338421973,0.12106965174129364,0.8231578947368474,0.00234192037470726,0.609863067292647
25,0.4,5000,0.3,864,0.508235294117647,0.9673333333333335,0.25257869863430443,0.13835374149659843,0.8376608187134499,0.005787037037037037,0.47317423360496735
25,0.4,5000,0.3,820,0.4752941176470588,0.9593333333333334,0.29463700027397033,0.13420711974110003,0.8380446927374311,0.004878048780487805,0.5577165032679743
25,0.4,5000,0.3,850,0.47058823529411764,0.9346666666666666,0.280807951980469,0.14744444444444435,0.8461460957178888,0.0035294117647058825,0.5894687131050791
25,0.4,5000,0.3,831,0.508235294117647,0.96,0.27379888739985536,0.16198275862068962,0.8275932203389857,0.0048134777376654635,0.528637646110441
25,0.4,5000,0.3,868,0.4541176470588235,0.9719999999999999,0.29141821873411206,0.15701244813278,0.8557926829268322,0.004608294930875576,0.5438773148148167
25,0.4,5000,0.3,866,0.4752941176470588,0.9866666666666665,0.2948582314464879,0.15412935323383106,0.8345911949685568,0.005773672055427252,0.5315718157181579
25,0.4,5000,0.3,871,0.46941176470588236,0.9706666666666667,0.2696809700915406,0.14757264957264937,0.8177285318559585,0.003444316877152698,0.5598118279569915
25,0.4,5000,0.3,898,0.4647058823529412,0.9786666666666668,0.3099127203373486,0.12642857142857117,0.8615696202531664,0.004454342984409799,0.5680387770320661
25,0.4,5000,0.5,867,0.4788235294117647,0.8866666666666667,0.15268135020236343,0,0.8349803921568643,0,0.6214686658977332
25,0.4,5000,0.5,855,0.4811764705882353,0.8873333333333335,0.17252625727258056,0,0.8502531645569653,0,0.7060818713450321
25,0.4,5000,0.5,849,0.4835294117647059,0.8873333333333335,0.18885956159072823,0,0.8553056768558992,0,0.7002866117000414
25,0.4,5000,0.5,869,0.4823529411764706,0.8880000000000001,0.1672181209953557,0,0.8461022927689638,0,0.7346144994246246
25,0.4,5000,0.5,877,0.47411764705882353,0.884,0.17360047589646188,0,0.8491544117647083,0,0.7309007981755987
25,0.4,5000,0.5,853,0.4835294117647059,0.8880000000000001,0.17931005620448748,0,0.8459953703703731,0,0.689617037905434
25,0.4,5000,0.5,882,0.4588235294117647,0.8873333333333333,0.16723443661803822,0,0.8316304347826126,0,0.6886659108087685
25,0.4,5000,0.5,848,0.47058823529411764,0.8886666666666666,0.15355354796035703,0,0.8206359649122846,0,0.6999371069182393
25,0.4,5000,0.5,868,0.4858823529411765,0.8866666666666667,0.16422214522285322,0,0.8332775919732485,0,0.7363325652841777
25,0.4,5000,0.5,878,0.4788235294117647,0.8826666666666667,0.16867408148448967,0,0.8385062240663953,0,0.6963135914958254
25,0.4,5000,0.7,824,0.5011764705882353,0.8906666666666668,0.15734107973310235,0,0.8251670951156855,0,0.6719296116504863
25,0.4,5000,0.7,828,0.4588235294117647,0.8933333333333331,0.16800654422467556,0,0.8359076923076938,0,0.6556239935587781
25,0.4,5000,0.7,873,0.46,0.8873333333333335,0.1719873258567159,0,0.840000000000002,0,0.6668193967163065
25,0.4,5000,0.7,850,0.46588235294117647,0.8880000000000003,0.16389474439374238,0,0.8363823529411797,0,0.652800000000004
25,0.4,5000,0.7,869,0.4623529411764706,0.8873333333333333,0.16774606534309267,0,0.8394303797468352,0,0.6384273110855422
25,0.4,5000,0.7,863,0.48470588235294115,0.8866666666666667,0.17357178498589715,0,0.8413876651982418,0,0.6924874468906931
25,0.4,5000,0.7,871,0.46941176470588236,0.8879999999999999,0.17483760205639284,0,0.8435619469026594,0,0.6855836203597417
25,0.4,5000,0.7,851,0.49176470588235294,0.8873333333333331,0.16228785731692877,0,0.8298286937901539,0,0.6996239717978868
25,0.4,5000,0.7,832,0.48470588235294115,0.8906666666666668,0.1571968408244044,0,0.8280851063829854,0,0.7325600961538477
25,0.4,5000,0.7,814,0.46941176470588236,0.8940000000000001,0.17218921597159367,0,0.8345693779904348,0,0.6800778050778056
25,0.5,1000,0.1,871,0.47294117647058825,0.9673333333333332,0.18444171167582657,0.31322709163346607,0.7696707818930051,0.003444316877152698,0.5297388632872495
25,0.5,1000,0.1,876,0.4647058823529412,0.9606666666666664,0.18435100538987526,0.3115120274914086,0.7387447698744778,0.0045662100456621,0.5218577981651373
25,0.5,1000,0.1,867,0.4435294117647059,0.9746666666666668,0.20096140559887893,0.299764705882353,0.7677283105022829,0.0034602076124567475,0.5451273148148138
25,0.5,1000,0.1,864,0.4435294117647059,0.9499999999999998,0.20015681645323588,0.26945544554455436,0.7717175141242945,0.003472222222222222,0.5512078977932621
25,0.5,1000,0.1,857,0.47411764705882353,0.9466666666666667,0.18959580398808792,0.2991219512195126,0.7419630709426636,0.003500583430571762,0.5587509758001545
25,0.5,1000,0.1,883,0.44588235294117645,0.9486666666666668,0.17384994123441627,0.31070175438596537,0.7452421652421655,0.0022650056625141564,0.5751191827468766
25,0.5,1000,0.1,860,0.508235294117647,0.9593333333333334,0.16473212259976602,0.3402545454545459,0.7248863636363652,0.0034883720930232558,0.5323959548813676
25,0.5,1000,0.1,852,0.4964705882352941,0.9426666666666667,0.16684652370770103,0.3005325443786981,0.7481688125894143,0.002347417840375587,0.5434196078431364
25,0.5,1000,0.1,856,0.4623529411764706,0.9460000000000002,0.17010617408802486,0.3024390243902434,0.7338714499252625,0.002336448598130841,0.531128024980483
25,0.5,1000,0.1,842,0.5047058823529412,0.9539999999999997,0.18925655740155867,0.2933146067415731,0.7618854166666676,0.0023752969121140144,0.5659722222222198
25,0.5,1000,0.3,848,0.45647058823529413,0.9499999999999998,0.2757109749116527,0.15207246376811576,0.8091124260355069,0.0047169811320754715,0.5325552922590848
25,0.5,1000,0.3,873,0.45647058823529413,0.9800000000000002,0.27557400318649033,0.1522182254196643,0.8067368421052662,0.0057273768613974796,0.4967319508448555
25,0.5,1000,0.3,881,0.4964705882352941,0.9393333333333336,0.26766506120838757,0.13399999999999987,0.8318453865336689,0.00340522133938706,0.6013819286256665
25,0.5,1000,0.3,870,0.4623529411764706,0.9586666666666668,0.26432631286072106,0.16982120051085553,0.8201520912547551,0.005747126436781609,0.5106435452793859
25,0.5,1000,0.3,868,0.47411764705882353,0.9773333333333333,0.27389030489406496,0.1668526466380545,0.8459430604982242,0.004608294930875576,0.5358719135802475
25,0.5,1000,0.3,838,0.48,0.9639999999999997,0.2989097100750221,0.1651956815114708,0.8588888888888913,0.00477326968973747,0.5440287769784192
25,0.5,1000,0.3,855,0.46705882352941175,0.9719999999999999,0.26381504046299825,0.1735036496350365,0.8093574297188773,0.005847953216374269,0.4992235294117664
25,0.5,1000,0.3,869,0.4835294117647059,0.9440000000000004,0.27527391075084867,0.14064583333333325,0.8420347394540968,0.0034522439585730723,0.594830638953043
25,0.5,1000,0.3,855,0.47411764705882353,0.9666666666666667,0.2782983446589011,0.16074193548387133,0.7991039426523326,0.007017543859649123,0.48234000785237646
25,0.5,1000,0.5,819,0.4623529411764706,0.8933333333333333,0.17248749857898907,0,0.8367659574468115,0,0.7020553520553536
25,0.5,1000,0.3,878,0.4717647058823529,0.9593333333333334,0.2650041389068524,0.19047619047619083,0.8186011904761938,0.004555808656036446,0.5371090770404299
25,0.5,1000,0.5,825,0.5047058823529412,0.8893333333333335,0.1799052133302431,0,0.8473142857142878,0,0.6609131313131347
25,0.5,1000,0.5,810,0.5,0.8933333333333333,0.16532921202530246,0,0.8358309037900911,0,0.6581563786008259
25,0.5,1000,0.5,819,0.4811764705882353,0.8933333333333335,0.17186301337518337,0,0.8447025495750741,0,0.6620065120065146
25,0.5,1000,0.5,855,0.47058823529411764,0.8873333333333335,0.16195787224982722,0,0.8360599571734499,0,0.703029239766083
25,0.5,1000,0.5,904,0.4447058823529412,0.8806666666666668,0.16611804879597003,0,0.847758985200849,0,0.7031932153392331
25,0.5,1000,0.5,874,0.4858823529411765,0.8866666666666667,0.15993340065036452,0,0.8353896103896117,0,0.6442639206712434
25,0.5,1000,0.5,873,0.4776470588235294,0.8873333333333335,0.17927113871789974,0,0.8562432432432462,0,0.6695532646048128
25,0.5,1000,0.5,842,0.4788235294117647,0.8873333333333335,0.17395321331232988,0,0.8699248120300774,0,0.6278424386381659
25,0.5,1000,0.7,826,0.48823529411764705,0.8940000000000001,0.1743621845447638,0,0.8442288557213957,0,0.6752098466505264
25,0.5,1000,0.7,857,0.46705882352941175,0.8866666666666663,0.17079467450052704,0,0.8436000000000023,0,0.6649474912485445
25,0.5,1000,0.5,835,0.4823529411764706,0.8913333333333333,0.15311268968419392,0,0.8106703910614556,0,0.6585628742514983
25,0.5,1000,0.7,867,0.48823529411764705,0.8873333333333333,0.1440296866592657,0,0.8177252252252286,0,0.6910841983852378
25,0.5,1000,0.7,872,0.46588235294117647,0.8866666666666668,0.1825402093876027,0,0.8623325062034771,0,0.6805466360856296
25,0.5,1000,0.7,810,0.4682352941176471,0.8933333333333331,0.18325930378217378,0,0.8596915167095143,0,0.6832181069958879
25,0.5,1000,0.7,861,0.4752941176470588,0.8866666666666668,0.15790623147690858,0,0.8342526690391517,0,0.7334998064266359
25,0.5,1000,0.7,868,0.4541176470588235,0.8866666666666668,0.17726702113525322,0,0.8549568965517262,0,0.7026382488479286
25,0.5,1000,0.7,889,0.4576470588235294,0.8820000000000001,0.1708032713483116,0,0.8504675324675368,0,0.670127484064493
25,0.5,1000,0.7,865,0.46705882352941175,0.8866666666666667,0.17864087462058226,0,0.8508740359897181,0,0.6725549132948003
25,0.5,1000,0.7,885,0.49176470588235294,0.8833333333333335,0.17568308647164646,0,0.8435244161358838,0,0.69742372881356
25,0.5,20000,0.1,829,0.4788235294117647,0.9779999999999998,0.19283505159196443,0.32207171314740995,0.7629847494553375,0.0036188178528347406,0.5440314769975769
25,0.5,20000,0.1,876,0.47411764705882353,0.9599999999999999,0.17226608981338096,0.32787439613526564,0.7376084656084673,0.00228310502283105,0.5506826849733015
25,0.5,20000,0.1,806,0.4752941176470588,0.9746666666666668,0.18924058424960974,0.3232286995515696,0.7501372549019613,0.0024813895781637717,0.5625912106135973
25,0.5,20000,0.1,845,0.4788235294117647,0.9613333333333336,0.19391605204892914,0.33898678414096967,0.7664769647696462,0.002366863905325444,0.5744325820482377
25,0.5,20000,0.1,880,0.47058823529411764,0.9526666666666667,0.1525927344824765,0.3237560975609756,0.7217829457364354,0.0022727272727272726,0.5315831435079712
25,0.5,20000,0.1,867,0.4623529411764706,0.9513333333333333,0.15905799122520786,0.3112643678160924,0.7339823008849569,0.0034602076124567475,0.5351658950617286
25,0.5,20000,0.1,873,0.508235294117647,0.9913333333333334,0.20896679891203643,0.3259189189189192,0.7683000000000012,0.004581901489117984,0.5221672420406579
25,0.5,20000,0.1,885,0.46,0.9500000000000004,0.189670684624735,0.34012820512820485,0.7593267651888318,0.003389830508474576,0.5770672713529845
25,0.5,20000,0.1,833,0.4929411764705882,0.9839999999999998,0.1864158669157365,0.2955144032921812,0.735820312500001,0.004801920768307323,0.5253277040611165
25,0.5,20000,0.1,887,0.45176470588235296,0.9346666666666666,0.15921257812610282,0.30984251968503923,0.7512411347517742,0.002254791431792559,0.5659962335216583
25,0.5,20000,0.3,845,0.49058823529411766,0.9460000000000004,0.24559718564951785,0.13291666666666666,0.8057475083056496,0.0035502958579881655,0.5630958036421232
25,0.5,20000,0.3,876,0.4576470588235294,0.9686666666666666,0.2912316288321135,0.15608089260808924,0.8879487179487191,0.0045662100456621,0.5282454128440363
25,0.5,20000,0.3,842,0.47058823529411764,0.9393333333333331,0.2573491200857673,0.14290018832391704,0.8354981549815531,0.0035629453681710215,0.546023043305524
25,0.5,20000,0.3,839,0.46705882352941175,0.9446666666666668,0.2676241430750618,0.17078754578754565,0.8387951807228947,0.003575685339690107,0.561120414673049
25,0.5,20000,0.3,848,0.4588235294117647,0.9646666666666666,0.2906912697738019,0.156778309409888,0.8432750000000035,0.003537735849056604,0.5828007889546373
25,0.5,20000,0.3,867,0.47058823529411764,0.9599999999999999,0.2959708908212872,0.153626220362622,0.8716666666666677,0.00461361014994233,0.5393935882580163
25,0.5,20000,0.3,835,0.5070588235294118,0.9686666666666666,0.3142120424116982,0.13133333333333322,0.8867207792207799,0.004790419161676647,0.5426875250701974
25,0.5,20000,0.3,865,0.5011764705882353,0.9526666666666666,0.28462479790261197,0.1271376811594202,0.831045454545459,0.003468208092485549,0.6022428460943566
25,0.5,20000,0.3,838,0.5129411764705882,0.9806666666666666,0.31226627764139553,0.15186351706036733,0.8639606741573075,0.00477326968973747,0.5545283772981636
25,0.5,20000,0.5,854,0.4835294117647059,0.8873333333333335,0.18194759498757807,0,0.8515106382978748,0,0.7017213114754101
25,0.5,20000,0.3,876,0.4823529411764706,0.9566666666666667,0.27692133277256237,0.16853388658367924,0.8511153846153874,0.0045662100456621,0.5315252293578007
25,0.5,20000,0.5,865,0.45294117647058824,0.8873333333333333,0.17140664772791317,0,0.8463659793814449,0,0.678439306358382
25,0.5,20000,0.5,863,0.5058823529411764,0.8866666666666667,0.15111815730761588,0,0.8243645083932891,0,0.6799884125144864
25,0.5,20000,0.5,861,0.4764705882352941,0.8866666666666667,0.17190603360086845,0,0.8315811965812013,0,0.6917731320170365
25,0.5,20000,0.5,864,0.4682352941176471,0.8873333333333333,0.17167096968895518,0,0.853276595744684,0,0.7081211419753098
25,0.5,20000,0.5,851,0.48470588235294115,0.8866666666666667,0.16386386958845903,0,0.8241239316239356,0,0.693897375636507
25,0.5,20000,0.5,866,0.49058823529411766,0.8873333333333333,0.19304123884651947,0,0.8632400000000041,0,0.7069438029253295
25,0.5,20000,0.5,836,0.4611764705882353,0.8913333333333333,0.19026743016932715,0,0.8556944444444468,0,0.6873046251993655
25,0.5,20000,0.5,835,0.48705882352941177,0.894,0.16712392870626985,0,0.8353168044077168,0,0.6592295409181662
25,0.5,20000,0.5,873,0.48470588235294115,0.8866666666666667,0.16340210858880583,0,0.845170340681364,0,0.7161321114929364
25,0.5,20000,0.7,883,0.46941176470588236,0.8866666666666668,0.15268104231309423,0,0.8195824175824212,0,0.6857757644394123
25,0.5,20000,0.7,870,0.4811764705882353,0.8880000000000003,0.16932671349550937,0,0.8441025641025665,0,0.6998773946360164
25,0.5,20000,0.7,814,0.4682352941176471,0.8933333333333331,0.17165345301043639,0,0.851582031250003,0,0.7271294021294042
25,0.5,20000,0.7,864,0.4682352941176471,0.8873333333333333,0.16141952676198804,0,0.8255971896955535,0,0.6800077160493835
25,0.5,20000,0.7,870,0.4682352941176471,0.8873333333333335,0.16505286904339236,0,0.8442857142857175,0,0.647570881226054
25,0.5,20000,0.7,838,0.4588235294117647,0.8873333333333333,0.15315717463811007,0,0.8312034383954185,0,0.6658194112967409
25,0.5,20000,0.7,865,0.5035294117647059,0.8866666666666665,0.177154375727799,0,0.8538215102974851,0,0.6873333333333344
25,0.5,20000,0.7,848,0.48470588235294115,0.8880000000000001,0.1734845632757415,0,0.8389684210526354,0,0.7005699685534615
25,0.5,20000,0.7,876,0.4611764705882353,0.8866666666666668,0.16410521125027797,0,0.8290823529411792,0,0.6807343987823437
25,0.5,20000,0.7,854,0.5,0.8873333333333335,0.15919901742830858,0,0.8226446280991782,0,0.6999921935987536
25,0.5,3000,0.1,844,0.4835294117647059,0.9666666666666665,0.20270493518251315,0.3186956521739133,0.7742285041224989,0.0035545023696682463,0.5389179548156938
25,0.5,3000,0.1,849,0.4929411764705882,0.9460000000000002,0.17857214628100784,0.3292924528301887,0.7772916666666673,0.002355712603062426,0.54289256198347
25,0.5,3000,0.1,873,0.4647058823529412,0.95,0.18970083217418918,0.318818181818182,0.7591452991452989,0.003436426116838488,0.5627547892720284
25,0.5,3000,0.1,857,0.48470588235294115,0.9820000000000001,0.2235213594300424,0.2864777327935227,0.7860873440285187,0.004667444574095682,0.5746658851113695
25,0.5,3000,0.1,857,0.4835294117647059,0.9659999999999996,0.19126103115189133,0.284179894179894,0.7512872238232485,0.003500583430571762,0.5743871975019481
25,0.5,3000,0.1,863,0.48705882352941177,0.9753333333333334,0.20117501700384752,0.2844150943396224,0.8006462585034024,0.004634994206257242,0.5242103220799385
25,0.5,3000,0.1,872,0.4929411764705882,0.9506666666666668,0.18932337699943422,0.3405376344086022,0.7772901080631762,0.0022935779816513763,0.5899386973180099
25,0.5,3000,0.1,862,0.5035294117647059,0.9866666666666667,0.18356998586056988,0.3216034985422741,0.7388105726872258,0.004640371229698376,0.5036324786324773
25,0.5,3000,0.1,855,0.5023529411764706,0.96,0.17419005793361328,0.33351464435146433,0.7500409836065579,0.0023391812865497076,0.5370261821023845
25,0.5,3000,0.3,860,0.46588235294117647,0.9773333333333333,0.29749682185752535,0.14382022471910128,0.8430158730158755,0.005813953488372093,0.5234931773879143
25,0.5,3000,0.1,856,0.4811764705882353,1.0046666666666666,0.2033617222679242,0.30560509554140164,0.7631840796019919,0.004672897196261682,0.5203560250391237
25,0.5,3000,0.3,871,0.47058823529411764,0.9426666666666669,0.2469536953034328,0.11136574074074083,0.8462083333333358,0.002296211251435132,0.550636747219027
25,0.5,3000,0.3,853,0.4858823529411765,0.9573333333333335,0.2749300674790487,0.15810924369747897,0.8537642585551354,0.004689331770222743,0.5196741264232437
25,0.5,3000,0.3,846,0.4835294117647059,0.9233333333333331,0.26513139479419956,0.11797421731123373,0.8447967479674816,0.0035460992907801418,0.5301107156979045
25,0.5,3000,0.3,863,0.47058823529411764,0.9226666666666667,0.26104288930141484,0.11282238442822393,0.8193638676844822,0.002317497103128621,0.5964227642276445
25,0.5,3000,0.3,856,0.5058823529411764,0.9420000000000001,0.2745182286892269,0.12233140655105965,0.8488073394495427,0.0035046728971962616,0.5641109808518956
25,0.5,3000,0.3,842,0.4835294117647059,0.9486666666666668,0.2897670284654435,0.15489402697495158,0.8696103896103932,0.0035629453681710215,0.6059674215335739
25,0.5,3000,0.3,857,0.47294117647058825,0.9446666666666668,0.2669600650378175,0.14140211640211636,0.8592957746478911,0.002333722287047841,0.625282651072127
25,0.5,3000,0.3,871,0.4752941176470588,0.964,0.27294270175501906,0.14621359223300953,0.8308049535603741,0.004592422502870264,0.5452902729719357
25,0.5,3000,0.3,831,0.4835294117647059,0.9440000000000002,0.2710297780317683,0.14471088435374152,0.8137386018237114,0.0048134777376654635,0.5496896412736826
25,0.5,3000,0.5,864,0.44588235294117645,0.8873333333333331,0.16431524077966414,0,0.8272478991596685,0,0.6945061728395078
25,0.5,3000,0.5,834,0.4788235294117647,0.8886666666666667,0.17645370452205097,0,0.8407923497267786,0,0.6610631494804178
25,0.5,3000,0.5,875,0.4682352941176471,0.8866666666666667,0.15986701049282848,0,0.8239460784313758,0,0.669104761904764
25,0.5,3000,0.5,809,0.48705882352941177,0.8933333333333331,0.16373226177134842,0,0.8251923076923113,0,0.6783601153687705
25,0.5,3000,0.5,851,0.4647058823529412,0.8879999999999999,0.1618805353086156,0,0.8300000000000044,0,0.6876224050137106
25,0.5,3000,0.5,864,0.46588235294117647,0.8866666666666665,0.1732538863792964,0,0.852547945205481,0,0.6675925925925957
25,0.5,3000,0.5,855,0.4788235294117647,0.8866666666666667,0.16776405638038125,0,0.8433656174334168,0,0.6872514619883046
25,0.5,3000,0.5,854,0.4835294117647059,0.8866666666666667,0.16476898932248396,0,0.8279365079365115,0,0.6635909445745533
25,0.5,3000,0.5,909,0.4576470588235294,0.8820000000000001,0.17918325753393743,0,0.85048421052632,0,0.6930326365969935
25,0.5,3000,0.5,926,0.43529411764705883,0.8806666666666668,0.17622760349340244,0,0.8514743589743622,0,0.6892332613390945
25,0.5,3000,0.7,840,0.49176470588235294,0.8879999999999999,0.15173476538787242,0,0.8233649289099543,0,0.6867063492063519
25,0.5,3000,0.7,862,0.48470588235294115,0.8873333333333333,0.16660273926621746,0,0.862829457364341,0,0.6278731631863897
25,0.5,3000,0.7,872,0.48,0.8893333333333332,0.1801468789659505,0,0.8415053763440877,0,0.6867966360856294
25,0.5,3000,0.7,900,0.4717647058823529,0.8806666666666668,0.1559202068090867,0,0.8305917159763346,0,0.6499851851851848
25,0.5,3000,0.7,876,0.47058823529411764,0.8873333333333335,0.15946370002061983,0,0.8202816901408484,0,0.6764383561643826
25,0.5,3000,0.7,872,0.4964705882352941,0.8859999999999999,0.1441097125303695,0,0.8249244712990963,0,0.6572209480122344
25,0.5,3000,0.7,849,0.5023529411764706,0.8873333333333333,0.17230912640179136,0,0.8341176470588261,0,0.6671652925009838
25,0.5,3000,0.7,856,0.4764705882352941,0.8866666666666667,0.18343890556884693,0,0.8483127572016499,0,0.69924065420561
25,0.5,3000,0.7,858,0.47058823529411764,0.8866666666666667,0.17128176477706014,0,0.8374210526315817,0,0.6636752136752168
25,0.5,3000,0.7,874,0.44823529411764707,0.8866666666666667,0.16223571724484237,0,0.832156488549622,0,0.7145423340961106
25,0.5,4000,0.1,847,0.4894117647058824,0.9553333333333333,0.17449866333260444,0.31246231155778836,0.7409854014598543,0.0023612750885478157,0.5377751479289944
25,0.5,4000,0.1,893,0.4717647058823529,0.9526666666666666,0.17756252106711376,0.31506437768240386,0.7423129251700686,0.0033594624860022394,0.545340823970036
25,0.5,4000,0.1,832,0.4576470588235294,0.948,0.18177344505130522,0.3242342342342343,0.7421078431372554,0.003605769230769231,0.5543023723361453
25,0.5,4000,0.1,836,0.4858823529411765,0.9506666666666668,0.17531050635275705,0.32109890109890077,0.757506361323156,0.0035885167464114833,0.5523329331732696
25,0.5,4000,0.1,878,0.4647058823529412,0.932,0.1719569661702445,0.3168840579710143,0.7465470852017918,0.0011389521640091116,0.6031584948688707
25,0.5,4000,0.1,850,0.46,0.9486666666666665,0.17868944016948152,0.29226415094339614,0.7409833333333326,0.002352941176470588,0.5975039308176089
25,0.5,4000,0.1,838,0.4823529411764706,0.9733333333333335,0.21010224516100223,0.30967592592592585,0.7680885780885749,0.003579952267303103,0.5931736526946066
25,0.5,4000,0.1,860,0.5047058823529412,0.9646666666666666,0.1954001956253368,0.3050204081632651,0.7660649819494589,0.004651162790697674,0.5313473520249219
25,0.5,4000,0.1,840,0.4647058823529412,0.9559999999999998,0.1922634966006262,0.32631970260223053,0.760469483568075,0.0035714285714285713,0.5336678614097956
25,0.5,4000,0.1,858,0.48470588235294115,0.9719999999999996,0.21301821371998228,0.31668874172185424,0.7742110453648914,0.004662004662004662,0.5503981264636999
25,0.5,4000,0.3,821,0.4929411764705882,0.9973333333333331,0.2967929123340683,0.13274999999999962,0.8504482758620706,0.0048721071863581,0.5216687066503485
25,0.5,4000,0.3,873,0.5,0.994,0.31735721792720994,0.1407348242811505,0.8836329588014996,0.0057273768613974796,0.4985099846390163
25,0.5,4000,0.3,880,0.49176470588235294,0.9693333333333334,0.2588122326881046,0.11769547325102885,0.8043007915567334,0.003409090909090909,0.5881489927784127
25,0.5,4000,0.3,848,0.4976470588235294,0.9506666666666668,0.27418409643504343,0.1859969558599694,0.8329494382022513,0.0047169811320754715,0.5670142180094823
25,0.5,4000,0.3,876,0.4717647058823529,0.948,0.26152584590377126,0.12815040650406498,0.8077078085642345,0.003424657534246575,0.5785070637647972
25,0.5,4000,0.3,869,0.4682352941176471,0.9566666666666667,0.2428977971916097,0.15679089026915108,0.8048076923076953,0.0034522439585730723,0.563641262509625
25,0.5,4000,0.3,867,0.46,0.9386666666666668,0.26863267956014736,0.15362162162162135,0.840454545454549,0.0034602076124567475,0.561520061728396
25,0.5,4000,0.3,843,0.4682352941176471,0.964,0.2961236233058478,0.13526881720430095,0.8334604904632188,0.004744958481613286,0.5547119586809718
25,0.5,4000,0.3,911,0.43058823529411766,0.9566666666666669,0.3074207472214318,0.1437447257383968,0.8561980830670965,0.006586169045005488,0.5101362799263356
25,0.5,4000,0.5,864,0.4611764705882353,0.8873333333333333,0.16555863583799635,0,0.8323924731182815,0,0.6638348765432126
25,0.5,4000,0.5,871,0.4647058823529412,0.8866666666666668,0.18298333225498106,0,0.8428832951945107,0,0.6782395713739029
25,0.5,4000,0.3,868,0.46,0.9520000000000001,0.23971682657038407,0.17596034696406465,0.8074876847290646,0.00576036866359447,0.4726844341444595
25,0.5,4000,0.5,870,0.4752941176470588,0.8879999999999999,0.16955273944336452,0,0.8402017937219748,0,0.686957854406133
25,0.5,4000,0.5,847,0.45647058823529413,0.8866666666666667,0.166945497067482,0,0.8410841121495356,0,0.7265328610783156
25,0.5,4000,0.5,857,0.4788235294117647,0.8866666666666667,0.16612230218540744,0,0.8327729257641943,0,0.6915713730066145
25,0.5,4000,0.5,856,0.4764705882352941,0.8866666666666665,0.16200123060476568,0,0.839053497942389,0,0.70915109034268
25,0.5,4000,0.5,857,0.49529411764705883,0.8866666666666667,0.18010836264976035,0,0.8445492662473802,0,0.6993387786853368
25,0.5,4000,0.5,864,0.45294117647058824,0.8866666666666667,0.1450726533130264,0,0.8275627240143414,0,0.7375694444444417
25,0.5,4000,0.5,862,0.4835294117647059,0.8866666666666667,0.17105026118400257,0,0.8521330724070493,0,0.7221771075019348
25,0.5,4000,0.5,858,0.4647058823529412,0.8866666666666667,0.1784882429407832,0,0.8537309644670071,0,0.671227661227664
25,0.5,4000,0.7,856,0.48705882352941177,0.8873333333333335,0.17242619337220166,0,0.8330958230958257,0,0.6695366043613725
25,0.5,4000,0.7,856,0.46,0.8879999999999999,0.15552098379089654,0,0.8327242524916973,0,0.6394470404984437
25,0.5,4000,0.7,891,0.4647058823529412,0.8813333333333334,0.18068435812962205,0,0.8493606138107442,0,0.6644407033295938
25,0.5,4000,0.7,877,0.45294117647058824,0.8880000000000001,0.17552526285236886,0,0.8493010752688203,0,0.7276358798935767
25,0.5,4000,0.7,856,0.48470588235294115,0.8880000000000001,0.17222366260744915,0,0.8507535641547888,0,0.7095327102803753
25,0.5,4000,0.7,871,0.4811764705882353,0.886666666666667,0.16936460751721588,0,0.8308988764044976,0,0.6836280137772681
25,0.5,4000,0.7,851,0.4764705882352941,0.8866666666666668,0.17007597585004944,0,0.8444897959183706,0,0.7052839796318053
25,0.5,4000,0.7,896,0.47294117647058825,0.8826666666666665,0.1472117823366701,0,0.826302367941715,0,0.7228869047619046
25,0.5,4000,0.7,831,0.4964705882352941,0.8906666666666664,0.15425537255760058,0,0.8314570858283467,0,0.7210108303249111
25,0.5,4000,0.7,851,0.5023529411764706,0.8873333333333335,0.18070369094489389,0,0.84329177057357,0,0.6710928319623984
25,0.5,5000,0.1,881,0.4788235294117647,0.9586666666666663,0.1497331873394808,0.3389208633093518,0.722781316348196,0.00340522133938706,0.506898253606681
25,0.5,5000,0.1,862,0.48,0.9713333333333336,0.1878679548699183,0.3094276094276098,0.7663926940639273,0.004640371229698376,0.5162354312354307
25,0.5,5000,0.1,854,0.49176470588235294,0.9726666666666666,0.18721980055323348,0.3267364016736401,0.7383832879200739,0.00351288056206089,0.5602311006658806
25,0.5,5000,0.1,868,0.47411764705882353,0.9913333333333333,0.20644399623906673,0.31164516129032266,0.7579876160990722,0.004608294930875576,0.5388966049382696
25,0.5,5000,0.1,868,0.4588235294117647,0.9500000000000002,0.20133697150798233,0.28175531914893615,0.7756249999999999,0.0034562211981566822,0.5747707129094389
25,0.5,5000,0.1,878,0.4505882352941176,0.9813333333333333,0.17999793419564547,0.3015311004784687,0.7309118541033438,0.003416856492027335,0.5558819047619022
25,0.5,5000,0.1,844,0.49529411764705883,0.9606666666666668,0.19842529886569826,0.3149387755102043,0.7715503875968996,0.0035545023696682463,0.5502695204122069
25,0.5,5000,0.1,854,0.4788235294117647,0.9613333333333333,0.20680160174197315,0.31560000000000055,0.7590656565656556,0.00351288056206089,0.5709557383470405
25,0.5,5000,0.1,883,0.46705882352941175,0.954666666666667,0.17783385302583005,0.28793814432989717,0.7360102960102968,0.0033975084937712344,0.5455000000000002
25,0.5,5000,0.1,868,0.4541176470588235,0.9540000000000003,0.2043587856621956,0.30657370517928284,0.7713988095238093,0.004608294930875576,0.5580208333333329
25,0.5,5000,0.3,868,0.5129411764705882,0.9666666666666667,0.28527870853291687,0.15279365079365057,0.8773129251700696,0.004608294930875576,0.5462384259259276
25,0.5,5000,0.3,858,0.4576470588235294,0.9740000000000002,0.30843048161083425,0.1600716845878135,0.8538439306358406,0.005827505827505828,0.5423681125439638
25,0.5,5000,0.3,869,0.4588235294117647,1.0019999999999998,0.2965340460699084,0.12285714285714298,0.8202362204724436,0.006904487917146145,0.4923754345307069
25,0.5,5000,0.3,855,0.5094117647058823,0.9286666666666668,0.24945706684538324,0.17748201438848915,0.8286732186732236,0.0023391812865497076,0.6149042594763608
25,0.5,5000,0.3,899,0.4423529411764706,0.9486666666666669,0.2657843278415575,0.17149476831091173,0.8381055900621155,0.004449388209121246,0.5449795158286814
25,0.5,5000,0.3,881,0.4682352941176471,0.9759999999999996,0.2957454205926975,0.14247831474597267,0.8530103806228407,0.0056753688989784334,0.5258751902587524
25,0.5,5000,0.3,868,0.4541176470588235,0.9779999999999999,0.28010353480815786,0.13569500674763835,0.8261397058823551,0.00576036866359447,0.5144341444573202
25,0.5,5000,0.3,829,0.47294117647058825,0.944,0.2679270792828096,0.17006600660066015,0.8000481927710881,0.0048250904704463205,0.576844444444447
25,0.5,5000,0.3,857,0.46588235294117647,0.9773333333333333,0.29826428434537244,0.11643678160919523,0.8519540229885085,0.004667444574095682,0.5586361860101625
25,0.5,5000,0.5,842,0.5011764705882353,0.8880000000000003,0.15333325356526792,0,0.8238730158730191,0,0.6435273159144921
25,0.5,5000,0.5,867,0.45176470588235296,0.8873333333333333,0.18048239021035198,0,0.857028688524594,0,0.7092772010765114
25,0.5,5000,0.3,855,0.49058823529411766,0.9466666666666664,0.2678260163502909,0.14197767145135542,0.8202508960573507,0.0035087719298245615,0.5445892018779346
25,0.5,5000,0.5,874,0.4611764705882353,0.8873333333333333,0.16864636749640383,0,0.830057971014494,0,0.6421205186880262
25,0.5,5000,0.5,865,0.4541176470588235,0.8866666666666667,0.19819075776814435,0,0.869824175824179,0,0.6939344894026992
25,0.5,5000,0.5,859,0.4647058823529412,0.8873333333333331,0.17965416575027734,0,0.8579075425790788,0,0.682262320527748
25,0.5,5000,0.5,872,0.46352941176470586,0.8866666666666667,0.16551066602449935,0,0.8456615384615411,0,0.757477064220184
25,0.5,5000,0.5,839,0.5047058823529412,0.8906666666666666,0.1830725569432027,0,0.8574401913875638,0,0.688291617004371
25,0.5,5000,0.5,834,0.4858823529411765,0.89,0.1893521969546819,0,0.8668995633187796,0,0.7056634692246212
25,0.5,5000,0.5,855,0.5070588235294118,0.886666666666667,0.1507273708514508,0,0.8163555555555604,0,0.6913177387914243
25,0.5,5000,0.5,857,0.46941176470588236,0.8873333333333333,0.16944751873206104,0,0.8475161987041072,0,0.7048308051341889
25,0.5,5000,0.7,834,0.49176470588235294,0.8886666666666667,0.13772199775665864,0,0.8222137404580179,0,0.6379616306954474
25,0.5,5000,0.7,867,0.47294117647058825,0.8873333333333333,0.18933147951565693,0,0.8607553956834569,0,0.7318108419838547
25,0.5,5000,0.7,851,0.4776470588235294,0.8879999999999999,0.16897946661314547,0,0.8448648648648684,0,0.6677164120642399
25,0.5,5000,0.7,860,0.47411764705882353,0.8866666666666667,0.1811446657542087,0,0.8605194805194819,0,0.6758643410852739
25,0.5,5000,0.7,859,0.4811764705882353,0.8873333333333335,0.1694088471847912,0,0.8465552699228805,0,0.675626697710518
25,0.5,5000,0.7,856,0.4752941176470588,0.8873333333333335,0.1686748023481462,0,0.8495988538681966,0,0.6608216510903439
25,0.5,5000,0.7,872,0.4611764705882353,0.8853333333333334,0.1650485942268886,0,0.8395961538461573,0,0.713585626911316
25,0.5,5000,0.7,815,0.5,0.8933333333333335,0.18069326752287562,0,0.8534673366834212,0,0.680106339468306
25,0.5,5000,0.7,857,0.49411764705882355,0.8886666666666667,0.15788823194908908,0,0.8411111111111137,0,0.6496693893426713
25,0.5,5000,0.7,864,0.4752941176470588,0.886666666666667,0.15803524376531514,0,0.843747178329575,0,0.7059143518518508
