academic-mobility-radius,Satisfaction_threshold,total-teachers,teacher-turnover-rate,mean-school-vacancy-rate,satisfaction-inequality,mean-satisfaction-poor-schools,mean-satisfaction-good-schools,unemployment-rate,mean-satisfaction-all
5,0.1,882,0.48705882352941177,0.9626666666666663,0.2849889450463329,0.11501811594202893,0.8458857142857149,0.003401360544217687,0.5636784224497545
5,0.1,832,0.47294117647058825,0.9500000000000004,0.28578518566934463,0.14892215568862266,0.8787761194029877,0.003605769230769231,0.5875110574989952
5,0.1,831,0.4976470588235294,0.9646666666666666,0.30359735073706173,0.13467571644042195,0.885594405594406,0.0048134777376654635,0.5430108827085864
5,0.1,805,0.5223529411764706,0.9406666666666667,0.24119074765173923,0.15086092715231772,0.8111969111969135,0.002484472049689441,0.5477418015774185
5,0.1,915,0.4576470588235294,0.9606666666666668,0.2597608893452943,0.18827586206896574,0.8288787878787897,0.004371584699453552,0.5563629710940375
5,0.1,859,0.4811764705882353,0.9759999999999999,0.2926712070406468,0.14682814302191488,0.8351943462897546,0.005820721769499418,0.5040124902419988
5,0.1,829,0.4823529411764706,0.9793333333333332,0.3081715103741706,0.1296754057428214,0.8166666666666709,0.006031363088057901,0.5297451456310693
5,0.1,876,0.4752941176470588,0.9339999999999999,0.2515177120631171,0.16973821989528792,0.8303061224489817,0.003424657534246575,0.5525582283314266
5,0.1,805,0.48,0.9586666666666671,0.26901200583274953,0.12118343195266262,0.8313494809688605,0.0037267080745341614,0.5550706566916074
5,0.1,835,0.5011764705882353,0.9526666666666667,0.2863460018463082,0.10976359338061478,0.8460860215053794,0.0023952095808383233,0.6368227290916375
5,0.1,844,0.46705882352941175,0.9706666666666668,0.2917026018854235,0.1590231990231992,0.8515789473684235,0.005924170616113744,0.5148748510131117
5,0.1,903,0.45529411764705885,0.9760000000000001,0.31564001388832075,0.13526641883519192,0.8569945355191273,0.005537098560354375,0.5488567186340021
5,0.1,869,0.4588235294117647,0.9646666666666665,0.27422559876549185,0.1351948051948052,0.8235986159169587,0.004602991944764097,0.5174181117533738
5,0.1,851,0.4823529411764706,0.95,0.26750445729354877,0.15640350877192982,0.8352419354838729,0.004700352526439483,0.5230184966548627
5,0.1,876,0.4788235294117647,0.9473333333333332,0.2932255970267281,0.13508196721311475,0.8670761670761693,0.003424657534246575,0.5923214967544869
5,0.1,862,0.4764705882352941,0.9719999999999999,0.2929845231823693,0.1575912408759127,0.843009404388717,0.00580046403712297,0.523430571761962
5,0.1,830,0.4988235294117647,0.9639999999999997,0.25172676210308936,0.15818996415770575,0.8479901960784312,0.0036144578313253013,0.5261668681983083
5,0.1,880,0.47058823529411764,0.9660000000000004,0.28152912675884295,0.172994350282486,0.8566144200626995,0.004545454545454545,0.5421993911719967
5,0.1,877,0.46352941176470586,0.9406666666666664,0.26829690664507,0.13715686274509792,0.8339884393063611,0.0034207525655644243,0.5646414950419545
5,0.1,885,0.46352941176470586,0.9433333333333334,0.27886279051195556,0.08778645833333341,0.8805965909090929,0.0022598870056497176,0.5982785956964899
5,0.1,850,0.5047058823529412,0.9886666666666669,0.2834165115184375,0.13575438596491227,0.8367659574468098,0.0058823529411764705,0.4743274161735702
5,0.1,880,0.49058823529411766,0.9746666666666666,0.27214429090150816,0.1502777777777778,0.8190526315789509,0.005681818181818182,0.5253790476190502
5,0.1,877,0.4576470588235294,0.9533333333333331,0.24709172314733158,0.13872852233676955,0.8544059405940602,0.0034207525655644243,0.504912280701755
5,0.1,834,0.49176470588235294,0.9713333333333335,0.2546958025434824,0.2049140893470793,0.8053138075313815,0.005995203836930456,0.5008283071974277
5,0.1,865,0.4823529411764706,0.9586666666666668,0.263847707517515,0.15525773195876263,0.8401465201465226,0.003468208092485549,0.5566202629543701
5,0.1,852,0.4811764705882353,0.9886666666666666,0.26078061062070584,0.13407702523240347,0.8165979381443301,0.005868544600938967,0.48293585202676187
5,0.1,863,0.48,0.9600000000000004,0.27573905089966094,0.16341194968553455,0.8095823665893319,0.004634994206257242,0.581005044625536
5,0.1,844,0.4988235294117647,0.9626666666666666,0.27356055448549566,0.1895476190476191,0.8181433224755735,0.005924170616113744,0.51677393722686
5,0.1,806,0.4788235294117647,0.9433333333333335,0.26732463115900806,0.13473873873873865,0.8036774193548426,0.0037220843672456576,0.5468617683686187
5,0.1,886,0.5047058823529412,0.986,0.3035978316727932,0.13909492273730698,0.8397734627831738,0.006772009029345372,0.509106060606061
5,0.1,833,0.4647058823529412,0.9739999999999998,0.30076450089224327,0.14350649350649353,0.8561492537313456,0.004801920768307323,0.5538118214716544
5,0.1,854,0.47058823529411764,0.9686666666666669,0.28105864356579413,0.13646723646723619,0.8054954954954991,0.00468384074941452,0.5368784313725516
5,0.1,820,0.46588235294117647,0.9473333333333335,0.2835408533233662,0.12281310211946035,0.862903225806454,0.003658536585365854,0.5580742554059573
5,0.1,894,0.4611764705882353,0.9493333333333334,0.26128700568499375,0.15503333333333325,0.8185889570552162,0.0044742729306487695,0.5439176029962564
5,0.1,852,0.4623529411764706,0.9500000000000002,0.27800755340548966,0.18439528023598847,0.8218009478673034,0.004694835680751174,0.5905896226415118
5,0.1,851,0.4929411764705882,0.9640000000000002,0.2858805063418575,0.13694444444444429,0.8381318681318716,0.0035252643948296123,0.5610809748427693
5,0.1,843,0.5011764705882353,0.9493333333333334,0.2882051707663336,0.12688362919132143,0.8597905759162338,0.0035587188612099642,0.5907777777777804
5,0.1,880,0.48705882352941177,0.9753333333333336,0.28106996353907193,0.17744400527009238,0.8517105263157918,0.004545454545454545,0.5346537290715386
5,0.1,897,0.4623529411764706,0.9640000000000003,0.3090308911165997,0.1489700996677743,0.8378028169014112,0.006688963210702341,0.5188252899364031
5,0.1,876,0.4647058823529412,0.9560000000000001,0.2878674984439419,0.10735416666666672,0.8475534441805267,0.003424657534246575,0.6076250477281441
5,0.1,851,0.4964705882352941,0.9933333333333333,0.2718698379453293,0.18797713280562897,0.8214678899082583,0.008225616921269096,0.4418917851500803
5,0.1,826,0.4764705882352941,0.9746666666666666,0.2981454876504823,0.14969362745098067,0.8382903225806497,0.006053268765133172,0.5129476248477494
5,0.1,862,0.5047058823529412,0.9813333333333333,0.30276114655734876,0.14298377028714107,0.8318980169971709,0.004640371229698376,0.5420629370629378
5,0.1,859,0.45647058823529413,0.9819999999999997,0.28971851902980295,0.14653710247349827,0.8090397350993404,0.005820721769499418,0.5125487900078076
5,0.1,854,0.49411764705882355,0.92,0.22922791226270073,0.1294771241830067,0.8054089709762572,0.00234192037470726,0.6061424100156505
5,0.1,822,0.4752941176470588,0.9753333333333333,0.29381907595005563,0.13336349924585186,0.8363714285714311,0.004866180048661801,0.5506682966585187
5,0.1,849,0.4788235294117647,0.9706666666666668,0.29676945091259127,0.1394768310911807,0.8345792079207971,0.004711425206124852,0.5750059171597658
5,0.1,852,0.4894117647058824,0.9519999999999998,0.2960709787145124,0.13867521367521354,0.8402762430939269,0.004694835680751174,0.5517688679245315
5,0.1,864,0.47058823529411764,0.9593333333333336,0.2609961757461971,0.19032258064516133,0.8271777003484349,0.004629629629629629,0.5245930232558169
5,0.2,836,0.4647058823529412,0.9480000000000001,0.26201441059171104,0.12984761904761902,0.8075159235668828,0.0035885167464114833,0.5543257302921192
5,0.2,853,0.4823529411764706,0.9473333333333337,0.26459271285216,0.1796315789473683,0.8338439306358406,0.0035169988276670576,0.5771254901960794
5,0.2,866,0.5188235294117647,0.9693333333333336,0.3083777491096121,0.1583134130146084,0.8718333333333358,0.004618937644341801,0.5566202629543708
5,0.1,868,0.4752941176470588,0.9746666666666663,0.30635596985683455,0.13054666666666645,0.8876363636363653,0.00576036866359447,0.531185786017768
5,0.2,825,0.4823529411764706,0.9506666666666667,0.2660075039351998,0.13797619047619042,0.81839285714286,0.0036363636363636364,0.5752230332522335
5,0.2,835,0.4988235294117647,0.9513333333333336,0.3044436753050455,0.150239316239316,0.8828342245989323,0.003592814371257485,0.5921794871794884
5,0.2,854,0.4717647058823529,0.9593333333333331,0.26223037580472663,0.15453576864535748,0.7947058823529456,0.00468384074941452,0.5474745098039238
5,0.2,845,0.46941176470588236,0.9560000000000002,0.2826221509387504,0.12968342644320294,0.8539751552795063,0.0035502958579881655,0.5730285035629462
5,0.2,821,0.4647058823529412,0.9533333333333331,0.2784326441028451,0.1860972222222225,0.8202432432432466,0.0048721071863581,0.5546797225622202
5,0.2,859,0.4823529411764706,0.948,0.24535304636590047,0.1438528138528138,0.8264044943820255,0.002328288707799767,0.5696771684169611
5,0.2,862,0.49176470588235294,0.9560000000000002,0.2594742170273493,0.11467411545623835,0.8324537037037046,0.0034802784222737818,0.5264998059759419
5,0.2,862,0.4964705882352941,0.9666666666666669,0.27475412368623997,0.1699731182795698,0.8402500000000028,0.004640371229698376,0.5172416472416493
5,0.2,866,0.4717647058823529,0.9626666666666669,0.2938428881035414,0.1224696969696967,0.8328115942029015,0.004618937644341801,0.5425792730085092
5,0.2,865,0.46941176470588236,0.9486666666666668,0.2408797016442787,0.1662980769230767,0.8056410256410272,0.003468208092485549,0.5226875483372012
5,0.2,870,0.48823529411764705,0.9660000000000001,0.28593369515249056,0.16654471544715452,0.8391569767441889,0.004597701149425287,0.547598152424944
5,0.2,863,0.4682352941176471,0.9440000000000004,0.2674961997266372,0.12040322580645176,0.8543007915567289,0.002317497103128621,0.6065776229190865
5,0.2,879,0.4435294117647059,0.9700000000000002,0.29974117947843076,0.12611872146118724,0.8272549019607871,0.005688282138794084,0.5091189931350111
5,0.2,846,0.4776470588235294,0.9246666666666666,0.2434315116682623,0.16644808743169387,0.8322784810126631,0.002364066193853428,0.6151698262243319
5,0.2,852,0.4976470588235294,0.9353333333333335,0.22755062944257926,0.14319148936170206,0.8074615384615407,0.002347417840375587,0.5474549019607869
5,0.2,844,0.4835294117647059,0.928666666666667,0.2766719036344762,0.13296747967479675,0.8317929292929327,0.0035545023696682463,0.5974197384066606
5,0.2,877,0.47294117647058825,0.9546666666666664,0.27314036839943623,0.1511642743221688,0.8176056338028214,0.004561003420752566,0.5619854906452874
5,0.2,871,0.4835294117647059,0.9446666666666668,0.2783560785975144,0.10507829977628654,0.856541554959789,0.003444316877152698,0.5948310291858688
5,0.2,872,0.45647058823529413,0.9820000000000003,0.302292033307449,0.14972019464720202,0.8703873239436648,0.005733944954128441,0.5159515570934259
5,0.2,855,0.5011764705882353,0.9513333333333336,0.2814975478883258,0.11894444444444438,0.8376986301369884,0.0035087719298245615,0.5758607198748055
5,0.2,850,0.4623529411764706,0.9426666666666667,0.2624182700270857,0.14319047619047615,0.8432668329177103,0.002352941176470588,0.6106367924528326
5,0.2,871,0.4988235294117647,0.976666666666667,0.2602959095286968,0.13091397849462363,0.8378518518518554,0.003444316877152698,0.5429339477726584
5,0.2,858,0.46941176470588236,0.9573333333333337,0.3061330859476394,0.13960113960113912,0.8863843648208473,0.004662004662004662,0.5406362217017951
5,0.2,830,0.4835294117647059,0.9566666666666664,0.28838988115945413,0.13494522691705774,0.843379310344829,0.004819277108433735,0.5411380145278459
5,0.2,852,0.4976470588235294,0.9399999999999998,0.24320248844446712,0.1666491228070174,0.8164031620553388,0.0035211267605633804,0.537455830388694
5,0.2,876,0.43411764705882355,0.9686666666666666,0.2894707332259005,0.14029761904761906,0.8531736526946141,0.0045662100456621,0.5512958715596359
5,0.2,870,0.48,0.9506666666666667,0.2592801546683567,0.1142209072978303,0.8369285714285749,0.0034482758620689655,0.5508919646289909
5,0.2,838,0.5129411764705882,0.9686666666666663,0.29537344230377843,0.13247267759562817,0.8407868852459048,0.00477326968973747,0.522122302158274
5,0.2,877,0.44823529411764707,0.9426666666666667,0.22479671181589472,0.16816091954022974,0.8186008230452697,0.002280501710376283,0.5575961904761927
5,0.2,875,0.47411764705882353,0.9226666666666669,0.2594498884501421,0.13702898550724638,0.8409852216748799,0.002285714285714286,0.6058762886597959
5,0.2,871,0.47294117647058825,0.9513333333333336,0.28214255631989715,0.13354545454545427,0.8116022099447547,0.004592422502870264,0.5536793540945801
5,0.2,848,0.48,0.9353333333333336,0.26611272441549927,0.13284153005464464,0.853187250996018,0.003537735849056604,0.5458974358974362
5,0.2,856,0.5011764705882353,0.9780000000000003,0.26458199702432034,0.1316596931659689,0.819033816425122,0.004672897196261682,0.4937245696400632
5,0.2,862,0.4588235294117647,0.9520000000000003,0.2899836428889264,0.18287949921752736,0.8520657276995334,0.0034802784222737818,0.594652696934423
5,0.2,879,0.4647058823529412,0.9373333333333332,0.24616636024296948,0.1477777777777775,0.8186419753086437,0.0034129692832764505,0.5221727549467288
5,0.2,864,0.47058823529411764,0.9499999999999998,0.2667492537708449,0.1562275449101795,0.8360752688172073,0.003472222222222222,0.5919783197831991
5,0.2,855,0.47058823529411764,0.9460000000000001,0.28203944526050523,0.13407017543859628,0.845290519877679,0.0035087719298245615,0.5552230046948369
5,0.2,838,0.46941176470588236,0.9626666666666667,0.2880695321424299,0.17911479944674974,0.8328686327077799,0.00477326968973747,0.5603717026378916
5,0.2,854,0.48823529411764705,0.9546666666666668,0.2832925196778298,0.11123076923076915,0.8418412698412722,0.00351288056206089,0.5522013317665503
5,0.2,839,0.5129411764705882,0.9399999999999998,0.28727724947212807,0.16164483260553109,0.8427714285714311,0.004767580452920143,0.5548103792415178
5,0.2,858,0.4811764705882353,0.9593333333333334,0.28657732854913737,0.15968503937007889,0.8546691176470622,0.004662004662004662,0.523149882903981
5,0.2,857,0.48823529411764705,0.9880000000000003,0.3122542169432472,0.11104336043360406,0.8613650793650828,0.004667444574095682,0.5323563892145375
5,0.2,850,0.48823529411764705,0.9533333333333334,0.28030093375266696,0.12695970695970696,0.8389520958083857,0.0035294117647058825,0.5689964580873689
5,0.2,854,0.49176470588235294,0.9733333333333334,0.3105910231839551,0.1298820058997049,0.8438256658595682,0.00468384074941452,0.5685490196078454
5,0.2,886,0.4717647058823529,0.9586666666666666,0.2919474601072411,0.17235836627140988,0.8548387096774218,0.004514672686230248,0.5445427059712796
5,0.2,848,0.49058823529411766,1.0033333333333334,0.31828137261189204,0.13482067510548537,0.829300911854107,0.007075471698113208,0.5051623119556629
5,0.2,869,0.49176470588235294,0.9733333333333334,0.269371671935778,0.15839941262848753,0.853218884120172,0.004602991944764097,0.521537572254337
5,0.3,839,0.48470588235294115,0.9473333333333332,0.2822015981176477,0.1476190476190474,0.8332537960954473,0.003575685339690107,0.6128349282296675
5,0.3,878,0.4717647058823529,0.9586666666666668,0.2749284538930592,0.18202898550724633,0.8179369627507204,0.0056947608200455585,0.5283619702176429
5,0.3,883,0.4647058823529412,0.9653333333333336,0.3110292136269491,0.12445751633986904,0.8515116279069809,0.0056625141562853904,0.5345406226271838
5,0.3,898,0.47411764705882353,0.9466666666666667,0.27349891414126265,0.154060283687943,0.8416962025316497,0.0033407572383073497,0.5952364990689049
5,0.3,872,0.4835294117647059,0.9459999999999996,0.2898086749406056,0.12583732057416264,0.8495072463768146,0.0045871559633027525,0.558348694316438
5,0.3,885,0.4647058823529412,1.0006666666666666,0.27878049664544563,0.18561497326203225,0.8092391304347851,0.007909604519774011,0.4629840546697047
5,0.3,847,0.47294117647058825,0.9546666666666671,0.2758417780494365,0.14123511904761885,0.8328625954198484,0.004722550177095631,0.527255832344802
5,0.3,858,0.4776470588235294,0.9773333333333333,0.28417793019230186,0.17297128589263427,0.8346226415094372,0.005827505827505828,0.5275498241500599
5,0.3,877,0.46352941176470586,0.9606666666666668,0.2933762461620564,0.114700460829493,0.8530031948881819,0.004561003420752566,0.5478503245513578
5,0.3,875,0.4976470588235294,0.96,0.2781794227024375,0.14491582491582455,0.8456211180124252,0.0034285714285714284,0.5615787461773717
5,0.3,831,0.4976470588235294,0.9806666666666666,0.2863063321197071,0.1711374876360041,0.8235249042145616,0.007220216606498195,0.46811717171717265
5,0.3,863,0.4588235294117647,0.9660000000000001,0.27637707680250384,0.18633213859020342,0.8182972136222946,0.005793742757821553,0.5309440559440586
5,0.3,850,0.49176470588235294,0.9639999999999997,0.27434067679423807,0.14368589743589727,0.8406185567010344,0.004705882352941176,0.5387470449172594
5,0.3,881,0.49176470588235294,0.98,0.3035286248323685,0.11955151515151488,0.8308888888888928,0.0056753688989784334,0.5113698630136996
5,0.3,865,0.4752941176470588,0.9660000000000004,0.2938631891974221,0.16807328605200966,0.8546875000000025,0.005780346820809248,0.5237364341085262
5,0.3,873,0.46352941176470586,0.9753333333333338,0.27816939581834654,0.1452492211838003,0.8273391812865518,0.004581901489117984,0.546651323360187
5,0.3,847,0.4858823529411765,0.9646666666666668,0.29596970799055455,0.12060465116279045,0.8478778135048243,0.004722550177095631,0.5425345986555956
5,0.3,904,0.4576470588235294,0.9693333333333334,0.29009937128978636,0.13978090766823145,0.8651651651651685,0.00331858407079646,0.5725823159452482
5,0.3,865,0.4811764705882353,0.9419999999999998,0.2567111820262364,0.15741347905282296,0.8447126436781636,0.003468208092485549,0.545502706883218
5,0.3,850,0.4505882352941176,0.9386666666666663,0.25703602577249757,0.10092457420924585,0.8387500000000013,0.002352941176470588,0.5673820754716999
5,0.3,871,0.44588235294117645,0.948,0.2757439853018592,0.12258741258741251,0.838744588744591,0.002296211251435132,0.6204027617951685
5,0.3,860,0.47411764705882353,0.9786666666666666,0.26865629519628736,0.11560386473429941,0.8072490706319733,0.004651162790697674,0.5233138629283496
5,0.3,864,0.4894117647058824,0.984,0.28555751328192164,0.16339793281653756,0.8269501466275697,0.005787037037037037,0.5404152114862251
5,0.3,851,0.46705882352941175,0.9473333333333331,0.26579892386444687,0.1836893203883496,0.8636226415094352,0.0035252643948296123,0.5386871069182421
5,0.3,876,0.4411764705882353,0.9513333333333333,0.2936149872047499,0.11826007326007316,0.845145631067964,0.003424657534246575,0.5886941580756031
5,0.3,879,0.47294117647058825,0.9586666666666663,0.29172955579564314,0.10567829457364349,0.8782195845697339,0.0034129692832764505,0.5751940639269404
5,0.3,833,0.49411764705882355,0.9559999999999998,0.29055530036974725,0.14722495894909662,0.8354020100502544,0.004801920768307323,0.5809408926417385
5,0.3,861,0.49176470588235294,0.9966666666666667,0.2951718511246155,0.16132240437158515,0.8577470355731254,0.005807200929152149,0.49736760124610674
5,0.3,864,0.4752941176470588,0.9633333333333334,0.2863985024840566,0.14696969696969672,0.8427761194029877,0.004629629629629629,0.5360271317829476
5,0.3,864,0.4858823529411765,0.9720000000000001,0.294892302251351,0.15048309178743935,0.8543187660668401,0.003472222222222222,0.5866124661246611
5,0.3,856,0.44941176470588234,0.9413333333333335,0.27354408385246876,0.11466244725738402,0.8286096256684523,0.0035046728971962616,0.5831613911684259
5,0.3,835,0.4929411764705882,0.9733333333333334,0.3117084027886841,0.15844352617079888,0.8765616045845299,0.004790419161676647,0.5566787003610131
5,0.3,868,0.47294117647058825,0.9419999999999998,0.28523498699424804,0.1649756097560976,0.8463451776649801,0.0034562211981566822,0.5837148362235102
5,0.3,867,0.4988235294117647,0.9793333333333334,0.2764299946531118,0.17472114137483805,0.8410247349823328,0.00461361014994233,0.5169756662804184
5,0.3,860,0.4976470588235294,0.9886666666666671,0.30734527331522704,0.12514563106796117,0.8056432748538046,0.0069767441860465115,0.4959914129586269
5,0.3,882,0.46941176470588236,0.9573333333333333,0.27716071929436853,0.13307443365695765,0.8458219178082211,0.003401360544217687,0.540140310959425
5,0.3,873,0.4505882352941176,0.9820000000000003,0.30332568433071544,0.17964660936007687,0.8318694362017844,0.006872852233676976,0.5022260668973476
5,0.3,849,0.48470588235294115,0.9540000000000003,0.25488726435120307,0.16194260485651202,0.863506944444446,0.0035335689045936395,0.5619424743892847
5,0.3,863,0.48,0.9706666666666667,0.30028438468203184,0.1586005089058525,0.8331806615776111,0.004634994206257242,0.5593403181994571
5,0.3,861,0.4858823529411765,0.9853333333333332,0.2842528938787173,0.17344936708860748,0.8500450450450459,0.006968641114982578,0.48955165692007885
5,0.3,851,0.48823529411764705,0.9699999999999999,0.2872273080539988,0.14724867724867718,0.8268308351177768,0.0035252643948296123,0.6099646226415123
5,0.3,865,0.4764705882352941,0.9393333333333338,0.24301058615850968,0.09987421383647814,0.8156744186046518,0.003468208092485549,0.5295011600928086
5,0.3,833,0.49529411764705883,0.9520000000000001,0.27250845118841954,0.12840501792114678,0.8325263157894763,0.003601440576230492,0.5490562248995989
5,0.3,898,0.4776470588235294,0.9639999999999997,0.26638247387326663,0.16446402349486058,0.842172284644197,0.004454342984409799,0.5387882177479502
5,0.3,866,0.4835294117647059,0.9833333333333333,0.29711818233189424,0.16224080267558533,0.8254984894259851,0.005773672055427252,0.521637630662022
5,0.3,865,0.4764705882352941,0.9646666666666666,0.23708419219441318,0.17400000000000007,0.7945909090909106,0.004624277456647399,0.5133565621370523
5,0.3,870,0.4894117647058824,0.9760000000000001,0.2831508869334344,0.12187265917602984,0.8345852534562261,0.0034482758620689655,0.6026797385620943
5,0.3,853,0.4717647058823529,0.9506666666666668,0.27651790752663213,0.16602209944751364,0.8580626780626802,0.0035169988276670576,0.5925019607843127
5,0.3,849,0.4776470588235294,0.9606666666666664,0.28725223751402845,0.13483870967741912,0.8473351648351662,0.0035335689045936395,0.580535855003942
5,0.3,884,0.45647058823529413,0.9593333333333334,0.28901502755625463,0.17745179063360897,0.8477435897435927,0.004524886877828055,0.568731060606063
5,0.4,863,0.4682352941176471,0.9553333333333333,0.28860062410652204,0.1785248226950355,0.828565121412808,0.004634994206257242,0.5940201785021356
5,0.4,885,0.4717647058823529,0.9386666666666668,0.2562303187789129,0.13747346072186817,0.8196721311475441,0.003389830508474576,0.590052910052913
5,0.4,866,0.45647058823529413,0.9426666666666669,0.2609072722115795,0.13645161290322563,0.8555102040816344,0.003464203233256351,0.5317844727694095
5,0.4,858,0.4894117647058824,0.9460000000000004,0.2603086421497816,0.15671081677704188,0.8403473945409462,0.0034965034965034965,0.6058596491228082
5,0.4,858,0.4858823529411765,0.9786666666666671,0.2838122828687305,0.19053797468354478,0.820691823899375,0.005827505827505828,0.5100351699882791
5,0.4,900,0.4717647058823529,0.9873333333333333,0.267474757597978,0.13928571428571457,0.8340372670807443,0.006666666666666667,0.4457643549589858
5,0.4,860,0.46352941176470586,0.965333333333333,0.2831943538723235,0.15717320261437887,0.8545345345345365,0.0034883720930232558,0.5716919486581106
5,0.4,863,0.47294117647058825,0.9253333333333335,0.25338143301273386,0.11270833333333329,0.8413215859030866,0.0011587485515643105,0.6457076566125313
5,0.4,872,0.45176470588235296,0.9533333333333331,0.2866546244216468,0.15246598639455766,0.8343963553530793,0.0034403669724770644,0.5957882623705434
5,0.4,863,0.4764705882352941,0.9686666666666666,0.2957511549662256,0.13394822006472465,0.8521727019498626,0.004634994206257242,0.5608769887466056
5,0.4,835,0.47294117647058825,0.9413333333333332,0.2759739017960863,0.15509803921568624,0.8430882352941196,0.004790419161676647,0.5354111512234269
5,0.4,868,0.47411764705882353,0.9740000000000002,0.27916886602766156,0.14696,0.8357528957528984,0.004608294930875576,0.5169598765432115
5,0.4,861,0.46,0.9793333333333334,0.30249262485079187,0.10952201257861618,0.8703734439834024,0.005807200929152149,0.49478971962616985
5,0.4,828,0.49176470588235294,0.9479999999999997,0.2766513175262334,0.15397236614853183,0.8555326460481117,0.0036231884057971015,0.5507232323232336
5,0.4,885,0.4647058823529412,0.9446666666666665,0.2756455123704833,0.14715025906735715,0.8368698060941858,0.003389830508474576,0.5820672713529887
5,0.4,856,0.4964705882352941,0.9553333333333334,0.2841794667028517,0.14424242424242412,0.8260000000000038,0.0035046728971962616,0.5755373192653402
5,0.4,880,0.4776470588235294,0.9953333333333332,0.2960142474796813,0.1585585585585589,0.8346520146520165,0.006818181818181818,0.4833790999237234
5,0.4,830,0.5164705882352941,0.9819999999999999,0.2779729840087747,0.17525114155251117,0.8314534883720966,0.004819277108433735,0.5546569814366438
5,0.4,844,0.5129411764705882,0.9713333333333335,0.2775897637640926,0.13008051529790637,0.8591699604743106,0.004739336492890996,0.5210198412698426
5,0.4,867,0.4541176470588235,0.9359999999999998,0.2690127203258205,0.16835616438356177,0.8137321937321981,0.00461361014994233,0.5537968327539615
5,0.4,849,0.4823529411764706,0.9933333333333332,0.2719946897317865,0.172932862190813,0.8332456140350898,0.005889281507656066,0.49483412322275083
5,0.4,851,0.5188235294117647,0.9453333333333334,0.27956696791954727,0.12094069529652354,0.833309178743965,0.0035252643948296123,0.6004481132075492
5,0.4,869,0.47294117647058825,0.9393333333333334,0.28600712353519087,0.1243636363636363,0.8633673469387783,0.0034522439585730723,0.6069245573518117
5,0.4,873,0.4423529411764706,0.9853333333333332,0.2828619575523255,0.15068801897983403,0.8360833333333347,0.0057273768613974796,0.5018778801843335
5,0.4,865,0.4776470588235294,1.0033333333333334,0.2918988505889264,0.13966442953020156,0.8175185185185212,0.006936416184971098,0.49047729918509864
5,0.4,858,0.4776470588235294,0.9466666666666669,0.2768749672548185,0.11920255183413064,0.8115032679738576,0.004662004662004662,0.5395003903200647
5,0.4,880,0.4752941176470588,0.9580000000000001,0.2823264803021364,0.1323809523809522,0.8435593220339038,0.003409090909090909,0.6001254275940745
5,0.4,852,0.49411764705882355,0.9913333333333333,0.28615931806960426,0.17405539070227544,0.8241666666666696,0.007042253521126761,0.4801930654058322
5,0.4,836,0.5105882352941177,0.9553333333333334,0.2744443461426234,0.1403086419753086,0.8403768844221153,0.0035885167464114833,0.6073589435774344
5,0.4,823,0.46941176470588236,0.9613333333333335,0.2926879981700992,0.16775462962963,0.8385714285714324,0.006075334143377886,0.5040383048084774
5,0.4,898,0.4717647058823529,0.96,0.29982221286718513,0.15982513661202205,0.86964285714286,0.005567928730512249,0.5042739828294156
5,0.4,900,0.4647058823529412,0.9373333333333332,0.2719366602717096,0.10666666666666687,0.8418905472636855,0.0022222222222222222,0.6000259836674118
5,0.4,847,0.4776470588235294,0.9419999999999995,0.2749212207356948,0.1576648841354722,0.8312980769230813,0.0035419126328217238,0.5993009478673005
5,0.4,870,0.48705882352941177,0.9726666666666666,0.2561290745270559,0.1760894660894661,0.8282083333333338,0.004597701149425287,0.5233949191685922
5,0.4,879,0.46941176470588236,0.9779999999999999,0.2995037169153468,0.152962962962963,0.8547491638796009,0.005688282138794084,0.5189397406559891
5,0.4,877,0.4823529411764706,0.9353333333333336,0.2722311777312219,0.11765591397849468,0.8344240837696373,0.0034207525655644243,0.5896109839816959
5,0.4,861,0.47411764705882353,0.95,0.29063800418348285,0.12630208333333323,0.8598876404494411,0.003484320557491289,0.5692346542346557
5,0.4,856,0.5094117647058823,0.9726666666666669,0.2793215683166833,0.1472173913043476,0.8348581560283713,0.004672897196261682,0.5360211267605645
5,0.4,863,0.4811764705882353,0.9540000000000002,0.2856721274043644,0.16835263835263836,0.834451219512199,0.004634994206257242,0.535766395032984
5,0.4,869,0.4835294117647059,0.9546666666666668,0.2596847646780197,0.10870588235294115,0.8180377358490588,0.0034522439585730723,0.5444919168591239
5,0.4,873,0.47411764705882353,0.9900000000000002,0.2666159112389343,0.17150743099787705,0.8470718232044196,0.0057273768613974796,0.46155145929339536
5,0.4,837,0.46705882352941175,0.9779999999999998,0.27631698174842073,0.14216312056737598,0.8011194029850782,0.005973715651135006,0.4866225961538478
5,0.4,886,0.45294117647058824,0.9673333333333332,0.2784215481177784,0.15680241327300143,0.8303966005665764,0.004514672686230248,0.5640476190476197
5,0.4,849,0.4811764705882353,0.9426666666666667,0.23769370016860394,0.11085714285714292,0.8327464788732414,0.002355712603062426,0.5743565525383733
5,0.4,868,0.43411764705882355,0.9513333333333333,0.2801338082270342,0.14456060606060578,0.8538831615120303,0.004608294930875576,0.5385763888888914
5,0.4,842,0.46705882352941175,0.9420000000000003,0.2521079978394569,0.1145920745920747,0.8276158940397387,0.0023752969121140144,0.5694484126984142
5,0.4,875,0.49176470588235294,0.971333333333333,0.28587465977254783,0.12654008438818537,0.8797835497835513,0.004571428571428572,0.5065212399540773
5,0.4,878,0.49176470588235294,0.9553333333333334,0.2513367238650415,0.13917184265010335,0.8190909090909125,0.003416856492027335,0.5636914285714302
5,0.4,874,0.47058823529411764,0.9700000000000002,0.28703592243401826,0.13498622589531667,0.8147813411078753,0.004576659038901602,0.5310766283524909
5,0.5,833,0.5176470588235295,0.9613333333333336,0.30304885763249234,0.15780026990553306,0.8663461538461553,0.004801920768307323,0.5416485725774037
5,0.4,873,0.48705882352941177,0.9420000000000001,0.2500745870302963,0.1316335540838852,0.807450980392161,0.003436426116838488,0.5768199233716499
5,0.5,864,0.45294117647058824,0.9606666666666668,0.2611700798780259,0.17892285298398833,0.8442168674698818,0.004629629629629629,0.5236240310077536
5,0.5,866,0.48705882352941177,0.970666666666667,0.2636455675239413,0.1433333333333331,0.8337448559670799,0.003464203233256351,0.5380880648899214
5,0.5,844,0.4764705882352941,0.926,0.2641614454878372,0.1100508905852418,0.8379888268156443,0.002369668246445498,0.5940102929532871
5,0.5,872,0.4835294117647059,0.9433333333333334,0.2448330395893015,0.18571171171171152,0.822013422818794,0.0034403669724770644,0.562685078634448
5,0.5,864,0.4823529411764706,0.958,0.21703874195581377,0.15602739726027376,0.8029292929292936,0.0023148148148148147,0.5381786542923455
5,0.5,825,0.5105882352941177,0.9646666666666668,0.29045613906610884,0.1606979542719618,0.8240895522388093,0.006060606060606061,0.5155447154471564
5,0.5,878,0.4623529411764706,0.9619999999999997,0.31157601064156326,0.14579529737206073,0.8730503978779867,0.004555808656036446,0.5699885583524028
5,0.5,848,0.48705882352941177,0.9526666666666666,0.280328725784588,0.10676190476190492,0.8614814814814852,0.0023584905660377358,0.6003033884948815
5,0.5,838,0.4611764705882353,0.9546666666666666,0.2653864430381506,0.15210428305400361,0.8302380952380984,0.003579952267303103,0.5622275449101817
5,0.5,853,0.4776470588235294,0.9473333333333332,0.25603334941384837,0.08611111111111124,0.8373180076628369,0.0023446658851113715,0.5531139835487667
5,0.5,846,0.4823529411764706,0.9460000000000001,0.29139406413937335,0.11859477124182997,0.8395689655172454,0.0035460992907801418,0.5645551601423506
5,0.5,876,0.46352941176470586,0.9400000000000004,0.2509222858756762,0.13574561403508756,0.8284293193717276,0.0045662100456621,0.48820336391437325
5,0.5,905,0.4835294117647059,0.9606666666666668,0.27197277816665444,0.14155844155844147,0.8051393188854519,0.004419889502762431,0.5396411394746602
5,0.5,877,0.4788235294117647,0.960666666666667,0.2885836037986204,0.14560897435897419,0.8485558583106307,0.0034207525655644243,0.5723607932875684
5,0.5,867,0.4717647058823529,0.9420000000000001,0.25961992666250217,0.16973270440251556,0.8534136546184753,0.00461361014994233,0.5264851293935905
5,0.5,866,0.45647058823529413,0.9560000000000001,0.26625999786387217,0.1842093287827077,0.8333474576271201,0.005773672055427252,0.48593495934959435
5,0.5,825,0.4929411764705882,0.9593333333333336,0.24443660156975713,0.15385844748858435,0.8222077922077958,0.0024242424242424242,0.5734669906844888
5,0.5,858,0.4576470588235294,0.9620000000000003,0.28079632232866647,0.15586206896551705,0.8316000000000031,0.0034965034965034965,0.5916842105263173
5,0.5,854,0.4611764705882353,0.9540000000000002,0.25871890152763993,0.18949891067538097,0.8436750000000035,0.00234192037470726,0.6094600938967162
5,0.5,818,0.4988235294117647,0.9513333333333333,0.29032956420506245,0.12046511627906965,0.845564738292012,0.003667481662591687,0.5891451942740293
5,0.5,828,0.4329411764705882,0.9546666666666664,0.26187611324662113,0.1435125448028672,0.813648648648651,0.0036231884057971015,0.551426262626264
5,0.5,859,0.4776470588235294,0.9593333333333334,0.266039514113905,0.16940418679549116,0.8346644295302029,0.0034924330616996507,0.5450311526479772
5,0.5,856,0.5,0.9493333333333336,0.2675296780740218,0.16210451977401127,0.8308333333333366,0.004672897196261682,0.5155555555555571
5,0.5,881,0.4717647058823529,0.9713333333333335,0.28758503380853023,0.1567984189723321,0.8319714285714325,0.0056753688989784334,0.5441400304414031
5,0.5,875,0.4752941176470588,0.9820000000000001,0.29580637277096056,0.19054222222222233,0.8599615384615407,0.008,0.47464285714285886
5,0.5,840,0.47411764705882353,0.9819999999999999,0.2836729208061996,0.14099715099715063,0.8370695970695989,0.004761904761904762,0.5283373205741645
5,0.5,880,0.4776470588235294,0.9459999999999998,0.27777675036993893,0.16011627906976747,0.8482471910112366,0.003409090909090909,0.6203116685670862
5,0.5,907,0.46705882352941175,0.9613333333333333,0.2830363838359844,0.11861878453038653,0.8477994428969394,0.0033076074972436605,0.5757780235988234
5,0.5,885,0.45176470588235296,0.9593333333333334,0.2695271174299903,0.1457645259938835,0.8497445255474473,0.004519774011299435,0.5314793794930012
5,0.5,849,0.4764705882352941,0.9493333333333334,0.27670530604343163,0.16557471264367812,0.8543165467625894,0.004711425206124852,0.5285917159763316
5,0.5,836,0.48705882352941177,0.9853333333333331,0.2874743431638196,0.1717897091722597,0.8572573839662468,0.005980861244019139,0.4889651022864034
5,0.5,895,0.48705882352941177,0.9386666666666665,0.2534386042368282,0.13460317460317445,0.8403214285714313,0.0033519553072625698,0.5519618834080735
5,0.5,868,0.4823529411764706,0.9459999999999998,0.2659784824133794,0.13888386123680205,0.8123357664233591,0.004608294930875576,0.5149151234567918
5,0.5,857,0.4823529411764706,0.9926666666666669,0.2910666600511333,0.11819505094614247,0.8648262548262571,0.004667444574095682,0.5226143024618998
5,0.5,851,0.4776470588235294,0.9693333333333336,0.28163926393260974,0.12546666666666648,0.8302389078498311,0.004700352526439483,0.5237268791814261
5,0.5,865,0.4976470588235294,0.9846666666666668,0.28737066529123656,0.1624838709677424,0.8011676646706627,0.005780346820809248,0.5040465116279085
5,0.5,875,0.4776470588235294,0.9420000000000001,0.24543819855062407,0.1630821917808218,0.8324050632911421,0.002285714285714286,0.5703894616265764
5,0.5,897,0.45176470588235296,0.956666666666667,0.2679856178769743,0.13422718808193654,0.8384705882352971,0.0033444816053511705,0.5750447427293077
5,0.5,859,0.49058823529411766,0.9599999999999999,0.28329084887802275,0.13577777777777755,0.8399650349650366,0.004656577415599534,0.5359805068226134
5,0.5,855,0.5094117647058823,0.9446666666666664,0.24219383976251171,0.16126705653021417,0.8368669527897026,0.0035087719298245615,0.5358059467918643
5,0.5,867,0.46941176470588236,0.93,0.24362518809973482,0.15061728395061724,0.7992307692307732,0.0034602076124567475,0.5580941358024722
5,0.5,842,0.4623529411764706,0.9760000000000001,0.2679723491842015,0.1529941520467837,0.8331891891891896,0.0059382422802850355,0.46824771007566773
5,0.5,853,0.4682352941176471,0.98,0.29806087232276257,0.1307235142118862,0.8399025974025996,0.005861664712778429,0.5201690251572338
5,0.5,864,0.46,0.9453333333333336,0.25800888590083987,0.17574074074074061,0.8517957746478901,0.003472222222222222,0.5531939605110346
5,0.5,835,0.4576470588235294,0.9580000000000001,0.2839067327659186,0.158988326848249,0.8351102941176501,0.004790419161676647,0.5159045326915364
5,0.5,890,0.47058823529411764,0.9506666666666667,0.25419205522447297,0.12410385259631472,0.8252654867256659,0.0033707865168539327,0.5231980458474256
5,0.5,864,0.49176470588235294,0.9393333333333336,0.22958863091636358,0.1708172043010753,0.7914873417721544,0.003472222222222222,0.5650832365466533
5,0.5,849,0.47294117647058825,0.9726666666666671,0.29351742133403635,0.1499511599511602,0.816776119402988,0.005889281507656066,0.5187717219589266
10,0.1,851,0.46352941176470586,0.9780000000000001,0.31188340582704493,0.15774477447744797,0.8397383720930259,0.005875440658049354,0.530614657210403
10,0.1,873,0.4623529411764706,0.9433333333333334,0.2768301069944632,0.1426829268292683,0.8373866090712795,0.003436426116838488,0.6192183908045992
5,0.5,893,0.4588235294117647,0.9646666666666665,0.2935394613320597,0.16998687664042011,0.862514792899411,0.004479283314669653,0.5418972628421457
10,0.1,858,0.49058823529411766,0.9246666666666666,0.27335994083225124,0.13888888888888898,0.8381100478468904,0.0034965034965034965,0.6101130604288492
10,0.1,849,0.47058823529411764,0.9760000000000002,0.29203931849179254,0.1643472750316858,0.8569395017793623,0.005889281507656066,0.5266350710900488
10,0.1,860,0.49058823529411766,0.9566666666666664,0.2718540399912763,0.1306436781609195,0.8302118644067841,0.002325581395348837,0.6263714063714093
10,0.1,863,0.508235294117647,1.0019999999999998,0.2956763525329173,0.17830601092896195,0.8378277153558072,0.006952491309385863,0.47431349669389455
10,0.1,861,0.48,0.9546666666666666,0.2768044656856396,0.14126629422718784,0.8135245901639395,0.003484320557491289,0.6087101787101825
10,0.1,836,0.48705882352941177,0.9446666666666668,0.2670828508290213,0.14577494692144366,0.8459202453987752,0.0023923444976076554,0.58228617106315
10,0.1,875,0.45176470588235296,0.9740000000000002,0.2520438388476132,0.15861702127659577,0.839289940828403,0.005714285714285714,0.46256704980842944
10,0.1,825,0.46352941176470586,0.97,0.2844219922365921,0.11862015503875956,0.8451102941176499,0.0048484848484848485,0.5216362159967536
10,0.1,853,0.48823529411764705,0.9593333333333331,0.25884737468688196,0.1410449735449734,0.786412556053813,0.005861664712778429,0.4843907232704419
10,0.1,890,0.44823529411764707,0.9686666666666666,0.2895026295181217,0.1322924901185768,0.8339542483660163,0.0044943820224719105,0.5255906696764486
10,0.1,848,0.48823529411764705,0.9540000000000002,0.2683447539291757,0.129608938547486,0.8235975609756127,0.003537735849056604,0.5565917159763338
10,0.1,855,0.4858823529411765,0.9553333333333334,0.2813196078031575,0.14246065808297545,0.8255806451612935,0.004678362573099415,0.5236310223266762
10,0.1,850,0.49058823529411766,0.9606666666666662,0.2959737364526053,0.15987341772151878,0.8442191780821954,0.004705882352941176,0.5518676122931466
10,0.1,835,0.4835294117647059,0.9493333333333334,0.2660312288415871,0.15337448559670766,0.8608391608391625,0.0023952095808383233,0.5692917166866753
10,0.1,860,0.4788235294117647,0.9346666666666668,0.24176674637604784,0.09412979351032456,0.8089812332439716,0.002325581395348837,0.6101631701631719
10,0.1,852,0.49529411764705883,0.9706666666666668,0.29973514708570753,0.1696969696969698,0.8526616915422924,0.004694835680751174,0.5768474842767325
10,0.1,879,0.46,0.9453333333333332,0.2677706255230776,0.13990019960079822,0.8364225352112695,0.0034129692832764505,0.5690867579908692
10,0.1,905,0.44,0.9273333333333331,0.2700570491392225,0.15075664621676899,0.8696839080459798,0.0033149171270718232,0.5849593495934989
10,0.1,886,0.45294117647058824,0.9619999999999997,0.2872780998878115,0.13657004830917868,0.8305703422053257,0.0056433408577878106,0.4984260310253517
10,0.1,915,0.4682352941176471,0.9699999999999996,0.2919559757410857,0.1480156075808253,0.8596323529411797,0.006557377049180328,0.49905023835717033
10,0.1,898,0.47411764705882353,0.9286666666666665,0.2686653747208963,0.18573333333333322,0.8363213530655429,0.0033407572383073497,0.6169162011173209
10,0.1,907,0.46352941176470586,0.9753333333333334,0.2964413597865766,0.13120331950207442,0.8617152103559889,0.004410143329658214,0.5407936507936516
10,0.1,801,0.4623529411764706,0.9533333333333334,0.26222298811259076,0.1199784946236559,0.8169759450171845,0.003745318352059925,0.5536215538847147
10,0.1,844,0.4811764705882353,0.9833333333333333,0.3061718332913206,0.13821917808219142,0.8590263157894753,0.004739336492890996,0.5820753968253984
10,0.1,846,0.46705882352941175,0.9893333333333332,0.29126107854125655,0.14067375886524827,0.8470562770562791,0.00591016548463357,0.4950574712643684
10,0.1,854,0.4976470588235294,0.9700000000000002,0.281652234858253,0.16645550527903458,0.8561038961038985,0.00468384074941452,0.5551372549019606
10,0.1,862,0.5141176470588236,0.9753333333333336,0.26938869673473254,0.12396358543417348,0.8526666666666661,0.004640371229698376,0.4973310023310037
10,0.1,897,0.4611764705882353,0.9560000000000001,0.26142486129152437,0.17812415654520938,0.8193831168831197,0.004459308807134894,0.5280067189249746
10,0.1,869,0.4647058823529412,0.9613333333333335,0.29636553739634774,0.17375478927203075,0.8400258397932836,0.004602991944764097,0.5636184971098276
10,0.1,857,0.46941176470588236,0.9686666666666663,0.28881155449939827,0.1388095238095238,0.8571804511278202,0.005834305717619603,0.5045852895148686
10,0.1,861,0.4858823529411765,0.9486666666666668,0.2412856572129876,0.15602564102564093,0.836146341463416,0.003484320557491289,0.5294988344988365
10,0.1,847,0.5258823529411765,0.964,0.26432360286290807,0.16765119549929688,0.8251893939393967,0.004722550177095631,0.5162040332147119
10,0.1,855,0.4858823529411765,0.9473333333333332,0.2742439029695543,0.09777777777777785,0.8521052631578968,0.0023391812865497076,0.5850254005470898
10,0.1,853,0.5,0.9293333333333336,0.2260448503539903,0.21075630252100816,0.8260289855072506,0.0023446658851113715,0.5943360752056449
10,0.1,836,0.4823529411764706,0.9420000000000001,0.28054624186341076,0.1347708333333332,0.8667584097859337,0.0035885167464114833,0.5782553021208481
10,0.1,894,0.4611764705882353,0.9526666666666669,0.2800121187780549,0.12347294938917969,0.8381008902077178,0.003355704697986577,0.5622484100261895
10,0.1,857,0.48470588235294115,0.9626666666666666,0.28918546621099517,0.14614102564102582,0.8413422818791976,0.005834305717619603,0.5193583724569664
10,0.1,893,0.4470588235294118,0.9613333333333336,0.27254201437161546,0.1909978070175442,0.8202597402597427,0.005599104143337066,0.5064902402402427
10,0.1,859,0.4776470588235294,0.9453333333333334,0.2288066142110984,0.16752873563218387,0.7800377358490594,0.0034924330616996507,0.5415186915887886
10,0.1,856,0.4576470588235294,0.9586666666666669,0.2881699221979999,0.15294117647058836,0.8232176656151453,0.004672897196261682,0.5367527386541469
10,0.1,823,0.4835294117647059,0.938666666666667,0.2539443370445001,0.12159292035398245,0.8513109756097584,0.002430133657351154,0.5912464474218447
10,0.1,824,0.5117647058823529,0.9686666666666669,0.27171068211641336,0.1633807266982621,0.8488000000000031,0.0048543689320388345,0.5275325203252048
10,0.1,872,0.44588235294117645,0.9713333333333336,0.2847799371086172,0.15709366391184576,0.8724334600760457,0.0045871559633027525,0.5281643625192025
10,0.1,882,0.4388235294117647,0.9419999999999998,0.25509283217935425,0.18951417004048635,0.820477815699661,0.0045351473922902496,0.5187927107061513
10,0.1,824,0.4988235294117647,0.9659999999999999,0.29921608622260276,0.16419896640826906,0.8665964912280733,0.0048543689320388345,0.5256056910569123
10,0.1,827,0.48705882352941177,0.9619999999999997,0.30247993211845897,0.12996316758747686,0.8535426008968642,0.0036275695284159614,0.6148665048543702
10,0.1,852,0.45529411764705885,0.9639999999999997,0.276023696894654,0.14249572649572637,0.8459878419452923,0.0035211267605633804,0.5615233608166489
10,0.2,848,0.4776470588235294,0.9473333333333332,0.25121428526718875,0.19087719298245598,0.8439528023598838,0.0023584905660377358,0.585551615445235
10,0.1,840,0.5,0.9786666666666668,0.28678684615319,0.1355116959064326,0.8548888888888915,0.004761904761904762,0.5219457735247216
10,0.2,838,0.46,0.9626666666666667,0.2834161072979988,0.13381180223285472,0.8367092651757218,0.00477326968973747,0.5466666666666674
10,0.2,830,0.47411764705882353,0.9393333333333336,0.2466630720814624,0.1349743589743589,0.8440223463687154,0.0036144578313253013,0.49708182184603067
10,0.2,858,0.4811764705882353,0.9693333333333334,0.28119486590434734,0.13161006289308164,0.8035611510791391,0.005827505827505828,0.49715123094959185
10,0.2,847,0.4764705882352941,0.9660000000000001,0.24808246007756185,0.1780860215053767,0.8428873239436602,0.0059031877213695395,0.4429889152810776
10,0.2,848,0.4835294117647059,0.9653333333333333,0.29684730972148216,0.1602009456264777,0.8213544668587928,0.00589622641509434,0.5252313167259807
10,0.2,846,0.48705882352941177,0.9440000000000002,0.25659001511030005,0.1530799220272903,0.8378832116788334,0.0035460992907801418,0.5609964412811388
10,0.2,885,0.44941176470588234,0.974666666666667,0.2747026981644317,0.1552287581699349,0.8405797101449279,0.006779661016949152,0.47658323852863266
10,0.2,858,0.45294117647058824,0.9593333333333331,0.2852085334893361,0.12483870967741932,0.8309904153354671,0.004662004662004662,0.5397658079625308
10,0.2,808,0.4823529411764706,0.9473333333333332,0.26489516736476854,0.1318939393939395,0.862773972602742,0.0024752475247524753,0.5809346567411084
10,0.2,866,0.4647058823529412,0.9466666666666667,0.2605300770769303,0.17458762886597928,0.8246551724137969,0.003464203233256351,0.5701622247972211
10,0.2,883,0.45529411764705885,0.9646666666666668,0.31403548453182784,0.15114630467571635,0.8749886621315237,0.004530011325028313,0.6090860826697014
10,0.2,862,0.4717647058823529,0.9453333333333334,0.2768494738869631,0.13720268006700156,0.8258556149732668,0.004640371229698376,0.5699222999223025
10,0.2,847,0.4835294117647059,0.9373333333333331,0.2634044733488773,0.11608562691131502,0.8658333333333362,0.0023612750885478157,0.6189704142011854
10,0.2,848,0.5152941176470588,0.938,0.26044619456583457,0.1386384976525822,0.8412574850299429,0.0023584905660377358,0.5985933806146596
10,0.2,861,0.46588235294117647,0.9440000000000002,0.2862916828410807,0.14032567049808406,0.8516467780429645,0.003484320557491289,0.6087257187257223
10,0.2,853,0.4835294117647059,0.9739999999999998,0.2982903570129561,0.12875183553597624,0.8290163934426261,0.004689331770222743,0.5544994110718506
10,0.2,860,0.4623529411764706,0.9806666666666668,0.2906998467710604,0.11546666666666643,0.8250931677018654,0.004651162790697674,0.539614485981309
10,0.2,850,0.46705882352941175,0.9580000000000003,0.2733760151169867,0.1549262536873156,0.8276895306859224,0.004705882352941176,0.5325610717100082
10,0.2,869,0.4611764705882353,0.9259999999999998,0.23603545871909662,0.12871069182389935,0.8189812332439707,0.0023014959723820483,0.6007612456747412
10,0.2,852,0.46941176470588236,0.9573333333333331,0.2930370859468898,0.16636856368563688,0.8356756756756797,0.004694835680751174,0.5585613207547191
10,0.2,852,0.4752941176470588,0.9640000000000002,0.3066784204836379,0.14208633093525183,0.8674264705882366,0.005868544600938967,0.5133687524596622
10,0.2,865,0.4788235294117647,0.9693333333333332,0.2858846336096188,0.1555691056910569,0.8299384615384635,0.005780346820809248,0.5355891472868216
10,0.2,834,0.4752941176470588,0.9566666666666667,0.2613693644751557,0.11911564625850353,0.8150561797752836,0.002398081534772182,0.5925320512820538
10,0.2,894,0.5058823529411764,0.9553333333333334,0.2943195199294683,0.13347896440129428,0.8578920308483342,0.0044742729306487695,0.5821647940074944
10,0.2,871,0.4835294117647059,0.9380000000000002,0.3007641997693936,0.09680638722554914,0.8507592190889387,0.003444316877152698,0.614658218125961
10,0.2,888,0.46705882352941175,1.0059999999999998,0.27742272131084317,0.1671980676328506,0.8099497487437197,0.009009009009009009,0.4269659090909102
10,0.2,844,0.5164705882352941,0.9753333333333333,0.2674817456427761,0.15865513928914546,0.8028571428571435,0.0071090047393364926,0.43906921241050256
10,0.2,869,0.4929411764705882,0.9453333333333336,0.25419915736894044,0.148970588235294,0.8175547445255502,0.004602991944764097,0.5275491329479797
10,0.2,846,0.46705882352941175,0.9893333333333332,0.3059963124691032,0.15493333333333328,0.8731487889273377,0.00591016548463357,0.5166785572730882
10,0.2,820,0.4894117647058824,0.9339999999999999,0.23857858531861528,0.12747023809523816,0.8143604651162811,0.0024390243902439024,0.5960676446617775
10,0.2,805,0.48705882352941177,0.9613333333333333,0.26346140298365195,0.1485064935064933,0.8331419939577078,0.002484472049689441,0.584246575342467
10,0.2,855,0.48705882352941177,0.9746666666666663,0.2927122113946884,0.14390756302521,0.8522082018927484,0.004678362573099415,0.5394124559341958
10,0.2,915,0.4752941176470588,0.9393333333333334,0.26105171112758346,0.14765676567656763,0.8328990228013053,0.004371584699453552,0.5424698133918799
10,0.2,872,0.4717647058823529,0.9706666666666667,0.3012961061115437,0.15527104959630933,0.8262154696132628,0.005733944954128441,0.5214801999231083
10,0.2,887,0.4611764705882353,0.9713333333333336,0.29692267783501813,0.14462882096069843,0.8616326530612258,0.004509582863585118,0.5624084560211402
10,0.2,857,0.48470588235294115,0.9460000000000001,0.285576854886133,0.15651666666666644,0.8290617848970285,0.003500583430571762,0.5912373145979725
10,0.2,827,0.48,0.94,0.2825288969867451,0.10494824016563163,0.8262910798122104,0.0036275695284159614,0.6024514563106818
10,0.2,884,0.48823529411764705,0.9573333333333335,0.2677622635455172,0.18860028860028874,0.8361144578313273,0.004524886877828055,0.5496515151515153
10,0.2,869,0.508235294117647,0.9840000000000001,0.27885741100741873,0.18200000000000013,0.8308070175438624,0.006904487917146145,0.4956006179992291
10,0.2,876,0.4835294117647059,0.94,0.2575295477642213,0.13620758483033918,0.8063440860215091,0.003424657534246575,0.5781977854142819
10,0.2,856,0.4894117647058824,0.9853333333333338,0.2895203361121027,0.13090252707581218,0.8486266094420619,0.005841121495327103,0.4895417156286733
10,0.2,875,0.4823529411764706,0.984666666666667,0.31481998399008015,0.14591324200913242,0.8423611111111151,0.005714285714285714,0.5366819923371665
10,0.2,817,0.48705882352941177,0.9459999999999998,0.25815200173066305,0.11206812652068131,0.8258252427184481,0.0024479804161566705,0.5743885480572605
10,0.2,857,0.4858823529411765,0.9846666666666664,0.2831104643897651,0.14632226322263228,0.8137777777777806,0.005834305717619603,0.5127190923317699
10,0.2,862,0.4788235294117647,0.9653333333333334,0.26621695639578324,0.1614987080103362,0.8208097165991921,0.004640371229698376,0.5026728826728831
10,0.2,860,0.4776470588235294,0.9613333333333336,0.2833211890057321,0.13029535864978878,0.836118881118882,0.004651162790697674,0.5225233644859819
10,0.2,818,0.5094117647058823,0.9979999999999998,0.31280493397591624,0.1536808236808238,0.8523782234957047,0.006112469437652812,0.5432431324313254
10,0.2,855,0.5,0.9680000000000001,0.2975898735125501,0.1452750809061488,0.8384439359267758,0.004678362573099415,0.5965295730513134
10,0.3,850,0.4788235294117647,0.9620000000000001,0.2846333938121724,0.15423380726698244,0.8368347338935614,0.0035294117647058825,0.5644313262495103
10,0.3,864,0.4611764705882353,0.9613333333333336,0.2783160279892041,0.1530013831258646,0.8508455882352964,0.004629629629629629,0.5192209302325594
10,0.2,871,0.46588235294117647,0.9426666666666665,0.2717331299374677,0.14478260869565182,0.8600749063670421,0.004592422502870264,0.5328719723183396
10,0.3,881,0.46941176470588236,0.9706666666666667,0.3062666574539556,0.15691056910569148,0.8514186851211084,0.00681044267877412,0.49444190476190614
10,0.3,844,0.49529411764705883,0.9566666666666669,0.2822243663609136,0.14009049773755616,0.8173590504451074,0.004739336492890996,0.5535833333333343
10,0.3,844,0.4588235294117647,0.9486666666666668,0.2545175514253226,0.16438423645320177,0.829346938775512,0.0035545023696682463,0.5311533888228317
10,0.3,876,0.45176470588235296,0.9553333333333334,0.266808349640396,0.12420677361853819,0.8243205574912924,0.003424657534246575,0.5497441771668585
10,0.3,833,0.4505882352941176,0.9480000000000001,0.2817132422786573,0.14536379018612502,0.8375964391691435,0.003601440576230492,0.5686706827309256
10,0.3,865,0.46588235294117647,0.9720000000000001,0.30230241459737456,0.15262146892655393,0.8546735395189022,0.005780346820809248,0.5069534883720935
10,0.3,898,0.4647058823529412,0.9513333333333335,0.27998945612430876,0.12384353741496575,0.8328260869565239,0.004454342984409799,0.56674869500373
10,0.3,862,0.4752941176470588,0.9593333333333336,0.2897605497537843,0.11975574712643663,0.8381125827814594,0.004640371229698376,0.535112665112666
10,0.3,864,0.4588235294117647,0.9840000000000001,0.28062141823815173,0.14076576576576594,0.8175619834710763,0.005787037037037037,0.4815638339154076
10,0.3,864,0.4752941176470588,0.9746666666666668,0.2748899868808474,0.13694444444444442,0.8533939393939421,0.003472222222222222,0.5629345722028666
10,0.3,825,0.47058823529411764,0.9500000000000002,0.26201993431591136,0.1566003316749585,0.8107260726072633,0.0036363636363636364,0.5360300081103009
10,0.3,897,0.4976470588235294,0.9473333333333332,0.28152960187149617,0.1473604060913703,0.8556424581005599,0.0033444816053511705,0.5717337807606274
10,0.3,816,0.5105882352941177,0.9853333333333331,0.25331969031411994,0.14100282485875676,0.805409836065574,0.004901960784313725,0.47100985221675057
10,0.3,881,0.4588235294117647,0.9626666666666669,0.29760316478463633,0.16583001328021257,0.8498143236074304,0.004540295119182747,0.5571303686811113
10,0.3,879,0.46941176470588236,0.9426666666666667,0.26712566284656375,0.15345528455284538,0.8342926829268335,0.0022753128555176336,0.610178639300648
10,0.3,881,0.46588235294117647,0.9719999999999996,0.2417184165035621,0.17443971631205696,0.8208290155440421,0.004540295119182747,0.5015051311288495
10,0.3,859,0.49529411764705883,0.9813333333333333,0.27720247826251565,0.16170542635658952,0.8477884615384615,0.005820721769499418,0.4766744730679155
10,0.3,807,0.4929411764705882,0.9606666666666668,0.27240906613211646,0.0997916666666669,0.8393798449612418,0.0037174721189591076,0.5482255389718069
10,0.3,872,0.4682352941176471,0.9713333333333335,0.28147622959590635,0.14410256410256397,0.8127597402597424,0.005733944954128441,0.5099769319492522
10,0.3,860,0.4682352941176471,0.9386666666666668,0.256964071859408,0.12020833333333342,0.8207365439093509,0.002325581395348837,0.583986013986015
10,0.3,860,0.49176470588235294,0.9679999999999997,0.25746595428515967,0.1343869731800767,0.8414925373134343,0.0034883720930232558,0.5501244651886452
10,0.3,887,0.4470588235294118,0.9666666666666667,0.28701379647977876,0.13225352112676045,0.8223573200992589,0.004509582863585118,0.5638844847112138
10,0.3,903,0.47058823529411764,0.9206666666666666,0.23089878019241405,0.17113695090439254,0.8340460526315813,0.0022148394241417496,0.5892304846466899
10,0.3,825,0.5035294117647059,0.9766666666666667,0.28838443890638354,0.15906336088154283,0.8348064516129053,0.0048484848484848485,0.5347949654892424
10,0.3,867,0.4717647058823529,0.9506666666666664,0.24441217795644726,0.15442708333333338,0.8207371007371046,0.002306805074971165,0.614897880539502
10,0.3,878,0.45647058823529413,0.9533333333333334,0.2567939142692046,0.1501666666666666,0.7941449275362351,0.004555808656036446,0.5541266209000784
10,0.3,877,0.4788235294117647,0.9780000000000001,0.299101598173357,0.17492467043314544,0.8538951310861448,0.0068415051311288486,0.48364714887103083
10,0.3,836,0.4623529411764706,0.9653333333333333,0.25306149581406073,0.14886010362694302,0.8176987447698767,0.0035885167464114833,0.5264425770308137
10,0.3,801,0.49176470588235294,0.9633333333333334,0.25487305230090707,0.15267080745341613,0.8073731343283613,0.003745318352059925,0.5770133667502102
10,0.3,864,0.47058823529411764,0.9660000000000001,0.307159158633863,0.12747675962815358,0.8363938618925868,0.005787037037037037,0.5519635234769128
10,0.3,874,0.46,0.926,0.24056554600872668,0.08858333333333325,0.8583286118980199,0.0011441647597254005,0.6151011836578877
10,0.3,870,0.4505882352941176,0.9593333333333334,0.2896735636508776,0.17355638166047116,0.828991825613084,0.005747126436781609,0.5457032755298662
10,0.3,852,0.46,0.9420000000000001,0.2625808109093842,0.17157407407407405,0.8305571030640707,0.0035211267605633804,0.5799136238712256
10,0.3,866,0.49058823529411766,0.9586666666666668,0.26583011226635495,0.1386910197869099,0.804634146341466,0.004618937644341801,0.5222273781902562
10,0.3,881,0.4717647058823529,0.9480000000000003,0.24413768987970397,0.1540672782874616,0.8018584070796473,0.004540295119182747,0.5057962751805413
10,0.3,859,0.4682352941176471,0.9733333333333335,0.30171583402139623,0.124947683109118,0.8327648578811413,0.004656577415599534,0.5616374269005876
10,0.3,882,0.4505882352941176,0.958,0.2839644792651832,0.14938596491228087,0.8141641337386046,0.005668934240362812,0.5168453059673146
10,0.3,846,0.4717647058823529,0.9433333333333335,0.2785034495238879,0.17424753867791848,0.8302832861189835,0.004728132387706856,0.5444101346001603
10,0.3,883,0.44823529411764707,0.9800000000000004,0.2892693847915696,0.1626821192052983,0.8082985074626907,0.006795016987542469,0.5142189281641979
10,0.3,859,0.48705882352941177,0.9586666666666668,0.27928677841638694,0.137721088435374,0.8622491349480972,0.0034924330616996507,0.5533294392523366
10,0.3,862,0.4788235294117647,0.9380000000000002,0.25770441687539225,0.15140264026402608,0.8140322580645202,0.004640371229698376,0.5374941724941756
10,0.3,858,0.4764705882352941,0.9273333333333335,0.27095266606695384,0.10942028985507257,0.8497687861271702,0.002331002331002331,0.5900194704049878
10,0.3,835,0.4764705882352941,0.9506666666666668,0.2744419291372089,0.1273895582329316,0.8419034090909122,0.003592814371257485,0.5822435897435916
10,0.3,864,0.48823529411764705,0.9240000000000002,0.21840868217138787,0.1981395348837208,0.8112251655629171,0.0023148148148148147,0.5774671307037924
10,0.3,903,0.4423529411764706,0.9386666666666668,0.24278347957103313,0.1603463203463203,0.8224062500000031,0.0022148394241417496,0.570806511283762
10,0.3,857,0.48823529411764705,0.9580000000000001,0.3041506090425,0.11572567783094083,0.848551912568309,0.004667444574095682,0.5648847205939844
10,0.3,891,0.4811764705882353,0.9493333333333334,0.27361160131363044,0.13595469255663428,0.8400662251655652,0.004489337822671156,0.5444569710635114
10,0.3,857,0.508235294117647,0.964,0.30754647372648697,0.16736462093862808,0.8792532467532501,0.005834305717619603,0.5302934272300475
10,0.4,847,0.47294117647058825,0.9620000000000003,0.29189698715321627,0.12885601577909267,0.8666576819407031,0.0035419126328217238,0.5926184834123238
10,0.4,860,0.5047058823529412,0.9573333333333335,0.2602323656192533,0.18865761689291113,0.8124507042253564,0.004651162790697674,0.5474221183800648
10,0.4,847,0.4682352941176471,0.9966666666666667,0.31295527297732423,0.12095579450418147,0.8383168316831703,0.0059031877213695395,0.5136025336500393
10,0.4,880,0.4835294117647059,0.974666666666667,0.29395318840464146,0.13477011494252839,0.828923884514439,0.004545454545454545,0.5537899543379008
10,0.4,867,0.44588235294117645,1.0106666666666673,0.2788566941283114,0.1433232016210742,0.8252432432432433,0.006920415224913495,0.45135501355013513
10,0.4,848,0.5,0.9613333333333333,0.26682148608806,0.12514680483592394,0.8194117647058845,0.003537735849056604,0.5369506903353061
10,0.4,880,0.46352941176470586,0.9406666666666669,0.24262741028132684,0.17296089385474855,0.8320503597122336,0.003409090909090909,0.5490916001520357
10,0.4,868,0.4682352941176471,0.9453333333333332,0.2702492856325348,0.13814307458143066,0.8410526315789494,0.004608294930875576,0.5263734567901246
10,0.4,873,0.4505882352941176,0.9413333333333335,0.2448350192895971,0.16011655011655007,0.84102803738318,0.002290950744558992,0.5771067738231933
10,0.4,881,0.4623529411764706,0.9600000000000002,0.2734496229558135,0.15154867256637153,0.8494252873563234,0.004540295119182747,0.517350817179783
10,0.4,856,0.4988235294117647,0.9806666666666665,0.27089642804287606,0.1731487513572205,0.8152631578947372,0.005841121495327103,0.482091656874267
10,0.4,853,0.49411764705882355,0.9420000000000001,0.2506496299220663,0.19257009345794399,0.834263565891474,0.0035169988276670576,0.5317098039215692
10,0.4,859,0.4788235294117647,0.9819999999999999,0.2811464108622822,0.16016260162601637,0.8460236220472452,0.005820721769499418,0.49257220921155437
10,0.4,864,0.46,0.9873333333333337,0.31610059979954097,0.11716845878136171,0.8469281045751645,0.005787037037037037,0.5212107101280549
10,0.4,868,0.4764705882352941,0.9326666666666665,0.255495787518519,0.12995203836930452,0.85394230769231,0.002304147465437788,0.5788953040800627
10,0.4,860,0.4576470588235294,0.9879999999999998,0.2776270060438585,0.16934662236987846,0.8302978723404277,0.005813953488372093,0.48966471734892936
10,0.4,871,0.48,0.9640000000000002,0.3028678603554635,0.11960683760683745,0.8572069825436445,0.003444316877152698,0.5919815668202788
10,0.4,876,0.45294117647058824,0.9486666666666669,0.2789070121538062,0.1273770491803279,0.8467313019390617,0.003424657534246575,0.5701870943108077
10,0.4,832,0.48705882352941177,0.9766666666666667,0.2999461919598082,0.161062416998672,0.8474425287356351,0.004807692307692308,0.548180354267312
10,0.4,854,0.4776470588235294,0.964666666666667,0.29068277283914773,0.18529665587918057,0.8360759493670924,0.00585480093676815,0.5115351393796641
10,0.4,859,0.49411764705882355,0.9499999999999998,0.30884601829747005,0.13419306184012036,0.8615860215053779,0.004656577415599534,0.5671578947368414
10,0.4,864,0.47411764705882353,0.9359999999999998,0.26202222312164725,0.1450493096646943,0.8386363636363665,0.003472222222222222,0.5701161440185853
10,0.4,875,0.4929411764705882,0.9573333333333333,0.2968117167777878,0.12005291005290997,0.8544705882352944,0.0034285714285714284,0.5968577981651376
10,0.4,917,0.4588235294117647,0.9526666666666667,0.2645463006751357,0.155932721712538,0.8317377049180363,0.004362050163576881,0.547123037604966
10,0.4,865,0.46588235294117647,0.9600000000000002,0.27788204515979653,0.1811567164179109,0.8371717171717196,0.005780346820809248,0.5226046511627923
10,0.4,868,0.45294117647058824,0.9693333333333334,0.31258620492586214,0.15379665379665372,0.8316771488469652,0.00576036866359447,0.5819312475859432
10,0.4,864,0.4752941176470588,0.9719999999999996,0.24922171282665576,0.11701842546063627,0.7809865470852031,0.004629629629629629,0.5146085271317836
10,0.4,868,0.4764705882352941,0.9539999999999997,0.30041529554669893,0.10028735632183891,0.8360240963855451,0.004608294930875576,0.5406211419753104
10,0.4,839,0.4682352941176471,0.9460000000000002,0.25443537249225484,0.16297435897435875,0.8119543973941402,0.003575685339690107,0.5497846889952174
10,0.4,887,0.4976470588235294,0.9633333333333335,0.2881184893188075,0.15938271604938306,0.8398566308243758,0.005636978579481398,0.5036810279667433
10,0.4,866,0.4964705882352941,0.9613333333333335,0.2958457883980509,0.14315723270440253,0.8393442622950836,0.005773672055427252,0.5190437475803331
10,0.4,850,0.49529411764705883,0.9426666666666667,0.282269801776947,0.10543859649122812,0.8398208955223884,0.0035294117647058825,0.5647500983864631
10,0.4,861,0.4505882352941176,0.9693333333333332,0.28054692093119166,0.11092081031307545,0.8513084112149567,0.003484320557491289,0.5680458430458436
10,0.4,863,0.4647058823529412,0.9493333333333336,0.2876428004768752,0.1256435643564355,0.8636933797909415,0.0034762456546929316,0.545542635658916
10,0.4,903,0.46,0.9413333333333332,0.261148433840704,0.1401149425287355,0.8327793696275102,0.0033222591362126247,0.5775962962962978
10,0.4,862,0.4470588235294118,0.9653333333333333,0.27284699576649357,0.15134680134680106,0.840575079872206,0.0034802784222737818,0.5598098564221972
10,0.4,873,0.46705882352941175,0.9846666666666666,0.27201638290511243,0.15549382716049417,0.8207664233576673,0.0057273768613974796,0.5015053763440879
10,0.4,879,0.4823529411764706,0.9506666666666667,0.262157834330035,0.18017241379310336,0.8376678445229707,0.004550625711035267,0.5286552380952398
10,0.4,866,0.4752941176470588,0.9326666666666669,0.2415984867173942,0.16939393939393943,0.8060218978102207,0.004618937644341801,0.5306419180201096
10,0.4,859,0.5105882352941177,0.9480000000000001,0.28619182766067436,0.1615038759689924,0.8218433179723551,0.004656577415599534,0.5759181286549745
10,0.4,849,0.4988235294117647,0.9913333333333331,0.28909173906137325,0.15975000000000047,0.8193189964157732,0.007067137809187279,0.47877026492684865
10,0.4,843,0.5152941176470588,0.9466666666666667,0.2563364233070417,0.14100660066006598,0.8383259911894292,0.004744958481613286,0.513400874056417
10,0.4,867,0.46941176470588236,0.9620000000000001,0.2551628904544088,0.1705022831050229,0.822906976744187,0.00461361014994233,0.5215372730784106
10,0.4,900,0.49058823529411766,0.9526666666666667,0.2991184313654556,0.16670958512160217,0.8495890410958934,0.0044444444444444444,0.5870461309523817
10,0.4,866,0.4435294117647059,0.9913333333333333,0.31046782796860567,0.1669459459459462,0.8711023622047271,0.008083140877598153,0.47371362048894206
10,0.4,872,0.44941176470588234,0.9693333333333332,0.2603678628531098,0.1475124378109452,0.7989285714285722,0.005733944954128441,0.4756901191849289
10,0.4,863,0.49411764705882355,0.9593333333333331,0.2734787718144307,0.12383561643835594,0.8300724637681182,0.004634994206257242,0.5206907256499822
10,0.4,864,0.4764705882352941,0.9620000000000003,0.28853864420912545,0.15959247648902847,0.8464651162790712,0.006944444444444444,0.47821289821289864
10,0.4,820,0.46352941176470586,0.9606666666666668,0.280190175144893,0.13044315992292865,0.836597633136097,0.003658536585365854,0.5617380660954737
10,0.5,852,0.4811764705882353,0.9786666666666664,0.31049916779992465,0.130105401844532,0.8696563573883185,0.005868544600938967,0.5242345533254638
10,0.4,886,0.46705882352941175,0.94,0.287048678719095,0.16681081081081076,0.8482330097087413,0.003386004514672686,0.6313627784069475
10,0.5,816,0.49058823529411766,0.954666666666667,0.2542955327879809,0.1491242937853108,0.8463461538461575,0.0024509803921568627,0.6139271089271108
10,0.5,875,0.49058823529411766,0.9439999999999996,0.25215278851152056,0.15184265010351952,0.8181844380403488,0.0034285714285714284,0.572354740061164
10,0.5,845,0.46941176470588236,0.9319999999999999,0.2754008386143199,0.1481012658227847,0.8556919060052245,0.0035502958579881655,0.6041607284243875
10,0.5,860,0.47294117647058825,0.9713333333333333,0.2911008785776624,0.16753246753246753,0.8415696202531665,0.004651162790697674,0.5710591900311545
10,0.5,850,0.47058823529411764,0.9613333333333333,0.26278975382340286,0.17183206106870247,0.8139024390243927,0.0058823529411764705,0.5015502958579895
10,0.5,815,0.48,0.9360000000000003,0.24558739572953153,0.1429223744292237,0.8338783269961992,0.00245398773006135,0.5495530955309554
10,0.5,855,0.4682352941176471,0.9693333333333332,0.27906380759785565,0.16973684210526338,0.8404624277456683,0.004678362573099415,0.5535996866431661
10,0.5,793,0.5294117647058824,0.9400000000000002,0.2531271054883486,0.16694444444444428,0.7971924290220846,0.0037831021437578815,0.5521729957805933
10,0.5,851,0.48470588235294115,0.9920000000000001,0.3161125421077885,0.1200810185185184,0.8833962264150947,0.005875440658049354,0.4962687155240352
10,0.5,873,0.47294117647058825,0.9686666666666669,0.2905766217507235,0.16958920187793444,0.840793650793654,0.0057273768613974796,0.5168509984639028
10,0.5,846,0.4752941176470588,0.9599999999999999,0.29281225957802415,0.15693023255813957,0.8325000000000037,0.004728132387706856,0.5974425969912927
10,0.5,902,0.4894117647058824,0.9733333333333334,0.27293084255629013,0.16222929936305747,0.8279812206572774,0.005543237250554324,0.4777629134150876
10,0.5,854,0.49176470588235294,0.9799999999999998,0.27635724391843836,0.13965665236051494,0.8210204081632695,0.00468384074941452,0.5307333333333351
10,0.5,860,0.4788235294117647,0.9733333333333334,0.29410569070090165,0.15414758269720116,0.8624555160142364,0.004651162790697674,0.5156113707165125
10,0.5,861,0.48,0.964666666666667,0.2962056630966795,0.1456994047619047,0.8405759162303696,0.004645760743321719,0.5625670945157546
10,0.5,872,0.4788235294117647,0.950666666666667,0.2553861008563435,0.14893693693693666,0.8265562913907316,0.0034403669724770644,0.5486075949367115
10,0.5,859,0.5047058823529412,0.9560000000000001,0.2756137993127449,0.14755255255255245,0.8182153846153873,0.004656577415599534,0.5426744639376241
10,0.5,843,0.47294117647058825,0.9466666666666667,0.3142453326091881,0.15206695778748167,0.8840166204986164,0.004744958481613286,0.5679181565355593
10,0.5,832,0.5070588235294118,0.9513333333333335,0.2715170430646099,0.15643939393939377,0.8494690265486745,0.003605769230769231,0.5681423401688782
10,0.5,835,0.49058823529411766,0.9420000000000001,0.27142877542169314,0.14927203065134098,0.8312885154061656,0.003592814371257485,0.5761378205128221
10,0.5,839,0.4964705882352941,0.9793333333333332,0.2822155721907049,0.18611502347417858,0.8494318181818205,0.0059594755661501785,0.5106235011990424
10,0.5,866,0.4964705882352941,0.9760000000000001,0.2791175468442651,0.12815873015872994,0.8423508771929856,0.003464203233256351,0.5370529161838544
10,0.5,855,0.47058823529411764,0.9453333333333332,0.28992604084543927,0.12042584434654902,0.8698000000000019,0.004678362573099415,0.5163611437524482
10,0.5,856,0.4858823529411765,0.951333333333333,0.2456503610818541,0.17499118165784824,0.8315116279069785,0.0035046728971962616,0.5369558421258323
10,0.5,861,0.45176470588235296,0.9580000000000001,0.2657336626032107,0.13327927927927916,0.8301929260450172,0.003484320557491289,0.5601942501942517
10,0.5,855,0.4788235294117647,0.9753333333333333,0.2635382512919005,0.1481904761904764,0.804369369369371,0.005847953216374269,0.47680000000000106
10,0.5,867,0.5094117647058823,0.9466666666666669,0.2360301173573612,0.1703418803418803,0.7916349809885954,0.0034602076124567475,0.5293055555555574
10,0.5,813,0.5070588235294118,0.9746666666666666,0.2588468464948273,0.13943910256410227,0.7932824427480942,0.004920049200492005,0.5154882571075406
10,0.5,885,0.4588235294117647,0.9633333333333335,0.2560247199024756,0.11084848484848489,0.8088448844884518,0.003389830508474576,0.5620786092214675
10,0.5,846,0.4894117647058824,0.974,0.3010126373159324,0.16328654970760265,0.861321428571431,0.00591016548463357,0.5148592944906855
10,0.5,859,0.47058823529411764,0.9346666666666668,0.23450299243123474,0.15941299790356395,0.8094252873563239,0.002328288707799767,0.5478335278101923
10,0.5,813,0.5388235294117647,0.9646666666666668,0.28573580751895167,0.16848348348348355,0.824934036939318,0.004920049200492005,0.5734569427276505
10,0.5,874,0.48823529411764705,0.9720000000000001,0.2829264143029646,0.13541666666666646,0.8489361702127685,0.004576659038901602,0.5233946360153275
10,0.5,859,0.47294117647058825,0.9546666666666664,0.2699547389501773,0.15728026533996656,0.8287575757575789,0.0034924330616996507,0.5608021806853597
10,0.5,865,0.48470588235294115,0.9566666666666669,0.2776042030179157,0.10780656303972362,0.8140773809523852,0.003468208092485549,0.5605491105955152
10,0.5,873,0.47294117647058825,0.9533333333333334,0.2700017573449565,0.14089201877934263,0.79994285714286,0.004581901489117984,0.5505638665132347
10,0.5,858,0.4623529411764706,0.9733333333333332,0.2649348790968717,0.1387092198581559,0.8295979899497493,0.004662004662004662,0.5040905542544891
10,0.5,827,0.46941176470588236,0.9520000000000001,0.27290636112124944,0.14279614325068876,0.8116872427983551,0.0048367593712212815,0.5040137707573932
10,0.5,906,0.4717647058823529,0.9393333333333331,0.2973308600439551,0.1291706539074958,0.8377293577981695,0.004415011037527594,0.5852254249815259
10,0.5,842,0.47411764705882353,0.9733333333333335,0.2811088605688168,0.11809968847351998,0.8088372093023287,0.004750593824228029,0.5415115354017512
10,0.5,872,0.4964705882352941,0.9900000000000002,0.27328261093783884,0.16878878878878914,0.8266055045871574,0.006880733944954129,0.45982294072363356
10,0.5,814,0.4811764705882353,0.9473333333333332,0.27999944636124263,0.16459259259259237,0.8520114942528761,0.0036855036855036856,0.5870653514180029
10,0.5,872,0.46352941176470586,0.9519999999999998,0.2532831662458969,0.12696969696969704,0.8310509554140165,0.0034403669724770644,0.5681472957422343
10,0.5,848,0.5070588235294118,0.9366666666666664,0.25166205527854985,0.1557333333333332,0.8138961038961066,0.003537735849056604,0.5963786982248548
10,0.5,873,0.45647058823529413,0.9526666666666663,0.2857044592261616,0.10687984496124037,0.8288811188811237,0.003436426116838488,0.6019157088122639
10,0.5,815,0.4823529411764706,0.984,0.274568812553595,0.12627450980392144,0.814944237918219,0.0049079754601227,0.5307973695026739
10,0.5,865,0.4894117647058824,0.9879999999999999,0.29740229913782623,0.16886861313868612,0.839175824175827,0.005780346820809248,0.5424883720930239
10,0.5,860,0.5,0.9726666666666669,0.27275693321955474,0.1494944707740915,0.8196385542168709,0.004651162790697674,0.5460397196261695
10,0.5,863,0.48823529411764705,0.9833333333333332,0.30576220538514043,0.1469328703703706,0.8290697674418636,0.005793742757821553,0.5230613830613837
15,0.1,873,0.4752941176470588,0.9466666666666669,0.256610090119357,0.1527375201288242,0.823715415019764,0.003436426116838488,0.5241417624521079
15,0.1,857,0.49176470588235294,0.9640000000000003,0.2873433055052739,0.17815040650406522,0.8088023952095844,0.007001166861143524,0.49459851155503487
15,0.1,917,0.44823529411764707,0.9333333333333333,0.272432748655258,0.12978723404255316,0.8320227920227944,0.003271537622682661,0.5640153172866532
15,0.1,860,0.49176470588235294,0.9660000000000001,0.27261007167119455,0.18175582990397798,0.8697959183673473,0.004651162790697674,0.514820872274145
15,0.1,836,0.4788235294117647,0.9706666666666667,0.30128030495315905,0.10953453453453434,0.8560137457044703,0.004784688995215311,0.5433373397435901
15,0.1,853,0.4764705882352941,0.9793333333333334,0.343382542909716,0.14744918699187018,0.8834153005464518,0.007033997655334115,0.5271389216843773
15,0.1,857,0.4788235294117647,0.9753333333333334,0.27964368709401655,0.1391311216429699,0.8592805755395709,0.004667444574095682,0.5352246971473251
15,0.1,830,0.4682352941176471,0.9546666666666666,0.26303632697385915,0.14592013888888855,0.8141414141414172,0.0036144578313253013,0.5445868601370444
15,0.1,830,0.4682352941176471,0.9286666666666668,0.26480646480131254,0.13491954022988506,0.8487878787878813,0.0024096385542168677,0.5783172302737525
15,0.1,801,0.49411764705882355,0.9626666666666671,0.2852023851449677,0.15471380471380472,0.8317808219178112,0.003745318352059925,0.5726148705096084
15,0.1,856,0.47411764705882353,0.980666666666667,0.29188706271555115,0.16601781170483476,0.8506333333333369,0.004672897196261682,0.5318192488262913
15,0.1,862,0.48,0.9313333333333337,0.26697892544433777,0.13637931034482764,0.8269321533923337,0.0034802784222737818,0.5615444315095104
15,0.1,865,0.49411764705882355,0.9933333333333335,0.24406843020329613,0.1616281310211949,0.7772413793103433,0.006936416184971098,0.4210671323244089
15,0.1,853,0.5035294117647059,0.9733333333333334,0.2905529234724041,0.19888000000000053,0.8718397626112787,0.004689331770222743,0.5564978405967815
15,0.1,860,0.4776470588235294,0.9233333333333333,0.21878908168638095,0.15299242424242437,0.8481040892193326,0.0011627906976744186,0.5861854870003895
15,0.1,844,0.5035294117647059,0.9926666666666665,0.2967708361535936,0.15687728937728998,0.8282327586206913,0.008293838862559242,0.45150139386698623
15,0.1,869,0.45647058823529413,0.9553333333333333,0.2651936371295614,0.14627705627705614,0.7990697674418635,0.004602991944764097,0.5284470134874777
15,0.1,836,0.4788235294117647,0.9660000000000002,0.31415109068524344,0.14282138794084198,0.8590572390572414,0.005980861244019139,0.502458884877657
15,0.1,879,0.47058823529411764,0.9586666666666668,0.28612840223285396,0.15784511784511765,0.8681034482758637,0.0034129692832764505,0.5758028919330298
15,0.1,868,0.4682352941176471,0.9426666666666667,0.2559207891050548,0.12688596491228069,0.8111830985915525,0.0034562211981566822,0.5763121387283243
15,0.1,827,0.5164705882352941,0.9600000000000002,0.30382574178003574,0.10219560878243526,0.8512765957446838,0.0036275695284159614,0.6008940129449865
15,0.1,889,0.4447058823529412,0.9386666666666665,0.2685926441353215,0.15615226337448523,0.8515733333333354,0.0022497187851518562,0.5938369034197685
15,0.1,822,0.4988235294117647,0.9613333333333335,0.2779469619807311,0.1129324894514768,0.8349287749287759,0.0036496350364963502,0.5781929181929207
15,0.1,848,0.5047058823529412,0.9713333333333336,0.3373161805867334,0.10943589743589723,0.884229691876754,0.00589622641509434,0.5479161724001582
15,0.1,854,0.4623529411764706,0.960666666666667,0.2988439924671133,0.1278109452736317,0.8380285035629484,0.00468384074941452,0.590678431372551
15,0.1,840,0.4811764705882353,0.938,0.2643626326133772,0.10592592592592615,0.8183908045977035,0.002380952380952381,0.6217462211614964
15,0.1,849,0.46941176470588236,0.9573333333333333,0.26881420216361607,0.12228360957642721,0.8266552901023922,0.0035335689045936395,0.5442868400315213
15,0.1,889,0.4776470588235294,0.9279999999999999,0.23326168701845487,0.16590214067278297,0.8243784786641977,0.0022497187851518562,0.6639534009770768
15,0.1,864,0.45529411764705885,0.9793333333333334,0.2854811112376869,0.14818295739348364,0.8516393442622969,0.005787037037037037,0.49878928987194365
15,0.1,852,0.4376470588235294,0.9606666666666667,0.29341463181212113,0.1502074074074072,0.8180963302752342,0.004694835680751174,0.5818867924528328
15,0.1,830,0.49058823529411766,0.9453333333333338,0.298598547204863,0.14601769911504406,0.8498502994011987,0.004819277108433735,0.5525141242937863
15,0.1,851,0.48705882352941177,0.9859999999999999,0.3087167974413813,0.12485875706214673,0.8492013888888912,0.007050528789659225,0.4993254437869832
15,0.1,829,0.4988235294117647,0.9686666666666668,0.29044484553277605,0.14412037037037015,0.8245312500000027,0.0048250904704463205,0.5672727272727294
15,0.1,832,0.4776470588235294,0.9513333333333333,0.26000845277351264,0.1397693920335429,0.828162650602412,0.003605769230769231,0.5751507840772034
15,0.1,862,0.4588235294117647,0.9713333333333335,0.27975297005442873,0.12196891191709833,0.8454515050167251,0.0034802784222737818,0.5452386495925505
15,0.1,865,0.46588235294117647,0.9440000000000002,0.27264579661044164,0.15197463768115915,0.8401955307262605,0.003468208092485549,0.5763031709203419
15,0.1,890,0.4647058823529412,0.9560000000000002,0.287167869208722,0.14010526315789465,0.8611570247933916,0.0033707865168539327,0.5751559564073678
15,0.1,857,0.48823529411764705,0.9226666666666665,0.22742868926783041,0.17474178403755872,0.7928189910979271,0.002333722287047841,0.5763859649122853
15,0.1,844,0.4835294117647059,0.9586666666666663,0.2738266747865757,0.18731060606060615,0.8359090909090933,0.005924170616113744,0.5172348033373086
15,0.1,888,0.45529411764705885,0.95,0.2741987198002536,0.13091503267973836,0.8334415584415608,0.0045045045045045045,0.5390422322775282
15,0.1,870,0.4588235294117647,0.964,0.2851208076993464,0.1295575221238936,0.8298349834983518,0.004597701149425287,0.5321516551193245
15,0.1,869,0.49529411764705883,0.9606666666666667,0.28256342149870906,0.1452083333333331,0.8326993865030713,0.004602991944764097,0.5430982658959548
15,0.1,837,0.48705882352941177,0.9413333333333332,0.28399148874236024,0.13005747126436767,0.8603823529411787,0.0035842293906810036,0.578085531574742
15,0.1,872,0.47411764705882353,0.9353333333333332,0.2674167870254054,0.15151815181518136,0.8482061068702308,0.0034403669724770644,0.5400191791331052
15,0.1,857,0.48705882352941177,0.9353333333333335,0.26381421168758734,0.12469047619047635,0.8425935828877041,0.002333722287047841,0.6017192982456168
15,0.1,905,0.47058823529411764,0.9313333333333335,0.24140828283055166,0.15517006802721087,0.8088031914893647,0.0022099447513812156,0.5823772609819139
15,0.1,869,0.4611764705882353,0.9326666666666668,0.25136541278751545,0.14191441441441427,0.80691387559809,0.0034522439585730723,0.6015204003079309
15,0.1,876,0.45176470588235296,0.9439999999999997,0.2580498647530364,0.13071290944123296,0.8115591397849515,0.003424657534246575,0.5770370370370398
15,0.1,854,0.5011764705882353,0.9326666666666668,0.2712740496003884,0.17577494692144355,0.8503051643192516,0.00234192037470726,0.6126408450704254
15,0.1,868,0.49176470588235294,0.928666666666667,0.23746292837561342,0.11899766899766899,0.7869325153374273,0.002304147465437788,0.5693879907621267
15,0.2,866,0.4894117647058824,0.9539999999999997,0.30327659397894263,0.15282780410742458,0.8771842105263188,0.003464203233256351,0.5860641174198542
15,0.2,857,0.49529411764705883,0.9753333333333333,0.2905232579207885,0.1644743589743591,0.8495932203389852,0.005834305717619603,0.5322574334898283
15,0.2,852,0.49176470588235294,0.9606666666666668,0.2656566192294113,0.13445672191528532,0.8534848484848497,0.0035211267605633804,0.5479151943462897
15,0.2,852,0.49411764705882355,0.9626666666666666,0.29617080153531283,0.13939054726368172,0.8216513761467925,0.005868544600938967,0.5153325462416394
15,0.2,871,0.43176470588235294,0.9573333333333333,0.28124456198781245,0.10206827309236949,0.8440970350404347,0.003444316877152698,0.5791551459293419
15,0.2,854,0.4588235294117647,0.9279999999999999,0.2564856328200487,0.16277372262773718,0.8424623115577932,0.00234192037470726,0.6118661971831016
15,0.2,830,0.45647058823529413,0.9253333333333335,0.23901340336635252,0.14260651629072682,0.8218819188191899,0.0024096385542168677,0.5633695652173936
15,0.2,864,0.46941176470588236,0.9673333333333333,0.2908417584542715,0.15085753803596136,0.8644827586206909,0.004629629629629629,0.5323759689922481
15,0.2,863,0.4988235294117647,0.9239999999999999,0.2537637271657953,0.15714942528735626,0.8350422535211298,0.002317497103128621,0.5955632984901289
15,0.2,885,0.46941176470588236,0.9666666666666669,0.277661717083145,0.14694444444444418,0.8414029850746296,0.004519774011299435,0.5488195232690131
15,0.2,860,0.47058823529411764,0.9873333333333331,0.2784363177048656,0.15355477855477861,0.8154230769230786,0.005813953488372093,0.4923235867446398
15,0.2,868,0.46,0.9946666666666669,0.268033416190965,0.15048134777376665,0.8637696335078535,0.00576036866359447,0.4698223252220938
15,0.2,878,0.47058823529411764,0.970666666666667,0.30830976995058335,0.15415162454873693,0.8311083743842398,0.0056947608200455585,0.5484192439862566
15,0.2,845,0.47294117647058825,0.9706666666666667,0.2658659621173454,0.17549549549549573,0.8243877551020435,0.004733727810650888,0.545830360681729
15,0.2,882,0.45176470588235296,0.97,0.2765350929819367,0.16807272727272748,0.8525000000000015,0.005668934240362812,0.5053135689851772
15,0.2,852,0.4717647058823529,0.9579999999999997,0.2983581428219145,0.14223316912972064,0.8570942408376994,0.0035211267605633804,0.5874008637612904
15,0.2,908,0.4505882352941176,0.9826666666666669,0.3080063656035889,0.15029150823827633,0.8660330578512418,0.004405286343612335,0.5550221238938052
15,0.2,853,0.4717647058823529,0.9280000000000002,0.2397889730802737,0.1593529411764705,0.8265163934426244,0.0035169988276670576,0.5427803921568642
15,0.2,854,0.5023529411764706,0.9833333333333332,0.2925605945553197,0.15234678624813133,0.8652321981424169,0.00468384074941452,0.5542196078431383
15,0.2,854,0.4764705882352941,0.9380000000000002,0.3026320757673544,0.13873263888888876,0.8457142857142893,0.00351288056206089,0.6120368194281259
15,0.2,830,0.4776470588235294,0.9433333333333334,0.2584886925719653,0.15799625468164757,0.841739130434785,0.0036144578313253013,0.5486457073760591
15,0.2,891,0.4541176470588235,0.9660000000000002,0.27874832999917676,0.1442112482853223,0.8157926829268324,0.004489337822671156,0.5292521608417915
15,0.2,895,0.4788235294117647,0.9673333333333332,0.2729851869086619,0.14695778748180477,0.8129301075268854,0.004469273743016759,0.5511971567527151
15,0.2,871,0.48823529411764705,0.9966666666666668,0.2729692787263448,0.16142564102564136,0.8039662447257394,0.006888633754305396,0.4640154142581898
15,0.2,910,0.45647058823529413,0.9773333333333333,0.3052090702254147,0.12136929460580886,0.8693083573487047,0.004395604395604396,0.5513318616629884
15,0.2,866,0.48470588235294115,0.9560000000000001,0.30282666198188607,0.1398759689922477,0.8536296296296327,0.004618937644341801,0.5879156999226622
15,0.2,883,0.4764705882352941,0.9726666666666667,0.28618505327910093,0.11641025641025611,0.8303636363636375,0.004530011325028313,0.520720515737581
15,0.2,881,0.4470588235294118,0.9666666666666667,0.24992693424306267,0.15098765432098743,0.8358685446009405,0.004540295119182747,0.506564044089702
15,0.2,850,0.46,0.9620000000000003,0.28403668911257673,0.1727121212121211,0.8577881619937722,0.004705882352941176,0.5589992119779384
15,0.2,873,0.4423529411764706,0.9686666666666666,0.27685936912700304,0.12322115384615356,0.861885964912283,0.003436426116838488,0.5317126436781617
15,0.2,859,0.48823529411764705,0.9339999999999999,0.26982909730389704,0.18393939393939385,0.8524173027989852,0.0034924330616996507,0.6034618380062325
15,0.2,831,0.4811764705882353,0.9626666666666667,0.2859499319063361,0.13441580756013738,0.8357478005865134,0.0036101083032490976,0.5670531400966183
15,0.2,903,0.4647058823529412,0.9860000000000002,0.2992689727708412,0.16577023498694557,0.8274911660777409,0.007751937984496124,0.46520833333333567
15,0.2,857,0.4541176470588235,0.9653333333333333,0.29271393131136364,0.12057563587684057,0.8140584415584441,0.004667444574095682,0.5249941383352882
15,0.2,856,0.4929411764705882,0.9239999999999999,0.2355297590387031,0.0921969696969696,0.8386319218241056,0.0011682242990654205,0.5975984405458099
15,0.2,866,0.4811764705882353,0.9406666666666667,0.23098938847789216,0.13801587301587304,0.8209289617486335,0.003464203233256351,0.5185515643105455
15,0.2,863,0.48470588235294115,0.9626666666666669,0.2848318632158428,0.12090558766859348,0.8339608801956013,0.0034762456546929316,0.5832713178294587
15,0.2,827,0.49176470588235294,0.9719999999999996,0.2803824192455613,0.13258680555555544,0.829507692307695,0.0036275695284159614,0.5587135922330093
15,0.2,847,0.48823529411764705,0.9713333333333335,0.3051271460081402,0.15121437422552655,0.8295478723404277,0.0059031877213695395,0.5353365003958833
15,0.2,877,0.45176470588235296,1.0073333333333332,0.2608472331329447,0.1576775271512117,0.8092857142857129,0.009122006841505131,0.4084158036056776
15,0.2,857,0.4976470588235294,0.9339999999999999,0.25508206296185604,0.18683087027914613,0.8140181268882207,0.004667444574095682,0.5499413833528755
15,0.2,824,0.4788235294117647,0.9773333333333337,0.30028741968539885,0.15932555123216602,0.8568092105263178,0.0048543689320388345,0.5265853658536591
15,0.2,855,0.4811764705882353,0.9779999999999999,0.3033397835317317,0.15012687427912347,0.849217081850536,0.005847953216374269,0.5187686274509803
15,0.2,890,0.48470588235294115,0.9520000000000003,0.2472436568412059,0.14535405872193408,0.8169847328244304,0.0033707865168539327,0.540849304772643
15,0.2,847,0.4611764705882353,0.9773333333333333,0.28879941907189244,0.1552508361204016,0.8377131782945764,0.0059031877213695395,0.48495645288994516
15,0.2,835,0.48470588235294115,0.9746666666666663,0.261412698049011,0.12751152073732702,0.8048000000000007,0.004790419161676647,0.5044123545928605
15,0.2,844,0.508235294117647,0.9493333333333336,0.2911489573954781,0.14470338983050826,0.8358860759493697,0.004739336492890996,0.5419880952380967
15,0.2,843,0.4964705882352941,0.9726666666666666,0.2820241844645955,0.15399176954732496,0.8230645161290346,0.004744958481613286,0.5199562971791835
15,0.2,886,0.4682352941176471,0.9546666666666666,0.2720414403680924,0.13987878787878755,0.8478181818181846,0.004514672686230248,0.5239380196523082
15,0.2,861,0.45647058823529413,0.9453333333333334,0.2753975445567432,0.13995000000000013,0.8350000000000036,0.004645760743321719,0.5547374562427094
15,0.3,869,0.4823529411764706,0.929333333333333,0.2510551302704282,0.1365091863517062,0.8420738636363655,0.0023014959723820483,0.6018800461361031
15,0.3,838,0.49529411764705883,0.9300000000000002,0.2699540359606093,0.14559748427672947,0.8464831804281366,0.003579952267303103,0.5710179640718568
15,0.3,847,0.49529411764705883,0.9246666666666666,0.23266502071081285,0.13561056105610567,0.8215966386554654,0.0023612750885478157,0.6046824457593732
15,0.3,870,0.45294117647058824,0.9966666666666665,0.30719869677912137,0.13807909604519783,0.8363063063063091,0.005747126436781609,0.517876685934491
15,0.3,821,0.49176470588235294,0.9506666666666668,0.2661478971114032,0.16187919463087233,0.8549577464788762,0.00243605359317905,0.6018274318274337
15,0.3,849,0.4752941176470588,0.9646666666666668,0.2716801413714448,0.17446589446589475,0.8237992831541259,0.005889281507656066,0.5142496050552942
15,0.3,863,0.4752941176470588,0.9573333333333335,0.2969108640552121,0.13387631975867237,0.8394621026894903,0.004634994206257242,0.5712456344586752
15,0.3,853,0.49176470588235294,0.9686666666666669,0.31134716283229524,0.12685271317829433,0.8652941176470613,0.004689331770222743,0.570694935217905
15,0.3,857,0.4894117647058824,0.9446666666666665,0.24477197934476305,0.19636704119850182,0.8445173745173767,0.003500583430571762,0.5475448868071842
15,0.3,873,0.4776470588235294,0.9353333333333332,0.2428660556638761,0.17130242825607078,0.8220820189274477,0.003436426116838488,0.572042145593872
15,0.3,844,0.4764705882352941,0.9539999999999997,0.28257701282934045,0.12511415525114142,0.8250505050505071,0.004739336492890996,0.5350079365079371
15,0.3,864,0.4752941176470588,0.9586666666666668,0.25860654704011293,0.13188552188552155,0.8273622047244116,0.004629629629629629,0.527620155038761
15,0.3,827,0.4929411764705882,0.9626666666666666,0.32427384039223434,0.10258680555555551,0.8603658536585387,0.0036275695284159614,0.6278074433656957
15,0.3,870,0.48823529411764705,0.9906666666666665,0.2758687326408151,0.16193268186753587,0.8381105990783432,0.005747126436781609,0.4723429672447017
15,0.3,889,0.4611764705882353,0.9493333333333334,0.30706719459355,0.11901639344262288,0.8802022471910121,0.003374578177727784,0.6091572610985722
15,0.3,852,0.4929411764705882,0.9693333333333337,0.26803905891459934,0.15838427947598246,0.8553781512605065,0.004694835680751174,0.50986242138365
15,0.3,870,0.45294117647058824,0.9860000000000002,0.3311459077206304,0.1611374876360041,0.8697796143250703,0.006896551724137931,0.5221643518518514
15,0.3,851,0.48,0.9353333333333336,0.2296655201351842,0.14101928374655645,0.8167326732673285,0.0023501762632197414,0.5819552414605429
15,0.3,858,0.47294117647058825,0.958,0.26342913412276436,0.14507246376811575,0.830544871794875,0.0034965034965034965,0.5607056530214447
15,0.3,880,0.4823529411764706,0.9639999999999997,0.2834680883837897,0.15905333333333327,0.8374760383386612,0.005681818181818182,0.5340000000000014
15,0.3,849,0.47058823529411764,0.9686666666666668,0.26574656932199703,0.10814176245210726,0.817943262411351,0.0035335689045936395,0.5517257683215157
15,0.3,864,0.47294117647058825,0.9573333333333335,0.2843601194789151,0.16865781710914468,0.83484924623116,0.004629629629629629,0.5656821705426377
15,0.3,863,0.4788235294117647,0.9793333333333334,0.2898961545964215,0.15104761904761896,0.8286522911051244,0.004634994206257242,0.5521342646488171
15,0.3,855,0.5023529411764706,0.9780000000000001,0.28072760695913446,0.14843478260869555,0.8497338403041838,0.004678362573099415,0.5297767332549951
15,0.3,872,0.48705882352941177,0.9946666666666666,0.27898370410915324,0.15371868978805436,0.8278743961352666,0.006880733944954129,0.4508775981524253
15,0.3,874,0.46352941176470586,0.9679999999999997,0.2827637167801005,0.16094614264919907,0.854466666666669,0.004576659038901602,0.5399233716475105
15,0.3,871,0.47058823529411764,0.968,0.28716668385051597,0.15964912280701765,0.835372340425535,0.004592422502870264,0.5641253364090748
15,0.3,845,0.4976470588235294,0.9520000000000001,0.29762377743821045,0.16110157367668085,0.8503641456582662,0.004733727810650888,0.5551050336900525
15,0.3,850,0.4988235294117647,0.9586666666666671,0.31509238452178806,0.1201599999999998,0.8584839650145798,0.0058823529411764705,0.5451834319526648
15,0.3,831,0.48470588235294115,0.9686666666666669,0.2759878404984228,0.168116480793061,0.8404149377593374,0.006016847172081829,0.49405165456012945
15,0.3,854,0.4611764705882353,0.9366666666666664,0.28371761040736737,0.11078014184397178,0.8505869565217431,0.00234192037470726,0.6279968701095491
15,0.3,889,0.46941176470588236,0.9766666666666669,0.2821205494547951,0.1508680555555556,0.8346875000000024,0.00562429696287964,0.5032616892911022
15,0.3,868,0.5011764705882353,0.9326666666666668,0.26323206209100775,0.12233870967741954,0.8489486552567282,0.002304147465437788,0.6158083140877622
15,0.3,814,0.47058823529411764,0.9526666666666667,0.2621235500919873,0.17016819571865444,0.7954651162790723,0.004914004914004914,0.5383209876543237
15,0.3,868,0.4764705882352941,0.9653333333333333,0.271735899323431,0.1517837235228542,0.8235748792270542,0.00576036866359447,0.4747315565855561
15,0.3,829,0.5211764705882352,1.0033333333333336,0.294551359000674,0.1687150127226467,0.8430448717948739,0.0048250904704463205,0.5394545454545461
15,0.3,883,0.4764705882352941,0.9593333333333334,0.31472637181088736,0.12511470985155176,0.8469077306733207,0.0056625141562853904,0.5595064540622648
15,0.3,887,0.4611764705882353,0.9606666666666667,0.29335954686376065,0.16155038759689924,0.8416223404255343,0.005636978579481398,0.5519652305366616
15,0.3,842,0.46588235294117647,0.965333333333333,0.29760504360962375,0.09544871794871798,0.8532876712328803,0.004750593824228029,0.5479236276849653
15,0.3,902,0.4788235294117647,0.9526666666666671,0.28583189719533375,0.11760317460317442,0.8474107142857182,0.004434589800443459,0.5557683741648122
15,0.3,878,0.4576470588235294,0.9573333333333331,0.2821679235837559,0.12780235988200572,0.8270307167235516,0.004555808656036446,0.5353623188405802
15,0.3,900,0.4423529411764706,0.945333333333333,0.2583246857435392,0.12494202898550705,0.8094642857142867,0.0044444444444444444,0.4950409226190483
15,0.3,866,0.46941176470588236,0.9400000000000002,0.25452290907707753,0.1550285714285714,0.8239240506329156,0.003464203233256351,0.5586751641560476
15,0.3,852,0.4835294117647059,0.955333333333333,0.2824372818947502,0.1302252252252251,0.8530855018587377,0.004694835680751174,0.5226415094339631
15,0.3,860,0.47058823529411764,0.9853333333333336,0.28660885641630424,0.1420128205128206,0.8423552123552154,0.005813953488372093,0.5137153996101382
15,0.3,856,0.48823529411764705,0.94,0.2547020657407372,0.15562499999999993,0.8444578313253039,0.0035046728971962616,0.553810082063309
15,0.3,876,0.4835294117647059,0.9726666666666667,0.2772061587198775,0.18253571428571488,0.8209937888198785,0.005707762557077625,0.5285265977803313
15,0.3,873,0.4470588235294118,0.9713333333333333,0.29438451781603986,0.14606310013717427,0.8272093023255848,0.004581901489117984,0.5575604142692768
15,0.3,880,0.45647058823529413,0.9746666666666671,0.2953179606621521,0.17359523809523852,0.8571384615384636,0.005681818181818182,0.5237866666666681
15,0.4,810,0.5094117647058823,0.996,0.2911849568737657,0.11477064220183454,0.8658295964125575,0.0049382716049382715,0.5248469809760145
15,0.4,855,0.5164705882352941,0.9433333333333337,0.290782907814354,0.1228205128205126,0.8264634146341485,0.004678362573099415,0.5471445358401884
15,0.4,886,0.4752941176470588,0.994,0.30502166641422057,0.13238095238095252,0.8360000000000035,0.006772009029345372,0.5114242424242431
15,0.4,874,0.4541176470588235,0.9426666666666667,0.2898873543961727,0.16402190923317675,0.8532207792207834,0.004576659038901602,0.5836283524904234
15,0.4,851,0.45176470588235296,0.9719999999999999,0.2502380345140646,0.1409968847352024,0.805955555555556,0.004700352526439483,0.5042109405745765
15,0.3,864,0.4964705882352941,0.9686666666666666,0.28933839757663565,0.1801430143014301,0.8298705501618147,0.006944444444444444,0.5048989898989916
15,0.4,865,0.48,0.9580000000000001,0.2907414268542721,0.15948621553884715,0.8229745042492961,0.005780346820809248,0.531240310077522
15,0.4,881,0.4717647058823529,0.9580000000000001,0.3020129182807631,0.10336700336700336,0.8752173913043513,0.00340522133938706,0.5680599848139709
15,0.4,874,0.44588235294117645,0.9079999999999999,0.2273986658924338,0.15633802816901413,0.8488888888888917,0.0011441647597254005,0.6353073692248972
15,0.4,852,0.47411764705882353,0.9573333333333331,0.28196963497970556,0.12051480051480015,0.8571014492753622,0.005868544600938967,0.48065328610783264
15,0.4,875,0.45294117647058824,0.9886666666666667,0.30092181199921164,0.12547311827957,0.8964550264550274,0.006857142857142857,0.46888377445339485
15,0.4,859,0.47058823529411764,0.9533333333333337,0.2982865765000769,0.12633851468048327,0.8537150127226475,0.0034924330616996507,0.5882281931464182
15,0.4,886,0.44,0.9433333333333335,0.2679262562262114,0.14851851851851824,0.8412564102564122,0.002257336343115124,0.59411387631976
15,0.4,878,0.45529411764705885,0.9826666666666667,0.28039845592452206,0.15925641025641044,0.8378947368421062,0.004555808656036446,0.5194164759725416
15,0.4,850,0.45647058823529413,0.9766666666666667,0.27110706082019786,0.1564265536723165,0.817298245614038,0.004705882352941176,0.5158392434988192
15,0.4,857,0.49529411764705883,0.9559999999999996,0.25631477229068667,0.10947619047619066,0.8338338658146994,0.002333722287047841,0.5853255360623797
15,0.4,875,0.44941176470588234,0.9713333333333333,0.2942913207733285,0.14076260762607629,0.8536900369003705,0.005714285714285714,0.5117164750957868
15,0.4,885,0.4588235294117647,0.9686666666666666,0.26862222180924805,0.11557142857142842,0.8374698795180735,0.004519774011299435,0.5257510404842992
15,0.4,860,0.48470588235294115,0.9653333333333333,0.26770508482821725,0.1430769230769227,0.8479687500000013,0.0034883720930232558,0.5413730066122139
15,0.4,864,0.46,0.9773333333333333,0.2728808201542621,0.16231316725978664,0.8297854077253227,0.005787037037037037,0.49474194800155247
15,0.4,815,0.5129411764705882,0.9866666666666665,0.27032532673349985,0.11227536231884053,0.8119900497512447,0.0049079754601227,0.4805548705302109
15,0.4,849,0.49411764705882355,0.9279999999999999,0.2678828607461409,0.1396713615023473,0.8384513274336336,0.002355712603062426,0.6243329397874876
15,0.4,873,0.4811764705882353,0.9780000000000001,0.2997387610605863,0.12765091863517017,0.8417049180327879,0.0057273768613974796,0.5235407066052229
15,0.4,875,0.4788235294117647,0.9533333333333334,0.24539139493568818,0.17713541666666646,0.8305179282868547,0.0034285714285714284,0.5357683486238551
15,0.4,885,0.47294117647058825,0.9733333333333334,0.3145852258772125,0.13554038680318548,0.8433513513513554,0.005649717514124294,0.5364507575757596
15,0.4,819,0.49058823529411766,0.9586666666666666,0.2905789278510976,0.13129629629629633,0.8829245283018893,0.002442002442002442,0.5816319869441047
15,0.4,831,0.48,0.9526666666666667,0.2682956066454496,0.1551197053406995,0.8253392330383517,0.0036101083032490976,0.5747383252818045
15,0.4,850,0.45647058823529413,0.9426666666666667,0.26599183410396576,0.16182692307692295,0.8433454545454571,0.004705882352941176,0.5297832939322332
15,0.4,881,0.49176470588235294,0.958,0.2879136151253083,0.12498587570621432,0.8247987616099093,0.004540295119182747,0.5252413530976823
15,0.4,855,0.4682352941176471,0.9726666666666669,0.2770197766447456,0.15840940525587827,0.8303533568904624,0.004678362573099415,0.5308264786525684
15,0.4,857,0.5141176470588236,0.9333333333333336,0.2748113120696896,0.1763777777777776,0.8721608040201013,0.002333722287047841,0.6178245614035102
15,0.4,851,0.4623529411764706,0.9639999999999996,0.26389242074459845,0.1368646864686468,0.822957198443581,0.004700352526439483,0.5277922077922095
15,0.4,859,0.4588235294117647,0.9453333333333336,0.27896089698631255,0.14192118226600964,0.842390572390575,0.004656577415599534,0.5425886939571183
15,0.4,842,0.5047058823529412,0.9786666666666668,0.29384288201485514,0.13746612466124664,0.8592068965517256,0.0059382422802850355,0.5153962564715255
15,0.4,867,0.4623529411764706,0.9653333333333334,0.27764125971838516,0.12412698412698397,0.8363005780346853,0.0034602076124567475,0.564579475308642
15,0.4,863,0.4964705882352941,0.9606666666666668,0.2906699359231558,0.13361333333333295,0.8204334365325106,0.005793742757821553,0.5290442890442891
15,0.4,886,0.4752941176470588,0.9606666666666668,0.280726152281896,0.11208556149732601,0.8424107142857163,0.003386004514672686,0.5676292940732375
15,0.4,835,0.4894117647058824,0.954,0.2790696953635336,0.1392898550724634,0.8387591240875942,0.004790419161676647,0.5181869233854804
15,0.4,813,0.5094117647058823,0.9720000000000003,0.2836950961289991,0.14247572815533946,0.8285975609756131,0.0036900369003690036,0.5568518518518537
15,0.4,886,0.48823529411764705,0.9433333333333334,0.2702418312204047,0.16591065292096202,0.856206896551728,0.003386004514672686,0.5664363910909794
15,0.4,880,0.49058823529411766,0.9419999999999998,0.28846817128541147,0.1741628959276019,0.8346606334841672,0.004545454545454545,0.5880251141552556
15,0.4,856,0.4423529411764706,0.9586666666666668,0.29020634379250704,0.11350318471337587,0.8540919540229904,0.002336448598130841,0.6191022638563627
15,0.4,853,0.47294117647058825,0.9779999999999999,0.29929636382673613,0.14659999999999984,0.8646283783783809,0.004689331770222743,0.5303455045151162
15,0.4,902,0.4929411764705882,0.9513333333333335,0.27197034008774834,0.1741339869281044,0.8388250652741558,0.0033259423503325942,0.5775973303670784
15,0.4,813,0.49411764705882355,0.9733333333333334,0.2775195395034396,0.13169398907103813,0.8625092250922515,0.0036900369003690036,0.5504732510288077
15,0.4,872,0.4717647058823529,0.9506666666666664,0.27679207792989474,0.1104537521815007,0.8253205128205163,0.0034403669724770644,0.5471423091676262
15,0.4,862,0.47294117647058825,0.9453333333333332,0.2941364577519872,0.12426024955436699,0.8465577889447271,0.0034802784222737818,0.579627473806754
15,0.4,817,0.4858823529411765,0.9666666666666665,0.29832849740065265,0.11876811594202902,0.8568000000000036,0.0036719706242350062,0.5835913185913189
15,0.4,893,0.4823529411764706,0.9626666666666666,0.28977462903228585,0.12910052910052905,0.8396976744186091,0.0033594624860022394,0.6008014981273435
15,0.4,899,0.49058823529411766,0.948,0.2688027943230054,0.14728333333333316,0.8371036585365889,0.0033370411568409346,0.559356398809525
15,0.4,827,0.49176470588235294,0.9486666666666668,0.26347749162932327,0.17714285714285707,0.8373285198555989,0.0036275695284159614,0.5435881877022667
15,0.5,867,0.47058823529411764,0.9473333333333337,0.25478295363156656,0.16186324786324752,0.8184083044982716,0.0034602076124567475,0.536435185185188
15,0.5,871,0.4717647058823529,1.014,0.28739650107149556,0.17543589743589766,0.8606382978723413,0.008036739380022962,0.4437654320987662
15,0.5,862,0.4505882352941176,0.99,0.3027715932646665,0.14610945273631853,0.8394296577946773,0.0069605568445475635,0.46727414330218076
15,0.5,857,0.4752941176470588,0.9633333333333329,0.27058918202959,0.16242894056847543,0.8444298245614053,0.004667444574095682,0.506131301289568
15,0.5,849,0.46941176470588236,0.98,0.3070974291062454,0.1351790633608815,0.8308910891089144,0.004711425206124852,0.5636410256410272
15,0.5,840,0.4988235294117647,0.9453333333333334,0.28286002748099476,0.14232854864433792,0.8080528846153882,0.004761904761904762,0.5757894736842117
15,0.5,838,0.4964705882352941,0.9240000000000002,0.2439843629288502,0.15977591036414562,0.8263172043010777,0.002386634844868735,0.6016427432216931
15,0.5,883,0.4623529411764706,0.9446666666666665,0.2686503439523344,0.13440801457194876,0.8298791540785538,0.0033975084937712344,0.5551325757575791
15,0.5,839,0.4988235294117647,0.9473333333333335,0.2733932261988892,0.1554526748971192,0.8480357142857156,0.003575685339690107,0.5981618819776727
15,0.5,836,0.49058823529411766,0.9579999999999997,0.27744033251133265,0.17417886178861783,0.8322465753424673,0.004784688995215311,0.5694831730769246
15,0.5,875,0.4647058823529412,0.9593333333333331,0.3080404885611035,0.09680701754385972,0.8462121212121234,0.0034285714285714284,0.6095374617737002
15,0.5,868,0.4929411764705882,0.9780000000000001,0.2566230660390134,0.14410256410256383,0.8184146341463421,0.0034562211981566822,0.5248208092485547
15,0.5,868,0.4811764705882353,0.9533333333333334,0.2966146807446459,0.1493333333333335,0.8264754098360688,0.00576036866359447,0.5424063344920831
15,0.5,885,0.4576470588235294,0.9693333333333336,0.30179501838180955,0.12985507246376798,0.8512339331619578,0.004519774011299435,0.5638781687476373
15,0.5,885,0.45294117647058824,0.9459999999999996,0.25534612547131097,0.15126602564102554,0.8216603773584941,0.004519774011299435,0.5357283390087036
15,0.5,867,0.46588235294117647,0.9566666666666667,0.28314267183637365,0.18646746347941573,0.8392265193370191,0.00461361014994233,0.5620393974507542
15,0.5,879,0.47058823529411764,0.9739999999999998,0.2850769751013655,0.17684268426842695,0.8074709302325629,0.005688282138794084,0.5265560640732279
15,0.5,839,0.4835294117647059,0.964,0.2953824687667194,0.13108452950558197,0.8412299465240678,0.004767580452920143,0.5703952095808403
15,0.5,853,0.47294117647058825,0.9673333333333333,0.30598172025073733,0.1414583333333334,0.8593150684931533,0.005861664712778429,0.5176808176100642
15,0.5,840,0.49529411764705883,0.9446666666666665,0.2762159861107126,0.1318431372549019,0.8383529411764736,0.0035714285714285713,0.5654759060135419
15,0.5,824,0.5188235294117647,0.9566666666666669,0.25615893489277436,0.1585714285714285,0.8115315315315348,0.0036407766990291263,0.5642184328055244
15,0.5,870,0.4835294117647059,0.9700000000000004,0.27689099233642717,0.18661746617466168,0.8135854341736725,0.005747126436781609,0.5294335260115625
15,0.5,898,0.5011764705882353,0.931333333333333,0.2492449848872755,0.16882352941176465,0.8032165605095565,0.004454342984409799,0.5407680835197629
15,0.5,878,0.4835294117647059,0.9593333333333331,0.26236002238720185,0.16013043478260863,0.833062015503878,0.004555808656036446,0.5145652173913055
15,0.5,867,0.4682352941176471,0.9406666666666667,0.26042811719410225,0.16679549114331718,0.8181570996978881,0.00461361014994233,0.5522943221320996
15,0.5,828,0.4752941176470588,0.9566666666666669,0.29255623951708276,0.14284757118927954,0.8619875776397539,0.0036231884057971015,0.5634060606060609
15,0.5,851,0.4929411764705882,0.9626666666666667,0.2865505824298175,0.1594807370184253,0.8508064516129066,0.0035252643948296123,0.586957547169813
15,0.5,856,0.4894117647058824,0.9726666666666667,0.2703619922890044,0.11260869565217378,0.8103100775193826,0.004672897196261682,0.5217449139280139
15,0.5,850,0.49176470588235294,0.9460000000000002,0.2702203044116141,0.1366033755274262,0.8504444444444471,0.0035294117647058825,0.565513577331761
15,0.5,850,0.4776470588235294,0.9580000000000001,0.275232036720077,0.13352564102564082,0.8170915032679774,0.004705882352941176,0.541032308904651
15,0.5,870,0.49176470588235294,0.9466666666666664,0.2787770825002312,0.14190476190476173,0.8516013071895455,0.004597701149425287,0.5397767513471926
15,0.5,862,0.4588235294117647,0.9546666666666671,0.28822473905456086,0.13190476190476177,0.8745695364238437,0.0034802784222737818,0.5508381839348091
15,0.5,879,0.4717647058823529,0.95,0.24766729463315315,0.1560262725779964,0.8007142857142888,0.0034129692832764505,0.5308409436834128
15,0.5,867,0.4788235294117647,0.9626666666666667,0.2766572739917837,0.15608815426997238,0.8318709677419386,0.00461361014994233,0.5310776361529567
15,0.5,899,0.4682352941176471,0.9280000000000002,0.2637071568906249,0.1437853107344634,0.8032867132867155,0.004449388209121246,0.5231173184357563
15,0.5,858,0.46705882352941175,0.9726666666666667,0.27448229826641446,0.17014725568942446,0.8322887323943691,0.004662004662004662,0.5265339578454343
15,0.5,860,0.4823529411764706,0.9386666666666668,0.26553256429884275,0.11915151515151519,0.8268604651162833,0.0034883720930232558,0.5780746791131877
15,0.5,860,0.4835294117647059,0.9826666666666669,0.2958284575019121,0.15607142857142883,0.8546692607003905,0.0069767441860465115,0.4779195940671351
15,0.5,877,0.47294117647058825,0.974,0.30002638222824407,0.14323155216284988,0.8509539473684229,0.005701254275940707,0.5288264525993901
15,0.5,855,0.4682352941176471,0.944,0.26846329028418026,0.13458333333333325,0.8513253012048223,0.0035087719298245615,0.5820148669796552
15,0.5,878,0.4717647058823529,0.95,0.27092130146800425,0.19194999999999987,0.8785135135135141,0.003416856492027335,0.5609866666666693
15,0.5,820,0.4964705882352941,0.9673333333333333,0.31184369624503583,0.12277533039647569,0.8288967136150274,0.004878048780487805,0.5732230392156873
15,0.5,872,0.47411764705882353,0.9740000000000002,0.25067593857648557,0.14615776081424942,0.8040306122448982,0.005733944954128441,0.475890042291427
15,0.5,867,0.44823529411764707,0.9686666666666666,0.28868478986932367,0.1315947242206234,0.8245378151260524,0.0057670126874279125,0.4956573859242076
15,0.5,863,0.4717647058823529,0.9340000000000004,0.2415626497197175,0.1439544513457556,0.8003344481605388,0.0034762456546929316,0.5555813953488389
15,0.5,819,0.4811764705882353,0.9566666666666667,0.28763180944460215,0.11787321063394679,0.8515864022662927,0.003663003663003663,0.5739991830065378
15,0.5,857,0.46941176470588236,0.9786666666666668,0.280471123008156,0.14306834030683377,0.8256357388316179,0.004667444574095682,0.5330636967565472
15,0.5,835,0.45647058823529413,0.948,0.2800156296088105,0.13122807017543864,0.8343765903307911,0.003592814371257485,0.5909415064102579
15,0.5,862,0.47294117647058825,0.9760000000000002,0.28265576970649003,0.17145754119138154,0.8397619047619069,0.004640371229698376,0.5243939393939411
15,0.5,854,0.46705882352941175,0.9573333333333333,0.29841807762002437,0.15415654520917693,0.8876678445229703,0.00585480093676815,0.5284255987436225
20,0.1,855,0.46,0.9640000000000002,0.27539625916108235,0.15602898550724623,0.846738351254483,0.004678362573099415,0.5221464943204098
20,0.1,859,0.46,0.9813333333333333,0.30971468633093724,0.12946327683615785,0.8490566037735866,0.004656577415599534,0.5536725146198835
20,0.1,857,0.47411764705882353,0.9853333333333336,0.29724988329305513,0.15876084262701384,0.8330484330484367,0.005834305717619603,0.5413732394366212
20,0.1,863,0.48823529411764705,0.9666666666666669,0.26427871708632206,0.1866918238993711,0.8234220532319418,0.005793742757821553,0.509421134421136
20,0.1,844,0.46705882352941175,0.9566666666666667,0.26521333389618434,0.16924170616113732,0.8235830618892533,0.0035545023696682463,0.5514110186286171
20,0.1,853,0.4858823529411765,0.9686666666666663,0.3014539192947918,0.14404761904761892,0.860854430379749,0.004689331770222743,0.5443423635649789
20,0.1,868,0.45176470588235296,0.936,0.2627337593705754,0.13460526315789473,0.8199017199017254,0.0034562211981566822,0.6001502890173446
20,0.1,866,0.46941176470588236,0.9453333333333334,0.2973109317826897,0.15887005649717498,0.8585100286532992,0.004618937644341801,0.5619605568445498
20,0.1,868,0.4576470588235294,0.9753333333333336,0.27713208953609386,0.17607142857142888,0.8280792682926857,0.004608294930875576,0.5399189814814831
20,0.1,861,0.4541176470588235,0.9480000000000001,0.2625822219988301,0.14432432432432432,0.8331830238726833,0.0023228803716608595,0.5961389212262357
20,0.1,860,0.4929411764705882,0.9413333333333335,0.23737891105049594,0.14299999999999988,0.7962580645161329,0.0034883720930232558,0.5672851030727366
20,0.1,856,0.4858823529411765,0.9620000000000001,0.2699399240616444,0.12893267651888324,0.8459143968871629,0.004672897196261682,0.5282629107981246
20,0.1,886,0.4858823529411765,0.9553333333333333,0.2532379409545297,0.09969696969696984,0.8107485029940145,0.002257336343115124,0.5865422322775258
20,0.1,854,0.48,0.9580000000000003,0.27798940665140026,0.1782407407407407,0.8515523465703988,0.00468384074941452,0.5247176470588234
20,0.1,875,0.5,0.9793333333333334,0.29674500007410226,0.1473606370875996,0.8279333333333346,0.005714285714285714,0.5134712643678176
20,0.1,861,0.47294117647058825,0.9633333333333332,0.2928971901496726,0.11708754208754198,0.8557183908046015,0.003484320557491289,0.574067599067601
20,0.1,810,0.4717647058823529,1.0006666666666668,0.2867543594706375,0.13325077399380836,0.832954545454545,0.007407407407407408,0.4428358208955219
20,0.1,852,0.49529411764705883,0.9433333333333337,0.25442594618376424,0.09978873239436635,0.8861274509803929,0.002347417840375587,0.5347882352941196
20,0.1,833,0.47058823529411764,0.9693333333333334,0.27449075827615627,0.11155701754385965,0.8490223463687185,0.003601440576230492,0.5965943775100421
20,0.1,811,0.4988235294117647,0.9746666666666663,0.2840914474126329,0.09955782312925167,0.8105685618729123,0.0036991368680641184,0.5427764026402648
20,0.1,857,0.4823529411764706,0.9560000000000002,0.29359950222731995,0.13914614121510646,0.8560000000000009,0.003500583430571762,0.5676658860265418
20,0.1,832,0.48470588235294115,0.9686666666666663,0.26227039987310663,0.15487627365356624,0.8383406113537127,0.004807692307692308,0.4972061191626421
20,0.1,883,0.5,0.9886666666666667,0.32596469748043555,0.12034444444444437,0.8599376947040526,0.006795016987542469,0.5156366400608128
20,0.1,857,0.4811764705882353,0.9633333333333329,0.305571378921971,0.13631975867269952,0.8502284263959429,0.004667444574095682,0.58438452520516
20,0.1,863,0.46705882352941175,0.9460000000000001,0.2730666348409209,0.16036036036036067,0.832288732394368,0.005793742757821553,0.5044638694638711
20,0.1,878,0.4788235294117647,0.9613333333333329,0.28426386929228675,0.13897553516819555,0.8362569832402257,0.004555808656036446,0.5553775743707107
20,0.1,860,0.47411764705882353,0.9560000000000004,0.2718035240093134,0.17219471947194712,0.8550167224080304,0.0034883720930232558,0.5578218591987569
20,0.1,847,0.4811764705882353,0.9279999999999997,0.2720307396267803,0.10119047619047634,0.850121359223303,0.0023612750885478157,0.6200276134122296
20,0.1,899,0.4682352941176471,0.9660000000000001,0.2666498970935182,0.16107962213225374,0.841120331950209,0.004449388209121246,0.5141862197392922
20,0.1,882,0.4717647058823529,0.95,0.2553864149722753,0.1544991789819376,0.8310526315789498,0.0045351473922902496,0.5297722095672007
20,0.1,860,0.46941176470588236,0.9713333333333335,0.285037463521582,0.13407557354925748,0.815179153094466,0.004651162790697674,0.5180802180685384
20,0.1,883,0.4929411764705882,0.96,0.30309618801218247,0.13346153846153821,0.8516434540389997,0.004530011325028313,0.549984831247631
20,0.1,864,0.46352941176470586,0.9773333333333337,0.2572644575685635,0.14657333333333344,0.8524657534246566,0.004629629629629629,0.4804186046511635
20,0.1,836,0.4894117647058824,0.9506666666666668,0.2968594730797118,0.11333333333333319,0.8512500000000031,0.0035885167464114833,0.5795518207282925
20,0.1,883,0.45647058823529413,0.9526666666666669,0.2853057706712135,0.13150362318840564,0.8588919667590053,0.0033975084937712344,0.59423106060606
20,0.1,874,0.46705882352941175,0.9580000000000001,0.28973936835042174,0.15965217391304345,0.8573590504451062,0.004576659038901602,0.5520881226053642
20,0.1,887,0.46352941176470586,0.9786666666666668,0.28799621665108466,0.16112709832134314,0.8322549019607882,0.005636978579481398,0.5233522297808028
20,0.1,855,0.5,0.9406666666666667,0.24165572056415377,0.14241379310344843,0.8368678160919581,0.0023391812865497076,0.6099062133645977
20,0.1,838,0.46705882352941175,0.9526666666666667,0.25797680006255436,0.13222222222222224,0.8065588235294159,0.003579952267303103,0.572862275449104
20,0.1,879,0.49058823529411766,0.9573333333333333,0.2662507967002071,0.1615630885122408,0.8381842818428223,0.0034129692832764505,0.5851560121765629
20,0.1,882,0.47058823529411764,0.9453333333333334,0.29487739733597906,0.1142190016103057,0.8536811594202939,0.0045351473922902496,0.5633447228549763
20,0.1,832,0.4364705882352941,0.9633333333333335,0.28002364527619206,0.1572503242542155,0.8048909657320912,0.006009615384615385,0.5153728335348663
20,0.1,882,0.45529411764705885,0.9686666666666666,0.25942256933423957,0.17350326797385635,0.8310593220338992,0.0045351473922902496,0.5068451025056969
20,0.1,876,0.48,0.9706666666666665,0.2853973032046001,0.1426616915422886,0.8420664206642087,0.005707762557077625,0.5030118637581347
20,0.1,816,0.4541176470588235,0.9520000000000001,0.25968797620317485,0.19457627118644086,0.8200709219858188,0.004901960784313725,0.5269458128078832
20,0.1,880,0.46,0.9400000000000004,0.2871631962355385,0.12421157684630732,0.8458542141230088,0.003409090909090909,0.6129494488787541
20,0.1,871,0.4764705882352941,0.9746666666666666,0.2951097736463819,0.1736892052194546,0.8646645367412162,0.0057405281285878304,0.5285373364126265
20,0.1,856,0.4776470588235294,0.9646666666666668,0.2623275370395778,0.1466666666666664,0.827431506849318,0.0035046728971962616,0.5592067213755396
20,0.1,880,0.47294117647058825,0.9400000000000004,0.2725885571533092,0.14949999999999983,0.825754985754988,0.003409090909090909,0.5564272139870786
20,0.1,823,0.4858823529411765,0.9573333333333337,0.25737524306732895,0.14771836007130096,0.81466666666667,0.0036452004860267314,0.5516829268292714
20,0.2,862,0.47058823529411764,0.9513333333333333,0.2563489771989661,0.1401149425287354,0.8121568627451007,0.0034802784222737818,0.5609119130772231
20,0.2,846,0.48823529411764705,0.9373333333333335,0.2326535633106793,0.14343253968253958,0.8125592417061617,0.0035460992907801418,0.5263345195729543
20,0.2,893,0.4835294117647059,0.9419999999999998,0.2605901225097186,0.11076754385964921,0.8482792207792237,0.0033594624860022394,0.5776966292134831
20,0.2,864,0.47058823529411764,0.9633333333333334,0.27959953172607327,0.16875308641975326,0.8483739837398383,0.005787037037037037,0.5092704695382236
20,0.2,894,0.4752941176470588,0.9513333333333329,0.28520725955069537,0.14269230769230748,0.8436551724137978,0.003355704697986577,0.5978600823045293
20,0.2,860,0.44823529411764707,0.9799999999999998,0.3103826408559756,0.15565027322404418,0.8599013157894771,0.005813953488372093,0.5091267056530224
20,0.2,855,0.49058823529411766,0.934666666666667,0.2569839038307231,0.11609195402298857,0.8471967654986547,0.0023391812865497076,0.6112661195779614
20,0.2,865,0.47411764705882353,0.9559999999999998,0.26306581376697213,0.15011437908496716,0.8177429467084681,0.004624277456647399,0.5504490902051897
20,0.2,902,0.47058823529411764,0.9673333333333333,0.25925562271039876,0.1575982042648712,0.8201052631578947,0.005543237250554324,0.47011891490152513
20,0.2,840,0.4788235294117647,0.9693333333333332,0.29276476011893704,0.14001536098310263,0.8565460526315822,0.004761904761904762,0.5546012759170683
20,0.2,857,0.5117647058823529,0.9466666666666664,0.2669237350809372,0.15363963963963953,0.8310422535211303,0.003500583430571762,0.5746213895394249
20,0.2,829,0.46705882352941175,0.9993333333333334,0.27274584839350746,0.16212865497076048,0.8405676855895207,0.006031363088057901,0.47433656957928866
20,0.2,867,0.48470588235294115,0.9760000000000001,0.3018874912499176,0.13565583634175696,0.8470370370370401,0.0057670126874279125,0.5222041763341085
20,0.2,849,0.46352941176470586,0.9633333333333332,0.27201829671378225,0.1465151515151514,0.8344495412844048,0.004711425206124852,0.5072544378698244
20,0.2,837,0.4576470588235294,0.9440000000000002,0.26500098627566726,0.13010548523206755,0.8463022508038601,0.0035842293906810036,0.5709832134292598
20,0.2,854,0.48470588235294115,0.938666666666667,0.2556765389496955,0.13075664621676888,0.8451908396946586,0.00351288056206089,0.5508421464943228
20,0.2,870,0.4811764705882353,0.954,0.28947214915281144,0.10201257861635239,0.8571327014218045,0.0034482758620689655,0.6082429834678991
20,0.2,884,0.47058823529411764,0.986666666666667,0.2908581100686411,0.1610551558752999,0.8506968641115015,0.005656108597285068,0.5199431171786146
20,0.2,896,0.4776470588235294,0.9760000000000001,0.3081228982859403,0.13122655122655097,0.8599268292682956,0.004464285714285714,0.5732324364723477
20,0.2,862,0.4623529411764706,0.9653333333333334,0.29053263327060275,0.17580481622306757,0.8310317460317492,0.004640371229698376,0.5602913752913767
20,0.2,869,0.46588235294117647,0.9653333333333338,0.28793015023887636,0.12505882352941136,0.8307835820895544,0.005753739930955121,0.5025308641975319
20,0.2,807,0.5047058823529412,0.9466666666666667,0.2570888641559407,0.1520576131687241,0.8203030303030309,0.004956629491945477,0.4773889580738899
20,0.2,817,0.4788235294117647,0.9553333333333333,0.27788584318923426,0.14650075414781272,0.8086144578313291,0.004895960832313341,0.5339155391553939
20,0.2,864,0.4788235294117647,0.9533333333333334,0.28877873813265376,0.14209756097560955,0.8552424242424264,0.003472222222222222,0.5671273712737136
20,0.2,856,0.46941176470588236,0.9940000000000003,0.3107931193104073,0.13456500488758572,0.8329666666666673,0.007009345794392523,0.4707098039215687
20,0.2,850,0.4894117647058824,0.9466666666666667,0.29616613195810554,0.13403100775193763,0.8369866666666683,0.004705882352941176,0.5640898345153671
20,0.2,898,0.4447058823529412,0.9513333333333335,0.2765379929968328,0.12245528455284534,0.8218373493975946,0.004454342984409799,0.550898583146906
20,0.2,835,0.4964705882352941,0.9573333333333335,0.2925654946016796,0.154732026143791,0.8234218289085588,0.004790419161676647,0.5388166867228257
20,0.2,811,0.5117647058823529,0.9520000000000001,0.2674579143664261,0.1383798882681563,0.8487453874538754,0.0036991368680641184,0.5385891089108935
20,0.2,828,0.49176470588235294,0.9673333333333333,0.267443620174353,0.1690884353741498,0.8194509803921587,0.004830917874396135,0.511913430420713
20,0.2,860,0.4541176470588235,0.968,0.2777891817877638,0.12489795918367334,0.8431972789115663,0.0034883720930232558,0.5508479190976276
20,0.2,845,0.47411764705882353,0.9766666666666667,0.3134742127428131,0.12236211031175034,0.8449664429530199,0.005917159763313609,0.5058769841269851
20,0.2,859,0.4776470588235294,0.9613333333333333,0.2835806414344828,0.12449685534591193,0.8325083612040168,0.004656577415599534,0.5389122807017556
20,0.2,880,0.4788235294117647,0.9780000000000001,0.2963968730851131,0.12791044776119376,0.830271084337353,0.005681818181818182,0.5231390476190502
20,0.2,836,0.46941176470588236,0.9486666666666665,0.29113501867011626,0.09428874734607236,0.8494545454545485,0.0035885167464114833,0.5913965586234519
20,0.2,865,0.4682352941176471,0.9760000000000004,0.2888254951265246,0.15904761904761947,0.8261682242990686,0.005780346820809248,0.517453488372094
20,0.2,802,0.4823529411764706,0.9526666666666667,0.2645119765382378,0.15404907975460108,0.8418620689655191,0.0024937655860349127,0.5679833333333345
20,0.2,847,0.49411764705882355,0.9726666666666667,0.2585632083140594,0.1769571865443426,0.8067868852459048,0.004722550177095631,0.5399485962831185
20,0.2,866,0.47058823529411764,0.9533333333333334,0.278822361806872,0.11814814814814825,0.8500216919739721,0.0023094688221709007,0.6293595679012347
20,0.2,860,0.46941176470588236,0.9613333333333336,0.28722214547183855,0.14257425742574242,0.8459504132231435,0.0034883720930232558,0.5771878646441078
20,0.2,870,0.46352941176470586,0.9260000000000004,0.2641097939114207,0.1159899749373435,0.8351538461538482,0.0022988505747126436,0.5995814132104463
20,0.2,900,0.45294117647058824,0.9519999999999998,0.2668863287827833,0.12618249534450632,0.8145652173913088,0.0033333333333333335,0.5646636937941306
20,0.2,818,0.4811764705882353,0.9626666666666663,0.2878918508306615,0.09200913242009148,0.8448445595854931,0.0024449877750611247,0.6016625816993456
20,0.2,849,0.46,0.9726666666666667,0.3036414136740936,0.14351111111111076,0.8569337016574621,0.004711425206124852,0.5691834319526636
20,0.2,895,0.4988235294117647,0.96,0.2902191681575331,0.1392669432918394,0.8227298050139314,0.004469273743016759,0.5569173213617689
20,0.2,860,0.47294117647058825,0.9719999999999995,0.2872110411076586,0.15279487179487197,0.8432758620689683,0.005813953488372093,0.5208109161793394
20,0.2,888,0.4647058823529412,0.9459999999999996,0.28933309961200443,0.1474733637747334,0.846163682864453,0.0045045045045045045,0.5698114630467586
20,0.2,862,0.47294117647058825,0.9653333333333334,0.2916607466740631,0.1384224965706447,0.8202023121387318,0.004640371229698376,0.5526495726495734
20,0.2,900,0.4682352941176471,0.9620000000000003,0.27778953886249336,0.1938485804416406,0.8255852842809405,0.006666666666666667,0.5146569724086522
20,0.2,861,0.47411764705882353,0.9526666666666667,0.25274571954006203,0.14369565217391309,0.8319505494505541,0.0023228803716608595,0.5994024058983334
20,0.3,857,0.46588235294117647,0.9413333333333337,0.2638712159748621,0.14880837359098223,0.8349411764705907,0.003500583430571762,0.5342740046838419
20,0.3,842,0.4929411764705882,0.9526666666666667,0.2511460716038083,0.12478260869565219,0.8183988764044993,0.0023752969121140144,0.5879047619047646
20,0.3,861,0.4376470588235294,0.9446666666666668,0.28193059233831985,0.13762430939226483,0.8502285714285729,0.003484320557491289,0.5705555555555564
20,0.3,870,0.4776470588235294,0.9959999999999999,0.27944509264559336,0.14074626865671666,0.8036619718309862,0.006896551724137931,0.449749228395062
20,0.3,862,0.48470588235294115,0.9419999999999998,0.2640544920943308,0.18537444933920716,0.8266457680250802,0.004640371229698376,0.5432128982128994
20,0.3,853,0.4929411764705882,0.960666666666667,0.2828759202959542,0.16237288135593222,0.8196524064171165,0.004689331770222743,0.5667216332940731
20,0.3,835,0.4835294117647059,0.9520000000000001,0.2957869185769971,0.12541666666666662,0.8297783933518028,0.004790419161676647,0.560898515844365
20,0.3,867,0.4776470588235294,0.9766666666666667,0.27429787524075067,0.17086419753086432,0.8216666666666704,0.0057670126874279125,0.5160904872389802
20,0.3,871,0.48470588235294115,0.9886666666666664,0.28259237976434104,0.11365824308062548,0.7987394957983206,0.0057405281285878304,0.4794880677444198
20,0.3,881,0.5011764705882353,0.961333333333333,0.27880160573194435,0.13145214521452128,0.820026809651478,0.004540295119182747,0.5643671607753727
20,0.3,835,0.4823529411764706,0.9526666666666666,0.2676678898752417,0.1462566844919785,0.8301000000000018,0.003592814371257485,0.5383894230769243
20,0.3,844,0.47294117647058825,0.9386666666666663,0.25203000289648503,0.15030465949820784,0.8188333333333346,0.0035545023696682463,0.5352952833927879
20,0.3,849,0.4788235294117647,0.9646666666666666,0.2639884799614774,0.1706132075471697,0.8341958041958076,0.004711425206124852,0.5472268244575939
20,0.3,860,0.4752941176470588,0.9826666666666669,0.32443191883091743,0.15119576719576744,0.8545505617977561,0.005813953488372093,0.5281637426900606
20,0.3,901,0.46352941176470586,0.9353333333333335,0.24593949369858026,0.09752450980392173,0.8294736842105285,0.0022197558268590455,0.5768038561364481
20,0.3,822,0.48470588235294115,0.9513333333333333,0.28205733113060627,0.11717117117117111,0.8526101694915283,0.0036496350364963502,0.5573789173789174
20,0.3,839,0.48470588235294115,0.9466666666666671,0.2606310451357487,0.13851851851851857,0.8135989010989039,0.003575685339690107,0.5786403508771952
20,0.3,857,0.5058823529411764,0.9780000000000001,0.31183129834843826,0.10232067510548504,0.87193442622951,0.004667444574095682,0.5282063305978898
20,0.3,858,0.4764705882352941,0.9359999999999998,0.3013433132862473,0.1129690346083788,0.8804456824512549,0.0034965034965034965,0.5758440545808988
20,0.3,861,0.4776470588235294,0.9813333333333333,0.3104928455618093,0.14427813163481956,0.8463028169014107,0.005807200929152149,0.49950155763240056
20,0.3,854,0.46352941176470586,0.9366666666666669,0.28725248790691155,0.12983682983682987,0.8612895927601826,0.00234192037470726,0.6247613458528966
20,0.3,852,0.4894117647058824,0.9313333333333335,0.2579644842084048,0.1526274509803921,0.8577037037037057,0.0035211267605633804,0.5466352571652956
20,0.3,851,0.48823529411764705,0.9786666666666668,0.3077123006122586,0.15093989071038286,0.8406709265175751,0.007050528789659225,0.5032938856015794
20,0.3,901,0.46352941176470586,0.9719999999999996,0.29715649844882147,0.14067193675889308,0.8519154929577483,0.005549389567147614,0.5426190476190474
20,0.3,866,0.46588235294117647,0.9513333333333335,0.2725294055211136,0.15013333333333329,0.8368982630273003,0.003464203233256351,0.5910196987253797
20,0.3,811,0.48470588235294115,0.960666666666667,0.2597602410399799,0.1653881278538812,0.825314960629923,0.004932182490752158,0.5186080132176797
20,0.3,819,0.4894117647058824,0.9979999999999999,0.31561954443177376,0.15967479674796783,0.8731788079470212,0.006105006105006105,0.524885339885341
20,0.3,853,0.48823529411764705,0.9573333333333335,0.27502506422129536,0.17556998556998565,0.8440531561461814,0.004689331770222743,0.5417039654495498
20,0.3,861,0.4835294117647059,0.9553333333333336,0.29192676389698224,0.1424766355140185,0.8533146067415763,0.004645760743321719,0.5600155581485826
20,0.3,876,0.47294117647058825,0.9533333333333335,0.2784551992409544,0.15372357723577215,0.8414492753623221,0.0045662100456621,0.558853211009176
20,0.3,830,0.47411764705882353,0.9659999999999999,0.29124510270685544,0.17564625850340132,0.8682006920415256,0.004819277108433735,0.5359281678773207
20,0.3,853,0.48,0.9760000000000001,0.3101824284580938,0.16273446327683644,0.833046875000005,0.005861664712778429,0.5454638364779887
20,0.3,861,0.48705882352941177,0.9819999999999997,0.3205114275567668,0.12228070175438557,0.8808045977011533,0.005807200929152149,0.554742990654207
20,0.3,880,0.45529411764705885,0.961333333333333,0.2573857845180251,0.17524344569288383,0.8316000000000037,0.003409090909090909,0.576978335233755
20,0.3,806,0.46588235294117647,0.9693333333333332,0.28934936041612125,0.16413398692810452,0.8634504792332292,0.0037220843672456576,0.5666998754670008
20,0.3,853,0.4764705882352941,0.983333333333333,0.28793364039660857,0.16051461988304136,0.81803278688525,0.005861664712778429,0.5169300314465416
20,0.3,863,0.46705882352941175,0.9500000000000004,0.28457711271871217,0.1517351598173512,0.8420294117647096,0.004634994206257242,0.5512727978269328
20,0.3,884,0.4835294117647059,0.9339999999999997,0.2764356341523944,0.15919191919191905,0.831717171717175,0.004524886877828055,0.5771439393939413
20,0.3,834,0.49058823529411766,0.9793333333333334,0.26517070745305543,0.1576419213973799,0.814528301886795,0.004796163069544364,0.5218192771084355
20,0.3,856,0.46352941176470586,0.9326666666666668,0.25433706300366576,0.2046874999999999,0.8228865979381481,0.0035046728971962616,0.5909105119187198
20,0.3,865,0.4647058823529412,0.9526666666666666,0.2739852414328147,0.12615023474178413,0.8664879356568382,0.0023121387283236996,0.5998261877172673
20,0.3,901,0.49176470588235294,0.9700000000000002,0.28487934746235277,0.17059936908517367,0.8268085106382999,0.006659267480577136,0.5057430167597782
20,0.3,903,0.4894117647058824,0.9533333333333334,0.2688145460454393,0.12638146167557934,0.8220414201183459,0.0033222591362126247,0.5554222222222244
20,0.3,843,0.4823529411764706,0.9586666666666668,0.2843431224933259,0.1524116743471581,0.8140099009901041,0.004744958481613286,0.5692133492252708
20,0.3,820,0.4823529411764706,0.9466666666666664,0.2804661519194302,0.1171491228070177,0.831146067415734,0.0024390243902439024,0.6241605541972312
20,0.3,835,0.4505882352941176,0.9466666666666667,0.26906695252122614,0.16742268041237113,0.8378481012658244,0.003592814371257485,0.5587419871794881
20,0.3,858,0.46,0.9926666666666664,0.2882841946816861,0.13617380025940332,0.8121951219512226,0.005827505827505828,0.5179562329034784
20,0.3,842,0.4776470588235294,0.9626666666666667,0.26743628151608456,0.1306821705426355,0.8213438735177889,0.004750593824228029,0.5237987271280832
20,0.3,855,0.4858823529411765,0.9826666666666664,0.24554114325817195,0.19263610315186253,0.7891878172588837,0.008187134502923977,0.4407743710691825
20,0.4,847,0.47411764705882353,0.9486666666666665,0.31880782426114535,0.1498616874135545,0.8777659574468117,0.004722550177095631,0.5667734282325043
20,0.3,867,0.47058823529411764,0.9486666666666668,0.2605676209982814,0.10958071278825997,0.8293286219081283,0.0034602076124567475,0.5501466049382717
20,0.4,856,0.47294117647058825,0.9526666666666666,0.27500463428141314,0.15351851851851844,0.8388161209068051,0.0035046728971962616,0.5887416959749936
20,0.4,854,0.48470588235294115,0.9633333333333329,0.27199216279535127,0.14587962962962933,0.8156325301204849,0.00468384074941452,0.5455921568627475
20,0.4,895,0.4647058823529412,0.9386666666666668,0.26917729631726284,0.1719068413391557,0.8385625000000025,0.004469273743016759,0.5444556677890042
20,0.4,872,0.4788235294117647,0.9220000000000005,0.2706384806859887,0.10960093896713625,0.8502881844380438,0.0022935779816513763,0.5827471264367841
20,0.4,831,0.5223529411764706,0.9673333333333337,0.2780969044077794,0.16507861635220114,0.8279941860465145,0.0048134777376654635,0.5652357920193475
20,0.4,862,0.47411764705882353,0.9293333333333332,0.2744511445621241,0.09933333333333351,0.842626262626265,0.002320185614849188,0.6038488372093032
20,0.4,812,0.4964705882352941,0.9833333333333335,0.3124247580079147,0.14667887667887666,0.8800000000000013,0.006157635467980296,0.5074225526641889
20,0.4,847,0.4894117647058824,0.9906666666666663,0.28115903605556897,0.13098039215686258,0.8191428571428576,0.0059031877213695395,0.4651385589865396
20,0.4,875,0.4752941176470588,0.9859999999999997,0.29067134867946215,0.12404761904761888,0.8334016393442637,0.005714285714285714,0.48671264367816114
20,0.4,855,0.4764705882352941,0.9846666666666666,0.30189002218261846,0.1619487179487181,0.84728767123288,0.004678362573099415,0.553016059537801
20,0.4,873,0.46352941176470586,0.9593333333333336,0.27580888192558456,0.13263464337700132,0.8433606557377062,0.004581901489117984,0.5112965093977759
20,0.4,888,0.4717647058823529,0.9519999999999997,0.28546607973557253,0.15267702936096683,0.8539066339066373,0.0033783783783783786,0.604911487758948
20,0.4,833,0.4717647058823529,0.9426666666666667,0.27826716148932945,0.13469255663430407,0.8087215909090936,0.004801920768307323,0.553908323281063
20,0.4,846,0.46941176470588236,0.9473333333333332,0.23852156143341638,0.17881104033970233,0.8020621468926584,0.0035460992907801418,0.5744563068406501
20,0.4,883,0.4647058823529412,0.974,0.2717884671783107,0.16664414414414425,0.8214049586776876,0.0056625141562853904,0.49583902809415226
20,0.4,847,0.48470588235294115,0.9813333333333338,0.28388818904836094,0.14309701492537297,0.8244106463878349,0.0059031877213695395,0.5105186064924795
20,0.4,823,0.48705882352941177,0.96,0.24020638330880403,0.14847874720357934,0.8308403361344544,0.002430133657351154,0.5421762078765742
20,0.4,850,0.47058823529411764,0.9420000000000003,0.2693947977751881,0.13219251336898388,0.8148024316109451,0.0035294117647058825,0.560133805588353
20,0.4,846,0.5235294117647059,0.9880000000000001,0.3213294128864956,0.11744623655913969,0.8444358974359004,0.00591016548463357,0.5599682917162104
20,0.4,863,0.48470588235294115,0.9606666666666667,0.24822353895114563,0.16220634920634913,0.7895306859205805,0.004634994206257242,0.5292588280946858
20,0.4,887,0.4717647058823529,0.9353333333333332,0.2537561363198486,0.1454732510288063,0.8245505617977558,0.0033821871476888386,0.5785180995475145
20,0.4,874,0.46941176470588236,0.9633333333333332,0.26170809189525845,0.16652173913043467,0.8463605442176907,0.003432494279176201,0.5559357060849616
20,0.4,825,0.47294117647058825,0.9613333333333335,0.2749765494922075,0.1294270833333331,0.8239933993399352,0.0036363636363636364,0.5444160583941611
20,0.4,837,0.48,0.97,0.2685304986549829,0.12777777777777755,0.8409836065573769,0.0047789725209080045,0.5044817927170867
20,0.4,827,0.47294117647058825,0.9986666666666667,0.2899526145388117,0.11949535192563053,0.8115985130111539,0.006045949214026602,0.5048783454987839
20,0.4,824,0.4894117647058824,0.964,0.2883485002844625,0.14162640901771312,0.8422522522522552,0.0036407766990291263,0.565253755582623
20,0.4,875,0.4858823529411765,0.9826666666666667,0.302363718060848,0.13601884570082445,0.8397196261682279,0.005714285714285714,0.5107164750957868
20,0.4,854,0.4894117647058824,0.9826666666666669,0.2778675068609196,0.1526258992805757,0.8493518518518532,0.00585480093676815,0.4874754613270528
20,0.4,903,0.45294117647058824,0.9613333333333335,0.2976665112177177,0.12714499252615832,0.8385148514851511,0.004429678848283499,0.561097515758252
20,0.4,852,0.46588235294117647,0.9506666666666664,0.27582355028821576,0.12872146118721425,0.8532300884955766,0.004694835680751174,0.5152279874213843
20,0.4,893,0.46,0.945333333333333,0.2813181648527705,0.14635620915032674,0.8437234042553219,0.004479283314669653,0.5668728908886402
20,0.4,867,0.4623529411764706,0.922,0.2352802501857088,0.1028014184397163,0.8296307692307716,0.0011534025374855825,0.5936989992301793
20,0.4,863,0.4611764705882353,0.9386666666666665,0.2629836316194214,0.12348148148148136,0.8153898305084769,0.0034762456546929316,0.5456550387596911
20,0.4,874,0.4811764705882353,0.9566666666666664,0.29109478652287285,0.16515151515151477,0.8445585215605789,0.003432494279176201,0.6171526980482209
20,0.4,870,0.46705882352941175,0.9466666666666667,0.2501561426178381,0.18186274509803915,0.8107987220447309,0.004597701149425287,0.5470631254811426
20,0.4,866,0.45647058823529413,0.954,0.280212188908796,0.15675799086757986,0.8370180722891594,0.004618937644341801,0.5397061098221217
20,0.4,842,0.4611764705882353,0.9419999999999998,0.26731841266111595,0.12111111111111111,0.8549635036496381,0.0023752969121140144,0.6261547619047652
20,0.4,859,0.4929411764705882,0.9493333333333334,0.26299735273662195,0.15455056179775256,0.8482481751824835,0.0034924330616996507,0.5534774143302201
20,0.4,822,0.47411764705882353,0.9580000000000003,0.2627195506508189,0.17248062015503907,0.8623560209424093,0.006082725060827251,0.482480620155041
20,0.4,856,0.46705882352941175,0.9500000000000002,0.29760902167021663,0.12350954478707761,0.849343283582092,0.004672897196261682,0.5435015649452287
20,0.4,889,0.45176470588235296,0.9620000000000003,0.29777830788744825,0.13904761904761892,0.8947619047619061,0.0044994375703037125,0.5345084745762715
20,0.4,871,0.5,0.9606666666666667,0.28969325075567426,0.14376865671641786,0.8344326241134776,0.0057405281285878304,0.5069515011547341
20,0.4,860,0.46352941176470586,0.9579999999999997,0.28700927172708285,0.10868978805394999,0.8408488063660515,0.0034883720930232558,0.5800544535200329
20,0.4,847,0.5141176470588236,0.9539999999999994,0.29266590431897127,0.16479853479853504,0.8329411764705911,0.0059031877213695395,0.5253602533650052
20,0.4,845,0.49058823529411766,0.98,0.29946387602796765,0.13992997198879542,0.8289378238342009,0.004733727810650888,0.551319857312725
20,0.4,815,0.48705882352941177,0.9546666666666668,0.25269347427009253,0.17567528735632193,0.8115789473684218,0.0049079754601227,0.5070365803534744
20,0.4,848,0.48470588235294115,0.951333333333333,0.284278203064015,0.13402697495183033,0.8578005865102672,0.003537735849056604,0.579459566074952
20,0.4,851,0.4858823529411765,0.9426666666666667,0.3016341491781037,0.09989177489177511,0.87317777777778,0.0035252643948296123,0.6323113207547187
20,0.4,852,0.47058823529411764,0.9566666666666667,0.2692165982942555,0.15992559523809527,0.8790950226244342,0.004694835680751174,0.5096698113207567
20,0.5,869,0.48823529411764705,0.9766666666666662,0.28320332759938177,0.17118888888888917,0.8232857142857173,0.005753739930955121,0.5039506172839527
20,0.5,881,0.4752941176470588,0.9719999999999999,0.29634223514896646,0.12636225266362225,0.8585131195335283,0.004540295119182747,0.5613226909920167
20,0.5,842,0.5105882352941177,0.9633333333333335,0.31318151367879926,0.129921752738654,0.8714784946236585,0.004750593824228029,0.5771439936356406
20,0.5,859,0.49529411764705883,0.9713333333333333,0.29469886598851214,0.1513653136531364,0.8510035842293914,0.005820721769499418,0.5186338797814204
20,0.5,871,0.4976470588235294,0.9413333333333335,0.2741844708405746,0.15438045375218123,0.8343176178660082,0.003444316877152698,0.5833448540706636
20,0.5,860,0.4988235294117647,0.9586666666666666,0.258874050434666,0.144235474006116,0.8155725190839724,0.004651162790697674,0.5223130841121504
20,0.5,863,0.48,0.9453333333333334,0.2843220334508166,0.13470389170896785,0.8262439024390277,0.004634994206257242,0.5784827318587522
20,0.5,845,0.4717647058823529,0.9846666666666671,0.28173960537283654,0.12046251993620402,0.8330069930069965,0.004733727810650888,0.5337019421323835
20,0.5,839,0.47058823529411764,0.9800000000000002,0.3096619027638826,0.15688505747126447,0.8476615384615418,0.0059594755661501785,0.5129936051159097
20,0.5,847,0.5,0.97,0.25897288968670307,0.18424242424242432,0.8069090909090922,0.0059031877213695395,0.48095407759303316
20,0.5,853,0.4376470588235294,0.9933333333333333,0.31392171685964776,0.12083032490974713,0.8262994350282518,0.005861664712778429,0.5183058176100636
20,0.5,849,0.47411764705882353,0.9646666666666666,0.28974871521447365,0.14161904761904764,0.8413961038961061,0.005889281507656066,0.5265086887835713
20,0.5,870,0.49058823529411766,0.974,0.303259892188352,0.1404225352112676,0.8287683284457502,0.005747126436781609,0.5147630057803474
20,0.5,831,0.4811764705882353,0.9673333333333332,0.29671496623456595,0.132079646017699,0.8325568181818217,0.0048134777376654635,0.5482869810560277
20,0.5,870,0.48,0.9560000000000001,0.287885491109528,0.10391385767790266,0.8654925373134349,0.0034482758620689655,0.5769511726259146
20,0.5,876,0.4858823529411765,0.9606666666666667,0.3281883632594302,0.12317204301075238,0.8724162679425869,0.005707762557077625,0.5815843857634903
20,0.5,878,0.4776470588235294,0.9633333333333335,0.25663050607891774,0.17610281923714757,0.8269968051118234,0.003416856492027335,0.5528419047619074
20,0.5,898,0.46705882352941175,0.9686666666666666,0.2758287079639684,0.13845598845598833,0.8122891566265082,0.004454342984409799,0.5364504101416879
20,0.5,870,0.46588235294117647,1.0013333333333332,0.27397098072431575,0.1784651600753302,0.808000000000002,0.006896551724137931,0.4642129629629643
20,0.5,873,0.47058823529411764,0.9973333333333333,0.31019779278637266,0.1338470728793309,0.8565662650602435,0.0057273768613974796,0.5207757296466987
20,0.5,826,0.4541176470588235,0.9806666666666665,0.2607130590804372,0.14656862745098068,0.8313725490196069,0.007263922518159807,0.443085365853659
20,0.5,820,0.48,0.9633333333333332,0.28134091800690725,0.13147163120567365,0.864927007299271,0.003658536585365854,0.5468625050999607
20,0.5,878,0.47294117647058825,0.944,0.2424613596242695,0.16724196277495748,0.8236882129277582,0.004555808656036446,0.5236765827612514
20,0.5,887,0.4823529411764706,0.9666666666666669,0.27353196558074394,0.13251436781609163,0.8147079037800713,0.004509582863585118,0.5276783691959219
20,0.5,869,0.4976470588235294,0.969333333333333,0.28811005382627713,0.1233870967741936,0.8345893719806807,0.0034522439585730723,0.5901462663587407
20,0.5,910,0.46,0.9433333333333335,0.28952001128053134,0.13577114427860662,0.8257455268389697,0.004395604395604396,0.6080647534952183
20,0.5,835,0.4894117647058824,0.9726666666666667,0.29664964100662017,0.15778635778635808,0.8426168224299105,0.004790419161676647,0.53251905334938
20,0.5,897,0.4647058823529412,0.9693333333333334,0.2872461216628895,0.1476068376068377,0.832222222222226,0.005574136008918618,0.5229932735426036
20,0.5,895,0.48470588235294115,0.9400000000000002,0.2519111360121751,0.1604146730462519,0.7952321981424184,0.004469273743016759,0.541328095772542
20,0.5,894,0.46352941176470586,0.9859999999999997,0.3269383599304406,0.15811403508771948,0.8734196891191752,0.005592841163310962,0.5431833520809923
20,0.5,842,0.49529411764705883,0.9426666666666667,0.24912788126780952,0.1559098228663443,0.8199999999999993,0.0035629453681710215,0.516722288438619
20,0.5,860,0.4682352941176471,0.9499999999999998,0.26380709335901986,0.14640873015873004,0.8342249240121618,0.0034883720930232558,0.5710812913263342
20,0.5,882,0.45176470588235296,0.9606666666666668,0.28804783665112377,0.15668308702791442,0.8611141304347846,0.003401360544217687,0.5770155479711809
20,0.5,860,0.5011764705882353,0.9586666666666666,0.30554313170646386,0.14255952380952355,0.837056179775286,0.004651162790697674,0.5853816199376962
20,0.5,870,0.46,0.984,0.2740210401483297,0.14141914191419153,0.8162926829268299,0.006896551724137931,0.4752662037037033
20,0.5,873,0.4835294117647059,0.9753333333333333,0.2977172461218574,0.12972327044025153,0.8310596026490082,0.0057273768613974796,0.5202073732718901
20,0.5,857,0.49529411764705883,0.9493333333333331,0.2875608372400797,0.1406829268292679,0.8433243967828449,0.004667444574095682,0.5752637749120776
20,0.5,848,0.4858823529411765,0.9613333333333335,0.27239602491433323,0.15694704049844244,0.844618181818184,0.0047169811320754715,0.5313467614533979
20,0.5,902,0.46352941176470586,0.9546666666666668,0.2813434338872911,0.15073929961089483,0.8342507645259963,0.005543237250554324,0.5314083983649207
20,0.5,872,0.4752941176470588,0.9686666666666666,0.2593648060824344,0.1671717171717172,0.8351351351351366,0.005733944954128441,0.4873933102652839
20,0.5,871,0.47294117647058825,0.9293333333333333,0.26634972780821864,0.12246085011185683,0.8340686274509855,0.003444316877152698,0.6038863287250417
20,0.5,843,0.48705882352941177,0.9733333333333332,0.28123943280119146,0.1418806744487677,0.8231111111111135,0.005931198102016607,0.5028440731901355
20,0.5,865,0.45529411764705885,0.9566666666666664,0.26627456032885616,0.13968333333333308,0.8314942528735658,0.003468208092485549,0.5466937354988415
20,0.5,855,0.4752941176470588,0.925333333333333,0.2646873818570495,0.12401234567901233,0.8244879518072312,0.0035087719298245615,0.5719640062597809
20,0.5,863,0.46705882352941175,0.9420000000000003,0.2714905870690176,0.13565656565656567,0.8410526315789502,0.0034762456546929316,0.593368217054264
20,0.5,849,0.4823529411764706,0.9646666666666665,0.3042531402958456,0.13987608426270137,0.8352121212121235,0.005889281507656066,0.5190323854660363
20,0.5,873,0.44588235294117645,0.926,0.26809607849881334,0.11344569288389514,0.8237741935483898,0.003436426116838488,0.5516973180076639
20,0.5,845,0.4752941176470588,0.9653333333333334,0.2770671495984931,0.14897798742138338,0.8175000000000037,0.004733727810650888,0.5489536266349592
20,0.5,860,0.4752941176470588,0.9673333333333332,0.3267763093795474,0.13838472834067508,0.8762826086956529,0.004651162790697674,0.6088785046728972
20,0.5,886,0.4588235294117647,0.9613333333333333,0.25850154818311605,0.12350694444444432,0.8150352112676089,0.003386004514672686,0.5414156285390734
25,0.1,837,0.47294117647058825,0.9806666666666668,0.3165348330099933,0.09914614121510668,0.8587830687830704,0.0047789725209080045,0.5755542216886775
25,0.1,894,0.47294117647058825,0.9933333333333332,0.2815182114985131,0.1702036441586283,0.8527896995708174,0.006711409395973154,0.49404654654654684
25,0.1,840,0.49411764705882355,0.986666666666667,0.272912316453286,0.1586351706036745,0.8402553191489383,0.004761904761904762,0.5041228070175465
25,0.1,887,0.4376470588235294,0.9560000000000002,0.2641504162015652,0.18799498746867194,0.8514876033057861,0.004509582863585118,0.5056927142317864
25,0.1,864,0.4717647058823529,0.954,0.30769699793350935,0.13136929460580887,0.8653211009174322,0.004629629629629629,0.534546511627907
25,0.1,858,0.49058823529411766,0.9286666666666668,0.2394557702190331,0.1552311435523114,0.826069182389941,0.002331002331002331,0.5795755451713417
25,0.1,866,0.46352941176470586,0.9479999999999997,0.25669914596787724,0.20563492063492061,0.8264705882352968,0.004618937644341801,0.5234918793503502
25,0.1,859,0.5152941176470588,0.948,0.2634229175005515,0.16956097560975616,0.8239877300613531,0.0034924330616996507,0.5543574766355159
25,0.1,856,0.47294117647058825,0.9446666666666668,0.29641356255958834,0.17790849673202627,0.8488800000000033,0.004672897196261682,0.5622143974960895
25,0.1,885,0.46705882352941175,0.9880000000000001,0.29295535815562657,0.17520325203252063,0.8461855670103128,0.006779661016949152,0.4943761850587795
25,0.1,866,0.4611764705882353,0.9426666666666667,0.2583779490474067,0.13728542914171635,0.8304166666666689,0.003464203233256351,0.5501969872537661
25,0.1,855,0.47058823529411764,0.9566666666666667,0.2779696398944795,0.08820175438596504,0.8852830188679248,0.0035087719298245615,0.5547652582159616
25,0.1,853,0.4682352941176471,0.9733333333333334,0.2908036591684843,0.15260683760683771,0.8525000000000029,0.004689331770222743,0.5393207695327856
25,0.1,905,0.46352941176470586,0.9606666666666664,0.25292362713375405,0.1481407702523238,0.8227000000000004,0.004419889502762431,0.48586015538291033
25,0.1,867,0.4611764705882353,0.9293333333333333,0.2558790489516102,0.15959915611814324,0.8421967213114784,0.002306805074971165,0.5708400770712913
25,0.1,818,0.4858823529411765,0.9660000000000002,0.3131439258437898,0.1036209813874788,0.8834337349397613,0.003667481662591687,0.5707566462167697
25,0.1,880,0.48705882352941177,0.9646666666666666,0.27676220638106774,0.13998550724637648,0.8144277108433757,0.004545454545454545,0.5400418569254205
25,0.1,878,0.47411764705882353,0.9373333333333331,0.2797879065647942,0.13204301075268812,0.8377870563674358,0.003416856492027335,0.6199657142857166
25,0.1,875,0.46352941176470586,0.9306666666666666,0.24740200469229273,0.14770186335403718,0.8428048780487831,0.002285714285714286,0.5473768613974814
25,0.1,835,0.49176470588235294,0.9426666666666669,0.275746308136639,0.16982758620689647,0.8538873239436655,0.003592814371257485,0.592203525641028
25,0.1,845,0.4717647058823529,0.9506666666666664,0.2603006965188093,0.09370646766169169,0.8508633093525207,0.002366863905325444,0.5751008303677358
25,0.1,866,0.45647058823529413,0.9313333333333332,0.24663019536100603,0.17681818181818176,0.851250000000003,0.0023094688221709007,0.560208333333335
25,0.1,870,0.45294117647058824,0.9420000000000003,0.2838604389516652,0.15435087719298232,0.8528906250000047,0.0034482758620689655,0.5852518262206864
25,0.1,849,0.4447058823529412,0.9560000000000002,0.2706725791109769,0.12921011058451803,0.8141447368421074,0.004711425206124852,0.5348994082840244
25,0.1,860,0.5023529411764706,0.9593333333333331,0.29106044630952727,0.14278606965174118,0.855119363395228,0.004651162790697674,0.5801479750778837
25,0.1,829,0.5058823529411764,0.9566666666666664,0.24722291732968768,0.16813996316758742,0.8141544117647088,0.0036188178528347406,0.5422114608555301
25,0.1,871,0.5058823529411764,0.9593333333333336,0.2905451035854956,0.105981981981982,0.8493352601156102,0.003444316877152698,0.5634869431643645
25,0.1,837,0.48705882352941177,0.9513333333333333,0.2679547371128542,0.16365591397849458,0.870519480519483,0.0023894862604540022,0.6226467065868285
25,0.1,861,0.48823529411764705,0.935333333333333,0.2862046247040189,0.15499231950844833,0.8321291866028742,0.004645760743321719,0.5772773239984459
25,0.1,874,0.46588235294117647,1.0093333333333334,0.29289532568320975,0.14099903938520694,0.8128512396694239,0.006864988558352402,0.46322196620583805
25,0.1,857,0.4576470588235294,0.9780000000000001,0.2821599424586507,0.15728476821192083,0.8355186721991722,0.007001166861143524,0.4806580493537021
25,0.1,877,0.47411764705882353,0.9433333333333334,0.25657562022133834,0.14769547325102875,0.8369182389937132,0.0034207525655644243,0.5672578184591945
25,0.1,859,0.4623529411764706,0.9386666666666665,0.2601732882180025,0.12609195402298856,0.829691876750703,0.002328288707799767,0.5821742512641019
25,0.1,874,0.48,0.9619999999999999,0.3104835927601098,0.10015948963317381,0.8467317073170755,0.004576659038901602,0.5813333333333341
25,0.1,863,0.4776470588235294,0.9679999999999997,0.2767545305686541,0.1502766251728907,0.8383908045977034,0.004634994206257242,0.5175630578191704
25,0.1,836,0.44,0.9693333333333332,0.257048529037523,0.1374774774774774,0.8055737704918059,0.004784688995215311,0.5106891025641026
25,0.1,865,0.4788235294117647,0.92,0.25567294818613673,0.14609375,0.8493465909090939,0.0023121387283236996,0.6064503669370434
25,0.1,853,0.4929411764705882,0.9279999999999997,0.2585527851611984,0.1500749063670411,0.8077577319587667,0.0035169988276670576,0.5768039215686286
25,0.1,858,0.46588235294117647,0.9646666666666668,0.3119269799562732,0.14438524590163937,0.8762962962962997,0.004662004662004662,0.5535206869633121
25,0.1,860,0.47058823529411764,0.9473333333333335,0.2542666775318002,0.0929761904761906,0.8696788990825703,0.002325581395348837,0.5493822843822844
25,0.1,874,0.46352941176470586,0.9293333333333333,0.2425373157649678,0.1313784461152883,0.8198058252427204,0.002288329519450801,0.5687117737003079
25,0.1,861,0.47411764705882353,0.9473333333333332,0.2731795384692319,0.15028368794326238,0.8281648936170236,0.003484320557491289,0.5754156954156965
25,0.1,894,0.44941176470588234,0.9573333333333333,0.29253942363971214,0.1665144596651446,0.854523227383867,0.0044742729306487695,0.587865168539328
25,0.1,877,0.4576470588235294,0.9753333333333326,0.2901946172503452,0.16858757062146912,0.8480071174377249,0.005701254275940707,0.5080237003058121
25,0.1,844,0.49176470588235294,0.9446666666666668,0.2651817110448906,0.13644444444444442,0.8361246612466159,0.002369668246445498,0.6073040380047527
25,0.1,845,0.5129411764705882,0.9626666666666667,0.2833637951297127,0.15190265486725635,0.8325320512820548,0.004733727810650888,0.5491557669441146
25,0.1,879,0.4611764705882353,0.9599999999999999,0.26551758777525275,0.13721649484536075,0.8367777777777783,0.0034129692832764505,0.5344444444444459
25,0.1,891,0.44941176470588234,0.986,0.309858964161466,0.15899774774774816,0.8697826086956564,0.005611672278338945,0.5291384499623806
25,0.1,846,0.4576470588235294,0.9760000000000001,0.3082352269048698,0.14265060240963856,0.8369973890339458,0.00591016548463357,0.5502814110186292
25,0.2,846,0.4823529411764706,0.9613333333333336,0.3022831514954011,0.1620085470085471,0.8542051282051311,0.004728132387706856,0.5777157561361849
25,0.2,847,0.49058823529411766,0.9573333333333335,0.2778091165358752,0.15580952380952406,0.8192413793103488,0.004722550177095631,0.5270699881376031
25,0.1,819,0.48705882352941177,0.9573333333333333,0.26205273539018764,0.15103333333333302,0.8374166666666696,0.003663003663003663,0.5225816993464064
25,0.2,866,0.4447058823529412,0.9579999999999997,0.26643042868308947,0.17723891273247508,0.8253442622950857,0.004618937644341801,0.5449265274555302
25,0.2,860,0.4717647058823529,0.9586666666666668,0.2730552262288729,0.18173850574712647,0.8482578397212568,0.004651162790697674,0.5405685358255468
25,0.2,860,0.47058823529411764,0.9260000000000003,0.24512659606454756,0.17707207207207185,0.8498601398601431,0.002325581395348837,0.5723348873348885
25,0.2,860,0.47058823529411764,0.9613333333333336,0.2775888742550102,0.14669552669552652,0.8428682170542646,0.004651162790697674,0.5304244548286603
25,0.2,871,0.4788235294117647,0.9626666666666667,0.2801820452878992,0.11344086021505372,0.8497444089456868,0.003444316877152698,0.5594162826420905
25,0.2,860,0.4929411764705882,0.9466666666666669,0.2580360370402698,0.15369999999999961,0.8250549450549469,0.0034883720930232558,0.5390626215480384
25,0.2,858,0.4388235294117647,0.9666666666666667,0.2935731848745248,0.12903954802259868,0.826676646706589,0.004662004662004662,0.5372599531615921
25,0.2,868,0.5047058823529412,0.9646666666666668,0.2720585420407093,0.148133333333333,0.824898648648651,0.004608294930875576,0.5384413580246933
25,0.2,848,0.46588235294117647,0.9333333333333333,0.25207161487054325,0.16833333333333328,0.8351253481894189,0.0023584905660377358,0.5990110323089078
25,0.2,894,0.4764705882352941,0.9626666666666667,0.278666700741191,0.15888456549935168,0.8395910780669172,0.005592841163310962,0.5194638170228728
25,0.2,881,0.44823529411764707,0.9566666666666667,0.28643083768352284,0.14353703703703694,0.8730724637681182,0.00340522133938706,0.5905694760820058
25,0.2,852,0.4776470588235294,0.9373333333333332,0.26904693087687404,0.11073394495412854,0.8530042918454968,0.002347417840375587,0.6518666666666683
25,0.2,862,0.4776470588235294,0.9746666666666666,0.28193211611702296,0.1686318407960199,0.8212931034482791,0.00580046403712297,0.5335394788020229
25,0.2,877,0.46941176470588236,0.9673333333333333,0.2738339408150091,0.1690497076023393,0.8297360703812349,0.004561003420752566,0.5608743795341741
25,0.2,851,0.5047058823529412,0.9746666666666666,0.29303643186098755,0.17641466208476558,0.8265895953757266,0.005875440658049354,0.5239046493301834
25,0.2,843,0.5,0.9620000000000001,0.2838351592967294,0.1658974358974358,0.8400000000000029,0.004744958481613286,0.5343941199841097
25,0.2,833,0.49058823529411766,0.9826666666666667,0.27173936772799145,0.1639937106918241,0.8144827586206905,0.007202881152460984,0.4592986698911737
25,0.2,872,0.48823529411764705,0.9599999999999999,0.2787340523720893,0.1292982456140349,0.8077460317460355,0.0045871559633027525,0.5290821812596026
25,0.2,858,0.4752941176470588,0.9666666666666665,0.2931892243200398,0.1564631043256997,0.812905759162308,0.005827505827505828,0.5422078937084823
25,0.2,874,0.48470588235294115,0.9653333333333333,0.3045527379905248,0.17638054363376263,0.8687112171837739,0.004576659038901602,0.5968314176245225
25,0.2,852,0.45647058823529413,0.9846666666666666,0.3035616223111747,0.13177215189873398,0.8585294117647089,0.004694835680751174,0.5471029874213867
25,0.2,835,0.5023529411764706,0.9626666666666666,0.30202421163412374,0.14779026217228455,0.8277286135693251,0.005988023952095809,0.5211767068273119
25,0.2,865,0.4647058823529412,0.9553333333333333,0.2882234534308493,0.1371356783919597,0.8388421052631604,0.003468208092485549,0.5753480278422286
25,0.2,810,0.4964705882352941,0.9673333333333335,0.2922731844275395,0.09530224525043178,0.857677902621725,0.003703703703703704,0.5412474184221401
25,0.2,850,0.48705882352941177,0.9553333333333333,0.2969753338429174,0.1372619047619047,0.8507594936708889,0.0035294117647058825,0.5816843762298316
25,0.2,853,0.49411764705882355,0.9546666666666668,0.30822925752977853,0.11806784660766938,0.8563988919667621,0.004689331770222743,0.5524224577934838
25,0.2,861,0.46352941176470586,0.9560000000000002,0.27244441723859675,0.1605952380952379,0.8490785907859107,0.003484320557491289,0.5850466200466228
25,0.2,860,0.49176470588235294,0.9426666666666669,0.24617692671572378,0.15107526881720412,0.8282352941176472,0.0034883720930232558,0.5565149747180107
25,0.2,859,0.4823529411764706,0.9300000000000006,0.27062767362295104,0.10519774011299436,0.8485176470588247,0.002328288707799767,0.6232594321275792
25,0.2,846,0.48470588235294115,0.996,0.33123280084970647,0.13419293218720174,0.8334770114942558,0.008274231678486997,0.49011521652761236
25,0.2,861,0.4682352941176471,0.9580000000000001,0.2886123533059736,0.1658963585434174,0.8409577464788762,0.004645760743321719,0.5550719564371839
25,0.2,872,0.4752941176470588,0.94,0.23581300929514037,0.1349148418491484,0.8388188976377975,0.0022935779816513763,0.5545287356321856
25,0.2,863,0.4788235294117647,0.9513333333333335,0.26573829065919397,0.13297916666666657,0.8322619047619073,0.0034762456546929316,0.5753798449612423
25,0.2,900,0.4623529411764706,0.9719999999999995,0.31281347620406175,0.15961661341853087,0.8662006079027387,0.005555555555555556,0.5209795158286789
25,0.2,862,0.4623529411764706,0.958,0.28235315608226685,0.1657632398753893,0.8440524781341144,0.004640371229698376,0.5650077700077716
25,0.2,843,0.47411764705882353,0.9380000000000002,0.2646786791477812,0.16663507109004724,0.8213175675675702,0.0035587188612099642,0.542178571428572
25,0.2,850,0.4588235294117647,0.9473333333333332,0.27496062792226955,0.1556651017214396,0.8232664756447027,0.0035294117647058825,0.5594254230617874
25,0.2,814,0.4988235294117647,0.9713333333333335,0.27730698078587446,0.14963317384369995,0.8195222929936331,0.004914004914004914,0.5371358024691375
25,0.2,905,0.47058823529411764,0.9640000000000003,0.2609562632554821,0.16782369146005527,0.8264143426294844,0.004419889502762431,0.5219681834998163
25,0.2,881,0.46352941176470586,0.9760000000000002,0.30019141280732486,0.17357923497267755,0.8458901098901136,0.004540295119182747,0.598114785252757
25,0.2,870,0.4764705882352941,0.9846666666666671,0.2694694184573911,0.15633007600434334,0.8482352941176473,0.005747126436781609,0.46144894026974986
25,0.2,875,0.4576470588235294,0.9406666666666667,0.2374278240897067,0.17825490196078414,0.8178245614035117,0.0034285714285714284,0.5423165137614699
25,0.2,869,0.45647058823529413,0.974666666666667,0.2570644524666844,0.1568803418803418,0.8190497737556574,0.004602991944764097,0.5094181117533715
25,0.2,876,0.47294117647058825,0.9673333333333335,0.29067684488950973,0.1396015936254978,0.8610294117647062,0.0045662100456621,0.5173394495412856
25,0.2,852,0.48823529411764705,0.984,0.2935465505236204,0.15224178403755867,0.8358422939068112,0.005868544600938967,0.5148327430145615
25,0.2,805,0.4835294117647059,0.932,0.2654842280139117,0.12139303482587074,0.8382414698162761,0.002484472049689441,0.6062723121627256
25,0.2,814,0.49058823529411766,0.9693333333333336,0.26357324452188996,0.14186889818688975,0.8363184079602004,0.004914004914004914,0.48002057613168836
25,0.3,861,0.4611764705882353,0.9586666666666666,0.26172491974965145,0.17202321724709785,0.8288990825688107,0.003484320557491289,0.5498795648795671
25,0.2,870,0.4682352941176471,0.944,0.2949546953238189,0.16784013605442175,0.8758438287153678,0.0034482758620689655,0.6001845444059997
25,0.3,856,0.5070588235294118,0.9766666666666667,0.301415571195045,0.12114252061248516,0.8529527559055134,0.005841121495327103,0.4932197414806121
25,0.3,864,0.47411764705882353,0.9840000000000001,0.28298711496786105,0.1634547461368653,0.8281071428571455,0.006944444444444444,0.4950738150738161
25,0.3,856,0.4776470588235294,0.96,0.26012909016474295,0.14507326007325982,0.8425600000000015,0.0035046728971962616,0.5480382962094581
25,0.3,874,0.45176470588235296,0.9613333333333335,0.2819323389697156,0.13842424242424237,0.8608856088560911,0.004576659038901602,0.5218122605363992
25,0.3,869,0.4811764705882353,0.9566666666666669,0.26787599196155654,0.12937134502923955,0.8417094017094038,0.004602991944764097,0.5040423892100214
25,0.3,831,0.49058823529411766,0.9853333333333332,0.3021891044202865,0.17298666666666673,0.8560955056179809,0.0048134777376654635,0.5553607416364377
25,0.3,862,0.46941176470588236,0.964,0.26360921547954935,0.12654999999999983,0.8210629921259861,0.0034802784222737818,0.519476135040747
25,0.3,865,0.4835294117647059,0.9573333333333335,0.2533457917356877,0.1744444444444445,0.8163846153846182,0.004624277456647399,0.5210375532326758
25,0.3,877,0.4647058823529412,0.9793333333333336,0.3036877551802781,0.1473554735547355,0.853518518518521,0.005701254275940707,0.5224159021406726
25,0.3,882,0.46941176470588236,0.9606666666666664,0.2874214365731882,0.11952879581151822,0.8433082706766949,0.003401360544217687,0.5827569207432706
25,0.3,833,0.4788235294117647,0.9593333333333334,0.25823856922530564,0.15131410256410238,0.8461333333333343,0.004801920768307323,0.5083835946924018
25,0.3,857,0.47294117647058825,0.9719999999999999,0.29574357359365716,0.17234357224118318,0.8497049180327896,0.005834305717619603,0.5164319248826307
25,0.3,858,0.4823529411764706,0.9566666666666664,0.25820926340193007,0.1532753623188407,0.8454054054054053,0.004662004662004662,0.5043325526932091
25,0.3,831,0.49176470588235294,0.9486666666666668,0.2816551064586324,0.1199435028248587,0.8246486486486518,0.0036101083032490976,0.5748872785829324
25,0.3,845,0.5047058823529412,0.9293333333333336,0.27284101079053064,0.15847311827956972,0.8402401746724932,0.002366863905325444,0.633013048635826
25,0.3,853,0.4776470588235294,0.9506666666666667,0.2868047595929482,0.14180952380952377,0.8350000000000026,0.004689331770222743,0.5506674519042026
25,0.3,835,0.5094117647058823,0.9633333333333334,0.2453633303469398,0.14939393939393913,0.7975000000000003,0.004790419161676647,0.4831448054552756
25,0.3,870,0.4717647058823529,0.9826666666666667,0.29090397558768805,0.1411351909184729,0.8244400000000021,0.006896551724137931,0.4772415123456794
25,0.3,816,0.4647058823529412,0.9659999999999999,0.28919397945313285,0.15688118811881174,0.8436565096952948,0.003676470588235294,0.5689954899549023
25,0.3,877,0.4752941176470588,0.9393333333333336,0.26838700829337303,0.17633181126331804,0.8525666666666679,0.004561003420752566,0.5404238258877456
25,0.3,873,0.47294117647058825,0.9493333333333331,0.24623727404107024,0.16650406504065038,0.8333554817275762,0.003436426116838488,0.5653678160919567
25,0.3,860,0.4505882352941176,0.9620000000000001,0.30402060909518364,0.11335034013605436,0.843858823529416,0.0034883720930232558,0.5824737456242726
25,0.3,840,0.4788235294117647,0.936,0.28140864782366387,0.14276381909547722,0.8187254901960817,0.004761904761904762,0.5762958532695392
25,0.3,849,0.4788235294117647,0.9473333333333335,0.2810878922156252,0.17937908496732033,0.8568750000000033,0.0035335689045936395,0.5753309692671433
25,0.3,864,0.4576470588235294,0.9706666666666668,0.276783880603506,0.18539440203562335,0.832824675324677,0.005787037037037037,0.5286806363989148
25,0.3,881,0.48823529411764705,0.9420000000000001,0.24912195783834581,0.1510798122065725,0.812203389830511,0.004540295119182747,0.519441277080959
25,0.3,860,0.4717647058823529,0.9699999999999999,0.3198858979671232,0.1175911458333331,0.8436052631578974,0.005813953488372093,0.5448615984405464
25,0.3,829,0.5011764705882353,0.9593333333333337,0.29433332300453385,0.14151515151515126,0.8380386740331539,0.0048250904704463205,0.5554545454545471
25,0.3,830,0.47411764705882353,0.9453333333333332,0.27079830693996865,0.16512437810945255,0.826319018404911,0.004819277108433735,0.547788539144474
25,0.3,877,0.4576470588235294,0.9986666666666669,0.3342236554676228,0.14413562559694376,0.8666470588235313,0.0068415051311288486,0.5063872942977415
25,0.3,860,0.49529411764705883,0.9826666666666667,0.3086088633587377,0.15602316602316613,0.8630481283422483,0.005813953488372093,0.5568421052631581
25,0.3,854,0.4788235294117647,0.969333333333333,0.28858893303280936,0.16582107843137267,0.82377643504532,0.00585480093676815,0.5205692972124086
25,0.3,900,0.4423529411764706,0.9613333333333333,0.27011934956791817,0.11073758865248202,0.8337914691943138,0.0044444444444444444,0.507090773809525
25,0.3,859,0.4988235294117647,0.9506666666666667,0.26959413584883796,0.15774509803921527,0.8216413373860215,0.0034924330616996507,0.5633839563862959
25,0.3,864,0.46941176470588236,0.9346666666666664,0.24826386334800182,0.18636070853462178,0.835720000000001,0.003472222222222222,0.5250754936120804
25,0.3,899,0.4470588235294118,0.9380000000000003,0.2809847510335879,0.16370370370370363,0.8439083557951524,0.004449388209121246,0.5636759776536356
25,0.3,873,0.4682352941176471,0.9800000000000002,0.3129693896814927,0.15086614173228352,0.8632000000000012,0.004581901489117984,0.5627502876869961
25,0.3,816,0.47411764705882353,0.9633333333333334,0.2771068484958604,0.13216260162601587,0.8328368794326269,0.004901960784313725,0.5370525451559948
25,0.3,846,0.46,0.936,0.27167263678358794,0.18418666666666664,0.823311475409838,0.004728132387706856,0.5356571654790188
25,0.3,854,0.4611764705882353,0.9746666666666668,0.2805041214863188,0.18408974358974323,0.817660167130923,0.00585480093676815,0.5396230859835134
25,0.3,873,0.4623529411764706,0.9419999999999998,0.24994381586667855,0.11492753623188412,0.8456737588652504,0.002290950744558992,0.5560045924225034
25,0.3,864,0.4764705882352941,0.9759999999999996,0.29009069158574047,0.14931623931623944,0.8122713864306815,0.005787037037037037,0.5203686457120696
25,0.3,862,0.4835294117647059,0.9913333333333334,0.24910113873787854,0.1605218317358893,0.7702906976744177,0.0069605568445475635,0.44825155763240054
25,0.3,879,0.46,0.9773333333333333,0.29915489217835406,0.15418367346938816,0.8608510638297884,0.005688282138794084,0.5091342486651426
25,0.3,859,0.48705882352941177,0.9653333333333334,0.28220422141759677,0.137057182705718,0.8310679611650521,0.004656577415599534,0.5222378167641346
25,0.3,877,0.5070588235294118,0.9539999999999997,0.2388874895772932,0.11263803680981602,0.8511976047904191,0.0034207525655644243,0.5172997711670487
25,0.3,858,0.4988235294117647,0.9786666666666666,0.2910600907063679,0.16143961352657027,0.8390980392156885,0.006993006993006993,0.46587245696400614
25,0.3,859,0.4894117647058824,0.9306666666666669,0.2471718541338865,0.13426065162907264,0.8207038123167193,0.002328288707799767,0.5834461299105417
25,0.4,879,0.5035294117647059,0.9799999999999998,0.2736069538530969,0.1514199759326113,0.8043508771929853,0.005688282138794084,0.4973112128146466
25,0.3,886,0.4858823529411765,0.9673333333333332,0.2949732519795716,0.13798333333333315,0.8648395721925172,0.003386004514672686,0.5805738014345049
25,0.4,858,0.4717647058823529,0.9693333333333337,0.3042675613589344,0.10810126582278462,0.8577591973244167,0.004662004662004662,0.5247462919594077
25,0.4,864,0.4788235294117647,0.9673333333333333,0.2704878058472426,0.1567871485943776,0.8371308016877652,0.004629629629629629,0.5125542635658918
25,0.4,902,0.4835294117647059,0.9639999999999997,0.2854557029205237,0.13267543859649097,0.8568438538206001,0.004434589800443459,0.5346176688938397
25,0.4,883,0.49058823529411766,0.9646666666666668,0.30949049590789823,0.1199999999999997,0.8310352941176496,0.004530011325028313,0.5643155100493001
25,0.4,895,0.4588235294117647,0.9566666666666667,0.25883145809261787,0.14489731437598707,0.8269003690036926,0.004469273743016759,0.5363561541339342
25,0.4,871,0.4611764705882353,0.9726666666666666,0.3067411691887659,0.13626344086021508,0.8641982507288658,0.004592422502870264,0.5432141484044587
25,0.4,914,0.4588235294117647,0.9660000000000001,0.29160510226390396,0.1379066666666667,0.8369411764705903,0.005470459518599562,0.5293509350935117
25,0.4,870,0.508235294117647,0.9406666666666667,0.2904851792551155,0.16299290780141865,0.8528875379939223,0.004597701149425287,0.5441685912240196
25,0.4,843,0.4894117647058824,0.9606666666666668,0.2767787462062405,0.14798798798798773,0.8497083333333347,0.004744958481613286,0.5202979737783084
25,0.4,854,0.4788235294117647,0.954,0.2687184342318235,0.14559689922480612,0.8171428571428586,0.00468384074941452,0.5296627450980421
25,0.4,810,0.508235294117647,0.9606666666666668,0.3104663153277053,0.14232283464566925,0.8656250000000022,0.0049382716049382715,0.5255293631100099
25,0.4,862,0.4835294117647059,0.9320000000000003,0.25825613926215363,0.16807359307359288,0.8299765258216013,0.002320185614849188,0.6184573643410889
25,0.4,836,0.4788235294117647,0.9566666666666667,0.29321171517700967,0.13965986394557786,0.8592493297587165,0.0035885167464114833,0.5805602240896386
25,0.4,893,0.44,0.9559999999999998,0.2621487730497082,0.16561521252796443,0.8535164835164837,0.006718924972004479,0.4694588500563714
25,0.4,886,0.4611764705882353,0.9660000000000001,0.28238581759924836,0.10983775811209427,0.8264412811387911,0.004514672686230248,0.5169085411942552
25,0.4,848,0.4752941176470588,0.9466666666666667,0.2671566394122019,0.13074712643678146,0.8206769230769253,0.003537735849056604,0.5611637080867868
25,0.4,896,0.4788235294117647,0.9633333333333332,0.29660671691104806,0.13265723270440227,0.8594694960212232,0.004464285714285714,0.5737668161434984
25,0.4,890,0.4858823529411765,0.9426666666666667,0.2650035345196715,0.11101449275362336,0.8405291005291033,0.0022471910112359553,0.5982394894894913
25,0.4,852,0.4964705882352941,0.9593333333333331,0.2966056534163664,0.16271409749670607,0.8428415300546477,0.005868544600938967,0.5495552931916603
25,0.4,894,0.46588235294117647,0.9380000000000003,0.27564670584867584,0.1384135472370764,0.8390410958904139,0.003355704697986577,0.5715039281705971
25,0.4,834,0.4776470588235294,0.9806666666666666,0.3026122078520632,0.14260000000000034,0.8448031496063008,0.005995203836930456,0.49144350623240796
25,0.4,871,0.45176470588235296,0.9573333333333333,0.282523289059896,0.15203525641025603,0.8425549450549477,0.004592422502870264,0.5716493656286068
25,0.4,850,0.5058823529411764,0.944,0.27247395572095845,0.1228297362110312,0.8491798941798953,0.002352941176470588,0.6016863207547174
25,0.4,870,0.4894117647058824,0.9306666666666666,0.2585994092264969,0.12938271604938273,0.847127371273717,0.0022988505747126436,0.5947811059907869
25,0.4,850,0.4894117647058824,0.9706666666666667,0.30728900291170347,0.16517078916372213,0.8467605633802835,0.0058823529411764705,0.5400946745562137
25,0.4,888,0.4752941176470588,0.9666666666666669,0.27643558001595603,0.11859560067681875,0.858453237410074,0.0045045045045045045,0.5453054298642545
25,0.4,868,0.47058823529411764,0.9513333333333333,0.25299741652323265,0.13705555555555538,0.8309505703422086,0.0034562211981566822,0.5459884393063611
25,0.4,831,0.46352941176470586,0.9813333333333335,0.28477673325596026,0.14500000000000005,0.8215533980582544,0.0048134777376654635,0.5354212011285779
25,0.4,873,0.4823529411764706,0.9993333333333334,0.32778648010930844,0.13756676557863518,0.8749498327759208,0.006872852233676976,0.49290272971933835
25,0.4,820,0.5011764705882353,0.9593333333333334,0.2827456470738185,0.12424430641821937,0.8731493506493531,0.003658536585365854,0.5693635250918011
25,0.4,870,0.45647058823529413,0.9766666666666667,0.28326464702599835,0.15691314553990643,0.8156462585034049,0.005747126436781609,0.5066127167630072
25,0.4,867,0.45294117647058824,0.932,0.2515004474778152,0.14965811965811954,0.8195548961424357,0.0034602076124567475,0.5765393518518542
25,0.4,864,0.4988235294117647,0.954,0.26353824867635445,0.1656156156156156,0.8186206896551754,0.004629629629629629,0.5339379844961273
25,0.4,828,0.4623529411764706,0.9666666666666665,0.27655176730114156,0.12045138888888875,0.8403859649122826,0.0036231884057971015,0.5448282828282832
25,0.4,879,0.4576470588235294,0.9380000000000005,0.2469586614863715,0.08559748427672952,0.8315072463768156,0.0022753128555176336,0.6072329912580793
25,0.4,867,0.48470588235294115,0.9419999999999998,0.2807121245474127,0.13575238095238076,0.8468156424581034,0.0034602076124567475,0.5717554012345692
25,0.4,866,0.47411764705882353,0.971333333333333,0.26232756497860327,0.15383886255924153,0.8016190476190506,0.004618937644341801,0.543793503480281
25,0.4,850,0.4929411764705882,0.9706666666666668,0.28401668892702475,0.14882129277566541,0.808660436137074,0.0058823529411764705,0.5172859960552271
25,0.4,867,0.46588235294117647,0.9560000000000002,0.2587601466400278,0.18902053712480252,0.8205202312138765,0.0034602076124567475,0.561604938271607
25,0.4,854,0.4717647058823529,0.9619999999999999,0.2876979913668812,0.10558882235528948,0.8544354838709722,0.00351288056206089,0.583689776733257
25,0.4,881,0.4470588235294118,0.9466666666666667,0.28155790485976034,0.12727106227106214,0.8328929384965877,0.00340522133938706,0.6022095671981791
25,0.4,886,0.45529411764705885,0.9946666666666666,0.30639757752719093,0.14937435897435913,0.8451410658307247,0.006772009029345372,0.49536742424242547
25,0.4,853,0.46588235294117647,0.9513333333333333,0.2849875237990473,0.190504731861199,0.8260759493670911,0.007033997655334115,0.505273514364425
25,0.4,875,0.46941176470588236,0.9486666666666665,0.2749079601972335,0.15970588235294095,0.8495488721804532,0.0034285714285714284,0.6076032110091749
25,0.4,876,0.46705882352941175,0.9866666666666665,0.31666157709274523,0.11680272108843512,0.8591807909604545,0.0045662100456621,0.5511659021406747
25,0.4,864,0.5,0.971333333333333,0.29738556717720094,0.15950264550264595,0.8361754385964939,0.006944444444444444,0.49259129759129916
25,0.4,861,0.47411764705882353,0.9393333333333336,0.2638947449131383,0.14713725490196078,0.8388184438040367,0.003484320557491289,0.5700427350427364
25,0.4,879,0.4470588235294118,0.938,0.23931217408030644,0.15686626746507001,0.8076534296028907,0.0034129692832764505,0.537918569254188
25,0.5,866,0.4788235294117647,0.9933333333333332,0.2869448418413271,0.1533885819521182,0.8189090909090917,0.008083140877598153,0.45271633682576756
25,0.4,852,0.44588235294117645,0.9373333333333335,0.25688277660714054,0.17692028985507235,0.8367229729729752,0.0035211267605633804,0.5546760895170807
25,0.5,865,0.48705882352941177,0.98,0.2988690821145682,0.14584656084656059,0.8632775919732458,0.004624277456647399,0.5322686798296572
25,0.5,828,0.4788235294117647,0.99,0.30132101321203747,0.14614987080103353,0.8498338870431926,0.004830917874396135,0.5291059870550172
25,0.5,869,0.4811764705882353,0.9526666666666663,0.2543648369425694,0.16698501872659172,0.8125737265415579,0.0034522439585730723,0.5748845265588938
25,0.5,865,0.45529411764705885,0.968,0.253142804074999,0.11143434343434341,0.8118027210884379,0.003468208092485549,0.554307811291571
25,0.5,865,0.5011764705882353,0.9646666666666666,0.2852594021491948,0.13938461538461533,0.8205376344086035,0.005780346820809248,0.5148372093023253
25,0.5,859,0.47058823529411764,0.9400000000000002,0.2831887247820394,0.10524109014675062,0.8561731843575437,0.0034924330616996507,0.589657320872275
25,0.5,849,0.5,0.9606666666666668,0.29852013393508214,0.11639492753623182,0.8625587467362957,0.0035335689045936395,0.5938022064617813
25,0.5,872,0.48470588235294115,0.9666666666666665,0.30574956745167226,0.12124777183600684,0.8760000000000047,0.0034403669724770644,0.6024587648638317
25,0.5,859,0.46941176470588236,0.9913333333333331,0.31637523241342275,0.1418505338078293,0.8480911680911704,0.005820721769499418,0.5337939110070268
25,0.5,866,0.4588235294117647,0.9566666666666664,0.2970263635316016,0.14589519650655003,0.8541569767441893,0.004618937644341801,0.5554021655065747
25,0.5,822,0.4788235294117647,0.9906666666666668,0.2768680928754217,0.17918518518518506,0.8194565217391337,0.006082725060827251,0.522439820481438
25,0.5,878,0.4811764705882353,0.9606666666666668,0.282675560427001,0.17845333333333374,0.838522727272731,0.004555808656036446,0.5533524027459976
25,0.5,855,0.4835294117647059,0.9873333333333337,0.28121203485955415,0.15269315673289208,0.835515695067266,0.005847953216374269,0.4752745098039217
25,0.5,839,0.48705882352941177,0.9760000000000002,0.2829356470486403,0.132989985693848,0.8511688311688317,0.004767580452920143,0.5216966067864283
25,0.5,902,0.45294117647058824,0.9800000000000002,0.2945394223825376,0.12499346405228721,0.8206340057636927,0.005543237250554324,0.532192493496843
25,0.5,890,0.46588235294117647,0.9613333333333336,0.2905210123820468,0.14570068027210864,0.8267521367521401,0.0056179775280898875,0.5468399246704336
25,0.5,864,0.5035294117647059,0.9553333333333333,0.274695910543552,0.13466200466200468,0.8594339622641537,0.0023148148148148147,0.6165699922660496
25,0.5,822,0.49529411764705883,0.9986666666666669,0.26638968891257037,0.15933993399339977,0.827391304347825,0.006082725060827251,0.456997144022848
25,0.5,871,0.4623529411764706,0.9673333333333337,0.2806498887203869,0.1035959595959597,0.8517796610169517,0.003444316877152698,0.5772964669738887
25,0.5,883,0.4835294117647059,0.9833333333333333,0.281337048038485,0.15814562002275342,0.8078963414634182,0.0056625141562853904,0.507315869400153
25,0.5,851,0.48705882352941177,0.9666666666666669,0.2641127647871643,0.13841105354058694,0.8209265175718887,0.0035252643948296123,0.5517216981132085
25,0.5,864,0.49058823529411766,0.9740000000000002,0.3159861844819695,0.1397729988052568,0.8431767955801138,0.005787037037037037,0.5388746604578986
25,0.5,893,0.4647058823529412,0.9773333333333333,0.28667614995171836,0.1336446173800259,0.8234494773519195,0.005599104143337066,0.5186861861861857
25,0.5,870,0.46,0.9166666666666666,0.23858808857489447,0.16270833333333326,0.8516042780748699,0.0011494252873563218,0.6079286536248588
25,0.5,848,0.47058823529411764,0.9526666666666667,0.27908838630154975,0.17640062597809075,0.8644554455445584,0.0047169811320754715,0.5562243285939988
25,0.5,855,0.4894117647058824,0.9420000000000001,0.2663215805614698,0.11175059952038384,0.8622829581993586,0.0023391812865497076,0.5721610003907805
25,0.5,866,0.48470588235294115,0.9686666666666669,0.2681095688166461,0.17169230769230784,0.8510407239819002,0.004618937644341801,0.5021732405259092
25,0.5,860,0.4682352941176471,0.9566666666666669,0.2725764006054583,0.132647619047619,0.8435975609756123,0.0034883720930232558,0.5669933877868549
25,0.5,872,0.44941176470588234,0.9619999999999999,0.29749886011037713,0.15973913043478258,0.8402850356294576,0.0045871559633027525,0.5810983102918613
25,0.5,869,0.5047058823529412,0.9420000000000001,0.2638924270326109,0.1375502008032127,0.8231347150259116,0.0034522439585730723,0.5819822940723653
25,0.5,859,0.5141176470588236,0.9353333333333332,0.25634369419563796,0.15275689223057656,0.8434393063583836,0.002328288707799767,0.5862621548035811
25,0.5,829,0.47294117647058825,0.9606666666666668,0.24128534538614224,0.19452380952380965,0.8314516129032278,0.0036188178528347406,0.5416263115415676
25,0.5,842,0.5047058823529412,0.9573333333333335,0.2994276521644449,0.1785692541856926,0.8435991820040937,0.004750593824228029,0.6139459029435184
25,0.5,876,0.45647058823529413,0.9626666666666666,0.2773517347031279,0.13425036390101874,0.8371830985915512,0.0045662100456621,0.5207301223241602
25,0.5,888,0.4588235294117647,0.950666666666667,0.24384975014238824,0.14369791666666654,0.8156194690265499,0.0033783783783783786,0.5197363465160099
25,0.5,864,0.4811764705882353,0.9699999999999999,0.29774762325636067,0.15814671814671835,0.8322666666666692,0.005787037037037037,0.5519906868451704
25,0.5,827,0.45294117647058824,0.9426666666666663,0.2766141838596363,0.18572222222222232,0.8314029850746295,0.0048367593712212815,0.5426245443499416
25,0.5,845,0.4894117647058824,0.975333333333333,0.2742193505099527,0.11925261584454397,0.8159288537549417,0.004733727810650888,0.5118113357114552
25,0.5,868,0.49529411764705883,0.9593333333333336,0.2504468065880092,0.1977361111111113,0.8059531772575288,0.004608294930875576,0.5273726851851871
25,0.5,889,0.47411764705882353,0.9560000000000001,0.28659565150360017,0.12511904761904746,0.8636391437308899,0.003374578177727784,0.5610948081264109
25,0.5,871,0.46352941176470586,0.9493333333333331,0.2560575899869725,0.1531981981981982,0.82715384615385,0.003444316877152698,0.59938172043011
25,0.5,869,0.4835294117647059,0.9713333333333333,0.28515711401964916,0.17387978142076513,0.8452537313432874,0.004602991944764097,0.5484161849711002
25,0.5,853,0.48470588235294115,0.9406666666666662,0.2571309780428669,0.12646182495344493,0.8354098360655754,0.0035169988276670576,0.5334117647058836
25,0.5,869,0.47411764705882353,0.9546666666666664,0.2776854204201364,0.13671406003159542,0.8141764705882395,0.004602991944764097,0.5540693641618522
25,0.5,836,0.4929411764705882,0.9693333333333337,0.27110000916893773,0.15270303030303048,0.7936032388663983,0.005980861244019139,0.49076213397513213
25,0.5,865,0.4776470588235294,0.9480000000000001,0.2600905892464016,0.16186206896551708,0.8380186480186516,0.0023121387283236996,0.6243723445345719
25,0.5,858,0.4776470588235294,0.9733333333333334,0.2704423050010728,0.13601626016260157,0.8472137404580169,0.004662004662004662,0.5269867291178765
25,0.5,829,0.48705882352941177,0.9453333333333332,0.27628780986852897,0.12160401002506284,0.836816239316242,0.0024125452352231603,0.6311446997178565
25,0.5,874,0.4752941176470588,0.9720000000000001,0.28145940325906255,0.1487154471544713,0.8308268733850178,0.003432494279176201,0.5756295445847713
