Base_Salary,new-teachers-per-tick,total-teachers,teacher-turnover-rate,mean-school-vacancy-rate,satisfaction-inequality,mean-satisfaction-poor-schools,mean-satisfaction-good-schools,unemployment-rate,mean-satisfaction-all
1000,1,398,0.46588235294117647,1.036,0.29514671530798053,0.09143678160919547,0.8146666666666652,0.005025125628140704,0.49785353535353544
1000,1,377,0.47058823529411764,1.0139999999999998,0.25136911017630564,0.12354166666666663,0.8097515527950293,0.002652519893899204,0.568324468085107
1000,1,395,0.4588235294117647,1.0246666666666666,0.28023215586481903,0.09954385964912275,0.795536723163841,0.002531645569620253,0.5394247038917099
1000,1,417,0.4447058823529412,1.0353333333333332,0.27017011069745933,0.11874316939890718,0.8036507936507921,0.004796163069544364,0.47889959839357404
1000,1,392,0.4470588235294118,1.0439999999999996,0.27812634786141344,0.1032526881720431,0.8112037037037024,0.00510204081632653,0.4605641025641024
1000,1,378,0.4505882352941176,1.0200000000000002,0.2715784006143859,0.09726190476190474,0.8059868421052613,0.0026455026455026454,0.5304420866489831
1000,1,401,0.4294117647058823,1.0433333333333332,0.2804337176348882,0.1039886039886041,0.8122764227642261,0.004987531172069825,0.484235588972431
1000,1,380,0.4752941176470588,1.0006666666666666,0.24936401229139607,0.09710691823899376,0.8075252525252539,0.002631578947368421,0.6019700967458229
1000,1,387,0.4505882352941176,1.014,0.28253370845517,0.09487972508591065,0.8010759493670868,0.002583979328165375,0.5177461139896374
1000,1,383,0.4235294117647059,1.0406666666666666,0.2686884019694905,0.10814814814814826,0.81673469387755,0.005221932114882507,0.4731846019247592
1000,1,397,0.4717647058823529,1.0286666666666668,0.2756523905851267,0.1225757575757576,0.8083597883597888,0.0025188916876574307,0.5591750841750858
1000,1,390,0.4611764705882353,1.0413333333333334,0.31597166365977625,0.10510256410256417,0.8122346368715075,0.005128205128205128,0.5098109965635746
1000,1,408,0.4376470588235294,1.0259999999999998,0.30324813174913356,0.10867187500000011,0.8132941176470584,0.004901960784313725,0.5068144499178991
1000,1,371,0.46352941176470586,1.0406666666666669,0.29471539835095617,0.10096618357487934,0.8125454545454536,0.005390835579514825,0.442691960252936
1000,1,378,0.4776470588235294,1.0319999999999998,0.23772631949334522,0.09385964912280698,0.7854166666666654,0.0026455026455026454,0.4972590627763039
1000,1,386,0.45647058823529413,1.036666666666667,0.271569129485919,0.09971988795518216,0.7935514018691575,0.0051813471502590676,0.45513888888888854
1000,1,382,0.4611764705882353,1.0446666666666669,0.298316399307116,0.08975694444444442,0.8289634146341459,0.002617801047120419,0.5343657042869646
1000,1,385,0.4435294117647059,1.024666666666667,0.27619182007730336,0.09387681159420286,0.8014093959731525,0.0025974025974025974,0.5199305555555551
1000,1,399,0.41294117647058826,1.0273333333333332,0.28983104478626104,0.11653061224489807,0.8240223463687147,0.002506265664160401,0.5490954773869349
1000,1,387,0.4752941176470588,1.0233333333333332,0.27480380368656104,0.09222222222222218,0.8099473684210525,0.002583979328165375,0.5724611398963736
1000,1,387,0.47058823529411764,1.0213333333333334,0.2767099383853112,0.0899659863945578,0.7988321167883202,0.00516795865633075,0.5008225108225112
1000,1,377,0.4776470588235294,1.0053333333333332,0.25177109304670386,0.08448087431693989,0.8121527777777761,0.002652519893899204,0.5489273049645382
1000,1,367,0.46941176470588236,1.024,0.2618081252365361,0.1198015873015873,0.8075781249999985,0.0027247956403269754,0.5174499089253184
1000,1,405,0.4411764705882353,0.9999999999999998,0.2529284370175286,0.09710382513661202,0.8032142857142858,0.0024691358024691358,0.5825082508250826
1000,1,392,0.46,1.0313333333333334,0.2587177389083921,0.11745454545454562,0.794722222222221,0.00510204081632653,0.47213675213675166
1000,1,378,0.46941176470588236,1.026666666666667,0.2885409512292374,0.10465277777777778,0.8076785714285699,0.0026455026455026454,0.535393457117595
1000,1,391,0.46588235294117647,1.0113333333333334,0.272440503041638,0.0969154228855721,0.8074261603375551,0.0025575447570332483,0.6143846153846163
1000,1,410,0.4188235294117647,1.0306666666666668,0.2952797789131537,0.10622950819672146,0.8002298850574704,0.004878048780487805,0.5118218954248376
1000,1,407,0.41294117647058826,1.0233333333333334,0.27778755636131375,0.1168766404199475,0.8109599999999989,0.004914004914004914,0.47213991769547325
1000,1,388,0.4623529411764706,1.0613333333333335,0.3075918945112561,0.11547758284600375,0.8080645161290307,0.007731958762886598,0.428484848484849
1000,1,395,0.45176470588235296,1.0479999999999998,0.2943010402737858,0.09868766404199487,0.8013286713286699,0.005063291139240506,0.47499575911789693
1000,1,379,0.46352941176470586,1.0293333333333337,0.2815218617902326,0.09676567656765686,0.8080434782608676,0.005277044854881266,0.504580017683466
1000,1,379,0.47058823529411764,1.0413333333333334,0.29670420123228697,0.09469255663430418,0.8043820224719097,0.005277044854881266,0.5338284703801958
1000,1,421,0.43176470588235294,1.0106666666666666,0.2648331446389877,0.10969696969696971,0.8079190751445082,0.0023752969121140144,0.5416428571428578
1000,1,387,0.4505882352941176,1.0386666666666668,0.28540465553349453,0.09320132013201324,0.8127397260273956,0.00516795865633075,0.511004329004329
1000,1,379,0.45647058823529413,1.0426666666666664,0.265773056823318,0.0904761904761904,0.8099999999999989,0.002638522427440633,0.48159611992945306
1000,1,378,0.4258823529411765,1.0233333333333334,0.28999251151984756,0.1219281045751635,0.8028415300546448,0.005291005291005291,0.5455851063829794
1000,1,397,0.4388235294117647,1.0200000000000002,0.2736544451283713,0.09563333333333338,0.8054074074074066,0.005037783375314861,0.4990126582278481
1000,1,383,0.4811764705882353,1.0233333333333334,0.267860734328573,0.10491582491582492,0.7961290322580626,0.005221932114882507,0.49544181977252816
1000,1,379,0.4717647058823529,1.0186666666666666,0.2560030102661275,0.11340501792114692,0.8065420560747651,0.002638522427440633,0.49073192239858876
1000,1,383,0.47294117647058825,1.0313333333333334,0.275636278758708,0.11987055016181238,0.8018881118881105,0.005221932114882507,0.5094400699912516
1000,1,360,0.47058823529411764,1.0319999999999998,0.28060831745032294,0.09170068027210879,0.795826771653542,0.002777777777777778,0.49585886722377026
1000,1,398,0.4788235294117647,1.0046666666666668,0.2549702321755844,0.08611111111111104,0.8056428571428562,0.002512562814070352,0.5299664147774987
1000,1,399,0.4470588235294118,1.0299999999999998,0.28482185661888926,0.12117460317460327,0.8141212121212117,0.005012531328320802,0.526515533165408
1000,1,406,0.4447058823529412,1.0266666666666666,0.27117658680217677,0.08489959839357424,0.8104216867469871,0.0024630541871921183,0.5457283950617293
1000,1,377,0.46941176470588236,1.032,0.2677539190017952,0.11500000000000006,0.8070535714285706,0.005305039787798408,0.48431999999999964
1000,1,402,0.47411764705882353,1.0333333333333334,0.27091809624037566,0.10528000000000017,0.8047572815533969,0.004975124378109453,0.45723333333333377
1000,1,400,0.44588235294117645,1.0393333333333334,0.29511691421386926,0.11432432432432438,0.8153757225433523,0.005,0.5330150753768859
1000,1,378,0.4823529411764706,1.0026666666666666,0.2504892044352157,0.1151234567901234,0.8103000000000009,0.0026455026455026454,0.6081786030061893
1000,1,355,0.49176470588235294,1.008,0.2537474422692233,0.10486338797814204,0.804657534246574,0.0028169014084507044,0.5545951035781546
1000,1.5,596,0.4388235294117647,1.0086666666666666,0.26221382358588524,0.11203836930455652,0.8130526315789478,0.003355704697986577,0.5161279461279464
1000,1.5,585,0.44588235294117645,1.0159999999999998,0.28871996163484986,0.11158974358974356,0.8024468085106378,0.005128205128205128,0.476340206185568
1000,1.5,597,0.45647058823529413,1.0213333333333336,0.31724613162277415,0.1015745393634841,0.8252500000000006,0.006700167504187605,0.5009836987071391
1000,1.5,582,0.4588235294117647,1.0406666666666666,0.3019973757732252,0.13707717569786512,0.8297235023041479,0.005154639175257732,0.49485319516407605
1000,1.5,576,0.46705882352941175,0.9940000000000001,0.29266693649799114,0.1377018633540372,0.8299586776859513,0.005208333333333333,0.5331180919139038
1000,1.5,583,0.47411764705882353,0.9926666666666669,0.2594414387297763,0.10526610644257715,0.8117224880382784,0.003430531732418525,0.5314457831325307
1000,1.5,570,0.4764705882352941,1.0093333333333332,0.2861854363553746,0.10624113475177323,0.8336866359447016,0.0035087719298245615,0.536150234741784
1000,1.5,600,0.48705882352941177,0.9946666666666669,0.2657061595370561,0.10847094801223252,0.8128518518518534,0.0033333333333333335,0.5761092530657771
1000,1.5,603,0.45529411764705885,0.9993333333333334,0.2477873067841176,0.14542406311637068,0.8252205882352925,0.004975124378109453,0.4717277777777764
1000,1.5,586,0.4752941176470588,1.0206666666666673,0.2729794170592564,0.11093023255813955,0.7860317460317454,0.005119453924914676,0.48586620926243684
1000,1.5,597,0.4588235294117647,1.0133333333333334,0.2798637389526822,0.10815085158150867,0.8173443983402494,0.0033500837520938024,0.537478991596638
1000,1.5,603,0.4623529411764706,1.0179999999999998,0.2696378273463616,0.1140269749518305,0.8130857142857136,0.004975124378109453,0.4822944444444449
1000,1.5,599,0.45529411764705885,1.0266666666666668,0.2899284044699822,0.11883333333333337,0.825200000000001,0.005008347245409015,0.53349552572707
1000,1.5,582,0.4717647058823529,1.0159999999999998,0.27189025499999314,0.108902953586498,0.8200000000000001,0.005154639175257732,0.49127230857800747
1000,1.5,594,0.44823529411764707,0.994,0.22086771353182458,0.14027491408934725,0.7945454545454536,0.0016835016835016834,0.5349465992130417
1000,1.5,586,0.4964705882352941,0.9759999999999999,0.2437729702206652,0.15861861861861865,0.8188038277511976,0.0034129692832764505,0.5482305936073067
1000,1.5,588,0.4623529411764706,0.9786666666666666,0.22985092931645787,0.10616438356164382,0.7964062500000026,0.0017006802721088435,0.5869846678023865
1000,1.5,602,0.4776470588235294,1.0133333333333334,0.2948897787510873,0.12240942028985494,0.8141152263374496,0.0049833887043189366,0.5110962715637175
1000,1.5,594,0.47058823529411764,0.9986666666666667,0.24712741138677363,0.11250000000000018,0.7928494623655907,0.003367003367003367,0.5307939189189197
1000,1.5,590,0.4764705882352941,1.0266666666666664,0.28187836694622426,0.1270476190476189,0.8362146892655354,0.005084745762711864,0.4912720045428727
1000,1.5,549,0.48,0.987333333333333,0.25707025701808334,0.10778947368421059,0.8105555555555576,0.0018214936247723133,0.5670863746958649
1000,1.5,582,0.46588235294117647,0.9866666666666667,0.25314164576486264,0.10345381526104416,0.8241221374045817,0.001718213058419244,0.5892197360872073
1000,1.5,592,0.44,1.0006666666666666,0.2558915320001187,0.14278508771929818,0.8043850267379674,0.0033783783783783786,0.5068587570621482
1000,1.5,582,0.4788235294117647,1.002,0.276848507755347,0.12578366445916114,0.8158666666666679,0.005154639175257732,0.522573402417963
1000,1.5,596,0.4505882352941176,0.9786666666666666,0.24936026764485855,0.11964912280701774,0.8161083743842364,0.003355704697986577,0.5389281705948382
1000,1.5,615,0.4470588235294118,0.9933333333333335,0.26040326660907803,0.12063360881542716,0.8181739130434795,0.0032520325203252032,0.5517074497009256
1000,1.5,576,0.48470588235294115,0.9780000000000003,0.2472806707809926,0.145925925925926,0.8254032258064535,0.001736111111111111,0.5863478260869571
1000,1.5,598,0.4576470588235294,1.03,0.310371178879289,0.14311594202898525,0.8387330316742097,0.006688963210702341,0.48533670033670123
1000,1.5,632,0.4435294117647059,1.0073333333333332,0.30553972549725955,0.11785837651122612,0.8342084942084952,0.004746835443037975,0.5228669846316909
1000,1.5,599,0.4470588235294118,1.002,0.28550028216445317,0.11426190476190494,0.8230685920577648,0.00333889816360601,0.5602177554438874
1000,1.5,603,0.4788235294117647,1,0.27576526775297944,0.09450000000000004,0.808912280701756,0.003316749585406302,0.576478092068774
1000,1.5,592,0.4411764705882353,0.9966666666666668,0.2692992816346887,0.13793333333333327,0.8162790697674434,0.0033783783783783786,0.5276497175141251
1000,1.5,629,0.45647058823529413,0.99,0.2819850032644067,0.11949685534591202,0.8171887550200811,0.0047694753577106515,0.5292492012779564
1000,1.5,612,0.45294117647058824,0.984666666666667,0.2892185560970186,0.10939172749391746,0.8422433460076058,0.0032679738562091504,0.5601639344262309
1000,1.5,593,0.4611764705882353,1.0066666666666668,0.2791541703580182,0.11619047619047625,0.8276630434782613,0.00505902192242833,0.49384745762711973
1000,1.5,571,0.46705882352941175,0.996666666666667,0.25926085034096025,0.15804938271604924,0.8055217391304369,0.0035026269702276708,0.544176918570593
1000,1.5,584,0.4623529411764706,1.0000000000000002,0.27534728609542614,0.10362068965517254,0.8084049079754595,0.005136986301369863,0.4677911646586347
1000,1.5,613,0.46705882352941175,0.9913333333333333,0.25733731140091703,0.1318253968253969,0.8346666666666682,0.0032626427406199023,0.5332733224222589
1000,1.5,576,0.4505882352941176,1.0046666666666668,0.26798259852177814,0.10862745098039225,0.8245569620253154,0.005208333333333333,0.48881326352530524
1000,1.5,592,0.47058823529411764,1.012,0.28338311276753425,0.1406403013182674,0.8075213675213686,0.005067567567567568,0.5099603848330516
1000,1.5,577,0.4823529411764706,1.0006666666666664,0.25355530331609494,0.14977430555555524,0.8172580645161281,0.005199306759098787,0.4497735191637627
1000,1.5,567,0.47294117647058825,0.9926666666666669,0.2732080995805368,0.12425373134328375,0.8314358974358969,0.003527336860670194,0.5268259587020646
1000,1.5,574,0.45529411764705885,0.9853333333333332,0.278230569929339,0.12323529411764712,0.8050370370370393,0.003484320557491289,0.5571386946386956
1000,1.5,567,0.4682352941176471,1.0126666666666666,0.27293056181293307,0.12768916155419235,0.8072131147540982,0.005291005291005291,0.49927895981087533
1000,1.5,580,0.4788235294117647,0.9926666666666669,0.2399186949772592,0.11209737827715362,0.8163333333333346,0.0017241379310344827,0.5603339090385735
1000,1.5,593,0.45529411764705885,1.022,0.3034628749797444,0.1103086419753087,0.8241886792452855,0.00505902192242833,0.5491751412429394
1000,1.5,596,0.46352941176470586,1.0126666666666666,0.2881439390420561,0.11047619047619059,0.8056028368794362,0.0050335570469798654,0.5540978077571679
1000,1.5,555,0.508235294117647,0.9640000000000002,0.2423956058253584,0.11038961038961037,0.8181623931623936,0.0018018018018018018,0.5825932611311677
1000,1.5,598,0.46588235294117647,0.9886666666666666,0.2805264534610432,0.12847145488029446,0.8148730964467004,0.005016722408026756,0.49485154061624725
1000,2,884,0.4776470588235294,0.9560000000000002,0.295139049452522,0.1344630404463038,0.8570496894409966,0.004524886877828055,0.5393295454545465
1000,1.5,612,0.45647058823529413,0.98,0.23678646581971763,0.09753787878787873,0.8054337899543391,0.0016339869281045752,0.5644462629569023
1000,2,853,0.46588235294117647,0.9660000000000002,0.28301112773375037,0.16221300138312592,0.8563468634686369,0.004689331770222743,0.5313623871221043
1000,2,855,0.49176470588235294,0.9426666666666669,0.2594475311327467,0.18832369942196514,0.8367012987013019,0.0035087719298245615,0.5995774647887335
1000,2,872,0.47058823529411764,0.9693333333333334,0.2813708196049846,0.14945525291828793,0.8315523465704004,0.0045871559633027525,0.5188632872503848
1000,2,848,0.4788235294117647,0.965333333333333,0.2955589929209673,0.14496598639455757,0.8499251870324228,0.003537735849056604,0.5821854043392535
1000,2,843,0.49058823529411766,0.9646666666666666,0.2789694022313504,0.1451557632398753,0.8587500000000012,0.004744958481613286,0.5307667858561794
1000,2,888,0.45647058823529413,0.9639999999999997,0.2804382835021173,0.14103741496598649,0.8556559766763865,0.0045045045045045045,0.5659690799396696
1000,2,864,0.45176470588235296,0.968,0.3117529191807281,0.13952736318407966,0.8430886075949414,0.005787037037037037,0.5516802483507984
1000,2,847,0.49058823529411766,0.9413333333333335,0.2719012050160019,0.13552083333333326,0.8394736842105297,0.0035419126328217238,0.5940837282780433
1000,2,850,0.46588235294117647,0.9413333333333335,0.23882936497620488,0.1777619047619048,0.7871541501976307,0.004705882352941176,0.5280063041765204
1000,2,890,0.47058823529411764,0.9359999999999998,0.266419576765593,0.17405622489959818,0.8598050139275806,0.0033707865168539327,0.5943367155204842
1000,2,876,0.4717647058823529,0.9759999999999996,0.26433126288005493,0.12638888888888863,0.8314150943396237,0.0045662100456621,0.5146253822629986
1000,2,852,0.4717647058823529,0.968,0.3037595890351449,0.14039872408293436,0.8697796143250727,0.0035211267605633804,0.574927365528075
1000,2,826,0.4623529411764706,0.9666666666666669,0.2889277493297425,0.1468233618233616,0.8248948948948981,0.004842615012106538,0.5407502027575041
1000,2,862,0.48,0.9526666666666667,0.2837810157096184,0.14097844112769467,0.8422832369942229,0.0034802784222737818,0.5624175397749338
1000,2,902,0.4764705882352941,0.9726666666666667,0.27321555468893227,0.18902380952380976,0.8322006472491942,0.005543237250554324,0.5185321441843197
1000,2,875,0.46588235294117647,0.9833333333333335,0.28691479908943324,0.1338461538461536,0.8507843137254921,0.004571428571428572,0.5376769996173001
1000,2,881,0.4717647058823529,0.968,0.29463609331047796,0.12185185185185154,0.8444126984127006,0.004540295119182747,0.535648042569366
1000,2,882,0.4811764705882353,0.9246666666666666,0.2516459782716108,0.14246478873239438,0.843529411764709,0.0022675736961451248,0.5803371212121239
1000,2,864,0.4717647058823529,0.9600000000000004,0.2870605242350379,0.17860557768924318,0.835479452054799,0.004629629629629629,0.5548604651162818
1000,2,863,0.49058823529411766,0.9453333333333332,0.27533854834561294,0.14589887640449412,0.8452989130434829,0.0034762456546929316,0.5777984496124062
1000,2,852,0.46941176470588236,0.9560000000000002,0.27430581899789,0.15509803921568602,0.8301515151515181,0.004694835680751174,0.5549646226415115
1000,2,888,0.44941176470588234,0.9513333333333336,0.27357400275962873,0.12746666666666673,0.8414777327935256,0.0033783783783783786,0.6353408662900205
1000,2,866,0.44823529411764707,0.9733333333333334,0.3116866459221956,0.15931654676259,0.8407673267326774,0.005773672055427252,0.5492992644212175
1000,2,888,0.48470588235294115,0.9486666666666668,0.2757710674948493,0.12727969348658993,0.842436260623233,0.0033783783783783786,0.5622862523540526
1000,2,870,0.46941176470588236,0.966666666666667,0.28534207398666944,0.13036163522012562,0.8655363321799336,0.004597701149425287,0.5361085450346431
1000,2,861,0.5058823529411764,0.9753333333333336,0.2696681185005946,0.13418936446173788,0.8446766169154237,0.005807200929152149,0.4817912772585663
1000,2,865,0.4647058823529412,0.9313333333333332,0.24809065703636715,0.16661938534278933,0.8363172804532598,0.0023121387283236996,0.5991850135187357
1000,2,895,0.46941176470588236,0.9773333333333329,0.292106950261797,0.15565772669220934,0.8409523809523837,0.004469273743016759,0.5449233071455298
1000,2,843,0.5058823529411764,0.9466666666666669,0.2467855437479788,0.13749549549549533,0.8453684210526332,0.0035587188612099642,0.5123809523809537
1000,2,869,0.48705882352941177,0.9439999999999997,0.23317916652035048,0.13508658008657998,0.8287962962962971,0.0034522439585730723,0.5364126250962288
1000,2,899,0.44588235294117645,0.9813333333333335,0.2958094839674296,0.1159884559884557,0.8193654822335072,0.004449388209121246,0.5553556797020507
1000,2,818,0.5058823529411764,0.9546666666666666,0.2963637606793799,0.14087962962962944,0.834098360655741,0.004889975550122249,0.5617199017199029
1000,2,832,0.5094117647058823,0.9633333333333334,0.2648077431181559,0.16463768115942023,0.8327826086956545,0.003605769230769231,0.5625693606755153
1000,2,888,0.4835294117647059,0.9700000000000002,0.2905029733188507,0.16136111111111118,0.8384635416666709,0.0045045045045045045,0.5749170437405751
1000,2,860,0.4929411764705882,0.9706666666666668,0.23604900256588,0.12338308457711412,0.7955900621118006,0.004651162790697674,0.48213395638629414
1000,2,846,0.4682352941176471,0.9566666666666667,0.25653662552365464,0.18404081632653088,0.8463636363636372,0.004728132387706856,0.4985866983372938
1000,2,865,0.48470588235294115,0.9693333333333332,0.30405077811311076,0.14890824622531948,0.8179200000000023,0.005780346820809248,0.5293565891472879
1000,2,868,0.4435294117647059,0.9780000000000001,0.27573786573535225,0.11769414575866173,0.8442857142857131,0.00576036866359447,0.46773271533410565
1000,2,809,0.48705882352941177,0.9540000000000002,0.2712558999560919,0.15956521739130436,0.8300000000000014,0.004944375772558714,0.5044057971014496
1000,2,896,0.4447058823529412,0.926,0.2638028180826147,0.12995983935742986,0.8323733333333374,0.0033482142857142855,0.5855617767823826
1000,2,863,0.46941176470588236,0.9793333333333334,0.2656776237188003,0.16546568627451003,0.8423923444976082,0.005793742757821553,0.4876107226107242
1000,2,866,0.49529411764705883,0.9613333333333333,0.2754081737324259,0.1588562091503266,0.825454545454549,0.003464203233256351,0.5752993433758247
1000,2,877,0.48,0.9539999999999997,0.2242958465859686,0.15347094801223218,0.7779012345678998,0.004561003420752566,0.4763688430698745
1000,2,855,0.4988235294117647,0.9473333333333337,0.2692862373478069,0.17517094017094037,0.8453030303030323,0.004678362573099415,0.5260047003525286
1000,2,839,0.47058823529411764,0.984666666666667,0.29284155605148504,0.1542437591776796,0.8530882352941217,0.004767580452920143,0.5637045908183647
1000,2,861,0.5,0.9813333333333335,0.2886656050110556,0.12107669616519146,0.823211009174315,0.004645760743321719,0.534542979385454
1000,2,828,0.48470588235294115,0.9686666666666668,0.26061097900351354,0.10777777777777786,0.8009121621621653,0.0036231884057971015,0.5475878787878791
1000,2,875,0.46,0.9426666666666667,0.2759080852206294,0.11610256410256391,0.8461458333333334,0.0034285714285714284,0.5437844036697261
1000,2,862,0.4823529411764706,0.9640000000000002,0.2935480134378472,0.14906148867313906,0.8616489361702147,0.004640371229698376,0.570170940170942
1000,2.5,1169,0.508235294117647,0.8553333333333332,0.2581625600279454,0.12340136054421769,0.8481467181467224,0.0025662959794696323,0.6218181818181826
1000,2.5,1194,0.5047058823529412,0.9013333333333332,0.2993715014381024,0.20639438943894345,0.8685470085470085,0.005862646566164154,0.5481915192361696
1000,2.5,1234,0.5047058823529412,0.9333333333333336,0.32744583762402374,0.1677733860342554,0.8791232227488168,0.007293354943273906,0.5114884353741489
1000,2.5,1288,0.46588235294117647,0.8886666666666667,0.3134185359198905,0.16603214890016926,0.8925198412698451,0.005434782608695652,0.5572859744990898
1000,2.5,1163,0.5047058823529412,0.8873333333333335,0.3027674708817437,0.18895536562203258,0.86254205607477,0.0060189165950128975,0.5769204152249143
1000,2.5,1202,0.5164705882352941,0.8906666666666664,0.27818962536074276,0.1956484149855909,0.8610353535353549,0.004991680532445923,0.5485200668896315
1000,2.5,1195,0.4682352941176471,0.88,0.27641329788819713,0.18614483493077758,0.8663366336633689,0.00502092050209205,0.549980375665827
1000,2.5,1244,0.4623529411764706,0.9166666666666666,0.287203019639019,0.18864453665283523,0.8341207349081405,0.007234726688102894,0.4997300944669359
1000,2.5,1220,0.48705882352941177,0.9046666666666667,0.2727392275052235,0.18305632502308408,0.8215690866510571,0.005737704918032787,0.533382797471833
1000,2.5,1211,0.49058823529411766,0.8840000000000001,0.28196781618903266,0.17538386783284748,0.8293153526970973,0.00495458298926507,0.5599612724757939
1000,2.5,1225,0.49176470588235294,0.866,0.22653646859434778,0.19056089743589727,0.8162729658792682,0.0032653061224489797,0.585236145236143
1000,2.5,1178,0.4929411764705882,0.8726666666666665,0.2547362538768888,0.20845454545454542,0.8624549549549574,0.0025466893039049238,0.5965957446808513
1000,2.5,1249,0.4776470588235294,0.8813333333333336,0.27570262301935283,0.1789277389277391,0.8784953703703718,0.0040032025620496394,0.5740192926045014
1000,2.5,1261,0.47058823529411764,0.8733333333333333,0.2725312946912771,0.13206666666666653,0.8754451345755723,0.0023790642347343376,0.6089798622151558
1000,2.5,1213,0.4894117647058824,0.87,0.2662833507051194,0.17574149659863963,0.8262331081081138,0.0032976092333058533,0.6146898263027268
1000,2.5,1221,0.5035294117647059,0.9040000000000001,0.27186186408691476,0.19508210180623983,0.8511184210526331,0.005733005733005733,0.5170647995606809
1000,2.5,1238,0.4752941176470588,0.8620000000000001,0.24733266139092636,0.16063725490196087,0.8342158859470493,0.0032310177705977385,0.6030524041058878
1000,2.5,1219,0.5,0.9113333333333332,0.3016257434131433,0.17836583101207076,0.8543371212121225,0.005742411812961444,0.5714988998899884
1000,2.5,1265,0.49529411764705883,0.8933333333333333,0.27918984664303376,0.1547572016460908,0.8556591639871413,0.006324110671936759,0.5000636435958621
1000,2.5,1198,0.4988235294117647,0.902,0.31108774473293943,0.1795614035087721,0.8783507306889399,0.005843071786310518,0.5565351245452009
1000,2.5,1192,0.5023529411764706,0.8686666666666667,0.2542103565785305,0.17608823529411763,0.8448529411764729,0.0050335570469798654,0.49962338392355565
1000,2.5,1200,0.49058823529411766,0.9006666666666664,0.2820110859846096,0.17032640949554909,0.8466904761904792,0.005,0.5477135678391962
1000,2.5,1191,0.48705882352941177,0.8940000000000001,0.2614756629632569,0.1687009803921571,0.8160879120879151,0.0041981528127623844,0.5754834176503637
1000,2.5,1268,0.4988235294117647,0.8733333333333333,0.25564387657220805,0.19524344569288377,0.8472938689217794,0.003943217665615142,0.5795566112430727
1000,2.5,1240,0.4682352941176471,0.8393333333333336,0.2360586804519825,0.14197831978319786,0.8507017543859675,0.0016129032258064516,0.6345772751750121
1000,2.5,1215,0.47411764705882353,0.8906666666666668,0.3042172705848672,0.1589361702127659,0.8723320158102789,0.0049382716049382715,0.5724069478908193
1000,2.5,1229,0.5164705882352941,0.8986666666666667,0.3036147357295441,0.17825082508250836,0.8858620689655196,0.005695687550854353,0.5315439170758335
1000,2.5,1216,0.5058823529411764,0.9206666666666666,0.28033406323697824,0.17922275641025628,0.8203763440860238,0.006578947368421052,0.5104166666666672
1000,2.5,1230,0.5,0.9113333333333331,0.28607965222858256,0.2026758409785926,0.8619685039370089,0.0065040650406504065,0.5142635024549925
1000,2.5,1180,0.5023529411764706,0.8873333333333331,0.2736430597587892,0.17483830845771142,0.8519006479481669,0.00423728813559322,0.5832453900709218
1000,2.5,1223,0.48705882352941177,0.8633333333333335,0.2701739538562361,0.1288183421516753,0.861375968992251,0.0024529844644317253,0.6215683060109267
1000,2.5,1224,0.5047058823529412,0.8646666666666664,0.22366495099003603,0.18001700680272112,0.8245380434782636,0.0032679738562091504,0.5757103825136609
1000,2.5,1258,0.4894117647058824,0.854,0.2628017953446079,0.20035897435897443,0.843677130044847,0.0047694753577106515,0.5539217252396156
1000,2.5,1257,0.46941176470588236,0.8993333333333335,0.2954920981344752,0.15025900900900896,0.8738476562500028,0.003977724741447892,0.5802955271565509
1000,2.5,1170,0.5,0.8979999999999999,0.29119865592040234,0.16740535549399835,0.850683962264154,0.005982905982905983,0.5363198624247644
1000,2.5,1219,0.4988235294117647,0.8660000000000002,0.2688559466264387,0.18678160919540215,0.8479509632224198,0.003281378178835111,0.6086694101508917
1000,2.5,1173,0.5011764705882353,0.884,0.2549380002750141,0.21303357314148716,0.8421052631578985,0.004262574595055414,0.5643321917808221
1000,2.5,1198,0.49058823529411766,0.8886666666666667,0.25739166912768946,0.1679138321995467,0.830150150150153,0.004173622704507512,0.5327046661078534
1000,2.5,1200,0.5011764705882353,0.9126666666666665,0.28611581490567095,0.19998669328010554,0.8455376344086046,0.0075,0.4833277357962526
1000,2.5,1227,0.4811764705882353,0.8833333333333333,0.25035636600996225,0.1641247002398085,0.8152439024390266,0.004074979625101874,0.5371576650300065
1000,2.5,1161,0.49176470588235294,0.8953333333333334,0.27581055754785766,0.18243119266055038,0.8948775055679323,0.0034453057708871662,0.6052434456928829
1000,2.5,1247,0.48823529411764705,0.9006666666666668,0.2897293071769736,0.1740857392825898,0.849209302325583,0.0056134723336006415,0.542266129032257
1000,2.5,1194,0.47058823529411764,0.9373333333333332,0.29386125734488117,0.1657840991976656,0.8637931034482784,0.007537688442211055,0.476973277074545
1000,2.5,1180,0.4588235294117647,0.8933333333333333,0.2773222437635064,0.14717948717948737,0.8356623376623405,0.005084745762711864,0.5492106757524133
1000,2.5,1255,0.5011764705882353,0.8466666666666668,0.27592624276578304,0.157245179063361,0.8454434782608745,0.0031872509960159364,0.6092965627497992
1000,2.5,1257,0.4835294117647059,0.8693333333333334,0.255920837371444,0.2073498233215549,0.839061833688702,0.003977724741447892,0.5964270500532435
1000,2.5,1194,0.5094117647058823,0.9313333333333332,0.27364485358777946,0.15759493670886085,0.8041279069767483,0.006700167504187605,0.5035581787521072
1000,2.5,1243,0.4835294117647059,0.9006666666666666,0.2958670496181047,0.16938511326860836,0.8457882882882909,0.006436041834271922,0.5295141700404868
1000,2.5,1254,0.4588235294117647,0.9166666666666665,0.29421702905436975,0.20109533468559784,0.8677002583979349,0.007177033492822967,0.5068460508701491
1000,2.5,1222,0.49058823529411766,0.8946666666666668,0.28008056932542075,0.1638375350140059,0.868117647058825,0.0057283142389525366,0.520762688614542
1000,3,1729,0.4788235294117647,0.8026666666666668,0.29606806294863885,0.205560772039645,0.8856704980842913,0.006362058993637941,0.5299088086922759
1000,3,1688,0.4988235294117647,0.8300000000000002,0.3109583148635332,0.1994793344068708,0.9058490566037746,0.006516587677725118,0.5344702842377247
1000,3,1707,0.48823529411764705,0.8273333333333333,0.2987766346968375,0.18787347155768158,0.8744380952380986,0.007029876977152899,0.5211799410029481
1000,3,1682,0.528235294117647,0.7986666666666664,0.2841851907363366,0.13793650793650813,0.9031107205623944,0.0035671819262782403,0.6003878281622884
1000,3,1640,0.5047058823529412,0.8026666666666668,0.2615301814188386,0.22885802469135705,0.8369330855018591,0.006097560975609756,0.5411349693251515
1000,3,1706,0.48823529411764705,0.8366666666666666,0.29132923386237375,0.19864376926464095,0.865166297117521,0.008206330597889801,0.4789026792750202
1000,3,1651,0.508235294117647,0.7940000000000003,0.260739426709424,0.2507307979120053,0.8614263565891481,0.004845548152634767,0.586725502130244
1000,3,1738,0.5105882352941177,0.7846666666666668,0.2742392705877596,0.21145316804407666,0.8830000000000001,0.005178365937859608,0.5625448235974546
1000,3,1676,0.4976470588235294,0.8333333333333333,0.2724878980590748,0.21278033794162757,0.8484429824561425,0.007159904534606206,0.49930088141025486
1000,3,1662,0.4623529411764706,0.8460000000000001,0.31646487114696786,0.20901270772238462,0.8772629969418981,0.007821901323706379,0.5368647665251658
1000,3,1698,0.4858823529411765,0.7886666666666668,0.295423281025253,0.1786039215686271,0.8756742323097475,0.004711425206124852,0.6005009861932953
1000,3,1713,0.5258823529411765,0.7946666666666669,0.2920060633426776,0.19707454289732762,0.8605960264900667,0.005253940455341506,0.5992468701095435
1000,3,1719,0.4858823529411765,0.8339999999999997,0.2970570145530272,0.1880398162327715,0.851963963963965,0.006980802792321117,0.5136535832845155
1000,3,1698,0.49058823529411766,0.7826666666666667,0.28288193407336343,0.20842255531762988,0.8955258467023202,0.004711425206124852,0.570573964497039
1000,3,1705,0.4894117647058824,0.8233333333333335,0.26753732851351186,0.20856377277599067,0.8621303258145362,0.0064516129032258064,0.5012495080676889
1000,3,1730,0.4764705882352941,0.762,0.2594786897539366,0.18713787085514796,0.8501680672268948,0.004046242774566474,0.5850725478815987
1000,3,1694,0.4988235294117647,0.8066666666666669,0.31731973269805586,0.19109855618330157,0.903023909985937,0.005312868949232586,0.5876933728981225
1000,3,1675,0.5094117647058823,0.7753333333333335,0.2913323079277872,0.178178178178178,0.8954873646209395,0.003582089552238806,0.6444158178550008
1000,3,1661,0.5047058823529412,0.7913333333333331,0.29511820370104286,0.1877901234567894,0.8624793388429781,0.006020469596628537,0.5481364829396305
1000,3,1706,0.48,0.7860000000000001,0.28354275175951854,0.18669558929862595,0.8423636363636356,0.005275498241500586,0.5845590257316802
1000,3,1738,0.5129411764705882,0.7713333333333333,0.28435956565498155,0.161803118908382,0.8745962732919279,0.0034522439585730723,0.6347863741339496
1000,3,1680,0.47411764705882353,0.8,0.278905786419023,0.22339344262295013,0.861785714285718,0.006547619047619048,0.5250808867585371
1000,3,1695,0.5117647058823529,0.8106666666666669,0.27474205885254654,0.2122816399286983,0.9013333333333349,0.006489675516224189,0.5167775138558984
1000,3,1709,0.5,0.8013333333333331,0.27172237256001863,0.22545698924731164,0.8375992779783383,0.006436512580456407,0.5297919120533952
1000,3,1701,0.5,0.8160000000000003,0.3119489301863902,0.2066459948320408,0.8957781456953655,0.007054673721340388,0.5458910597986971
1000,3,1643,0.5247058823529411,0.7586666666666667,0.25423489370440494,0.19718128654970765,0.8588810198300288,0.0030432136335970784,0.6214224664224626
1000,3,1619,0.5,0.8020000000000002,0.3017045107928668,0.19262552934059238,0.8886631016042799,0.006176652254478073,0.5419743111663556
1000,3,1692,0.5058823529411764,0.8046666666666669,0.27597087997065045,0.204158415841584,0.8749224806201565,0.005319148936170213,0.5480887304416713
1000,3,1732,0.4717647058823529,0.784,0.2894120250096342,0.16947640117994137,0.8808500000000027,0.004618937644341801,0.5720185614849156
1000,3,1664,0.5235294117647059,0.8393333333333332,0.3008278152020783,0.1908279569892463,0.8630085470085479,0.007211538461538462,0.5231880548829674
1000,3,1697,0.5176470588235295,0.8220000000000004,0.27889199826989874,0.2044704734016591,0.8572380952380977,0.0076605774896876845,0.4909164687252555
1000,3,1664,0.5023529411764706,0.7953333333333334,0.2916150500072314,0.16612851405622445,0.8536931818181817,0.004807692307692308,0.5846859903381586
1000,3,1678,0.49529411764705883,0.8120000000000002,0.28793204428269864,0.1997144522144513,0.8418585526315818,0.006555423122765197,0.539352129574085
1000,3,1696,0.5141176470588236,0.8173333333333332,0.2710165333111711,0.22618001046572433,0.8620043572984765,0.006485849056603774,0.510110781404549
1000,3,1682,0.5094117647058823,0.786,0.27386610668918676,0.21107801418439656,0.8454370370370371,0.00535077288941736,0.5729966128710877
1000,3,1727,0.5011764705882353,0.8113333333333331,0.28213174467414853,0.20380811078140423,0.8565644171779135,0.006948465547191662,0.5041963070942641
1000,3,1770,0.5,0.7813333333333332,0.3097288609578618,0.1760059523809519,0.9026677316293948,0.005649717514124294,0.5535473484848493
1000,3,1684,0.5317647058823529,0.7753333333333335,0.2703198840090329,0.20416666666666647,0.8657736389684818,0.004156769596199525,0.6043689127410067
1000,3,1691,0.49529411764705883,0.7919999999999999,0.2988942878305304,0.2041751527494903,0.8860485021398006,0.004730928444707274,0.5897009308773989
1000,3,1648,0.5152941176470588,0.7806666666666666,0.279143085094762,0.1865417867435157,0.8721983914209094,0.0036407766990291263,0.6298375964271175
1000,3,1684,0.49176470588235294,0.7786666666666665,0.27651707693003946,0.17090111642743236,0.8701897533206822,0.004750593824228029,0.5611873508353212
1000,3,1668,0.5211764705882352,0.7906666666666669,0.2755511401063528,0.20851925630810036,0.8658208955223915,0.00539568345323741,0.5554651396423536
1000,3,1701,0.5011764705882353,0.7826666666666666,0.27296132462482253,0.23181236673773914,0.8657122093023246,0.005291005291005291,0.5849881796690269
1000,3,1705,0.45647058823529413,0.8153333333333337,0.2917793906782858,0.18404283801874144,0.8678322784810142,0.005278592375366569,0.5673919025157196
1000,3,1664,0.5070588235294118,0.788,0.27262533220609764,0.18816326530612232,0.8518237704918048,0.005408653846153846,0.5382175226586102
2000,1,392,0.45176470588235296,0.9946666666666668,0.255270568661072,0.113939393939394,0.8099166666666654,0.002551020408163265,0.5039045183290694
2000,1,405,0.46352941176470586,1.0166666666666666,0.2629595088250178,0.09944444444444443,0.8193023255813939,0.0024691358024691358,0.5101485148514845
1000,3,1741,0.4964705882352941,0.7866666666666666,0.25960777580758604,0.22113127646702924,0.857525773195876,0.005743825387708214,0.5285095320623904
1000,3,1686,0.4835294117647059,0.8080000000000002,0.27347310962620625,0.20920785804816178,0.8378500000000021,0.005338078291814947,0.5639753528125578
1000,3,1679,0.4929411764705882,0.7926666666666669,0.28841633597826394,0.18452123830093578,0.8765403624382201,0.005360333531864205,0.5726367265469071
2000,1,389,0.4376470588235294,1.0379999999999998,0.30193276218784026,0.10156565656565664,0.8053999999999985,0.005141388174807198,0.4796726959517663
1000,3,1681,0.4929411764705882,0.7766666666666665,0.2499142033067621,0.2111678832116785,0.8571581196581224,0.004759071980963712,0.5512472604104391
1000,3,1676,0.49529411764705883,0.7779999999999997,0.2939773313058341,0.18535626535626515,0.8843600562587923,0.004176610978520286,0.6069782304773308
2000,1,408,0.45529411764705885,1.036,0.2907277513986496,0.10949579831932782,0.8074096385542163,0.004901960784313725,0.5092364532019713
2000,1,377,0.49529411764705883,1.0213333333333334,0.25994219260985296,0.10807692307692303,0.807372262773722,0.002652519893899204,0.52729609929078
2000,1,389,0.4682352941176471,1.0006666666666668,0.2350119311812068,0.11092592592592586,0.804429530201341,0.002570694087403599,0.5598367697594505
2000,1,402,0.45176470588235296,1.0386666666666668,0.2717427158035964,0.1145045045045046,0.8029230769230754,0.004975124378109453,0.49219999999999975
2000,1,387,0.44588235294117645,1.0506666666666666,0.2916333267653812,0.11712215320910975,0.8132692307692301,0.007751937984496124,0.4213020833333334
2000,1,387,0.46,1.0066666666666666,0.265720474413238,0.08499999999999992,0.8106329113924042,0.002583979328165375,0.5461139896373063
2000,1,387,0.4470588235294118,1.0213333333333336,0.26686029029752345,0.09956140350877182,0.8128301886792443,0.002583979328165375,0.5485060449050088
2000,1,375,0.49176470588235294,1.0366666666666662,0.27720986763333383,0.09529411764705886,0.8168376068376064,0.005333333333333333,0.4875960679177844
2000,1,401,0.4364705882352941,1.0373333333333334,0.2719132641373226,0.112982456140351,0.8104273504273491,0.004987531172069825,0.48060150375939814
2000,1,385,0.46941176470588236,1.0259999999999996,0.29443143606839184,0.10833333333333339,0.8023566878980876,0.005194805194805195,0.4983289817232375
2000,1,367,0.46941176470588236,1.0273333333333332,0.2849141766050634,0.09518115942028983,0.8074025974025959,0.0027247956403269754,0.5243715846994538
2000,1,394,0.43529411764705883,1.0240000000000002,0.2661239733879172,0.1105555555555556,0.7996052631578933,0.0025380710659898475,0.5214843087362164
2000,1,378,0.4611764705882353,1.0393333333333337,0.2799910624206804,0.10406250000000009,0.8067619047619036,0.005291005291005291,0.44878546099290795
2000,1,370,0.43411764705882355,1.0359999999999998,0.26898001612340405,0.11681992337164751,0.8087591240875899,0.002702702702702703,0.5224028906955742
2000,1,399,0.45176470588235296,1.0333333333333332,0.2872791187698497,0.09772108843537412,0.8158823529411766,0.005012531328320802,0.5329974811083134
2000,1,414,0.45294117647058824,1.0306666666666668,0.2796977605392769,0.10742138364779888,0.8230985915492945,0.004830917874396135,0.5061650485436893
2000,1,413,0.4423529411764706,1.0313333333333332,0.28624149354962064,0.08994047619047622,0.7971698113207532,0.004842615012106538,0.5029927007299269
2000,1,403,0.4764705882352941,1.0166666666666666,0.24790260397922048,0.11531531531531526,0.8068309859154914,0.0024813895781637717,0.5360281923714756
2000,1,396,0.47294117647058825,1.038,0.2787178677174147,0.10839285714285722,0.7986956521739114,0.005050505050505051,0.49657360406091366
2000,1,394,0.4576470588235294,1.030666666666667,0.2941927269899975,0.09176470588235286,0.8210365853658528,0.005076142131979695,0.5242857142857146
2000,1,373,0.45529411764705885,1.011333333333333,0.2644758655750019,0.09662100456620998,0.8106578947368408,0.002680965147453083,0.5451254480286742
2000,1,402,0.4752941176470588,1.0246666666666668,0.2831184900088149,0.09092369477911645,0.812898550724639,0.0024875621890547263,0.5746134663341654
2000,1,372,0.47058823529411764,0.9986666666666666,0.23453856362162803,0.10122065727699527,0.8085106382978721,0.002688172043010753,0.49872416891284754
2000,1,380,0.4447058823529412,1.0279999999999998,0.276761938649348,0.08857723577235761,0.814709677419354,0.002631578947368421,0.5381618293755503
2000,1,367,0.48,1.0226666666666668,0.282863566565608,0.10356589147286821,0.8079393939393922,0.0027247956403269754,0.5463934426229508
2000,1,406,0.4411764705882353,1.0293333333333334,0.25907715224033595,0.10865591397849471,0.7934736842105248,0.0049261083743842365,0.448638613861386
2000,1,400,0.46,1.0300000000000002,0.27665276541681305,0.11775811209439538,0.8147656249999984,0.005,0.49185929648241133
2000,1,358,0.4505882352941176,1.0533333333333332,0.31715495457939263,0.1144594594594595,0.8070921985815585,0.00558659217877095,0.45970037453183554
2000,1,397,0.4470588235294118,1.038,0.28467644584333684,0.1042276422764228,0.8012318840579694,0.005037783375314861,0.4775780590717301
2000,1,395,0.47294117647058825,1.024666666666667,0.28764968756387116,0.1305654761904763,0.8099411764705879,0.005063291139240506,0.5248939779474137
2000,1,355,0.5035294117647059,1.0333333333333334,0.2608994688265608,0.10813186813186813,0.8165957446808512,0.0028169014084507044,0.48107344632768334
2000,1,372,0.4588235294117647,1.0273333333333332,0.2868637504050872,0.0960493827160493,0.8021844660194178,0.002688172043010753,0.576280323450136
2000,1,377,0.45294117647058824,1.0166666666666666,0.27698604013606903,0.09166666666666658,0.8118390804597689,0.002652519893899204,0.5586436170212769
2000,1,408,0.42,1.0106666666666666,0.2640845987413872,0.0932098765432098,0.8141558441558424,0.0024509803921568627,0.5352006552006552
2000,1,377,0.4647058823529412,1.0453333333333334,0.2818521606155464,0.11055118110236233,0.8083486238532096,0.005305039787798408,0.45663111111111093
2000,1,388,0.44588235294117645,1.0206666666666666,0.2809883986252297,0.1076356589147286,0.8150837988826819,0.002577319587628866,0.5550559862187777
2000,1,379,0.4682352941176471,0.9933333333333333,0.25298792202254844,0.09369047619047617,0.805810055865921,0.002638522427440633,0.5810141093474429
2000,1,399,0.4623529411764706,1.0300000000000002,0.2977266889863219,0.09619791666666681,0.8152482269503535,0.005012531328320802,0.47958018471872427
2000,1,400,0.46,1.0206666666666666,0.28409753905140894,0.08901515151515142,0.8207428571428568,0.0025,0.5480451127819549
2000,1,402,0.44823529411764707,1.032,0.26587990546441986,0.1173899371069183,0.8114399999999984,0.004975124378109453,0.4914416666666665
2000,1,372,0.47058823529411764,1.044,0.30638873229083824,0.10706172839506184,0.8064137931034472,0.005376344086021506,0.47397297297297336
2000,1,385,0.4647058823529412,1.0426666666666664,0.2861375868149547,0.10777777777777785,0.807253521126759,0.005194805194805195,0.4945517841601392
2000,1,354,0.48,1.0206666666666666,0.26412879294936187,0.10716894977168939,0.80742857142857,0.002824858757062147,0.5383947119924465
2000,1,385,0.4823529411764706,1.0606666666666664,0.28452826009954396,0.1121491228070176,0.8171739130434774,0.005194805194805195,0.4218450826805919
2000,1,395,0.4588235294117647,1.0313333333333332,0.2879190869960092,0.10125000000000005,0.8067605633802798,0.005063291139240506,0.48592027141645494
2000,1,379,0.44941176470588234,1.0213333333333332,0.2740420432048144,0.12188552188552199,0.8042068965517221,0.002638522427440633,0.5160846560846559
2000,1.5,631,0.4435294117647059,1.0246666666666664,0.30254675242618445,0.1269750367107193,0.8295754716981137,0.006339144215530904,0.4780382775119623
2000,1.5,586,0.45647058823529413,1.0286666666666668,0.26983157134322644,0.11660749506903358,0.8056547619047605,0.005119453924914676,0.4787764436821036
2000,1.5,606,0.44823529411764707,1.0060000000000002,0.3004032824154412,0.13526819923371636,0.8204713804713831,0.0049504950495049506,0.5494195688225553
2000,1.5,617,0.45176470588235296,1.006,0.2684983066116427,0.12478682170542636,0.8166129032258064,0.004862236628849271,0.49138979370249736
2000,1.5,565,0.49411764705882355,0.9880000000000001,0.2583645828727136,0.12623076923076942,0.812711864406779,0.0035398230088495575,0.5162048549437536
2000,1,383,0.46352941176470586,1.0233333333333334,0.25142811147404315,0.09743589743589741,0.8011764705882337,0.0026109660574412533,0.5500523560209422
2000,1.5,553,0.4764705882352941,1.008,0.28896105108377457,0.13571161048689145,0.8125123152709369,0.0054249547920434,0.49958181818181907
2000,1.5,617,0.4647058823529412,1.0179999999999998,0.30682370111738366,0.15114492753623177,0.8131868131868141,0.006482982171799027,0.5061174551386626
2000,1.5,580,0.49176470588235294,0.9773333333333335,0.2211670944640651,0.09960451977401123,0.800361445783134,0.0017241379310344827,0.5955958549222811
2000,1.5,572,0.46588235294117647,1.0060000000000002,0.3030046605975502,0.15055258467023147,0.8202973977695195,0.005244755244755245,0.5336906854130069
2000,1.5,597,0.4447058823529412,1.0166666666666666,0.28940620173525916,0.11492569002123147,0.81217898832685,0.005025125628140704,0.5320875420875437
2000,1.5,587,0.4835294117647059,1.0046666666666666,0.28050536455989183,0.11495495495495509,0.8091228070175456,0.005110732538330494,0.5304851598173514
2000,1.5,605,0.45647058823529413,1.0153333333333334,0.31695032201074297,0.10985858585858588,0.8307098765432133,0.0049586776859504135,0.5744241417497243
2000,1.5,577,0.4717647058823529,1.0153333333333334,0.2661182910029716,0.10840182648401843,0.7997267759562838,0.0034662045060658577,0.4962202898550727
2000,1.5,605,0.49529411764705883,0.9913333333333333,0.2510579631875385,0.13291044776119412,0.8050253807106608,0.003305785123966942,0.5222719734660034
2000,1.5,601,0.44823529411764707,0.9913333333333331,0.25579585302449054,0.1462878787878787,0.7964417177914095,0.004991680532445923,0.4849832775919738
2000,1.5,605,0.4588235294117647,1.0093333333333336,0.31955745048274775,0.11360153256704976,0.8494852941176486,0.0049586776859504135,0.5525249169435231
2000,1.5,595,0.45647058823529413,0.9993333333333335,0.2815027079664914,0.11381642512077311,0.8285892116182577,0.0033613445378151263,0.5493198426082069
2000,1.5,600,0.4588235294117647,1.0073333333333334,0.3024713395476716,0.11402862985685074,0.8151333333333364,0.005,0.5538581797878304
2000,1.5,588,0.4470588235294118,0.9953333333333332,0.28122217471390826,0.1354700854700854,0.8045112781954905,0.00510204081632653,0.5479259259259259
2000,1.5,563,0.47058823529411764,1.0093333333333334,0.27075168991353726,0.11038647342995184,0.8097500000000004,0.003552397868561279,0.5209803921568634
2000,1.5,587,0.45647058823529413,1.0206666666666666,0.3056464325188614,0.10303212851405633,0.819543726235743,0.005110732538330494,0.5346061643835631
2000,1.5,591,0.4964705882352941,1.0306666666666664,0.2723349384637645,0.10179959100204512,0.8176100628930809,0.005076142131979695,0.48841836734693994
2000,1.5,614,0.4223529411764706,1.0066666666666664,0.29266166533962545,0.1150764525993883,0.8203743315508031,0.006514657980456026,0.46556284153005556
2000,1.5,583,0.4717647058823529,1.0139999999999998,0.27630549987626996,0.10724310776942371,0.8242723004694839,0.003430531732418525,0.5297188755020079
2000,1.5,623,0.4752941176470588,0.9980000000000003,0.26109433741770177,0.13743002544529262,0.808871595330742,0.0032102728731942215,0.5542780461621065
2000,1.5,591,0.4717647058823529,0.9826666666666665,0.2502898000902884,0.1400687285223369,0.8218875502008043,0.001692047377326565,0.5762033898305088
2000,1.5,597,0.4835294117647059,0.9913333333333334,0.2814081606831077,0.10611594202898561,0.8481027667984201,0.0033500837520938024,0.5685994397759115
2000,1.5,610,0.46941176470588236,0.9933333333333333,0.2842136420670614,0.09579365079365088,0.8260215053763451,0.003278688524590164,0.5690350877192979
2000,1.5,577,0.4647058823529412,1.0093333333333334,0.267586310884284,0.09539215686274527,0.8133149171270713,0.0034662045060658577,0.5116463768115941
2000,1.5,612,0.45529411764705885,1.0053333333333334,0.2845640218771241,0.1346182495344505,0.8330476190476201,0.004901960784313725,0.5049425287356318
2000,1.5,586,0.47058823529411764,1.0280000000000002,0.2796760702261113,0.12503831417624514,0.8099519230769238,0.005119453924914676,0.49891938250428924
2000,1.5,576,0.48470588235294115,0.9826666666666665,0.254669439779308,0.11088050314465421,0.8073799126637567,0.003472222222222222,0.5569802555168422
2000,1.5,587,0.4611764705882353,0.9680000000000001,0.2424013670371112,0.11838951310861427,0.8248372093023265,0.0017035775127768314,0.5599715585893059
2000,1.5,601,0.4752941176470588,0.9959999999999997,0.2671985720270575,0.1058112094395282,0.8082562277580096,0.0033277870216306157,0.5734668892598785
2000,1.5,604,0.49176470588235294,0.974,0.23522550468532835,0.10224899598393576,0.8167757009345799,0.0016556291390728477,0.5624709784411278
2000,1.5,587,0.4988235294117647,0.9986666666666669,0.2592884385505675,0.11537414965986405,0.7862500000000004,0.005110732538330494,0.5071632420091335
2000,1.5,588,0.43529411764705883,0.9880000000000003,0.2852711487843012,0.12849889624724056,0.8101102941176492,0.00510204081632653,0.5468945868945883
2000,1.5,583,0.48,0.9946666666666666,0.2682498253887542,0.12698113207547185,0.81479495268139,0.003430531732418525,0.603356282271947
2000,1.5,580,0.48,0.996,0.28962767591736605,0.10655480984340064,0.8307048458149777,0.005172413793103448,0.5277816291161169
2000,1.5,624,0.4858823529411765,0.9766666666666669,0.24206771870067292,0.10056666666666671,0.8108292682926833,0.0016025641025641025,0.5433975387907963
2000,1.5,597,0.45529411764705885,0.9873333333333331,0.23597713170715523,0.17449864498644987,0.8057868020304566,0.0033500837520938024,0.542806722689077
2000,1.5,572,0.47058823529411764,0.9899999999999998,0.2803487085342548,0.11113821138211395,0.8360515021459242,0.0034965034965034965,0.5525730994152055
2000,1.5,588,0.47294117647058825,1.0086666666666664,0.2730642165015993,0.14604651162790677,0.8254891304347827,0.00510204081632653,0.49890028490028504
2000,1.5,582,0.4811764705882353,1.0166666666666668,0.2581710518914819,0.11346994535519137,0.804723618090453,0.003436426116838488,0.5316321839080459
2000,1.5,612,0.4423529411764706,1.0006666666666666,0.24780697029270307,0.1083333333333335,0.7918279569892471,0.0032679738562091504,0.5175956284153014
2000,1.5,582,0.4588235294117647,1.0020000000000002,0.2885651176696586,0.13702048417132204,0.8234634146341465,0.005154639175257732,0.5087334484743822
2000,1.5,589,0.4647058823529412,0.9946666666666666,0.24838360807854745,0.12039215686274514,0.8226162790697669,0.003395585738539898,0.5231175468483823
2000,1.5,596,0.4811764705882353,0.9919999999999999,0.28148206294416334,0.1122916666666668,0.8110040160642592,0.003355704697986577,0.5367003367003375
2000,1.5,602,0.42823529411764705,1.024,0.294012731782005,0.12758945386064025,0.8217063492063515,0.0049833887043189366,0.5257373400111316
2000,1.5,601,0.46352941176470586,0.9880000000000001,0.26509250917889904,0.11092261904761914,0.8179272727272748,0.0033277870216306157,0.5748636616583201
2000,2,834,0.48470588235294115,1.0033333333333339,0.27709021762567454,0.16444444444444478,0.825194805194807,0.007194244604316547,0.4792069243156206
2000,2,847,0.5047058823529412,0.954666666666667,0.28876560438122634,0.15225085910652897,0.8523809523809561,0.0035419126328217238,0.5839770932069536
2000,2,883,0.4776470588235294,0.9299999999999998,0.225262290125212,0.19431372549019615,0.8062458471760835,0.0033975084937712344,0.553405303030306
2000,2,831,0.4964705882352941,0.9733333333333334,0.30521166131819116,0.15768253968253945,0.8634405940594109,0.0036101083032490976,0.5900080515297943
2000,2,811,0.5105882352941177,0.9533333333333334,0.28001447727503437,0.10489177489177505,0.847217391304351,0.0036991368680641184,0.5913118811881188
2000,2,865,0.49176470588235294,0.954,0.2968260861008055,0.10926298157453936,0.8440659340659369,0.004624277456647399,0.5613859852884255
2000,2,835,0.5058823529411764,0.9726666666666666,0.2741980024495228,0.15870440251572365,0.8423423423423445,0.005988023952095809,0.489248995983937
2000,2,859,0.4835294117647059,0.9240000000000002,0.2542281650578615,0.15524875621890555,0.855147058823532,0.002328288707799767,0.5943757292882159
2000,2,867,0.46352941176470586,0.9626666666666669,0.2858313315444958,0.1793410852713181,0.8350568181818209,0.00461361014994233,0.555403630745462
2000,2,840,0.47294117647058825,0.9473333333333332,0.2734273952112255,0.15039855072463745,0.8268194070080896,0.0035714285714285713,0.5769812823576281
2000,2,862,0.46,0.9606666666666668,0.2806279661942834,0.1272337482710925,0.8300389105058381,0.004640371229698376,0.5085120435120446
2000,2,854,0.46705882352941175,0.9726666666666663,0.2695555889361488,0.19295681063122966,0.828055555555557,0.00585480093676815,0.4930231645072655
2000,2,860,0.4717647058823529,0.950666666666667,0.2722971069647772,0.1419999999999997,0.845750000000002,0.004651162790697674,0.5182048286604363
2000,2,842,0.48,0.9560000000000002,0.265726402012227,0.17887254901960764,0.8478214285714308,0.0035629453681710215,0.5502940007945977
2000,2,884,0.47294117647058825,0.9393333333333334,0.2932862028295897,0.10606589147286823,0.8788365650969547,0.003393665158371041,0.5839349224366248
2000,2,878,0.4752941176470588,0.9553333333333336,0.27535761113522744,0.13661064425770292,0.8108333333333364,0.004555808656036446,0.5166361556064072
2000,2,859,0.46705882352941175,0.992666666666667,0.2894049699011933,0.13720876585928501,0.8007719298245641,0.005820721769499418,0.4971155347384859
2000,2,844,0.48705882352941177,0.9886666666666667,0.3141775594683789,0.13709429824561434,0.8667790262172304,0.0071090047393364926,0.49670246618934116
2000,2,872,0.4894117647058824,0.9686666666666668,0.2648112395803867,0.1761010830324914,0.8151428571428596,0.005733944954128441,0.5048096885813158
2000,2,867,0.4505882352941176,0.9546666666666668,0.2695059230003516,0.1308986928104574,0.8428685258964157,0.0034602076124567475,0.5345679012345704
2000,2,879,0.4752941176470588,0.9666666666666669,0.28898083525159945,0.15344339622641492,0.8475000000000028,0.0034129692832764505,0.5804718417047192
2000,2,863,0.4505882352941176,0.9280000000000002,0.24447129644480445,0.1265450121654503,0.8295945945945975,0.002317497103128621,0.5708943089430905
2000,2,848,0.4647058823529412,0.9680000000000001,0.27216494146774606,0.14310776942355868,0.8131325301204847,0.00589622641509434,0.48750889679715453
2000,2,856,0.4470588235294118,0.964666666666667,0.29401238476894637,0.1272153635116597,0.8530545454545478,0.004672897196261682,0.526107198748045
2000,2,899,0.46588235294117647,0.96,0.29180594033655005,0.145919540229885,0.8490322580645179,0.004449388209121246,0.5478621973929251
2000,2,884,0.46705882352941175,0.9713333333333335,0.27372682552670635,0.13975728155339776,0.8315654952076714,0.004524886877828055,0.5479696969696974
2000,2,854,0.4976470588235294,0.9646666666666666,0.2896799049890119,0.14986956521739128,0.8574603174603203,0.00468384074941452,0.5388392156862758
2000,2,859,0.4858823529411765,0.9819999999999999,0.3071423532242277,0.17355855855855867,0.8558651026392989,0.005820721769499418,0.5273380171740847
2000,2,865,0.4623529411764706,0.9566666666666667,0.2534924754264514,0.18022108843537402,0.8424302788844652,0.003468208092485549,0.545262954369685
2000,2,840,0.4823529411764706,0.9460000000000001,0.25801719724934746,0.2055193798449612,0.8313333333333369,0.004761904761904762,0.5528508771929834
2000,2,853,0.5023529411764706,0.9793333333333334,0.29805801186361885,0.12683760683760664,0.8791726618705069,0.004689331770222743,0.5231134668237156
2000,2,850,0.4894117647058824,0.9719999999999999,0.2880576721129575,0.12253267973856177,0.8176517150395815,0.004705882352941176,0.5732781717888118
2000,2,881,0.4623529411764706,0.9693333333333334,0.3078902523880698,0.14219576719576704,0.8501804123711371,0.004540295119182747,0.5577118966172573
2000,2,821,0.47294117647058825,0.9453333333333338,0.264507431800595,0.16138738738738725,0.8160504201680719,0.0036540803897685747,0.5670986145069304
2000,2,864,0.4835294117647059,0.9640000000000003,0.2560340279373144,0.16626716604244704,0.8346808510638296,0.005787037037037037,0.48035312378734957
2000,2,871,0.4576470588235294,0.9639999999999997,0.2727794952836056,0.1377002583979328,0.806465863453818,0.0057405281285878304,0.5025789068514255
2000,2,872,0.48705882352941177,0.9553333333333333,0.29869178296559656,0.1398086124401911,0.8660955056179802,0.0034403669724770644,0.5706789413118553
2000,2,846,0.4964705882352941,0.9573333333333333,0.26789390386816764,0.12131021194605006,0.8129673590504483,0.0035460992907801418,0.5724159746935558
2000,2,882,0.4364705882352941,0.9306666666666666,0.2492002048950161,0.1594235588972432,0.8377590361445826,0.0022675736961451248,0.6179393939393983
2000,2,876,0.5035294117647059,0.9520000000000001,0.28795150340747516,0.1362770562770559,0.8287106017192007,0.0045662100456621,0.5459671253822646
2000,2,856,0.4835294117647059,0.9553333333333334,0.29028374308865224,0.12017006802721075,0.8404057971014502,0.0035046728971962616,0.5576318874560383
2000,2,867,0.46352941176470586,0.9640000000000002,0.27252280533093437,0.14945017182130635,0.8400943396226429,0.0057670126874279125,0.4779156999226616
2000,2,852,0.5176470588235295,0.9633333333333334,0.28711284074651405,0.14149999999999988,0.8220618556701054,0.005868544600938967,0.508473042109408
2000,2,821,0.4988235294117647,0.9773333333333333,0.2952881060936173,0.13293333333333313,0.8490449438202279,0.0036540803897685747,0.5698940505297498
2000,2,866,0.46,0.9420000000000001,0.2630819776803448,0.16183150183150158,0.8458471760797359,0.003464203233256351,0.5609231363460807
2000,2,834,0.46,0.9760000000000001,0.30462669565340683,0.16638497652582185,0.8276657824933704,0.005995203836930456,0.5346481704865302
2000,2,871,0.4588235294117647,0.9660000000000002,0.2806342410510469,0.1292767295597482,0.822163742690062,0.004592422502870264,0.5440868896578271
2000,2,857,0.46941176470588236,0.9620000000000001,0.2587408193243405,0.18011204481792736,0.8194696969696995,0.004667444574095682,0.5251504493942966
2000,2,844,0.5011764705882353,0.9460000000000001,0.29282048948389167,0.10901162790697674,0.8592592592592609,0.0035545023696682463,0.5910582639714621
2000,2,887,0.4976470588235294,0.9706666666666667,0.26710008288176945,0.16360730593607295,0.854474708171207,0.004509582863585118,0.5371423178557939
2000,2.5,1214,0.4788235294117647,0.8706666666666668,0.27894044341629715,0.1693540051679587,0.8543942133815583,0.004118616144975288,0.6088530465949797
2000,2.5,1205,0.5011764705882353,0.9040000000000001,0.2905643281652972,0.19320916905444135,0.860916666666671,0.004979253112033195,0.5691659716430353
2000,2.5,1220,0.5047058823529412,0.88,0.242868924173758,0.21974087161366346,0.825720930232564,0.004098360655737705,0.5734046639231793
2000,2.5,1196,0.4964705882352941,0.8980000000000004,0.292133442339852,0.18117592592592616,0.8608391608391642,0.005016722408026756,0.5391736694677892
2000,2.5,1227,0.46588235294117647,0.8913333333333331,0.2665239054542942,0.20176056338028206,0.8776691729323342,0.004074979625101874,0.5678641571194756
2000,2.5,1242,0.4811764705882353,0.8606666666666668,0.2592868020689803,0.17793154761904792,0.8429704797048012,0.00322061191626409,0.6152127086698964
2000,2.5,1196,0.49176470588235294,0.8973333333333335,0.28764534199207936,0.17440251572327067,0.8540757238307392,0.005016722408026756,0.5578319327731094
2000,2.5,1202,0.5011764705882353,0.8726666666666667,0.2993378124381559,0.18627510040160652,0.8917123287671249,0.004991680532445923,0.5724777034559642
2000,2.5,1227,0.5058823529411764,0.8819999999999997,0.2724341937020655,0.1622222222222222,0.831870324189528,0.004889975550122249,0.5409009009009018
2000,2.5,1236,0.4752941176470588,0.9186666666666667,0.28750082031379237,0.1852730236348815,0.8667801047120457,0.006472491909385114,0.5188110749185678
2000,2.5,1219,0.4858823529411765,0.9166666666666665,0.2756190897050521,0.1772939460247993,0.8314641744548323,0.007383100902378999,0.48434435261708086
2000,2.5,1203,0.4964705882352941,0.8959999999999998,0.301573945618303,0.16523809523809552,0.8680384615384626,0.004987531172069825,0.5692314118629939
2000,2.5,1198,0.5129411764705882,0.8806666666666668,0.276080863322954,0.15914728682170556,0.8713172541744013,0.00333889816360601,0.6241261864879946
2000,2.5,1206,0.4988235294117647,0.9019999999999999,0.2822342221840041,0.15846313603322978,0.833787528868363,0.004975124378109453,0.5510416666666665
2000,2.5,1249,0.49058823529411766,0.8813333333333334,0.2944131215497962,0.15732183908045969,0.8831492842535816,0.0040032025620496394,0.5778188638799578
2000,2.5,1270,0.5094117647058823,0.88,0.24676018715913667,0.1940384615384619,0.866768060836504,0.003937007874015748,0.5253833992094864
2000,2.5,1234,0.5023529411764706,0.9026666666666665,0.2699660339645083,0.15645259938837947,0.8552380952380971,0.004862236628849271,0.5246525515743773
2000,2.5,1244,0.4647058823529412,0.8933333333333333,0.2839696122749953,0.20486081370449644,0.872128851540619,0.006430868167202572,0.4987675296655894
2000,2.5,1213,0.47411764705882353,0.8813333333333334,0.26218813758037596,0.18871345029239783,0.8183433133732587,0.004122011541632316,0.567582781456953
2000,2.5,1234,0.49058823529411766,0.8880000000000001,0.27959505149177044,0.12129310344827555,0.8373975044563311,0.0032414910858995136,0.6166531165311636
2000,2.5,1270,0.48823529411764705,0.9153333333333336,0.26815887167987595,0.20034132171387026,0.810024154589375,0.007086614173228346,0.5051387787470273
2000,2.5,1259,0.4752941176470588,0.8920000000000002,0.2810300346052102,0.1770682730923699,0.8398443579766574,0.004765687053216839,0.570989624900237
2000,2.5,1235,0.48,0.910666666666667,0.2934663331165214,0.1873896499238963,0.8669727047146429,0.006477732793522267,0.5172099972833479
2000,2.5,1213,0.47294117647058825,0.931333333333333,0.26482884448308464,0.19533189033188977,0.8576534296028893,0.00741962077493817,0.46960963455149773
2000,2.5,1259,0.4752941176470588,0.8573333333333335,0.2715797348969771,0.12658730158730133,0.8513763066202116,0.003177124702144559,0.624969455511285
2000,2.5,1259,0.4541176470588235,0.886,0.2857783115807541,0.17145564168819988,0.8339592760181035,0.005559968228752979,0.5272231096911614
2000,2.5,1213,0.45647058823529413,0.9093333333333333,0.28198138472296636,0.1839983374896091,0.8455851063829828,0.006595218466611707,0.5235684647302923
2000,2.5,1164,0.4764705882352941,0.8966666666666671,0.28966448356360047,0.1906128133704734,0.829720000000003,0.006013745704467354,0.5537539613944119
2000,2.5,1167,0.4835294117647059,0.8840000000000001,0.255266813981447,0.1906979542719617,0.8535504885993502,0.004284490145672665,0.543201376936317
2000,2.5,1218,0.46941176470588236,0.8779999999999999,0.27607952477884107,0.1690185676392575,0.8592439862542959,0.005747126436781609,0.5130388109000833
2000,2.5,1169,0.5023529411764706,0.9120000000000005,0.26444466569657804,0.21974047039740388,0.856858974358976,0.005988023952095809,0.5027997705106158
2000,2.5,1229,0.49411764705882355,0.9226666666666665,0.2893805402205037,0.15025952960259556,0.8060246913580282,0.006509357200976403,0.5147911547911541
2000,2.5,1236,0.49529411764705883,0.846,0.21746796723261272,0.17788617886178865,0.8616085790884737,0.0016181229773462784,0.6084710967044822
2000,2.5,1214,0.4717647058823529,0.8833333333333333,0.2835700468809488,0.19861027190332342,0.8727752293578024,0.004942339373970346,0.5553780353200883
2000,2.5,1201,0.5235294117647059,0.91,0.3114408594816675,0.1697719298245616,0.8739618644067843,0.005828476269775187,0.5610022333891678
2000,2.5,1222,0.48470588235294115,0.8873333333333331,0.3075743997915274,0.14411764705882363,0.9003800475059414,0.004909983633387889,0.5616885964912303
2000,2.5,1192,0.47294117647058825,0.8926666666666667,0.25153569910021556,0.1601088435374151,0.8322589531680472,0.003355704697986577,0.5577637485970809
2000,2.5,1207,0.49058823529411766,0.8673333333333333,0.2786761646630701,0.13167521367521354,0.8486615384615391,0.0024855012427506215,0.6420127353266903
2000,2.5,1193,0.4929411764705882,0.8819999999999999,0.27549148752623,0.14765891472868212,0.8579055441478494,0.003352891869237217,0.5999158957106816
2000,2.5,1241,0.5035294117647059,0.912,0.28936667714975645,0.1489911218724783,0.8504347826086981,0.0064464141821112,0.49361449040281247
2000,2.5,1249,0.4894117647058824,0.8846666666666668,0.2703839631454126,0.21193518518518464,0.8613636363636391,0.005604483586869495,0.5377563070316711
2000,2.5,1215,0.5105882352941177,0.8733333333333333,0.2588594063906723,0.18210955710955717,0.8461643835616471,0.00411522633744856,0.5422809917355377
2000,2.5,1251,0.49411764705882355,0.8979999999999999,0.3078858517331682,0.14090239410681427,0.8461480075901369,0.005595523581135092,0.5619346195069653
2000,2.5,1212,0.4929411764705882,0.8860000000000002,0.28391648715738627,0.20521442495126674,0.8564848484848513,0.0049504950495049506,0.576605859590933
2000,2.5,1210,0.5070588235294118,0.9339999999999999,0.28099992625098325,0.18070596797671004,0.8342896935933182,0.00743801652892562,0.4880183180682774
2000,2.5,1219,0.5058823529411764,0.9086666666666667,0.28219035510972573,0.1443678160919542,0.8280760095011915,0.004922067268252666,0.5571283319593291
2000,2.5,1240,0.4976470588235294,0.8713333333333333,0.30531645743865504,0.18390322580645185,0.8894570928196164,0.004032258064516129,0.6062591093117418
2000,2.5,1180,0.5223529411764706,0.8499999999999998,0.23978006260475523,0.12941025641025655,0.8487058823529449,0.001694915254237288,0.6385370684776459
2000,2.5,1246,0.5105882352941177,0.9033333333333331,0.32669598458479093,0.17084518167456575,0.9138427947598281,0.0056179775280898875,0.5478369652945921
2000,2.5,1233,0.46352941176470586,0.9239999999999999,0.2812221409682043,0.169551020408163,0.8098787878787884,0.0072992700729927005,0.46929466230937056
2000,3,1751,0.4835294117647059,0.764,0.27792046566736983,0.22084518167456543,0.8828611500701262,0.003997715591090805,0.6094418960244626
2000,3,1723,0.49176470588235294,0.7913333333333333,0.28376776242466833,0.16581686429512504,0.8463718411552345,0.005803830528148578,0.5475267561782441
2000,3,1675,0.4976470588235294,0.7946666666666667,0.28920100440080915,0.17566448801742932,0.8668447412353935,0.005373134328358209,0.5620028011204468
2000,3,1719,0.4823529411764706,0.7713333333333333,0.26881605984281476,0.18451612903225803,0.8608131487889304,0.004072134962187318,0.5827511682242961
2000,3,1677,0.5094117647058823,0.8320000000000002,0.25903734982007454,0.206939203354297,0.8318832891246681,0.007155635062611807,0.48424224224224205
2000,3,1750,0.5035294117647059,0.7773333333333333,0.29435148056470734,0.20216849816849772,0.900131195335278,0.005142857142857143,0.5859027378901028
2000,3,1648,0.5223529411764706,0.8186666666666667,0.30962692772462624,0.17852161785216172,0.8718495684340317,0.0054611650485436895,0.6061765304047181
2000,3,1662,0.4976470588235294,0.8246666666666667,0.29094956423606055,0.2154160438465368,0.8483025210084059,0.007220216606498195,0.5315737373737345
2000,3,1659,0.4929411764705882,0.7826666666666667,0.30712053056380206,0.1924449506454057,0.8945057766367148,0.004822182037371911,0.6105653139511394
2000,3,1703,0.5094117647058823,0.7826666666666668,0.26445081116035657,0.21336188436830814,0.8566055045871575,0.004697592483852026,0.5703244837758071
2000,3,1687,0.5141176470588236,0.7573333333333335,0.23932764846472837,0.232819843342036,0.8310508474576299,0.004149377593360996,0.5763194444444395
2000,3,1656,0.49058823529411766,0.8266666666666667,0.25737007915392457,0.2027099236641218,0.8064705882352977,0.006038647342995169,0.5323167274200049
2000,3,1670,0.5152941176470588,0.7926666666666665,0.29539451463925687,0.18446554149085767,0.861588921282797,0.005389221556886228,0.5789123018262062
2000,3,1645,0.5011764705882353,0.8226666666666665,0.3138398650360276,0.1828637059724346,0.8570839936608576,0.007902735562310031,0.5204616013071901
2000,3,1684,0.5,0.7613333333333333,0.263567006369119,0.19915708812260532,0.8609929078014192,0.0035629453681710215,0.6245570123162453
2000,3,1669,0.5117647058823529,0.7813333333333332,0.2651515949878354,0.2040476190476184,0.8798510638297894,0.004793289394847214,0.5436042544651817
2000,3,1655,0.5223529411764706,0.7840000000000003,0.27508874665323446,0.22872773536895602,0.8874753451676541,0.005438066465256798,0.5443600648035632
2000,3,1679,0.5011764705882353,0.8006666666666669,0.2946346430845552,0.21581487791027737,0.8629552238805974,0.006551518761167362,0.5549280575539558
2000,3,1708,0.5058823529411764,0.8073333333333335,0.2957492841493373,0.19357888275015298,0.8699352750809084,0.00585480093676815,0.5588574793875147
2000,3,1689,0.47294117647058825,0.8140000000000001,0.30736019448460206,0.19787170263788928,0.8816115107913669,0.006512729425695678,0.5643762415574113
2000,3,1651,0.5047058823529412,0.8253333333333335,0.27868929070428794,0.17417469492613988,0.8442250530785587,0.0060569351907934586,0.527221206581351
2000,3,1716,0.5117647058823529,0.7833333333333335,0.30878043656687254,0.18641188959660263,0.8875969962453067,0.005244755244755245,0.6041144307752391
2000,3,1662,0.5435294117647059,0.8213333333333335,0.29098825206043255,0.21139280125195573,0.8434049586776853,0.007220216606498195,0.5272888888888879
2000,3,1720,0.4988235294117647,0.7726666666666666,0.2753552125478844,0.22112068965517248,0.8820593080724869,0.004651162790697674,0.5754283489096554
2000,3,1633,0.5094117647058823,0.7879999999999999,0.2621675923000657,0.18406403940886717,0.8535234215885971,0.004286589099816289,0.5597457974579739
2000,3,1705,0.5211764705882352,0.7673333333333334,0.2564826829347147,0.20963578780680894,0.8472101449275401,0.004105571847507331,0.5665410286611693
2000,3,1671,0.49411764705882355,0.8146666666666667,0.2526221324853985,0.2147538200339555,0.8484639498432626,0.005984440454817474,0.5006963676500078
2000,3,1750,0.4623529411764706,0.7966666666666665,0.2963271445544351,0.1854539914686163,0.8942750929368029,0.005714285714285714,0.5481570881226053
2000,3,1693,0.5011764705882353,0.8186666666666665,0.2849244298247981,0.1859349593495928,0.8632158590308375,0.006497341996455995,0.5119262782401893
2000,3,1653,0.5058823529411764,0.82,0.3137444634192259,0.17704342273307772,0.8843151693667181,0.006049606775559589,0.5710651247717601
2000,3,1693,0.5011764705882353,0.7866666666666666,0.2869964686400081,0.20901154401154323,0.8879337539432185,0.004725339633786178,0.5839386745796217
2000,3,1765,0.46705882352941175,0.8073333333333333,0.2536615813635696,0.20211666666666614,0.8233411214953316,0.006232294617563739,0.5062694792854392
2000,3,1677,0.4835294117647059,0.7926666666666666,0.27979669827545167,0.21371106693174177,0.8631175468483829,0.005366726296958855,0.5584352517985609
2000,3,1692,0.5,0.8173333333333332,0.2848096508682417,0.20984508547008504,0.8419210977701601,0.0070921985815602835,0.5316865079365047
2000,3,1652,0.5105882352941177,0.8533333333333334,0.32497982997165886,0.16881863560732085,0.8690029325513215,0.007263922518159807,0.5448800813008113
2000,3,1671,0.49529411764705883,0.7986666666666665,0.2581419854771607,0.20312972658522355,0.8241866028708132,0.006582884500299222,0.5015502008032134
2000,3,1667,0.49411764705882355,0.8213333333333334,0.2505200203349307,0.21105905319668053,0.8230662983425433,0.007798440311937612,0.462188633615478
2000,3,1708,0.5011764705882353,0.78,0.2541120681373308,0.19728773584905637,0.8703809523809515,0.00468384074941452,0.5441745098039221
2000,3,1710,0.47058823529411764,0.822666666666667,0.30604822955535343,0.1865932914046117,0.8918867924528344,0.007017543859649123,0.5244895956026684
2000,3,1656,0.5129411764705882,0.8153333333333337,0.3097679487721545,0.18120046620046595,0.8638872403560849,0.006642512077294686,0.5490800405268478
2000,3,1651,0.4976470588235294,0.7946666666666666,0.26827139237236175,0.20705601092896123,0.8768456375838963,0.005451241671714113,0.5392387332521317
2000,3,1672,0.4929411764705882,0.8180000000000002,0.28433926863750353,0.2043926309729416,0.8560456273764298,0.005980861244019139,0.5373204973927017
2000,3,1720,0.5023529411764706,0.8080000000000002,0.2716310823894827,0.2201204055766786,0.8600727272727299,0.005813953488372093,0.5515087719298237
2000,3,1673,0.49176470588235294,0.7980000000000002,0.2785527685484753,0.16940690690690674,0.8562278978389019,0.004781829049611476,0.5537357357357338
2000,3,1738,0.47411764705882353,0.8073333333333335,0.2871055249293676,0.21654576856649335,0.8681774193548418,0.005753739930955121,0.55302276234568
3000,1,398,0.4611764705882353,1.0393333333333337,0.2785090489439465,0.0918817204301076,0.8030973451327422,0.005025125628140704,0.45956228956228945
2000,3,1724,0.48470588235294115,0.7853333333333332,0.30109351182552163,0.17814265536723128,0.8767510548523194,0.004640371229698376,0.5903535353535316
2000,3,1674,0.5211764705882352,0.7879999999999996,0.2994321774889517,0.17419804741980457,0.8783579638752048,0.005376344086021506,0.573151151151153
3000,1,371,0.4752941176470588,1.0433333333333332,0.28110710006541306,0.09882539682539684,0.8057723577235765,0.005390835579514825,0.48215898825654885
2000,3,1718,0.5117647058823529,0.7700000000000001,0.28354478984112386,0.20670940170940202,0.8873618784530389,0.004074505238649592,0.6129553867134213
2000,3,1691,0.5070588235294118,0.7966666666666669,0.27568022017085336,0.2314618644067793,0.864533333333334,0.004730928444707274,0.582216280451574
2000,3,1704,0.4764705882352941,0.7613333333333333,0.2841939702647296,0.21465959328028258,0.8802137767220899,0.004107981220657277,0.6344784914555065
3000,1,384,0.4576470588235294,1.038,0.2986772706063194,0.0950680272108844,0.8198870056497167,0.005208333333333333,0.5403752181500877
3000,1,377,0.46941176470588236,1.0293333333333332,0.2910336599999309,0.09170833333333327,0.8057205240174691,0.002652519893899204,0.5971542553191512
3000,1,376,0.4576470588235294,1.04,0.2858746630059669,0.10657817109144548,0.7942253521126743,0.005319148936170213,0.4909358288770056
3000,1,397,0.46705882352941175,1.070666666666667,0.27191081326572814,0.12054924242424243,0.8131999999999993,0.007556675062972292,0.3882571912013536
3000,1,361,0.4776470588235294,1.0099999999999998,0.2863035301732459,0.10356060606060602,0.8006321839080454,0.002770083102493075,0.5440277777777779
3000,1,401,0.43529411764705883,1.0200000000000005,0.2696888225080863,0.08930735930735924,0.8023369565217394,0.0024937655860349127,0.5589500000000011
3000,1,407,0.43176470588235294,1.0206666666666666,0.2573635922906971,0.10537414965986396,0.80639344262295,0.002457002457002457,0.49339080459770085
3000,1,379,0.4588235294117647,1.023333333333333,0.25895357652460793,0.0921645021645021,0.7963043478260857,0.002638522427440633,0.5246560846560849
3000,1,400,0.4470588235294118,1.0186666666666668,0.30146604135299765,0.09572916666666668,0.8109170305676874,0.0025,0.578462823725983
3000,1,366,0.4858823529411765,1.0046666666666666,0.23996826023249945,0.1179444444444444,0.7997794117647041,0.00273224043715847,0.5432876712328765
3000,1,383,0.4423529411764706,1.0233333333333332,0.2782023477966722,0.0916894977168949,0.8176923076923075,0.0026109660574412533,0.5809860383944155
3000,1,383,0.44823529411764707,1.0073333333333334,0.2738403454754468,0.1010992907801418,0.8035135135135117,0.0026109660574412533,0.5175218150087263
3000,1,404,0.4447058823529412,1.0293333333333337,0.2641871340669043,0.12588709677419355,0.7948717948717932,0.0049504950495049506,0.46673300165837467
3000,1,396,0.46352941176470586,1.0493333333333332,0.30428864273676864,0.12573593073593076,0.8038410596026473,0.007575757575757576,0.4666072943172187
3000,1,378,0.4788235294117647,1.0326666666666666,0.28103757327988804,0.09085910652920962,0.7989510489510475,0.0026455026455026454,0.5088594164456238
3000,1,375,0.46941176470588236,1.0359999999999998,0.2875333341374046,0.09585585585585596,0.7974264705882341,0.005333333333333333,0.4857372654155498
3000,1,393,0.4435294117647059,1.0086666666666668,0.25862358784285894,0.09333333333333325,0.8161538461538453,0.002544529262086514,0.5491921768707482
3000,1,370,0.45294117647058824,1.016666666666667,0.2877338317332244,0.09940074906367038,0.8087640449438196,0.002702702702702703,0.5499457994579954
3000,1,387,0.4623529411764706,1.0133333333333332,0.27769014025505334,0.11670250896057359,0.8092073170731701,0.002583979328165375,0.5379879101899843
3000,1,367,0.47058823529411764,1.0366666666666664,0.2703063319114144,0.11536363636363645,0.8092156862745088,0.005449591280653951,0.46517808219177986
3000,1,389,0.43176470588235294,1.0200000000000002,0.2816401206357178,0.09885304659498208,0.8149681528662402,0.002570694087403599,0.5295189003436418
3000,1,404,0.44588235294117645,1.018,0.2415070589930527,0.09230392156862743,0.7976296296296285,0.0024752475247524753,0.5261786600496275
3000,1,388,0.4788235294117647,1.0053333333333332,0.2555689469002209,0.0897395833333333,0.8136477987421366,0.002577319587628866,0.5590267011197235
3000,1,366,0.48,1.0413333333333332,0.2721459454498252,0.09669540229885061,0.8081720430107523,0.00546448087431694,0.4481410256410255
3000,1,366,0.46705882352941175,1.0213333333333334,0.2627303984716998,0.0929333333333333,0.8052517985611494,0.00273224043715847,0.5311689497716889
3000,1,390,0.4541176470588235,1.0180000000000002,0.25161209046723854,0.09314814814814813,0.8083653846153857,0.002564102564102564,0.606966580976864
3000,1,383,0.4588235294117647,1.024666666666667,0.27279883081426465,0.10137037037037035,0.8066666666666651,0.0026109660574412533,0.5255671902268767
3000,1,363,0.47294117647058825,1.0133333333333334,0.26901188964071177,0.09076576576576571,0.8097278911564618,0.0027548209366391185,0.5405616942909761
3000,1,384,0.4647058823529412,1.0306666666666666,0.2908165962321411,0.11643678160919545,0.8111724137931017,0.005208333333333333,0.5004973821989538
3000,1,388,0.4541176470588235,1.0099999999999998,0.25554996376078426,0.11599999999999995,0.8082162162162164,0.002577319587628866,0.578105081826012
3000,1,411,0.4576470588235294,1.024,0.27875594116680047,0.09569892473118279,0.8155882352941168,0.0024330900243309003,0.534959349593496
3000,1,382,0.48,1.0026666666666668,0.2566421081547248,0.10583333333333328,0.7990344827586192,0.002617801047120419,0.5311723534558176
3000,1,372,0.46588235294117647,1.054,0.33023521996261346,0.10436073059360747,0.8015934065934062,0.005376344086021506,0.49142342342342415
3000,1,379,0.4647058823529412,1.0266666666666668,0.2560237539223502,0.08701754385964906,0.79720930232558,0.002638522427440633,0.5161287477954141
3000,1,418,0.44,1.0233333333333332,0.26437292023173214,0.11097826086956529,0.8179577464788723,0.0023923444976076554,0.5191127098321334
3000,1,372,0.5058823529411764,1.0133333333333334,0.26529307698660437,0.11096618357487914,0.8099999999999992,0.002688172043010753,0.5687870619946096
3000,1,395,0.4788235294117647,1.0386666666666668,0.2928916377663611,0.1160416666666667,0.8011194029850731,0.005063291139240506,0.4592451229855809
3000,1,388,0.4423529411764706,1.0113333333333334,0.24982196335611775,0.11782051282051281,0.8111811023622039,0.002577319587628866,0.5206201550387595
3000,1,363,0.4776470588235294,0.9953333333333334,0.24022837884896173,0.09246376811594206,0.8046067415730334,0,0.5963728191000923
3000,1,385,0.4470588235294118,1.0226666666666668,0.27507428258355865,0.11666666666666675,0.8045033112582763,0.0025974025974025974,0.5195572916666666
3000,1,401,0.43176470588235294,1.0313333333333332,0.29111423795772595,0.09486394557823132,0.8096648044692738,0.004987531172069825,0.5363993316624903
3000,1,392,0.45647058823529413,1.0153333333333332,0.23823037943583833,0.10801587301587302,0.8132967032967026,0.002551020408163265,0.4817732310315421
3000,1,393,0.4647058823529412,1.0153333333333334,0.2689469990261442,0.12013201320132012,0.805579710144926,0.002544529262086514,0.5073554421768703
3000,1,392,0.45294117647058824,1.0093333333333332,0.24756685784089924,0.09266666666666663,0.8119658119658109,0.002551020408163265,0.5119863597612949
3000,1,391,0.4788235294117647,1.026,0.2713462523822265,0.12793388429752073,0.8028099173553709,0.005115089514066497,0.4739588688946014
3000,1,427,0.4235294117647059,1.0160000000000002,0.24109738641810607,0.11174796747967483,0.806747967479674,0.00234192037470726,0.5108685446009383
3000,1,383,0.44941176470588234,1.0326666666666673,0.2770055638307822,0.10136752136752139,0.8143636363636351,0.005221932114882507,0.4639195100612425
3000,1,382,0.43176470588235294,1.0313333333333337,0.30016326044177855,0.09719626168224303,0.8086982248520701,0.005235602094240838,0.5226754385964918
3000,1.5,558,0.4788235294117647,1.0040000000000002,0.28899285775926237,0.10637889688249412,0.8076078431372571,0.0035842293906810036,0.5458393285371717
3000,1.5,566,0.4717647058823529,1.0146666666666666,0.3153552376095348,0.12118908382066276,0.8610550458715606,0.00530035335689046,0.5220130254588516
3000,1.5,599,0.4576470588235294,1.0206666666666662,0.2790059266091181,0.10781818181818192,0.804925373134329,0.005008347245409015,0.5076062639821043
3000,1.5,571,0.4588235294117647,0.9926666666666669,0.2473008627288008,0.14242424242424245,0.8057988165680464,0.0035026269702276708,0.5146104276508504
3000,1.5,580,0.47058823529411764,1.002,0.2795493940372615,0.11318944844124713,0.814578313253015,0.0034482758620689655,0.547018454440601
3000,1.5,579,0.45294117647058824,1.0246666666666668,0.26795116957016696,0.13106995884773653,0.8278048780487798,0.0051813471502590676,0.4862905092592593
3000,1.5,598,0.4623529411764706,0.9926666666666665,0.2656438005784107,0.10841397849462377,0.8050413223140522,0.0033444816053511705,0.5547259507829996
3000,1.5,589,0.4623529411764706,1.0126666666666668,0.2649832946739266,0.09986666666666685,0.7986982248520703,0.0050933786078098476,0.4944425483503991
3000,1.5,578,0.5011764705882353,1.0233333333333332,0.2747516598825648,0.10594479830148633,0.8136813186813179,0.005190311418685121,0.5028057971014493
3000,1.5,596,0.47058823529411764,0.9980000000000001,0.28701532320641526,0.14378881987577632,0.8368669527897012,0.0050335570469798654,0.536694772344014
3000,1.5,600,0.4541176470588235,1.0099999999999998,0.274618931824623,0.11808016877637129,0.8230049261083747,0.005,0.5099050809603574
3000,1.5,595,0.4752941176470588,0.9900000000000003,0.27996130556150317,0.12864498644986472,0.8307291666666686,0.0033613445378151263,0.5824957841483988
3000,1.5,593,0.4505882352941176,0.996,0.2694230409640391,0.13167958656330764,0.8184860557768949,0.003372681281618887,0.5576931754089118
3000,1.5,587,0.4623529411764706,1.0073333333333334,0.272914071054235,0.12388888888888909,0.8330000000000009,0.0034071550255536627,0.5364558404558409
3000,1.5,577,0.46,1.0240000000000002,0.31147003308911436,0.14612094395280228,0.8259307359307372,0.006932409012131715,0.4905177428737653
3000,1.5,582,0.4929411764705882,1.0119999999999998,0.2925279202849863,0.1361048689138576,0.8367487684729062,0.005154639175257732,0.5099424294761081
3000,1.5,612,0.46588235294117647,0.9999999999999998,0.29522922333383506,0.11500000000000014,0.8215789473684244,0.0032679738562091504,0.5922513661202201
3000,1.5,593,0.45647058823529413,1.0013333333333332,0.2807759545515507,0.12103359173126636,0.8352000000000015,0.003372681281618887,0.5634010152284276
3000,1.5,590,0.4505882352941176,0.9893333333333332,0.24732716673870517,0.10256410256410257,0.8084269662921344,0.003389830508474576,0.5210600907029479
3000,1.5,596,0.4505882352941176,0.9906666666666663,0.25622511676784,0.143609022556391,0.8284239130434787,0.003355704697986577,0.520589225589226
3000,1.5,591,0.47411764705882353,1.0093333333333336,0.29605114953766365,0.09923611111111126,0.8301886792452847,0.00338409475465313,0.5538030560271654
3000,1.5,564,0.46705882352941175,1.0200000000000002,0.2982532556856067,0.11856862745098051,0.8115744680851077,0.005319148936170213,0.5183541295306003
3000,1.5,577,0.4588235294117647,0.9933333333333333,0.26618257808130313,0.1689864864864864,0.8148497854077265,0.0034662045060658577,0.5400985507246383
3000,1.5,598,0.4976470588235294,0.9986666666666661,0.29575627712300206,0.14421348314606736,0.8176978417266206,0.005016722408026756,0.5443081232493003
3000,1.5,588,0.4411764705882353,0.9853333333333334,0.25349485649664844,0.09492492492492498,0.795432692307693,0.003401360544217687,0.5417463026166103
3000,1.5,595,0.4647058823529412,1.0246666666666666,0.2945295430861225,0.1017755443886097,0.821918604651163,0.0067226890756302525,0.4725493513818408
3000,1.5,589,0.4858823529411765,0.9966666666666667,0.27792650325378704,0.11684343434343454,0.8160147601476035,0.003395585738539898,0.5618341851220907
3000,1.5,611,0.44941176470588234,0.9933333333333332,0.2758322830705124,0.1216169154228857,0.8130072463768145,0.0032733224222585926,0.5724302134646978
3000,1.5,583,0.4682352941176471,0.9893333333333334,0.2623594595266689,0.12271689497716903,0.7919117647058823,0.003430531732418525,0.5131267928858295
3000,1.5,591,0.46705882352941175,0.986,0.27994792153412257,0.10165394402035641,0.8198734177215198,0.00338409475465313,0.5384267119411434
3000,1.5,608,0.4588235294117647,0.9966666666666668,0.27391087036869377,0.12085526315789479,0.8181566820276511,0.004934210526315789,0.5217685950413232
3000,1.5,573,0.4752941176470588,1,0.288286859751874,0.09976190476190486,0.8453333333333342,0.0034904013961605585,0.5818038528896676
3000,1.5,582,0.4811764705882353,1.008,0.29515958184258306,0.12182795698924734,0.8170175438596499,0.005154639175257732,0.5091537132987917
3000,1.5,577,0.46352941176470586,1.014,0.2959849694768954,0.10776995305164337,0.8201090909090918,0.0034662045060658577,0.5547652173913047
3000,1.5,577,0.4623529411764706,1.0020000000000002,0.26498984973305373,0.10360360360360366,0.8021538461538483,0.0034662045060658577,0.5646550724637691
3000,1.5,583,0.5047058823529412,0.9906666666666665,0.27630663175599474,0.11630208333333346,0.8313135593220357,0.003430531732418525,0.547751004016065
3000,1.5,580,0.4964705882352941,1.02,0.27973946952871065,0.12882783882783871,0.7919138755980866,0.005172413793103448,0.491692663200463
3000,1.5,572,0.4835294117647059,0.9853333333333332,0.24709180008098044,0.1352515723270442,0.7970762711864424,0.0034965034965034965,0.5576959064327495
3000,1.5,581,0.45529411764705885,1.0159999999999998,0.2902372210798422,0.11629191321499013,0.798870967741938,0.0051635111876075735,0.514671280276818
3000,1.5,602,0.4647058823529412,1.0186666666666668,0.27954474179782524,0.12911764705882364,0.8361497326203209,0.0049833887043189366,0.501992209237618
3000,1.5,602,0.4717647058823529,1.012,0.29079189511745207,0.12047263681592056,0.8314873417721536,0.0033222591362126247,0.5902500000000008
3000,1.5,595,0.47294117647058825,0.9946666666666669,0.2689956734049648,0.12580952380952387,0.8038493723849387,0.0033613445378151263,0.5359302979201809
3000,1.5,585,0.4717647058823529,1.0006666666666668,0.29334024006394716,0.1193095238095239,0.8382129277566552,0.003418803418803419,0.5635162950257302
3000,1.5,583,0.45176470588235296,0.9886666666666664,0.24693547526165674,0.09506887052341607,0.793421052631578,0.003430531732418525,0.5072346528973034
3000,1.5,589,0.4541176470588235,1.0166666666666666,0.272189014324853,0.10182795698924745,0.8475661375661369,0.003395585738539898,0.5327825099375354
3000,1.5,577,0.4576470588235294,0.9673333333333333,0.22431773366653254,0.09145833333333335,0.8173701298701331,0,0.6389543616406729
3000,1.5,584,0.4682352941176471,0.9873333333333333,0.2498605687502953,0.10398550724637683,0.8166949152542392,0.0017123287671232876,0.5695082904516876
3000,1.5,588,0.45647058823529413,1.015333333333333,0.27347319341943893,0.12943223443223437,0.7903431372549019,0.00510204081632653,0.48822222222222295
3000,1.5,584,0.4764705882352941,0.9859999999999999,0.24528877504461427,0.08946666666666662,0.8122471910112373,0.0017123287671232876,0.5959576901086344
3000,1.5,583,0.4647058823529412,1.0299999999999998,0.2945497551644076,0.12759803921568608,0.8152216748768469,0.00686106346483705,0.4848992515831901
3000,2,867,0.4682352941176471,0.9533333333333331,0.2853889890450332,0.1502314814814813,0.8338205128205166,0.00461361014994233,0.5628080339899595
3000,2,852,0.49529411764705883,0.970666666666667,0.2961362103700503,0.10497630331753542,0.8451791530944652,0.004694835680751174,0.5369221698113221
3000,2,853,0.45176470588235296,0.9580000000000001,0.26713157356219575,0.17760837070254135,0.8578486055776909,0.004689331770222743,0.5249509226541038
3000,2,856,0.4470588235294118,0.9453333333333332,0.23527656928888013,0.12407158836689042,0.7963008130081315,0.0035046728971962616,0.5408362641656925
3000,2,825,0.4788235294117647,0.9639999999999997,0.30478025239162504,0.16391171993911718,0.8508988764044962,0.0048484848484848485,0.5993016646366226
3000,2,901,0.44941176470588234,0.9819999999999999,0.3343450743710157,0.13165128205128224,0.8920364741641368,0.006659267480577136,0.5156648044692755
3000,2,859,0.45176470588235296,0.9759999999999999,0.2856603588291049,0.15754946727549465,0.8278249336870056,0.004656577415599534,0.5617270955165705
3000,2,858,0.4788235294117647,0.9486666666666668,0.2728870393883671,0.13408333333333325,0.8273015873015908,0.004662004662004662,0.5416315378610483
3000,2,869,0.5058823529411764,0.9886666666666666,0.3003532550063636,0.1280232558139532,0.8382075471698137,0.005753739930955121,0.5207600308641995
3000,2,863,0.4752941176470588,0.964,0.31028114886637276,0.14173637515842835,0.8428217821782212,0.005793742757821553,0.5531002331002339
3000,2,850,0.45647058823529413,0.9979999999999998,0.2903442152806177,0.15003777148253095,0.847846889952155,0.00823529411764706,0.44771846579675906
3000,2,830,0.4976470588235294,0.9573333333333331,0.29403887850640914,0.12828431372548998,0.8549358974359,0.0036144578313253013,0.5540951229343019
3000,2,867,0.47411764705882353,0.9933333333333332,0.3239181863611934,0.11990777338603395,0.8575452196382449,0.0057670126874279125,0.5594508894044865
3000,2,867,0.49058823529411766,0.9920000000000004,0.314582795467891,0.13652027027027047,0.8638906752411576,0.0057670126874279125,0.5118329466357325
3000,2,884,0.4811764705882353,0.9673333333333333,0.25039622627020874,0.17934883720930203,0.8367500000000014,0.003393665158371041,0.5291373439273588
3000,2,858,0.4776470588235294,0.9833333333333335,0.27987077488984957,0.124812121212121,0.809322033898307,0.005827505827505828,0.47747166862055507
3000,2,850,0.4894117647058824,0.9613333333333333,0.27087550073406264,0.17062865497076027,0.8307308970099704,0.004705882352941176,0.5409416863672188
3000,2,830,0.4752941176470588,0.9686666666666666,0.28391768349597507,0.15573459715639798,0.8347175141242968,0.0036144578313253013,0.5719266424828733
3000,2,856,0.4611764705882353,0.9613333333333335,0.2732804845515111,0.17755555555555566,0.8395222929936328,0.004672897196261682,0.5506611893583744
3000,2,862,0.4776470588235294,0.9613333333333333,0.30481572078586655,0.14694225721784784,0.8452631578947392,0.00580046403712297,0.5414469078179712
3000,2,873,0.4752941176470588,0.9653333333333334,0.2834925459750243,0.14088652482269481,0.8462400000000018,0.003436426116838488,0.5790689655172423
3000,2,826,0.4976470588235294,0.9413333333333329,0.24591810713360013,0.13455128205128203,0.8112456747404876,0.0036319612590799033,0.5529931146213061
3000,2,832,0.49176470588235294,0.9773333333333333,0.2636650576368854,0.1469240196078431,0.8098630136986318,0.006009615384615385,0.476549778315197
3000,2,883,0.48823529411764705,0.9399999999999998,0.2505591953340841,0.1706504065040651,0.8144332493702812,0.0033975084937712344,0.5892272727272743
3000,2,871,0.4682352941176471,0.9233333333333336,0.2666425630635309,0.20084925690021202,0.8712953367875688,0.002296211251435132,0.6107518220176478
3000,2,897,0.44823529411764707,0.964,0.2869990220842432,0.15807328605200968,0.8377227722772294,0.005574136008918618,0.5081128550074755
3000,2,870,0.4423529411764706,0.9866666666666668,0.2981311075391555,0.12353413654618449,0.8549000000000018,0.005747126436781609,0.5225125240847798
3000,2,825,0.4823529411764706,0.9393333333333331,0.26258399610486755,0.1550551876379691,0.8308753315649898,0.0024242424242424242,0.6003807209396539
3000,2,854,0.4447058823529412,0.9486666666666669,0.28035588938602063,0.1560397553516819,0.8427974276527354,0.00468384074941452,0.5429725490196096
3000,2,852,0.5035294117647059,0.9680000000000003,0.2915613735101567,0.1353431372549018,0.8581791907514481,0.004694835680751174,0.5618081761006309
3000,2,861,0.4929411764705882,0.9953333333333332,0.3079833501608074,0.13412103746397716,0.8239855072463798,0.008130081300813009,0.45996877439500494
3000,2,872,0.46588235294117647,0.9780000000000003,0.2664965631979153,0.19123730378578027,0.809709543568465,0.006880733944954129,0.4598229407236346
3000,2,908,0.46,0.9473333333333332,0.2773262360698555,0.14343537414965968,0.8164631578947422,0.004405286343612335,0.6023783185840734
3000,2,860,0.4647058823529412,0.954,0.29264007302426576,0.15151986183074254,0.8461333333333371,0.0034883720930232558,0.6067872423181676
3000,2,859,0.4623529411764706,0.944666666666667,0.26520313717003285,0.13912280701754381,0.8320101781170501,0.0034924330616996507,0.5910591900311547
3000,2,830,0.49176470588235294,0.9573333333333335,0.251800327435096,0.15958333333333302,0.8148401826484032,0.004819277108433735,0.5104519774011308
3000,2,861,0.48470588235294115,0.9546666666666668,0.2688972545845055,0.13442834138486293,0.8317437722419945,0.004645760743321719,0.5315830416180481
3000,2,856,0.45529411764705885,0.944,0.2776722215954904,0.10826388888888906,0.8526108374384284,0.002336448598130841,0.6133255269320865
3000,2,875,0.4623529411764706,0.9580000000000001,0.2519951232793816,0.14676945668135077,0.8040948275862086,0.004571428571428572,0.49745120551090893
3000,2,845,0.5129411764705882,0.9493333333333334,0.28237072686098236,0.11127272727272731,0.8614545454545491,0.0035502958579881655,0.5800158353127498
3000,2,851,0.48470588235294115,0.9453333333333334,0.2806137186344232,0.1579588839941261,0.8236046511627934,0.004700352526439483,0.5434002361275105
3000,2,867,0.47058823529411764,0.9626666666666667,0.2846462404078155,0.15279034690799395,0.8200000000000024,0.00461361014994233,0.5649942062572444
3000,2,873,0.5117647058823529,0.958,0.282307410113021,0.1537254901960783,0.83496202531646,0.004581901489117984,0.5724549290372092
3000,2,859,0.45647058823529413,0.9560000000000001,0.2870914948302069,0.1222040072859744,0.8513513513513536,0.0034924330616996507,0.580369937694705
3000,2,834,0.4647058823529412,0.9933333333333332,0.30117544973001376,0.14771186440678,0.8398455598455624,0.008393285371702638,0.4531156791616299
3000,2,847,0.49411764705882355,0.9453333333333334,0.2687706825724809,0.15802884615384605,0.8319687500000039,0.004722550177095631,0.550964808224597
3000,2,890,0.46705882352941175,0.936,0.2721838818123861,0.14357407407407374,0.8454794520547991,0.0033707865168539327,0.573803081548294
3000,2,863,0.4788235294117647,0.9519999999999997,0.26591547106708646,0.1293729372937293,0.8114134275618403,0.004634994206257242,0.5362165308498276
3000,2,871,0.43176470588235294,0.958,0.28775937093593534,0.12859813084112134,0.8536241610738281,0.004592422502870264,0.5539407920030766
3000,2,867,0.46941176470588236,0.9560000000000001,0.2628036278396727,0.1342907801418438,0.8220394736842147,0.0034602076124567475,0.5509915123456812
3000,2.5,1195,0.508235294117647,0.8846666666666668,0.28392517567480297,0.16179487179487195,0.8436914062500033,0.0041841004184100415,0.5911008403361342
3000,2.5,1237,0.49411764705882355,0.8973333333333331,0.30564759029807975,0.15269791666666693,0.8645825932504486,0.004850444624090542,0.5889033306255078
3000,2.5,1215,0.48823529411764705,0.8813333333333334,0.28055081688467015,0.20484412470024024,0.9001869158878518,0.00411522633744856,0.5805647382920123
3000,2.5,1241,0.48705882352941177,0.9006666666666666,0.30900803618999234,0.17360398860398815,0.8634988713318308,0.007252215954875101,0.5087337662337666
3000,2.5,1204,0.5047058823529412,0.8559999999999999,0.2660847583412455,0.12984761904761882,0.8647683397683432,0.0024916943521594683,0.6210768803774618
3000,2.5,1251,0.46705882352941175,0.8920000000000001,0.294138938607641,0.13537566137566154,0.8417995910020473,0.004796163069544364,0.5627095046854078
3000,2.5,1311,0.43058823529411766,0.9073333333333333,0.26626996481110105,0.17991251093613336,0.8227737226277397,0.005339435545385202,0.5335148261758695
3000,2.5,1198,0.4858823529411765,0.8813333333333333,0.27826375274178766,0.18302445302445283,0.8466723259762324,0.004173622704507512,0.6111120424699615
3000,2.5,1215,0.4929411764705882,0.8960000000000002,0.27994360273905566,0.16480072463768144,0.819113636363641,0.005761316872427984,0.5353890728476831
3000,2.5,1240,0.5070588235294118,0.8873333333333335,0.28795229563527003,0.1794137931034487,0.8824485596707833,0.004032258064516129,0.585292847503374
3000,2.5,1192,0.4894117647058824,0.8706666666666668,0.2776782331553916,0.1692476851851853,0.8757031250000025,0.0041946308724832215,0.5610895815782075
3000,2.5,1218,0.4752941176470588,0.9080000000000003,0.30869621492907,0.17469879518072298,0.8711434977578517,0.006568144499178982,0.5307438016528926
3000,2.5,1221,0.5094117647058823,0.8833333333333333,0.2665303772363439,0.15859716859716874,0.8370642201834896,0.004095004095004095,0.5652412280701755
3000,2.5,1219,0.4964705882352941,0.9199999999999998,0.30274661911230444,0.16274381368267837,0.8281181619256046,0.007383100902378999,0.5090991735537195
3000,2.5,1194,0.48470588235294115,0.9046666666666667,0.30269412646822275,0.15012633624878532,0.8628991596638673,0.005025125628140704,0.5639253647586981
3000,2.5,1242,0.4988235294117647,0.8780000000000001,0.28289088647412275,0.19476023391812847,0.8600357781753156,0.004025764895330112,0.5968849366747516
3000,2.5,1225,0.48705882352941177,0.8893333333333335,0.310601724747397,0.10191697191697166,0.8837474541751562,0.004081632653061225,0.5910874316939906
3000,2.5,1210,0.4823529411764706,0.886,0.2888052368529195,0.1469116080937169,0.8291853360488823,0.0049586776859504135,0.5751522702104076
3000,2.5,1227,0.5117647058823529,0.9046666666666667,0.32053669103261895,0.15818106995884787,0.8853638253638282,0.006519967400162999,0.5406179928903481
3000,2.5,1213,0.47058823529411764,0.9206666666666669,0.31925190264070624,0.18392661982825884,0.8791976516634095,0.006595218466611707,0.5580082987551879
3000,2.5,1165,0.5105882352941177,0.8933333333333335,0.2890514442804928,0.14073469387755116,0.8852680652680692,0.0034334763948497852,0.5891932242319842
3000,2.5,1243,0.5047058823529412,0.876,0.2619569711121412,0.16074358974358985,0.8656976744186057,0.003218020917135961,0.5635108958837767
3000,2.5,1238,0.5058823529411764,0.8700000000000002,0.26912185678433725,0.18775712515489484,0.8519381443298992,0.004038772213247173,0.5860124357934567
3000,2.5,1241,0.4811764705882353,0.8866666666666668,0.2980158569336601,0.14097170971709733,0.8734519572953772,0.0040290088638195,0.6060382955771288
3000,2.5,1230,0.5070588235294118,0.8606666666666666,0.2324741898129804,0.19888888888888887,0.8303160919540252,0.0040650406504065045,0.5511646258503385
3000,2.5,1163,0.5,0.8873333333333333,0.2678381030075408,0.1857393483709273,0.8402620967741965,0.004299226139294927,0.588981001727115
3000,2.5,1207,0.4894117647058824,0.8719999999999999,0.22192287728407714,0.16228682170542658,0.7840969162995612,0.004142502071251036,0.5199750415973372
3000,2.5,1258,0.4647058823529412,0.8733333333333335,0.2896600129457763,0.1305,0.8562674094707512,0.003179650238473768,0.6544603934077614
3000,2.5,1213,0.4964705882352941,0.8879999999999998,0.2724312815592515,0.13724586288416069,0.8445772594752208,0.004122011541632316,0.5431318984547473
3000,2.5,1208,0.49411764705882355,0.8719999999999999,0.28465249139200327,0.17726269315673318,0.848472222222227,0.004966887417218543,0.5702745424292842
3000,2.5,1193,0.5023529411764706,0.9080000000000001,0.27172352394993565,0.19014042867701378,0.8115680473372808,0.006705783738474434,0.4894374120956412
3000,2.5,1242,0.4682352941176471,0.8840000000000001,0.2837462919489591,0.19458982346832834,0.8709782608695692,0.004025764895330112,0.5707140932363229
3000,2.5,1203,0.4811764705882353,0.8733333333333332,0.27348635566225254,0.19010830324909783,0.8805398457583572,0.004156275976724855,0.570831942125764
3000,2.5,1237,0.4823529411764706,0.8833333333333335,0.26637004370703987,0.19783236994219647,0.8226584867075695,0.005658852061438965,0.5497371273712734
3000,2.5,1206,0.5117647058823529,0.8933333333333333,0.28186895243457194,0.19227833894500534,0.8547276264591456,0.0041459369817578775,0.5797363308354146
3000,2.5,1224,0.46352941176470586,0.9259999999999998,0.2912444214610011,0.18033999999999975,0.8286827956989283,0.007352941176470588,0.4901289437585728
3000,2.5,1224,0.4776470588235294,0.886,0.2909674070512185,0.18782782782782784,0.8623092369477942,0.004901960784313725,0.578297755883962
3000,2.5,1213,0.4929411764705882,0.9159999999999998,0.295463777416084,0.1827903469079938,0.8639386189258341,0.006595218466611707,0.5077372060857553
3000,2.5,1205,0.4752941176470588,0.8966666666666663,0.29192793690975954,0.1887999999999999,0.8815320334261857,0.005809128630705394,0.525013912075682
3000,2.5,1202,0.4929411764705882,0.8873333333333331,0.2856010164306864,0.17455801104972388,0.8220445344129597,0.005823627287853577,0.5395676429567663
3000,2.5,1196,0.48470588235294115,0.8793333333333334,0.25728167779638256,0.19158486707566488,0.7977654867256686,0.005016722408026756,0.5524173669467772
3000,2.5,1210,0.48823529411764705,0.908666666666667,0.26993872082448783,0.16598445595854996,0.8275250836120426,0.005785123966942148,0.4943474646716564
3000,2.5,1219,0.46941176470588236,0.8813333333333334,0.288785297703454,0.1578251366120219,0.8319395017793623,0.004922067268252666,0.58260511129431
3000,2.5,1207,0.5035294117647059,0.9019999999999999,0.28072224808829327,0.18114457831325315,0.82499029126214,0.004971002485501243,0.5631640299750211
3000,2.5,1221,0.4929411764705882,0.8640000000000001,0.25371718636361534,0.20104938271604944,0.8546482412060343,0.004095004095004095,0.5638815789473697
3000,2.5,1257,0.46352941176470586,0.8893333333333334,0.24973329260187951,0.21985882352941102,0.7991708542713604,0.006364359586316627,0.5038350680544448
3000,2.5,1199,0.5152941176470588,0.856,0.26098124118319876,0.1625207296849086,0.8345043478260902,0.003336113427856547,0.6288814504881437
3000,2.5,1218,0.49411764705882355,0.902,0.2829397235535626,0.18112576956904133,0.8536591478696774,0.005747126436781609,0.5354445361959815
3000,2.5,1190,0.4976470588235294,0.9386666666666668,0.3163451201215656,0.15995495495495518,0.8748267326732708,0.0067226890756302525,0.5068217710095891
3000,2.5,1210,0.45529411764705885,0.8973333333333333,0.26789833983385036,0.15924936386768465,0.8363452914798218,0.004132231404958678,0.5849903181189461
3000,3,1677,0.48705882352941177,0.8413333333333335,0.2970537096289928,0.2025872788139643,0.8611428571428593,0.007751937984496124,0.5014743589743591
3000,3,1671,0.52,0.8006666666666669,0.286951826859763,0.17060857538035948,0.8689278752436685,0.005385996409335727,0.5418070597673497
3000,3,1724,0.4929411764705882,0.7553333333333331,0.2814970062166546,0.20826873385012867,0.8893419170243206,0.004060324825986079,0.6107338380896908
3000,3,1648,0.5270588235294118,0.7853333333333332,0.24261028777118412,0.20815873015872957,0.8339800995024892,0.0048543689320388345,0.5333211382113835
3000,3,1710,0.5035294117647059,0.8133333333333335,0.2992726479490947,0.20123689727463215,0.8739388489208673,0.007017543859649123,0.5306733411857069
3000,3,1726,0.47058823529411764,0.8086666666666668,0.28916270642744063,0.20900614182021118,0.8915799256505583,0.006373117033603708,0.528586977648202
3000,3,1733,0.4823529411764706,0.7813333333333334,0.29832423194557195,0.1684439973172362,0.8588297872340424,0.0051933064050779,0.5658952049497276
3000,3,1705,0.5317647058823529,0.8226666666666669,0.29755349390846425,0.19563373253492955,0.8598070175438628,0.007624633431085044,0.5228250591016532
3000,3,1667,0.5070588235294118,0.8019999999999999,0.26896755723892724,0.16647097195042349,0.8738888888888919,0.00599880023995201,0.5024522228927789
3000,3,1669,0.5094117647058823,0.8273333333333331,0.27718737189580134,0.1934340222575513,0.840606060606061,0.007189934092270821,0.4962945081472547
3000,3,1728,0.5094117647058823,0.808,0.2638799604564365,0.22753623188405767,0.8567129629629635,0.006944444444444444,0.5048387723387715
3000,3,1672,0.4835294117647059,0.7920000000000001,0.27871177628661004,0.22378269617706156,0.8607390648567124,0.005382775119617225,0.5814171176588459
3000,3,1691,0.4647058823529412,0.8046666666666666,0.27846387751943674,0.21796265788028552,0.8516252390057385,0.006505026611472502,0.5297003968253944
3000,3,1698,0.5011764705882353,0.774,0.26583642291139115,0.19843096234309587,0.854431599229291,0.00530035335689046,0.5508427077165953
3000,3,1657,0.5164705882352941,0.8053333333333333,0.2925410494778032,0.18639482200647223,0.8947514910536799,0.005431502715751358,0.544526699029127
3000,3,1642,0.5152941176470588,0.7946666666666667,0.2871310722884275,0.20886889460154212,0.8870241286863277,0.004263093788063338,0.6234556574923541
3000,3,1704,0.5094117647058823,0.7846666666666667,0.2796394161658145,0.15729609929078003,0.8658135860979472,0.004107981220657277,0.5880043213514052
3000,3,1619,0.5035294117647059,0.8239999999999997,0.3006353781664386,0.1938123359580047,0.8879089376053957,0.005558987029030266,0.5621407867494849
3000,3,1709,0.4858823529411765,0.774,0.27540589334554777,0.21819221967963326,0.8514266666666672,0.004681100058513751,0.6001783264746217
3000,3,1667,0.508235294117647,0.7713333333333338,0.2768648184817622,0.18102135561745625,0.8653351955307278,0.003599280143971206,0.620188641380693
3000,3,1715,0.4929411764705882,0.7553333333333331,0.2543444280352103,0.2100481695568399,0.8518401206636499,0.003498542274052478,0.6057265457382479
3000,3,1728,0.4788235294117647,0.8006666666666667,0.26465132714711576,0.19836648583483937,0.8629487179487199,0.005787037037037037,0.5216433837795867
3000,3,1664,0.5058823529411764,0.7859999999999999,0.26827804763326424,0.21359081419624149,0.8444642857142907,0.004807692307692308,0.5670933977455659
3000,3,1696,0.46588235294117647,0.782,0.27896082978883285,0.1767614533965245,0.8916634799235199,0.0047169811320754715,0.5669391785150053
3000,3,1698,0.5047058823529412,0.8033333333333331,0.2970216181060927,0.19399198167239368,0.8978723404255328,0.006478209658421673,0.5347777119146426
3000,3,1656,0.46705882352941175,0.7879999999999997,0.27293938142410673,0.16932352941176507,0.8762046204620475,0.0036231884057971015,0.5939979797979802
3000,3,1705,0.5152941176470588,0.7966666666666667,0.27493922249218256,0.20533968253968177,0.8799356223175989,0.005278592375366569,0.5400216194968535
3000,3,1719,0.47294117647058825,0.7813333333333333,0.2957745068938162,0.19197139303482602,0.8726240000000025,0.005817335660267597,0.5602555100448583
3000,3,1697,0.52,0.7826666666666664,0.2932542556249443,0.18701968771215158,0.8692640000000008,0.005303476723629935,0.5707898894154818
3000,3,1685,0.4788235294117647,0.7959999999999998,0.2903351179278852,0.19992050874403788,0.860716981132077,0.007121661721068249,0.5198465829846566
3000,3,1701,0.4988235294117647,0.7913333333333333,0.2858522787551753,0.20065176908752305,0.845546875000001,0.005878894767783657,0.5515592351665657
3000,3,1694,0.48823529411764705,0.7893333333333336,0.2945128745635767,0.2198769771528995,0.8646474820143879,0.0059031877213695395,0.5696813143309541
3000,3,1632,0.4811764705882353,0.782,0.26004944784943146,0.16060093896713631,0.8308073394495419,0.003676470588235294,0.5802357523575215
3000,3,1673,0.49411764705882355,0.794,0.2770543145199678,0.1971408647140862,0.8633510638297888,0.005379557680812911,0.560404647435896
3000,3,1739,0.4788235294117647,0.7806666666666666,0.31124692796632814,0.20664026402640243,0.8948635824436543,0.005175388154111558,0.6116319845857391
3000,3,1716,0.4894117647058824,0.7973333333333333,0.2859909213775277,0.21819999999999976,0.8722841225626744,0.005244755244755245,0.5885647334504962
3000,3,1674,0.5035294117647059,0.8186666666666667,0.30427806970934473,0.20502590673575036,0.8761019490254877,0.006571087216248507,0.5568129885748626
3000,3,1711,0.48470588235294115,0.7986666666666669,0.28490174112159544,0.16722010178117036,0.8711802575107316,0.0058445353594389245,0.5329237703311747
3000,3,1698,0.5152941176470588,0.7886666666666667,0.2834977650277582,0.20870458135860953,0.8790714285714317,0.004122497055359246,0.6103193376700182
3000,3,1660,0.47411764705882353,0.798,0.263770854049501,0.16881542699724536,0.8516858237547901,0.004216867469879518,0.5757370437588194
3000,3,1673,0.5152941176470588,0.8086666666666669,0.311117908764283,0.180013774104683,0.8796075778078476,0.005379557680812911,0.5836298076923048
3000,3,1725,0.4623529411764706,0.8299999999999998,0.2803368347728896,0.18666666666666576,0.8670048309178772,0.006956521739130435,0.500264642926641
3000,3,1721,0.4823529411764706,0.7893333333333333,0.2803634198917294,0.20445736434108483,0.8726406926406937,0.004648460197559558,0.5955711227865339
3000,3,1662,0.5058823529411764,0.774,0.2744701952188975,0.191750599520383,0.8611201298701316,0.0048134777376654635,0.5763240628778695
3000,3,1725,0.4964705882352941,0.7973333333333333,0.3034935955671455,0.20207822533566758,0.8875920245398784,0.006376811594202898,0.5627654609101519
3000,3,1709,0.4976470588235294,0.7773333333333333,0.27273034052270384,0.195167037861915,0.8413016845329265,0.004681100058513751,0.5752792475014677
4000,1,368,0.45647058823529413,1.0113333333333334,0.27722887901903254,0.09533333333333331,0.7991082802547753,0.002717391304347826,0.5350136239782023
3000,3,1719,0.47411764705882353,0.7966666666666667,0.28781918873504697,0.19977031802120046,0.8927530364372495,0.005817335660267597,0.5376028866783659
4000,1,377,0.44588235294117645,1.0133333333333334,0.28227787560199213,0.09876543209876537,0.8065104166666667,0.002652519893899204,0.5677127659574478
4000,1,364,0.46705882352941175,1.0393333333333334,0.2883986963601014,0.0948639455782313,0.7925316455696184,0.0027472527472527475,0.5168686868686875
4000,1,388,0.46352941176470586,0.9946666666666666,0.24106696853752213,0.09869047619047615,0.8014723926380355,0.002577319587628866,0.5663479758828599
3000,3,1658,0.528235294117647,0.7739999999999999,0.2899811629175175,0.18091954022988496,0.8924390243902447,0.004221954161640531,0.5861518271754509
3000,3,1743,0.46,0.8213333333333336,0.2880766522634319,0.17900966183574868,0.8576923076923098,0.005737234652897304,0.5371052125408732
3000,3,1696,0.5423529411764706,0.7980000000000002,0.285676158253031,0.2145151515151508,0.8745644599303156,0.00589622641509434,0.543052589956505
4000,1,402,0.45176470588235296,1.0119999999999998,0.2670301577608454,0.09528571428571425,0.8058536585365862,0.0024875621890547263,0.5838653366583552
4000,1,402,0.4682352941176471,1.0259999999999998,0.2862642148612164,0.12260504201680687,0.8197222222222211,0.004975124378109453,0.49955833333333355
4000,1,403,0.4576470588235294,1.0306666666666666,0.2677030673203087,0.11450980392156877,0.8131730769230759,0.004962779156327543,0.4675062344139649
4000,1,366,0.4611764705882353,1.0173333333333334,0.2852630519032798,0.09309523809523802,0.8011299435028247,0.00273224043715847,0.5497716894977172
4000,1,378,0.4423529411764706,1.0380000000000003,0.26873492128791515,0.10446376811594207,0.7970873786407755,0.005291005291005291,0.4628457446808512
4000,1,387,0.4447058823529412,1.0213333333333334,0.260681846910368,0.09107526881720426,0.8132804232804232,0.002583979328165375,0.5867702936096721
4000,1,408,0.4647058823529412,1.0100000000000002,0.26752177935632,0.09402777777777774,0.8023943661971835,0.0024509803921568627,0.5838247338247342
4000,1,424,0.4011764705882353,1.0126666666666666,0.2732625994248373,0.10855218855218852,0.7994972067039103,0.0047169811320754715,0.5326461295418652
4000,1,393,0.4541176470588235,1.0359999999999998,0.2887197037510702,0.11666666666666682,0.8119847328244258,0.005089058524173028,0.4742369991474846
4000,1,394,0.47411764705882353,1.008,0.26345083986042994,0.09233333333333325,0.8237121212121199,0.0025380710659898475,0.5215606446140791
4000,1,373,0.4211764705882353,1.0226666666666666,0.26225898034839923,0.09050980392156857,0.8144642857142843,0.002680965147453083,0.498440860215053
4000,1,398,0.46588235294117647,1.0366666666666668,0.271498357314904,0.09320132013201324,0.8043076923076912,0.005025125628140704,0.49648148148148136
4000,1,382,0.47294117647058825,1.0246666666666668,0.2642405052587933,0.10952380952380948,0.8133870967741919,0.002617801047120419,0.5046981627296585
4000,1,372,0.47294117647058825,1.0199999999999998,0.25224938467740493,0.08902564102564098,0.8049275362318825,0.002688172043010753,0.5383468104222816
4000,1,386,0.44823529411764707,1.02,0.2775578675867567,0.09719298245614029,0.8073793103448265,0.0025906735751295338,0.5182597402597405
4000,1,363,0.46588235294117647,1.0233333333333334,0.27648404344846006,0.09271428571428562,0.8112777777777773,0.0027548209366391185,0.5753314917127068
4000,1,378,0.46588235294117647,1.0226666666666666,0.2593172687663552,0.10542735042735042,0.8051428571428556,0.0026455026455026454,0.527780725022104
4000,1,393,0.4682352941176471,1.0253333333333332,0.2643950709369424,0.11605769230769238,0.807327586206895,0.005089058524173028,0.4905370843989775
4000,1,379,0.4717647058823529,1.018,0.2482350990353261,0.12197368421052633,0.8028906249999985,0.002638522427440633,0.5212698412698412
4000,1,362,0.4764705882352941,1.016666666666667,0.25931768201019273,0.10394736842105262,0.8007633587786249,0.0027624309392265192,0.5229178208679593
4000,1,396,0.4576470588235294,1.0433333333333332,0.28245816689028513,0.09672619047619048,0.794444444444443,0.005050505050505051,0.4912774957698815
4000,1,373,0.4717647058823529,1.0219999999999998,0.26392216190436063,0.09989583333333327,0.8087005649717517,0.002680965147453083,0.57239247311828
4000,1,396,0.4435294117647059,1.0213333333333334,0.2761706037997816,0.09264840182648394,0.8115942028985514,0.0025252525252525255,0.5853080168776382
4000,1,384,0.4470588235294118,1.0346666666666668,0.2682111023964826,0.1063779527559056,0.8053191489361691,0.005208333333333333,0.4412827225130887
4000,1,406,0.4376470588235294,1.0240000000000002,0.28552537536998535,0.09476190476190477,0.8104545454545456,0.0024630541871921183,0.5343868312757208
4000,1,372,0.44823529411764707,1.0153333333333332,0.2735905089570712,0.11143939393939398,0.8102702702702692,0.002688172043010753,0.5281671159029647
4000,1,377,0.46,1.0146666666666666,0.26988327147240193,0.1008333333333333,0.8052592592592575,0.002652519893899204,0.5096187943262414
4000,1,377,0.4411764705882353,1.0346666666666666,0.289993770618674,0.10924398625429554,0.8152760736196306,0.002652519893899204,0.5335726950354613
4000,1,370,0.47058823529411764,1.0339999999999998,0.29133936255791226,0.11306306306306321,0.8099999999999986,0.005405405405405406,0.5008695652173918
4000,1,389,0.4411764705882353,1.0333333333333334,0.27171083860294637,0.1006790123456791,0.8118749999999987,0.005141388174807198,0.47888027562446156
4000,1,396,0.4611764705882353,1.026,0.29138614192112,0.12581039755351692,0.8151136363636364,0.005050505050505051,0.5344331641285958
4000,1,400,0.45294117647058824,1.0193333333333334,0.24985741705484574,0.10556862745098036,0.8006451612903216,0.0025,0.5039097744360901
4000,1,388,0.4411764705882353,1.038,0.2494087927952335,0.11199312714776645,0.8042391304347817,0.002577319587628866,0.4767269595176561
4000,1,387,0.43176470588235294,1.0293333333333337,0.2868055648964417,0.09309027777777772,0.8189610389610371,0.002583979328165375,0.5239205526770294
4000,1,391,0.44941176470588234,1.0606666666666666,0.2935515724197924,0.0853623188405798,0.8111320754716976,0.005115089514066497,0.4389802913453304
4000,1,394,0.4364705882352941,1.0286666666666666,0.2730636102908959,0.08958333333333329,0.8092592592592575,0.0025380710659898475,0.5062086513994911
4000,1,417,0.4211764705882353,1.0226666666666666,0.28152314233363235,0.1058805031446541,0.7993785310734456,0.004796163069544364,0.5249718875502009
4000,1,387,0.4611764705882353,1.0386666666666666,0.2835163668193278,0.10849673202614382,0.803481012658226,0.002583979328165375,0.5245682210708125
4000,1,389,0.44823529411764707,1.038,0.293006439477494,0.10741071428571439,0.8123529411764703,0.005141388174807198,0.5078725236864781
4000,1,371,0.46352941176470586,1.0146666666666668,0.24020836733196088,0.09006802721088436,0.812913907284767,0,0.5695417789757412
4000,1,388,0.4682352941176471,1.018,0.26111224685173257,0.09474358974358968,0.7955844155844141,0.002577319587628866,0.536787252368648
4000,1,382,0.49411764705882355,1.0233333333333332,0.2654123658843522,0.10461904761904753,0.8143975903614454,0.002617801047120419,0.5613298337707782
4000,1,394,0.4423529411764706,1.0220000000000002,0.2629541428204765,0.09639455782312925,0.8207476635514004,0.0025380710659898475,0.48243426632739494
4000,1,402,0.4364705882352941,1.0393333333333334,0.30121054739110464,0.09966666666666671,0.8045142857142853,0.004975124378109453,0.5105250000000009
4000,1,395,0.45529411764705885,1.0086666666666664,0.2665578954573228,0.11620155038759693,0.8084076433121008,0.002531645569620253,0.5360067681895098
4000,1,375,0.4588235294117647,1.0186666666666668,0.27666573204389233,0.09054945054945046,0.8120149253731326,0.0026666666666666666,0.5110249554367198
4000,1.5,586,0.4776470588235294,1.0033333333333334,0.2838792573955655,0.1215843621399177,0.8083043478260884,0.005119453924914676,0.5222527158376221
4000,1.5,599,0.4364705882352941,1.014666666666667,0.25935838822299845,0.10414414414414426,0.7995151515151511,0.005008347245409015,0.48918903803131963
4000,1.5,599,0.4835294117647059,0.9973333333333333,0.2684652831848555,0.1423636363636362,0.8152061855670101,0.005008347245409015,0.5091442953020139
4000,1.5,570,0.4611764705882353,1.016,0.30956955845363665,0.12318658280922429,0.8295818815331034,0.005263157894736842,0.5613580246913596
4000,1.5,585,0.43529411764705883,0.9966666666666667,0.26768488667150975,0.13737891737891753,0.8280645161290332,0.003418803418803419,0.5693138936535166
4000,1.5,588,0.4682352941176471,0.9826666666666669,0.25027745320105715,0.10150537634408603,0.8234977578475343,0.0017006802721088435,0.5644122657580922
4000,1.5,582,0.4717647058823529,0.9846666666666668,0.2496121349401992,0.11275862068965523,0.8029900332225945,0.001718213058419244,0.6037578886976503
4000,1.5,581,0.47411764705882353,0.9819999999999999,0.2622010028474572,0.13232492997198902,0.8209502262443454,0.0034423407917383822,0.5429418537708706
4000,1.5,590,0.4423529411764706,1.01,0.28184703477899525,0.09341207349081374,0.823,0.003389830508474576,0.5467743764172338
4000,1.5,577,0.4588235294117647,1.0006666666666668,0.277148360282043,0.14557471264367802,0.8185051546391751,0.005199306759098787,0.49952380952380965
4000,1.5,637,0.4505882352941176,1.0033333333333336,0.29922947074419703,0.13197777777777772,0.8405182926829295,0.0031397174254317113,0.5874488188976383
4000,1.5,572,0.4823529411764706,0.9846666666666666,0.27366831712999773,0.11187878787878798,0.8125597269624599,0.0034965034965034965,0.588795321637429
4000,1.5,614,0.4647058823529412,0.9939999999999998,0.27882712827388806,0.14104700854700847,0.8175190839694684,0.003257328990228013,0.5456209150326815
4000,1.5,572,0.46705882352941175,1.0073333333333334,0.282727713963144,0.09339031339031349,0.819762845849803,0.0034965034965034965,0.5681812865497071
4000,1.5,588,0.47411764705882353,0.996,0.28385517006428157,0.12727891156462595,0.7974193548387136,0.003401360544217687,0.5659556313993195
4000,1.5,593,0.44823529411764707,0.9720000000000001,0.21221033813678775,0.12092592592592595,0.8176874999999988,0.0016863406408094434,0.5410754504504507
4000,1.5,565,0.4835294117647059,0.9906666666666666,0.2582851251151867,0.14999999999999997,0.8283422459893052,0.0035398230088495575,0.5295737122557729
4000,1.5,589,0.4776470588235294,0.9873333333333333,0.2739268432359053,0.1170133333333335,0.8109215017064876,0.003395585738539898,0.5809312890403202
4000,1.5,599,0.4823529411764706,0.9873333333333335,0.25444239373184513,0.11000000000000014,0.8220000000000011,0.00333889816360601,0.5470854271356801
4000,1.5,592,0.47294117647058825,0.9840000000000001,0.26695507039085664,0.11746666666666684,0.8292642140468262,0.0016891891891891893,0.6026903553299507
4000,1.5,582,0.47294117647058825,0.9766666666666667,0.25486823551946164,0.1023220973782771,0.8070422535211285,0.001718213058419244,0.5921686746987962
4000,1.5,591,0.48,0.9906666666666666,0.26117055674690975,0.1132193732193734,0.8260747663551414,0.00338409475465313,0.5406677985285794
4000,1.5,610,0.4752941176470588,0.9833333333333333,0.25652054974175204,0.10703703703703715,0.8287214611872165,0.003278688524590164,0.5488980263157895
4000,1.5,582,0.46352941176470586,1.002,0.281572834605139,0.12973251028806598,0.8297560975609771,0.005154639175257732,0.5129476108232587
4000,1.5,606,0.4752941176470588,0.9920000000000002,0.2584319338482742,0.13007299270073,0.8179687500000007,0.0033003300330033004,0.520507726269316
4000,1.5,572,0.4764705882352941,0.9933333333333335,0.26387935455688977,0.11185185185185197,0.7971428571428567,0.0034965034965034965,0.5052690058479544
4000,1.5,598,0.4811764705882353,1.0033333333333334,0.2756784405299416,0.1305797101449276,0.8538341968911921,0.0033444816053511705,0.5275391498881432
4000,1.5,599,0.4647058823529412,1.0119999999999998,0.2989745873757547,0.11787387387387382,0.8132156862745122,0.005008347245409015,0.5238478747203602
4000,1.5,589,0.4647058823529412,0.9946666666666668,0.27956699110844485,0.11207264957264967,0.8068837209302332,0.0050933786078098476,0.5139931740614332
4000,1.5,600,0.4423529411764706,1.002,0.25500042597917116,0.11386313465783675,0.7963030303030295,0.005,0.48577889447236217
4000,1.5,592,0.4505882352941176,1.0086666666666668,0.29033231520315667,0.12093959731543628,0.8271984435797693,0.0033783783783783786,0.5491016949152558
4000,1.5,586,0.4752941176470588,1.0146666666666666,0.27344090947910243,0.1280258899676372,0.7951020408163246,0.005119453924914676,0.45907375643224796
4000,1.5,611,0.46941176470588236,0.9866666666666668,0.24768094622327766,0.15057142857142866,0.822307692307694,0.0016366612111292963,0.5690000000000011
4000,1.5,582,0.4835294117647059,1.002666666666667,0.27163545678470546,0.1369791666666665,0.8081987577639732,0.005154639175257732,0.4709038572251014
4000,1.5,560,0.48470588235294115,0.9880000000000001,0.2701106088320619,0.13253205128205137,0.8206832298136674,0.0017857142857142857,0.6218425760286241
4000,1.5,590,0.4752941176470588,0.9980000000000003,0.2849319153527055,0.11146981627296608,0.832432432432434,0.003389830508474576,0.5684013605442187
4000,1.5,596,0.47058823529411764,0.9826666666666667,0.24501079596774433,0.11102564102564103,0.8355276381909559,0.0016778523489932886,0.5521288515406181
4000,1.5,588,0.46705882352941175,0.9760000000000001,0.2457014102784236,0.1070980392156863,0.8189754098360672,0.0017006802721088435,0.5800738216922214
4000,1.5,590,0.48,1.0033333333333336,0.29494152046652633,0.09114155251141563,0.8277685950413236,0.003389830508474576,0.5352324263038555
4000,1.5,574,0.4988235294117647,1.0226666666666668,0.2580835654141027,0.10451247165532901,0.8109489051094882,0.003484320557491289,0.49584498834498814
4000,1.5,581,0.49058823529411766,1.0193333333333334,0.2841669652728281,0.13888888888888873,0.8223280423280427,0.0051635111876075735,0.48677623990772795
4000,1.5,597,0.46941176470588236,0.994,0.26199025244939916,0.10378787878787887,0.8043349753694587,0.0033500837520938024,0.5218375350140065
4000,1.5,613,0.4835294117647059,0.9886666666666667,0.3013546804066475,0.11293650793650802,0.8225641025641043,0.004893964110929853,0.5448142076502739
4000,1.5,572,0.46941176470588236,1.0233333333333334,0.27192568384817456,0.12171322160148958,0.7973255813953481,0.005244755244755245,0.4703222026947874
4000,1.5,582,0.44823529411764707,1.0053333333333334,0.2760502045948453,0.10339430894308954,0.8061797752808983,0.005154639175257732,0.4811974668969491
4000,1.5,597,0.4823529411764706,0.9893333333333334,0.26455610689867787,0.1414634146341465,0.8165217391304371,0.0033500837520938024,0.5718991596638678
4000,1.5,578,0.46,0.9960000000000002,0.2539387829678033,0.1070052083333335,0.8045810055865916,0.0034602076124567475,0.5127256944444443
4000,1.5,590,0.45294117647058824,0.9913333333333333,0.2871005728378982,0.13545454545454544,0.8267338709677422,0.003389830508474576,0.5417517006802726
4000,1.5,602,0.48705882352941177,0.9906666666666665,0.28991470478010184,0.11977168949771702,0.8239721254355421,0.0033222591362126247,0.5610055555555575
4000,1.5,593,0.48823529411764705,1.004,0.2625161177806354,0.12763052208835338,0.8173717948717937,0.00505902192242833,0.48489265536723153
4000,2,872,0.4470588235294118,0.9620000000000003,0.2923425964800577,0.17502109704641355,0.8464175257731993,0.0045871559633027525,0.5696428571428597
4000,2,862,0.46352941176470586,0.9546666666666668,0.25863338118114476,0.1736453201970442,0.8513229571984448,0.0034802784222737818,0.5352852153667068
4000,2,878,0.4541176470588235,0.9546666666666668,0.29207065901350143,0.13235460992907772,0.8314497041420156,0.004555808656036446,0.5414035087719314
4000,2,864,0.4752941176470588,0.9919999999999999,0.31860178910695464,0.12492616033755283,0.8552044609665445,0.006944444444444444,0.49557886557886727
4000,2,855,0.47411764705882353,0.9819999999999997,0.30831804827738113,0.14038348082595836,0.8803076923076948,0.004678362573099415,0.5628280454367418
4000,2,880,0.48,0.936,0.2548172252121911,0.18629457364341087,0.8264423076923111,0.004545454545454545,0.5414954337899568
4000,2,848,0.49058823529411766,0.9600000000000002,0.2818172966962823,0.12999999999999998,0.8468556701030927,0.003537735849056604,0.5957514792899407
4000,2,847,0.4776470588235294,0.964,0.3099010827940706,0.10994444444444428,0.8554666666666687,0.004722550177095631,0.5251403716884158
4000,2,818,0.46941176470588236,0.9473333333333332,0.27967310052240757,0.14949799196787147,0.8533238636363653,0.003667481662591687,0.5905276073619636
4000,2,857,0.4776470588235294,0.9740000000000002,0.2894531136687679,0.15333333333333332,0.8511070110701114,0.005834305717619603,0.4928912363067293
4000,2,876,0.4752941176470588,0.9506666666666668,0.26905896780003036,0.11138888888888904,0.8287041564792214,0.00228310502283105,0.607677345537759
4000,2,870,0.4588235294117647,0.9746666666666666,0.3191246490169179,0.14472924187725655,0.8554881266490797,0.005747126436781609,0.5470828516377659
4000,2,907,0.4435294117647059,0.9420000000000001,0.23935667892985776,0.14363273453093797,0.8555251141552506,0.0033076074972436605,0.5276143067846637
4000,2,796,0.4894117647058824,0.9959999999999997,0.28943678110163634,0.11994126284875176,0.8263773584905676,0.005025125628140704,0.5261952861952861
4000,2,849,0.5058823529411764,0.9393333333333334,0.2489512718688747,0.1592156862745098,0.8412186379928344,0.002355712603062426,0.5670523415977993
4000,2,843,0.4894117647058824,0.9680000000000001,0.25518733610489913,0.10885819521178638,0.809857142857144,0.0035587188612099642,0.520892857142858
4000,2,863,0.5105882352941177,0.932,0.24638654437445537,0.10581196581196595,0.8114936708860803,0.002317497103128621,0.6034533488192053
4000,2,884,0.43058823529411766,0.9526666666666666,0.27230391934814974,0.16289985052316872,0.8299088145896687,0.004524886877828055,0.5512310606060612
4000,2,906,0.4505882352941176,0.9446666666666665,0.2516425746578975,0.1707424960505529,0.8181761006289336,0.004415011037527594,0.5504841093865508
4000,2,876,0.4611764705882353,0.9399999999999998,0.23017852743479242,0.17071138211382098,0.8155785123966953,0.003424657534246575,0.5347537227949622
4000,2,870,0.47058823529411764,0.9533333333333329,0.2741094876650399,0.1436178861788617,0.8416421568627485,0.0034482758620689655,0.5972010765090361
4000,2,863,0.44823529411764707,0.9580000000000001,0.271758145996143,0.13241496598639438,0.8357792207792245,0.0034762456546929316,0.5513255813953506
4000,2,869,0.4682352941176471,0.9686666666666668,0.2642914449749788,0.17647577092511008,0.8382181818181839,0.004602991944764097,0.53645472061657
4000,2,861,0.49058823529411766,0.9526666666666663,0.27312944249542265,0.12575371549893832,0.8340656565656605,0.003484320557491289,0.5900971250971273
4000,2,856,0.4611764705882353,0.9366666666666666,0.25264015453614413,0.14772357723577226,0.8334527687296438,0.0035046728971962616,0.5526299335678025
4000,2,854,0.4976470588235294,0.9326666666666668,0.23193466980567434,0.1319819819819821,0.812687861271681,0.00234192037470726,0.5934585289514895
4000,2,871,0.4811764705882353,0.974,0.2814427083950462,0.150013440860215,0.8612863070539447,0.004592422502870264,0.5068858131487888
4000,2,868,0.4776470588235294,0.9673333333333333,0.286916550120449,0.12479432624113446,0.8164417177914125,0.004608294930875576,0.5341242283950629
4000,2,866,0.45176470588235296,0.9419999999999998,0.26269829763181385,0.11904458598726105,0.8155200000000036,0.003464203233256351,0.5800811123986115
4000,2,843,0.47294117647058825,0.9533333333333331,0.27888621545978265,0.13130879345603255,0.8476880222841255,0.0035587188612099642,0.5834682539682553
4000,2,908,0.4541176470588235,0.9513333333333333,0.29105260701366953,0.15414141414141444,0.8487650602409669,0.005506607929515419,0.5334772978959039
4000,2,859,0.46705882352941175,0.9813333333333335,0.28815912635456864,0.14579646017699097,0.8323615160349884,0.004656577415599534,0.5559064327485402
4000,2,834,0.47294117647058825,0.9593333333333334,0.2901225582477444,0.10007246376811609,0.8673409090909131,0.002398081534772182,0.6376642628205149
4000,2,860,0.47411764705882353,0.9453333333333334,0.2991442810386045,0.14403333333333318,0.867842639593912,0.004651162790697674,0.5882827102803759
4000,2,875,0.4611764705882353,0.9220000000000003,0.20421671156238416,0.16215686274509794,0.7910084033613459,0.002285714285714286,0.5526995036273408
4000,2,868,0.4823529411764706,0.9460000000000001,0.27763243109177477,0.10855555555555561,0.8542671009772005,0.0034562211981566822,0.5532678227360327
4000,2,855,0.47411764705882353,0.9506666666666668,0.25600469425987377,0.1457560137457043,0.7935151515151557,0.0035087719298245615,0.5539006259780933
4000,2,823,0.48470588235294115,0.9633333333333332,0.2771934959923522,0.10067796610169504,0.8759292035398234,0.0036452004860267314,0.5317154471544725
4000,2,896,0.47058823529411764,0.9586666666666666,0.2715658747211133,0.17096846846846894,0.8048972602739758,0.005580357142857143,0.5083389450056132
4000,2,868,0.47294117647058825,0.9473333333333332,0.2520312021571376,0.12250559284116322,0.845096525096525,0.0034562211981566822,0.5431714836223518
4000,2,864,0.4858823529411765,0.9833333333333335,0.2843885056689972,0.11628086419753061,0.8146546546546578,0.004629629629629629,0.5405193798449629
4000,2,856,0.4623529411764706,0.9473333333333332,0.2655971111849182,0.12797297297297297,0.822958435207827,0.0035046728971962616,0.6008753419304442
4000,2,857,0.4811764705882353,0.9473333333333332,0.25257849161152435,0.12019047619047608,0.8034732824427497,0.003500583430571762,0.5309758001561298
4000,2,877,0.4788235294117647,0.9706666666666662,0.303440941962434,0.13966183574879235,0.8663696369636978,0.005701254275940707,0.5144877675840995
4000,2,902,0.46352941176470586,0.9833333333333335,0.33527684013595727,0.15392090395480232,0.8855319148936182,0.005543237250554324,0.5672500929022665
4000,2,851,0.48705882352941177,0.934666666666667,0.24980709111175345,0.13297435897435908,0.8383383685800638,0.0023501762632197414,0.5853396152336101
4000,2,870,0.46,0.9726666666666667,0.28576616435649776,0.16810983397190307,0.8496539792387563,0.005747126436781609,0.5225279383429672
4000,2,864,0.4858823529411765,0.974,0.2993219288990375,0.14661268556005372,0.8628115015974465,0.004629629629629629,0.5351782945736466
4000,2,838,0.4858823529411765,0.9560000000000001,0.31120363713452753,0.10407960199004977,0.8834545454545464,0.00477326968973747,0.5664788169464434
4000,2,872,0.4823529411764706,0.9733333333333334,0.30298106855747226,0.1427339642481599,0.8658846153846167,0.006880733944954129,0.48223248652810013
4000,2.5,1234,0.49176470588235294,0.9186666666666665,0.2636107163129242,0.20681851048445346,0.8507094594594627,0.007293354943273906,0.48598367346938975
4000,2.5,1196,0.4858823529411765,0.8933333333333333,0.2618657146598285,0.19625352112676064,0.8516320474777463,0.005852842809364548,0.5179674796747977
4000,2.5,1207,0.4976470588235294,0.9260000000000003,0.2810259920738597,0.18962883654532414,0.8445901639344299,0.006628003314001657,0.4898665554628865
4000,2.5,1182,0.48470588235294115,0.9133333333333331,0.28911071770551644,0.15438438438438462,0.8639071038251384,0.005076142131979695,0.5322619047619063
4000,2.5,1224,0.48470588235294115,0.8886666666666666,0.26210897730219723,0.16671916010498736,0.8107598784194556,0.005718954248366013,0.5003149821966597
4000,2.5,1223,0.4764705882352941,0.8966666666666668,0.2796800162180363,0.16101715686274531,0.8536311787072284,0.004088307440719542,0.591642036124794
4000,2.5,1240,0.4717647058823529,0.9366666666666666,0.3013724311414269,0.16664155681104822,0.8753633217993096,0.008064516129032258,0.46538482384823865
4000,2.5,1225,0.4858823529411765,0.8953333333333334,0.2992234393970456,0.16425742574257451,0.8916313559322071,0.004081632653061225,0.5713005464480894
4000,2.5,1189,0.47058823529411764,0.8926666666666669,0.2767186166151256,0.15732732732732718,0.8484359400998369,0.00336417157275021,0.6309367088607588
4000,2.5,1211,0.46588235294117647,0.8586666666666664,0.2615658960918517,0.1584738955823292,0.8943736263736285,0.002477291494632535,0.624530905077262
4000,2.5,1245,0.49411764705882355,0.9493333333333331,0.32048315985571846,0.16724840023269288,0.8674550128534724,0.008835341365461847,0.47035116153430767
4000,2.5,1208,0.44823529411764707,0.9153333333333332,0.28497369458026056,0.19713478611783683,0.8287280701754418,0.006622516556291391,0.5263750000000013
4000,2.5,1259,0.4752941176470588,0.8726666666666667,0.289260118132118,0.14482834994462923,0.8753738317757039,0.003971405877680699,0.5604040404040398
4000,2.5,1180,0.5317647058823529,0.8799999999999997,0.26101312514516606,0.16399460188933893,0.8279245283018893,0.003389830508474576,0.5648129251700686
4000,2.5,1210,0.4988235294117647,0.8600000000000002,0.24572390675146633,0.17086345381526116,0.8401714285714313,0.0024793388429752068,0.6293427230046909
4000,2.5,1275,0.4823529411764706,0.8706666666666665,0.30258835689213515,0.14296690307328624,0.8761591695501769,0.00392156862745098,0.6066377952755916
4000,2.5,1232,0.46941176470588236,0.8733333333333335,0.27548605648369173,0.15908704883227215,0.8538161559888595,0.004058441558441558,0.5453137734311321
4000,2.5,1208,0.4623529411764706,0.8820000000000001,0.2856946215546764,0.1775027870680046,0.8778521939953856,0.0041390728476821195,0.5778636741479646
4000,2.5,1196,0.5035294117647059,0.8886666666666667,0.2918169806028582,0.16735434574976119,0.834198782961463,0.005016722408026756,0.5569103641456575
4000,2.5,1190,0.4929411764705882,0.8860000000000002,0.2680237220107523,0.15730392156862763,0.8255452436194936,0.004201680672268907,0.5607088607594922
4000,2.5,1196,0.5117647058823529,0.8993333333333335,0.3201499481635057,0.1813942751615885,0.8930555555555587,0.005016722408026756,0.5856946778711496
4000,2.5,1274,0.45647058823529413,0.8806666666666666,0.2875263309615765,0.1559292035398233,0.8365944881889784,0.004709576138147566,0.5583832807570962
4000,2.5,1243,0.46941176470588236,0.8986666666666665,0.2957292157142347,0.20207388748950436,0.8703411513859314,0.0056315366049879325,0.5526348435814439
4000,2.5,1233,0.49411764705882355,0.8746666666666666,0.27999969854015183,0.17230483271375494,0.8641325536062413,0.0040551500405515,0.5910830618892496
4000,2.5,1221,0.5164705882352941,0.8913333333333333,0.2704159159813952,0.20148394241417494,0.866594202898553,0.004095004095004095,0.5802467105263144
4000,2.5,1215,0.48,0.9006666666666666,0.29192543202127935,0.20074190177638465,0.8723719165085441,0.00411522633744856,0.5911735537190083
4000,2.5,1193,0.46941176470588236,0.9113333333333334,0.2988894268669164,0.16468441814595683,0.8407543520309528,0.005029337803855826,0.5668576242628476
4000,2.5,1273,0.46705882352941175,0.8913333333333334,0.24257936698996438,0.19814705882352926,0.8316025641025673,0.004713275726630008,0.521678505656406
4000,2.5,1228,0.48705882352941177,0.9060000000000002,0.2941594320356048,0.1869218106995883,0.8718250000000023,0.005700325732899023,0.5293884793884809
4000,2.5,1222,0.49411764705882355,0.950666666666667,0.34828451005383243,0.14682017543859677,0.888301526717562,0.007364975450081833,0.540689749931301
4000,2.5,1188,0.5,0.9113333333333332,0.2861457856090208,0.16396263520157345,0.8666212534059979,0.005050505050505051,0.5315002820078966
4000,2.5,1197,0.508235294117647,0.8853333333333331,0.2990551950113311,0.13902161547212752,0.8671492204899801,0.004177109440267335,0.5772734899328873
4000,2.5,1172,0.5094117647058823,0.8886666666666666,0.284463861992346,0.19080139372822288,0.8566728624535334,0.004266211604095563,0.5922650671236797
4000,2.5,1208,0.4976470588235294,0.8593333333333334,0.2718449042444375,0.16241545893719803,0.8835957446808549,0.0033112582781456954,0.6051245847176078
4000,2.5,1186,0.508235294117647,0.8920000000000001,0.27531732511745555,0.16127761767531237,0.839312500000003,0.00505902192242833,0.5104152542372905
4000,2.5,1201,0.49529411764705883,0.8913333333333336,0.2904455295152469,0.19417077175697844,0.848470319634705,0.005828476269775187,0.5314991624790627
4000,2.5,1241,0.5058823529411764,0.8853333333333332,0.2727820974217136,0.19213333333333296,0.830523415977965,0.0064464141821112,0.492014057853475
4000,2.5,1182,0.4823529411764706,0.9073333333333331,0.3170762042660282,0.15745670995671004,0.9078278688524626,0.004230118443316413,0.5953129425092042
4000,2.5,1244,0.5011764705882353,0.9026666666666665,0.2787677259230752,0.18718813905930495,0.8559645232815983,0.00482315112540193,0.5563408723747977
4000,2.5,1172,0.5105882352941177,0.8860000000000002,0.2426062787148705,0.2014760508308894,0.8208544303797513,0.005119453924914676,0.5099028016009176
4000,2.5,1195,0.5011764705882353,0.8686666666666667,0.26891222714364316,0.14896613190730829,0.8539556377079517,0.002510460251046025,0.6219910514541382
4000,2.5,1221,0.4623529411764706,0.8979999999999999,0.29502759891127783,0.1787626962142198,0.8878534031413653,0.004914004914004914,0.5439478737997271
4000,2.5,1237,0.4788235294117647,0.8639999999999998,0.2650551865360582,0.20336021505376356,0.8515949820788566,0.0032336297493936943,0.6104406596377409
4000,2.5,1229,0.4811764705882353,0.8720000000000002,0.2560204373946257,0.19498774509803948,0.8391458333333376,0.0040683482506102524,0.5789842047930265
4000,2.5,1197,0.4929411764705882,0.8980000000000005,0.26619955724622346,0.19391376451077907,0.8161741424802136,0.006683375104427736,0.5035912531539122
4000,2.5,1230,0.48823529411764705,0.8946666666666666,0.2588962359028233,0.17413087934560348,0.8069870129870163,0.004878048780487805,0.5344662309368201
4000,2.5,1234,0.47411764705882353,0.8920000000000001,0.2846386900692242,0.18467787114845907,0.8530329670329704,0.005672609400324149,0.5561097527845672
4000,2.5,1264,0.4823529411764706,0.8953333333333334,0.3064699938318495,0.17358220211161385,0.8444274809160345,0.006329113924050633,0.5407245222929932
4000,2.5,1228,0.4811764705882353,0.9019999999999999,0.3029854983973083,0.19395622895622872,0.8781341719077596,0.005700325732899023,0.562238602238601
4000,2.5,1213,0.48823529411764705,0.9073333333333334,0.29531996098963637,0.14705705705705724,0.8554608294930907,0.00494641384995878,0.547594587130627
4000,3,1683,0.5070588235294118,0.8560000000000002,0.2804946514429073,0.21894328845369188,0.8214428857715455,0.009506833036244802,0.46643271345730797
4000,3,1731,0.4858823529411765,0.8066666666666668,0.279312955722789,0.22271500843170258,0.8452070063694296,0.006354708261120739,0.54759302325581
4000,3,1639,0.5047058823529412,0.7773333333333334,0.26895425914413407,0.21671910112359455,0.8741397849462391,0.005491153142159854,0.5643885480572572
4000,3,1661,0.5411764705882353,0.7840000000000003,0.2842009539773952,0.1690892531876141,0.8855573505654284,0.004214328717639976,0.5942160419185804
4000,3,1685,0.5105882352941177,0.8213333333333331,0.29269437516980185,0.197658862876254,0.8419876733436086,0.007121661721068249,0.53938035465232
4000,3,1669,0.48705882352941177,0.804,0.29195096995304126,0.2057768052516408,0.8710326086956528,0.004793289394847214,0.5968813967489469
4000,3,1656,0.5129411764705882,0.8120000000000003,0.28691512298015037,0.19414516129032175,0.8630434782608716,0.007246376811594203,0.5070437956204368
4000,3,1652,0.5352941176470588,0.8053333333333332,0.2751664763037002,0.20904444444444353,0.824153005464483,0.007263922518159807,0.5164674796747947
4000,3,1720,0.4988235294117647,0.7526666666666665,0.2724603052260082,0.17855249745158008,0.9236468330134355,0.0029069767441860465,0.5974868804664734
4000,3,1724,0.48823529411764705,0.8180000000000001,0.2855054365648992,0.18613920609026602,0.834225865209472,0.0069605568445475635,0.5255841121495268
4000,3,1693,0.5211764705882352,0.7599999999999998,0.2658038915692693,0.17002906976744192,0.8572143974960896,0.0035440047253396337,0.5996048211815806
4000,3,1708,0.4811764705882353,0.7966666666666667,0.3040218302632582,0.18529197080291926,0.8812420382165616,0.00585480093676815,0.5593423635649764
4000,3,1660,0.48470588235294115,0.796666666666667,0.30788651477129036,0.16746300211416495,0.8727839335180021,0.005421686746987952,0.5783424187361178
4000,3,1690,0.5070588235294118,0.7886666666666666,0.285740180097136,0.1724869109947645,0.8692202462380302,0.004142011834319527,0.608655179243408
4000,3,1689,0.5305882352941177,0.7853333333333331,0.290496727146577,0.19346405228758165,0.8885774058577387,0.0041444641799881585,0.608242172017439
4000,3,1705,0.5152941176470588,0.7859999999999999,0.2832479144720456,0.1982866666666665,0.8454354354354378,0.005278592375366569,0.5597582547169819
4000,3,1715,0.5011764705882353,0.7913333333333333,0.26694514589371826,0.19141843971631134,0.8448554913294818,0.0052478134110787176,0.5470730754200851
4000,3,1730,0.49176470588235294,0.780666666666667,0.2838666758628669,0.2215157750342931,0.8799395770392766,0.005202312138728324,0.5721169862483042
4000,3,1729,0.49529411764705883,0.8073333333333333,0.2847917471292217,0.2059482758620684,0.8895102040816322,0.00578368999421631,0.537261974015901
4000,3,1674,0.49058823529411766,0.8273333333333334,0.3070294835099514,0.1978552971576223,0.869771986970686,0.007168458781362007,0.5298054552747664
4000,3,1689,0.4764705882352941,0.7873333333333334,0.28193842800240543,0.19994060876020747,0.8971014492753651,0.004736530491415038,0.5681419789807625
4000,3,1711,0.4752941176470588,0.816,0.2876831534640795,0.17788194444444408,0.8358676207513442,0.006428988895382817,0.5312941176470568
4000,3,1742,0.4788235294117647,0.7686666666666666,0.29198348696011034,0.17022727272727325,0.8954492415402552,0.003444316877152698,0.6479397081413177
4000,3,1686,0.4894117647058824,0.7793333333333334,0.2677810195790536,0.20295454545454536,0.8756395348837223,0.004744958481613286,0.5534882796980513
4000,3,1658,0.4894117647058824,0.7653333333333333,0.27141590328476217,0.1909971509971508,0.8753416149068325,0.004221954161640531,0.6005188774480085
4000,3,1714,0.5176470588235295,0.7919999999999999,0.30772162079471294,0.182314439946019,0.9033836858006047,0.005250875145857643,0.5772570869990211
4000,3,1672,0.47058823529411764,0.7766666666666666,0.2665179654590869,0.18361853832442057,0.8814344262295114,0.004186602870813397,0.5689969969969971
4000,3,1662,0.5188235294117647,0.762,0.2630398376962049,0.2171520146520144,0.8854174067495573,0.0036101083032490976,0.5872101449275352
4000,3,1698,0.4964705882352941,0.7913333333333332,0.27382094875935864,0.1841043613707165,0.8529124579124602,0.004711425206124852,0.5724615384615382
4000,3,1650,0.4929411764705882,0.8073333333333336,0.3025067930531772,0.18333952912019794,0.8756342668863277,0.006060606060606061,0.5498617886178885
4000,3,1656,0.4788235294117647,0.782,0.2660757760764202,0.20612903225806403,0.8363805436337637,0.004830917874396135,0.5893244336569543
4000,3,1696,0.48,0.8360000000000001,0.2800955895856019,0.2087455741021747,0.8610217391304368,0.007075471698113208,0.5067181314330939
4000,3,1623,0.5223529411764706,0.8293333333333334,0.2813698955483138,0.20944805194805177,0.8572866520787755,0.006777572396796057,0.5179177005789889
4000,3,1694,0.5129411764705882,0.7566666666666667,0.2744808384367401,0.15600000000000058,0.883105360443622,0.0035419126328217238,0.5885090837282791
4000,3,1690,0.5223529411764706,0.7626666666666665,0.24976389900082585,0.16163561076604568,0.8451115241635715,0.0035502958579881655,0.586534045922404
4000,3,1646,0.4929411764705882,0.8060000000000004,0.27365278762123685,0.19966283524904202,0.8598100172711582,0.00425273390036452,0.577112060199308
4000,3,1673,0.5,0.7746666666666666,0.28655689090776865,0.1877533039647575,0.8610339506172854,0.004781829049611476,0.5771051051051028
4000,3,1666,0.5164705882352941,0.83,0.2827055890918406,0.21629685916919889,0.8466371681415932,0.0078031212484993995,0.5143577334139927
4000,3,1753,0.5,0.7786666666666667,0.28608638993919383,0.2049496981891346,0.8562092391304345,0.00513405590416429,0.5805084097859309
4000,3,1678,0.46588235294117647,0.8006666666666666,0.2554904491051405,0.20607354685646456,0.834196642685852,0.006555423122765197,0.5056208758248381
4000,3,1694,0.5,0.8093333333333333,0.3103839688022872,0.1822394933793897,0.869107981220661,0.006493506493506494,0.5603901762725267
4000,3,1766,0.5164705882352941,0.768,0.2906275847236679,0.20445911949685505,0.8763358778625959,0.0056625141562853904,0.5687699316628664
4000,3,1597,0.5164705882352941,0.8019999999999999,0.2608906755291225,0.20425367362722321,0.8469591836734685,0.005009392611145898,0.5516215649255284
4000,3,1718,0.5023529411764706,0.7879999999999997,0.287571669195988,0.19816313423249762,0.8817931034482781,0.005820721769499418,0.5493832943013265
4000,3,1669,0.5094117647058823,0.7833333333333331,0.2958335698513928,0.19184818481848137,0.8622352941176487,0.005392450569203115,0.5810281124497959
5000,1,394,0.44941176470588234,1.026,0.25266860232243815,0.09742971887550196,0.7986991869918689,0.0025380710659898475,0.5059033078880409
4000,3,1645,0.5117647058823529,0.8226666666666667,0.27245661450250264,0.21105263157894708,0.8234358047016311,0.00729483282674772,0.5171994284547872
4000,3,1684,0.45647058823529413,0.7573333333333334,0.23189518571878134,0.23649388048955972,0.8492140921409231,0.004750593824228029,0.5330409705648356
5000,1,404,0.4611764705882353,1.0046666666666668,0.23612158134568118,0.09505747126436781,0.7963815789473667,0.0024752475247524753,0.5513068651778331
4000,3,1756,0.46705882352941175,0.7906666666666667,0.3036898351076409,0.19741285403050032,0.8909715242881057,0.006264236902050114,0.5433581661891125
4000,3,1687,0.5105882352941177,0.8226666666666667,0.27821622341379754,0.19505942275042365,0.8345759368836311,0.006520450503852994,0.52522673031026
4000,3,1685,0.4976470588235294,0.8086666666666669,0.3005538145893292,0.20287958115183166,0.869885057471263,0.006528189910979229,0.5621246515332521
5000,1,390,0.4717647058823529,1.0326666666666666,0.26940810974574403,0.12119047619047622,0.815446428571427,0.005128205128205128,0.47791237113402046
5000,1,366,0.45294117647058824,1.0240000000000002,0.29223920305761825,0.11200617283950623,0.8069178082191767,0.00546448087431694,0.5061904761904764
5000,1,384,0.4752941176470588,1.004,0.26144238542611536,0.08471794871794867,0.8135975609756088,0.0026041666666666665,0.5618973020017404
5000,1,403,0.4388235294117647,1.0180000000000002,0.27177046246250264,0.09284552845528449,0.8140236686390525,0.0024813895781637717,0.5477446102819241
5000,1,401,0.4776470588235294,1.0253333333333334,0.27432553667061105,0.10122362869198306,0.8087692307692312,0.0024937655860349127,0.5684916666666671
5000,1,364,0.48705882352941177,1.0193333333333336,0.25882402089515344,0.1151626016260163,0.8128813559322028,0.0027472527472527475,0.510697887970615
5000,1,386,0.4776470588235294,1.015333333333333,0.26293214331636316,0.09694444444444443,0.8045783132530112,0.0025906735751295338,0.5518354978354978
5000,1,388,0.45294117647058824,1.0166666666666666,0.24487193495756707,0.0883333333333333,0.8129032258064505,0.002577319587628866,0.5274418604651162
5000,1,397,0.44588235294117645,1.0299999999999998,0.26534029059092473,0.1018380062305296,0.8061946902654858,0.005037783375314861,0.47870042194092827
5000,1,383,0.46352941176470586,1.0233333333333334,0.25214691632583214,0.12425742574257424,0.7914678899082555,0.005221932114882507,0.47994750656167984
5000,1,412,0.43176470588235294,1.0426666666666664,0.27450168207428605,0.11446969696969712,0.8088392857142847,0.0048543689320388345,0.45947154471544743
5000,1,393,0.46941176470588236,1.022,0.2671049720052151,0.11623529411764706,0.8048780487804864,0.002544529262086514,0.5424404761904768
5000,1,377,0.4470588235294118,1.0173333333333334,0.2559233336737316,0.12074074074074072,0.8084563758389257,0.002652519893899204,0.5475531914893614
5000,1,399,0.45294117647058824,1.0246666666666666,0.2745429100582096,0.10129793510324488,0.7953076923076912,0.005012531328320802,0.48123425692695204
5000,1,414,0.44941176470588234,1.0200000000000002,0.28135550218188826,0.09925170068027209,0.8043915343915341,0.0024154589371980675,0.5436238902340602
5000,1,394,0.4447058823529412,1.0153333333333334,0.259312926961287,0.10570957095709567,0.808272727272726,0.005076142131979695,0.4816666666666666
5000,1,387,0.4647058823529412,1.024666666666667,0.2824029428697124,0.09103448275862062,0.8046285714285702,0.002583979328165375,0.5445941278065627
5000,1,404,0.4505882352941176,1.0173333333333339,0.2600906432350433,0.09996376811594203,0.8010852713178286,0.0024752475247524753,0.5036807278742766
5000,1,375,0.46,1.0193333333333332,0.2819626155452439,0.100235294117647,0.8142261904761897,0.0026666666666666666,0.5463636363636368
5000,1,350,0.4588235294117647,1.0226666666666666,0.2750847453719559,0.10494252873563219,0.8036296296296285,0.002857142857142857,0.514489016236867
5000,1,399,0.4576470588235294,1.0600000000000003,0.2953260532769434,0.09892944038929456,0.8229059829059816,0.005012531328320802,0.45525608732157813
5000,1,382,0.4611764705882353,1.0313333333333334,0.2910494515932042,0.09695970695970695,0.8227745664739882,0.002617801047120419,0.5459142607174108
5000,1,393,0.46941176470588236,1.0226666666666666,0.27183903864787223,0.116360153256705,0.808214285714285,0.002544529262086514,0.5447959183673471
5000,1,388,0.4541176470588235,1.0153333333333334,0.2661477738426582,0.09854166666666658,0.8138500000000013,0.002577319587628866,0.596167097329889
5000,1,391,0.44588235294117645,1.022,0.28441586429209875,0.10281250000000001,0.8037499999999999,0.0025575447570332483,0.5380341880341885
5000,1,376,0.44,1.0153333333333332,0.2700023318048123,0.0994007490636704,0.8051798561151063,0.0026595744680851063,0.5160799999999998
5000,1,381,0.45176470588235296,1.0146666666666664,0.2669544833565674,0.09835555555555553,0.8087195121951207,0.0026246719160104987,0.5517456140350875
5000,1,399,0.42823529411764705,1.0259999999999998,0.2631734552392826,0.0863470319634703,0.8082248520710051,0.002506265664160401,0.5574790619765504
5000,1,388,0.4788235294117647,1.0313333333333334,0.27121448870999854,0.11465277777777787,0.8039310344827568,0.002577319587628866,0.5150732127476313
5000,1,384,0.46705882352941175,1.0360000000000003,0.29409378511520967,0.11462783171521045,0.8129943502824862,0.005208333333333333,0.5390924956369987
5000,1,385,0.46,1.0313333333333334,0.3023042914036649,0.10675070028011208,0.8076744186046504,0.005194805194805195,0.5137684943429078
5000,1,388,0.44823529411764707,1.0273333333333334,0.2532942617555038,0.09328828828828824,0.8012030075187958,0.002577319587628866,0.5240654608096462
5000,1,412,0.4447058823529412,1.0073333333333332,0.2571111362606385,0.09779935275080909,0.7960176991150426,0.0048543689320388345,0.4812764227642276
5000,1,391,0.45647058823529413,1.0193333333333334,0.26573484022581245,0.08863453815261037,0.8149629629629617,0.0025575447570332483,0.5182649572649575
5000,1,387,0.46588235294117647,1.0166666666666664,0.2600067996743618,0.09319999999999995,0.803866666666665,0.002583979328165375,0.5370639032815199
5000,1,386,0.4588235294117647,1.018,0.2654883123821914,0.10222222222222212,0.8092993630573231,0.0025906735751295338,0.54382683982684
5000,1,403,0.4541176470588235,1.0446666666666669,0.2723829329783499,0.12146892655367239,0.8122131147540967,0.004962779156327543,0.4793266832917698
5000,1,392,0.4423529411764706,1.0206666666666666,0.26681709230288625,0.09499999999999997,0.8089189189189175,0.002551020408163265,0.5264791133844837
5000,1,377,0.46941176470588236,1.0239999999999998,0.2659129703519901,0.09168776371308013,0.8137226277372247,0.002652519893899204,0.5276595744680843
5000,1,379,0.46705882352941175,1.0159999999999998,0.2637008468698209,0.09104761904761904,0.8093865030674844,0.002638522427440633,0.555899470899471
5000,1,385,0.4470588235294118,1.0126666666666666,0.27867613724376106,0.09096491228070168,0.8081770833333337,0.0025974025974025974,0.5692708333333333
5000,1,397,0.45529411764705885,1.032,0.2901297135790308,0.0915686274509804,0.8195569620253146,0.005037783375314861,0.5186835443037966
5000,1,397,0.4423529411764706,1.031333333333333,0.27455560590303885,0.09367424242424235,0.8136708860759488,0.0025188916876574307,0.5353451178451178
5000,1,380,0.45294117647058824,1.0193333333333336,0.2541258226439474,0.09763052208835334,0.8082300884955747,0.002631578947368421,0.49963060686015776
5000,1,379,0.4505882352941176,1.0326666666666666,0.2968411638823389,0.11610526315789478,0.8205699481865288,0.002638522427440633,0.5647883597883604
5000,1,381,0.45294117647058824,1.0293333333333334,0.27949326588182033,0.09875886524822693,0.8135172413793088,0.0026246719160104987,0.5165263157894736
5000,1,380,0.47058823529411764,1.008,0.2596608997208952,0.1033333333333333,0.7951470588235279,0.002631578947368421,0.5178012313104661
5000,1,373,0.4447058823529412,1.0379999999999998,0.30000524428204794,0.10556521739130441,0.8141176470588223,0.005361930294906166,0.503414195867026
5000,1.5,602,0.44941176470588234,1.0146666666666668,0.2909252014436095,0.11646520146520135,0.8096460176991159,0.0049833887043189366,0.5029938786866996
5000,1.5,596,0.47058823529411764,1.000666666666667,0.2605691902143955,0.1244533333333335,0.8068103448275876,0.003355704697986577,0.5415432098765429
5000,1.5,590,0.4623529411764706,0.9860000000000002,0.2561819182017471,0.13107526881720444,0.8056387665198259,0.003389830508474576,0.5411224489795926
5000,1.5,597,0.4929411764705882,1.0026666666666668,0.2757398638752362,0.14178197064989514,0.8267441860465136,0.005025125628140704,0.5223288439955112
5000,1.5,584,0.4776470588235294,1.002,0.2790325430071152,0.1297555555555556,0.8132489451476799,0.003424657534246575,0.5359965635738837
5000,1.5,578,0.46941176470588236,1.0193333333333334,0.2854097415959882,0.12680894308943091,0.81934210526316,0.005190311418685121,0.521142028985508
5000,1.5,603,0.4576470588235294,0.9853333333333334,0.26964625240466095,0.14653645833333334,0.8179166666666692,0.003316749585406302,0.5842706600110946
5000,1.5,586,0.4611764705882353,0.9866666666666667,0.2555317141023863,0.15568253968253973,0.8256060606060623,0.0034129692832764505,0.584868721461188
5000,1.5,608,0.4435294117647059,0.9746666666666668,0.24397417593194182,0.1439118457300276,0.8152132701421808,0.003289473684210526,0.5334653465346552
5000,1.5,605,0.4647058823529412,1.0093333333333334,0.29864762741756345,0.09132315521628512,0.838243727598568,0.003305785123966942,0.569596462133777
5000,1.5,571,0.4576470588235294,1.0006666666666664,0.28226780948375024,0.09860606060606064,0.8347450980392178,0.0035026269702276708,0.5719566490919749
5000,1.5,584,0.4541176470588235,1.0306666666666666,0.2996982423835692,0.15470238095238084,0.8199553571428589,0.00684931506849315,0.4877298850574727
5000,1.5,606,0.44823529411764707,0.9926666666666667,0.27669050623825914,0.14081534772182264,0.8134782608695689,0.0033003300330033004,0.5783719646799143
5000,1.5,581,0.46588235294117647,1.009333333333333,0.2880216875299688,0.10716312056737602,0.8163385826771666,0.0034423407917383822,0.545014392630974
5000,1.5,584,0.4764705882352941,1.0040000000000002,0.24695010821573699,0.1076041666666668,0.8106040268456371,0.003424657534246575,0.5055784650630019
5000,1.5,570,0.48823529411764705,1.006,0.2754899848725459,0.12222988505747139,0.8190610328638501,0.0035087719298245615,0.5228521126760567
5000,1.5,587,0.4376470588235294,0.9979999999999999,0.2918371658405914,0.16470588235294123,0.8248943661971856,0.005110732538330494,0.5583904109589043
5000,1.5,598,0.47058823529411764,1.0139999999999998,0.2810522773990042,0.1358549222797926,0.8135323383084576,0.005016722408026756,0.49237535014005734
5000,1.5,585,0.4717647058823529,1.0046666666666668,0.27859764624331396,0.10764705882352954,0.8277064220183493,0.003418803418803419,0.5351801029159516
5000,1.5,574,0.4647058823529412,0.9906666666666666,0.2773495225991566,0.13738292011019287,0.8261591695501762,0.003484320557491289,0.5839160839160865
5000,1.5,597,0.4623529411764706,1.0033333333333334,0.27752164706479954,0.12504655493482297,0.8103684210526316,0.005025125628140704,0.4880695847362516
5000,1.5,611,0.4576470588235294,0.9893333333333335,0.27504245734549343,0.12635658914728706,0.8129065743944668,0.0032733224222585926,0.566710454296663
5000,1.5,592,0.48705882352941177,0.9960000000000002,0.26832802159536734,0.11629385964912285,0.8131958762886607,0.005067567567567568,0.5031013016411999
5000,1.5,589,0.4764705882352941,1.0113333333333334,0.2994388815878436,0.12484076433121029,0.8195986622073596,0.0050933786078098476,0.5634812286689428
5000,1.5,565,0.4717647058823529,0.9879999999999998,0.266763392180357,0.1390710382513662,0.8157500000000005,0.0035398230088495575,0.556216696269982
5000,1.5,588,0.46588235294117647,0.9853333333333336,0.2747151417895954,0.12179487179487203,0.8313777777777789,0.003401360544217687,0.5455290102389079
5000,1.5,566,0.46352941176470586,0.9940000000000001,0.26879300761374636,0.1114242424242425,0.8090076335877884,0.0035335689045936395,0.5677777777777787
5000,1.5,583,0.47294117647058825,1.0186666666666668,0.2805711285102377,0.09921985815602846,0.8217985611510784,0.005145797598627788,0.4605632183908043
5000,1.5,573,0.5023529411764706,1.0086666666666666,0.2953550394488723,0.11446296296296292,0.8148543689320399,0.005235602094240838,0.5005614035087738
5000,1.5,591,0.4447058823529412,0.9886666666666661,0.2880304202162809,0.12130630630630633,0.8177173913043508,0.005076142131979695,0.551485260770976
5000,1.5,596,0.46352941176470586,0.9973333333333333,0.2763241465284871,0.1291932059447981,0.805175438596492,0.0050335570469798654,0.5211916807195067
5000,1.5,588,0.4682352941176471,1.0006666666666661,0.25815659652730555,0.10919270833333349,0.8214835164835159,0.003401360544217687,0.5182593856655289
5000,1.5,613,0.4541176470588235,0.9913333333333328,0.27311352913083464,0.1479865771812081,0.8246341463414647,0.0032626427406199023,0.5511129296235683
5000,1.5,580,0.46705882352941175,1.0226666666666666,0.2945149106729501,0.13834087481146276,0.8332941176470583,0.006896551724137931,0.4630208333333331
5000,1.5,583,0.4811764705882353,1.005333333333333,0.255113415113736,0.09533333333333352,0.8097727272727263,0.003430531732418525,0.4829948364888124
5000,1.5,599,0.4835294117647059,0.9973333333333338,0.28889339508679635,0.14285087719298226,0.8328358208955247,0.00333889816360601,0.5559966499162489
5000,1.5,613,0.4682352941176471,1.0173333333333332,0.28489041942138216,0.11327985739750442,0.8119191919191917,0.004893964110929853,0.4901693989071045
5000,1.5,570,0.5105882352941177,0.984666666666667,0.26700537030256194,0.11554487179487194,0.8145323741007207,0.0035087719298245615,0.5862030516431926
5000,1.5,618,0.45529411764705885,0.9726666666666667,0.2369435503038157,0.11353741496598639,0.8161951219512206,0.0016181229773462784,0.5453322528363054
5000,1.5,598,0.48,1.0153333333333334,0.2863925438668388,0.13259481037924145,0.8238695652173932,0.005016722408026756,0.5277422969187687
5000,1.5,592,0.4776470588235294,0.9813333333333331,0.2619061068063919,0.12934782608695664,0.795021097046415,0.0033783783783783786,0.5344067796610185
5000,1.5,592,0.45529411764705885,0.9986666666666667,0.29114087411164125,0.12649509803921583,0.8215360501567421,0.0033783783783783786,0.5876836158192098
5000,1.5,579,0.4811764705882353,0.9880000000000003,0.26754676112862724,0.13299086757990874,0.8247474747474761,0.0034542314335060447,0.5175332177931842
5000,1.5,578,0.4623529411764706,0.9900000000000002,0.2297966018137983,0.13510903426791282,0.8117567567567551,0.0017301038062283738,0.5186250722125944
5000,1.5,588,0.46588235294117647,1.0000000000000002,0.27311527633726473,0.11447322970639028,0.8186301369862998,0.00510204081632653,0.45407407407407396
5000,1.5,617,0.46588235294117647,1.008,0.28542402728125826,0.14576086956521714,0.8104651162790714,0.004862236628849271,0.5228393051031501
5000,1.5,587,0.4611764705882353,1.0106666666666666,0.28525917510200904,0.1304918032786885,0.8272043010752701,0.005110732538330494,0.49182648401826534
5000,1.5,613,0.4682352941176471,0.9980000000000003,0.274263321220156,0.12326576576576581,0.8123430962343111,0.0032626427406199023,0.5332187670485543
5000,1.5,589,0.4752941176470588,1.0146666666666666,0.29990766318809015,0.14269293924466317,0.8370560747663561,0.0050933786078098476,0.49754266211604126
5000,1.5,591,0.4576470588235294,0.9733333333333335,0.23184948101319042,0.11059139784946231,0.8183277591973273,0.001692047377326565,0.6214576271186468
5000,2,886,0.4764705882352941,0.9400000000000002,0.2842498696517273,0.13940476190476186,0.8309836065573811,0.004514672686230248,0.5832539682539715
5000,2,824,0.4788235294117647,0.9620000000000001,0.2885490759898462,0.1440182648401823,0.8474164133738618,0.0048543689320388345,0.5437439024390248
5000,2,863,0.46,0.9819999999999999,0.2752117838353384,0.15571428571428586,0.8091156462585052,0.005793742757821553,0.5106837606837606
5000,2,811,0.49058823529411766,0.9833333333333335,0.3078464152382244,0.13839215686274486,0.8284696569920886,0.006165228113440197,0.5446815550041373
5000,2,860,0.4964705882352941,0.9659999999999999,0.2975309551427769,0.10956190476190474,0.8396061269146653,0.0034883720930232558,0.60818358615325
5000,2,865,0.48,0.9786666666666669,0.30178710803082187,0.1462081784386618,0.8466060606060631,0.005780346820809248,0.5327286821705453
5000,2,833,0.4623529411764706,0.9686666666666668,0.2638623798895894,0.15576530612244854,0.8120578778135078,0.003601440576230492,0.5477791164658653
5000,2,863,0.4976470588235294,0.9599999999999999,0.26674217407511014,0.1579452054794519,0.8251903114186876,0.004634994206257242,0.526821885913856
5000,2,849,0.5129411764705882,0.958,0.27171646923586806,0.16450564971751414,0.8130769230769264,0.004711425206124852,0.5462169625246576
5000,2,858,0.4858823529411765,0.9700000000000004,0.3141691911940009,0.13188346883468804,0.8550000000000006,0.004662004662004662,0.5655971896955505
5000,2,884,0.45647058823529413,0.9973333333333333,0.2960641116283181,0.1534444444444448,0.8508823529411788,0.006787330316742082,0.45686408504176274
5000,2,850,0.4647058823529412,0.9520000000000003,0.28233292596512416,0.16582352941176465,0.850310421286033,0.0035294117647058825,0.622436048799687
5000,2,856,0.4964705882352941,0.9540000000000002,0.2782593540531699,0.13723467862481298,0.8338333333333364,0.004672897196261682,0.5354264475743356
5000,2,868,0.46352941176470586,0.9559999999999998,0.2628247692805183,0.15751173708920174,0.842863070539421,0.004608294930875576,0.5211072530864201
5000,2,865,0.4835294117647059,0.9900000000000002,0.2700412889193992,0.1728968253968257,0.8321693121693124,0.006936416184971098,0.4561311602638745
5000,2,854,0.4776470588235294,0.9799999999999998,0.30927341753413506,0.1431448763250885,0.850483870967744,0.00585480093676815,0.5244091087553983
5000,2,877,0.4976470588235294,0.9640000000000005,0.2555551386812246,0.16176375404530727,0.8262116040955666,0.004561003420752566,0.5328102329133265
5000,2,866,0.4976470588235294,0.9726666666666669,0.2694730522707525,0.1626136363636366,0.8422065727699541,0.005773672055427252,0.49836236933797895
5000,2,840,0.45294117647058824,0.9546666666666664,0.2751983941746264,0.15649462365591393,0.8481879194630907,0.0035714285714285713,0.6194344882516942
5000,2,859,0.48,0.9713333333333333,0.2768560893140819,0.17838095238095245,0.8383895131086171,0.005820721769499418,0.5088329430132728
5000,2,862,0.4858823529411765,0.9686666666666669,0.2870446445782155,0.1329349269588311,0.8364092664092679,0.004640371229698376,0.5211227661227671
5000,2,906,0.4423529411764706,0.9660000000000002,0.29666643152764444,0.12801212121212113,0.8374375000000022,0.005518763796909493,0.5253607103218662
5000,2,844,0.47411764705882353,0.9546666666666668,0.2693662584982777,0.11824817518248196,0.8478296703296716,0.002369668246445498,0.6044893111638956
5000,2,870,0.48470588235294115,0.9660000000000002,0.28528204734150264,0.1644597701149428,0.8369534050179244,0.005747126436781609,0.507017341040464
5000,2,839,0.4988235294117647,0.9800000000000002,0.29821831416894884,0.14977541371158398,0.8398606271777023,0.0059594755661501785,0.5039528377298171
5000,2,861,0.4788235294117647,0.9473333333333332,0.2893275946198316,0.1420063191153236,0.8412957746478893,0.004645760743321719,0.5553714507973565
5000,2,843,0.47411764705882353,0.9586666666666668,0.29128603892587385,0.14389718076285227,0.8511864406779693,0.0035587188612099642,0.5679880952380972
5000,2,860,0.48823529411764705,0.9473333333333331,0.2640978520478613,0.12091722595078311,0.8524358974359009,0.0034883720930232558,0.5797432905484263
5000,2,851,0.49058823529411766,1.004,0.2663405170474154,0.14093663911845764,0.8231007751937967,0.008225616921269096,0.41796603475513516
5000,2,855,0.4647058823529412,0.9793333333333332,0.31687559430566015,0.1173405535499396,0.8581605351170593,0.005847953216374269,0.5146862745098033
5000,2,864,0.48823529411764705,0.964,0.27377819490330557,0.17734513274336303,0.8405379746835471,0.004629629629629629,0.5473255813953513
5000,2,855,0.5047058823529412,0.9653333333333334,0.2937410030179117,0.12796874999999983,0.820686274509807,0.005847953216374269,0.5220117647058832
5000,2,876,0.4823529411764706,0.9413333333333335,0.24384521504167356,0.16036303630363016,0.8080000000000019,0.0045662100456621,0.522400611620799
5000,2,851,0.48705882352941177,0.98,0.30330226920314685,0.1432103321033211,0.85197916666667,0.005875440658049354,0.5158234830575267
5000,2,886,0.4611764705882353,0.9246666666666666,0.23599152439212695,0.1228231292517007,0.8409428571428591,0.002257336343115124,0.6010972850678766
5000,2,876,0.44588235294117645,0.9606666666666667,0.27869277564374983,0.12858255451713385,0.8655158730158736,0.0045662100456621,0.5292851681957178
5000,2,877,0.4647058823529412,0.9700000000000002,0.28233418082626244,0.16376425855513313,0.8175862068965553,0.005701254275940707,0.5306192660550486
5000,2,870,0.4811764705882353,0.9893333333333334,0.3143980551294012,0.13439024390243878,0.8355704697986625,0.005747126436781609,0.5754335260115638
5000,2,853,0.5117647058823529,0.9466666666666667,0.26018608163713236,0.13351851851851843,0.8285483870967774,0.0035169988276670576,0.5634313725490218
5000,2,884,0.45294117647058824,0.9780000000000001,0.2855059485135108,0.18041362530413627,0.8488924050632939,0.005656108597285068,0.5265225635191522
5000,2,885,0.4611764705882353,0.9546666666666668,0.2726596558539268,0.16035330261136696,0.8206377551020454,0.004519774011299435,0.5689670828603888
5000,2,860,0.4682352941176471,0.9533333333333334,0.2862585108749868,0.14205741626794227,0.8455654761904796,0.0034883720930232558,0.5622637106184375
5000,2,870,0.47058823529411764,0.9766666666666667,0.24136311021838702,0.14698347107437995,0.8149999999999998,0.004597701149425287,0.4779907621247124
5000,2,874,0.4388235294117647,0.9780000000000003,0.3125648759850044,0.11436213991769512,0.8526881720430135,0.004576659038901602,0.5621800766283546
5000,2,852,0.49411764705882355,0.9520000000000003,0.28670933913926994,0.14738095238095208,0.8869847328244305,0.0035211267605633804,0.5347467608951719
5000,2,910,0.48823529411764705,0.9333333333333329,0.2506416803822102,0.14799086757990879,0.8162586605080877,0.002197802197802198,0.6027055800293708
5000,2,872,0.47058823529411764,0.9640000000000002,0.26407760665110136,0.16604519774011275,0.8078125000000034,0.0045871559633027525,0.5274846390168992
5000,2,862,0.46,0.9619999999999999,0.2704097990004038,0.13423963133640532,0.8159870550161842,0.004640371229698376,0.5330147630147639
5000,2,875,0.4894117647058824,0.9739999999999998,0.28648642831549004,0.15721115537848596,0.8406557377049207,0.004571428571428572,0.529552238805972
5000,2,831,0.4929411764705882,0.9813333333333331,0.2973862087430537,0.14611330698287212,0.8590875912408767,0.0048134777376654635,0.5221362353889561
5000,2.5,1193,0.4717647058823529,0.916,0.298145660331737,0.1669327073552425,0.8583287671232913,0.006705783738474434,0.503490857946556
5000,2.5,1219,0.48,0.9006666666666668,0.277158225069925,0.17335195530726255,0.8662931034482793,0.005742411812961444,0.5221039603960406
5000,2.5,1240,0.4811764705882353,0.8866666666666667,0.27829969821320805,0.1876280041797284,0.8586353467561554,0.004838709677419355,0.5591707185305254
5000,2.5,1237,0.4647058823529412,0.8893333333333335,0.2896046103462637,0.13679096045197758,0.835282651072128,0.004850444624090542,0.5709504467912256
5000,2.5,1266,0.4929411764705882,0.9226666666666669,0.2762795159904345,0.1955326460481093,0.8358725761772886,0.0071090047393364926,0.48736939803765533
5000,2.5,1238,0.4811764705882353,0.902,0.29952375293376715,0.18315909090909044,0.850062761506279,0.006462035541195477,0.5271653116531176
5000,2.5,1239,0.5188235294117647,0.8933333333333333,0.3107226622125779,0.15486434108527164,0.856655683690284,0.004842615012106538,0.5870938091376052
5000,2.5,1232,0.5,0.9606666666666667,0.33669099350695114,0.15870929544108886,0.9267761194029877,0.008116883116883116,0.47379978177850446
5000,2.5,1225,0.5035294117647059,0.8659999999999999,0.2668425953227443,0.1982945736434111,0.8466926070038938,0.0032653061224489797,0.5892847392847393
5000,2.5,1251,0.47294117647058825,0.8766666666666667,0.28789001846107387,0.18572463768115977,0.8537383177570128,0.004796163069544364,0.5753306559571615
5000,2.5,1249,0.4811764705882353,0.9200000000000002,0.25569621913468404,0.19222730739893187,0.8444396551724157,0.006405124099279423,0.47836959441310817
5000,2.5,1232,0.4717647058823529,0.8913333333333331,0.3006776676546082,0.18699047619047623,0.886324786324788,0.00487012987012987,0.5641163675910832
5000,2.5,1181,0.47411764705882353,0.9146666666666673,0.31215116418435784,0.15982638888888942,0.8838536585365872,0.0059271803556308214,0.5462265758091985
5000,2.5,1214,0.49176470588235294,0.8913333333333334,0.2625156465256256,0.21555214723926375,0.8317047817047848,0.004942339373970346,0.5681043046357603
5000,2.5,1197,0.5047058823529412,0.8873333333333335,0.23936621256859125,0.19303030303030297,0.8273451327433653,0.004177109440267335,0.5592393736017895
5000,2.5,1196,0.48,0.9133333333333333,0.3124805020068869,0.17129770992366433,0.8841958041958058,0.005852842809364548,0.5389739276703118
5000,2.5,1194,0.47058823529411764,0.8739999999999998,0.2853051588464598,0.1250859106529207,0.8787910189982754,0.002512562814070352,0.6395521970333042
5000,2.5,1192,0.4894117647058824,0.9413333333333332,0.28904408597225273,0.1848366013071896,0.8612820512820539,0.00587248322147651,0.5196286919831236
5000,2.5,1208,0.5,0.8679999999999999,0.26289173056458215,0.13125211505922135,0.8477290836653432,0.0033112582781456954,0.6187181616832773
5000,2.5,1196,0.5094117647058823,0.8573333333333331,0.2495546299607534,0.18773700305810415,0.8462700228832988,0.0033444816053511705,0.597287472035793
5000,2.5,1262,0.49058823529411766,0.8906666666666666,0.2491167350435228,0.20105569409808777,0.8356918238993747,0.006339144215530904,0.4963556618819789
5000,2.5,1212,0.48705882352941177,0.9086666666666671,0.2930732313015221,0.202196162046908,0.8409633027522984,0.007425742574257425,0.5133776669437524
5000,2.5,1233,0.48823529411764705,0.9113333333333331,0.29570009243945855,0.17860058309037904,0.8756709956709986,0.004866180048661801,0.5645992936701981
5000,2.5,1222,0.4858823529411765,0.9026666666666667,0.27965251614366976,0.16829710144927548,0.8131192660550495,0.0057283142389525366,0.5335829903978041
5000,2.5,1227,0.4988235294117647,0.848,0.237637328606327,0.1567083333333333,0.848593406593409,0.0024449877750611247,0.6058306100217865
5000,2.5,1259,0.4776470588235294,0.9080000000000001,0.2872801098620268,0.17283582089552232,0.8149902152641915,0.006354249404289118,0.5320810018651738
5000,2.5,1256,0.4752941176470588,0.8973333333333333,0.32093113200969514,0.16707786526684182,0.8806902654867298,0.005573248407643312,0.5759647718174555
5000,2.5,1189,0.5070588235294118,0.9019999999999999,0.27469692002966173,0.15574754901960788,0.8380387931034522,0.004205214465937763,0.5856306306306286
5000,2.5,1273,0.4623529411764706,0.9193333333333332,0.2861090424261974,0.19343915343915316,0.8616062176165817,0.006284367635506678,0.5180606060606053
5000,2.5,1201,0.5058823529411764,0.8679999999999999,0.25864995489980197,0.1575555555555555,0.8175438596491263,0.0033305578684429643,0.5905987190197695
5000,2.5,1237,0.5058823529411764,0.8833333333333335,0.25026692341354684,0.18475669099756717,0.8561935483870985,0.004042037186742118,0.5415773809523806
5000,2.5,1201,0.48823529411764705,0.8966666666666666,0.27203262597931804,0.17724025974025998,0.8351428571428595,0.004995836802664446,0.5526248256624835
5000,2.5,1253,0.47058823529411764,0.9179999999999999,0.26346404006204854,0.17419885550786796,0.8238271604938288,0.007182761372705506,0.4603001071811375
5000,2.5,1199,0.4929411764705882,0.9073333333333331,0.27956887212274334,0.16943027210884395,0.8229775280898893,0.005838198498748957,0.5106767337807604
5000,2.5,1201,0.4611764705882353,0.9326666666666669,0.3015302106651491,0.18357823129251666,0.8764864864864879,0.00749375520399667,0.4858137583892632
5000,2.5,1188,0.5188235294117647,0.8906666666666666,0.26859550424484896,0.2248717948717944,0.8615473441108581,0.005050505050505051,0.5503158488437694
5000,2.5,1254,0.4682352941176471,0.8900000000000002,0.27957025000976404,0.19642410015649392,0.8459810874704528,0.006379585326953748,0.5218726591760293
5000,2.5,1185,0.48823529411764705,0.9046666666666667,0.26477826269601323,0.17377358490566075,0.8348561151079129,0.00590717299578059,0.49601867572156144
5000,2.5,1182,0.48470588235294115,0.8666666666666667,0.2786845433170744,0.1104761904761905,0.8804198473282467,0.0025380710659898475,0.6315465083404014
5000,2.5,1238,0.4717647058823529,0.9,0.30138445902092376,0.16354775828460072,0.8697222222222263,0.004846526655896607,0.5691991341991347
5000,2.5,1213,0.5094117647058823,0.9000000000000002,0.2839750034999122,0.18379788101059477,0.8353691275167815,0.006595218466611707,0.5233831258644549
5000,2.5,1248,0.4682352941176471,0.884,0.2605109943708858,0.12171717171717167,0.8169002123142292,0.003205128205128205,0.584986602357983
5000,2.5,1187,0.4835294117647059,0.8680000000000001,0.2496776463798725,0.1325293132328308,0.8503313253012073,0.003369839932603201,0.5653451676528602
5000,2.5,1194,0.4988235294117647,0.9179999999999997,0.30324132206182397,0.13064842958460002,0.8434490238611763,0.005025125628140704,0.5495426487093172
5000,2.5,1212,0.5223529411764706,0.9073333333333334,0.26213697846960876,0.18769620253164554,0.8413694267515962,0.005775577557755775,0.5007275242047033
5000,2.5,1248,0.47058823529411764,0.8966666666666665,0.262252603984419,0.20036613272311152,0.8416666666666698,0.00641025641025641,0.49797311827957075
5000,2.5,1233,0.48,0.8839999999999996,0.28117573224962755,0.14122424242424259,0.895165745856356,0.0040551500405515,0.5526465798045596
5000,2.5,1248,0.4647058823529412,0.8713333333333334,0.26936328604887205,0.233726647000983,0.8649163179916352,0.004807692307692308,0.571433172302738
5000,2.5,1189,0.5011764705882353,0.9033333333333331,0.2643959758488395,0.1934757834757834,0.8567711598746099,0.005046257359125316,0.5130205691744164
5000,2.5,1259,0.49411764705882355,0.8920000000000001,0.27507789370068614,0.20844086021505312,0.8326869158878523,0.006354249404289118,0.527292832400746
5000,3,1662,0.48823529411764705,0.7980000000000002,0.2768699500775037,0.19805817610062862,0.866596774193552,0.0048134777376654635,0.5754030632809335
5000,3,1727,0.4894117647058824,0.746,0.2696093527872947,0.18373333333333336,0.8861661807580179,0.003474232773595831,0.6187991477822943
5000,3,1681,0.4976470588235294,0.7946666666666667,0.3038339310224469,0.1951795841209825,0.8974358974358986,0.00594883997620464,0.5610532615200472
5000,3,1715,0.4682352941176471,0.7640000000000002,0.26411223063584366,0.19631720430107544,0.8901972386587783,0.003498542274052478,0.5812170860152139
5000,3,1660,0.4976470588235294,0.794666666666667,0.27968383910503375,0.19212446351931314,0.8528858024691353,0.005421686746987952,0.5662810417928513
5000,3,1656,0.4823529411764706,0.7473333333333334,0.2709940183398121,0.18571588366890393,0.8732083333333329,0.0036231884057971015,0.6222282828282808
5000,3,1740,0.46941176470588236,0.782,0.25792904016610047,0.21955645161290283,0.8595719844357999,0.005172413793103448,0.5443385326400888
5000,3,1666,0.5329411764705883,0.7833333333333333,0.27053340066220055,0.2115890613451584,0.864404332129968,0.004801920768307323,0.5742139123441855
5000,3,1701,0.5047058823529412,0.81,0.2934122831064556,0.1973417721518982,0.8703311258278136,0.005878894767783657,0.5520875221762259
5000,3,1667,0.5047058823529412,0.7826666666666666,0.2806493404164291,0.192866379310345,0.8870791075050743,0.004799040191961607,0.5573899939722691
5000,3,1630,0.5117647058823529,0.8153333333333334,0.2924236749353479,0.1993578517221242,0.8646927374301718,0.006134969325153374,0.5370802469135779
5000,3,1718,0.528235294117647,0.7733333333333335,0.2542549417677154,0.18984087102177535,0.829519572953739,0.004074505238649592,0.5684882135203542
5000,3,1683,0.4929411764705882,0.8253333333333334,0.2832696546962361,0.188187311178247,0.8472196261682268,0.0071301247771836,0.490325154598043
5000,3,1758,0.4764705882352941,0.7613333333333334,0.2596378015635563,0.21045951859956186,0.8599103942652344,0.005119453924914676,0.5582637697732021
5000,3,1692,0.5058823529411764,0.782,0.2979980576095418,0.17059443190368714,0.8924646781789664,0.004728132387706856,0.5829315122723695
5000,3,1689,0.4976470588235294,0.8119999999999998,0.2673428441903497,0.19970553592461673,0.8665947242206256,0.006512729425695678,0.5049225268176397
5000,3,1739,0.5035294117647059,0.7973333333333333,0.2672063617550423,0.20274236387782152,0.8521212121212113,0.005175388154111558,0.5489980732177219
5000,3,1705,0.5070588235294118,0.8433333333333329,0.3156412934135006,0.19185133239831656,0.8748989898989913,0.007624633431085044,0.5114578408195434
5000,3,1746,0.47411764705882353,0.7753333333333332,0.26544004197184873,0.22376947040498457,0.8450505050505065,0.0057273768613974796,0.5542146697388612
5000,3,1720,0.4811764705882353,0.7626666666666669,0.2808271699882152,0.20095679012345638,0.868698830409356,0.004651162790697674,0.5959190031152608
5000,3,1700,0.5211764705882352,0.8013333333333331,0.27477801836022925,0.1848603351955305,0.854634146341467,0.0058823529411764705,0.5239132149901359
5000,3,1666,0.4964705882352941,0.8080000000000002,0.2827424184790197,0.19916526610644242,0.8608450704225354,0.007202881152460984,0.5095667069729947
5000,3,1708,0.4788235294117647,0.841333333333333,0.27978615386705896,0.21379032258064493,0.8918279569892499,0.00819672131147541,0.4758776072412437
5000,3,1675,0.5035294117647059,0.7939999999999999,0.2794725663747006,0.18350736278447116,0.8494117647058854,0.005970149253731343,0.5469709709709687
5000,3,1727,0.48823529411764705,0.8173333333333334,0.28436803251652704,0.20053148469092927,0.8748275862068984,0.006369426751592357,0.5326282051282043
5000,3,1742,0.4764705882352941,0.8253333333333333,0.28385661230762804,0.1964335664335655,0.8710895883777257,0.008036739380022962,0.4798707561728391
5000,3,1687,0.48823529411764705,0.7746666666666667,0.2857123236614396,0.18101573676680976,0.863145299145301,0.005334914048606995,0.5626579261025016
5000,3,1708,0.5164705882352941,0.7766666666666665,0.3094085597668152,0.1905965697240863,0.9010076530612239,0.00468384074941452,0.6084333333333349
5000,3,1625,0.5,0.8226666666666668,0.31763839428886503,0.18524765729584972,0.918029315960915,0.005538461538461538,0.5756600660066016
5000,3,1742,0.4470588235294118,0.7720000000000001,0.2931972302742485,0.20133949191685863,0.8743431952662686,0.004592422502870264,0.620238369857744
5000,3,1713,0.4788235294117647,0.838,0.30880536436325573,0.18780041797283142,0.8939999999999985,0.0070052539404553416,0.5322496570644728
5000,3,1726,0.4964705882352941,0.7759999999999997,0.2831229341429083,0.17684596577017136,0.8566848567530695,0.004055619930475087,0.600159007174714
5000,3,1657,0.5176470588235295,0.7879999999999999,0.284317345518638,0.19644133644133602,0.8621610169491533,0.004828002414001207,0.5975358803315131
5000,3,1685,0.5023529411764706,0.7753333333333332,0.2814847256840521,0.19201058201058208,0.8629794933655004,0.0035608308605341245,0.6336489974190956
5000,3,1672,0.4964705882352941,0.8073333333333333,0.3072020267523005,0.19501766784452274,0.8827725856697827,0.005980861244019139,0.5621901323706342
5000,3,1672,0.48705882352941177,0.7746666666666667,0.26448490149702275,0.20779722830050987,0.846409395973154,0.004784688995215311,0.5723637820512794
5000,3,1712,0.49411764705882355,0.8093333333333336,0.30029294473634704,0.19030891878425515,0.8823109243697494,0.007009345794392523,0.5056333333333336
5000,3,1697,0.5058823529411764,0.7739999999999999,0.2547791975071563,0.22066387141858781,0.8641900647948199,0.005303476723629935,0.539121248025277
5000,3,1732,0.4682352941176471,0.798,0.28275863486228353,0.1884533333333332,0.8672366148531961,0.005196304849884526,0.5654304507641658
5000,3,1652,0.4964705882352941,0.8106666666666669,0.3040926088021764,0.17473623188405804,0.8831568998109678,0.006658595641646489,0.5234288035750577
5000,3,1648,0.5070588235294118,0.766,0.2653835371304335,0.18637896825396838,0.8689016393442641,0.0036407766990291263,0.6041575314656913
5000,3,1719,0.49411764705882355,0.7793333333333333,0.25420094275610616,0.2007384403036577,0.8152189781021945,0.005235602094240838,0.544539961013643
5000,3,1711,0.5294117647058824,0.7646666666666668,0.2777413600363251,0.19789333333333337,0.8743204577968537,0.004091174751607247,0.604407276995306
5000,3,1710,0.5105882352941177,0.7453333333333331,0.27480050778709997,0.18021212121212152,0.8690309555854655,0.0035087719298245615,0.6121165884194051
5000,3,1706,0.44941176470588234,0.7573333333333334,0.2763454092942308,0.18454314720812182,0.8599146514935994,0.004103165298944901,0.6103119482048235
5000,3,1688,0.4988235294117647,0.8306666666666669,0.27585705601837396,0.2071364317841068,0.8223121387283268,0.007701421800947867,0.500664676616914
5000,3,1753,0.46588235294117647,0.8173333333333331,0.2696838847599902,0.19853153153153125,0.8660327868852483,0.007415858528237307,0.46574521072796654
5000,3,1724,0.5047058823529412,0.802,0.29195390025845697,0.19301455301455275,0.8632784636488338,0.005220417633410673,0.5933527696792972
5000,3,1724,0.48,0.784,0.263156476679745,0.1956878306878303,0.8675112107623318,0.00580046403712297,0.5255387008945943
5000,3,1635,0.5023529411764706,0.7686666666666668,0.2811265392490734,0.18212931995540696,0.8921134020618556,0.0030581039755351682,0.6485480572597118
