academic-mobility-radius,Sch_Quality_Variation,total-teachers,teacher-turnover-rate,mean-school-vacancy-rate,satisfaction-inequality,mean-satisfaction-poor-schools,mean-satisfaction-good-schools,unemployment-rate,mean-satisfaction-all
5,0.1,862,0.4764705882352941,0.9519999999999998,0.1875903089446554,0.32479166666666665,0.7526873385012915,0.002320185614849188,0.5905852713178263
5,0.1,804,0.49176470588235294,0.9926666666666667,0.19467196842009643,0.33054913294797694,0.7535200000000012,0.004975124378109453,0.5110416666666664
5,0.1,844,0.48470588235294115,0.9826666666666669,0.18168635005100253,0.32735099337748375,0.7473333333333341,0.004739336492890996,0.5170515873015862
5,0.1,875,0.46,0.9720000000000001,0.19754972789118877,0.31539170506912495,0.777509689922481,0.0034285714285714284,0.5636544342507649
5,0.1,852,0.4611764705882353,0.9873333333333333,0.20301116137505867,0.31149999999999983,0.7726198439241926,0.0035211267605633804,0.5500588928150748
5,0.1,815,0.4988235294117647,0.9646666666666668,0.1997784498900847,0.27856353591160216,0.7587910189982716,0.0036809815950920245,0.5825246305418705
5,0.1,832,0.5,0.9519999999999997,0.17709400469379985,0.32468309859154937,0.7412389380530984,0.003605769230769231,0.5113912344189785
5,0.1,852,0.4976470588235294,0.9420000000000001,0.17192859229717483,0.33288888888888896,0.7593557422969196,0.002347417840375587,0.5361411764705881
5,0.1,856,0.4682352941176471,0.9780000000000001,0.17189232514180097,0.35059880239520985,0.736855600539812,0.0035046728971962616,0.5133880422039857
5,0.1,853,0.45647058823529413,0.9520000000000003,0.1969150570988246,0.2983333333333335,0.7455873015872998,0.0035169988276670576,0.5854784313725473
5,0.1,835,0.5058823529411764,0.9586666666666668,0.17743230222223427,0.29227272727272735,0.7362165963431794,0.003592814371257485,0.5327043269230753
5,0.1,848,0.5188235294117647,0.9580000000000001,0.18356539457580065,0.32982532751091703,0.7537473460721874,0.003537735849056604,0.5540986193293855
5,0.1,860,0.4717647058823529,0.9540000000000002,0.17498251377878524,0.29653179190751433,0.7630327868852459,0.0034883720930232558,0.5452197588486971
5,0.1,848,0.4505882352941176,0.9653333333333334,0.19322323062375227,0.3114527027027031,0.7671524966261817,0.00589622641509434,0.5133926453143528
5,0.1,879,0.4541176470588235,0.9593333333333336,0.1976441472695581,0.2881451612903224,0.7380362537764368,0.004550625711035267,0.5475466666666642
5,0.1,858,0.4576470588235294,0.9840000000000003,0.20605962250284568,0.30865517241379314,0.7554913294797686,0.0034965034965034965,0.5486237816764129
5,0.1,867,0.46588235294117647,0.932,0.17760927281349578,0.3165573770491805,0.7505309734513295,0.002306805074971165,0.5707398843930608
5,0.1,859,0.4411764705882353,0.9546666666666666,0.18576787226425845,0.30284999999999956,0.7433234421364985,0.002328288707799767,0.5702139245429807
5,0.1,848,0.48,0.97,0.1992501092829696,0.2939732142857139,0.7626545086119568,0.003537735849056604,0.5576528599605504
5,0.1,900,0.46,0.9606666666666664,0.19203342759184347,0.32205357142857205,0.7636257309941527,0.0044444444444444444,0.5189508928571409
5,0.1,900,0.46588235294117647,0.9520000000000001,0.16041073796534958,0.32370731707317024,0.7161129568106323,0.0022222222222222222,0.5483110616184074
5,0.1,856,0.49411764705882355,0.9813333333333335,0.20186941035460096,0.3061923076923079,0.8191433021806848,0.004672897196261682,0.5203247261345856
5,0.1,842,0.44588235294117645,0.9426666666666667,0.1844286323656704,0.2993999999999999,0.7578866474543718,0.0023752969121140144,0.5835595238095215
5,0.1,865,0.48470588235294115,0.9459999999999996,0.19430030897194578,0.29973684210526286,0.7703921568627451,0.003468208092485549,0.5664965197215751
5,0.1,856,0.4752941176470588,0.9673333333333333,0.20990180380414866,0.2982914572864324,0.7754095701540927,0.0035046728971962616,0.5826416568972242
5,0.1,863,0.4764705882352941,0.929333333333333,0.17946005169844967,0.3425503355704696,0.7709726156751642,0.0011587485515643105,0.5874284609435424
5,0.1,891,0.45294117647058824,0.9739999999999995,0.2011755266435854,0.2951623376623377,0.7518039215686273,0.005611672278338945,0.5182129420616997
5,0.1,864,0.5,0.9560000000000001,0.19479847163796035,0.33793918918918936,0.7731644144144143,0.003472222222222222,0.5417421602787448
5,0.1,880,0.49176470588235294,0.96,0.18197389609353296,0.29753846153846186,0.743125590179415,0.003409090909090909,0.5686126947928526
5,0.1,852,0.49058823529411766,0.9359999999999998,0.1676882752159591,0.3300000000000001,0.7724580335731427,0.002347417840375587,0.566156862745099
5,0.1,867,0.47058823529411764,0.9599999999999999,0.18844883735647244,0.3183743842364527,0.7645906432748544,0.002306805074971165,0.5646050096339089
5,0.1,854,0.5058823529411764,0.944,0.17764420815398146,0.28524822695035457,0.7670088719898605,0.00234192037470726,0.5719640062597788
5,0.1,872,0.48823529411764705,0.9693333333333332,0.18489280287896234,0.2856249999999999,0.7508215962441314,0.0034403669724770644,0.5471269658611425
5,0.1,858,0.4788235294117647,0.9659999999999999,0.1676247650308691,0.3320701754385967,0.720893081761008,0.0034965034965034965,0.5219142300194903
5,0.1,862,0.4811764705882353,0.9733333333333334,0.1622913388295065,0.3285358255451715,0.7038860103626955,0.004640371229698376,0.4933760683760665
5,0.1,856,0.47058823529411764,0.9766666666666667,0.20565512279463138,0.2931600000000003,0.7652922077922075,0.004672897196261682,0.5498708920187756
5,0.1,875,0.4647058823529412,0.9779999999999999,0.20074102147916958,0.3184636118598386,0.7595288574793877,0.005714285714285714,0.5037701149425283
5,0.1,854,0.5094117647058823,0.964,0.17390640155385967,0.31777777777777777,0.744839506172841,0.00234192037470726,0.5506064162754272
5,0.1,905,0.4329411764705882,0.9179999999999999,0.18283069073457214,0.2553153153153153,0.7773719806763292,0.0022099447513812156,0.5848947951273531
5,0.1,874,0.4717647058823529,0.9780000000000001,0.18825521034787482,0.28655172413793095,0.7285095669687823,0.003432494279176201,0.5501186375813222
5,0.1,875,0.4647058823529412,0.974,0.20851034827329573,0.31798029556650265,0.7909965635738824,0.002285714285714286,0.5829400534555174
5,0.1,862,0.4988235294117647,0.9580000000000001,0.1696880479284858,0.35382352941176526,0.7326594464500615,0.002320185614849188,0.5367248062015485
5,0.1,806,0.49058823529411766,0.9706666666666667,0.19003254061312697,0.30537634408602143,0.7627204301075278,0.0024813895781637717,0.5609784411276963
5,0.1,872,0.48823529411764705,0.9460000000000001,0.19615540895630568,0.29367816091954013,0.7680447889750209,0.0022935779816513763,0.5869693486590017
5,0.1,880,0.46588235294117647,0.9526666666666667,0.1934706491126883,0.30852272727272684,0.7728883291351794,0.0022727272727272726,0.5908618071374343
5,0.1,849,0.45529411764705885,0.9353333333333335,0.156941347367624,0.31625000000000014,0.7376208178438665,0.002355712603062426,0.5629870129870106
5,0.1,817,0.4929411764705882,0.9346666666666666,0.18335379825876572,0.2746846846846848,0.763135416666667,0.0024479804161566705,0.579390593047034
5,0.1,823,0.5023529411764706,0.9626666666666671,0.15725511170500345,0.34159817351598176,0.7274829931972797,0.002430133657351154,0.5353390174583836
5,0.1,878,0.48705882352941177,0.9786666666666668,0.20231571843116722,0.3089802631578948,0.754791666666668,0.004555808656036446,0.5412967200610213
5,0.1,882,0.4682352941176471,0.9733333333333337,0.16871999740075025,0.303571428571429,0.7140000000000013,0.003401360544217687,0.5424762988244196
5,0.3,856,0.4823529411764706,0.9733333333333334,0.26953738305908437,0.14473958333333356,0.802478632478634,0.005841121495327103,0.4996905601253436
5,0.3,865,0.4811764705882353,0.95,0.3000965172502108,0.10574074074074091,0.8649568965517273,0.003468208092485549,0.6254988399071945
5,0.3,872,0.47294117647058825,0.9679999999999997,0.2834711870020989,0.14188284518828437,0.8493706293706313,0.0045871559633027525,0.52378648233487
5,0.3,918,0.4647058823529412,0.9386666666666668,0.2920581262564656,0.14150259067357498,0.8576637554585183,0.0032679738562091504,0.6055336976320592
5,0.3,819,0.4611764705882353,0.9560000000000001,0.25074497327275913,0.10393333333333349,0.8145384615384645,0.003663003663003663,0.5567401960784328
5,0.3,848,0.48,0.9446666666666662,0.2734647000804046,0.17629213483146056,0.8359183673469421,0.003537735849056604,0.6117790927021715
5,0.3,864,0.4717647058823529,0.9393333333333336,0.2788516592669753,0.1497791164658634,0.8468618266978967,0.003472222222222222,0.6096128532713943
5,0.3,865,0.45176470588235296,0.9619999999999997,0.27505626303956987,0.1343493761140817,0.8305278592375398,0.003468208092485549,0.5622467130703822
5,0.3,847,0.4823529411764706,0.97,0.29926391648458134,0.15010703363914335,0.8555405405405432,0.004722550177095631,0.5707631474891274
5,0.3,864,0.49411764705882355,0.9713333333333336,0.29395262073143263,0.14327891156462572,0.8227520435967333,0.004629629629629629,0.5491162790697693
5,0.3,866,0.46941176470588236,0.9580000000000003,0.2760151565635559,0.13951111111111084,0.8507228915662677,0.004618937644341801,0.5204601701469469
5,0.3,903,0.47058823529411764,0.9486666666666669,0.24032797207667525,0.16203319502074684,0.8284126984126987,0.004429678848283499,0.4895142751205047
5,0.3,867,0.4976470588235294,0.9653333333333333,0.2743950046403571,0.16517189835575488,0.828825214899717,0.00461361014994233,0.5558671301660894
5,0.3,827,0.49411764705882355,0.9466666666666664,0.2736459397767742,0.12253041362530426,0.8348905109489081,0.0024183796856106408,0.6047232323232352
5,0.3,899,0.46588235294117647,0.9606666666666668,0.2851238677518188,0.14076923076923054,0.8408309455587408,0.004449388209121246,0.5486517690875243
5,0.3,859,0.49411764705882355,0.9780000000000001,0.27926742811434996,0.15323383084577086,0.8478193146417471,0.0034924330616996507,0.5585202492211859
5,0.3,845,0.46941176470588236,0.9746666666666663,0.30960703666632094,0.13481638418079062,0.862247838616716,0.004733727810650888,0.5521482362267138
5,0.3,861,0.45529411764705885,0.98,0.3034313168946713,0.13973621103117506,0.8488659793814465,0.005807200929152149,0.5158683800623065
5,0.3,874,0.4447058823529412,0.96,0.2815214005665735,0.13435460992907755,0.8463565891472896,0.004576659038901602,0.5271226053639855
5,0.3,877,0.47411764705882353,0.9560000000000001,0.2767595828297252,0.15743691899070403,0.8464056939501804,0.005701254275940707,0.5174885321100925
5,0.3,851,0.4988235294117647,0.958,0.28359013161105034,0.13399999999999987,0.8367256637168159,0.0035252643948296123,0.5554441823899381
5,0.3,878,0.46705882352941175,1.0040000000000004,0.28332725237692125,0.16248084291187773,0.8392957746478884,0.00683371298405467,0.45889908256880796
5,0.3,853,0.4752941176470588,0.9660000000000001,0.31848187451193893,0.10233009708737856,0.8798938992042484,0.004689331770222743,0.5782253631723617
5,0.3,823,0.4858823529411765,0.964,0.26008714189943916,0.15048387096774188,0.8418852459016406,0.0036452004860267314,0.5405121951219533
5,0.3,910,0.49176470588235294,0.9693333333333334,0.30538217825873015,0.130142671854734,0.8413984168865469,0.005494505494505495,0.5398158379373864
5,0.3,860,0.4752941176470588,0.9713333333333335,0.2668001630824521,0.18143478260869575,0.8375694444444481,0.004651162790697674,0.5322468847352043
5,0.3,857,0.4623529411764706,0.9619999999999999,0.27988389135505587,0.16258941344778247,0.8497952218430062,0.004667444574095682,0.5350136772176648
5,0.3,854,0.4811764705882353,0.977333333333333,0.3090730358367224,0.1090404040404039,0.8615404040404071,0.00468384074941452,0.5836862745098067
5,0.3,857,0.4894117647058824,0.9739999999999998,0.25318120537509053,0.1332028985507243,0.813586956521739,0.004667444574095682,0.4948456428292303
5,0.3,886,0.48,0.9606666666666668,0.28656003052552925,0.15943502824858763,0.8545396825396855,0.004514672686230248,0.544875283446714
5,0.3,863,0.4776470588235294,0.958,0.24948448806273793,0.13214990138067054,0.829832635983265,0.0034762456546929316,0.5398178294573657
5,0.3,850,0.46,0.9546666666666668,0.28769300233244194,0.12693181818181795,0.8540760869565254,0.0035294117647058825,0.588795749704842
5,0.3,861,0.46941176470588236,0.9460000000000001,0.2623689723841542,0.15745945945945922,0.8356122448979615,0.003484320557491289,0.5567987567987596
5,0.3,895,0.4752941176470588,0.968,0.3162171954940282,0.13814536340852113,0.8546632124352356,0.00558659217877095,0.5498464419475656
5,0.3,887,0.48470588235294115,0.9466666666666667,0.2425916184172077,0.13019047619047605,0.8356647398843925,0.004509582863585118,0.490634201585504
5,0.3,880,0.48705882352941177,0.9586666666666666,0.2735984765057627,0.14082051282051267,0.8340111420612836,0.003409090909090909,0.5639072595971144
5,0.3,851,0.4611764705882353,0.9433333333333331,0.25232116913249075,0.14792960662525878,0.8157988165680502,0.0035252643948296123,0.5767767295597507
5,0.3,805,0.4788235294117647,0.9780000000000001,0.2967508204741383,0.15388646288209598,0.8367897727272762,0.004968944099378882,0.5584311277569733
5,0.3,845,0.4611764705882353,0.98,0.2911865806897035,0.1316845878136199,0.823333333333336,0.005917159763313609,0.5003888888888891
5,0.3,854,0.49176470588235294,0.9293333333333333,0.24321730677981623,0.1230678466076697,0.823547486033523,0.00234192037470726,0.5996439749608806
5,0.3,856,0.48470588235294115,0.9646666666666668,0.28271601432580534,0.13888386123680224,0.8535793357933603,0.004672897196261682,0.5400312989045395
5,0.3,868,0.44,0.9413333333333332,0.2809305999358281,0.13203155818540432,0.84494791666667,0.0034562211981566822,0.5882003853564572
5,0.3,863,0.45647058823529413,0.94,0.25179929283924607,0.13557823129251703,0.8238764044943864,0.0034762456546929316,0.5802286821705441
5,0.3,831,0.4835294117647059,0.9386666666666671,0.22515385248237274,0.17006172839506173,0.8294594594594609,0.0024067388688327317,0.5882066747084869
5,0.3,913,0.46705882352941175,0.9480000000000005,0.262232568149057,0.1492703862660942,0.8529223744292238,0.004381161007667032,0.5101576824349112
5,0.3,853,0.4752941176470588,0.951333333333333,0.2688247361857635,0.15090136054421746,0.819757575757579,0.0035169988276670576,0.5535137254901971
5,0.3,873,0.49176470588235294,0.9646666666666666,0.2867086594613008,0.15380577427821543,0.8301863354037288,0.0057273768613974796,0.5270622119815692
5,0.3,859,0.4976470588235294,0.9833333333333332,0.322865067397096,0.12202020202020182,0.8676168224299103,0.004656577415599534,0.5795126705653049
5,0.3,829,0.4858823529411765,0.9446666666666665,0.26823291331592275,0.1404089979550101,0.8306824925816055,0.0036188178528347406,0.5723527037933841
5,0.3,836,0.5,0.9880000000000001,0.3090153976890586,0.12543999999999972,0.8461445783132562,0.004784688995215311,0.5383974358974364
5,0.5,861,0.4788235294117647,0.8886666666666667,0.16536361508036745,0,0.8502417962003495,0,0.7443321718931494
5,0.5,859,0.4647058823529412,0.886,0.15932854342874722,0,0.8368795620437994,0,0.7307295304617777
5,0.5,808,0.49529411764705883,0.8933333333333331,0.18125185600601373,0,0.8575434243176212,0,0.6825453795379554
5,0.5,889,0.46,0.8833333333333333,0.16677578503843532,0,0.8377929687500034,0,0.7107836520434958
5,0.5,866,0.5047058823529412,0.8873333333333333,0.1798130406655427,0,0.854792899408288,0,0.7133294842186326
5,0.5,833,0.49058823529411766,0.8913333333333333,0.18595186175944303,0,0.8583495145631103,0,0.7241016406562654
5,0.5,848,0.46588235294117647,0.8873333333333331,0.17535489006377175,0,0.8543750000000015,0,0.6833254716981138
5,0.5,878,0.47058823529411764,0.8866666666666667,0.17362010440405906,0,0.846568627450982,0,0.6726993166287024
5,0.5,820,0.4976470588235294,0.8920000000000001,0.18014754501002261,0,0.8547262247838641,0,0.6580000000000028
5,0.5,846,0.48705882352941177,0.8866666666666665,0.16510521708823955,0,0.8352267818574549,0,0.701367218282115
5,0.5,871,0.48470588235294115,0.886,0.17015500096522537,0,0.8477071823204453,0,0.6608725602755458
5,0.5,864,0.5011764705882353,0.8866666666666667,0.17129787881009334,0,0.8498123324396816,0,0.6689120370370398
5,0.5,854,0.4576470588235294,0.8886666666666667,0.1737074956072183,0,0.8515011037527619,0,0.6976034348165513
5,0.5,849,0.45529411764705885,0.8866666666666668,0.15739560831005112,0,0.8218942731277576,0,0.6935257165292521
5,0.5,876,0.45294117647058824,0.8866666666666665,0.18169785712842573,0,0.8524316939890726,0,0.6568150684931513
5,0.5,862,0.49529411764705883,0.8880000000000001,0.17483010775352922,0,0.8381367924528321,0,0.6768368136117567
5,0.5,853,0.4788235294117647,0.8886666666666664,0.15447482746362476,0,0.824488636363638,0,0.6581398983978128
5,0.5,876,0.46588235294117647,0.8860000000000002,0.15536179740082257,0,0.8415492957746499,0,0.6351407914764094
5,0.5,859,0.48705882352941177,0.8880000000000001,0.17336766848595286,0,0.84449122807018,0,0.7331819945673265
5,0.5,877,0.47058823529411764,0.8866666666666668,0.18338006764296202,0,0.8472082379862741,0,0.6783656404408989
5,0.5,880,0.49529411764705883,0.8866666666666667,0.17348612680431408,0,0.8466732673267362,0,0.7112803030303053
5,0.5,854,0.4752941176470588,0.8866666666666667,0.162143513561082,0,0.8294273127753345,0,0.6880952380952406
5,0.5,853,0.4764705882352941,0.8866666666666667,0.14425740129674708,0,0.8158262711864451,0,0.7029542790152382
5,0.5,805,0.5047058823529412,0.8953333333333332,0.17020640839870807,0,0.8293462469733689,0,0.6769233954451389
5,0.5,869,0.46352941176470586,0.8873333333333333,0.16077451616045355,0,0.833221153846156,0,0.6763789796701211
5,0.5,840,0.4964705882352941,0.8873333333333333,0.17154460666096494,0,0.8344159544159566,0,0.6498571428571465
5,0.5,854,0.46352941176470586,0.8866666666666667,0.17658358827697232,0,0.8464594594594613,0,0.6633411397345833
5,0.5,821,0.4858823529411765,0.8940000000000001,0.17980137845446723,0,0.8521446384039949,0,0.6786479902557878
5,0.5,849,0.4776470588235294,0.8866666666666667,0.18787126794341308,0,0.8735670103092801,0,0.7234864546525327
5,0.5,872,0.4964705882352941,0.8866666666666667,0.15777636461939,0,0.8304036697247756,0,0.71691513761468
5,0.5,858,0.46705882352941175,0.8866666666666668,0.17743940373707695,0,0.8422309711286116,0,0.6698951048951067
5,0.5,840,0.49176470588235294,0.89,0.1517066840526972,0,0.8197624190064831,0,0.7018095238095244
5,0.5,853,0.4623529411764706,0.8866666666666667,0.15498246732723453,0,0.8223880597014983,0,0.6990816725283335
5,0.5,848,0.49058823529411766,0.8879999999999999,0.1702278512881886,0,0.8460402684563805,0,0.6946855345911976
5,0.5,859,0.46705882352941175,0.8866666666666667,0.16789942398432453,0,0.8367699115044266,0,0.6927706635622853
5,0.5,856,0.46941176470588236,0.8866666666666667,0.14779067509337745,0,0.8096187683284484,0,0.655218068535827
5,0.5,874,0.4717647058823529,0.8873333333333333,0.16411978476690217,0,0.8455681818181852,0,0.7220175438596517
5,0.5,863,0.52,0.8880000000000001,0.17464051044206755,0,0.8481509433962291,0,0.7257126303592125
5,0.5,848,0.4764705882352941,0.8873333333333335,0.14682364360011863,0,0.8222829581993587,0,0.6434473270440282
5,0.5,855,0.49529411764705883,0.8866666666666667,0.1546314781121796,0,0.8281381381381403,0,0.6508732943469806
5,0.5,869,0.4776470588235294,0.8873333333333333,0.16006109834435572,0,0.8250000000000035,0,0.7055005753739934
5,0.5,876,0.4823529411764706,0.8840000000000001,0.17490109104965254,0,0.856575591985431,0,0.733424657534247
5,0.5,807,0.4788235294117647,0.894,0.17105136940450322,0,0.8332596685082898,0,0.6625980999586975
5,0.5,878,0.49176470588235294,0.884,0.18480742982273188,0,0.8546888888888906,0,0.6939141989369789
5,0.5,870,0.4776470588235294,0.8880000000000001,0.15626081492993246,0,0.8254404145077754,0,0.6590421455938722
5,0.5,858,0.46941176470588236,0.8866666666666665,0.17538514254099705,0,0.8412723214285739,0,0.6870473970473994
5,0.5,840,0.5070588235294118,0.8879999999999999,0.17080761712588208,0,0.832620689655177,0,0.6831190476190485
5,0.5,909,0.42823529411764705,0.88,0.1545384763931747,0,0.8304950495049551,0,0.7027539420608719
5,0.5,878,0.46941176470588236,0.8873333333333335,0.14160485256742517,0,0.8064108352144517,0,0.6859567198177676
5,0.5,865,0.4776470588235294,0.8873333333333335,0.16029466702868556,0,0.8308244680851093,0,0.6637418111753394
5,0.7,840,0.4858823529411765,0.8880000000000001,0.1593845526451607,0,0.8192569659442746,0,0.6421349206349247
5,0.7,815,0.5047058823529412,0.893333333333333,0.17311611350110867,0,0.8521715817694389,0,0.6758813905930493
5,0.7,858,0.48,0.8873333333333333,0.16433794308200012,0,0.8441763341067314,0,0.6971522921522937
5,0.7,822,0.49176470588235294,0.89,0.16668992337932692,0,0.8394153225806483,0,0.7132887266828872
5,0.7,849,0.4623529411764706,0.8866666666666667,0.18640359157160588,0,0.8629875518672214,0,0.708629760502554
5,0.7,867,0.4717647058823529,0.8873333333333333,0.166230424173503,0,0.8504792332268396,0,0.643552479815456
5,0.7,876,0.48,0.8866666666666667,0.17777723021224703,0,0.8681944444444437,0,0.6336605783866069
5,0.7,854,0.46588235294117647,0.8880000000000001,0.179079183397992,0,0.8538902743142176,0,0.6794106167057012
5,0.7,863,0.4717647058823529,0.8866666666666668,0.17387238542286765,0,0.8618506493506523,0,0.6465546543066835
5,0.7,833,0.47294117647058825,0.8886666666666667,0.18392199945164622,0,0.8481473214285752,0,0.6932412965186089
5,0.7,864,0.48,0.8866666666666667,0.17134698972787035,0,0.833802469135806,0,0.6691435185185205
5,0.7,798,0.4835294117647059,0.894,0.15525900111345167,0,0.822178899082572,0,0.6944193817878048
5,0.7,855,0.4752941176470588,0.8866666666666667,0.17345966127601842,0,0.8410572687224684,0,0.6954346978557512
5,0.7,832,0.49529411764705883,0.8906666666666668,0.1738682771962448,0,0.8295843520782418,0,0.6666706730769254
5,0.7,869,0.47411764705882353,0.8866666666666667,0.1541213185461775,0,0.8484453781512622,0,0.6141158419639458
5,0.7,825,0.48,0.8933333333333335,0.17444702117928618,0,0.8362107623318428,0,0.6905373737373768
5,0.7,835,0.4447058823529412,0.894,0.15627301995879286,0,0.8292671394799095,0,0.6834730538922185
5,0.7,859,0.4894117647058824,0.8873333333333333,0.1599868626976699,0,0.8265217391304366,0,0.672398137369035
5,0.7,851,0.4788235294117647,0.8866666666666667,0.17116405494903564,0,0.8395173745173775,0,0.71955346650999
5,0.7,880,0.48823529411764705,0.8873333333333335,0.17356058289080262,0,0.841300000000004,0,0.6668106060606082
5,0.7,822,0.4823529411764706,0.8940000000000001,0.18059697396697502,0,0.8578028747433311,0,0.7164679643146821
5,0.7,816,0.49411764705882355,0.8939999999999998,0.16120443857188704,0,0.831483050847463,0,0.7033210784313746
5,0.7,857,0.4717647058823529,0.8873333333333333,0.1873140215143094,0,0.854121093750003,0,0.7137067288992633
5,0.7,865,0.48705882352941177,0.8873333333333333,0.16777039533835394,0,0.8373960612691502,0,0.6917726396917167
5,0.7,853,0.5,0.8873333333333333,0.15481613288019627,0,0.8268235294117678,0,0.6530089878858951
5,0.7,839,0.4541176470588235,0.8926666666666667,0.16597057247602273,0,0.8376836158192121,0,0.6590703218116827
5,0.7,859,0.48470588235294115,0.8866666666666667,0.15827621947372902,0,0.8281704260651647,0,0.6763096623981377
5,0.7,834,0.48,0.8920000000000001,0.1569401087121275,0,0.8218689320388399,0,0.6800319744204661
5,0.7,832,0.4929411764705882,0.8919999999999997,0.17148512456462098,0,0.8351734104046253,0,0.6510616987179503
5,0.7,849,0.5011764705882353,0.8866666666666668,0.16873090495123697,0,0.8498882681564262,0,0.6660659599528872
5,0.7,856,0.49176470588235294,0.8866666666666668,0.18219658342718795,0,0.8450812064965229,0,0.6831736760124647
5,0.7,855,0.4964705882352941,0.8880000000000001,0.1705379982343418,0,0.8519950738916288,0,0.6858245614035097
5,0.7,833,0.46941176470588236,0.8873333333333335,0.1665856620874836,0,0.8262155963302784,0,0.6819407763105256
5,0.7,852,0.4682352941176471,0.8866666666666668,0.16708763321037395,0,0.831096345514953,0,0.6303638497652594
5,0.7,846,0.4752941176470588,0.8866666666666665,0.16375871342475096,0,0.8415517241379328,0,0.7045271867612297
5,0.7,866,0.5011764705882353,0.8879999999999999,0.1578498440431596,0,0.8180718954248379,0,0.6345573518090848
5,0.7,856,0.5070588235294118,0.8873333333333335,0.1630618874720389,0,0.828448687350839,0,0.6830179127725862
5,0.7,818,0.4811764705882353,0.8953333333333334,0.16766306536718895,0,0.8369926650366792,0,0.6796088019559922
5,0.7,882,0.4764705882352941,0.8866666666666667,0.16157259844401148,0,0.827327394209356,0,0.6911262282690871
5,0.7,902,0.47411764705882353,0.8806666666666668,0.18447255988737107,0,0.8612180746561925,0,0.7067849223946805
5,0.7,903,0.4976470588235294,0.8806666666666666,0.16825663950889846,0,0.8342857142857164,0,0.7233702473237369
5,0.7,863,0.48470588235294115,0.8866666666666667,0.18197347597462032,0,0.8466900175131385,0,0.728706064117421
5,0.7,856,0.4788235294117647,0.8866666666666667,0.17396178509773635,0,0.8531005586592205,0,0.6624805295950182
5,0.7,865,0.4776470588235294,0.8873333333333333,0.1558869195972363,0,0.8200884955752232,0,0.650377649325629
5,0.7,859,0.49411764705882355,0.8879999999999999,0.16752109842479904,0,0.839855595667874,0,0.7306286379511047
5,0.7,860,0.4682352941176471,0.8866666666666667,0.1696880811230062,0,0.8526086956521777,0,0.695875968992249
5,0.7,844,0.4717647058823529,0.8880000000000001,0.1555653970039964,0,0.8257790368271993,0,0.6586966824644576
5,0.7,878,0.42470588235294116,0.8866666666666667,0.15981787937028383,0,0.8321413276231294,0,0.6952467729688682
5,0.7,868,0.4764705882352941,0.8880000000000001,0.1932251247114517,0,0.8675757575757591,0,0.7240207373271897
5,0.7,868,0.4682352941176471,0.8866666666666668,0.1662470356316044,0,0.8305080831408809,0,0.6822849462365612
10,0.1,902,0.47411764705882353,0.9873333333333335,0.20001490891322465,0.3336220472440953,0.7595386389850061,0.004434589800443459,0.5225909428359281
10,0.1,860,0.5105882352941177,0.9886666666666667,0.18628663746372487,0.3150909090909092,0.7261392405063305,0.004651162790697674,0.533991433021803
10,0.1,866,0.48,0.9793333333333336,0.203168267625365,0.27820408163265303,0.7577246871444838,0.004618937644341801,0.5485614849187912
10,0.1,900,0.48705882352941177,0.9726666666666666,0.19360338084785486,0.29003484320557504,0.7303546099290791,0.005555555555555556,0.5204543761638725
10,0.1,860,0.4470588235294118,0.9793333333333336,0.19891112047633547,0.3085972850678735,0.7644939647168054,0.0034883720930232558,0.569257098405287
10,0.1,889,0.4717647058823529,0.9500000000000002,0.20886380637034085,0.3001052631578949,0.7788262910798118,0.0044994375703037125,0.540542372881356
10,0.1,909,0.43411764705882355,0.9526666666666666,0.20869535601223457,0.284920634920635,0.779725829725827,0.0033003300330033004,0.6084657836644582
10,0.1,845,0.4823529411764706,0.9493333333333331,0.18189113381233507,0.3302991452991452,0.765997521685255,0.002366863905325444,0.5411032028469732
10,0.1,866,0.48705882352941177,0.9593333333333331,0.18242599911581422,0.3438059701492539,0.7531519274376436,0.0023094688221709007,0.5366473765432097
10,0.1,895,0.44941176470588234,0.948,0.1988859592473851,0.3070506912442394,0.7671070811744376,0.0033519553072625698,0.5732585949177856
10,0.1,856,0.4752941176470588,0.9559999999999998,0.18122913125694312,0.30116504854368936,0.7457976190476198,0.0035046728971962616,0.5452129738178965
10,0.1,840,0.4682352941176471,0.9380000000000002,0.1663393833833693,0.2992957746478874,0.7612121212121228,0.002380952380952381,0.5568973747016704
10,0.1,872,0.4929411764705882,0.9673333333333335,0.2026506997357109,0.3069191919191921,0.7802882882882884,0.0022935779816513763,0.5884712643678153
10,0.1,876,0.4588235294117647,0.9520000000000003,0.1869392059608767,0.31281250000000005,0.7342610837438407,0.003424657534246575,0.5712562046582652
10,0.1,845,0.49411764705882355,0.9420000000000001,0.19202076317208192,0.3011627906976744,0.7661761761761765,0.0035502958579881655,0.5674228028503553
10,0.1,869,0.4611764705882353,0.9713333333333335,0.19048167828274706,0.31085987261146486,0.7342571785268422,0.004602991944764097,0.515842003853564
10,0.1,854,0.4811764705882353,0.9366666666666669,0.18744083653983343,0.3162948207171318,0.7454787878787886,0.00351288056206089,0.5378965922444169
10,0.1,870,0.4858823529411765,0.9353333333333335,0.18307726084574608,0.3376073619631901,0.7539566395663917,0.0022988505747126436,0.6113594470046054
10,0.1,804,0.4964705882352941,1.0079999999999998,0.20863754162268455,0.3009198813056383,0.7523616734143054,0.006218905472636816,0.5104630788485589
10,0.1,886,0.4541176470588235,0.9693333333333332,0.2126283312884977,0.30022988505747134,0.8023114355231146,0.004514672686230248,0.5410770975056689
10,0.1,852,0.5,0.9860000000000002,0.2082824619262477,0.28575562700964596,0.7838023450586274,0.005868544600938967,0.5110192837465561
10,0.1,871,0.4764705882352941,0.9439999999999997,0.1874009517108456,0.3070935960591133,0.7470970695970691,0.003444316877152698,0.5636597542242683
10,0.1,815,0.4835294117647059,0.9633333333333334,0.19685599800899445,0.29783919597989955,0.7450964912280699,0.0036809815950920245,0.5727627257799633
10,0.1,868,0.4788235294117647,0.9766666666666669,0.1914233270624982,0.3240816326530616,0.7418072289156631,0.0034562211981566822,0.5412562620423867
10,0.1,852,0.4611764705882353,0.9466666666666667,0.1878603868890025,0.29975000000000007,0.7636463620981392,0.002347417840375587,0.5938392156862731
10,0.1,847,0.48470588235294115,0.9880000000000003,0.18189196163103105,0.3213354037267081,0.7398067632850251,0.004722550177095631,0.5093554764729133
10,0.1,851,0.48705882352941177,0.976666666666667,0.20014714465581623,0.3156953642384108,0.7525624321389809,0.004700352526439483,0.5357654466745367
10,0.1,842,0.4776470588235294,0.9606666666666668,0.18092022814905584,0.31273437500000006,0.7484835479256088,0.0035629453681710215,0.5261541517679761
10,0.1,847,0.4776470588235294,0.9666666666666665,0.21797859129034233,0.3268867924528305,0.7838218390804579,0.004722550177095631,0.5505456702253849
10,0.1,878,0.4682352941176471,0.9440000000000002,0.20228495098447494,0.2924083769633506,0.7894642857142862,0.003416856492027335,0.5759847619047607
10,0.1,865,0.48705882352941177,0.9453333333333336,0.1562310851139336,0.3098989898989896,0.747265469061877,0.0023121387283236996,0.5191772885283891
10,0.1,850,0.4647058823529412,0.9926666666666669,0.18401581429679556,0.31776729559748473,0.7547546531302883,0.004705882352941176,0.4950354609929076
10,0.1,850,0.4811764705882353,0.9713333333333333,0.19140042646667363,0.2892028985507249,0.7355105105105114,0.004705882352941176,0.5150748620961362
10,0.1,852,0.4788235294117647,0.9899999999999998,0.21748053538781076,0.29658862876254205,0.7752786540483713,0.004694835680751174,0.5413050314465402
10,0.1,828,0.5070588235294118,0.944,0.19332930170044468,0.2779761904761903,0.74012793176972,0.0024154589371980675,0.6087046004842591
10,0.1,866,0.49411764705882355,0.9546666666666666,0.20215946177440142,0.3050467289719629,0.7588420181968558,0.003464203233256351,0.5759598300502103
10,0.1,830,0.4588235294117647,0.9560000000000002,0.19194239574600286,0.29698863636363615,0.7556917363045499,0.0036144578313253013,0.5664530431277702
10,0.1,854,0.5152941176470588,0.9226666666666667,0.16680940734431107,0.30094827586206896,0.7320033670033654,0.00117096018735363,0.59322000781555
10,0.1,843,0.4717647058823529,0.9466666666666669,0.17725843147536618,0.328449197860963,0.7448112189859768,0.002372479240806643,0.556730083234243
10,0.1,850,0.5094117647058823,0.9413333333333335,0.17170792930607218,0.332181818181818,0.744313232830819,0.0035294117647058825,0.5956001574183368
10,0.1,845,0.5047058823529412,0.9659999999999999,0.1997965015129205,0.29991150442477893,0.7890456989247316,0.0035502958579881655,0.5436579572446544
10,0.1,897,0.48470588235294115,0.9373333333333332,0.18065191544151482,0.3040314136125652,0.7405524861878461,0.0033444816053511705,0.5694332587621176
10,0.1,868,0.4764705882352941,0.9780000000000003,0.19944913998917788,0.3269836065573772,0.7696234772978973,0.0034562211981566822,0.5378188824662806
10,0.1,844,0.48470588235294115,0.964,0.17095023160542838,0.30802521008403405,0.7254027777777783,0.0035545023696682463,0.5245818470075292
10,0.1,884,0.44588235294117645,0.9426666666666667,0.18328533836735683,0.3020814479638006,0.7454333333333343,0.003393665158371041,0.5569958380628044
10,0.1,858,0.4835294117647059,0.9553333333333333,0.1674113670195476,0.29794285714285723,0.7345964912280711,0.0034965034965034965,0.5495711500974643
10,0.1,818,0.46705882352941175,0.9613333333333333,0.1916644902617631,0.32510288065843645,0.7505309734513285,0.003667481662591687,0.5586503067484644
10,0.1,824,0.49529411764705883,0.9826666666666669,0.2053162222868456,0.2962770562770563,0.7705396825396835,0.0048543689320388345,0.5538577235772342
10,0.1,857,0.48470588235294115,0.996,0.20654299845124122,0.30914772727272705,0.7428603603603608,0.005834305717619603,0.5131416275430363
10,0.1,866,0.4647058823529412,0.9566666666666667,0.1723769464324905,0.32497716894977174,0.7404250559284129,0.003464203233256351,0.5480996523754329
10,0.3,874,0.4717647058823529,0.9386666666666668,0.27384040833579365,0.167326007326007,0.8336170212765981,0.003432494279176201,0.5933141982395732
10,0.3,872,0.4717647058823529,0.9573333333333333,0.26141457592222117,0.09143939393939404,0.8643494423791844,0.0022935779816513763,0.5659808429118789
10,0.3,900,0.46941176470588236,0.9366666666666671,0.2583594955024339,0.16440613026819917,0.8942731277533029,0.0033333333333333335,0.5449535488665939
10,0.3,830,0.48470588235294115,0.9546666666666668,0.2826402335448396,0.13505464480874282,0.8231095406360447,0.004819277108433735,0.5135794995964482
10,0.3,868,0.4764705882352941,0.9613333333333338,0.2820101373774936,0.11664621676891608,0.8424750000000032,0.0034562211981566822,0.5943853564547231
10,0.3,888,0.47411764705882353,0.9460000000000001,0.28380733016234583,0.13386809269162184,0.8474242424242467,0.0033783783783783786,0.5789642184557473
10,0.3,899,0.49411764705882355,0.9700000000000002,0.3023895229802223,0.14015384615384624,0.8600000000000035,0.0055617352614015575,0.5436950037285619
10,0.3,867,0.5105882352941177,0.9553333333333336,0.3180027668216106,0.12919999999999976,0.8557528089887667,0.00461361014994233,0.5839397450753213
10,0.3,873,0.45176470588235296,0.955333333333333,0.27421320783505226,0.1136965811965812,0.833512820512822,0.003436426116838488,0.5896321839080478
10,0.3,877,0.4752941176470588,0.97,0.28386463362146797,0.15007575757575756,0.8566666666666674,0.004561003420752566,0.5104200076365017
10,0.3,864,0.47058823529411764,0.9319999999999999,0.2582264984566656,0.1783006535947712,0.8401466992665055,0.0023148148148148147,0.6158546017014708
10,0.3,877,0.4811764705882353,0.9406666666666667,0.24871549171132185,0.18440104166666654,0.8166244725738413,0.004561003420752566,0.49489499809087545
10,0.3,845,0.4752941176470588,0.9673333333333333,0.26442688578794565,0.14268656716417907,0.8332352941176493,0.004733727810650888,0.5313634562029342
10,0.3,864,0.4435294117647059,0.9706666666666668,0.27182802367766734,0.14442148760330575,0.8113432835820922,0.004629629629629629,0.5207403100775221
10,0.3,866,0.4411764705882353,0.9600000000000002,0.27540369008517057,0.13941628264208883,0.8515579710144936,0.004618937644341801,0.5254331013147734
10,0.3,824,0.49529411764705883,0.9586666666666668,0.2739852656430436,0.11950216450216454,0.8412650602409663,0.0036407766990291263,0.5722858302882683
10,0.3,904,0.44823529411764707,0.9573333333333335,0.2890683760782081,0.16228395061728398,0.8293243243243268,0.0055309734513274336,0.5451130886169833
10,0.3,887,0.4505882352941176,0.9493333333333334,0.29594274000083937,0.13300653594771222,0.8508883248731,0.0033821871476888386,0.5832164404223249
10,0.3,883,0.45647058823529413,0.9826666666666667,0.3113107220911687,0.1557792946530148,0.8692879256965969,0.0056625141562853904,0.5292786636294612
10,0.3,868,0.45294117647058824,0.9659999999999999,0.29193182207820223,0.13339393939393918,0.8752721088435379,0.004608294930875576,0.5410532407407405
10,0.3,872,0.48,0.9606666666666664,0.2450303537154471,0.1588095238095236,0.8160096153846167,0.0045871559633027525,0.501451612903226
10,0.3,852,0.49176470588235294,0.9826666666666669,0.31614077518312067,0.14367521367521385,0.860977653631287,0.005868544600938967,0.5405667060212521
10,0.3,875,0.47294117647058825,0.95,0.2564709341439601,0.1608823529411765,0.849852216748769,0.004571428571428572,0.4955300420972074
10,0.3,859,0.4929411764705882,0.9673333333333333,0.26110564951454596,0.13480446927374287,0.8135015772870685,0.0034924330616996507,0.5531542056074804
10,0.3,857,0.4894117647058824,0.9626666666666669,0.25300626500294054,0.16500891265597115,0.8512446351931359,0.003500583430571762,0.5305893832943025
10,0.3,858,0.4823529411764706,0.95,0.24746794045892187,0.1476818950930624,0.8186016949152566,0.0034965034965034965,0.5167953216374275
10,0.3,848,0.4788235294117647,0.994,0.30693527309383745,0.1639059304703479,0.8484965034965053,0.007075471698113208,0.5001979414093427
10,0.3,838,0.4988235294117647,0.93,0.23850422603874197,0.10566343042071202,0.8225490196078471,0.002386634844868735,0.6168460925039903
10,0.3,868,0.49058823529411766,0.9366666666666664,0.24538186854474697,0.13111904761904758,0.817249190938514,0.002304147465437788,0.5657159353348741
10,0.3,848,0.48,0.9539999999999997,0.24939992231315142,0.19201680672268917,0.80028268551237,0.0047169811320754715,0.5167575039494477
10,0.3,921,0.4717647058823529,0.9846666666666666,0.2625555775682376,0.192673267326733,0.8118150684931544,0.0054288816503800215,0.5074235807860281
10,0.3,860,0.45647058823529413,0.9600000000000002,0.27898120361267276,0.118232323232323,0.8371704180064329,0.004651162790697674,0.5479711838006249
10,0.3,884,0.46941176470588236,0.9926666666666667,0.2874033962955945,0.16469879518072295,0.8689795918367343,0.006787330316742082,0.4755656795747917
10,0.3,900,0.4470588235294118,0.9566666666666667,0.2839106302190591,0.14349131121642944,0.824964539007097,0.0044444444444444444,0.5892745535714307
10,0.3,859,0.49176470588235294,0.9526666666666667,0.2517671017317132,0.1615295815295816,0.8189451476793267,0.004656577415599534,0.5034619883040959
10,0.3,862,0.4505882352941176,0.9626666666666667,0.28941124069517704,0.1537298091042583,0.8412711864406821,0.004640371229698376,0.5612237762237763
10,0.3,869,0.49411764705882355,0.9506666666666667,0.278685238984317,0.17183098591549287,0.8340097799511056,0.004602991944764097,0.5820231213872863
10,0.3,835,0.47411764705882353,0.9686666666666668,0.30775014084288077,0.14744121715076064,0.8419191919191956,0.004790419161676647,0.5653188929001215
10,0.3,871,0.46,0.9900000000000002,0.31713955813841893,0.11163999999999964,0.8545507246376828,0.0057405281285878304,0.542347959969208
10,0.3,893,0.4752941176470588,0.9193333333333332,0.2535527491125953,0.170775681341719,0.8464564564564597,0.0022396416573348264,0.5859483726150413
10,0.3,835,0.4611764705882353,0.9453333333333334,0.2594264686417429,0.1636383442265795,0.860890410958905,0.0023952095808383233,0.5722729091636674
10,0.3,852,0.4588235294117647,0.9593333333333331,0.26982875120893574,0.14492227979274586,0.8569852941176467,0.0035211267605633804,0.5395092265410278
10,0.3,858,0.4788235294117647,0.9513333333333335,0.271180216105562,0.14373156342182872,0.8090365448505012,0.004662004662004662,0.5380366900858716
10,0.3,868,0.46588235294117647,0.9706666666666668,0.2884514024122785,0.15109452736318416,0.8268627450980413,0.00576036866359447,0.5109578988026269
10,0.3,838,0.46588235294117647,0.9573333333333333,0.2810349573242083,0.10052511415525124,0.8424810126582313,0.002386634844868735,0.5997886762360468
10,0.3,847,0.4647058823529412,0.9580000000000003,0.2916253318633525,0.1677389277389278,0.8640725806451626,0.0059031877213695395,0.5044972288202704
10,0.3,861,0.48470588235294115,0.9913333333333334,0.28011508316006867,0.16200000000000014,0.8402450980392172,0.006968641114982578,0.46398440545808867
10,0.3,877,0.46588235294117647,0.954666666666667,0.2685710540745354,0.1429004329004325,0.8130069930069965,0.004561003420752566,0.5188812523864079
10,0.3,856,0.5023529411764706,0.9620000000000001,0.3014145855445242,0.14446173800259413,0.8343548387096816,0.005841121495327103,0.5476459067763432
10,0.5,869,0.4682352941176471,0.8873333333333331,0.14757542367055468,0,0.8202187500000028,0,0.6513808975834307
10,0.3,840,0.5,0.9793333333333337,0.30225724845734137,0.1348260381593716,0.8269072164948474,0.005952380952380952,0.48687025948104035
10,0.5,861,0.4682352941176471,0.8873333333333335,0.1631995332996591,0,0.8261002178649278,0,0.6887998451413088
10,0.5,845,0.45647058823529413,0.8880000000000001,0.1651092372579429,0,0.8210985915492981,0,0.6461183431952695
10,0.5,894,0.43176470588235294,0.8813333333333334,0.17470584024497007,0,0.8484018264840203,0,0.6834004474272937
10,0.5,845,0.4682352941176471,0.8866666666666667,0.17038557040885322,0,0.8447744360902281,0,0.7225404339250502
10,0.5,913,0.4435294117647059,0.88,0.1916648365791369,0,0.8578446601941779,0,0.7025885359620323
10,0.5,895,0.4623529411764706,0.8806666666666666,0.1808664463440287,0,0.8452400000000042,0,0.7028677839851037
10,0.5,847,0.49058823529411766,0.8866666666666667,0.18779219344849002,0,0.8690310077519402,0,0.7276702085793013
10,0.5,860,0.4776470588235294,0.8866666666666667,0.1710935649272024,0,0.842771362586609,0,0.6841744186046529
10,0.5,863,0.4647058823529412,0.8873333333333335,0.19028628156564736,0,0.8544347826086982,0,0.6919814600231765
10,0.5,858,0.4776470588235294,0.8879999999999998,0.1714534808183954,0,0.8509562841530062,0,0.6660062160062182
10,0.5,853,0.49176470588235294,0.8866666666666667,0.17397482652922924,0,0.8488392857142903,0,0.6991012114107091
10,0.5,840,0.4811764705882353,0.8873333333333331,0.16958331074794034,0,0.8472142857142864,0,0.6968174603174611
10,0.5,908,0.4623529411764706,0.88,0.15594286760974227,0,0.8190348525469185,0,0.6567070484581525
10,0.5,879,0.4623529411764706,0.8833333333333333,0.15770926666541138,0,0.8314905149051529,0,0.663625331816458
10,0.5,870,0.47058823529411764,0.8873333333333333,0.17598701806719547,0,0.8467435897435915,0,0.6770957854406136
10,0.5,857,0.48470588235294115,0.8873333333333335,0.17315475832254293,0,0.8365274725274761,0,0.6912252042007019
10,0.5,878,0.45647058823529413,0.8853333333333334,0.1748655840365545,0,0.8531927710843392,0,0.6508238420653026
10,0.5,867,0.47058823529411764,0.8860000000000002,0.18019587993523714,0,0.8527313769751735,0,0.6863283352556715
10,0.5,860,0.47294117647058825,0.8866666666666668,0.1444102211814057,0,0.8347085201793734,0,0.6100426356589169
10,0.5,897,0.45529411764705885,0.8866666666666668,0.15511229944058835,0,0.8197422680412402,0,0.6568487551096273
10,0.5,852,0.508235294117647,0.8866666666666667,0.15809092669414568,0,0.8186725663716834,0,0.6497456964006285
10,0.5,871,0.4764705882352941,0.8873333333333335,0.18698271211564196,0,0.8617436974789955,0,0.6984615384615409
10,0.5,848,0.48705882352941177,0.8866666666666667,0.16718863247057777,0,0.8304194260485679,0,0.6881682389937109
10,0.5,857,0.45647058823529413,0.8866666666666667,0.16279637486112258,0,0.8285049833887057,0,0.6369700505639859
10,0.5,869,0.4764705882352941,0.8866666666666667,0.1687374734317722,0,0.8364285714285749,0,0.693383199079403
10,0.5,893,0.49411764705882355,0.884,0.17621292931113586,0,0.8605675675675696,0,0.6666592011944759
10,0.5,849,0.52,0.8873333333333335,0.1685737844443217,0,0.8353533190578192,0,0.6989556340793113
10,0.5,864,0.4623529411764706,0.8866666666666667,0.17191626263790094,0,0.8542391304347836,0,0.6680671296296317
10,0.5,862,0.45647058823529413,0.8873333333333333,0.13392955385245955,0,0.8063157894736872,0,0.6404563031709226
10,0.5,833,0.4764705882352941,0.8926666666666665,0.14854388216306247,0,0.8185014409221941,0,0.6575190076030438
10,0.5,855,0.4894117647058824,0.8879999999999999,0.15723807346032465,0,0.8378431372549031,0,0.6439454191033155
10,0.5,859,0.4717647058823529,0.8866666666666667,0.1644045433224358,0,0.8499428571428577,0,0.6677920062087708
10,0.5,865,0.48470588235294115,0.8866666666666667,0.14589413592143805,0,0.8057788944723657,0,0.670585741811178
10,0.5,870,0.45294117647058824,0.8866666666666668,0.15304390234124723,0,0.8310165484633609,0,0.6875440613026831
10,0.5,845,0.4752941176470588,0.8866666666666665,0.17182181960181725,0,0.8391316526610677,0,0.6631084812623294
10,0.5,867,0.4576470588235294,0.8866666666666668,0.1632325292272949,0,0.8451358695652198,0,0.6699038831218798
10,0.5,834,0.4894117647058824,0.8899999999999998,0.16631392245684556,0,0.8420402298850604,0,0.6599000799360545
10,0.5,855,0.49058823529411766,0.8886666666666669,0.1718308006798569,0,0.844148681055158,0,0.6801676413255366
10,0.5,871,0.4611764705882353,0.8866666666666667,0.16275526895689152,0,0.8354477611940343,0,0.7154420206659015
10,0.5,853,0.4823529411764706,0.8866666666666668,0.17167451583845755,0,0.8511374407582967,0,0.6913130128956627
10,0.5,859,0.4505882352941176,0.8866666666666665,0.1681598629747612,0,0.8367177242888449,0,0.6920876988746619
10,0.5,865,0.47411764705882353,0.8866666666666667,0.17177853004031474,0,0.858673267326734,0,0.7221579961464346
10,0.5,856,0.5011764705882353,0.8866666666666665,0.15656450440829095,0,0.8309283819628674,0,0.6656970404984429
10,0.5,836,0.4835294117647059,0.8893333333333334,0.1868631118880774,0,0.8669680851063851,0,0.6709688995215336
10,0.5,818,0.49411764705882355,0.8940000000000001,0.1695086157092623,0,0.8444224422442269,0,0.6394539527302389
10,0.5,835,0.48,0.8893333333333334,0.14831660226312304,0,0.8206804123711381,0,0.7126906187624751
10,0.5,854,0.4988235294117647,0.8873333333333333,0.18721893701549486,0,0.8496788990825717,0,0.6813973458235781
10,0.5,865,0.48823529411764705,0.886,0.21186942695246622,0,0.8930379746835447,0,0.6765394990366111
10,0.5,859,0.4611764705882353,0.8866666666666667,0.15143928268114157,0,0.828065173116092,0,0.7077066356228168
10,0.7,878,0.46705882352941175,0.8840000000000001,0.17275762503323241,0,0.8458038147139002,0,0.6585611237661361
10,0.7,821,0.4894117647058824,0.894,0.16342964263334547,0,0.8326063829787254,0,0.6669630531871708
10,0.7,863,0.4788235294117647,0.8866666666666668,0.15364164104554218,0,0.817939110070262,0,0.6825260718424109
10,0.7,808,0.5,0.8940000000000001,0.1555123333531442,0,0.8296428571428602,0,0.647714521452148
10,0.7,864,0.5047058823529412,0.8873333333333333,0.1556138556146535,0,0.8287695312500036,0,0.7129128086419749
10,0.7,846,0.508235294117647,0.8873333333333335,0.18108691435385652,0,0.8458837209302342,0,0.6840267927501994
10,0.7,875,0.45529411764705885,0.8866666666666665,0.16621708026762108,0,0.8380053191489384,0,0.6593600000000021
10,0.7,863,0.4788235294117647,0.886666666666667,0.16487657366562503,0,0.8321199143468996,0,0.6951950560061813
10,0.7,844,0.4682352941176471,0.89,0.1562386219767369,0,0.814840909090913,0,0.6860505529225925
10,0.7,878,0.4611764705882353,0.8826666666666669,0.1812878156501946,0,0.8487214611872184,0,0.6833637053910416
10,0.7,876,0.4576470588235294,0.8860000000000002,0.17337799460587203,0,0.8424829157175433,0,0.6804984779299874
10,0.7,838,0.48470588235294115,0.8946666666666666,0.1521756505449253,0,0.8254428044280472,0,0.7277645186953072
10,0.7,854,0.46941176470588236,0.8873333333333333,0.16760230122297085,0,0.8396818181818214,0,0.697915690866512
10,0.7,874,0.4611764705882353,0.8880000000000003,0.15736441239007043,0,0.8226969696969727,0,0.6444508009153325
10,0.7,859,0.4588235294117647,0.8879999999999999,0.1687058990789358,0,0.8447030878859884,0,0.6839968956150573
10,0.7,858,0.4576470588235294,0.8866666666666667,0.17158841909068187,0,0.8280448065173158,0,0.6941647241647267
10,0.7,876,0.4752941176470588,0.8866666666666667,0.17800263526271176,0,0.8511342592592608,0,0.6925684931506868
10,0.7,854,0.46941176470588236,0.8873333333333333,0.15991894329766224,0,0.8278277153558069,0,0.6189812646370043
10,0.7,866,0.4541176470588235,0.8873333333333333,0.174830136300403,0,0.8474130434782641,0,0.6929599692070838
10,0.7,886,0.49058823529411766,0.8826666666666669,0.18158666044766844,0,0.8475000000000017,0,0.6888713318284452
10,0.7,853,0.49058823529411766,0.8866666666666667,0.15089454283379036,0,0.8239900249376602,0,0.6752754982415021
10,0.7,859,0.46352941176470586,0.8873333333333335,0.15185431792332177,0,0.8269114877589477,0,0.7196003104384945
10,0.7,866,0.4835294117647059,0.8866666666666667,0.1757211139243117,0,0.838913043478265,0,0.6911701308699019
10,0.7,846,0.48,0.8913333333333331,0.1660218665044928,0,0.8364923747276727,0,0.6961662726556346
10,0.7,887,0.4823529411764706,0.8846666666666666,0.1776343528646647,0,0.8476767676767708,0,0.6604472003006411
10,0.7,880,0.4447058823529412,0.8846666666666666,0.166593599145269,0,0.8345813953488407,0,0.6825681818181827
10,0.7,857,0.4858823529411765,0.8873333333333333,0.16448873589739724,0,0.836785714285717,0,0.6796616102683815
10,0.7,866,0.47058823529411764,0.8866666666666668,0.1789036943476544,0,0.8551041666666713,0,0.6669553502694402
10,0.7,864,0.4811764705882353,0.886666666666667,0.17467260324788716,0,0.8541972920696366,0,0.7205787037037054
10,0.7,876,0.4717647058823529,0.8866666666666665,0.17007011945558548,0,0.8335102040816375,0,0.6949543378995444
10,0.7,860,0.4752941176470588,0.8879999999999999,0.16400161307155536,0,0.8326829268292711,0,0.6587325581395364
10,0.7,818,0.4776470588235294,0.8906666666666666,0.18143239702318412,0,0.8562648221343929,0,0.7240464547677286
10,0.7,875,0.45647058823529413,0.8866666666666667,0.17877439848721569,0,0.8561769911504442,0,0.7348152380952382
10,0.7,891,0.44941176470588234,0.8866666666666668,0.17775654791648732,0,0.852540045766593,0,0.6856490834268623
10,0.7,857,0.48,0.8866666666666667,0.18229092440878783,0,0.8643735224586314,0,0.6972500972384279
10,0.7,859,0.4835294117647059,0.8866666666666668,0.17280422900563835,0,0.8400394477317601,0,0.710993403181995
10,0.7,812,0.5047058823529412,0.8940000000000001,0.17359864723427604,0,0.8484439359267755,0,0.6988095238095244
10,0.7,855,0.49411764705882355,0.8873333333333335,0.17179017778115482,0,0.8297836538461575,0,0.6713099415204701
10,0.7,823,0.4894117647058824,0.894,0.1721847540468758,0,0.8446361185983858,0,0.6674402592142608
10,0.7,860,0.47294117647058825,0.8866666666666667,0.1426478298554945,0,0.8141909814323642,0,0.670600775193801
10,0.7,861,0.4682352941176471,0.8866666666666667,0.1659245920221598,0,0.8481699346405274,0,0.7064730933023622
10,0.7,848,0.46705882352941175,0.8873333333333335,0.1715559851904501,0,0.8371161825726162,0,0.7014347484276742
10,0.7,866,0.4764705882352941,0.8866666666666667,0.1787441426327449,0,0.8468784530386764,0,0.6574980754426502
10,0.7,865,0.48705882352941177,0.8866666666666667,0.18417158624086666,0,0.869112426035504,0,0.6532986512524093
10,0.7,856,0.4976470588235294,0.8866666666666667,0.1697260674648473,0,0.8365903890160207,0,0.6901207165109045
10,0.7,874,0.4764705882352941,0.8873333333333335,0.1793442671189981,0,0.8587222222222232,0,0.6576544622425652
10,0.7,853,0.47294117647058825,0.8873333333333335,0.17855598505242845,0,0.8500000000000029,0,0.6621101992966028
10,0.7,816,0.49176470588235294,0.8933333333333333,0.16337522769581714,0,0.8387397260274007,0,0.6730024509803944
10,0.7,854,0.4717647058823529,0.8873333333333333,0.17272890588371603,0,0.8369246861924722,0,0.6991022638563638
10,0.7,860,0.45529411764705885,0.8866666666666667,0.14638458566437687,0,0.8115294117647084,0,0.6515155038759725
15,0.1,868,0.47411764705882353,0.9886666666666669,0.17598734694734974,0.320501567398119,0.7363218390804609,0.004608294930875576,0.5033333333333316
15,0.1,890,0.4964705882352941,0.9446666666666665,0.16634679698348734,0.3431460674157306,0.7445538057742787,0.0033707865168539327,0.5247839158211187
15,0.1,866,0.47058823529411764,0.9333333333333336,0.16843828843275852,0.3149107142857143,0.763032407407407,0.0011547344110854503,0.5730443159922913
15,0.1,873,0.4682352941176471,0.9520000000000001,0.19826242802123126,0.29751295336787587,0.7637818821459977,0.003436426116838488,0.5766973180076613
15,0.1,861,0.46352941176470586,0.9319999999999997,0.18905405185750385,0.3146296296296298,0.7694938917975541,0.0023228803716608595,0.5868024835079534
15,0.1,854,0.4788235294117647,0.9500000000000002,0.18044018159412387,0.3311267605633808,0.740443213296399,0.00234192037470726,0.5653482003129875
15,0.1,846,0.5105882352941177,0.9926666666666665,0.22103883709309058,0.3175454545454548,0.8061922141119231,0.004728132387706856,0.5310609659540777
15,0.1,873,0.4623529411764706,0.9580000000000001,0.20091737222298678,0.283388888888889,0.765563786008228,0.003436426116838488,0.589088122605362
15,0.1,848,0.5176470588235295,0.9566666666666664,0.1810332585264753,0.3009782608695652,0.7405732484076443,0.0023584905660377358,0.5557919621749385
15,0.1,864,0.4576470588235294,0.9440000000000004,0.1848639399459461,0.3116577540106956,0.7824901185770758,0.0023148148148148147,0.5520572312451654
15,0.1,888,0.49058823529411766,0.9760000000000001,0.19796115025048724,0.32014245014245074,0.7522095959595966,0.0045045045045045045,0.5113574660633458
15,0.1,863,0.46352941176470586,0.9566666666666667,0.20251121081351076,0.32317991631799226,0.7678491620111733,0.0034762456546929316,0.5648992248061983
15,0.1,863,0.49529411764705883,0.9573333333333335,0.20912344867577876,0.2866799999999997,0.7718969298245625,0.004634994206257242,0.5464299573147067
15,0.1,870,0.47058823529411764,0.9539999999999996,0.188961552721506,0.3124669603524228,0.7546764705882365,0.0034482758620689655,0.5548173779315642
15,0.1,857,0.46941176470588236,0.9613333333333335,0.17378628364144338,0.3165499999999998,0.749069767441861,0.003500583430571762,0.5472209211553463
15,0.1,862,0.48470588235294115,0.9626666666666667,0.19471401522050527,0.2745247148288976,0.7218271604938282,0.004640371229698376,0.5249145299145284
15,0.1,876,0.4447058823529412,0.9620000000000001,0.17036210437786894,0.3138289962825283,0.7716058394160594,0.0045662100456621,0.5012194189602445
15,0.1,863,0.47411764705882353,0.9680000000000001,0.19362046419509507,0.29197309417040374,0.7542159916926279,0.004634994206257242,0.5474738067520363
15,0.1,862,0.46705882352941175,0.9493333333333336,0.18782056740940356,0.30588235294117644,0.7518268090154214,0.0034802784222737818,0.5439309274350013
15,0.1,815,0.4788235294117647,0.9639999999999997,0.18688802734544038,0.3052252252252254,0.7401264367816099,0.0036809815950920245,0.5373727422003258
15,0.1,853,0.4647058823529412,0.9546666666666668,0.19502387889837874,0.3161691542288556,0.7753493013972058,0.0035169988276670576,0.5727058823529406
15,0.1,857,0.4929411764705882,0.9426666666666665,0.18822794961046063,0.2786956521739131,0.7669218500797425,0.002333722287047841,0.6093801169590638
15,0.1,863,0.48705882352941177,0.9899999999999998,0.22456420004092953,0.2836641221374045,0.7803540587219322,0.004634994206257242,0.5692083818393463
15,0.1,862,0.47058823529411764,0.9493333333333331,0.20286705228262158,0.31673640167364026,0.7645822994210081,0.0034802784222737818,0.5723903764066723
15,0.1,878,0.4682352941176471,0.9426666666666669,0.20402722966009587,0.26566473988439304,0.7717480719794338,0.003416856492027335,0.5912723809523798
15,0.1,829,0.5129411764705882,0.9546666666666668,0.1816906537535487,0.31814606741573015,0.7527693856998996,0.0036188178528347406,0.5757788539144454
15,0.1,861,0.48,0.9933333333333332,0.20336547405946195,0.3140277777777779,0.7644555555555566,0.003484320557491289,0.5389898989898962
15,0.1,873,0.4964705882352941,0.9380000000000003,0.17798067088301583,0.3256497175141248,0.7552522522522515,0.002290950744558992,0.585840030616147
15,0.1,840,0.5094117647058823,0.9733333333333337,0.18459679633028256,0.3034745762711865,0.7366432748538023,0.0035714285714285713,0.5370569494225379
15,0.1,860,0.49176470588235294,0.9506666666666667,0.18055374597367913,0.32244791666666645,0.7585788923719962,0.002325581395348837,0.5588306138306123
15,0.1,821,0.48705882352941177,0.9893333333333332,0.18694635774772717,0.32351778656126473,0.7457459207459209,0.0048721071863581,0.5414320685434506
15,0.1,844,0.4929411764705882,0.9726666666666667,0.21963673961895128,0.297692307692308,0.7841256038647346,0.004739336492890996,0.5495674603174587
15,0.1,823,0.45647058823529413,0.9693333333333334,0.15074233063638479,0.31916666666666665,0.7186329588014992,0.0036452004860267314,0.5261056910569081
15,0.1,862,0.49529411764705883,0.966666666666667,0.17491693566882152,0.31553191489361704,0.7486254295532657,0.002320185614849188,0.5629186046511623
15,0.1,864,0.48823529411764705,0.9666666666666663,0.17990210703912404,0.3259349593495935,0.7430985915492968,0.003472222222222222,0.5310220673635303
15,0.1,844,0.47058823529411764,0.9633333333333334,0.17519860534703344,0.3052659574468087,0.735615615615617,0.002369668246445498,0.5641884402216912
15,0.1,816,0.5011764705882353,0.9780000000000001,0.19572886999066721,0.30185185185185165,0.7725469483568086,0.003676470588235294,0.5531898318983173
15,0.1,813,0.47058823529411764,0.97,0.1783757949105664,0.26964912280701764,0.7317852684144834,0.0036900369003690036,0.5537860082304493
15,0.1,878,0.45647058823529413,0.9873333333333335,0.19963607745858594,0.31244725738396634,0.7822480620155041,0.003416856492027335,0.557596190476189
15,0.1,858,0.45647058823529413,0.9566666666666664,0.174934125726917,0.31696356275303594,0.7413702239789207,0.0034965034965034965,0.5316686159844034
15,0.1,846,0.4964705882352941,0.9666666666666669,0.1820784216536244,0.29697318007662865,0.7446666666666673,0.004728132387706856,0.5194101346001571
15,0.1,852,0.47411764705882353,0.9546666666666666,0.1808078271688097,0.33186440677966106,0.7508599290780139,0.0011737089201877935,0.5737211124167624
15,0.1,840,0.49176470588235294,0.9700000000000002,0.20273121612909323,0.2887044534412956,0.7672716488730728,0.004761904761904762,0.5423963317384358
15,0.1,866,0.45529411764705885,0.9613333333333336,0.18460803914784146,0.3464257028112451,0.7449132420091316,0.0023094688221709007,0.5652391975308607
15,0.1,845,0.4611764705882353,0.9840000000000003,0.1599404464462407,0.3305144694533761,0.7369831223628701,0.0035502958579881655,0.49060965954077534
15,0.1,869,0.47058823529411764,0.9746666666666668,0.2022496941334846,0.28730923694779126,0.7817441860465121,0.004602991944764097,0.5317186897880518
15,0.1,848,0.4929411764705882,0.9553333333333333,0.19786378960844797,0.2990865384615383,0.7562953586497875,0.003537735849056604,0.5808954635108454
15,0.1,871,0.46588235294117647,0.984,0.20531301526225076,0.3191304347826092,0.7726460481099663,0.004592422502870264,0.5268396770472874
15,0.1,857,0.46352941176470586,0.9573333333333335,0.17666769700871046,0.33916666666666695,0.7445220282626747,0.002333722287047841,0.5920896686159814
15,0.1,852,0.4788235294117647,0.9673333333333335,0.19826516822752663,0.31213178294573646,0.7600651465798057,0.0035211267605633804,0.5458971338829985
15,0.3,849,0.4988235294117647,0.9613333333333333,0.28999189472365283,0.16396825396825382,0.8543681318681347,0.0035335689045936395,0.5705673758865272
15,0.3,820,0.48823529411764705,0.9866666666666667,0.3032381274505935,0.16685851318944872,0.8596917808219203,0.006097560975609756,0.5207893660531703
15,0.3,874,0.4541176470588235,0.9419999999999998,0.2705117407272379,0.15246977547495685,0.8480322580645175,0.003432494279176201,0.5666972828166876
15,0.3,859,0.4682352941176471,0.9366666666666664,0.2568732412172082,0.1572026800670013,0.8022149837133571,0.004656577415599534,0.5418323586744659
15,0.3,842,0.4976470588235294,0.9813333333333333,0.31742337326201014,0.15618421052631604,0.8658881578947392,0.0059382422802850355,0.5188928713659899
15,0.3,860,0.48823529411764705,0.9640000000000003,0.28391335908579723,0.13534246575342468,0.8291964285714306,0.004651162790697674,0.5402570093457951
15,0.3,870,0.4788235294117647,0.9766666666666665,0.328598489697678,0.10768888888888874,0.8987845303867441,0.004597701149425287,0.5675519630485012
15,0.3,879,0.4647058823529412,0.9706666666666667,0.31328574883450355,0.14414050822122546,0.8715090090090116,0.004550625711035267,0.5971504761904775
15,0.3,869,0.44941176470588234,0.970666666666667,0.28524166724231986,0.11759420289855067,0.7976944444444487,0.004602991944764097,0.5430558766859352
15,0.3,862,0.46588235294117647,0.9733333333333334,0.2557384152490366,0.1400944669365722,0.8039719626168241,0.00580046403712297,0.4868416958381972
15,0.3,871,0.48705882352941177,0.9786666666666668,0.3084139640774769,0.11162754303599354,0.8787172011661828,0.004592422502870264,0.5651749327181863
15,0.3,855,0.4682352941176471,0.9540000000000002,0.2877555403202526,0.14474242424242406,0.8252879581151865,0.004678362573099415,0.567728162945555
15,0.3,904,0.48823529411764705,0.938,0.30408982074862584,0.1385030864197528,0.8715526315789512,0.004424778761061947,0.579877777777779
15,0.3,861,0.5223529411764706,0.9599999999999999,0.27091502680795043,0.18339055793991424,0.8332288401253942,0.004645760743321719,0.5498055231427484
15,0.3,856,0.49411764705882355,0.9593333333333334,0.2934677455596795,0.1326999999999997,0.8427440633245405,0.0035046728971962616,0.5733333333333347
15,0.3,884,0.4929411764705882,0.940666666666667,0.2606375852335957,0.14512524084778386,0.8418983050847485,0.003393665158371041,0.5537608777903918
15,0.3,836,0.5,0.9400000000000002,0.2784103173838501,0.12088512241054601,0.8505111821086274,0.0035885167464114833,0.556914765906363
15,0.3,848,0.4823529411764706,0.9606666666666667,0.26803392829311795,0.16758409785932724,0.8344876325088365,0.0047169811320754715,0.5451737756714068
15,0.3,894,0.49411764705882355,0.9633333333333334,0.27719227947186115,0.14837807606263997,0.8082462686567188,0.006711409395973154,0.48129129129129244
15,0.3,834,0.4717647058823529,0.9760000000000001,0.28055137185908696,0.1547320261437908,0.8150340136054449,0.004796163069544364,0.5170160642570285
15,0.3,854,0.49411764705882355,0.9206666666666666,0.253585921771136,0.1694354838709678,0.8581179775280933,0.00234192037470726,0.6125821596244143
15,0.3,871,0.49411764705882355,0.9453333333333334,0.2794329094881418,0.15170812603648412,0.8365083798882704,0.004592422502870264,0.5584544405997705
15,0.3,875,0.4764705882352941,0.9833333333333333,0.28738543705649044,0.171551956815115,0.8500302114803643,0.004571428571428572,0.5429850746268677
15,0.3,850,0.4835294117647059,0.9273333333333335,0.24615199948918634,0.11360856269113159,0.8253743315508055,0.002352941176470588,0.6089033018867959
15,0.3,859,0.528235294117647,0.9526666666666666,0.284531293876797,0.16278020378457064,0.8414626865671674,0.004656577415599534,0.550787524366474
15,0.3,826,0.4976470588235294,0.9546666666666664,0.26766061405384334,0.13718333333333316,0.8048717948717972,0.004842615012106538,0.5384509326845105
15,0.3,874,0.47058823529411764,0.9800000000000004,0.29920098803573303,0.13998616874135514,0.872094594594596,0.004576659038901602,0.5378812260536397
15,0.3,866,0.46941176470588236,0.9573333333333333,0.27402794783882745,0.1502920962199313,0.848632218844987,0.003464203233256351,0.5638238702201647
15,0.3,812,0.48470588235294115,0.9519999999999998,0.2559516137854608,0.14415300546448082,0.8342893401015248,0.0024630541871921183,0.6159218106995897
15,0.3,853,0.4576470588235294,0.9466666666666667,0.2679016095042146,0.1932432432432433,0.8379256965944304,0.004689331770222743,0.5568472712995697
15,0.3,856,0.4835294117647059,0.9619999999999999,0.2793759861322369,0.1209124767225325,0.8559415584415611,0.0035046728971962616,0.5609534974599467
15,0.3,847,0.4717647058823529,0.9946666666666668,0.28963807496824095,0.16661569826707465,0.8424675324675331,0.0070838252656434475,0.47497820055489665
15,0.3,844,0.4811764705882353,0.9593333333333334,0.2890142405339246,0.1324551971326162,0.851236559139787,0.0035545023696682463,0.5799603646452646
15,0.3,861,0.49411764705882355,0.954,0.28329717359300777,0.11412470023980825,0.8590639269406425,0.0023228803716608595,0.6257275902211884
15,0.3,839,0.4976470588235294,0.9506666666666667,0.26614540479353405,0.10419047619047639,0.8468138801261859,0.0023837902264600714,0.5735244922341723
15,0.3,860,0.4858823529411765,0.936,0.23663955692106206,0.13861356932153393,0.8174930362117023,0.002325581395348837,0.6034265734265746
15,0.3,874,0.4988235294117647,0.9693333333333332,0.29959301859258775,0.1517066666666667,0.8332647814910059,0.005720823798627002,0.5539739163789802
15,0.3,866,0.48470588235294115,0.9699999999999999,0.27628964974657827,0.13873715124816424,0.8111326860841452,0.004618937644341801,0.5387122969837601
15,0.3,847,0.4588235294117647,0.9633333333333335,0.251679602410328,0.17778985507246348,0.836858638743456,0.0059031877213695395,0.46933095803642283
15,0.3,850,0.4964705882352941,0.95,0.27860593124172883,0.16865443425076476,0.8278201634877418,0.004705882352941176,0.5687667454688748
15,0.3,821,0.49529411764705883,0.9619999999999997,0.28461431297409967,0.09811827956989247,0.8467399267399279,0.0036540803897685747,0.546821515892423
15,0.3,833,0.4988235294117647,0.9506666666666668,0.2565570388047612,0.1593859649122808,0.8397685185185201,0.004801920768307323,0.49831926015279676
15,0.3,829,0.4835294117647059,0.9566666666666667,0.2698666155424365,0.1614710485133021,0.8613617021276614,0.0036188178528347406,0.5227683615819222
15,0.3,844,0.46352941176470586,0.9553333333333333,0.31337590013722366,0.10967479674796736,0.8449769585253487,0.004739336492890996,0.5858730158730158
15,0.3,829,0.4776470588235294,0.9580000000000001,0.29606897538867893,0.1372444444444443,0.870034246575344,0.0048250904704463205,0.5362666666666681
15,0.3,852,0.4776470588235294,0.94,0.2507786788175365,0.16052845528455265,0.8145588235294149,0.0035211267605633804,0.5577110325873594
15,0.3,871,0.4752941176470588,0.9786666666666666,0.28013543002189273,0.16910034602076154,0.8292932862190835,0.0057405281285878304,0.5087066974595857
15,0.3,873,0.4647058823529412,0.9500000000000002,0.2546433642927037,0.16952898550724635,0.8160982658959566,0.003436426116838488,0.5621111111111134
15,0.3,842,0.4858823529411765,0.9386666666666663,0.26912193000966916,0.13892682926829258,0.816770833333336,0.004750593824228029,0.5368735083532213
15,0.3,866,0.4717647058823529,0.9640000000000003,0.28891362055010994,0.15669312169312175,0.8582817869415834,0.004618937644341801,0.5233333333333325
15,0.5,859,0.4894117647058824,0.8879999999999999,0.169083290616665,0,0.8503344481605386,0,0.6404423748544842
15,0.5,899,0.42823529411764705,0.88,0.15121564838906504,0,0.812247899159668,0,0.6829180571004837
15,0.5,897,0.44588235294117645,0.88,0.17114420332032315,0,0.8351124744376319,0,0.6961315496098108
15,0.5,864,0.48,0.8873333333333331,0.14108705632679572,0,0.8163258232235748,0,0.7302623456790118
15,0.5,865,0.4447058823529412,0.8873333333333333,0.1793520014473716,0,0.8536511627907012,0,0.6863853564547214
15,0.5,869,0.4623529411764706,0.8866666666666667,0.16015933284742825,0,0.8315807560137483,0,0.7324012274645172
15,0.5,873,0.46705882352941175,0.8873333333333335,0.1694812526035813,0,0.8541780821917833,0,0.6324398625429568
15,0.5,833,0.49411764705882355,0.8913333333333334,0.1685057612869401,0,0.8401955307262602,0,0.6630292116846764
15,0.5,874,0.5094117647058823,0.8846666666666666,0.16735328708655137,0,0.8347412008281624,0,0.6987681159420308
15,0.5,852,0.4611764705882353,0.8873333333333333,0.16593943995259086,0,0.8330459770114987,0,0.7162949921752748
15,0.5,848,0.49529411764705883,0.8873333333333333,0.15109564484500865,0,0.827312661498711,0,0.6714622641509466
15,0.5,847,0.4835294117647059,0.8873333333333333,0.15566349689802297,0,0.8300459770114975,0,0.6923140495867787
15,0.5,855,0.4988235294117647,0.8866666666666667,0.17492100545523878,0,0.8571346704871088,0,0.658771929824563
15,0.5,857,0.4988235294117647,0.8866666666666667,0.15570690146438732,0,0.8123391812865535,0,0.6441384675223677
15,0.5,847,0.4611764705882353,0.8873333333333333,0.18111965143513648,0,0.855769230769233,0,0.6580480125934698
15,0.5,812,0.5094117647058823,0.8933333333333333,0.16662991233714608,0,0.8415200000000019,0,0.6760139573070633
15,0.5,854,0.4776470588235294,0.8873333333333333,0.16762261624410102,0,0.841985645933019,0,0.6861553473848557
15,0.5,861,0.49058823529411766,0.8866666666666667,0.15252505582794051,0,0.8189256198347156,0,0.7055787843592733
15,0.5,889,0.4717647058823529,0.8866666666666665,0.17349077551788505,0,0.8518386491557254,0,0.7194300712410956
15,0.5,848,0.5164705882352941,0.8880000000000003,0.16896109287503652,0,0.8318224299065466,0,0.6804481132075489
15,0.5,851,0.5094117647058823,0.8866666666666667,0.1534294478584551,0,0.8308098591549316,0,0.6422169996083072
15,0.5,826,0.46588235294117647,0.8933333333333331,0.1636385070863806,0,0.8404601226993881,0,0.6492211460855561
15,0.5,845,0.4823529411764706,0.8873333333333333,0.16360391536721072,0,0.8244444444444466,0,0.6697909270216975
15,0.5,864,0.4588235294117647,0.8866666666666667,0.1572237421150663,0,0.8285915492957773,0,0.6571141975308662
15,0.5,859,0.4858823529411765,0.8873333333333333,0.18157424895711893,0,0.8578003696857708,0,0.7348195576251481
15,0.5,827,0.49176470588235294,0.8933333333333333,0.13757383939052326,0,0.8013636363636369,0,0.6114953647722718
15,0.5,833,0.47411764705882353,0.8920000000000001,0.17529826934571238,0,0.8378947368421095,0,0.6972589035614277
15,0.5,851,0.46588235294117647,0.8886666666666667,0.1729863835760297,0,0.8465744680851073,0,0.7056325891108517
15,0.5,840,0.49058823529411766,0.8880000000000001,0.16009472993410334,0,0.8247309417040407,0,0.6880436507936536
15,0.5,860,0.49529411764705883,0.8866666666666667,0.18384759147059446,0,0.853945312500003,0,0.7154806201550399
15,0.5,869,0.4752941176470588,0.8866666666666667,0.15839859633933442,0,0.8202061855670137,0,0.6655235903337186
15,0.5,875,0.45529411764705885,0.8866666666666668,0.17380419845526063,0,0.8309655172413819,0,0.6731504761904767
15,0.5,851,0.4964705882352941,0.8873333333333331,0.14262737924746072,0,0.8053631284916233,0,0.6555620838229552
15,0.5,859,0.4823529411764706,0.8866666666666668,0.17491412594410008,0,0.8371221532091131,0,0.6965618936748181
15,0.5,853,0.48823529411764705,0.8873333333333333,0.1955385201844109,0,0.868422391857509,0,0.6708167252833166
15,0.5,894,0.4788235294117647,0.884,0.1670148655436234,0,0.8495894428152512,0,0.6514578672632395
15,0.5,880,0.4588235294117647,0.8840000000000001,0.18539474174908793,0,0.8626888888888916,0,0.6987765151515167
15,0.5,897,0.46941176470588236,0.8806666666666666,0.18749075142497443,0,0.8621882352941227,0,0.682333704942403
15,0.5,833,0.48823529411764705,0.8919999999999999,0.15265443222256606,0,0.8215902964959613,0,0.6630692276910789
15,0.5,865,0.46,0.8886666666666666,0.15789454687427978,0,0.8185406698564617,0,0.6752254335260132
15,0.5,834,0.4764705882352941,0.8893333333333334,0.14617181475719565,0,0.7999142857142892,0,0.648249400479619
15,0.5,847,0.48823529411764705,0.8873333333333333,0.18106471785507314,0,0.8466111111111123,0,0.7228846910665104
15,0.5,871,0.48705882352941177,0.8879999999999999,0.17390499251948938,0,0.8380623608017851,0,0.6881362418675876
15,0.5,900,0.45529411764705885,0.8806666666666665,0.16998200746032596,0,0.836127366609297,0,0.7237481481481498
15,0.5,914,0.46,0.8800000000000002,0.19379956896218017,0,0.8792198581560317,0,0.7372574762946793
15,0.5,873,0.4623529411764706,0.8866666666666667,0.16515257149319368,0,0.8309533468559891,0,0.6984497899961813
15,0.5,856,0.4788235294117647,0.8866666666666667,0.16650163168600338,0,0.8393805309734552,0,0.6998831775700943
15,0.5,851,0.5023529411764706,0.8879999999999999,0.17339515312490497,0,0.8479209979210013,0,0.7085311398354888
15,0.5,854,0.4835294117647059,0.8866666666666665,0.17518147851075688,0,0.8387500000000015,0,0.6634465261514457
15,0.5,852,0.48470588235294115,0.8866666666666667,0.15888524264928347,0,0.8306205250596689,0,0.6812519561815342
15,0.7,842,0.5164705882352941,0.8866666666666667,0.1663289704881986,0,0.829377990430625,0,0.6789825811559782
15,0.7,848,0.4717647058823529,0.8873333333333335,0.1716704321288513,0,0.8399710144927565,0,0.6552201257861666
15,0.7,870,0.4811764705882353,0.8866666666666667,0.1782250875848731,0,0.8589538461538485,0,0.6455632183908067
15,0.7,861,0.4611764705882353,0.8873333333333333,0.16395313519104876,0,0.8453973509933796,0,0.6408439798683717
15,0.7,827,0.49058823529411766,0.8933333333333335,0.17765768015554773,0,0.8499780701754417,0,0.7000564288593318
15,0.7,834,0.4929411764705882,0.8900000000000002,0.18045313469911778,0,0.8421063829787251,0,0.6960911270983233
15,0.7,860,0.4717647058823529,0.8873333333333335,0.15591863051875812,0,0.838188679245285,0,0.6206821705426386
15,0.7,822,0.49411764705882355,0.894,0.165784950115378,0,0.830843373493979,0,0.6824614760746168
15,0.7,874,0.4976470588235294,0.8846666666666664,0.1613428199613034,0,0.8388144329896939,0,0.6702898550724659
15,0.7,848,0.45647058823529413,0.8873333333333335,0.17384091258854098,0,0.8401662707838505,0,0.682044025157234
15,0.7,860,0.4788235294117647,0.8860000000000002,0.14322872448207766,0,0.8160106382978761,0,0.6707054263565904
15,0.7,832,0.49058823529411766,0.89,0.20459053247318285,0,0.8873333333333355,0,0.7161298076923092
15,0.7,865,0.4858823529411765,0.8879999999999999,0.1565034920591652,0,0.8205851063829815,0,0.6638227360308295
15,0.7,897,0.4647058823529412,0.8826666666666667,0.15013688856710924,0,0.8178252032520362,0,0.6987662578966926
15,0.7,854,0.45529411764705885,0.8873333333333335,0.1751032849728291,0,0.8425141242937876,0,0.6547658079625314
15,0.7,836,0.49058823529411766,0.8886666666666667,0.1733141397025329,0,0.8390020366598815,0,0.7066586921850093
15,0.7,848,0.49411764705882355,0.8866666666666667,0.1609415322902761,0,0.8273741794310753,0,0.6990487421383648
15,0.7,850,0.4988235294117647,0.8866666666666667,0.15203260011954983,0,0.8097241379310388,0,0.6771098039215689
15,0.7,873,0.4858823529411765,0.8853333333333334,0.18304253131184578,0,0.8481097560975639,0,0.7008094692630794
15,0.7,861,0.5176470588235295,0.8873333333333335,0.17892140494476055,0,0.8398639455782336,0,0.681053039101821
15,0.7,867,0.46705882352941175,0.8866666666666667,0.16924442490502736,0,0.850481586402266,0,0.6593502499038841
15,0.7,857,0.4752941176470588,0.8873333333333331,0.1716279286502697,0,0.8371396895787174,0,0.6926643329443819
15,0.7,847,0.4717647058823529,0.8866666666666667,0.17154420734505538,0,0.8361839080459803,0,0.6865210547028756
15,0.7,887,0.5058823529411764,0.8806666666666668,0.19832684432706038,0,0.8669335937500032,0,0.7111724915445332
15,0.7,865,0.5117647058823529,0.8873333333333333,0.18971152956443574,0,0.8776178660049644,0,0.6862504816955707
15,0.7,848,0.4752941176470588,0.8866666666666667,0.16189176500647362,0,0.8352620087336291,0,0.7074449685534615
15,0.7,878,0.48705882352941177,0.8873333333333333,0.1683539672214459,0,0.8386397984886671,0,0.6664920273348535
15,0.7,858,0.4929411764705882,0.8893333333333332,0.1684721759483002,0,0.8429285714285749,0,0.6820512820512846
15,0.7,827,0.4776470588235294,0.8946666666666668,0.1704101031653095,0,0.8427272727272785,0,0.7428295042321663
15,0.7,853,0.48823529411764705,0.8873333333333335,0.1644278249248644,0,0.8308438061041329,0,0.7260687768659648
15,0.7,907,0.46,0.8806666666666666,0.17165021312402282,0,0.8436038186157531,0,0.6725983094450578
15,0.7,858,0.4929411764705882,0.8873333333333331,0.1430753956363443,0,0.8223428571428599,0,0.6614529914529925
15,0.7,823,0.49176470588235294,0.8940000000000001,0.16818929114494033,0,0.8367514124293807,0,0.659173754556503
15,0.7,878,0.5035294117647059,0.8866666666666667,0.1769393730365156,0,0.8569954128440381,0,0.6911996962794229
15,0.7,901,0.48470588235294115,0.8800000000000002,0.17366281629362834,0,0.8419047619047648,0,0.7143470218275986
15,0.7,862,0.46588235294117647,0.8873333333333333,0.1433136167499593,0,0.8027889447236219,0,0.6701585460170169
15,0.7,845,0.4764705882352941,0.8873333333333335,0.16260359798733875,0,0.8440000000000019,0,0.6624457593688391
15,0.7,848,0.5023529411764706,0.8880000000000001,0.1790542719579776,0,0.8507692307692346,0,0.6977358490566062
15,0.7,865,0.4682352941176471,0.886666666666667,0.15436323014580614,0,0.8116350710900521,0,0.6715915221579993
15,0.7,858,0.4647058823529412,0.8866666666666667,0.16581019388549698,0,0.841402298850579,0,0.6922882672882692
15,0.7,833,0.49176470588235294,0.8900000000000002,0.18354970780841962,0,0.8505345211581304,0,0.6992276910764319
15,0.7,852,0.46352941176470586,0.8866666666666667,0.18047253555403941,0,0.8558205128205136,0,0.6713654147104887
15,0.7,838,0.4894117647058824,0.8886666666666667,0.1673044770547305,0,0.8389217391304401,0,0.7377525855210818
15,0.7,915,0.4682352941176471,0.8800000000000002,0.1817745481945931,0,0.8514068441064657,0,0.7093369763205839
15,0.7,854,0.48705882352941177,0.8866666666666667,0.17042109908817166,0,0.8602491103202882,0,0.6369672131147557
15,0.7,872,0.4858823529411765,0.8873333333333333,0.17943595473854315,0,0.855903361344542,0,0.7020680428134577
15,0.7,881,0.4647058823529412,0.8873333333333335,0.1587617046613889,0,0.8271011235955099,0,0.6821452894438151
15,0.7,875,0.4647058823529412,0.8866666666666667,0.16160726876217618,0,0.8303090507726305,0,0.6905028571428593
15,0.7,889,0.44,0.8873333333333331,0.15533734596719478,0,0.8255797101449309,0,0.6732995875515578
20,0.1,856,0.4988235294117647,0.990666666666667,0.2136606118270386,0.32222222222222263,0.7918619791666669,0.005841121495327103,0.5223149236192706
15,0.7,831,0.48705882352941177,0.8933333333333331,0.1519510626444539,0,0.830878048780489,0,0.6968431608503807
20,0.1,850,0.4858823529411765,0.9446666666666664,0.1742522813142641,0.3145370370370372,0.742382864792504,0.0035294117647058825,0.5414482487209753
20,0.1,864,0.5047058823529412,0.9613333333333333,0.1547012102051601,0.32120879120879137,0.7333956386292844,0.0023148148148148147,0.5388515081206474
20,0.1,854,0.47294117647058825,0.9566666666666667,0.18289702945649106,0.31908675799086716,0.7385964912280714,0.00234192037470726,0.5561541471048499
20,0.1,891,0.4258823529411765,0.974666666666667,0.18843412447008992,0.32481605351170617,0.7677914951989032,0.004489337822671156,0.521052236001502
20,0.1,850,0.5129411764705882,0.9386666666666668,0.187121817193067,0.27914473684210533,0.741578947368418,0.0035294117647058825,0.599736324281776
20,0.1,864,0.47294117647058825,0.994,0.1887619904310024,0.31160130718954193,0.7661835748792276,0.004629629629629629,0.5115271317829452
20,0.1,891,0.46,0.9726666666666669,0.21352445029304515,0.2831279620853079,0.7812326388888865,0.003367003367003367,0.5795457957957937
20,0.1,843,0.4682352941176471,0.9653333333333334,0.1740255496339078,0.3162114537444935,0.7184909909909923,0.0035587188612099642,0.5455119047619016
20,0.1,910,0.46588235294117647,0.9493333333333334,0.2002749841077761,0.2945581395348836,0.7736936936936925,0.0032967032967032967,0.5795442851892663
20,0.1,849,0.4647058823529412,0.9393333333333334,0.17353203407845622,0.30821656050955404,0.7494282632146723,0.002355712603062426,0.5688705234159772
20,0.1,851,0.4752941176470588,0.9413333333333332,0.18782977738710593,0.3111728395061726,0.7774474474474484,0.0023501762632197414,0.5856340793089887
20,0.1,879,0.45529411764705885,0.9400000000000002,0.19507333528019147,0.30382716049382713,0.7768185654008425,0.0022753128555176336,0.59608513873052
20,0.1,859,0.48470588235294115,0.9733333333333329,0.1997862496617729,0.3127611940298509,0.7506704438149201,0.0034924330616996507,0.5478816199376929
20,0.1,863,0.46705882352941175,0.9286666666666668,0.17851346412681413,0.29546099290780165,0.7481133482475743,0.002317497103128621,0.6108710801393695
20,0.1,865,0.49529411764705883,0.9553333333333334,0.18497260449404657,0.28142857142857153,0.7458441558441564,0.003468208092485549,0.5505916473317852
20,0.1,866,0.4835294117647059,1,0.227954717566638,0.3028089887640457,0.8163805970149248,0.005773672055427252,0.5201780874951614
20,0.1,868,0.4623529411764706,0.9553333333333334,0.18878840801548882,0.3150000000000001,0.7543916913946589,0.0034562211981566822,0.56249325626204
20,0.1,851,0.5070588235294118,0.9706666666666667,0.19256268755837733,0.28922374429223746,0.7411867905056775,0.004700352526439483,0.5565407319952748
20,0.1,883,0.46705882352941175,0.9513333333333333,0.19303082420515705,0.2992765957446809,0.7644333333333342,0.0033975084937712344,0.5444696969696954
20,0.1,857,0.47058823529411764,0.9979999999999998,0.19694567907471697,0.2982903225806449,0.7470266666666674,0.005834305717619603,0.5160993740219081
20,0.1,850,0.48,0.9639999999999997,0.18025010930164503,0.3286776859504134,0.7340236686390551,0.0035294117647058825,0.5502951593860661
20,0.1,890,0.46,0.980666666666667,0.18085592222755512,0.32176029962546854,0.7385780885780889,0.0033707865168539327,0.533374671176247
20,0.1,865,0.5,0.9299999999999996,0.18475083514980756,0.2727419354838711,0.7590909090909077,0.0023121387283236996,0.6076013904982602
20,0.1,868,0.4647058823529412,0.9640000000000002,0.21289585418911472,0.2759605911330052,0.7700587741393767,0.004608294930875576,0.5739930555555541
20,0.1,861,0.4835294117647059,0.9733333333333334,0.18693577844375212,0.3051063829787234,0.7580565805658068,0.003484320557491289,0.535221445221445
20,0.1,883,0.46,0.9213333333333332,0.13623670437417523,0.2948051948051947,0.7155266015200877,0.0011325028312570782,0.584372637944064
20,0.1,896,0.45176470588235296,0.9586666666666669,0.1849189071229002,0.31745192307692316,0.753717228464419,0.002232142857142857,0.5719202087993992
20,0.1,902,0.46705882352941175,0.9533333333333334,0.18502444047690753,0.3068181818181816,0.7447142857142857,0.0022172949002217295,0.5642259259259249
20,0.1,859,0.49411764705882355,0.9673333333333333,0.1894185435993378,0.31043859649122824,0.7415686274509811,0.0034924330616996507,0.5515342679127708
20,0.1,843,0.46705882352941175,0.9979999999999998,0.21974446888308802,0.26915384615384635,0.7783636363636371,0.005931198102016607,0.53579952267303
20,0.1,858,0.4964705882352941,0.948,0.18864841061204388,0.29264285714285715,0.7805698924731196,0.002331002331002331,0.5736799065420543
20,0.1,866,0.45647058823529413,0.9426666666666665,0.16836727435870744,0.3096590909090912,0.7338159371492714,0.0023094688221709007,0.5509992283950594
20,0.1,868,0.44,0.9666666666666669,0.1827705910604921,0.30395904436860066,0.7122183098591562,0.004608294930875576,0.5230864197530848
20,0.1,874,0.47294117647058825,0.9706666666666667,0.2159118541020959,0.2873384030418253,0.7695920398009946,0.004576659038901602,0.5510344827586204
20,0.1,845,0.4858823529411765,0.9486666666666665,0.20300550993117025,0.3146082949308754,0.7647243426632723,0.0035502958579881655,0.5844615993665851
20,0.1,860,0.47294117647058825,0.9873333333333333,0.1941833952967906,0.32267796610169536,0.7651111111111124,0.0034883720930232558,0.5300077790742884
20,0.1,868,0.48823529411764705,0.9606666666666667,0.20271543284207302,0.28996183206106885,0.7539978902953585,0.004608294930875576,0.5313040123456789
20,0.1,846,0.4894117647058824,0.9486666666666668,0.1779142575530308,0.29700534759358266,0.7370512820512833,0.002364066193853428,0.5440047393364922
20,0.1,840,0.4858823529411765,0.9406666666666667,0.1852501686100929,0.2817415730337079,0.7753961748633884,0.0035714285714285713,0.5392194344882507
20,0.1,907,0.4470588235294118,0.9366666666666666,0.19315037009327365,0.3128494623655912,0.7678959810874687,0.002205071664829107,0.5981289134438285
20,0.1,816,0.48,0.9593333333333334,0.17037814982272942,0.3339024390243906,0.7325641025641042,0.0024509803921568627,0.5366625716625689
20,0.1,866,0.49411764705882355,0.9733333333333334,0.23314705002621508,0.2892857142857144,0.7994708994708987,0.004618937644341801,0.5715429234338748
20,0.1,856,0.4976470588235294,0.9300000000000002,0.16823448114895984,0.3389041095890412,0.7580994152046783,0.0011682242990654205,0.585922027290446
20,0.1,840,0.47294117647058825,0.9306666666666669,0.18149367087027132,0.313846153846154,0.7350708215297446,0.0035714285714285713,0.5639745121465536
20,0.1,861,0.4858823529411765,0.9680000000000003,0.18681413284325002,0.32423664122137436,0.7474765258215973,0.003484320557491289,0.5499922299922282
20,0.1,850,0.4717647058823529,0.9740000000000002,0.18022862406407525,0.32094936708860794,0.7594618055555561,0.004705882352941176,0.49476359338061215
20,0.1,865,0.46588235294117647,0.9553333333333338,0.17635113236417352,0.3497916666666677,0.7406531531531548,0.003468208092485549,0.5461910286156201
20,0.1,881,0.4788235294117647,0.9646666666666668,0.20071052990467664,0.28574585635359123,0.7783380547686505,0.00340522133938706,0.5854328018223247
20,0.3,877,0.45647058823529413,0.9499999999999998,0.2783361979749403,0.1660606060606057,0.8445358090185723,0.0034207525655644243,0.585865751334861
20,0.1,852,0.48470588235294115,0.9393333333333334,0.18007550955948318,0.27494736842105255,0.7570396270396245,0.0011737089201877935,0.6056130043086533
20,0.3,903,0.4505882352941176,0.9639999999999997,0.27570733422443744,0.16595129375951304,0.8544155844155868,0.004429678848283499,0.5483685576566584
20,0.3,861,0.4647058823529412,0.9653333333333338,0.28391226974965983,0.12078014184397154,0.8500651465798053,0.003484320557491289,0.5531507381507385
20,0.3,813,0.4764705882352941,0.950666666666667,0.28117929425589094,0.14432267884322647,0.8361837455830415,0.004920049200492005,0.5328759785743729
20,0.3,820,0.4835294117647059,0.9686666666666668,0.2750782496957043,0.1025470085470085,0.8316517857142866,0.003658536585365854,0.5210159118727056
20,0.3,882,0.47411764705882353,0.9559999999999998,0.3003740929411542,0.1433762517882688,0.8502127659574482,0.0045351473922902496,0.5538192862566437
20,0.3,861,0.4505882352941176,0.9286666666666668,0.27213574517310374,0.12718749999999998,0.8509116809116849,0.003484320557491289,0.5840792540792564
20,0.3,860,0.4788235294117647,0.9420000000000001,0.2479302102627148,0.09508771929824576,0.7930593607305946,0.0034883720930232558,0.5201711396343834
20,0.3,894,0.46352941176470586,0.9560000000000002,0.29054374345675876,0.1708878504672897,0.8436730360934215,0.0044742729306487695,0.6089138576779046
20,0.3,821,0.4752941176470588,0.9566666666666669,0.2703660627185582,0.15582766439909276,0.8694585987261159,0.00243605359317905,0.5760683760683789
20,0.3,850,0.5035294117647059,0.9326666666666668,0.27116249357916167,0.13211946050096326,0.8461682242990677,0.0035294117647058825,0.558504525777255
20,0.3,872,0.4764705882352941,0.9793333333333332,0.302374817582856,0.16434472934472943,0.869405684754523,0.0045871559633027525,0.5750960061443946
20,0.3,871,0.4447058823529412,0.9400000000000004,0.2628848118924638,0.1170572916666667,0.8369778869778884,0.002296211251435132,0.608454161871884
20,0.3,850,0.49058823529411766,0.9386666666666668,0.26315476677447575,0.1141966426858514,0.8151724137931079,0.002352941176470588,0.616576257861636
20,0.3,882,0.4447058823529412,0.9426666666666665,0.26661929066487905,0.16005988023952072,0.8357816377171244,0.003401360544217687,0.5987258248009117
20,0.3,870,0.4929411764705882,0.9826666666666667,0.26486057867630974,0.14324522760646102,0.804793103448279,0.004597701149425287,0.5206966897613556
20,0.3,875,0.4588235294117647,0.9826666666666665,0.28951706755177464,0.18423312883435616,0.8391721854304671,0.006857142857142857,0.49580360567702564
20,0.3,881,0.4811764705882353,0.936,0.2751231312806888,0.17168168168168163,0.8615614617940218,0.004540295119182747,0.5430444697833546
20,0.3,831,0.4964705882352941,0.9586666666666666,0.2707890816303989,0.14988304093567242,0.828435754189946,0.0036101083032490976,0.5859742351046713
20,0.3,846,0.5035294117647059,0.9460000000000001,0.27228117299548155,0.1323481116584563,0.8157615894039769,0.004728132387706856,0.538618368962789
20,0.3,885,0.44823529411764707,0.9400000000000002,0.27732868471520744,0.12357941834451905,0.8434459459459493,0.0022598870056497176,0.6185503963759915
20,0.3,853,0.5023529411764706,0.9539999999999997,0.28292174244659124,0.16457286432160773,0.8498677248677267,0.0035169988276670576,0.5883529411764731
20,0.3,899,0.46,0.9653333333333334,0.2694229235422631,0.15975352112676058,0.8477102803738337,0.0055617352614015575,0.48052572706935154
20,0.3,853,0.4929411764705882,0.9486666666666668,0.27167152607009654,0.14339933993399323,0.8235380116959096,0.004689331770222743,0.5587082842559892
20,0.3,818,0.4976470588235294,0.9446666666666665,0.26421817212609583,0.11067599067599082,0.826323119777162,0.0024449877750611247,0.5909926470588248
20,0.3,869,0.4588235294117647,0.9920000000000001,0.30091339262968253,0.15398692810457534,0.8014110429447886,0.00805523590333717,0.47663573085846894
20,0.3,894,0.48705882352941177,0.9513333333333333,0.2752259437499966,0.18181944444444464,0.8461562500000019,0.0044742729306487695,0.5458164794007506
20,0.3,871,0.48,0.9599999999999999,0.26756411265718527,0.14898333333333313,0.8236103151862482,0.004592422502870264,0.5581391772395234
20,0.3,887,0.4588235294117647,0.964,0.30249388118342135,0.13128700128700127,0.8366760563380313,0.005636978579481398,0.5341345427059728
20,0.3,890,0.46941176470588236,0.9646666666666668,0.2887399079851565,0.12267185473411134,0.8334210526315805,0.0056179775280898875,0.5119322033898318
20,0.3,848,0.4752941176470588,0.964,0.26202319428669724,0.15874824191279893,0.8226190476190495,0.0047169811320754715,0.5129265402843608
20,0.3,832,0.4717647058823529,0.9579999999999997,0.27553816508175566,0.12191756272401431,0.8557854406130287,0.003605769230769231,0.5386489746682758
20,0.3,877,0.45294117647058824,0.9853333333333334,0.2804316390297286,0.1657489878542512,0.8350308641975339,0.004561003420752566,0.5348568155784672
20,0.3,843,0.4823529411764706,0.9540000000000002,0.26362107471608687,0.1970847851335661,0.8258431372549034,0.005931198102016607,0.49711217183771067
20,0.3,856,0.4788235294117647,0.9619999999999999,0.2897659815714512,0.1608962264150942,0.8494117647058853,0.004672897196261682,0.5758802816901413
20,0.3,871,0.5047058823529412,0.9713333333333333,0.29016462272886334,0.16276023391812894,0.8512840466926089,0.0057405281285878304,0.5139607390300251
20,0.3,852,0.4894117647058824,0.9566666666666664,0.2642676365482858,0.1655009107468122,0.8271225071225105,0.0035211267605633804,0.5740910875539872
20,0.3,871,0.4764705882352941,0.9506666666666667,0.28618370318113884,0.1685067873303168,0.8799331103678962,0.004592422502870264,0.5471895424836609
20,0.3,849,0.4964705882352941,0.9419999999999998,0.24818994529084973,0.14141104294478538,0.8362068965517268,0.0035335689045936395,0.5494483845547695
20,0.3,873,0.5223529411764706,0.9513333333333333,0.28333198219621347,0.15761904761904766,0.8269767441860488,0.0057273768613974796,0.5440284178187413
20,0.3,869,0.4823529411764706,0.9619999999999997,0.28682587771026713,0.1399082568807337,0.8399399399399433,0.004602991944764097,0.553984585741813
20,0.3,853,0.4776470588235294,0.9313333333333332,0.24672456879923094,0.1528423772609819,0.860173611111112,0.0023446658851113715,0.5762788875832375
20,0.3,869,0.5235294117647059,0.9626666666666667,0.30598498477495495,0.14500000000000007,0.8426203208556186,0.004602991944764097,0.5585433526011566
20,0.3,857,0.47294117647058825,0.9819999999999999,0.26136261468760935,0.14405913978494594,0.7956387665198256,0.005834305717619603,0.4946009389671368
20,0.3,861,0.45529411764705885,0.9806666666666668,0.2893336857491806,0.18898597626753022,0.8373125000000028,0.005807200929152149,0.5153037383177588
20,0.3,874,0.4752941176470588,0.950666666666667,0.29219630807014074,0.14005780346820793,0.8658536585365881,0.003432494279176201,0.6053731343283608
20,0.3,888,0.4823529411764706,0.9653333333333336,0.30833747228924185,0.14993169398907105,0.8551089588377762,0.0045045045045045045,0.5728393665158383
20,0.3,859,0.4858823529411765,0.9806666666666668,0.29530528540623935,0.12854761904761874,0.8315248226950387,0.005820721769499418,0.4958938329430146
20,0.3,871,0.4976470588235294,0.97,0.254889104063499,0.18646922183507592,0.8377251184834128,0.0057405281285878304,0.4776327944572758
20,0.5,882,0.43411764705882355,0.8866666666666667,0.15954048284416353,0,0.8355066079295203,0,0.6993801965230546
20,0.5,857,0.4764705882352941,0.8879999999999999,0.17653702690451742,0,0.8565470852017953,0,0.6989342668222485
20,0.3,901,0.4976470588235294,0.9899999999999997,0.25826497263350623,0.14150061500614997,0.8260227272727264,0.005549389567147614,0.47656250000000117
20,0.5,830,0.4470588235294118,0.8953333333333334,0.17639568569515526,0,0.8433109619686838,0,0.6924738955823322
20,0.5,855,0.49176470588235294,0.8880000000000001,0.16360025384132013,0,0.8307552083333353,0,0.6684171539961024
20,0.5,850,0.46941176470588236,0.8873333333333335,0.14708761467857728,0,0.8280241935483885,0,0.6183333333333364
20,0.5,843,0.48,0.8880000000000003,0.16501543131787808,0,0.8349742268041286,0,0.6740371688414396
20,0.5,864,0.4811764705882353,0.8866666666666667,0.15415455162339034,0,0.8234653465346568,0,0.6726234567901246
20,0.5,849,0.47411764705882353,0.8866666666666668,0.1790122007700451,0,0.8455864811133244,0,0.7137691401649006
20,0.5,864,0.48470588235294115,0.8873333333333333,0.1621151656140419,0,0.8277506112469468,0,0.6765354938271626
20,0.5,850,0.48705882352941177,0.8879999999999999,0.17427283346942438,0,0.834247967479679,0,0.7010745098039237
20,0.5,858,0.4611764705882353,0.8873333333333331,0.17903517214641076,0,0.8356351039260994,0,0.6745609945609975
20,0.5,856,0.46588235294117647,0.8866666666666667,0.17605289216449097,0,0.8501965601965621,0,0.6797001557632413
20,0.5,876,0.49058823529411766,0.8866666666666667,0.16906704368552722,0,0.8453586497890325,0,0.7009969558599707
20,0.5,867,0.47294117647058825,0.8873333333333335,0.17236393023794958,0,0.8504517453798818,0,0.7083391003460215
20,0.5,850,0.49058823529411766,0.8866666666666667,0.16982590289518248,0,0.8430917874396162,0,0.6857764705882364
20,0.5,823,0.45647058823529413,0.8933333333333333,0.1469480424522301,0,0.8201591511936378,0,0.6708302956662638
20,0.5,863,0.4541176470588235,0.8866666666666667,0.183040104255848,0,0.8620627802690621,0,0.6953263808420267
20,0.5,810,0.48705882352941177,0.8933333333333333,0.16966120381341,0,0.8452972972973006,0,0.740604938271607
20,0.5,835,0.4976470588235294,0.8886666666666667,0.17451026550355883,0,0.8500631578947392,0,0.7075009980039932
20,0.5,853,0.5035294117647059,0.8879999999999999,0.17622866380942168,0,0.8418000000000012,0,0.6725478702618222
20,0.5,869,0.45176470588235296,0.8873333333333333,0.1565808057522481,0,0.8268865435356233,0,0.6700345224395879
20,0.5,843,0.5058823529411764,0.8866666666666667,0.16377160778464817,0,0.8350000000000029,0,0.6794859628311605
20,0.5,834,0.5047058823529412,0.8880000000000001,0.17361911056024384,0,0.8365217391304375,0,0.6868145483613137
20,0.5,844,0.4858823529411765,0.8866666666666667,0.18465820204264302,0,0.8701558441558453,0,0.6827448657188008
20,0.5,854,0.46352941176470586,0.8879999999999999,0.1812950429074673,0,0.8648228882833792,0,0.6661709601873561
20,0.5,865,0.4576470588235294,0.8866666666666667,0.17033010735296464,0,0.8422802850356337,0,0.686134874759155
20,0.5,857,0.46588235294117647,0.8866666666666667,0.1695359295162101,0,0.8494226804123748,0,0.7207895760404527
20,0.5,850,0.4717647058823529,0.8880000000000001,0.16964527340295368,0,0.8300471698113252,0,0.674047058823532
20,0.5,861,0.49411764705882355,0.8880000000000001,0.15898485951286412,0,0.8294642857142885,0,0.6417460317460327
20,0.5,873,0.49411764705882355,0.8866666666666667,0.16941017517467094,0,0.8479945799458035,0,0.6740740740740746
20,0.5,893,0.4576470588235294,0.8813333333333333,0.15626554065802165,0,0.8390149253731375,0,0.6569652855543101
20,0.5,888,0.5023529411764706,0.8813333333333334,0.17761832902216576,0,0.8475110132158586,0,0.6918055555555574
20,0.5,863,0.4717647058823529,0.8866666666666665,0.175186286725245,0,0.8623376623376646,0,0.6375048281189669
20,0.5,878,0.44,0.8866666666666665,0.17252359042448387,0,0.8477022058823561,0,0.7316097190584663
20,0.5,877,0.5,0.8846666666666668,0.15549620082550994,0,0.8352469135802503,0,0.7067920942607371
20,0.5,877,0.47411764705882353,0.8873333333333335,0.16820041556457827,0,0.8486078431372568,0,0.7155834283542408
20,0.5,877,0.46941176470588236,0.8873333333333333,0.1572371392155252,0,0.8169476082004593,0,0.6775446598251611
20,0.5,859,0.5058823529411764,0.8873333333333331,0.16083114574095372,0,0.8408955223880629,0,0.7080675203725267
20,0.5,835,0.49529411764705883,0.8913333333333333,0.17319637750921066,0,0.8468958742632633,0,0.7148822355289417
20,0.5,881,0.4752941176470588,0.8846666666666664,0.17588265155088073,0,0.8495566502463077,0,0.67225501324253
20,0.5,810,0.48,0.8926666666666667,0.15598089322002542,0,0.8237875288683626,0,0.6970699588477381
20,0.5,888,0.5047058823529412,0.8840000000000001,0.17836795698509703,0,0.8493561368209281,0,0.7082695195195197
20,0.5,813,0.4823529411764706,0.8933333333333335,0.1611209166106264,0,0.8183333333333362,0,0.6731734317343213
20,0.5,848,0.48,0.8873333333333333,0.14497168872407287,0,0.8199588477366303,0,0.7049724842767303
20,0.5,885,0.4858823529411765,0.8866666666666665,0.1821100662589518,0,0.8429004329004338,0,0.6828700564971768
20,0.5,809,0.4964705882352941,0.8939999999999998,0.16927497120804325,0,0.836188235294122,0,0.6891470951792362
20,0.5,878,0.4764705882352941,0.8879999999999998,0.17076835582393232,0,0.8418480492813155,0,0.7059149582384211
20,0.5,859,0.4623529411764706,0.8873333333333335,0.16614516663923953,0,0.8366606498194953,0,0.7262824990298802
20,0.5,863,0.4788235294117647,0.8873333333333333,0.1776173433542646,0,0.8599431818181842,0,0.6649710312862138
20,0.5,858,0.49058823529411766,0.8866666666666668,0.18015566801024133,0,0.854243902439027,0,0.6760567210567219
20,0.7,824,0.4964705882352941,0.8893333333333334,0.1824489821609173,0,0.8523340040241476,0,0.7194174757281563
20,0.7,837,0.4682352941176471,0.8880000000000001,0.16703002736437214,0,0.8395614035087751,0,0.6552369573874964
20,0.7,877,0.46705882352941175,0.8866666666666667,0.15894864327431205,0,0.843895131086145,0,0.6185138730520731
20,0.7,866,0.4611764705882353,0.8880000000000001,0.18363348273990066,0,0.8549636803874112,0,0.6750962278675927
20,0.7,824,0.4929411764705882,0.894,0.17244390416981886,0,0.8374423480083887,0,0.704231391585762
20,0.7,913,0.47058823529411764,0.88,0.16824515145199984,0,0.8435866983372969,0,0.6742168674698815
20,0.7,819,0.5023529411764706,0.8906666666666666,0.15443022973904183,0,0.8273821989528818,0,0.6752258852258876
20,0.7,856,0.47058823529411764,0.8873333333333335,0.15641121018108098,0,0.8266737739872094,0,0.7009345794392541
20,0.7,863,0.47294117647058825,0.8873333333333333,0.18236551892692582,0,0.849070351758799,0,0.6735225955967576
20,0.7,885,0.47058823529411764,0.8873333333333335,0.16223400753513462,0,0.8409771309771347,0,0.7015028248587571
20,0.7,856,0.46588235294117647,0.8873333333333335,0.1678794695215076,0,0.8488585607940479,0,0.6850739875389416
20,0.7,881,0.4505882352941176,0.8866666666666668,0.16095108736896527,0,0.8402952755905542,0,0.7166666666666658
20,0.7,863,0.4576470588235294,0.8873333333333333,0.1714472370319872,0,0.8403874538745415,0,0.720903823870222
20,0.7,907,0.45647058823529413,0.8806666666666666,0.17821700048407774,0,0.8514255765199189,0,0.6930944505696439
20,0.7,845,0.4988235294117647,0.8866666666666667,0.14369944065515353,0,0.8125738396624516,0,0.7041972386587756
20,0.7,887,0.46588235294117647,0.8826666666666667,0.1705821666179902,0,0.8392748091603089,0,0.716211950394589
20,0.7,864,0.4576470588235294,0.8866666666666667,0.16225818547159046,0,0.8267391304347855,0,0.6473572530864217
20,0.7,821,0.5011764705882353,0.8906666666666668,0.1736735440207321,0,0.8429310344827619,0,0.6552537555826251
20,0.7,854,0.47294117647058825,0.8873333333333335,0.16863990149932387,0,0.8372154471544749,0,0.707150663544107
20,0.7,863,0.4470588235294118,0.8873333333333335,0.1813099010706943,0,0.8596017699115065,0,0.6986674391657023
20,0.7,857,0.4835294117647059,0.8873333333333331,0.19605182680972624,0,0.8677484787018293,0,0.71666666666667
20,0.7,829,0.5035294117647059,0.8880000000000001,0.17052494731197548,0,0.8366734279918907,0,0.7111459589867323
20,0.7,864,0.4988235294117647,0.8866666666666667,0.16017392855900767,0,0.828636363636366,0,0.6635532407407424
20,0.7,856,0.4776470588235294,0.8886666666666667,0.18291700867257346,0,0.8468410462776702,0,0.705774922118382
20,0.7,860,0.46941176470588236,0.8873333333333335,0.1599636250024865,0,0.837201086956525,0,0.6684341085271331
20,0.7,843,0.4811764705882353,0.8873333333333335,0.161334819232829,0,0.8285895117540736,0,0.7251087386318728
20,0.7,860,0.4776470588235294,0.8866666666666667,0.1663493217858591,0,0.8341092636579609,0,0.6855232558139545
20,0.7,851,0.4929411764705882,0.8893333333333334,0.13546833927011104,0,0.7975619834710752,0,0.608817077947517
20,0.7,836,0.5011764705882353,0.89,0.19009438356289973,0,0.8688295165394425,0,0.6816507177033527
20,0.7,837,0.48470588235294115,0.8926666666666667,0.15417979827800626,0,0.8312274368231094,0,0.7288530465949821
20,0.7,881,0.44588235294117645,0.8846666666666669,0.18643164051201477,0,0.8662117647058836,0,0.6814680287552045
20,0.7,846,0.49411764705882355,0.8866666666666667,0.15757797939298362,0,0.8352631578947407,0,0.721063829787234
20,0.7,853,0.4623529411764706,0.8873333333333335,0.17394746297844949,0,0.8413186813186849,0,0.6909886674482248
20,0.7,817,0.4588235294117647,0.8933333333333333,0.16613979710034132,0,0.8423868312757227,0,0.7105875152998772
20,0.7,856,0.48823529411764705,0.8866666666666667,0.1627996290981119,0,0.8433233532934155,0,0.6539758566978201
20,0.7,872,0.45529411764705885,0.8866666666666667,0.15890692266884227,0,0.822122015915121,0,0.6601108562691138
20,0.7,847,0.5035294117647059,0.8866666666666667,0.18045157684591145,0,0.858850574712647,0,0.698701298701301
20,0.7,833,0.46705882352941175,0.8906666666666668,0.16340460591362096,0,0.8368513853904311,0,0.6786274509803933
20,0.7,871,0.46941176470588236,0.8866666666666668,0.16006577683575215,0,0.8324742268041274,0,0.6674205893608901
20,0.7,855,0.46941176470588236,0.8873333333333331,0.1632016934652879,0,0.8382558139534939,0,0.716054580896686
20,0.7,844,0.48823529411764705,0.8906666666666666,0.15464128363106394,0,0.830850000000005,0,0.744044233807266
20,0.7,870,0.48470588235294115,0.8866666666666667,0.14009846108998844,0,0.8062907268170468,0,0.675241379310345
20,0.7,877,0.44588235294117645,0.8880000000000001,0.16087355016826607,0,0.8326495726495775,0,0.6914899277841131
20,0.7,860,0.46705882352941175,0.8866666666666668,0.1613254351619033,0,0.8546515679442542,0,0.7542209302325589
20,0.7,863,0.4611764705882353,0.8886666666666666,0.13225629884653964,0,0.8062068965517285,0,0.6825415218230992
20,0.7,837,0.4788235294117647,0.8880000000000001,0.13596426497757352,0,0.8196039603960414,0,0.6091596973317432
20,0.7,824,0.4717647058823529,0.8933333333333333,0.1545742381028426,0,0.8152599388379242,0,0.6476658576051812
20,0.7,836,0.4858823529411765,0.8879999999999999,0.16912317396971457,0,0.8322559652928446,0,0.6928867623604482
20,0.7,820,0.48,0.8946666666666669,0.18327588001372283,0,0.8551973684210551,0,0.6993780487804907
20,0.7,840,0.4988235294117647,0.8873333333333331,0.16720014960274404,0,0.8339439655172436,0,0.6962103174603173
25,0.1,874,0.47411764705882353,0.9580000000000003,0.20475800200590027,0.2961428571428575,0.7559748427672934,0.003432494279176201,0.5799004975124361
25,0.1,844,0.48705882352941177,0.9566666666666669,0.176003395692658,0.3251818181818187,0.7377960526315799,0.0035545023696682463,0.548271898533489
25,0.1,820,0.4823529411764706,0.9833333333333335,0.20958523395563333,0.2926388888888889,0.7703861788617876,0.003658536585365854,0.5610607915136671
25,0.1,868,0.4505882352941176,0.9639999999999997,0.20391219452021536,0.29391891891891897,0.7827189988623429,0.0034562211981566822,0.5536531791907507
25,0.1,850,0.4811764705882353,0.9566666666666664,0.184597940630548,0.32028000000000056,0.7409507829977635,0.0035294117647058825,0.5373435655253828
25,0.1,901,0.45294117647058824,0.9706666666666667,0.19075352132512585,0.32725423728813574,0.7577158469945356,0.003329633740288568,0.5343949517446169
25,0.1,814,0.5011764705882353,0.9606666666666668,0.19253331015759,0.3068085106382974,0.7728093645484956,0.0036855036855036856,0.5614591039868464
25,0.1,884,0.4894117647058824,0.9806666666666666,0.18723407537586514,0.32766570605187384,0.7361430395913164,0.004524886877828055,0.5184090909090884
25,0.1,846,0.49411764705882355,0.9660000000000001,0.19505666567282523,0.3200709219858155,0.7540570175438606,0.0035460992907801418,0.5323487544483979
25,0.1,875,0.46705882352941175,0.9966666666666668,0.2053069069366579,0.3172063492063499,0.7825391095066185,0.004571428571428572,0.5249445082280906
25,0.1,880,0.4647058823529412,0.9533333333333334,0.1999635778606365,0.31074204946996464,0.747867711053089,0.004545454545454545,0.5561605783866035
25,0.1,867,0.4623529411764706,0.9426666666666665,0.1820177203846593,0.32629629629629614,0.7649333333333324,0.002306805074971165,0.5700462427745666
25,0.1,859,0.46,0.9619999999999999,0.18875162393684175,0.2974324324324324,0.7440827740492175,0.0034924330616996507,0.5520054517133945
25,0.1,876,0.45647058823529413,0.9626666666666667,0.17810719436397662,0.3080816326530613,0.726976190476192,0.003424657534246575,0.5289728904161884
25,0.1,862,0.4835294117647059,0.9526666666666667,0.18185715304230562,0.3126459143968878,0.7437940379403799,0.0034802784222737818,0.5233954210322052
25,0.1,867,0.45176470588235296,0.9433333333333334,0.17598741626708536,0.3046451612903226,0.7642841530054653,0.002306805074971165,0.5668516377649314
25,0.1,826,0.5035294117647059,0.945333333333333,0.18794691948507794,0.3073376623376622,0.7577579806978441,0.002421307506053269,0.6101173139158548
25,0.1,825,0.5141176470588236,0.9553333333333333,0.20650089641364772,0.30449999999999994,0.7869723865877712,0.0036363636363636364,0.570279805352797
25,0.1,870,0.4717647058823529,0.9913333333333334,0.21989690813142737,0.3117086834733893,0.8010416666666677,0.005747126436781609,0.5213333333333329
25,0.1,864,0.4988235294117647,0.9393333333333336,0.18859709119974405,0.2596178343949045,0.7573398479913144,0.003472222222222222,0.5576035617499036
25,0.1,835,0.4976470588235294,0.9666666666666667,0.1745838118158122,0.3141106719367591,0.7240833333333334,0.003592814371257485,0.520789262820512
25,0.1,904,0.4364705882352941,0.9560000000000001,0.1930792580493188,0.3141176470588236,0.754392446633825,0.0022123893805309734,0.5780450849963037
25,0.1,850,0.48470588235294115,0.9506666666666668,0.17139395343076752,0.34202312138728347,0.7376968174204351,0.002352941176470588,0.5836163522012555
25,0.1,846,0.49529411764705883,0.9566666666666669,0.21573190067889772,0.27172619047619034,0.7763965884861378,0.0035460992907801418,0.6157295373665458
25,0.1,875,0.46588235294117647,0.9706666666666667,0.204412142672178,0.3219543973941364,0.7620920920920932,0.0034285714285714284,0.5484365443425062
25,0.1,856,0.4858823529411765,0.9586666666666666,0.17746482541476977,0.3103636363636363,0.742311265969804,0.002336448598130841,0.5512217017954696
25,0.1,855,0.47411764705882353,0.9486666666666668,0.18131807130495792,0.34064000000000033,0.7359090909090913,0.0023391812865497076,0.5541695974990217
25,0.1,859,0.48470588235294115,0.9593333333333336,0.1766468826134258,0.30442211055276436,0.7238107638888883,0.0034924330616996507,0.5675700934579424
25,0.1,842,0.4988235294117647,0.97,0.17753744290911758,0.3155445544554455,0.746735870818916,0.0035629453681710215,0.5599841080651567
25,0.1,873,0.46588235294117647,0.9700000000000002,0.23030298707089733,0.26165975103734435,0.7806785411365545,0.004581901489117984,0.5751668584579956
25,0.1,874,0.48,0.9973333333333333,0.19288547725066837,0.3450268817204306,0.7665525982256024,0.004576659038901602,0.5166513409961663
25,0.1,843,0.49411764705882355,0.9513333333333333,0.1757431365694675,0.26000000000000006,0.742975845410628,0.002372479240806643,0.5915457788347179
25,0.1,880,0.4647058823529412,0.9513333333333335,0.1905153289485488,0.33767716535433084,0.7684820512820512,0.0022727272727272726,0.5568792710706149
25,0.1,867,0.4811764705882353,0.9253333333333335,0.18274618933757678,0.2743103448275862,0.7560259529602587,0.002306805074971165,0.5965626204238913
25,0.1,884,0.47294117647058825,0.9533333333333334,0.1892526685795061,0.31550847457627157,0.7435644444444446,0.003393665158371041,0.5671358304956473
25,0.1,871,0.49058823529411766,0.9573333333333333,0.17802602175389343,0.32791530944625313,0.7370703125000005,0.003444316877152698,0.5189055299539171
25,0.1,845,0.4929411764705882,0.9606666666666667,0.1945802082884638,0.27617346938775517,0.7473232323232332,0.0035502958579881655,0.5576959619952483
25,0.1,870,0.4764705882352941,0.9493333333333334,0.16229942074591022,0.3300432900432904,0.7312568306010939,0.0034482758620689655,0.5309573241061115
25,0.1,864,0.4835294117647059,0.9793333333333332,0.1993394018463083,0.32388235294117695,0.7842533936651591,0.004629629629629629,0.516333333333333
25,0.1,855,0.47411764705882353,0.9706666666666667,0.18142467211154398,0.3298148148148144,0.7305065856129698,0.0035087719298245615,0.5369444444444438
25,0.1,898,0.5058823529411764,0.9419999999999998,0.18659534595353347,0.3014159292035396,0.7409700722394231,0.0033407572383073497,0.5470353817504634
25,0.1,854,0.47058823529411764,0.9559999999999996,0.19442900899761772,0.3028138528138527,0.7708591065292096,0.00351288056206089,0.5451037994516242
25,0.1,856,0.47411764705882353,0.9586666666666666,0.16377824163758195,0.29952879581151803,0.7672473118279581,0.002336448598130841,0.5237939110070255
25,0.1,894,0.4470588235294118,0.9620000000000001,0.18706229868139496,0.31233183856502245,0.7455787641427329,0.003355704697986577,0.5669509913954327
25,0.1,851,0.4647058823529412,0.9313333333333329,0.18056877806119268,0.32619791666666664,0.7440600315955735,0.0023501762632197414,0.5866823714173499
25,0.1,861,0.44941176470588234,0.9633333333333335,0.16546266181270858,0.2844736842105265,0.7108142493638689,0.003484320557491289,0.5464996114996095
25,0.1,832,0.5047058823529412,0.986,0.17326029680155763,0.3255417956656346,0.7423063063063071,0.004807692307692308,0.49670692431561925
25,0.1,870,0.44941176470588234,0.9386666666666665,0.16841993917012618,0.3052380952380953,0.7595460440985736,0.0022988505747126436,0.5503840245775714
25,0.1,822,0.5035294117647059,0.9726666666666667,0.1954519473139085,0.3293172690763054,0.7886507936507937,0.0036496350364963502,0.5370207570207549
25,0.1,871,0.508235294117647,0.9580000000000001,0.17584355883944117,0.3103448275862072,0.7404914529914538,0.003444316877152698,0.5557565284178172
25,0.3,856,0.45529411764705885,0.9746666666666666,0.27963568332572697,0.1571895424836602,0.8392831541218648,0.005841121495327103,0.5178495887191563
25,0.3,850,0.4752941176470588,0.9513333333333329,0.2683914916283313,0.13489959839357424,0.8484952978056448,0.0035294117647058825,0.5709838646202304
25,0.3,851,0.47294117647058825,0.9706666666666667,0.2990945239604758,0.1279908675799084,0.8530372492836713,0.004700352526439483,0.5665997638724931
25,0.3,823,0.48,0.9746666666666666,0.2817918384582752,0.15837009803921595,0.8597607655502402,0.006075334143377886,0.4877139364303196
25,0.3,848,0.4823529411764706,0.9600000000000002,0.2776144693644296,0.11976311336717398,0.8262116040955656,0.003537735849056604,0.5411321499013837
25,0.3,852,0.4858823529411765,0.9786666666666669,0.29164001133620676,0.122663476874003,0.8510197368421076,0.004694835680751174,0.5423860062893092
25,0.3,811,0.49176470588235294,0.9659999999999999,0.26149184196781694,0.16746312684365766,0.8165182186234833,0.004932182490752158,0.5135026848409763
25,0.3,873,0.47411764705882353,0.9733333333333329,0.2658217417999977,0.17280225988700587,0.809308943089432,0.0057273768613974796,0.4862480798771123
25,0.3,845,0.46941176470588236,0.941333333333333,0.23338913667855807,0.1472494172494171,0.8001418439716346,0.002366863905325444,0.5588849347568233
25,0.3,874,0.4752941176470588,0.9466666666666667,0.24519361055283156,0.11511247443762783,0.7994237288135632,0.003432494279176201,0.5605089934940686
25,0.3,857,0.48705882352941177,0.968,0.3022327548270756,0.15613888888888877,0.8855205047318633,0.004667444574095682,0.5484056271981267
25,0.3,861,0.45647058823529413,0.96,0.2530049277114294,0.11531194295900163,0.8572832369942192,0.003484320557491289,0.5134731934731946
25,0.3,847,0.49176470588235294,0.9706666666666667,0.3067104346588523,0.11501225490196047,0.8371731448763282,0.0059031877213695395,0.5033254156769609
25,0.3,855,0.4988235294117647,0.9573333333333331,0.2930192531923563,0.12775510204081622,0.838857868020307,0.0035087719298245615,0.583759780907669
25,0.3,843,0.5047058823529412,0.9580000000000001,0.26376058108476613,0.15044563279857393,0.8348387096774216,0.0035587188612099642,0.5480476190476204
25,0.3,870,0.4623529411764706,1,0.287851429658241,0.15215839860748548,0.8479787234042561,0.008045977011494253,0.42819235225956
25,0.3,855,0.47294117647058825,0.9766666666666669,0.306246075967095,0.12520759193357045,0.8829184549356214,0.005847953216374269,0.49550980392156924
25,0.3,866,0.47294117647058825,0.964,0.24951278659358922,0.16245467224546722,0.8111453744493403,0.004618937644341801,0.5046558391337972
25,0.3,866,0.4611764705882353,0.9326666666666669,0.24262065357165744,0.17822751322751312,0.8318793503480302,0.0023094688221709007,0.6350733024691364
25,0.3,827,0.48705882352941177,0.9720000000000001,0.28588612878029124,0.14291866028708125,0.8281766381766414,0.0048367593712212815,0.5518793033616846
25,0.3,856,0.4858823529411765,0.9706666666666667,0.27141014208350606,0.15012931034482738,0.8052684563758412,0.004672897196261682,0.5300508607198767
25,0.3,917,0.46352941176470586,0.974,0.2990861136775812,0.16404309252218013,0.8795569620253193,0.004362050163576881,0.5469258853596219
25,0.3,861,0.48,0.9493333333333334,0.28855482495980844,0.16705387205387187,0.8448253275109207,0.003484320557491289,0.6105011655011672
25,0.3,823,0.48823529411764705,0.9766666666666669,0.2841407134420809,0.15277777777777793,0.8124358974359013,0.004860267314702308,0.5362678062678078
25,0.3,831,0.44823529411764707,0.9466666666666671,0.2676100910524705,0.11450980392156875,0.8399735449735478,0.0024067388688327317,0.6024809006835564
25,0.3,853,0.4835294117647059,0.9880000000000003,0.2936517284728821,0.14901282051282067,0.8291823899371098,0.005861664712778429,0.5203459119496865
25,0.3,816,0.4823529411764706,0.9713333333333335,0.2717342459726023,0.16517289073305666,0.8344444444444473,0.004901960784313725,0.5097167487684737
25,0.3,889,0.4823529411764706,0.9673333333333335,0.30176764688751895,0.12370218579234939,0.8359663865546252,0.0044994375703037125,0.549887005649718
25,0.3,858,0.49529411764705883,0.9653333333333334,0.30926118263988983,0.1444388609715241,0.8679017857142904,0.0034965034965034965,0.6103430799220291
25,0.3,884,0.4776470588235294,0.98,0.27717537571508055,0.13446096654275097,0.7858928571428593,0.005656108597285068,0.5185665529010229
25,0.3,869,0.47294117647058825,0.964,0.28659921966213914,0.1547973856209149,0.8611428571428581,0.005753739930955121,0.5137114197530869
25,0.3,848,0.4823529411764706,0.9460000000000001,0.2532585237842508,0.12948717948717947,0.8257105263157924,0.0023584905660377358,0.5993814026792755
25,0.3,864,0.48705882352941177,0.9833333333333333,0.29949140978213107,0.1703198031980321,0.8702922077922093,0.005787037037037037,0.5335312378734977
25,0.3,872,0.48,0.9239999999999998,0.24597836317852262,0.15227586206896535,0.8373667711598783,0.0022935779816513763,0.5741417624521107
25,0.3,832,0.4835294117647059,0.9953333333333336,0.3110258876758639,0.17293333333333352,0.8733750000000023,0.006009615384615385,0.5442805320435324
25,0.3,860,0.47411764705882353,0.9466666666666667,0.25195545450118934,0.15211946050096317,0.8179027355623129,0.0034883720930232558,0.5579813302217072
25,0.3,861,0.48823529411764705,0.9946666666666664,0.2736775914893916,0.15610958904109612,0.7882242990654209,0.008130081300813009,0.4388524590163941
25,0.3,824,0.4752941176470588,0.9599999999999999,0.27726168355292574,0.15396358543417357,0.8172260273972631,0.0048543689320388345,0.5275487804878078
25,0.3,825,0.4976470588235294,0.99,0.29850554246286026,0.1694829482948297,0.8510622710622732,0.006060606060606061,0.499174796747967
25,0.3,857,0.4423529411764706,0.9573333333333333,0.26625989722064175,0.15844537815126064,0.812365591397852,0.004667444574095682,0.5111098085189537
25,0.3,893,0.46352941176470586,0.9740000000000003,0.3007450213111338,0.1397043010752688,0.8410427807486659,0.004479283314669653,0.560131233595801
25,0.3,842,0.48,0.9726666666666666,0.2640594709647473,0.1425190839694656,0.8394505494505496,0.0059382422802850355,0.4724253285543601
25,0.3,898,0.4752941176470588,0.9633333333333332,0.24915506602066925,0.12363984674329495,0.8264317180616737,0.0033407572383073497,0.5316610800744885
25,0.3,871,0.4623529411764706,0.9206666666666669,0.23697507610540222,0.1479239766081873,0.8375000000000027,0.002296211251435132,0.5965247410817048
25,0.3,860,0.49058823529411766,0.986666666666667,0.2843853061982724,0.1852866242038218,0.8268078175895802,0.005813953488372093,0.5027056530214441
25,0.3,851,0.4894117647058824,0.99,0.2772934580053204,0.13238095238095227,0.8345142857142853,0.007050528789659225,0.4489467455621302
25,0.3,864,0.4588235294117647,0.9526666666666667,0.28138509777573883,0.16017973856209106,0.8527325581395383,0.003472222222222222,0.573770809136664
25,0.3,887,0.48705882352941177,0.9693333333333334,0.296616139213453,0.15150053590568088,0.839611650485438,0.006764374295377677,0.5014301929625443
25,0.3,874,0.4858823529411765,0.964,0.25605462088278447,0.16245014245014264,0.8568556701030932,0.004576659038901602,0.5023946360153275
25,0.5,864,0.4835294117647059,0.8873333333333333,0.18563512423839895,0,0.8472087378640807,0,0.6717669753086454
25,0.3,877,0.47058823529411764,0.9593333333333337,0.25937335280767704,0.18617231638418064,0.8017045454545504,0.004561003420752566,0.5435700649102744
25,0.5,867,0.47058823529411764,0.8873333333333333,0.1622716365724363,0,0.8264822134387406,0,0.7026412918108449
25,0.5,833,0.48705882352941177,0.8886666666666667,0.18088277279802076,0,0.8515717539863341,0,0.6961384553821555
25,0.5,863,0.49529411764705883,0.8866666666666667,0.1771685989750298,0,0.847572559366757,0,0.661931247585942
25,0.5,835,0.4717647058823529,0.8933333333333333,0.1621703264345362,0,0.8423780487804912,0,0.653445109780441
25,0.5,872,0.4823529411764706,0.8879999999999999,0.17897334317571048,0,0.8625064599483211,0,0.6750229357798166
25,0.5,827,0.46705882352941175,0.8926666666666669,0.16549332062150932,0,0.828720379146924,0,0.683784764207983
25,0.5,874,0.4776470588235294,0.8866666666666667,0.1717183255948105,0,0.8382871536523958,0,0.6733409610983994
25,0.5,860,0.49176470588235294,0.8873333333333333,0.1562219243651513,0,0.8264615384615399,0,0.6383062015503898
25,0.5,849,0.5047058823529412,0.8866666666666667,0.14265625370255627,0,0.8311754966887454,0,0.7472084805653717
25,0.5,871,0.48705882352941177,0.8866666666666668,0.17501558017437466,0,0.8392702702702722,0,0.6600803673938015
25,0.5,856,0.48705882352941177,0.8866666666666668,0.1695959043251855,0,0.845398936170214,0,0.6648987538940819
25,0.5,808,0.5105882352941177,0.8913333333333333,0.15407124962611643,0,0.8132236842105306,0,0.6931806930693097
25,0.5,855,0.48823529411764705,0.8873333333333333,0.17915314373992183,0,0.8407551487414224,0,0.6867836257309953
25,0.5,865,0.48,0.8880000000000001,0.17494732686073844,0,0.8388655462184905,0,0.6938689788053957
25,0.5,840,0.46588235294117647,0.8880000000000003,0.17170902386201378,0,0.8648026315789514,0,0.6600000000000035
25,0.5,876,0.47294117647058825,0.8873333333333331,0.18195087323924306,0,0.8643881118881184,0,0.7400190258751909
25,0.5,852,0.4682352941176471,0.8879999999999999,0.15044126357578383,0,0.8138954869358711,0,0.6797965571205037
25,0.5,895,0.47294117647058825,0.8846666666666666,0.15806827132307655,0,0.8339185750636162,0,0.6707337057728154
25,0.5,867,0.4811764705882353,0.8866666666666667,0.17592950031746032,0,0.8535760171306257,0,0.7017839292579803
25,0.5,877,0.46705882352941175,0.8866666666666668,0.18223593706199243,0,0.8704402515723273,0,0.6469555302166475
25,0.5,831,0.5011764705882353,0.8906666666666668,0.1512083888349681,0,0.8128613569321556,0,0.6497432811873263
25,0.5,859,0.47294117647058825,0.8879999999999999,0.1495910379870626,0,0.8146753246753283,0,0.6618897943344991
25,0.5,826,0.4823529411764706,0.8919999999999999,0.1784635589637879,0,0.8494035785288303,0,0.7226109765940276
25,0.5,876,0.4823529411764706,0.8873333333333333,0.182577671146569,0,0.8493396226415111,0,0.7173858447488597
25,0.5,848,0.49411764705882355,0.8873333333333335,0.17802221637604188,0,0.8485185185185224,0,0.7280149371069213
25,0.5,881,0.4823529411764706,0.8833333333333333,0.159192803857922,0,0.837580645161292,0,0.6408550889141138
25,0.5,860,0.4576470588235294,0.8866666666666668,0.17973629324633353,0,0.8575213675213708,0,0.6553410852713211
25,0.5,859,0.4929411764705882,0.8873333333333331,0.15588023012310753,0,0.8323076923076956,0,0.6646177726038052
25,0.5,847,0.49176470588235294,0.8866666666666665,0.15522297535830512,0,0.8311413043478296,0,0.6667650531286917
25,0.5,855,0.4411764705882353,0.8873333333333335,0.15404841057644333,0,0.8261036036036072,0,0.6933099415204677
25,0.5,857,0.48,0.8866666666666667,0.16328366287156557,0,0.8277581863979899,0,0.6645157526254398
25,0.5,827,0.47058823529411764,0.8906666666666668,0.15776159956055738,0,0.8290886699507412,0,0.6792543329302725
25,0.5,830,0.5,0.894,0.17168134066313773,0,0.8323214285714329,0,0.6860240963855446
25,0.5,833,0.4764705882352941,0.8926666666666665,0.1638358349526545,0,0.840689655172417,0,0.6502160864345765
25,0.5,861,0.4858823529411765,0.8866666666666667,0.16638514573824742,0,0.830372960372964,0,0.6815989159891621
25,0.5,895,0.47294117647058825,0.88,0.14234514387777927,0,0.8168181818181857,0,0.6658770949720669
25,0.5,832,0.48,0.8933333333333335,0.16854581492623735,0,0.8423960396039634,0,0.7159855769230788
25,0.5,873,0.47058823529411764,0.884,0.16206295605587798,0,0.8209280742459436,0,0.6761053837342521
25,0.5,857,0.47411764705882353,0.8866666666666667,0.16075602965151758,0,0.8303647416413401,0,0.6530610657331793
25,0.5,852,0.4858823529411765,0.8866666666666667,0.1677517504352339,0,0.8494008264462827,0,0.7145070422535214
25,0.5,878,0.48705882352941177,0.8833333333333335,0.15271347660601733,0,0.8166901408450723,0,0.6252961275626442
25,0.5,859,0.4776470588235294,0.8873333333333335,0.17818286016239349,0,0.8425501432664781,0,0.6465036864571249
25,0.5,860,0.47294117647058825,0.8866666666666667,0.17932731853695968,0,0.8549164677804323,0,0.6886511627906972
25,0.5,836,0.4717647058823529,0.8879999999999999,0.17716611537536997,0,0.8532385120350136,0,0.7004944178628403
25,0.5,849,0.5235294117647059,0.8879999999999999,0.16386231770061063,0,0.8360243407707939,0,0.7122575579112689
25,0.5,864,0.4717647058823529,0.8879999999999999,0.16977197980550598,0,0.833258655804485,0,0.7021797839506152
25,0.5,867,0.4611764705882353,0.8873333333333333,0.18042387358529244,0,0.8452838427947629,0,0.6910726643598653
25,0.5,839,0.47411764705882353,0.8920000000000001,0.18084261447655883,0,0.8498708010335949,0,0.6655423122765235
25,0.7,814,0.5047058823529412,0.8913333333333333,0.15414643933975442,0,0.8127044025157268,0,0.6407616707616725
25,0.5,849,0.4835294117647059,0.8879999999999999,0.15593452662574486,0,0.8165517241379328,0,0.6680212014134292
25,0.7,854,0.46705882352941175,0.8880000000000001,0.1494886784782936,0,0.8181835937500037,0,0.7108079625292739
25,0.7,876,0.4647058823529412,0.8853333333333332,0.1479315961858896,0,0.8161125319693144,0,0.665254946727551
25,0.7,871,0.4811764705882353,0.8866666666666667,0.15357292598647912,0,0.8244537815126088,0,0.6555070799846946
25,0.7,825,0.4929411764705882,0.8906666666666668,0.15486193439467744,0,0.8289606741573065,0,0.666917171717174
25,0.7,852,0.4823529411764706,0.8866666666666667,0.1804933874294894,0,0.8458076923076954,0,0.7146674491392818
25,0.7,859,0.48705882352941177,0.8866666666666665,0.18614255971824162,0,0.8630804597701172,0,0.6886728754365568
25,0.7,870,0.5094117647058823,0.8866666666666667,0.17017161896062705,0,0.8351116071428608,0,0.6864674329501925
25,0.7,859,0.4717647058823529,0.8866666666666667,0.17350150734662337,0,0.8370941883767566,0,0.7062281722933664
25,0.7,882,0.47058823529411764,0.8866666666666668,0.14947362961277452,0,0.8139068100358435,0,0.6226341647770225
25,0.7,870,0.4717647058823529,0.8866666666666667,0.16146810028452785,0,0.8278915662650617,0,0.6436321839080485
25,0.7,847,0.4988235294117647,0.8880000000000001,0.16756358536570895,0,0.8315740740740774,0,0.6869460842188126
25,0.7,836,0.5035294117647059,0.8886666666666667,0.17068256586029582,0,0.8472371638141845,0,0.6864154704944206
25,0.7,862,0.4752941176470588,0.8873333333333335,0.176661700532922,0,0.8519341563786039,0,0.7079659706109829
25,0.7,862,0.49176470588235294,0.8866666666666667,0.16427204300728068,0,0.8324772727272761,0,0.6901005413766461
25,0.7,846,0.4717647058823529,0.8866666666666667,0.1533125330157238,0,0.8235866261398204,0,0.6456540583136353
25,0.7,843,0.49058823529411766,0.8866666666666667,0.1729856848566177,0,0.8431159420289892,0,0.687042309213129
25,0.7,870,0.4752941176470588,0.8866666666666668,0.16602508045927095,0,0.8265366972477104,0,0.6797241379310378
25,0.7,875,0.44823529411764707,0.8866666666666667,0.1683465098195422,0,0.8513147410358587,0,0.7188533333333343
25,0.7,830,0.5105882352941177,0.89,0.1766201386074701,0,0.8469554455445578,0,0.6729598393574323
25,0.7,865,0.47411764705882353,0.8873333333333335,0.13367933523369252,0,0.7988105726872254,0,0.6080500963391162
25,0.7,870,0.4623529411764706,0.8853333333333334,0.16190204849782058,0,0.8328328611898052,0,0.649007662835251
25,0.7,859,0.4752941176470588,0.8880000000000003,0.1796533475768857,0,0.8423440860215086,0,0.6911563833915413
25,0.7,843,0.4823529411764706,0.8886666666666669,0.1674677839155277,0,0.8261621621621635,0,0.6533768287860833
25,0.7,868,0.4717647058823529,0.8873333333333335,0.15944129874206814,0,0.8348358208955253,0,0.6469700460829518
25,0.7,868,0.48,0.8866666666666667,0.16707364734990068,0,0.8370886075949403,0,0.6982526881720447
25,0.7,869,0.4576470588235294,0.8866666666666667,0.18247435938086481,0,0.8490870488322751,0,0.6953586497890306
25,0.7,851,0.4988235294117647,0.8873333333333335,0.15328517941595515,0,0.8298329355608621,0,0.6855855855855877
25,0.7,826,0.4764705882352941,0.8920000000000002,0.14479768766822704,0,0.8233333333333368,0,0.7176230831315582
25,0.7,864,0.48,0.8866666666666667,0.15681814496076418,0,0.8311264822134429,0,0.7077044753086412
25,0.7,874,0.44823529411764707,0.8866666666666667,0.1808382073119252,0,0.8585132382892083,0,0.7094965675057201
25,0.7,858,0.46,0.8866666666666667,0.17972678007541962,0,0.8582232346241462,0,0.6910955710955727
25,0.7,837,0.4835294117647059,0.8900000000000002,0.15885492080586872,0,0.8247954545454579,0,0.6862644364794914
25,0.7,833,0.46588235294117647,0.8899999999999998,0.18171767532469188,0,0.8466666666666708,0,0.6999759903961597
25,0.7,882,0.4682352941176471,0.8833333333333332,0.1615420305194944,0,0.8437500000000029,0,0.7143235071806509
25,0.7,846,0.4929411764705882,0.8873333333333335,0.17049107655394566,0,0.8448656716417942,0,0.6481560283687964
25,0.7,909,0.46588235294117647,0.8806666666666668,0.15178061091724446,0,0.8402941176470621,0,0.7555922258892551
25,0.7,850,0.5141176470588236,0.8873333333333333,0.16898364704030727,0,0.8271559633027549,0,0.6778117647058841
25,0.7,819,0.5117647058823529,0.8946666666666668,0.16673096888460223,0,0.8419379844961269,0,0.6790557590557607
25,0.7,836,0.4976470588235294,0.8913333333333333,0.17466911005342978,0,0.8382599580712835,0,0.7020534290271156
25,0.7,829,0.5,0.8893333333333334,0.1900435356876532,0,0.870399113082043,0,0.7048250904704485
25,0.7,865,0.5,0.8866666666666667,0.18055304429852886,0,0.8535083532219587,0,0.6780385356454743
25,0.7,852,0.43176470588235294,0.8886666666666667,0.17083583362350865,0,0.8523218997361515,0,0.6763262910798133
25,0.7,842,0.4988235294117647,0.8873333333333333,0.14766943364448407,0,0.8170530451866447,0,0.7111718131433084
25,0.7,844,0.49176470588235294,0.8866666666666667,0.16763523314833828,0,0.8323529411764743,0,0.6695300157977911
25,0.7,835,0.4647058823529412,0.8906666666666666,0.17408272545397335,0,0.8362222222222262,0,0.6896526946107796
25,0.7,815,0.48705882352941177,0.8920000000000001,0.168052312441445,0,0.8379500000000034,0,0.6777423312883455
25,0.7,851,0.47058823529411764,0.8886666666666667,0.17411290186747952,0,0.8524660194174811,0,0.7225225225225241
25,0.7,856,0.4541176470588235,0.8866666666666667,0.1591150863979456,0,0.8202639296187715,0,0.6430140186915915
25,0.7,867,0.4752941176470588,0.8866666666666668,0.19177815122880443,0,0.8679954441913472,0,0.6878469819300289
