"author_anon","object_id","object_name","commit_time","year","commit_type","commit_message","total_changes","pageid","page_title","revid","parentid","rev_size","source_namespace","author_id","author_name","author_type","minor","anon"
"W2","7","Скретч","2014-09-20T12:12:23Z",2014,"wiki_minor_edit","1 версия",1884,7,"Скретч",20,NA,1884,0,2,"Dimon4ezzz","human",TRUE,FALSE
"W2","7","Скретч","2015-02-27T19:59:15Z",2015,"wiki_minor_edit","1 версия",0,7,"Скретч",21,NA,1884,0,2,"Dimon4ezzz","human",TRUE,FALSE
"W2","7","Скретч","2015-03-28T11:00:35Z",2015,"wiki_minor_edit","",93,7,"Скретч",370,NA,1977,0,2,"Dimon4ezzz","human",TRUE,FALSE
"W5","7","Скретч","2015-07-21T08:01:26Z",2015,"wiki_minor_edit","japanese interwiki",17,7,"Скретч",454,NA,1994,0,5,"LiFaytheGoblin","human",TRUE,FALSE
"W17","7","Скретч","2015-10-21T21:48:35Z",2015,"wiki_minor_edit","Fixed.",-2,7,"Скретч",672,NA,1992,0,17,"ErnieParke","human",TRUE,FALSE
"W19","7","Скретч","2015-10-28T11:37:03Z",2015,"wiki_minor_edit","",429,7,"Скретч",758,NA,2421,0,19,"Tankist-777","human",TRUE,FALSE
"W2","7","Скретч","2017-01-24T09:49:36Z",2017,"wiki_minor_edit","/* Из чего сделан Скретч? */",-28,7,"Скретч",1299,NA,2393,0,2,"Dimon4ezzz","human",TRUE,FALSE
"W21","7","Скретч","2017-07-02T17:19:52Z",2017,"wiki_bot_edit","Adding interwikis.",75,7,"Скретч",1425,NA,2468,0,21,"InterwikiBot","bot",TRUE,FALSE
"W36","7","Скретч","2017-12-24T08:34:05Z",2017,"wiki_minor_edit","Добавлены дополнительные пояснения.",53,7,"Скретч",1463,NA,2521,0,36,"Mini Kostik","human",TRUE,FALSE
"W36","7","Скретч","2017-12-29T11:25:33Z",2017,"wiki_minor_edit","Испарвлены ошибки.",-16,7,"Скретч",1477,NA,2505,0,36,"Mini Kostik","human",TRUE,FALSE
"W44","7","Скретч","2018-01-11T10:03:22Z",2018,"wiki_minor_edit","",45,7,"Скретч",1545,NA,2550,0,44,"Kometa2007","human",TRUE,FALSE
"W44","7","Скретч","2018-01-11T10:04:20Z",2018,"wiki_minor_edit","",27,7,"Скретч",1546,NA,2577,0,44,"Kometa2007","human",TRUE,FALSE
"W44","7","Скретч","2018-01-12T08:05:50Z",2018,"wiki_minor_edit","",96,7,"Скретч",1556,NA,2673,0,44,"Kometa2007","human",TRUE,FALSE
"W49","7","Скретч","2018-03-05T18:23:55Z",2018,"wiki_minor_edit","",28,7,"Скретч",1733,NA,2701,0,49,"Hammerill","human",TRUE,FALSE
"W2","7","Скретч","2018-06-16T07:11:31Z",2018,"wiki_minor_edit","typo",-83,7,"Скретч",1996,NA,2618,0,2,"Dimon4ezzz","human",TRUE,FALSE
"W2","7","Скретч","2018-06-16T07:12:02Z",2018,"wiki_minor_edit","/* Смотрите также */ колонка вместо строки",6,7,"Скретч",1997,NA,2624,0,2,"Dimon4ezzz","human",TRUE,FALSE
"W2","7","Скретч","2018-06-19T09:25:43Z",2018,"wiki_minor_edit","шаблон интервики",3,7,"Скретч",2170,NA,2627,0,2,"Dimon4ezzz","human",TRUE,FALSE
"W87","7","Скретч","2018-07-20T14:16:28Z",2018,"wiki_minor_edit","",177,7,"Скретч",3118,NA,2804,0,87,"Simon142","human",TRUE,FALSE
"W87","7","Скретч","2018-07-20T14:23:28Z",2018,"wiki_minor_edit","",1,7,"Скретч",3119,NA,2805,0,87,"Simon142","human",TRUE,FALSE
"W88","7","Скретч","2018-08-04T12:05:45Z",2018,"wiki_minor_edit","/* Из чего сделан Скретч? */",-7,7,"Скретч",3313,NA,2798,0,88,"Grevovan","human",TRUE,FALSE
"W42","7","Скретч","2018-08-04T12:41:13Z",2018,"wiki_minor_edit","Откат правок [[Special:Contributions/Grevovan|Grevovan]] ([[User talk:Grevovan|обсуждение]]) к версии [[User:Simon142|Simon142]]",7,7,"Скретч",3314,NA,2805,0,42,"RuMaks","human",TRUE,FALSE
"W67","7","Скретч","2018-08-04T14:28:08Z",2018,"wiki_minor_edit","",0,7,"Скретч",3316,NA,2805,0,67,"Qwertyabcd","human",TRUE,FALSE
"W42","7","Скретч","2018-08-04T14:30:38Z",2018,"wiki_minor_edit","Откат правок [[Special:Contributions/Qwertyabcd|Qwertyabcd]] ([[User talk:Qwertyabcd|обсуждение]]) к версии [[User:RuMaks|RuMaks]]",0,7,"Скретч",3317,NA,2805,0,42,"RuMaks","human",TRUE,FALSE
"W88","7","Скретч","2019-07-06T17:21:57Z",2019,"wiki_minor_edit","",1564,7,"Скретч",4389,NA,4369,0,88,"Grevovan","human",TRUE,FALSE
"W88","7","Скретч","2019-07-06T17:29:28Z",2019,"wiki_minor_edit","",917,7,"Скретч",4390,NA,5286,0,88,"Grevovan","human",TRUE,FALSE
"W88","7","Скретч","2019-07-06T17:53:04Z",2019,"wiki_minor_edit","",2542,7,"Скретч",4391,NA,7828,0,88,"Grevovan","human",TRUE,FALSE
"W88","7","Скретч","2019-07-06T18:05:20Z",2019,"wiki_minor_edit","",1053,7,"Скретч",4392,NA,8881,0,88,"Grevovan","human",TRUE,FALSE
"W114","7","Скретч","2020-06-09T08:04:30Z",2020,"wiki_minor_edit","",-217,7,"Скретч",5413,NA,8664,0,114,"Gohoski","human",TRUE,FALSE
"W114","7","Скретч","2022-04-03T15:50:12Z",2022,"wiki_minor_edit","/* Как был сделан Скретч? */",13,7,"Скретч",5830,NA,8677,0,114,"Gohoski","human",TRUE,FALSE
"W114","7","Скретч","2022-11-01T08:32:27Z",2022,"wiki_minor_edit","Статья по сути полностью доработана",278,7,"Скретч",5942,NA,8955,0,114,"Gohoski","human",TRUE,FALSE
"W114","7","Скретч","2022-11-02T08:57:42Z",2022,"wiki_minor_edit","/* Оформление */",-1,7,"Скретч",6011,NA,8954,0,114,"Gohoski","human",TRUE,FALSE
"W114","7","Скретч","2022-11-02T10:58:19Z",2022,"wiki_minor_edit","",-25,7,"Скретч",6016,NA,8929,0,114,"Gohoski","human",TRUE,FALSE
"W154","7","Скретч","2022-12-15T14:41:18Z",2022,"wiki_minor_edit","/* Сленг, образовавшийся от слова «Скретч» */",53,7,"Скретч",6560,NA,8982,0,154,"Stysan","human",TRUE,FALSE
"W114","7","Скретч","2023-01-17T16:43:28Z",2023,"wiki_minor_edit","",514,7,"Скретч",6828,NA,9496,0,114,"Gohoski","human",TRUE,FALSE
"W114","7","Скретч","2023-03-29T09:22:02Z",2023,"wiki_minor_edit","{{День смеха}} и форматирование",414,7,"Скретч",8066,NA,9910,0,114,"Gohoski","human",TRUE,FALSE
"W1","8","Заглавная страница","2015-02-27T21:22:00Z",2015,"wiki_minor_edit","Новая страница: «hello, please send me the russian scratch wiki skin-files! lg, admin (akhof)»",76,8,"Заглавная страница",22,NA,76,0,1,"Admin","human",TRUE,FALSE
"W1","8","Заглавная страница","2015-03-02T15:18:37Z",2015,"wiki_minor_edit","Полностью удалено содержимое страницы",-76,8,"Заглавная страница",27,NA,0,0,1,"Admin","human",TRUE,FALSE
"W4","8","Заглавная страница","2015-03-02T16:41:19Z",2015,"wiki_minor_edit","",63,8,"Заглавная страница",28,NA,63,0,4,"Mtwoll","human",TRUE,FALSE
"W4","8","Заглавная страница","2015-03-18T19:52:11Z",2015,"wiki_minor_edit","",5,8,"Заглавная страница",174,NA,68,0,4,"Mtwoll","human",TRUE,FALSE
"W2","8","Заглавная страница","2015-03-22T06:47:30Z",2015,"wiki_minor_edit","",916,8,"Заглавная страница",179,NA,984,0,2,"Dimon4ezzz","human",TRUE,FALSE
"W2","8","Заглавная страница","2015-03-26T20:22:05Z",2015,"wiki_minor_edit","интервики",26,8,"Заглавная страница",264,NA,1010,0,2,"Dimon4ezzz","human",TRUE,FALSE
"W2","8","Заглавная страница","2015-03-26T20:27:39Z",2015,"wiki_minor_edit","",7,8,"Заглавная страница",265,NA,1017,0,2,"Dimon4ezzz","human",TRUE,FALSE
"W2","8","Заглавная страница","2015-03-27T13:20:46Z",2015,"wiki_minor_edit","Защищена страница «[[Заглавная страница]]»: популярная страница (‎[edit=sysop] (бессрочно) ‎[move=sysop] (бессрочно))",0,8,"Заглавная страница",353,NA,1017,0,2,"Dimon4ezzz","human",TRUE,FALSE
"W2","8","Заглавная страница","2015-03-27T15:55:14Z",2015,"wiki_minor_edit","",-4,8,"Заглавная страница",354,NA,1013,0,2,"Dimon4ezzz","human",TRUE,FALSE
"W2","8","Заглавная страница","2015-03-27T16:09:22Z",2015,"wiki_minor_edit","",0,8,"Заглавная страница",355,NA,1013,0,2,"Dimon4ezzz","human",TRUE,FALSE
"W2","8","Заглавная страница","2015-04-02T15:45:23Z",2015,"wiki_minor_edit","",113,8,"Заглавная страница",418,NA,1126,0,2,"Dimon4ezzz","human",TRUE,FALSE
"W2","8","Заглавная страница","2015-04-02T15:50:00Z",2015,"wiki_minor_edit","",31,8,"Заглавная страница",419,NA,1157,0,2,"Dimon4ezzz","human",TRUE,FALSE
"W2","8","Заглавная страница","2015-07-20T12:02:21Z",2015,"wiki_minor_edit","",72,8,"Заглавная страница",452,NA,1229,0,2,"Dimon4ezzz","human",TRUE,FALSE
"W2","8","Заглавная страница","2015-09-13T13:25:20Z",2015,"wiki_minor_edit","Венгерская вики",17,8,"Заглавная страница",566,NA,1246,0,2,"Dimon4ezzz","human",TRUE,FALSE
"W2","8","Заглавная страница","2015-09-13T13:30:23Z",2015,"wiki_minor_edit","Нидерландская вики",19,8,"Заглавная страница",567,NA,1265,0,2,"Dimon4ezzz","human",TRUE,FALSE
"W2","8","Заглавная страница","2015-10-29T19:36:18Z",2015,"wiki_minor_edit","",-154,8,"Заглавная страница",786,NA,1111,0,2,"Dimon4ezzz","human",TRUE,FALSE
"W5","8","Заглавная страница","2016-03-06T22:24:28Z",2016,"wiki_minor_edit","",-17,8,"Заглавная страница",867,NA,1094,0,5,"LiFaytheGoblin","human",TRUE,FALSE
"W5","8","Заглавная страница","2016-03-06T22:24:52Z",2016,"wiki_minor_edit","",50,8,"Заглавная страница",868,NA,1144,0,5,"LiFaytheGoblin","human",TRUE,FALSE
"W5","8","Заглавная страница","2016-03-06T22:25:55Z",2016,"wiki_minor_edit","",-53,8,"Заглавная страница",869,NA,1091,0,5,"LiFaytheGoblin","human",TRUE,FALSE
"W2","8","Заглавная страница","2016-04-09T08:27:05Z",2016,"wiki_minor_edit","",52,8,"Заглавная страница",882,NA,1143,0,2,"Dimon4ezzz","human",TRUE,FALSE
"W4","8","Заглавная страница","2016-04-28T13:24:31Z",2016,"wiki_minor_edit","",119,8,"Заглавная страница",899,NA,1262,0,4,"Mtwoll","human",TRUE,FALSE
"W4","8","Заглавная страница","2016-11-28T10:35:39Z",2016,"wiki_minor_edit","",8,8,"Заглавная страница",1079,NA,1270,0,4,"Mtwoll","human",TRUE,FALSE
"W4","8","Заглавная страница","2017-01-19T15:29:42Z",2017,"wiki_minor_edit","",1881,8,"Заглавная страница",1082,NA,3151,0,4,"Mtwoll","human",TRUE,FALSE
"W2","8","Заглавная страница","2017-01-19T15:41:35Z",2017,"wiki_minor_edit","",-787,8,"Заглавная страница",1084,NA,2364,0,2,"Dimon4ezzz","human",TRUE,FALSE
"W2","8","Заглавная страница","2017-01-19T16:03:20Z",2017,"wiki_minor_edit","",180,8,"Заглавная страница",1088,NA,2544,0,2,"Dimon4ezzz","human",TRUE,FALSE
"W2","8","Заглавная страница","2017-01-19T16:45:48Z",2017,"wiki_minor_edit","",14,8,"Заглавная страница",1095,NA,2558,0,2,"Dimon4ezzz","human",TRUE,FALSE
"W2","8","Заглавная страница","2017-01-19T16:47:50Z",2017,"wiki_minor_edit","",21,8,"Заглавная страница",1096,NA,2579,0,2,"Dimon4ezzz","human",TRUE,FALSE
"W2","8","Заглавная страница","2017-01-20T09:01:53Z",2017,"wiki_minor_edit","",-85,8,"Заглавная страница",1104,NA,2494,0,2,"Dimon4ezzz","human",TRUE,FALSE
"W2","8","Заглавная страница","2017-01-21T14:52:07Z",2017,"wiki_minor_edit","Убрал избранные, потому что не из чего пока выбирать",-86,8,"Заглавная страница",1135,NA,2408,0,2,"Dimon4ezzz","human",TRUE,FALSE
"W4","8","Заглавная страница","2017-01-21T16:58:52Z",2017,"wiki_minor_edit","",8,8,"Заглавная страница",1147,NA,2416,0,4,"Mtwoll","human",TRUE,FALSE
"W2","8","Заглавная страница","2017-01-21T20:25:03Z",2017,"wiki_minor_edit","",204,8,"Заглавная страница",1164,NA,2620,0,2,"Dimon4ezzz","human",TRUE,FALSE
"W10","8","Заглавная страница","2017-01-22T12:41:36Z",2017,"wiki_bot_edit","clean up",-49,8,"Заглавная страница",1172,NA,2571,0,10,"D4zzzBOT","bot",TRUE,FALSE
"W2","8","Заглавная страница","2017-01-26T08:05:43Z",2017,"wiki_minor_edit","",99,8,"Заглавная страница",1364,NA,2670,0,2,"Dimon4ezzz","human",TRUE,FALSE
"W39","8","Заглавная страница","2018-01-17T21:52:37Z",2018,"wiki_minor_edit","",212,8,"Заглавная страница",1625,NA,2882,0,39,"MakeTheBrainHappy","human",TRUE,FALSE
"W39","8","Заглавная страница","2018-01-17T21:54:07Z",2018,"wiki_minor_edit","",17,8,"Заглавная страница",1626,NA,2899,0,39,"MakeTheBrainHappy","human",TRUE,FALSE
"W39","8","Заглавная страница","2018-01-17T21:57:53Z",2018,"wiki_minor_edit","",32,8,"Заглавная страница",1627,NA,2931,0,39,"MakeTheBrainHappy","human",TRUE,FALSE
"W39","8","Заглавная страница","2018-01-17T21:58:23Z",2018,"wiki_minor_edit","",-32,8,"Заглавная страница",1628,NA,2899,0,39,"MakeTheBrainHappy","human",TRUE,FALSE
"W2","8","Заглавная страница","2018-06-16T07:51:03Z",2018,"wiki_minor_edit","тестирование нового шаблона прошло успешно",-5,8,"Заглавная страница",2010,NA,2894,0,2,"Dimon4ezzz","human",TRUE,FALSE
"W2","8","Заглавная страница","2018-06-16T08:02:45Z",2018,"wiki_minor_edit","минус",-169,8,"Заглавная страница",2017,NA,2725,0,2,"Dimon4ezzz","human",TRUE,FALSE
"W2","8","Заглавная страница","2018-06-16T08:02:52Z",2018,"wiki_minor_edit","плюс",170,8,"Заглавная страница",2018,NA,2895,0,2,"Dimon4ezzz","human",TRUE,FALSE
"W47","8","Заглавная страница","2018-06-18T18:33:23Z",2018,"wiki_minor_edit","",160,8,"Заглавная страница",2125,NA,3055,0,47,"Asqwde","human",TRUE,FALSE
"W47","8","Заглавная страница","2018-06-18T18:34:08Z",2018,"wiki_minor_edit","",20,8,"Заглавная страница",2126,NA,3075,0,47,"Asqwde","human",TRUE,FALSE
"W42","8","Заглавная страница","2018-06-18T18:49:49Z",2018,"wiki_minor_edit","Изменён уровень защиты страницы «[[Заглавная страница]]»: популярная страница ([Редактирование=Разрешено только администраторам] (бессро…",0,8,"Заглавная страница",2131,NA,3075,0,42,"RuMaks","human",TRUE,FALSE
"W42","8","Заглавная страница","2018-06-18T18:55:39Z",2018,"wiki_minor_edit","",57,8,"Заглавная страница",2132,NA,3132,0,42,"RuMaks","human",TRUE,FALSE
"W2","8","Заглавная страница","2018-06-19T08:09:50Z",2018,"wiki_minor_edit","удалил лишний пробел",-1,8,"Заглавная страница",2145,NA,3131,0,2,"Dimon4ezzz","human",TRUE,FALSE
"W2","8","Заглавная страница","2018-06-19T08:10:47Z",2018,"wiki_minor_edit","оформление",-336,8,"Заглавная страница",2146,NA,2795,0,2,"Dimon4ezzz","human",TRUE,FALSE
"W47","8","Заглавная страница","2018-06-27T07:19:03Z",2018,"wiki_minor_edit","",-39,8,"Заглавная страница",2458,NA,2756,0,47,"Asqwde","human",TRUE,FALSE
"W47","8","Заглавная страница","2018-06-27T11:53:50Z",2018,"wiki_minor_edit","",0,8,"Заглавная страница",2467,NA,2756,0,47,"Asqwde","human",TRUE,FALSE
"W42","8","Заглавная страница","2018-06-27T21:28:57Z",2018,"wiki_minor_edit","Откат правок [[Special:Contributions/Asqwde|Asqwde]] ([[User talk:Asqwde|обсуждение]]) к версии [[User:Dimon4ezzz|Dimon4ezzz]]",39,8,"Заглавная страница",2471,NA,2795,0,42,"RuMaks","human",TRUE,FALSE
"W47","8","Заглавная страница","2018-06-28T05:50:32Z",2018,"wiki_minor_edit","Откат правок [[Special:Contributions/RuMaks|RuMaks]] ([[User talk:RuMaks|обсуждение]]) к версии [[User:Asqwde|Asqwde]]",-39,8,"Заглавная страница",2473,NA,2756,0,47,"Asqwde","human",TRUE,FALSE
"W42","8","Заглавная страница","2018-07-15T21:09:59Z",2018,"wiki_minor_edit","",12,8,"Заглавная страница",3046,NA,2768,0,42,"RuMaks","human",TRUE,FALSE
"W47","8","Заглавная страница","2018-08-02T11:35:31Z",2018,"wiki_minor_edit","",-5,8,"Заглавная страница",3283,NA,2763,0,47,"Asqwde","human",TRUE,FALSE
"W42","8","Заглавная страница","2018-08-07T13:40:13Z",2018,"wiki_minor_edit","Обновление интервики-ссылок.",284,8,"Заглавная страница",3346,NA,3047,0,42,"RuMaks","human",TRUE,FALSE
"W42","8","Заглавная страница","2018-09-05T08:58:37Z",2018,"wiki_minor_edit","",6,8,"Заглавная страница",3457,NA,3053,0,42,"RuMaks","human",TRUE,FALSE
"W47","8","Заглавная страница","2018-09-05T19:53:27Z",2018,"wiki_minor_edit","Откат правок [[Special:Contributions/RuMaks|RuMaks]] ([[User talk:RuMaks|обсуждение]]) к версии [[User:Asqwde|Asqwde]]",-290,8,"Заглавная страница",3471,NA,2763,0,47,"Asqwde","human",TRUE,FALSE
"W47","8","Заглавная страница","2018-09-05T19:53:50Z",2018,"wiki_minor_edit","Откат правок [[Special:Contributions/Asqwde|Asqwde]] ([[User talk:Asqwde|обсуждение]]) к версии [[User:RuMaks|RuMaks]]",290,8,"Заглавная страница",3472,NA,3053,0,47,"Asqwde","human",TRUE,FALSE
"W37","8","Заглавная страница","2020-06-01T14:12:29Z",2020,"wiki_minor_edit","updated interwikis",120,8,"Заглавная страница",5369,NA,3173,0,37,"Kenny2scratch","human",TRUE,FALSE
"W37","8","Заглавная страница","2020-06-03T04:01:07Z",2020,"wiki_minor_edit","turkish homepage moved",1,8,"Заглавная страница",5370,NA,3174,0,37,"Kenny2scratch","human",TRUE,FALSE
"W36","8","Заглавная страница","2020-10-05T17:34:02Z",2020,"wiki_minor_edit","Починка ссылки",-31,8,"Заглавная страница",5594,NA,3143,0,36,"Mini Kostik","human",TRUE,FALSE
"W114","8","Заглавная страница","2022-11-01T06:22:08Z",2022,"wiki_minor_edit","Исправил битую ссылку и заменил несколько картинок для 3.0",7,8,"Заглавная страница",5925,NA,3150,0,114,"Gohoski","human",TRUE,FALSE
"W114","8","Заглавная страница","2022-11-01T08:47:48Z",2022,"wiki_minor_edit","",67,8,"Заглавная страница",5947,NA,3217,0,114,"Gohoski","human",TRUE,FALSE
"W114","8","Заглавная страница","2022-11-01T09:13:40Z",2022,"wiki_minor_edit","Добавил раздел «Новости» (Надеюсь я ничего не поломал, лол)",-9,8,"Заглавная страница",5951,NA,3208,0,114,"Gohoski","human",TRUE,FALSE
"W114","8","Заглавная страница","2022-11-01T10:39:46Z",2022,"wiki_minor_edit","",-7,8,"Заглавная страница",5971,NA,3201,0,114,"Gohoski","human",TRUE,FALSE
"W114","8","Заглавная страница","2022-11-13T10:53:36Z",2022,"wiki_minor_edit","Изменил ссылку «вики на других языках»",-37,8,"Заглавная страница",6299,NA,3164,0,114,"Gohoski","human",TRUE,FALSE
"W114","8","Заглавная страница","2023-01-13T17:51:48Z",2023,"wiki_minor_edit","Небольшой редизайн, чтобы всё было ровно и не было пустого места",-323,8,"Заглавная страница",6779,NA,2841,0,114,"Gohoski","human",TRUE,FALSE
"W114","8","Заглавная страница","2023-01-20T14:58:16Z",2023,"wiki_minor_edit","",-363,8,"Заглавная страница",6858,NA,2478,0,114,"Gohoski","human",TRUE,FALSE
"W114","8","Заглавная страница","2023-03-11T12:53:03Z",2023,"wiki_minor_edit","Вместо баннера о других вики снизу сделал отдельный SBox",412,8,"Заглавная страница",7849,NA,2890,0,114,"Gohoski","human",TRUE,FALSE
"W114","8","Заглавная страница","2023-03-26T11:47:23Z",2023,"wiki_minor_edit","",539,8,"Заглавная страница",8043,NA,3429,0,114,"Gohoski","human",TRUE,FALSE
"W114","8","Заглавная страница","2023-04-10T17:40:49Z",2023,"wiki_minor_edit","Мобильная версия!",324,8,"Заглавная страница",8121,NA,3753,0,114,"Gohoski","human",TRUE,FALSE
"W114","8","Заглавная страница","2023-04-28T15:41:26Z",2023,"wiki_minor_edit","авто. высота для плашки с новостями. думаю, так лучше",-1,8,"Заглавная страница",8226,NA,3752,0,114,"Gohoski","human",TRUE,FALSE
"W114","8","Заглавная страница","2023-09-10T10:54:34Z",2023,"wiki_minor_edit","временное удаление моб. версии",-330,8,"Заглавная страница",9327,NA,3422,0,114,"Gohoski","human",TRUE,FALSE
"W114","8","Заглавная страница","2023-10-17T18:09:54Z",2023,"wiki_minor_edit","прим. для моб. устройств",291,8,"Заглавная страница",9722,NA,3713,0,114,"Gohoski","human",TRUE,FALSE
"W114","8","Заглавная страница","2024-06-14T11:00:31Z",2024,"wiki_minor_edit","Думаю, лучше сначала показывать новости, чем направление развития",-345,8,"Заглавная страница",11860,NA,3368,0,114,"Gohoski","human",TRUE,FALSE
"W114","8","Заглавная страница","2024-08-27T10:46:48Z",2024,"wiki_minor_edit","fix для векторного скина",-1,8,"Заглавная страница",12056,NA,3367,0,114,"Gohoski","human",TRUE,FALSE
"W2","12","Блок","2014-09-07T12:22:17Z",2014,"wiki_minor_edit","",21808,12,"Блок",34,NA,21808,0,2,"Dimon4ezzz","human",TRUE,FALSE
"W2","12","Блок","2015-03-06T14:39:09Z",2015,"wiki_minor_edit","1 версия",0,12,"Блок",35,NA,21808,0,2,"Dimon4ezzz","human",TRUE,FALSE
"W15","12","Блок","2015-07-27T11:58:25Z",2015,"wiki_minor_edit","indonesian interwiki",13,12,"Блок",458,NA,21821,0,15,"Rumanti","human",TRUE,FALSE
"W2","12","Блок","2015-10-29T19:40:15Z",2015,"wiki_minor_edit","/* Блоки событий */",-3,12,"Блок",787,NA,21818,0,2,"Dimon4ezzz","human",TRUE,FALSE
"W2","12","Блок","2015-10-29T19:40:37Z",2015,"wiki_minor_edit","Отмена правки 787, сделанной участником [[Special:Contributions/Dimon4ezzz|Dimon4ezzz]] ([[User talk:Dimon4ezzz|обс.]])",-3,12,"Блок",788,NA,21815,0,2,"Dimon4ezzz","human",TRUE,FALSE
"W17","12","Блок","2016-02-18T22:53:37Z",2016,"wiki_minor_edit","New interwiki.",23,12,"Блок",844,NA,21838,0,17,"ErnieParke","human",TRUE,FALSE
"W2","12","Блок","2017-01-20T20:05:19Z",2017,"wiki_minor_edit","/* Блоки событий */",-6,12,"Блок",1115,NA,21832,0,2,"Dimon4ezzz","human",TRUE,FALSE
"W10","12","Блок","2017-01-22T12:55:11Z",2017,"wiki_bot_edit","clean up",-570,12,"Блок",1188,NA,21262,0,10,"D4zzzBOT","bot",TRUE,FALSE
"W10","12","Блок","2017-01-22T13:37:31Z",2017,"wiki_bot_edit","/* Блоки событий */Очистка категорий",-49,12,"Блок",1240,NA,21213,0,10,"D4zzzBOT","bot",TRUE,FALSE
"W2","12","Блок","2017-01-24T10:05:47Z",2017,"wiki_minor_edit","/* Блоки событий */",-42,12,"Блок",1309,NA,21171,0,2,"Dimon4ezzz","human",TRUE,FALSE
"W42","12","Блок","2018-01-26T16:23:27Z",2018,"wiki_minor_edit","Новый раздел!",857,12,"Блок",1675,NA,22028,0,42,"RuMaks","human",TRUE,FALSE
"W42","12","Блок","2018-03-23T17:13:10Z",2018,"wiki_minor_edit","",1598,12,"Блок",1768,NA,23626,0,42,"RuMaks","human",TRUE,FALSE
"W42","12","Блок","2018-03-23T17:14:00Z",2018,"wiki_minor_edit","",0,12,"Блок",1769,NA,23626,0,42,"RuMaks","human",TRUE,FALSE
"W42","12","Блок","2018-03-24T09:25:58Z",2018,"wiki_minor_edit","",0,12,"Блок",1770,NA,23626,0,42,"RuMaks","human",TRUE,FALSE
"W60","12","Блок","2018-05-15T08:31:31Z",2018,"wiki_minor_edit","",11,12,"Блок",1851,NA,23637,0,60,"Roder3480","human",TRUE,FALSE
"W2","12","Блок","2018-07-07T19:13:24Z",2018,"wiki_minor_edit","/* Список блоков */ хоба — укоротил",-2944,12,"Блок",2559,NA,20693,0,2,"Dimon4ezzz","human",TRUE,FALSE
"W2","12","Блок","2018-07-08T09:07:23Z",2018,"wiki_minor_edit","/* Блоки рисования */ упрощение",-2325,12,"Блок",2644,NA,18368,0,2,"Dimon4ezzz","human",TRUE,FALSE
"W2","12","Блок","2018-07-08T09:12:40Z",2018,"wiki_minor_edit","/* Категории блоков */ упрощение",-10431,12,"Блок",2645,NA,7937,0,2,"Dimon4ezzz","human",TRUE,FALSE
"W2","12","Блок","2018-07-08T11:01:18Z",2018,"wiki_minor_edit","/* Категории блоков */ новая категоризация",32,12,"Блок",2660,NA,7969,0,2,"Dimon4ezzz","human",TRUE,FALSE
"W2","12","Блок","2018-07-08T15:43:13Z",2018,"wiki_minor_edit","/* Шапка */",80,12,"Блок",2706,NA,8049,0,2,"Dimon4ezzz","human",TRUE,FALSE
"W2","12","Блок","2018-07-08T15:50:08Z",2018,"wiki_minor_edit","/* Формы блоков */ оформление",-476,12,"Блок",2710,NA,7573,0,2,"Dimon4ezzz","human",TRUE,FALSE
"W2","12","Блок","2018-07-08T15:51:18Z",2018,"wiki_minor_edit","/* Формы блоков */ оформление",29,12,"Блок",2711,NA,7602,0,2,"Dimon4ezzz","human",TRUE,FALSE
"W2","12","Блок","2018-07-12T13:17:19Z",2018,"wiki_minor_edit","разницы между 1.4 и 2.0 здесь нет",-251,12,"Блок",2985,NA,7351,0,2,"Dimon4ezzz","human",TRUE,FALSE
"W42","12","Блок","2018-07-15T20:34:37Z",2018,"wiki_minor_edit","",14,12,"Блок",3045,NA,7365,0,42,"RuMaks","human",TRUE,FALSE
"W42","12","Блок","2018-07-16T08:46:19Z",2018,"wiki_minor_edit","Исправление ссылок",40,12,"Блок",3052,NA,7405,0,42,"RuMaks","human",TRUE,FALSE
"W88","12","Блок","2018-08-04T15:40:55Z",2018,"wiki_minor_edit","/* Закрывающий блок */",80,12,"Блок",3319,NA,7485,0,88,"Grevovan","human",TRUE,FALSE
"W42","12","Блок","2018-08-04T15:47:30Z",2018,"wiki_minor_edit","Откат правок [[Special:Contributions/Grevovan|Grevovan]] ([[User talk:Grevovan|обсуждение]]) к версии [[User:RuMaks|RuMaks]]",-80,12,"Блок",3320,NA,7405,0,42,"RuMaks","human",TRUE,FALSE
"W36","12","Блок","2020-06-17T14:48:49Z",2020,"wiki_minor_edit","",-6,12,"Блок",5422,NA,7399,0,36,"Mini Kostik","human",TRUE,FALSE
"W36","12","Блок","2020-06-17T14:49:02Z",2020,"wiki_minor_edit","",0,12,"Блок",5423,NA,7399,0,36,"Mini Kostik","human",TRUE,FALSE
"W36","12","Блок","2020-06-17T14:49:34Z",2020,"wiki_minor_edit","",6,12,"Блок",5424,NA,7405,0,36,"Mini Kostik","human",TRUE,FALSE
"W36","12","Блок","2020-06-17T14:50:00Z",2020,"wiki_minor_edit","Откат правок [[Special:Contributions/Mini Kostik|Mini Kostik]] ([[User talk:Mini Kostik|обсуждение]]) к версии [[User:RuMaks|RuMaks]]",0,12,"Блок",5425,NA,7405,0,36,"Mini Kostik","human",TRUE,FALSE
"W36","12","Блок","2020-06-17T14:50:49Z",2020,"wiki_minor_edit","",-8,12,"Блок",5426,NA,7397,0,36,"Mini Kostik","human",TRUE,FALSE
"W114","12","Блок","2020-08-27T10:10:02Z",2020,"wiki_minor_edit","Исправлены ссылки для категорий события и контроля",38,12,"Блок",5548,NA,7435,0,114,"Gohoski","human",TRUE,FALSE
"W114","12","Блок","2022-06-06T06:12:10Z",2022,"wiki_minor_edit","/* Категории блоков */",-4,12,"Блок",5846,NA,7431,0,114,"Gohoski","human",TRUE,FALSE
"W114","12","Блок","2022-11-19T11:36:23Z",2022,"wiki_minor_edit","Попечктаки и добавление новой информации.",527,12,"Блок",6358,NA,7958,0,114,"Gohoski","human",TRUE,FALSE
"W174","12","Блок","2022-12-03T10:13:59Z",2022,"wiki_minor_edit","/* Закрывающий блок */",4,12,"Блок",6441,NA,7962,0,174,"Okun Leva","human",TRUE,FALSE
"W114","12","Блок","2022-12-03T11:19:42Z",2022,"wiki_minor_edit","Удалил какое-то недописанное упоминание шаблона",-6,12,"Блок",6454,NA,7956,0,114,"Gohoski","human",TRUE,FALSE
"W181","12","Блок","2023-01-21T14:14:28Z",2023,"wiki_minor_edit","",-750,12,"Блок",6890,NA,7206,0,181,"Zuenko-michail","human",TRUE,FALSE
"W114","12","Блок","2023-01-21T14:15:52Z",2023,"wiki_minor_edit","",-12,12,"Блок",6891,NA,7194,0,114,"Gohoski","human",TRUE,FALSE
"W114","12","Блок","2023-01-21T14:23:56Z",2023,"wiki_minor_edit","/* Категории блоков */",218,12,"Блок",6892,NA,7412,0,114,"Gohoski","human",TRUE,FALSE
"W181","12","Блок","2023-01-21T15:10:58Z",2023,"wiki_minor_edit","Ссылки в ==Категории блоков==",16,12,"Блок",6893,NA,7428,0,181,"Zuenko-michail","human",TRUE,FALSE
"W181","12","Блок","2023-01-21T16:21:47Z",2023,"wiki_minor_edit","/* Категории блоков */ Исправление ссылки на Музыка",-22,12,"Блок",6910,NA,7406,0,181,"Zuenko-michail","human",TRUE,FALSE
"W181","12","Блок","2023-01-22T06:09:07Z",2023,"wiki_minor_edit","Добавлены шаблоны Основная статья",130,12,"Блок",6926,NA,7536,0,181,"Zuenko-michail","human",TRUE,FALSE
"W181","12","Блок","2023-01-22T09:50:39Z",2023,"wiki_minor_edit","/* Категории блоков */ Изменена ссылка на Блоки сенсоров",-26,12,"Блок",6949,NA,7510,0,181,"Zuenko-michail","human",TRUE,FALSE
"W173","12","Блок","2023-02-08T13:08:50Z",2023,"wiki_minor_edit","/* Шапка */",23,12,"Блок",7282,NA,7533,0,173,"MicroRu","human",TRUE,FALSE
"W173","12","Блок","2023-02-08T13:09:28Z",2023,"wiki_minor_edit","/* Шапка */",-1,12,"Блок",7283,NA,7532,0,173,"MicroRu","human",TRUE,FALSE
"W173","12","Блок","2023-02-08T13:10:38Z",2023,"wiki_minor_edit","/* Обычный блок */",23,12,"Блок",7284,NA,7555,0,173,"MicroRu","human",TRUE,FALSE
"W173","12","Блок","2023-02-08T13:13:47Z",2023,"wiki_minor_edit","/* Логический блок */",23,12,"Блок",7285,NA,7578,0,173,"MicroRu","human",TRUE,FALSE
"W173","12","Блок","2023-02-08T13:15:01Z",2023,"wiki_minor_edit","/* Репортёр */",23,12,"Блок",7286,NA,7601,0,173,"MicroRu","human",TRUE,FALSE
"W173","12","Блок","2023-02-08T13:16:22Z",2023,"wiki_minor_edit","/* Обвивающий блок */",23,12,"Блок",7287,NA,7624,0,173,"MicroRu","human",TRUE,FALSE
"W173","12","Блок","2023-02-08T13:17:53Z",2023,"wiki_minor_edit","/* Закрывающий блок */",23,12,"Блок",7288,NA,7647,0,173,"MicroRu","human",TRUE,FALSE
"W114","12","Блок","2023-02-09T16:21:53Z",2023,"wiki_minor_edit","",48,12,"Блок",7347,NA,7695,0,114,"Gohoski","human",TRUE,FALSE
"W120","12","Блок","2023-03-30T13:17:30Z",2023,"wiki_minor_edit","",24,12,"Блок",8078,NA,7719,0,120,"Idey programm","human",TRUE,FALSE
"W189","12","Блок","2023-10-17T13:59:55Z",2023,"wiki_minor_edit","/* Обвивающий блок */",237,12,"Блок",9660,NA,7956,0,189,"Scratch craft 2","human",TRUE,FALSE
"W217","12","Блок","2023-10-17T15:16:15Z",2023,"wiki_minor_edit","Большие буквы и точки",1,12,"Блок",9680,NA,7957,0,217,"AGScratcherBest","human",TRUE,FALSE
"W114","12","Блок","2024-02-04T15:27:51Z",2024,"wiki_minor_edit","авто: новая категоризация",2,12,"Блок",11306,NA,7959,0,114,"Gohoski","human",TRUE,FALSE
"W2","15","Альтернативы Скретч","2014-07-17T09:38:01Z",2014,"wiki_minor_edit","8 версий",5561,15,"Альтернативы Скретч",44,NA,5561,0,2,"Dimon4ezzz","human",TRUE,FALSE
"W2","15","Альтернативы Скретч","2015-03-06T15:11:32Z",2015,"wiki_minor_edit","1 версия",0,15,"Альтернативы Скретч",45,NA,5561,0,2,"Dimon4ezzz","human",TRUE,FALSE
"W2","15","Альтернативы Скретч","2015-03-27T05:20:38Z",2015,"wiki_minor_edit","Dimon4ezzz переименовал страницу [[Альтернатива Скретч]] в [[Альтернативы Скретч]] без оставления перенаправления: Правильное название",0,15,"Альтернативы Скретч",270,NA,5561,0,2,"Dimon4ezzz","human",TRUE,FALSE
"W2","15","Альтернативы Скретч","2015-03-27T05:22:03Z",2015,"wiki_minor_edit","/* ТИП (CUI) (программирование текстом) */ интервики",-12,15,"Альтернативы Скретч",271,NA,5549,0,2,"Dimon4ezzz","human",TRUE,FALSE
"W21","15","Альтернативы Скретч","2016-02-19T15:10:03Z",2016,"wiki_bot_edit","Бот: добавлено [[de:Vergleich von blockbasierten Programmiersprachen]]",56,15,"Альтернативы Скретч",858,NA,5605,0,21,"InterwikiBot","bot",TRUE,FALSE
"W10","15","Альтернативы Скретч","2017-01-22T12:40:45Z",2017,"wiki_bot_edit","clean up",-37,15,"Альтернативы Скретч",1169,NA,5568,0,10,"D4zzzBOT","bot",TRUE,FALSE
"W21","15","Альтернативы Скретч","2018-12-11T19:49:58Z",2018,"wiki_bot_edit","Adding interwikis.",53,15,"Альтернативы Скретч",3908,NA,5621,0,21,"InterwikiBot","bot",TRUE,FALSE
"W120","15","Альтернативы Скретч","2021-01-20T13:33:43Z",2021,"wiki_minor_edit","/* ГИП (GUI) (программирование в стиле тащи и бросай) */",496,15,"Альтернативы Скретч",5647,NA,6117,0,120,"Idey programm","human",TRUE,FALSE
"W2","16","Галерея","2014-08-23T12:14:18Z",2014,"wiki_minor_edit","",1760,16,"Галерея",46,NA,1760,0,2,"Dimon4ezzz","human",TRUE,FALSE
"W2","16","Галерея","2015-03-06T15:11:46Z",2015,"wiki_minor_edit","1 версия",0,16,"Галерея",47,NA,1760,0,2,"Dimon4ezzz","human",TRUE,FALSE
"W2","16","Галерея","2015-03-27T08:23:55Z",2015,"wiki_minor_edit","",31,16,"Галерея",324,NA,1791,0,2,"Dimon4ezzz","human",TRUE,FALSE
"W16","16","Галерея","2015-07-29T21:33:12Z",2015,"wiki_minor_edit","добавил фотку",164,16,"Галерея",483,NA,1955,0,16,"Timkoiko","human",TRUE,FALSE
"W10","16","Галерея","2017-01-22T13:40:07Z",2017,"wiki_bot_edit","Очистка категорий",-59,16,"Галерея",1243,NA,1896,0,10,"D4zzzBOT","bot",TRUE,FALSE
"W42","16","Галерея","2018-06-22T08:06:06Z",2018,"wiki_minor_edit","",39,16,"Галерея",2382,NA,1935,0,42,"RuMaks","human",TRUE,FALSE
"W120","16","Галерея","2023-06-01T14:57:00Z",2023,"wiki_minor_edit","Перевод некоторых разделов с Английской Вики",850,16,"Галерея",8611,NA,2785,0,120,"Idey programm","human",TRUE,FALSE
"W2","17","Когда щёлкнут по зелёному флагу","2014-09-25T08:37:05Z",2014,"wiki_minor_edit","",1018,17,"Когда щёлкнут по зелёному флагу",48,NA,1018,0,2,"Dimon4ezzz","human",TRUE,FALSE
"W2","17","Когда щёлкнут по зелёному флагу","2015-03-06T15:21:36Z",2015,"wiki_minor_edit","1 версия",0,17,"Когда щёлкнут по зелёному флагу",49,NA,1018,0,2,"Dimon4ezzz","human",TRUE,FALSE
"W2","17","Когда щёлкнут по зелёному флагу","2015-03-07T09:50:45Z",2015,"wiki_minor_edit","",92,17,"Когда щёлкнут по зелёному флагу",171,NA,1110,0,2,"Dimon4ezzz","human",TRUE,FALSE
"W2","17","Когда щёлкнут по зелёному флагу","2015-03-07T09:53:38Z",2015,"wiki_minor_edit","",-92,17,"Когда щёлкнут по зелёному флагу",173,NA,1018,0,2,"Dimon4ezzz","human",TRUE,FALSE
"W19","17","Когда щёлкнут по зелёному флагу","2015-09-29T04:47:46Z",2015,"wiki_minor_edit","",33,17,"Когда щёлкнут по зелёному флагу",589,NA,1051,0,19,"Tankist-777","human",TRUE,FALSE
"W19","17","Когда щёлкнут по зелёному флагу","2015-09-29T16:01:00Z",2015,"wiki_minor_edit","",145,17,"Когда щёлкнут по зелёному флагу",602,NA,1196,0,19,"Tankist-777","human",TRUE,FALSE
"W19","17","Когда щёлкнут по зелёному флагу","2015-09-29T16:01:22Z",2015,"wiki_minor_edit","",0,17,"Когда щёлкнут по зелёному флагу",603,NA,1196,0,19,"Tankist-777","human",TRUE,FALSE
"W19","17","Когда щёлкнут по зелёному флагу","2015-09-29T16:01:44Z",2015,"wiki_minor_edit","Отмена правки 603, сделанной участником [[Special:Contributions/Tankist-777|Tankist-777]] ([[User talk:Tankist-777|обс.]])",0,17,"Когда щёлкнут по зелёному флагу",604,NA,1196,0,19,"Tankist-777","human",TRUE,FALSE
"W19","17","Когда щёлкнут по зелёному флагу","2015-09-29T16:48:04Z",2015,"wiki_minor_edit","",-33,17,"Когда щёлкнут по зелёному флагу",605,NA,1163,0,19,"Tankist-777","human",TRUE,FALSE
"W19","17","Когда щёлкнут по зелёному флагу","2015-09-29T18:12:06Z",2015,"wiki_minor_edit","",34,17,"Когда щёлкнут по зелёному флагу",607,NA,1197,0,19,"Tankist-777","human",TRUE,FALSE
"W19","17","Когда щёлкнут по зелёному флагу","2015-09-29T18:19:10Z",2015,"wiki_minor_edit","",67,17,"Когда щёлкнут по зелёному флагу",615,NA,1264,0,19,"Tankist-777","human",TRUE,FALSE
"W19","17","Когда щёлкнут по зелёному флагу","2015-09-30T15:11:08Z",2015,"wiki_minor_edit","",197,17,"Когда щёлкнут по зелёному флагу",643,NA,1461,0,19,"Tankist-777","human",TRUE,FALSE
"W19","17","Когда щёлкнут по зелёному флагу","2015-09-30T15:12:57Z",2015,"wiki_minor_edit","link",45,17,"Когда щёлкнут по зелёному флагу",644,NA,1506,0,19,"Tankist-777","human",TRUE,FALSE
"W15","17","Когда щёлкнут по зелёному флагу","2015-10-16T14:53:33Z",2015,"wiki_minor_edit","indonesian interwiki **fix**",0,17,"Когда щёлкнут по зелёному флагу",657,NA,1506,0,15,"Rumanti","human",TRUE,FALSE
"W21","17","Когда щёлкнут по зелёному флагу","2015-10-21T21:31:10Z",2015,"wiki_bot_edit","Бот: изменено с [[id:ketika bendera hijau diklik (blok)]] на [[id:ketika bendera hijau diklik (balok)]]",2,17,"Когда щёлкнут по зелёному флагу",671,NA,1508,0,21,"InterwikiBot","bot",TRUE,FALSE
"W21","17","Когда щёлкнут по зелёному флагу","2016-01-02T00:24:26Z",2016,"wiki_bot_edit","Бот: добавлено [[ja:緑の旗がクリックされたとき]]",47,17,"Когда щёлкнут по зелёному флагу",797,NA,1555,0,21,"InterwikiBot","bot",TRUE,FALSE
"W21","17","Когда щёлкнут по зелёному флагу","2016-02-18T22:48:34Z",2016,"wiki_bot_edit","Бот: изменено с [[ja:緑の旗がクリックされたとき]] на [[ja:緑の旗がクリックされたとき (ブロック)]]",15,17,"Когда щёлкнут по зелёному флагу",843,NA,1570,0,21,"InterwikiBot","bot",TRUE,FALSE
"W46","17","Когда щёлкнут по зелёному флагу","2018-01-24T11:01:35Z",2018,"wiki_minor_edit","",85,17,"Когда щёлкнут по зелёному флагу",1646,NA,1655,0,46,"Evgeny patarakin","human",TRUE,FALSE
"W46","17","Когда щёлкнут по зелёному флагу","2018-01-24T11:03:42Z",2018,"wiki_minor_edit","графический файл заменен на текстовое описание - превращается в визуальный блок",-111,17,"Когда щёлкнут по зелёному флагу",1647,NA,1544,0,46,"Evgeny patarakin","human",TRUE,FALSE
"W46","17","Когда щёлкнут по зелёному флагу","2018-01-24T11:04:28Z",2018,"wiki_minor_edit","",-33,17,"Когда щёлкнут по зелёному флагу",1648,NA,1511,0,46,"Evgeny patarakin","human",TRUE,FALSE
"W46","17","Когда щёлкнут по зелёному флагу","2018-01-24T11:04:54Z",2018,"wiki_minor_edit","",1,17,"Когда щёлкнут по зелёному флагу",1649,NA,1512,0,46,"Evgeny patarakin","human",TRUE,FALSE
"W42","17","Когда щёлкнут по зелёному флагу","2018-07-16T09:41:20Z",2018,"wiki_minor_edit","Перенаправление на [[Событийный блок#whengreenflagclicked]]",-1426,17,"Когда щёлкнут по зелёному флагу",3055,NA,86,0,42,"RuMaks","human",TRUE,FALSE
"W42","17","Когда щёлкнут по зелёному флагу","2018-07-16T09:43:04Z",2018,"wiki_minor_edit","RuMaks переименовал страницу [[Когда зелёный флаг нажат (блок)]] в [[Когда щёлкнут по зелёному флагу (блок)]] без оставления перенаправления",0,17,"Когда щёлкнут по зелёному флагу",3056,NA,86,0,42,"RuMaks","human",TRUE,FALSE
"W2","17","Когда щёлкнут по зелёному флагу","2018-07-18T13:03:22Z",2018,"wiki_minor_edit","Dimon4ezzz переименовал страницу [[Когда щёлкнут по зелёному флагу (блок)]] в [[Когда щёлкнут по зелёному флагу]]: приписка не нужна",0,17,"Когда щёлкнут по зелёному флагу",3081,NA,86,0,2,"Dimon4ezzz","human",TRUE,FALSE
"W184","17","Когда щёлкнут по зелёному флагу","2023-02-24T09:47:27Z",2023,"wiki_minor_edit","Изменено перенаправление.",19,17,"Когда щёлкнут по зелёному флагу",7692,NA,105,0,184,"Alex Ilya","human",TRUE,FALSE
"W2","18","Куратор главной страницы","2015-02-06T17:30:31Z",2015,"wiki_minor_edit","",7241,18,"Куратор главной страницы",50,NA,7241,0,2,"Dimon4ezzz","human",TRUE,FALSE
"W2","18","Куратор главной страницы","2015-03-06T15:32:16Z",2015,"wiki_minor_edit","1 версия",0,18,"Куратор главной страницы",51,NA,7241,0,2,"Dimon4ezzz","human",TRUE,FALSE
"W2","18","Куратор главной страницы","2015-03-26T17:08:11Z",2015,"wiki_minor_edit","Dimon4ezzz переименовал страницу [[Куратор]] в [[Куратор главной страницы]] без оставления перенаправления",0,18,"Куратор главной страницы",236,NA,7241,0,2,"Dimon4ezzz","human",TRUE,FALSE
"W2","18","Куратор главной страницы","2015-03-27T05:16:39Z",2015,"wiki_minor_edit","/* Примечания */ интервики",66,18,"Куратор главной страницы",267,NA,7307,0,2,"Dimon4ezzz","human",TRUE,FALSE
"W2","18","Куратор главной страницы","2015-03-27T05:17:11Z",2015,"wiki_minor_edit","/* Список кураторов */",45,18,"Куратор главной страницы",268,NA,7352,0,2,"Dimon4ezzz","human",TRUE,FALSE
"W2","18","Куратор главной страницы","2015-03-27T10:20:03Z",2015,"wiki_minor_edit","/* Примечания */",16,18,"Куратор главной страницы",340,NA,7368,0,2,"Dimon4ezzz","human",TRUE,FALSE
"W16","18","Куратор главной страницы","2015-09-07T21:32:22Z",2015,"wiki_minor_edit","",-2,18,"Куратор главной страницы",556,NA,7366,0,16,"Timkoiko","human",TRUE,FALSE
"W16","18","Куратор главной страницы","2015-09-07T21:32:57Z",2015,"wiki_minor_edit","/* Список кураторов */",0,18,"Куратор главной страницы",558,NA,7366,0,16,"Timkoiko","human",TRUE,FALSE
"W21","18","Куратор главной страницы","2015-10-21T20:36:22Z",2015,"wiki_bot_edit","Бот: изменено с [[id:Kurator (front page)]] на [[id:Kurator (halaman depan)]]",3,18,"Куратор главной страницы",665,NA,7369,0,21,"InterwikiBot","bot",TRUE,FALSE
"W10","18","Куратор главной страницы","2017-01-22T12:45:44Z",2017,"wiki_bot_edit","clean up",-94,18,"Куратор главной страницы",1185,NA,7275,0,10,"D4zzzBOT","bot",TRUE,FALSE
"W21","18","Куратор главной страницы","2017-07-02T17:01:51Z",2017,"wiki_bot_edit","Adding interwikis.",15,18,"Куратор главной страницы",1416,NA,7290,0,21,"InterwikiBot","bot",TRUE,FALSE
"W42","18","Куратор главной страницы","2018-06-20T07:54:30Z",2018,"wiki_minor_edit","",113,18,"Куратор главной страницы",2291,NA,7403,0,42,"RuMaks","human",TRUE,FALSE
"W10","18","Куратор главной страницы","2018-07-08T11:26:28Z",2018,"wiki_bot_edit","новая категоризация",-114,18,"Куратор главной страницы",2683,NA,7289,0,10,"D4zzzBOT","bot",TRUE,FALSE
"W114","18","Куратор главной страницы","2022-11-02T18:31:21Z",2022,"wiki_minor_edit","Куратор не главной страницы Вики, а главной страницы сайта Scratch",-61,18,"Куратор главной страницы",6021,NA,7228,0,114,"Gohoski","human",TRUE,FALSE
"W114","18","Куратор главной страницы","2022-11-03T09:21:18Z",2022,"wiki_minor_edit","/* История */",-36,18,"Куратор главной страницы",6029,NA,7192,0,114,"Gohoski","human",TRUE,FALSE
"W114","18","Куратор главной страницы","2022-11-08T17:07:24Z",2022,"wiki_minor_edit","/* Как сделать так, чтобы стать куратором */",-36,18,"Куратор главной страницы",6219,NA,7156,0,114,"Gohoski","human",TRUE,FALSE
"W114","18","Куратор главной страницы","2022-11-12T13:41:28Z",2022,"wiki_minor_edit","/* Список кураторов */",45,18,"Куратор главной страницы",6267,NA,7201,0,114,"Gohoski","human",TRUE,FALSE
"W114","18","Куратор главной страницы","2022-11-12T13:44:02Z",2022,"wiki_minor_edit","/* Список кураторов */",-39,18,"Куратор главной страницы",6269,NA,7162,0,114,"Gohoski","human",TRUE,FALSE
"W114","18","Куратор главной страницы","2022-11-15T16:59:39Z",2022,"wiki_minor_edit","/* Список кураторов */ Новый куратор",-6,18,"Куратор главной страницы",6321,NA,7156,0,114,"Gohoski","human",TRUE,FALSE
"W114","18","Куратор главной страницы","2022-12-27T14:39:59Z",2022,"wiki_minor_edit","/* Список кураторов */ Новый куратор",-11,18,"Куратор главной страницы",6660,NA,7145,0,114,"Gohoski","human",TRUE,FALSE
"W180","18","Куратор главной страницы","2022-12-28T16:37:11Z",2022,"wiki_minor_edit","Изменение пункта ""как сделать так, чтобы стать куратором""",404,18,"Куратор главной страницы",6667,NA,7549,0,180,"Veniamin6","human",TRUE,FALSE
"W180","18","Куратор главной страницы","2022-12-28T16:40:29Z",2022,"wiki_minor_edit","небольшое дополнительное изменение",134,18,"Куратор главной страницы",6668,NA,7683,0,180,"Veniamin6","human",TRUE,FALSE
"W180","18","Куратор главной страницы","2023-01-03T06:18:09Z",2023,"wiki_minor_edit","Новые кураторы",5,18,"Куратор главной страницы",6727,NA,7688,0,180,"Veniamin6","human",TRUE,FALSE
"W114","18","Куратор главной страницы","2023-01-16T17:58:27Z",2023,"wiki_minor_edit","Обновление перевода",3351,18,"Куратор главной страницы",6821,NA,11039,0,114,"Gohoski","human",TRUE,FALSE
"W114","18","Куратор главной страницы","2023-01-21T16:10:13Z",2023,"wiki_minor_edit","/* Список кураторов */",0,18,"Куратор главной страницы",6903,NA,11039,0,114,"Gohoski","human",TRUE,FALSE
"W114","18","Куратор главной страницы","2023-01-21T16:11:50Z",2023,"wiki_minor_edit","/* История */",-66,18,"Куратор главной страницы",6905,NA,10973,0,114,"Gohoski","human",TRUE,FALSE
"W114","18","Куратор главной страницы","2023-01-24T18:21:28Z",2023,"wiki_minor_edit","Защитил страницу [[Куратор главной страницы]]: популярная страница: Среда вики ([Редактирование=Разрешено только автоподтверждённым участникам] (истекает 00:00, 22 февраля 2023 (UTC)))",0,18,"Куратор главной страницы",7013,NA,10973,0,114,"Gohoski","human",TRUE,FALSE
"W114","18","Куратор главной страницы","2023-01-24T18:23:57Z",2023,"wiki_minor_edit","",-5,18,"Куратор главной страницы",7014,NA,10968,0,114,"Gohoski","human",TRUE,FALSE
"W114","18","Куратор главной страницы","2023-01-24T18:24:30Z",2023,"wiki_minor_edit","/* Список кураторов */ Новый куратор",-1,18,"Куратор главной страницы",7015,NA,10967,0,114,"Gohoski","human",TRUE,FALSE
"W114","18","Куратор главной страницы","2023-01-24T19:09:23Z",2023,"wiki_minor_edit","",163,18,"Куратор главной страницы",7024,NA,11130,0,114,"Gohoski","human",TRUE,FALSE
"W114","18","Куратор главной страницы","2023-01-25T05:11:03Z",2023,"wiki_minor_edit","/* Список кураторов */",0,18,"Куратор главной страницы",7025,NA,11130,0,114,"Gohoski","human",TRUE,FALSE
"W114","18","Куратор главной страницы","2023-01-25T18:13:21Z",2023,"wiki_minor_edit","[[Шаблон:Избранная статья]]",54,18,"Куратор главной страницы",7027,NA,11184,0,114,"Gohoski","human",TRUE,FALSE
"W114","18","Куратор главной страницы","2023-01-26T07:04:26Z",2023,"wiki_minor_edit","",0,18,"Куратор главной страницы",7043,NA,11184,0,114,"Gohoski","human",TRUE,FALSE
"W114","18","Куратор главной страницы","2023-01-28T09:24:43Z",2023,"wiki_minor_edit","/* Заявка и выбор */",14,18,"Куратор главной страницы",7064,NA,11198,0,114,"Gohoski","human",TRUE,FALSE
"W114","18","Куратор главной страницы","2023-01-28T09:25:25Z",2023,"wiki_minor_edit","",32,18,"Куратор главной страницы",7065,NA,11230,0,114,"Gohoski","human",TRUE,FALSE
"W2","19","Модификация Скретча","2014-07-17T09:38:05Z",2014,"wiki_minor_edit","3 версии",2184,19,"Модификация Скретча",52,NA,2184,0,2,"Dimon4ezzz","human",TRUE,FALSE
"W2","19","Модификация Скретча","2015-03-06T15:32:17Z",2015,"wiki_minor_edit","1 версия",0,19,"Модификация Скретча",53,NA,2184,0,2,"Dimon4ezzz","human",TRUE,FALSE
"W2","19","Модификация Скретча","2015-03-27T05:54:54Z",2015,"wiki_minor_edit","интервики",-232,19,"Модификация Скретча",283,NA,1952,0,2,"Dimon4ezzz","human",TRUE,FALSE
"W2","19","Модификация Скретча","2015-03-27T05:55:17Z",2015,"wiki_minor_edit","/* Смотри также */",19,19,"Модификация Скретча",284,NA,1971,0,2,"Dimon4ezzz","human",TRUE,FALSE
"W2","19","Модификация Скретча","2015-03-27T05:55:31Z",2015,"wiki_minor_edit","/* Примечания */ интервики",0,19,"Модификация Скретча",285,NA,1971,0,2,"Dimon4ezzz","human",TRUE,FALSE
"W10","19","Модификация Скретча","2017-01-22T12:46:00Z",2017,"wiki_bot_edit","clean up",-60,19,"Модификация Скретча",1186,NA,1911,0,10,"D4zzzBOT","bot",TRUE,FALSE
"W21","19","Модификация Скретча","2017-07-02T17:21:23Z",2017,"wiki_bot_edit","Adding interwikis.",25,19,"Модификация Скретча",1426,NA,1936,0,21,"InterwikiBot","bot",TRUE,FALSE
"W42","19","Модификация Скретча","2018-06-20T07:56:07Z",2018,"wiki_minor_edit","",132,19,"Модификация Скретча",2293,NA,2068,0,42,"RuMaks","human",TRUE,FALSE
"W2","19","Модификация Скретча","2018-07-11T09:30:48Z",2018,"wiki_minor_edit","",-53,19,"Модификация Скретча",2882,NA,2015,0,2,"Dimon4ezzz","human",TRUE,FALSE
"W2","19","Модификация Скретча","2018-07-11T09:30:58Z",2018,"wiki_minor_edit","/* Смотри также */",-68,19,"Модификация Скретча",2883,NA,1947,0,2,"Dimon4ezzz","human",TRUE,FALSE
"W114","19","Модификация Скретча","2024-02-04T15:23:13Z",2024,"wiki_minor_edit","авто: новая категоризация",2,19,"Модификация Скретча",11293,NA,1949,0,114,"Gohoski","human",TRUE,FALSE
"W114","19","Модификация Скретча","2024-06-09T11:43:13Z",2024,"wiki_minor_edit","Gohoski переименовал страницу [[Модификация Скретч]] в [[Модификация Скретча]]",0,19,"Модификация Скретча",11778,NA,1949,0,114,"Gohoski","human",TRUE,FALSE
"W2","20","Flash-плеер","2014-09-26T10:54:45Z",2014,"wiki_minor_edit","1 версия",4950,20,"Flash-плеер",54,NA,4950,0,2,"Dimon4ezzz","human",TRUE,FALSE
"W2","20","Flash-плеер","2015-03-06T15:32:17Z",2015,"wiki_minor_edit","1 версия",0,20,"Flash-плеер",55,NA,4950,0,2,"Dimon4ezzz","human",TRUE,FALSE
"W2","20","Flash-плеер","2015-03-26T17:25:02Z",2015,"wiki_minor_edit","/* Примечания */",-10,20,"Flash-плеер",243,NA,4940,0,2,"Dimon4ezzz","human",TRUE,FALSE
"W2","20","Flash-плеер","2017-01-22T13:07:35Z",2017,"wiki_minor_edit","",-205,20,"Flash-плеер",1199,NA,4735,0,2,"Dimon4ezzz","human",TRUE,FALSE
"W42","20","Flash-плеер","2018-05-09T11:39:20Z",2018,"wiki_minor_edit","",75,20,"Flash-плеер",1846,NA,4810,0,42,"RuMaks","human",TRUE,FALSE
"W42","20","Flash-плеер","2018-06-22T07:56:55Z",2018,"wiki_minor_edit","",36,20,"Flash-плеер",2372,NA,4846,0,42,"RuMaks","human",TRUE,FALSE
"W2","20","Flash-плеер","2018-07-11T09:22:53Z",2018,"wiki_minor_edit","",-2,20,"Flash-плеер",2864,NA,4844,0,2,"Dimon4ezzz","human",TRUE,FALSE
"W114","20","Flash-плеер","2023-02-11T09:06:56Z",2023,"wiki_minor_edit","Gohoski переименовал страницу [[Плеер Flash]] в [[Flash-плеер]]",0,20,"Flash-плеер",7436,NA,4844,0,114,"Gohoski","human",TRUE,FALSE
"W217","20","Flash-плеер","2023-12-11T09:57:12Z",2023,"wiki_minor_edit","Добавил шаблон",40,20,"Flash-плеер",10806,NA,4884,0,217,"AGScratcherBest","human",TRUE,FALSE
"W114","20","Flash-плеер","2024-02-04T15:23:21Z",2024,"wiki_minor_edit","авто: новая категоризация",2,20,"Flash-плеер",11295,NA,4886,0,114,"Gohoski","human",TRUE,FALSE
"W2","22","Разработка Скретч 1.0","2014-07-17T09:38:06Z",2014,"wiki_minor_edit","3 версии",1499,22,"Разработка Скретч 1.0",58,NA,1499,0,2,"Dimon4ezzz","human",TRUE,FALSE
"W2","22","Разработка Скретч 1.0","2015-03-06T15:32:17Z",2015,"wiki_minor_edit","1 версия",0,22,"Разработка Скретч 1.0",59,NA,1499,0,2,"Dimon4ezzz","human",TRUE,FALSE
"W2","22","Разработка Скретч 1.0","2015-03-27T06:19:42Z",2015,"wiki_minor_edit","/* Примечания */ интервики",85,22,"Разработка Скретч 1.0",295,NA,1584,0,2,"Dimon4ezzz","human",TRUE,FALSE
"W10","22","Разработка Скретч 1.0","2017-01-22T13:16:04Z",2017,"wiki_bot_edit","/* Примечания */Очистка категорий",-50,22,"Разработка Скретч 1.0",1226,NA,1534,0,10,"D4zzzBOT","bot",TRUE,FALSE
"W42","22","Разработка Скретч 1.0","2018-07-05T10:42:23Z",2018,"wiki_minor_edit","",68,22,"Разработка Скретч 1.0",2510,NA,1602,0,42,"RuMaks","human",TRUE,FALSE
"W2","22","Разработка Скретч 1.0","2018-07-11T09:29:55Z",2018,"wiki_minor_edit","",2,22,"Разработка Скретч 1.0",2880,NA,1604,0,2,"Dimon4ezzz","human",TRUE,FALSE
"W2","22","Разработка Скретч 1.0","2018-07-29T14:38:17Z",2018,"wiki_minor_edit","/* 2003 */ викификация",78,22,"Разработка Скретч 1.0",3265,NA,1682,0,2,"Dimon4ezzz","human",TRUE,FALSE
"W2","23","Сайт Скретча","2014-09-01T13:10:43Z",2014,"wiki_minor_edit","Новая страница: «{{Незавершённая статья}} '''Сайт Скретч''' — официальный сайт языка программирования Скре…»",1678,23,"Сайт Скретча",60,NA,1678,0,2,"Dimon4ezzz","human",TRUE,FALSE
"W2","23","Сайт Скретча","2015-03-06T15:32:17Z",2015,"wiki_minor_edit","1 версия",0,23,"Сайт Скретча",61,NA,1678,0,2,"Dimon4ezzz","human",TRUE,FALSE
"W2","23","Сайт Скретча","2015-03-29T19:08:42Z",2015,"wiki_minor_edit","",26,23,"Сайт Скретча",407,NA,1704,0,2,"Dimon4ezzz","human",TRUE,FALSE
"W15","23","Сайт Скретча","2015-07-31T14:44:44Z",2015,"wiki_minor_edit","indonesian interwiki",21,23,"Сайт Скретча",522,NA,1725,0,15,"Rumanti","human",TRUE,FALSE
"W10","23","Сайт Скретча","2017-01-22T13:40:24Z",2017,"wiki_bot_edit","/* top */Очистка категорий",-45,23,"Сайт Скретча",1251,NA,1680,0,10,"D4zzzBOT","bot",TRUE,FALSE
"W42","23","Сайт Скретча","2018-05-09T11:31:54Z",2018,"wiki_minor_edit","",56,23,"Сайт Скретча",1841,NA,1736,0,42,"RuMaks","human",TRUE,FALSE
"W42","23","Сайт Скретча","2018-06-13T11:59:22Z",2018,"wiki_minor_edit","",44,23,"Сайт Скретча",1897,NA,1780,0,42,"RuMaks","human",TRUE,FALSE
"W10","23","Сайт Скретча","2018-07-08T11:28:20Z",2018,"wiki_bot_edit","новая категоризация",-12,23,"Сайт Скретча",2692,NA,1768,0,10,"D4zzzBOT","bot",TRUE,FALSE
"W87","23","Сайт Скретча","2018-07-20T14:06:32Z",2018,"wiki_minor_edit","",9,23,"Сайт Скретча",3117,NA,1777,0,87,"Simon142","human",TRUE,FALSE
"W87","23","Сайт Скретча","2018-07-21T16:54:33Z",2018,"wiki_minor_edit","",16,23,"Сайт Скретча",3154,NA,1793,0,87,"Simon142","human",TRUE,FALSE
"W36","23","Сайт Скретча","2020-06-19T07:51:38Z",2020,"wiki_minor_edit","Исправление ссылок",42,23,"Сайт Скретча",5427,NA,1835,0,36,"Mini Kostik","human",TRUE,FALSE
"W36","23","Сайт Скретча","2020-06-19T07:51:57Z",2020,"wiki_minor_edit","",-4,23,"Сайт Скретча",5428,NA,1831,0,36,"Mini Kostik","human",TRUE,FALSE
"W181","23","Сайт Скретча","2023-01-21T17:26:42Z",2023,"wiki_minor_edit","",9043,23,"Сайт Скретча",6914,NA,10874,0,181,"Zuenko-michail","human",TRUE,FALSE
"W114","23","Сайт Скретча","2023-05-24T11:02:41Z",2023,"wiki_minor_edit","Gohoski переименовал страницу [[Сайт Скретч]] в [[Сайт Скретча]]",0,23,"Сайт Скретча",8456,NA,10874,0,114,"Gohoski","human",TRUE,FALSE
"W228","23","Сайт Скретча","2024-01-20T15:01:57Z",2024,"wiki_minor_edit","/* Ошибки */",0,23,"Сайт Скретча",10967,NA,10874,0,228,"BLACKCAT20144PLAYERS","human",TRUE,FALSE
"W2","24","Скретч 1.4","2014-08-22T14:57:39Z",2014,"wiki_minor_edit","",434,24,"Скретч 1.4",62,NA,434,0,2,"Dimon4ezzz","human",TRUE,FALSE
"W2","24","Скретч 1.4","2015-03-06T15:32:17Z",2015,"wiki_minor_edit","1 версия",0,24,"Скретч 1.4",63,NA,434,0,2,"Dimon4ezzz","human",TRUE,FALSE
"W2","24","Скретч 1.4","2015-03-27T08:32:35Z",2015,"wiki_minor_edit","",2,24,"Скретч 1.4",330,NA,436,0,2,"Dimon4ezzz","human",TRUE,FALSE
"W2","24","Скретч 1.4","2015-03-29T11:13:02Z",2015,"wiki_minor_edit","",49,24,"Скретч 1.4",382,NA,485,0,2,"Dimon4ezzz","human",TRUE,FALSE
"W4","24","Скретч 1.4","2015-07-16T08:34:04Z",2015,"wiki_minor_edit","",19,24,"Скретч 1.4",450,NA,504,0,4,"Mtwoll","human",TRUE,FALSE
"W4","24","Скретч 1.4","2015-07-16T08:34:19Z",2015,"wiki_minor_edit","",-1,24,"Скретч 1.4",451,NA,503,0,4,"Mtwoll","human",TRUE,FALSE
"W16","24","Скретч 1.4","2016-01-13T18:29:41Z",2016,"wiki_minor_edit","",62,24,"Скретч 1.4",816,NA,565,0,16,"Timkoiko","human",TRUE,FALSE
"W21","24","Скретч 1.4","2016-02-18T22:36:22Z",2016,"wiki_bot_edit","Бот: изменено с [[ja:Scratch1.4]] на [[ja:Scratch 1.4]]",1,24,"Скретч 1.4",840,NA,566,0,21,"InterwikiBot","bot",TRUE,FALSE
"W2","24","Скретч 1.4","2016-09-30T04:56:41Z",2016,"wiki_minor_edit","",380,24,"Скретч 1.4",1062,NA,946,0,2,"Dimon4ezzz","human",TRUE,FALSE
"W10","24","Скретч 1.4","2017-01-22T13:14:53Z",2017,"wiki_bot_edit","/* Бета-версия */Очистка категорий",-40,24,"Скретч 1.4",1216,NA,906,0,10,"D4zzzBOT","bot",TRUE,FALSE
"W10","24","Скретч 1.4","2017-01-22T13:16:07Z",2017,"wiki_bot_edit","/* Бета-версия */Очистка категорий",-50,24,"Скретч 1.4",1227,NA,856,0,10,"D4zzzBOT","bot",TRUE,FALSE
"W2","24","Скретч 1.4","2017-01-24T10:13:14Z",2017,"wiki_minor_edit","",0,24,"Скретч 1.4",1319,NA,856,0,2,"Dimon4ezzz","human",TRUE,FALSE
"W42","24","Скретч 1.4","2018-05-09T11:21:23Z",2018,"wiki_minor_edit","",19,24,"Скретч 1.4",1834,NA,875,0,42,"RuMaks","human",TRUE,FALSE
"W42","24","Скретч 1.4","2018-07-05T10:50:31Z",2018,"wiki_minor_edit","",68,24,"Скретч 1.4",2512,NA,943,0,42,"RuMaks","human",TRUE,FALSE
"W2","24","Скретч 1.4","2018-07-08T10:56:42Z",2018,"wiki_minor_edit","новая категоризация",2,24,"Скретч 1.4",2653,NA,945,0,2,"Dimon4ezzz","human",TRUE,FALSE
"W2","24","Скретч 1.4","2018-07-08T15:34:01Z",2018,"wiki_minor_edit","перенёс внутреннюю страницу в раздел",1224,24,"Скретч 1.4",2704,NA,2169,0,2,"Dimon4ezzz","human",TRUE,FALSE
"W2","24","Скретч 1.4","2018-07-08T15:34:32Z",2018,"wiki_minor_edit","/* Как скачать Скретч */ ошибочка",-7,24,"Скретч 1.4",2705,NA,2162,0,2,"Dimon4ezzz","human",TRUE,FALSE
"W178","24","Скретч 1.4","2022-12-20T13:37:22Z",2022,"wiki_minor_edit","Добавил блоки",1095,24,"Скретч 1.4",6609,NA,3257,0,178,"Tfilipp","human",TRUE,FALSE
"W184","24","Скретч 1.4","2023-02-03T07:41:28Z",2023,"wiki_minor_edit","Переведена информация из английской Скретч Вики.",4405,24,"Скретч 1.4",7177,NA,7662,0,184,"Alex Ilya","human",TRUE,FALSE
"W236","24","Скретч 1.4","2024-06-27T11:57:16Z",2024,"wiki_minor_edit","Добавление отсутствующего раздела.",418,24,"Скретч 1.4",11966,NA,8080,0,236,"Udgin","human",TRUE,FALSE
"W268","24","Скретч 1.4","2025-02-02T12:40:53Z",2025,"wiki_minor_edit","",154,24,"Скретч 1.4",12175,NA,8234,0,268,"Winkryt","human",TRUE,FALSE
"W271","24","Скретч 1.4","2025-02-23T09:57:36Z",2025,"wiki_minor_edit","",-5,24,"Скретч 1.4",12182,NA,8229,0,271,"Cuphead 3","human",TRUE,FALSE
"W2","25","Скрипт","2014-07-17T09:38:14Z",2014,"wiki_minor_edit","3 версии",500,25,"Скрипт",64,NA,500,0,2,"Dimon4ezzz","human",TRUE,FALSE
"W2","25","Скрипт","2015-03-06T15:32:22Z",2015,"wiki_minor_edit","1 версия",0,25,"Скрипт",65,NA,500,0,2,"Dimon4ezzz","human",TRUE,FALSE
"W2","25","Скрипт","2015-03-27T06:07:24Z",2015,"wiki_minor_edit","интервики",29,25,"Скрипт",289,NA,529,0,2,"Dimon4ezzz","human",TRUE,FALSE
"W2","25","Скрипт","2015-03-27T06:07:36Z",2015,"wiki_minor_edit","",0,25,"Скрипт",290,NA,529,0,2,"Dimon4ezzz","human",TRUE,FALSE
"W42","25","Скрипт","2018-06-19T16:27:48Z",2018,"wiki_minor_edit","",55,25,"Скрипт",2235,NA,584,0,42,"RuMaks","human",TRUE,FALSE
"W42","25","Скрипт","2018-07-11T07:15:04Z",2018,"wiki_minor_edit","",-9,25,"Скрипт",2811,NA,575,0,42,"RuMaks","human",TRUE,FALSE
"W42","25","Скрипт","2018-08-04T17:56:01Z",2018,"wiki_minor_edit","",38,25,"Скрипт",3323,NA,613,0,42,"RuMaks","human",TRUE,FALSE
"W21","25","Скрипт","2018-12-09T20:19:09Z",2018,"wiki_bot_edit","Adding interwikis.",34,25,"Скрипт",3888,NA,647,0,21,"InterwikiBot","bot",TRUE,FALSE
"W120","25","Скрипт","2023-02-08T11:53:33Z",2023,"wiki_minor_edit","Добавление изображении скрипта и информации о нём",315,25,"Скрипт",7273,NA,962,0,120,"Idey programm","human",TRUE,FALSE
"W120","25","Скрипт","2023-03-10T05:48:40Z",2023,"wiki_minor_edit","Перевод некоторых разделов с Английской Вики",5687,25,"Скрипт",7835,NA,6649,0,120,"Idey programm","human",TRUE,FALSE
"W120","25","Скрипт","2023-03-12T12:07:52Z",2023,"wiki_minor_edit","",377,25,"Скрипт",7869,NA,7026,0,120,"Idey programm","human",TRUE,FALSE
"W120","25","Скрипт","2023-03-12T12:10:41Z",2023,"wiki_minor_edit","Статья завершена",-44,25,"Скрипт",7871,NA,6982,0,120,"Idey programm","human",TRUE,FALSE
"W114","25","Скрипт","2024-02-04T15:17:02Z",2024,"wiki_minor_edit","авто: новая категоризация",0,25,"Скрипт",11188,NA,6982,0,114,"Gohoski","human",TRUE,FALSE
"W120","25","Скрипт","2024-02-24T12:08:36Z",2024,"wiki_minor_edit","Данная статья не относиться к категории, указанной ранее",-45,25,"Скрипт",11463,NA,6937,0,120,"Idey programm","human",TRUE,FALSE
"W2","26","Сохранение в облаке","2015-02-06T18:02:27Z",2015,"wiki_minor_edit","/* Расшифровка */ англофикация",3734,26,"Сохранение в облаке",66,NA,3734,0,2,"Dimon4ezzz","human",TRUE,FALSE
"W2","26","Сохранение в облаке","2015-03-06T15:32:22Z",2015,"wiki_minor_edit","1 версия",0,26,"Сохранение в облаке",67,NA,3734,0,2,"Dimon4ezzz","human",TRUE,FALSE
"W2","26","Сохранение в облаке","2017-01-24T10:19:31Z",2017,"wiki_minor_edit","Удаление категорий",-57,26,"Сохранение в облаке",1327,NA,3677,0,2,"Dimon4ezzz","human",TRUE,FALSE
"W21","26","Сохранение в облаке","2017-07-02T17:11:58Z",2017,"wiki_bot_edit","Adding interwikis.",20,26,"Сохранение в облаке",1420,NA,3697,0,21,"InterwikiBot","bot",TRUE,FALSE
"W42","26","Сохранение в облаке","2018-01-08T10:50:41Z",2018,"wiki_minor_edit","",22,26,"Сохранение в облаке",1501,NA,3719,0,42,"RuMaks","human",TRUE,FALSE
"W42","26","Сохранение в облаке","2018-06-17T19:01:27Z",2018,"wiki_minor_edit","",54,26,"Сохранение в облаке",2045,NA,3773,0,42,"RuMaks","human",TRUE,FALSE
"W47","26","Сохранение в облаке","2018-06-18T04:52:19Z",2018,"wiki_minor_edit","Asqwde переименовал страницу [[Сохранение в облаке]] в [[Сохранение в Облаке]] без оставления перенаправления",0,26,"Сохранение в облаке",2069,NA,3773,0,47,"Asqwde","human",TRUE,FALSE
"W2","26","Сохранение в облаке","2018-06-19T08:03:10Z",2018,"wiki_minor_edit","Dimon4ezzz переименовал страницу [[Сохранение в Облаке]] в [[Сохранение в облаке]] без оставления перенаправления: возврат, зачем переименовал?",0,26,"Сохранение в облаке",2143,NA,3773,0,2,"Dimon4ezzz","human",TRUE,FALSE
"W2","26","Сохранение в облаке","2018-07-11T09:25:25Z",2018,"wiki_minor_edit","",-7,26,"Сохранение в облаке",2870,NA,3766,0,2,"Dimon4ezzz","human",TRUE,FALSE
"W114","26","Сохранение в облаке","2023-01-25T18:36:45Z",2023,"wiki_minor_edit","перевод scratchblocks на русский + [[Шаблон:Перевести]]",763,26,"Сохранение в облаке",7031,NA,4529,0,114,"Gohoski","human",TRUE,FALSE
"W189","26","Сохранение в облаке","2023-10-13T16:18:23Z",2023,"wiki_minor_edit","исправление ошибок",15,26,"Сохранение в облаке",9507,NA,4544,0,189,"Scratch craft 2","human",TRUE,FALSE
"W217","26","Сохранение в облаке","2023-11-14T19:30:26Z",2023,"wiki_minor_edit","Исправление ошибок",119,26,"Сохранение в облаке",10391,NA,4663,0,217,"AGScratcherBest","human",TRUE,FALSE
"W114","26","Сохранение в облаке","2024-02-04T15:17:26Z",2024,"wiki_minor_edit","авто: новая категоризация",0,26,"Сохранение в облаке",11196,NA,4663,0,114,"Gohoski","human",TRUE,FALSE
"W2","27","Студии","2014-08-25T13:25:38Z",2014,"wiki_minor_edit","",6854,27,"Студии",68,NA,6854,0,2,"Dimon4ezzz","human",TRUE,FALSE
"W2","27","Студии","2015-03-06T15:32:22Z",2015,"wiki_minor_edit","1 версия",0,27,"Студии",69,NA,6854,0,2,"Dimon4ezzz","human",TRUE,FALSE
"W2","27","Студии","2015-03-27T10:25:09Z",2015,"wiki_minor_edit","/* Удаление проектов */",22,27,"Студии",346,NA,6876,0,2,"Dimon4ezzz","human",TRUE,FALSE
"W2","27","Студии","2015-03-29T12:10:33Z",2015,"wiki_minor_edit","/* Менеджеры */",11,27,"Студии",391,NA,6887,0,2,"Dimon4ezzz","human",TRUE,FALSE
"W16","27","Студии","2015-07-29T21:52:06Z",2015,"wiki_minor_edit","картинка",72,27,"Студии",485,NA,6959,0,16,"Timkoiko","human",TRUE,FALSE
"W16","27","Студии","2015-07-29T21:52:28Z",2015,"wiki_minor_edit","",-2,27,"Студии",486,NA,6957,0,16,"Timkoiko","human",TRUE,FALSE
"W17","27","Студии","2016-01-02T00:25:35Z",2016,"wiki_minor_edit","New interwiki.",14,27,"Студии",798,NA,6971,0,17,"ErnieParke","human",TRUE,FALSE
"W21","27","Студии","2016-04-12T22:52:40Z",2016,"wiki_bot_edit","Бот: добавлено [[nl:Studio's]]",16,27,"Студии",894,NA,6987,0,21,"InterwikiBot","bot",TRUE,FALSE
"W10","27","Студии","2017-01-22T13:40:32Z",2017,"wiki_bot_edit","Очистка категорий",-60,27,"Студии",1254,NA,6927,0,10,"D4zzzBOT","bot",TRUE,FALSE
"W10","27","Студии","2017-01-22T14:01:53Z",2017,"wiki_bot_edit","/* Примечания */Очистка категорий",-40,27,"Студии",1288,NA,6887,0,10,"D4zzzBOT","bot",TRUE,FALSE
"W36","27","Студии","2018-01-04T09:53:33Z",2018,"wiki_minor_edit","Добавлен новый раздел",689,27,"Студии",1484,NA,7576,0,36,"Mini Kostik","human",TRUE,FALSE
"W42","27","Студии","2018-01-12T19:12:56Z",2018,"wiki_minor_edit","",-44,27,"Студии",1573,NA,7532,0,42,"RuMaks","human",TRUE,FALSE
"W39","27","Студии","2018-02-28T19:32:46Z",2018,"wiki_minor_edit","Защищена страница «[[Студия]]»: популярная страница ([Редактирование=Разрешено только администраторам] (бессрочно) [Переименование=Разреш…",0,27,"Студии",1732,NA,7532,0,39,"MakeTheBrainHappy","human",TRUE,FALSE
"W42","27","Студии","2018-06-17T18:44:14Z",2018,"wiki_minor_edit","Изменение интервики ссылок",59,27,"Студии",2043,NA,7591,0,42,"RuMaks","human",TRUE,FALSE
"W47","27","Студии","2018-06-18T15:19:19Z",2018,"wiki_minor_edit","Снята защита с «[[Студия]]»:  Защита не нужно",0,27,"Студии",2115,NA,7591,0,47,"Asqwde","human",TRUE,FALSE
"W42","27","Студии","2018-07-01T16:48:12Z",2018,"wiki_minor_edit","",46,27,"Студии",2484,NA,7637,0,42,"RuMaks","human",TRUE,FALSE
"W10","27","Студии","2018-07-08T11:28:32Z",2018,"wiki_bot_edit","новая категоризация",-14,27,"Студии",2693,NA,7623,0,10,"D4zzzBOT","bot",TRUE,FALSE
"W114","27","Студии","2023-01-25T18:41:57Z",2023,"wiki_minor_edit","",50,27,"Студии",7034,NA,7673,0,114,"Gohoski","human",TRUE,FALSE
"W212","27","Студии","2023-08-12T10:13:39Z",2023,"wiki_minor_edit","/* Примечания */",159,27,"Студии",9104,NA,7832,0,212,"Freyja-clarebout","human",TRUE,FALSE
"W189","27","Студии","2023-12-08T09:59:08Z",2023,"wiki_minor_edit","/* Создание */",223,27,"Студии",10728,NA,8055,0,189,"Scratch craft 2","human",TRUE,FALSE
"W217","27","Студии","2023-12-08T10:10:31Z",2023,"wiki_minor_edit","/* Создание */ в Мои работы можно зайти только с аккаунтом",-43,27,"Студии",10733,NA,8012,0,217,"AGScratcherBest","human",TRUE,FALSE
"W228","27","Студии","2024-03-05T16:21:45Z",2024,"wiki_minor_edit","BLACKCAT20144PLAYERS переименовал страницу [[Студия]] в [[Студии]]",0,27,"Студии",11526,NA,8012,0,228,"BLACKCAT20144PLAYERS","human",TRUE,FALSE
"W247","27","Студии","2024-11-04T12:07:28Z",2024,"wiki_minor_edit","Изменено и добавлено то что теперь в скретч 3.0",459,27,"Студии",12143,NA,8471,0,247,"SamiraSafina","human",TRUE,FALSE
"W2","28","Форумы","2014-10-08T17:00:27Z",2014,"wiki_minor_edit","",15305,28,"Форумы",70,NA,15305,0,2,"Dimon4ezzz","human",TRUE,FALSE
"W2","28","Форумы","2015-03-06T15:32:22Z",2015,"wiki_minor_edit","1 версия",0,28,"Форумы",71,NA,15305,0,2,"Dimon4ezzz","human",TRUE,FALSE
"W2","28","Форумы","2015-03-27T06:24:06Z",2015,"wiki_minor_edit","/* Использование */",6,28,"Форумы",298,NA,15311,0,2,"Dimon4ezzz","human",TRUE,FALSE
"W2","28","Форумы","2015-03-27T06:26:13Z",2015,"wiki_minor_edit","",0,28,"Форумы",299,NA,15311,0,2,"Dimon4ezzz","human",TRUE,FALSE
"W2","28","Форумы","2015-03-27T06:26:40Z",2015,"wiki_minor_edit","Dimon4ezzz переименовал страницу [[Форум]] в [[Форум (для 2.0)]] без оставления перенаправления: Создание страницы значений",0,28,"Форумы",300,NA,15311,0,2,"Dimon4ezzz","human",TRUE,FALSE
"W2","28","Форумы","2015-03-29T12:22:07Z",2015,"wiki_minor_edit","/* Примечания */",1,28,"Форумы",395,NA,15312,0,2,"Dimon4ezzz","human",TRUE,FALSE
"W15","28","Форумы","2015-07-27T11:32:49Z",2015,"wiki_minor_edit","indonesian interwiki",34,28,"Форумы",456,NA,15346,0,15,"Rumanti","human",TRUE,FALSE
"W16","28","Форумы","2015-09-06T16:29:53Z",2015,"wiki_minor_edit","добавил фото",27,28,"Форумы",549,NA,15373,0,16,"Timkoiko","human",TRUE,FALSE
"W16","28","Форумы","2015-09-08T00:56:39Z",2015,"wiki_minor_edit","",0,28,"Форумы",561,NA,15373,0,16,"Timkoiko","human",TRUE,FALSE
"W16","28","Форумы","2015-09-08T19:23:08Z",2015,"wiki_minor_edit","добавил фото",96,28,"Форумы",565,NA,15469,0,16,"Timkoiko","human",TRUE,FALSE
"W2","28","Форумы","2017-01-22T13:08:08Z",2017,"wiki_minor_edit","/* Категории форума */",-51,28,"Форумы",1200,NA,15418,0,2,"Dimon4ezzz","human",TRUE,FALSE
"W2","28","Форумы","2017-01-22T13:08:32Z",2017,"wiki_minor_edit","/* Подпись */",-105,28,"Форумы",1201,NA,15313,0,2,"Dimon4ezzz","human",TRUE,FALSE
"W2","28","Форумы","2017-01-22T13:09:18Z",2017,"wiki_minor_edit","/* Примечания */",-43,28,"Форумы",1202,NA,15270,0,2,"Dimon4ezzz","human",TRUE,FALSE
"W36","28","Форумы","2017-12-29T11:31:58Z",2017,"wiki_minor_edit","Исправлены ошибки, из-за обновления сайта и изменения нахождения кнопки Форум.",67,28,"Форумы",1478,NA,15337,0,36,"Mini Kostik","human",TRUE,FALSE
"W42","28","Форумы","2018-06-19T19:32:55Z",2018,"wiki_minor_edit","",81,28,"Форумы",2261,NA,15418,0,42,"RuMaks","human",TRUE,FALSE
"W42","28","Форумы","2018-07-10T06:12:55Z",2018,"wiki_minor_edit","",69,28,"Форумы",2740,NA,15487,0,42,"RuMaks","human",TRUE,FALSE
"W114","28","Форумы","2022-09-10T12:46:55Z",2022,"wiki_minor_edit","/* YouTube */ Добавил пример",120,28,"Форумы",5882,NA,15607,0,114,"Gohoski","human",TRUE,FALSE
"W114","28","Форумы","2022-11-19T12:22:03Z",2022,"wiki_minor_edit","Вообще, статья по сути уже давно завершена, особенно с таким кол-вом информации.",-44,28,"Форумы",6374,NA,15563,0,114,"Gohoski","human",TRUE,FALSE
"W114","28","Форумы","2023-02-11T13:47:36Z",2023,"wiki_minor_edit","Gohoski переименовал страницу [[Форум (для 2.0)]] в [[Форум]]: В настоящее время форумы с дизайном 2.0",0,28,"Форумы",7449,NA,15563,0,114,"Gohoski","human",TRUE,FALSE
"W114","28","Форумы","2023-03-26T15:50:35Z",2023,"wiki_minor_edit","/* Секция «Interests Beyond Scratch» */",-4,28,"Форумы",8046,NA,15559,0,114,"Gohoski","human",TRUE,FALSE
"W217","28","Форумы","2023-12-06T20:17:59Z",2023,"wiki_minor_edit","/* Подписка */",3,28,"Форумы",10694,NA,15562,0,217,"AGScratcherBest","human",TRUE,FALSE
"W217","28","Форумы","2023-12-06T20:25:32Z",2023,"wiki_minor_edit","/* Мобильный форум */ Мобильного форума больше нет",232,28,"Форумы",10695,NA,15794,0,217,"AGScratcherBest","human",TRUE,FALSE
"W228","28","Форумы","2024-01-26T13:37:43Z",2024,"wiki_minor_edit","Форумы пока что закрыты.",40,28,"Форумы",11053,NA,15834,0,228,"BLACKCAT20144PLAYERS","human",TRUE,FALSE
"W228","28","Форумы","2024-01-26T13:38:33Z",2024,"wiki_minor_edit","Отмена правки 11053, сделанной [[Special:Contributions/BLACKCAT20144PLAYERS|BLACKCAT20144PLAYERS]] ([[User talk:BLACKCAT20144PLAYERS|обсуждение]])",-40,28,"Форумы",11054,NA,15794,0,228,"BLACKCAT20144PLAYERS","human",TRUE,FALSE
"W114","28","Форумы","2024-02-04T15:21:46Z",2024,"wiki_minor_edit","авто: новая категоризация",2,28,"Форумы",11265,NA,15796,0,114,"Gohoski","human",TRUE,FALSE
"W228","28","Форумы","2024-02-10T13:57:47Z",2024,"wiki_minor_edit","/* YouTube */  статьи про плеер YouTube нет.",-69,28,"Форумы",11378,NA,15727,0,228,"BLACKCAT20144PLAYERS","human",TRUE,FALSE
"W228","28","Форумы","2024-03-07T16:51:16Z",2024,"wiki_minor_edit","BLACKCAT20144PLAYERS переименовал страницу [[Форум]] в [[Форумы]] поверх перенаправления: Не форум, а форумы.",0,28,"Форумы",11553,NA,15727,0,228,"BLACKCAT20144PLAYERS","human",TRUE,FALSE
"W228","28","Форумы","2024-03-07T16:51:58Z",2024,"wiki_minor_edit","/* См. также */  Статья музыка форумов не существует.",-36,28,"Форумы",11555,NA,15691,0,228,"BLACKCAT20144PLAYERS","human",TRUE,FALSE
"W2","29","Шифровка и расшифровка облачных данных","2015-01-19T09:46:27Z",2015,"wiki_minor_edit","Dimon4ezzz переименовал страницу [[Шифровка и расшифровка облачных данных]] в [[Сохранение в облаке]]",72,29,"Шифровка и расшифровка облачных данных",72,NA,72,0,2,"Dimon4ezzz","human",TRUE,FALSE
"W2","29","Шифровка и расшифровка облачных данных","2015-03-06T15:32:23Z",2015,"wiki_minor_edit","1 версия",0,29,"Шифровка и расшифровка облачных данных",73,NA,72,0,2,"Dimon4ezzz","human",TRUE,FALSE
"W2","31","Анимация","2014-09-03T10:37:07Z",2014,"wiki_minor_edit","",3782,31,"Анимация",76,NA,3782,0,2,"Dimon4ezzz","human",TRUE,FALSE
"W2","31","Анимация","2015-03-06T15:32:23Z",2015,"wiki_minor_edit","1 версия",0,31,"Анимация",77,NA,3782,0,2,"Dimon4ezzz","human",TRUE,FALSE
"W12","31","Анимация","2015-07-13T17:36:16Z",2015,"wiki_minor_edit","",-395,31,"Анимация",446,NA,3387,0,12,"C8","human",TRUE,FALSE
"W2","31","Анимация","2015-07-14T08:06:33Z",2015,"wiki_minor_edit","",2,31,"Анимация",447,NA,3389,0,2,"Dimon4ezzz","human",TRUE,FALSE
"W2","31","Анимация","2015-07-14T08:26:30Z",2015,"wiki_minor_edit","",1310,31,"Анимация",449,NA,4699,0,2,"Dimon4ezzz","human",TRUE,FALSE
"W10","31","Анимация","2017-01-22T12:40:53Z",2017,"wiki_bot_edit","clean up",-49,31,"Анимация",1170,NA,4650,0,10,"D4zzzBOT","bot",TRUE,FALSE
"W21","31","Анимация","2017-07-02T17:01:10Z",2017,"wiki_bot_edit","Adding interwikis.",16,31,"Анимация",1415,NA,4666,0,21,"InterwikiBot","bot",TRUE,FALSE
"W42","31","Анимация","2018-06-20T07:25:56Z",2018,"wiki_minor_edit","",83,31,"Анимация",2278,NA,4749,0,42,"RuMaks","human",TRUE,FALSE
"W2","31","Анимация","2018-07-11T09:34:17Z",2018,"wiki_minor_edit","",-47,31,"Анимация",2887,NA,4702,0,2,"Dimon4ezzz","human",TRUE,FALSE
"W2","31","Анимация","2018-07-11T09:34:28Z",2018,"wiki_minor_edit","/* Смотри также */",-64,31,"Анимация",2888,NA,4638,0,2,"Dimon4ezzz","human",TRUE,FALSE
"W21","31","Анимация","2018-12-08T17:13:08Z",2018,"wiki_bot_edit","Adding interwikis.",46,31,"Анимация",3846,NA,4684,0,21,"InterwikiBot","bot",TRUE,FALSE
"W21","31","Анимация","2018-12-11T19:56:32Z",2018,"wiki_bot_edit","Adding interwikis.",16,31,"Анимация",3914,NA,4700,0,21,"InterwikiBot","bot",TRUE,FALSE
"W120","31","Анимация","2023-04-22T13:39:50Z",2023,"wiki_minor_edit","",-4,31,"Анимация",8193,NA,4696,0,120,"Idey programm","human",TRUE,FALSE
"W2","32","Графический редактор (для 2.0)","2014-07-17T09:38:05Z",2014,"wiki_minor_edit","4 версии",1655,32,"Графический редактор (для 2.0)",78,NA,1655,0,2,"Dimon4ezzz","human",TRUE,FALSE
"W2","32","Графический редактор (для 2.0)","2015-03-06T15:32:23Z",2015,"wiki_minor_edit","1 версия",0,32,"Графический редактор (для 2.0)",79,NA,1655,0,2,"Dimon4ezzz","human",TRUE,FALSE
"W2","32","Графический редактор (для 2.0)","2015-03-27T05:27:33Z",2015,"wiki_minor_edit","интервики",-62,32,"Графический редактор (для 2.0)",272,NA,1593,0,2,"Dimon4ezzz","human",TRUE,FALSE
"W2","32","Графический редактор (для 2.0)","2015-03-27T05:27:58Z",2015,"wiki_minor_edit","Dimon4ezzz переименовал страницу [[Графический редактор Скретч]] в [[Графический редактор Скретч (для 2.0)]] без оставления перенаправления: Созд…",0,32,"Графический редактор (для 2.0)",273,NA,1593,0,2,"Dimon4ezzz","human",TRUE,FALSE
"W2","32","Графический редактор (для 2.0)","2015-03-27T05:31:56Z",2015,"wiki_minor_edit","интервики",96,32,"Графический редактор (для 2.0)",277,NA,1689,0,2,"Dimon4ezzz","human",TRUE,FALSE
"W10","32","Графический редактор (для 2.0)","2017-01-22T12:41:49Z",2017,"wiki_bot_edit","clean up",-96,32,"Графический редактор (для 2.0)",1173,NA,1593,0,10,"D4zzzBOT","bot",TRUE,FALSE
"W2","32","Графический редактор (для 2.0)","2017-01-22T12:57:39Z",2017,"wiki_minor_edit","",-80,32,"Графический редактор (для 2.0)",1195,NA,1513,0,2,"Dimon4ezzz","human",TRUE,FALSE
"W21","32","Графический редактор (для 2.0)","2017-07-02T17:14:57Z",2017,"wiki_bot_edit","Adding interwikis.",23,32,"Графический редактор (для 2.0)",1422,NA,1536,0,21,"InterwikiBot","bot",TRUE,FALSE
"W44","32","Графический редактор (для 2.0)","2018-03-27T07:13:22Z",2018,"wiki_minor_edit","",162,32,"Графический редактор (для 2.0)",1784,NA,1698,0,44,"Kometa2007","human",TRUE,FALSE
"W42","32","Графический редактор (для 2.0)","2018-05-09T11:34:56Z",2018,"wiki_minor_edit","",35,32,"Графический редактор (для 2.0)",1843,NA,1733,0,42,"RuMaks","human",TRUE,FALSE
"W42","32","Графический редактор (для 2.0)","2018-06-05T20:54:58Z",2018,"wiki_minor_edit","",-113,32,"Графический редактор (для 2.0)",1883,NA,1620,0,42,"RuMaks","human",TRUE,FALSE
"W42","32","Графический редактор (для 2.0)","2018-06-05T22:24:22Z",2018,"wiki_minor_edit","",2005,32,"Графический редактор (для 2.0)",1886,NA,3625,0,42,"RuMaks","human",TRUE,FALSE
"W36","32","Графический редактор (для 2.0)","2018-06-18T16:25:10Z",2018,"wiki_minor_edit","Добавлено изображение",143,32,"Графический редактор (для 2.0)",2117,NA,3768,0,36,"Mini Kostik","human",TRUE,FALSE
"W36","32","Графический редактор (для 2.0)","2018-06-18T16:32:13Z",2018,"wiki_minor_edit","Добавлено изображение.",152,32,"Графический редактор (для 2.0)",2119,NA,3920,0,36,"Mini Kostik","human",TRUE,FALSE
"W2","32","Графический редактор (для 2.0)","2018-06-19T08:47:18Z",2018,"wiki_minor_edit","/* Растровый режим */ clear для обтекания изображения",7,32,"Графический редактор (для 2.0)",2156,NA,3927,0,2,"Dimon4ezzz","human",TRUE,FALSE
"W2","32","Графический редактор (для 2.0)","2018-06-19T08:48:42Z",2018,"wiki_minor_edit","/* Векторный режим */ оформление",-15,32,"Графический редактор (для 2.0)",2157,NA,3912,0,2,"Dimon4ezzz","human",TRUE,FALSE
"W42","32","Графический редактор (для 2.0)","2018-06-19T16:26:18Z",2018,"wiki_minor_edit","",55,32,"Графический редактор (для 2.0)",2230,NA,3967,0,42,"RuMaks","human",TRUE,FALSE
"W42","32","Графический редактор (для 2.0)","2018-06-19T19:34:13Z",2018,"wiki_minor_edit","",53,32,"Графический редактор (для 2.0)",2263,NA,4020,0,42,"RuMaks","human",TRUE,FALSE
"W42","32","Графический редактор (для 2.0)","2018-07-11T07:13:16Z",2018,"wiki_minor_edit","",-9,32,"Графический редактор (для 2.0)",2801,NA,4011,0,42,"RuMaks","human",TRUE,FALSE
"W2","32","Графический редактор (для 2.0)","2018-07-11T09:34:58Z",2018,"wiki_minor_edit","",-130,32,"Графический редактор (для 2.0)",2890,NA,3881,0,2,"Dimon4ezzz","human",TRUE,FALSE
"W21","32","Графический редактор (для 2.0)","2018-12-08T17:17:54Z",2018,"wiki_bot_edit","Adding interwikis.",114,32,"Графический редактор (для 2.0)",3849,NA,3995,0,21,"InterwikiBot","bot",TRUE,FALSE
"W114","32","Графический редактор (для 2.0)","2023-02-10T16:46:34Z",2023,"wiki_minor_edit","Gohoski переименовал страницу [[Графический редактор Скретч (для 2.0)]] в [[Графический редактор (для 2.0)]]",0,32,"Графический редактор (для 2.0)",7426,NA,3995,0,114,"Gohoski","human",TRUE,FALSE
"W2","33","Клонирование","2014-09-25T08:33:57Z",2014,"wiki_minor_edit","",278,33,"Клонирование",80,NA,278,0,2,"Dimon4ezzz","human",TRUE,FALSE
"W2","33","Клонирование","2015-03-06T15:32:23Z",2015,"wiki_minor_edit","1 версия",0,33,"Клонирование",81,NA,278,0,2,"Dimon4ezzz","human",TRUE,FALSE
"W17","33","Клонирование","2016-01-02T00:32:30Z",2016,"wiki_minor_edit","Added ja interwiki.",27,33,"Клонирование",799,NA,305,0,17,"ErnieParke","human",TRUE,FALSE
"W2","33","Клонирование","2017-01-18T14:36:42Z",2017,"wiki_minor_edit","",2031,33,"Клонирование",1080,NA,2336,0,2,"Dimon4ezzz","human",TRUE,FALSE
"W2","33","Клонирование","2017-01-18T14:37:21Z",2017,"wiki_minor_edit","",1,33,"Клонирование",1081,NA,2337,0,2,"Dimon4ezzz","human",TRUE,FALSE
"W10","33","Клонирование","2017-01-22T12:44:59Z",2017,"wiki_bot_edit","clean up",-110,33,"Клонирование",1182,NA,2227,0,10,"D4zzzBOT","bot",TRUE,FALSE
"W46","33","Клонирование","2018-01-11T13:45:37Z",2018,"wiki_minor_edit","/* Блоки для клонирования */",-1,33,"Клонирование",1551,NA,2226,0,46,"Evgeny patarakin","human",TRUE,FALSE
"W107","33","Клонирование","2019-07-16T19:28:25Z",2019,"wiki_minor_edit","",116,33,"Клонирование",4440,NA,2342,0,107,"Viator-Eno","human",TRUE,FALSE
"W107","33","Клонирование","2019-07-16T19:37:03Z",2019,"wiki_minor_edit","",-2,33,"Клонирование",4441,NA,2340,0,107,"Viator-Eno","human",TRUE,FALSE
"W114","33","Клонирование","2022-04-03T14:57:28Z",2022,"wiki_minor_edit","",1,33,"Клонирование",5829,NA,2341,0,114,"Gohoski","human",TRUE,FALSE
"W165","33","Клонирование","2022-11-04T08:24:14Z",2022,"wiki_minor_edit","",44,33,"Клонирование",6063,NA,2385,0,165,"RunRun 5","human",TRUE,FALSE
"W189","33","Клонирование","2023-05-29T08:17:16Z",2023,"wiki_minor_edit","до-перевёл",15,33,"Клонирование",8555,NA,2400,0,189,"Scratch craft 2","human",TRUE,FALSE
"W120","33","Клонирование","2023-06-22T12:13:28Z",2023,"wiki_minor_edit","Перевод некоторых разделов с Английской Вики",1238,33,"Клонирование",8801,NA,3638,0,120,"Idey programm","human",TRUE,FALSE
"W189","33","Клонирование","2023-10-06T20:48:07Z",2023,"wiki_minor_edit","добавил раздел",340,33,"Клонирование",9405,NA,3978,0,189,"Scratch craft 2","human",TRUE,FALSE
"W2","34","Комментарий (сайт)","2014-07-17T09:38:05Z",2014,"wiki_minor_edit","1 версия",2958,34,"Комментарий (сайт)",82,NA,2958,0,2,"Dimon4ezzz","human",TRUE,FALSE
"W2","34","Комментарий (сайт)","2015-03-06T15:32:23Z",2015,"wiki_minor_edit","1 версия",0,34,"Комментарий (сайт)",83,NA,2958,0,2,"Dimon4ezzz","human",TRUE,FALSE
"W2","34","Комментарий (сайт)","2015-03-27T05:33:21Z",2015,"wiki_minor_edit","/* _gobo_ и _waffle_ */ интервики",151,34,"Комментарий (сайт)",278,NA,3109,0,2,"Dimon4ezzz","human",TRUE,FALSE
"W2","34","Комментарий (сайт)","2015-03-27T05:33:37Z",2015,"wiki_minor_edit","/* Примечания */ интервики",0,34,"Комментарий (сайт)",279,NA,3109,0,2,"Dimon4ezzz","human",TRUE,FALSE
"W2","34","Комментарий (сайт)","2015-03-29T12:23:19Z",2015,"wiki_minor_edit","",13,34,"Комментарий (сайт)",397,NA,3122,0,2,"Dimon4ezzz","human",TRUE,FALSE
"W2","34","Комментарий (сайт)","2015-04-05T09:55:12Z",2015,"wiki_minor_edit","/* _gobo_ и _waffle_ */",346,34,"Комментарий (сайт)",430,NA,3468,0,2,"Dimon4ezzz","human",TRUE,FALSE
"W2","34","Комментарий (сайт)","2015-04-05T09:55:25Z",2015,"wiki_minor_edit","/* _taco_, _eggplant_, _sushi_, _apple_, _broccoli_ и _pizza_ */",-1,34,"Комментарий (сайт)",431,NA,3467,0,2,"Dimon4ezzz","human",TRUE,FALSE
"W2","34","Комментарий (сайт)","2015-04-05T09:55:39Z",2015,"wiki_minor_edit","/* _taco_, _eggplant_, _sushi_, _apple_, _broccoli_ и _pizza_ */",13,34,"Комментарий (сайт)",432,NA,3480,0,2,"Dimon4ezzz","human",TRUE,FALSE
"W2","34","Комментарий (сайт)","2015-07-10T13:56:07Z",2015,"wiki_minor_edit","/* _meow_ */",5,34,"Комментарий (сайт)",444,NA,3485,0,2,"Dimon4ezzz","human",TRUE,FALSE
"W16","34","Комментарий (сайт)","2015-07-29T19:54:30Z",2015,"wiki_minor_edit","просто добавил картинку",141,34,"Комментарий (сайт)",474,NA,3626,0,16,"Timkoiko","human",TRUE,FALSE
"W21","34","Комментарий (сайт)","2015-10-21T19:54:55Z",2015,"wiki_bot_edit","Бот: добавлено [[id:Komentar (fitur situs)]]",30,34,"Комментарий (сайт)",663,NA,3656,0,21,"InterwikiBot","bot",TRUE,FALSE
"W2","34","Комментарий (сайт)","2016-05-29T09:27:33Z",2016,"wiki_minor_edit","/* Смайлы */",54,34,"Комментарий (сайт)",925,NA,3710,0,2,"Dimon4ezzz","human",TRUE,FALSE
"W10","34","Комментарий (сайт)","2017-01-22T13:40:12Z",2017,"wiki_bot_edit","Очистка категорий",-71,34,"Комментарий (сайт)",1245,NA,3639,0,10,"D4zzzBOT","bot",TRUE,FALSE
"W21","34","Комментарий (сайт)","2017-07-02T17:07:16Z",2017,"wiki_bot_edit","Adding interwikis.",44,34,"Комментарий (сайт)",1418,NA,3683,0,21,"InterwikiBot","bot",TRUE,FALSE
"W60","34","Комментарий (сайт)","2018-05-11T09:41:18Z",2018,"wiki_minor_edit","",30,34,"Комментарий (сайт)",1847,NA,3713,0,60,"Roder3480","human",TRUE,FALSE
"W60","34","Комментарий (сайт)","2018-05-11T09:41:46Z",2018,"wiki_minor_edit","",0,34,"Комментарий (сайт)",1848,NA,3713,0,60,"Roder3480","human",TRUE,FALSE
"W42","34","Комментарий (сайт)","2018-06-13T11:57:40Z",2018,"wiki_minor_edit","",1688,34,"Комментарий (сайт)",1896,NA,5401,0,42,"RuMaks","human",TRUE,FALSE
"W10","34","Комментарий (сайт)","2018-07-08T11:26:08Z",2018,"wiki_bot_edit","новая категоризация",-15,34,"Комментарий (сайт)",2682,NA,5386,0,10,"D4zzzBOT","bot",TRUE,FALSE
"W36","34","Комментарий (сайт)","2019-09-23T16:15:47Z",2019,"wiki_minor_edit","",-6,34,"Комментарий (сайт)",4654,NA,5380,0,36,"Mini Kostik","human",TRUE,FALSE
"W180","34","Комментарий (сайт)","2023-04-09T05:17:58Z",2023,"wiki_minor_edit","",1644,34,"Комментарий (сайт)",8095,NA,7024,0,180,"Veniamin6","human",TRUE,FALSE
"W180","34","Комментарий (сайт)","2023-04-09T05:18:46Z",2023,"wiki_minor_edit","перевод",20,34,"Комментарий (сайт)",8096,NA,7044,0,180,"Veniamin6","human",TRUE,FALSE
"W180","34","Комментарий (сайт)","2023-05-13T05:08:49Z",2023,"wiki_minor_edit","",87,34,"Комментарий (сайт)",8328,NA,7131,0,180,"Veniamin6","human",TRUE,FALSE
"W177","34","Комментарий (сайт)","2023-05-29T14:06:45Z",2023,"wiki_minor_edit","Дополнен раздел ""Смайлы""",3646,34,"Комментарий (сайт)",8572,NA,10777,0,177,"Greg1234567890f","human",TRUE,FALSE
"W177","34","Комментарий (сайт)","2023-05-29T14:08:20Z",2023,"wiki_minor_edit","Исправлена опечатка",1,34,"Комментарий (сайт)",8573,NA,10778,0,177,"Greg1234567890f","human",TRUE,FALSE
"W184","34","Комментарий (сайт)","2023-05-29T14:10:54Z",2023,"wiki_minor_edit","Запятая ставится, так как причастный оборот стоит после главного слова.",5,34,"Комментарий (сайт)",8574,NA,10783,0,184,"Alex Ilya","human",TRUE,FALSE
"W173","34","Комментарий (сайт)","2023-11-06T04:49:36Z",2023,"wiki_minor_edit","",-4,34,"Комментарий (сайт)",10229,NA,10779,0,173,"MicroRu","human",TRUE,FALSE
"W228","34","Комментарий (сайт)","2024-03-07T16:48:51Z",2024,"wiki_minor_edit","/* Список смайлов */  Треугольный глаз вообще не работает.",-80,34,"Комментарий (сайт)",11551,NA,10699,0,228,"BLACKCAT20144PLAYERS","human",TRUE,FALSE
"W217","34","Комментарий (сайт)","2024-03-07T16:50:15Z",2024,"wiki_minor_edit","Отмена правки 11551, сделанной [[Special:Contributions/BLACKCAT20144PLAYERS|BLACKCAT20144PLAYERS]] ([[User talk:BLACKCAT20144PLAYERS|обсуждение]]) про это итак было написано",80,34,"Комментарий (сайт)",11552,NA,10779,0,217,"AGScratcherBest","human",TRUE,FALSE
"W2","35","Куратор главной страницы/Список кураторов","2014-09-03T10:03:51Z",2014,"wiki_minor_edit","",3688,35,"Куратор главной страницы/Список кураторов",84,NA,3688,0,2,"Dimon4ezzz","human",TRUE,FALSE
"W2","35","Куратор главной страницы/Список кураторов","2015-03-06T15:32:23Z",2015,"wiki_minor_edit","1 версия",0,35,"Куратор главной страницы/Список кураторов",85,NA,3688,0,2,"Dimon4ezzz","human",TRUE,FALSE
"W2","35","Куратор главной страницы/Список кураторов","2015-03-27T08:24:28Z",2015,"wiki_minor_edit","Dimon4ezzz переименовал страницу [[Куратор/Список кураторов]] в [[Куратор главной страницы/Список кураторов]] без оставления перенаправления",0,35,"Куратор главной страницы/Список кураторов",325,NA,3688,0,2,"Dimon4ezzz","human",TRUE,FALSE
"W2","35","Куратор главной страницы/Список кураторов","2015-03-27T08:27:07Z",2015,"wiki_minor_edit","",319,35,"Куратор главной страницы/Список кураторов",327,NA,4007,0,2,"Dimon4ezzz","human",TRUE,FALSE
"W2","35","Куратор главной страницы/Список кураторов","2015-03-27T08:27:52Z",2015,"wiki_minor_edit","",3,35,"Куратор главной страницы/Список кураторов",328,NA,4010,0,2,"Dimon4ezzz","human",TRUE,FALSE
"W2","35","Куратор главной страницы/Список кураторов","2015-03-27T08:29:33Z",2015,"wiki_minor_edit","",13,35,"Куратор главной страницы/Список кураторов",329,NA,4023,0,2,"Dimon4ezzz","human",TRUE,FALSE
"W16","35","Куратор главной страницы/Список кураторов","2015-08-30T16:11:39Z",2015,"wiki_minor_edit","",455,35,"Куратор главной страницы/Список кураторов",538,NA,4478,0,16,"Timkoiko","human",TRUE,FALSE
"W16","35","Куратор главной страницы/Список кураторов","2015-09-06T15:55:14Z",2015,"wiki_minor_edit","новый куратор",11,35,"Куратор главной страницы/Список кураторов",542,NA,4489,0,16,"Timkoiko","human",TRUE,FALSE
"W16","35","Куратор главной страницы/Список кураторов","2015-09-07T21:32:37Z",2015,"wiki_minor_edit","",9,35,"Куратор главной страницы/Список кураторов",557,NA,4498,0,16,"Timkoiko","human",TRUE,FALSE
"W10","35","Куратор главной страницы/Список кураторов","2017-01-22T13:40:13Z",2017,"wiki_bot_edit","Очистка категорий",-45,35,"Куратор главной страницы/Список кураторов",1246,NA,4453,0,10,"D4zzzBOT","bot",TRUE,FALSE
"W42","35","Куратор главной страницы/Список кураторов","2018-06-20T07:54:44Z",2018,"wiki_minor_edit","",113,35,"Куратор главной страницы/Список кураторов",2292,NA,4566,0,42,"RuMaks","human",TRUE,FALSE
"W10","35","Куратор главной страницы/Список кураторов","2018-07-08T11:26:39Z",2018,"wiki_bot_edit","новая категоризация",-114,35,"Куратор главной страницы/Список кураторов",2684,NA,4452,0,10,"D4zzzBOT","bot",TRUE,FALSE
"W114","35","Куратор главной страницы/Список кураторов","2022-11-02T18:35:54Z",2022,"wiki_minor_edit","",6801,35,"Куратор главной страницы/Список кураторов",6022,NA,11253,0,114,"Gohoski","human",TRUE,FALSE
"W114","35","Куратор главной страницы/Список кураторов","2022-11-02T18:46:15Z",2022,"wiki_minor_edit","",487,35,"Куратор главной страницы/Список кураторов",6023,NA,11740,0,114,"Gohoski","human",TRUE,FALSE
"W114","35","Куратор главной страницы/Список кураторов","2022-11-12T13:41:31Z",2022,"wiki_minor_edit","",31,35,"Куратор главной страницы/Список кураторов",6268,NA,11771,0,114,"Gohoski","human",TRUE,FALSE
"W114","35","Куратор главной страницы/Список кураторов","2022-11-15T17:00:44Z",2022,"wiki_minor_edit","Новый куратор",10,35,"Куратор главной страницы/Список кураторов",6322,NA,11781,0,114,"Gohoski","human",TRUE,FALSE
"W114","35","Куратор главной страницы/Список кураторов","2022-12-27T14:40:42Z",2022,"wiki_minor_edit","Новые кураторы",74,35,"Куратор главной страницы/Список кураторов",6661,NA,11855,0,114,"Gohoski","human",TRUE,FALSE
"W180","35","Куратор главной страницы/Список кураторов","2022-12-28T14:18:19Z",2022,"wiki_minor_edit","Исправлена неточность с информацией про Куратора @Mic_hal16",72,35,"Куратор главной страницы/Список кураторов",6665,NA,11927,0,180,"Veniamin6","human",TRUE,FALSE
"W180","35","Куратор главной страницы/Список кураторов","2022-12-28T14:32:46Z",2022,"wiki_minor_edit","Новый куратор",8,35,"Куратор главной страницы/Список кураторов",6666,NA,11935,0,180,"Veniamin6","human",TRUE,FALSE
"W180","35","Куратор главной страницы/Список кураторов","2022-12-28T17:25:25Z",2022,"wiki_minor_edit","Незначительное изменение",19,35,"Куратор главной страницы/Список кураторов",6673,NA,11954,0,180,"Veniamin6","human",TRUE,FALSE
"W180","35","Куратор главной страницы/Список кураторов","2022-12-29T06:36:50Z",2022,"wiki_minor_edit","добавлено ""текуший куратор"" и ""будущие кураторы""",173,35,"Куратор главной страницы/Список кураторов",6677,NA,12127,0,180,"Veniamin6","human",TRUE,FALSE
"W180","35","Куратор главной страницы/Список кураторов","2022-12-29T06:38:08Z",2022,"wiki_minor_edit","корректировка",-4,35,"Куратор главной страницы/Список кураторов",6678,NA,12123,0,180,"Veniamin6","human",TRUE,FALSE
"W180","35","Куратор главной страницы/Список кураторов","2022-12-29T06:38:52Z",2022,"wiki_minor_edit","",3,35,"Куратор главной страницы/Список кураторов",6679,NA,12126,0,180,"Veniamin6","human",TRUE,FALSE
"W114","35","Куратор главной страницы/Список кураторов","2022-12-31T10:45:55Z",2022,"wiki_minor_edit","Убрал содержание",-22,35,"Куратор главной страницы/Список кураторов",6701,NA,12104,0,114,"Gohoski","human",TRUE,FALSE
"W114","35","Куратор главной страницы/Список кураторов","2022-12-31T10:46:33Z",2022,"wiki_minor_edit","/* Будущие кураторы Главной страницы */",3,35,"Куратор главной страницы/Список кураторов",6702,NA,12107,0,114,"Gohoski","human",TRUE,FALSE
"W114","35","Куратор главной страницы/Список кураторов","2022-12-31T10:49:32Z",2022,"wiki_minor_edit","Убрал ненужную капитализацию",53,35,"Куратор главной страницы/Список кураторов",6703,NA,12160,0,114,"Gohoski","human",TRUE,FALSE
"W180","35","Куратор главной страницы/Список кураторов","2023-01-03T06:16:50Z",2023,"wiki_minor_edit","Новый куратор",-1,35,"Куратор главной страницы/Список кураторов",6726,NA,12159,0,180,"Veniamin6","human",TRUE,FALSE
"W180","35","Куратор главной страницы/Список кураторов","2023-01-03T18:03:38Z",2023,"wiki_minor_edit","Новый куратор",3,35,"Куратор главной страницы/Список кураторов",6740,NA,12162,0,180,"Veniamin6","human",TRUE,FALSE
"W180","35","Куратор главной страницы/Список кураторов","2023-01-09T07:14:45Z",2023,"wiki_minor_edit","Новый куратор",11,35,"Куратор главной страницы/Список кураторов",6770,NA,12173,0,180,"Veniamin6","human",TRUE,FALSE
"W180","35","Куратор главной страницы/Список кураторов","2023-01-10T09:15:34Z",2023,"wiki_minor_edit","Новый куратор",-2,35,"Куратор главной страницы/Список кураторов",6772,NA,12171,0,180,"Veniamin6","human",TRUE,FALSE
"W180","35","Куратор главной страницы/Список кураторов","2023-01-10T09:16:31Z",2023,"wiki_minor_edit","Новый куратор",9,35,"Куратор главной страницы/Список кураторов",6773,NA,12180,0,180,"Veniamin6","human",TRUE,FALSE
"W180","35","Куратор главной страницы/Список кураторов","2023-01-10T09:20:42Z",2023,"wiki_minor_edit","Поправка ника одного из кураторов",2,35,"Куратор главной страницы/Список кураторов",6774,NA,12182,0,180,"Veniamin6","human",TRUE,FALSE
"W114","35","Куратор главной страницы/Список кураторов","2023-01-16T17:58:16Z",2023,"wiki_minor_edit","",-27,35,"Куратор главной страницы/Список кураторов",6820,NA,12155,0,114,"Gohoski","human",TRUE,FALSE
"W114","35","Куратор главной страницы/Список кураторов","2023-01-21T16:08:56Z",2023,"wiki_minor_edit","Нам нужен человек, который не будет забывать про обновление этой страницы...",-12,35,"Куратор главной страницы/Список кураторов",6902,NA,12143,0,114,"Gohoski","human",TRUE,FALSE
"W180","35","Куратор главной страницы/Список кураторов","2023-01-21T19:13:40Z",2023,"wiki_minor_edit","добавил нового куратора и информацию о времени кураторства",304,35,"Куратор главной страницы/Список кураторов",6916,NA,12447,0,180,"Veniamin6","human",TRUE,FALSE
"W180","35","Куратор главной страницы/Список кураторов","2023-01-21T19:15:46Z",2023,"wiki_minor_edit","",3,35,"Куратор главной страницы/Список кураторов",6917,NA,12450,0,180,"Veniamin6","human",TRUE,FALSE
"W114","35","Куратор главной страницы/Список кураторов","2023-01-24T18:28:47Z",2023,"wiki_minor_edit","",-163,35,"Куратор главной страницы/Список кураторов",7016,NA,12287,0,114,"Gohoski","human",TRUE,FALSE
"W114","35","Куратор главной страницы/Список кураторов","2023-01-24T18:29:34Z",2023,"wiki_minor_edit","",0,35,"Куратор главной страницы/Список кураторов",7017,NA,12287,0,114,"Gohoski","human",TRUE,FALSE
"W180","35","Куратор главной страницы/Список кураторов","2023-01-24T19:04:58Z",2023,"wiki_minor_edit","Новые кураторы",116,35,"Куратор главной страницы/Список кураторов",7023,NA,12403,0,180,"Veniamin6","human",TRUE,FALSE
"W180","35","Куратор главной страницы/Список кураторов","2023-01-31T05:32:46Z",2023,"wiki_minor_edit","Новые кураторы",-42,35,"Куратор главной страницы/Список кураторов",7137,NA,12361,0,180,"Veniamin6","human",TRUE,FALSE
"W180","35","Куратор главной страницы/Список кураторов","2023-02-04T16:11:03Z",2023,"wiki_minor_edit","новые кураторы",109,35,"Куратор главной страницы/Список кураторов",7232,NA,12470,0,180,"Veniamin6","human",TRUE,FALSE
"W180","35","Куратор главной страницы/Список кураторов","2023-02-07T18:46:08Z",2023,"wiki_minor_edit","Новые кураторы",-42,35,"Куратор главной страницы/Список кураторов",7256,NA,12428,0,180,"Veniamin6","human",TRUE,FALSE
"W180","35","Куратор главной страницы/Список кураторов","2023-02-18T16:41:45Z",2023,"wiki_minor_edit","Новые кураторы",-44,35,"Куратор главной страницы/Список кураторов",7556,NA,12384,0,180,"Veniamin6","human",TRUE,FALSE
"W180","35","Куратор главной страницы/Список кураторов","2023-02-18T16:45:10Z",2023,"wiki_minor_edit","убрал старую ссылку",-96,35,"Куратор главной страницы/Список кураторов",7557,NA,12288,0,180,"Veniamin6","human",TRUE,FALSE
"W180","35","Куратор главной страницы/Список кураторов","2023-02-21T06:18:27Z",2023,"wiki_minor_edit","Новые кураторы",-45,35,"Куратор главной страницы/Список кураторов",7605,NA,12243,0,180,"Veniamin6","human",TRUE,FALSE
"W180","35","Куратор главной страницы/Список кураторов","2023-02-21T09:24:00Z",2023,"wiki_minor_edit","",0,35,"Куратор главной страницы/Список кураторов",7606,NA,12243,0,180,"Veniamin6","human",TRUE,FALSE
"W180","35","Куратор главной страницы/Список кураторов","2023-02-26T16:27:52Z",2023,"wiki_minor_edit","новые кураторы",96,35,"Куратор главной страницы/Список кураторов",7716,NA,12339,0,180,"Veniamin6","human",TRUE,FALSE
"W180","35","Куратор главной страницы/Список кураторов","2023-03-09T17:48:27Z",2023,"wiki_minor_edit","",178,35,"Куратор главной страницы/Список кураторов",7829,NA,12517,0,180,"Veniamin6","human",TRUE,FALSE
"W180","35","Куратор главной страницы/Список кураторов","2023-03-09T17:49:28Z",2023,"wiki_minor_edit","",0,35,"Куратор главной страницы/Список кураторов",7830,NA,12517,0,180,"Veniamin6","human",TRUE,FALSE
"W180","35","Куратор главной страницы/Список кураторов","2023-03-26T15:46:17Z",2023,"wiki_minor_edit","",178,35,"Куратор главной страницы/Список кураторов",8045,NA,12695,0,180,"Veniamin6","human",TRUE,FALSE
"W180","35","Куратор главной страницы/Список кураторов","2023-06-19T05:34:06Z",2023,"wiki_minor_edit","",-368,35,"Куратор главной страницы/Список кураторов",8759,NA,12327,0,180,"Veniamin6","human",TRUE,FALSE
"W2","36","Новый скретчер","2014-08-22T18:15:13Z",2014,"wiki_minor_edit","",571,36,"Новый скретчер",86,NA,571,0,2,"Dimon4ezzz","human",TRUE,FALSE
"W2","36","Новый скретчер","2015-03-06T15:32:23Z",2015,"wiki_minor_edit","1 версия",0,36,"Новый скретчер",87,NA,571,0,2,"Dimon4ezzz","human",TRUE,FALSE
"W16","36","Новый скретчер","2015-07-30T23:46:41Z",2015,"wiki_minor_edit","Timkoiko переименовал страницу [[Новичок]] в [[Новый Скретчер]]: Статус называется Новый Скретчер, а не Новичок.",0,36,"Новый скретчер",520,NA,571,0,16,"Timkoiko","human",TRUE,FALSE
"W15","36","Новый скретчер","2015-08-01T12:54:52Z",2015,"wiki_minor_edit","indonesian interwiki",28,36,"Новый скретчер",523,NA,599,0,15,"Rumanti","human",TRUE,FALSE
"W21","36","Новый скретчер","2015-10-21T21:05:36Z",2015,"wiki_bot_edit","Бот: изменено с [[id:Status New Scratcher]] на [[id:Status Scratcher Baru]]",1,36,"Новый скретчер",668,NA,600,0,21,"InterwikiBot","bot",TRUE,FALSE
"W2","36","Новый скретчер","2016-03-25T09:15:13Z",2016,"wiki_minor_edit","Dimon4ezzz переименовал страницу [[Новый Скретчер]] в [[Новичок]] поверх перенаправления",0,36,"Новый скретчер",876,NA,600,0,2,"Dimon4ezzz","human",TRUE,FALSE
"W42","36","Новый скретчер","2018-06-15T13:47:50Z",2018,"wiki_minor_edit","",3911,36,"Новый скретчер",1953,NA,4511,0,42,"RuMaks","human",TRUE,FALSE
"W42","36","Новый скретчер","2018-06-15T13:48:05Z",2018,"wiki_minor_edit","",-9,36,"Новый скретчер",1954,NA,4502,0,42,"RuMaks","human",TRUE,FALSE
"W42","36","Новый скретчер","2018-06-15T13:48:23Z",2018,"wiki_minor_edit","",-45,36,"Новый скретчер",1955,NA,4457,0,42,"RuMaks","human",TRUE,FALSE
"W2","36","Новый скретчер","2018-06-16T13:25:02Z",2018,"wiki_minor_edit","/* Приветственный комитет */ оформление, интервики",-13,36,"Новый скретчер",2025,NA,4444,0,2,"Dimon4ezzz","human",TRUE,FALSE
"W42","36","Новый скретчер","2018-06-19T16:24:52Z",2018,"wiki_minor_edit","",45,36,"Новый скретчер",2224,NA,4489,0,42,"RuMaks","human",TRUE,FALSE
"W10","36","Новый скретчер","2018-07-08T11:26:59Z",2018,"wiki_bot_edit","новая категоризация",-12,36,"Новый скретчер",2685,NA,4477,0,10,"D4zzzBOT","bot",TRUE,FALSE
"W147","36","Новый скретчер","2022-03-13T11:04:14Z",2022,"wiki_minor_edit","/* Приветственный комитет */ Исправил опечатку",0,36,"Новый скретчер",5816,NA,4477,0,147,"Kiska-7275","human",TRUE,FALSE
"W168","36","Новый скретчер","2022-11-08T06:28:35Z",2022,"wiki_minor_edit","/* Приветственный комитет */",44,36,"Новый скретчер",6214,NA,4521,0,168,"2mikrob","human",TRUE,FALSE
"W165","36","Новый скретчер","2022-11-08T11:53:14Z",2022,"wiki_minor_edit","/* Требования, чтобы стать скретчером */",26,36,"Новый скретчер",6215,NA,4547,0,165,"RunRun 5","human",TRUE,FALSE
"W114","36","Новый скретчер","2023-01-29T17:56:46Z",2023,"wiki_minor_edit","Gohoski переименовал страницу [[Новичок]] в [[Новый скретчер]]: Статус называется не Новичок",0,36,"Новый скретчер",7121,NA,4547,0,114,"Gohoski","human",TRUE,FALSE
"W180","36","Новый скретчер","2023-02-09T10:09:03Z",2023,"wiki_minor_edit","доп. информация",50,36,"Новый скретчер",7343,NA,4597,0,180,"Veniamin6","human",TRUE,FALSE
"W2","37","Облачная переменная","2015-02-04T13:18:08Z",2015,"wiki_minor_edit","/* Примечания */",950,37,"Облачная переменная",88,NA,950,0,2,"Dimon4ezzz","human",TRUE,FALSE
"W2","37","Облачная переменная","2015-03-06T15:32:23Z",2015,"wiki_minor_edit","1 версия",0,37,"Облачная переменная",89,NA,950,0,2,"Dimon4ezzz","human",TRUE,FALSE
"W16","37","Облачная переменная","2016-02-19T19:55:27Z",2016,"wiki_minor_edit","",-4,37,"Облачная переменная",860,NA,946,0,16,"Timkoiko","human",TRUE,FALSE
"W16","37","Облачная переменная","2016-02-19T19:55:49Z",2016,"wiki_minor_edit","",2,37,"Облачная переменная",861,NA,948,0,16,"Timkoiko","human",TRUE,FALSE
"W22","37","Облачная переменная","2016-02-27T17:30:55Z",2016,"wiki_minor_edit","Удлинил статью. Сделал более подробно",232,37,"Облачная переменная",863,NA,1180,0,22,"Nikolaygomelchuk","human",TRUE,FALSE
"W2","37","Облачная переменная","2016-04-06T12:29:17Z",2016,"wiki_minor_edit","",801,37,"Облачная переменная",878,NA,1981,0,2,"Dimon4ezzz","human",TRUE,FALSE
"W2","37","Облачная переменная","2016-07-31T06:44:49Z",2016,"wiki_minor_edit","",1054,37,"Облачная переменная",944,NA,3035,0,2,"Dimon4ezzz","human",TRUE,FALSE
"W2","37","Облачная переменная","2017-01-22T14:03:25Z",2017,"wiki_minor_edit","/* Примечания */",-77,37,"Облачная переменная",1296,NA,2958,0,2,"Dimon4ezzz","human",TRUE,FALSE
"W36","37","Облачная переменная","2017-12-23T10:49:03Z",2017,"wiki_minor_edit","Незначительные изменения статьи",145,37,"Облачная переменная",1450,NA,3103,0,36,"Mini Kostik","human",TRUE,FALSE
"W42","37","Облачная переменная","2018-06-20T08:55:56Z",2018,"wiki_minor_edit","Откат правок [[Special:Contributions/Mini Kostik|Mini Kostik]] ([[User talk:Mini Kostik|обсуждение]]) к версии [[User:Dimon4ezzz|Dimon4ezzz]]",-145,37,"Облачная переменная",2318,NA,2958,0,42,"RuMaks","human",TRUE,FALSE
"W42","37","Облачная переменная","2018-06-20T08:57:20Z",2018,"wiki_minor_edit","Отмена правки 2318, сделанной участником [[Special:Contribs/RuMaks|RuMaks]] ([[User talk:RuMaks|обс.]])",145,37,"Облачная переменная",2319,NA,3103,0,42,"RuMaks","human",TRUE,FALSE
"W81","37","Облачная переменная","2018-07-11T12:37:29Z",2018,"wiki_minor_edit","Небольшое изменение, хотя статья все еще не завершена (по причине того что автор расстроен)",347,37,"Облачная переменная",2925,NA,3450,0,81,"Neon","human",TRUE,FALSE
"W88","37","Облачная переменная","2018-08-03T09:13:13Z",2018,"wiki_minor_edit","/* Примеры использования */",0,37,"Облачная переменная",3287,NA,3450,0,88,"Grevovan","human",TRUE,FALSE
"W88","37","Облачная переменная","2018-08-03T09:15:15Z",2018,"wiki_minor_edit","",4,37,"Облачная переменная",3288,NA,3454,0,88,"Grevovan","human",TRUE,FALSE
"W88","37","Облачная переменная","2018-08-03T09:20:35Z",2018,"wiki_minor_edit","",21,37,"Облачная переменная",3289,NA,3475,0,88,"Grevovan","human",TRUE,FALSE
"W21","37","Облачная переменная","2018-12-09T19:49:06Z",2018,"wiki_bot_edit","Adding interwikis.",28,37,"Облачная переменная",3865,NA,3503,0,21,"InterwikiBot","bot",TRUE,FALSE
"W113","37","Облачная переменная","2020-06-04T09:35:22Z",2020,"wiki_minor_edit","",55,37,"Облачная переменная",5371,NA,3558,0,113,"M-A-Z-2005","human",TRUE,FALSE
"W113","37","Облачная переменная","2020-06-04T14:39:07Z",2020,"wiki_minor_edit","",6240,37,"Облачная переменная",5401,NA,9798,0,113,"M-A-Z-2005","human",TRUE,FALSE
"W114","37","Облачная переменная","2020-07-17T13:54:54Z",2020,"wiki_minor_edit","/* Функциональность */",0,37,"Облачная переменная",5514,NA,9798,0,114,"Gohoski","human",TRUE,FALSE
"W167","37","Облачная переменная","2022-12-03T09:31:59Z",2022,"wiki_minor_edit","выделил важное",63,37,"Облачная переменная",6439,NA,9861,0,167,"Gmailpro777","human",TRUE,FALSE
"W114","37","Облачная переменная","2022-12-03T11:03:02Z",2022,"wiki_minor_edit","Откат правок [[Special:Contributions/Gmailpro777|Gmailpro777]] ([[User talk:Gmailpro777|обсуждение]]) к версии [[User:Gohoski|Gohoski]]",-63,37,"Облачная переменная",6449,NA,9798,0,114,"Gohoski","human",TRUE,FALSE
"W2","38","Плеер HTML5","2014-09-26T10:52:18Z",2014,"wiki_minor_edit","1 версия",3028,38,"Плеер HTML5",90,NA,3028,0,2,"Dimon4ezzz","human",TRUE,FALSE
"W2","38","Плеер HTML5","2015-03-06T15:32:24Z",2015,"wiki_minor_edit","1 версия",0,38,"Плеер HTML5",91,NA,3028,0,2,"Dimon4ezzz","human",TRUE,FALSE
"W2","38","Плеер HTML5","2016-03-25T08:40:03Z",2016,"wiki_minor_edit","",-74,38,"Плеер HTML5",874,NA,2954,0,2,"Dimon4ezzz","human",TRUE,FALSE
"W2","38","Плеер HTML5","2017-01-24T09:50:45Z",2017,"wiki_minor_edit","/* Примечания */",-50,38,"Плеер HTML5",1301,NA,2904,0,2,"Dimon4ezzz","human",TRUE,FALSE
"W36","38","Плеер HTML5","2018-01-04T09:46:15Z",2018,"wiki_minor_edit","Незначительные изменения статьи",61,38,"Плеер HTML5",1481,NA,2965,0,36,"Mini Kostik","human",TRUE,FALSE
"W42","38","Плеер HTML5","2018-06-22T07:57:37Z",2018,"wiki_minor_edit","",36,38,"Плеер HTML5",2374,NA,3001,0,42,"RuMaks","human",TRUE,FALSE
"W2","38","Плеер HTML5","2018-07-11T09:23:06Z",2018,"wiki_minor_edit","",-2,38,"Плеер HTML5",2865,NA,2999,0,2,"Dimon4ezzz","human",TRUE,FALSE
"W2","38","Плеер HTML5","2018-07-11T09:23:17Z",2018,"wiki_minor_edit","/* См. также */",1,38,"Плеер HTML5",2866,NA,3000,0,2,"Dimon4ezzz","human",TRUE,FALSE
"W217","38","Плеер HTML5","2023-12-18T15:22:19Z",2023,"wiki_minor_edit","",-161,38,"Плеер HTML5",10879,NA,2839,0,217,"AGScratcherBest","human",TRUE,FALSE
"W217","38","Плеер HTML5","2023-12-19T14:34:38Z",2023,"wiki_minor_edit","",0,38,"Плеер HTML5",10881,NA,2839,0,217,"AGScratcherBest","human",TRUE,FALSE
"W114","38","Плеер HTML5","2024-02-04T15:23:30Z",2024,"wiki_minor_edit","авто: новая категоризация",2,38,"Плеер HTML5",11298,NA,2841,0,114,"Gohoski","human",TRUE,FALSE
"W2","39","Пользователь","2014-10-09T18:48:42Z",2014,"wiki_minor_edit","Перенаправление на [[Скретчер]]",52,39,"Пользователь",92,NA,52,0,2,"Dimon4ezzz","human",TRUE,FALSE
"W2","39","Пользователь","2015-03-06T15:32:24Z",2015,"wiki_minor_edit","1 версия",0,39,"Пользователь",93,NA,52,0,2,"Dimon4ezzz","human",TRUE,FALSE
"W2","40","Расширения","2014-09-07T12:36:19Z",2014,"wiki_minor_edit","Новая страница: «{{Незавершённая статья}} '''Расширения Скретч''' позволяют управлять из проекта некоторыми…»",2079,40,"Расширения",94,NA,2079,0,2,"Dimon4ezzz","human",TRUE,FALSE
"W2","40","Расширения","2015-03-06T15:32:24Z",2015,"wiki_minor_edit","1 версия",0,40,"Расширения",95,NA,2079,0,2,"Dimon4ezzz","human",TRUE,FALSE
"W2","40","Расширения","2015-03-27T08:33:01Z",2015,"wiki_minor_edit","/* Расширения на Javascript */",0,40,"Расширения",331,NA,2079,0,2,"Dimon4ezzz","human",TRUE,FALSE
"W21","40","Расширения","2015-10-21T21:03:28Z",2015,"wiki_bot_edit","Бот: добавлено [[de:Scratch Extensions]]",26,40,"Расширения",667,NA,2105,0,21,"InterwikiBot","bot",TRUE,FALSE
"W2","40","Расширения","2017-01-24T10:10:57Z",2017,"wiki_minor_edit","/* Расширения на Javascript */",-60,40,"Расширения",1315,NA,2045,0,2,"Dimon4ezzz","human",TRUE,FALSE
"W181","40","Расширения","2023-01-22T11:57:36Z",2023,"wiki_minor_edit","Добавлен шаблон Категории расширений",44,40,"Расширения",6976,NA,2089,0,181,"Zuenko-michail","human",TRUE,FALSE
"W114","40","Расширения","2023-06-11T09:11:26Z",2023,"wiki_minor_edit","Gohoski переименовал страницу [[Расширения Скретч]] в [[Расширения]]",0,40,"Расширения",8652,NA,2089,0,114,"Gohoski","human",TRUE,FALSE
"W2","41","Секреты Shift","2014-11-23T11:46:24Z",2014,"wiki_minor_edit","",3136,41,"Секреты Shift",96,NA,3136,0,2,"Dimon4ezzz","human",TRUE,FALSE
"W2","41","Секреты Shift","2015-03-06T15:32:24Z",2015,"wiki_minor_edit","1 версия",0,41,"Секреты Shift",97,NA,3136,0,2,"Dimon4ezzz","human",TRUE,FALSE
"W42","41","Секреты Shift","2018-06-19T16:27:57Z",2018,"wiki_minor_edit","",55,41,"Секреты Shift",2236,NA,3191,0,42,"RuMaks","human",TRUE,FALSE
"W60","41","Секреты Shift","2018-06-22T18:23:29Z",2018,"wiki_minor_edit","/* Меню «Редактировать» */",47,41,"Секреты Shift",2394,NA,3238,0,60,"Roder3480","human",TRUE,FALSE
"W42","41","Секреты Shift","2018-07-11T07:14:55Z",2018,"wiki_minor_edit","",-9,41,"Секреты Shift",2810,NA,3229,0,42,"RuMaks","human",TRUE,FALSE
"W88","41","Секреты Shift","2018-08-04T15:32:35Z",2018,"wiki_minor_edit","",2,41,"Секреты Shift",3318,NA,3231,0,88,"Grevovan","human",TRUE,FALSE
"W36","41","Секреты Shift","2020-04-23T16:00:10Z",2020,"wiki_minor_edit","Исправление ошибок",-14,41,"Секреты Shift",5273,NA,3217,0,36,"Mini Kostik","human",TRUE,FALSE
"W120","41","Секреты Shift","2023-02-17T11:12:04Z",2023,"wiki_minor_edit","Интервики",74,41,"Секреты Shift",7522,NA,3291,0,120,"Idey programm","human",TRUE,FALSE
"W114","41","Секреты Shift","2024-02-04T15:16:56Z",2024,"wiki_minor_edit","авто: новая категоризация",0,41,"Секреты Shift",11186,NA,3291,0,114,"Gohoski","human",TRUE,FALSE
"W2","42","Скретч 2.0","2014-08-22T14:53:56Z",2014,"wiki_minor_edit","",3943,42,"Скретч 2.0",98,NA,3943,0,2,"Dimon4ezzz","human",TRUE,FALSE
"W2","42","Скретч 2.0","2015-03-06T15:32:24Z",2015,"wiki_minor_edit","1 версия",0,42,"Скретч 2.0",99,NA,3943,0,2,"Dimon4ezzz","human",TRUE,FALSE
"W15","42","Скретч 2.0","2015-11-03T04:23:16Z",2015,"wiki_minor_edit","indonesian interwiki",19,42,"Скретч 2.0",790,NA,3962,0,15,"Rumanti","human",TRUE,FALSE
"W21","42","Скретч 2.0","2016-02-18T22:35:44Z",2016,"wiki_bot_edit","Бот: добавлено [[ja:Scratch 2.0]]",20,42,"Скретч 2.0",839,NA,3982,0,21,"InterwikiBot","bot",TRUE,FALSE
"W10","42","Скретч 2.0","2017-01-22T13:17:12Z",2017,"wiki_bot_edit","Очистка категорий",-143,42,"Скретч 2.0",1228,NA,3839,0,10,"D4zzzBOT","bot",TRUE,FALSE
"W36","42","Скретч 2.0","2018-06-20T11:49:36Z",2018,"wiki_minor_edit","Добавлено изображение.",82,42,"Скретч 2.0",2330,NA,3921,0,36,"Mini Kostik","human",TRUE,FALSE
"W36","42","Скретч 2.0","2018-06-20T11:50:36Z",2018,"wiki_minor_edit","Незначительное изменение статьи",1,42,"Скретч 2.0",2331,NA,3922,0,36,"Mini Kostik","human",TRUE,FALSE
"W2","42","Скретч 2.0","2018-07-08T10:57:51Z",2018,"wiki_minor_edit","/* Примечания */ новая категоризация",40,42,"Скретч 2.0",2655,NA,3962,0,2,"Dimon4ezzz","human",TRUE,FALSE
"W2","42","Скретч 2.0","2018-07-08T15:22:35Z",2018,"wiki_minor_edit","перенёс внутреннюю страницу в раздел",517,42,"Скретч 2.0",2702,NA,4479,0,2,"Dimon4ezzz","human",TRUE,FALSE
"W42","42","Скретч 2.0","2018-07-10T05:55:34Z",2018,"wiki_minor_edit","",30,42,"Скретч 2.0",2729,NA,4509,0,42,"RuMaks","human",TRUE,FALSE
"W42","42","Скретч 2.0","2018-08-07T07:48:20Z",2018,"wiki_minor_edit","",-4,42,"Скретч 2.0",3344,NA,4505,0,42,"RuMaks","human",TRUE,FALSE
"W114","42","Скретч 2.0","2022-11-01T09:50:12Z",2022,"wiki_minor_edit","/* Как скачать Скретч */",4,42,"Скретч 2.0",5960,NA,4509,0,114,"Gohoski","human",TRUE,FALSE
"W154","42","Скретч 2.0","2023-06-16T17:06:17Z",2023,"wiki_minor_edit","капитализация",2,42,"Скретч 2.0",8686,NA,4511,0,154,"Stysan","human",TRUE,FALSE
"W120","42","Скретч 2.0","2023-07-17T11:32:07Z",2023,"wiki_minor_edit","Перевод некоторых разделов с Английской Вики",3803,42,"Скретч 2.0",9017,NA,8314,0,120,"Idey programm","human",TRUE,FALSE
"W217","42","Скретч 2.0","2023-12-17T13:38:04Z",2023,"wiki_minor_edit","",55,42,"Скретч 2.0",10874,NA,8369,0,217,"AGScratcherBest","human",TRUE,FALSE
"W228","42","Скретч 2.0","2024-01-21T10:31:12Z",2024,"wiki_minor_edit","Добавлено сообщение о том, что скачать Скретч 2.0 невозможно.",175,42,"Скретч 2.0",10994,NA,8544,0,228,"BLACKCAT20144PLAYERS","human",TRUE,FALSE
"W217","42","Скретч 2.0","2024-01-21T11:10:36Z",2024,"wiki_minor_edit","{{[[Шаблон:Устаревшая функция|устаревшая функция]]}}",39,42,"Скретч 2.0",10995,NA,8583,0,217,"AGScratcherBest","human",TRUE,FALSE
"W228","42","Скретч 2.0","2024-01-26T13:40:05Z",2024,"wiki_minor_edit","/* Как скачать Скретч 2.0 */",40,42,"Скретч 2.0",11055,NA,8623,0,228,"BLACKCAT20144PLAYERS","human",TRUE,FALSE
"W228","42","Скретч 2.0","2024-01-26T13:45:33Z",2024,"wiki_minor_edit","/* История */  мёртвые ссылки!",63,42,"Скретч 2.0",11056,NA,8686,0,228,"BLACKCAT20144PLAYERS","human",TRUE,FALSE
"W228","42","Скретч 2.0","2024-01-26T13:48:30Z",2024,"wiki_minor_edit","Ещё пара мёртвых ссылок.",64,42,"Скретч 2.0",11057,NA,8750,0,228,"BLACKCAT20144PLAYERS","human",TRUE,FALSE
"W217","42","Скретч 2.0","2024-01-26T13:53:55Z",2024,"wiki_minor_edit","Эти ссылки не мёртвые",-361,42,"Скретч 2.0",11058,NA,8389,0,217,"AGScratcherBest","human",TRUE,FALSE
"W217","42","Скретч 2.0","2024-01-26T13:56:04Z",2024,"wiki_minor_edit","",-32,42,"Скретч 2.0",11059,NA,8357,0,217,"AGScratcherBest","human",TRUE,FALSE
"W217","42","Скретч 2.0","2024-01-26T13:59:05Z",2024,"wiki_minor_edit","Почему я каждое маленькое изменение записываю...",-20,42,"Скретч 2.0",11060,NA,8337,0,217,"AGScratcherBest","human",TRUE,FALSE
"W2","43","Snap!","2014-11-05T19:04:28Z",2014,"wiki_minor_edit","",3289,43,"Snap!",100,NA,3289,0,2,"Dimon4ezzz","human",TRUE,FALSE
"W2","43","Snap!","2015-03-06T15:32:24Z",2015,"wiki_minor_edit","1 версия",0,43,"Snap!",101,NA,3289,0,2,"Dimon4ezzz","human",TRUE,FALSE
"W21","43","Snap!","2016-02-18T22:45:59Z",2016,"wiki_bot_edit","Бот: изменено [[de:Build Your Own Blocks]], [[en:Snap! (Programming Language)]]",-38,43,"Snap!",842,NA,3251,0,21,"InterwikiBot","bot",TRUE,FALSE
"W2","43","Snap!","2017-01-24T10:02:27Z",2017,"wiki_minor_edit","",-558,43,"Snap!",1305,NA,2693,0,2,"Dimon4ezzz","human",TRUE,FALSE
"W2","43","Snap!","2017-01-24T10:02:56Z",2017,"wiki_minor_edit","",-131,43,"Snap!",1306,NA,2562,0,2,"Dimon4ezzz","human",TRUE,FALSE
"W128","43","Snap!","2022-11-01T08:15:08Z",2022,"wiki_minor_edit","/* Блоки контроля */",51,43,"Snap!",5939,NA,2613,0,128,"45535566789900-988","human",TRUE,FALSE
"W128","43","Snap!","2022-11-01T08:15:27Z",2022,"wiki_minor_edit","/* Блоки контроля */",-1,43,"Snap!",5940,NA,2612,0,128,"45535566789900-988","human",TRUE,FALSE
"W128","43","Snap!","2022-11-01T08:15:39Z",2022,"wiki_minor_edit","/* Блоки контроля */",-4,43,"Snap!",5941,NA,2608,0,128,"45535566789900-988","human",TRUE,FALSE
"W114","43","Snap!","2023-03-25T10:53:46Z",2023,"wiki_minor_edit","Полная перепись страницы с англ. вики",5373,43,"Snap!",8026,NA,7981,0,114,"Gohoski","human",TRUE,FALSE
"W114","43","Snap!","2023-03-25T10:57:55Z",2023,"wiki_minor_edit","Gohoski переименовал страницу [[Создай Свой Собственный Блок (СССБ)]] в [[Snap!]] поверх перенаправления",0,43,"Snap!",8027,NA,7981,0,114,"Gohoski","human",TRUE,FALSE
"W154","43","Snap!","2024-08-02T10:10:06Z",2024,"wiki_minor_edit","добавил референсов",77,43,"Snap!",12009,NA,8058,0,154,"Stysan","human",TRUE,FALSE
"W269","43","Snap!","2025-05-11T10:37:51Z",2025,"wiki_minor_edit","",71,43,"Snap!",13271,NA,8129,0,269,"Tagir14012014","human",TRUE,FALSE
"W2","44","Спрайт","2014-07-17T09:38:15Z",2014,"wiki_minor_edit","3 версии",4591,44,"Спрайт",102,NA,4591,0,2,"Dimon4ezzz","human",TRUE,FALSE
"W2","44","Спрайт","2015-03-06T15:32:24Z",2015,"wiki_minor_edit","1 версия",0,44,"Спрайт",103,NA,4591,0,2,"Dimon4ezzz","human",TRUE,FALSE
"W2","44","Спрайт","2015-03-27T06:35:51Z",2015,"wiki_minor_edit","/* В Squeak */ интервики",29,44,"Спрайт",304,NA,4620,0,2,"Dimon4ezzz","human",TRUE,FALSE
"W7","44","Спрайт","2015-03-27T08:23:27Z",2015,"wiki_minor_edit","",891,44,"Спрайт",323,NA,5511,0,7,"Данилл","human",TRUE,FALSE
"W7","44","Спрайт","2015-03-27T08:26:02Z",2015,"wiki_minor_edit","",0,44,"Спрайт",326,NA,5511,0,7,"Данилл","human",TRUE,FALSE
"W2","44","Спрайт","2015-03-27T09:46:59Z",2015,"wiki_minor_edit","/* Пакет спрайтов */",-75,44,"Спрайт",332,NA,5436,0,2,"Dimon4ezzz","human",TRUE,FALSE
"W2","44","Спрайт","2015-03-27T09:58:48Z",2015,"wiki_minor_edit","",98,44,"Спрайт",334,NA,5534,0,2,"Dimon4ezzz","human",TRUE,FALSE
"W2","44","Спрайт","2015-03-27T10:01:33Z",2015,"wiki_minor_edit","",-27,44,"Спрайт",336,NA,5507,0,2,"Dimon4ezzz","human",TRUE,FALSE
"W2","44","Спрайт","2015-03-27T10:01:52Z",2015,"wiki_minor_edit","/* Изменение стандартного спрайта */",-2,44,"Спрайт",337,NA,5505,0,2,"Dimon4ezzz","human",TRUE,FALSE
"W15","44","Спрайт","2015-12-03T09:45:49Z",2015,"wiki_minor_edit","indonesian interwiki",14,44,"Спрайт",793,NA,5519,0,15,"Rumanti","human",TRUE,FALSE
"W10","44","Спрайт","2017-01-22T13:43:23Z",2017,"wiki_bot_edit","/* В [[Squeak]] */Очистка категорий",-55,44,"Спрайт",1283,NA,5464,0,10,"D4zzzBOT","bot",TRUE,FALSE
"W42","44","Спрайт","2018-01-09T18:57:03Z",2018,"wiki_minor_edit","",140,44,"Спрайт",1515,NA,5604,0,42,"RuMaks","human",TRUE,FALSE
"W42","44","Спрайт","2018-05-09T11:30:34Z",2018,"wiki_minor_edit","",23,44,"Спрайт",1840,NA,5627,0,42,"RuMaks","human",TRUE,FALSE
"W47","44","Спрайт","2018-06-18T04:54:24Z",2018,"wiki_minor_edit","/* Составляющие спрайта */",0,44,"Спрайт",2070,NA,5627,0,47,"Asqwde","human",TRUE,FALSE
"W42","44","Спрайт","2018-06-20T07:40:04Z",2018,"wiki_minor_edit","",108,44,"Спрайт",2289,NA,5735,0,42,"RuMaks","human",TRUE,FALSE
"W42","44","Спрайт","2018-07-11T07:16:00Z",2018,"wiki_minor_edit","",-9,44,"Спрайт",2815,NA,5726,0,42,"RuMaks","human",TRUE,FALSE
"W114","44","Спрайт","2023-03-12T10:48:14Z",2023,"wiki_minor_edit","это не руководство --- кстати, перепишите статью кто-нибудь, а то она значительно устарела",-46,44,"Спрайт",7863,NA,5680,0,114,"Gohoski","human",TRUE,FALSE
"W180","44","Спрайт","2023-03-29T16:20:01Z",2023,"wiki_minor_edit","",24,44,"Спрайт",8067,NA,5704,0,180,"Veniamin6","human",TRUE,FALSE
"W114","44","Спрайт","2023-05-26T18:13:44Z",2023,"wiki_minor_edit","Полная перепись страницы с англ. вики",482,44,"Спрайт",8506,NA,6186,0,114,"Gohoski","human",TRUE,FALSE
"W247","44","Спрайт","2024-08-12T14:32:46Z",2024,"wiki_minor_edit","И зменила синие слово на обычное(серое). Разговоры между скречерами и между спрайтами различаются.",-22,44,"Спрайт",12019,NA,6164,0,247,"SamiraSafina","human",TRUE,FALSE
"W217","44","Спрайт","2024-08-18T17:37:07Z",2024,"wiki_minor_edit","/* Скриптинг */",-1,44,"Спрайт",12020,NA,6163,0,217,"AGScratcherBest","human",TRUE,FALSE
"W2","45","Сцена","2014-07-17T09:38:15Z",2014,"wiki_minor_edit","3 версии",632,45,"Сцена",104,NA,632,0,2,"Dimon4ezzz","human",TRUE,FALSE
"W2","45","Сцена","2015-03-06T15:32:24Z",2015,"wiki_minor_edit","1 версия",0,45,"Сцена",105,NA,632,0,2,"Dimon4ezzz","human",TRUE,FALSE
"W2","45","Сцена","2015-03-27T06:32:07Z",2015,"wiki_minor_edit","интервики",74,45,"Сцена",303,NA,706,0,2,"Dimon4ezzz","human",TRUE,FALSE
"W21","45","Сцена","2015-10-21T19:56:18Z",2015,"wiki_bot_edit","Бот: изменено с [[de:Szene]] на [[de:Bühnenbild]]",6,45,"Сцена",664,NA,712,0,21,"InterwikiBot","bot",TRUE,FALSE
"W21","45","Сцена","2016-02-19T13:25:02Z",2016,"wiki_bot_edit","Бот: изменено с [[en:Backdrops]] на [[en:Backdrop]]",-1,45,"Сцена",854,NA,711,0,21,"InterwikiBot","bot",TRUE,FALSE
"W10","45","Сцена","2017-01-22T13:43:25Z",2017,"wiki_bot_edit","/* top */Очистка категорий",-88,45,"Сцена",1284,NA,623,0,10,"D4zzzBOT","bot",TRUE,FALSE
"W21","45","Сцена","2017-07-02T17:03:48Z",2017,"wiki_bot_edit","Adding interwikis.",52,45,"Сцена",1417,NA,675,0,21,"InterwikiBot","bot",TRUE,FALSE
"W36","45","Сцена","2017-12-24T08:29:00Z",2017,"wiki_minor_edit","Добавлено предложение.",81,45,"Сцена",1461,NA,756,0,36,"Mini Kostik","human",TRUE,FALSE
"W42","45","Сцена","2018-05-09T11:28:58Z",2018,"wiki_minor_edit","",-38,45,"Сцена",1839,NA,718,0,42,"RuMaks","human",TRUE,FALSE
"W30","45","Сцена","2018-06-24T06:45:24Z",2018,"wiki_minor_edit","",31,45,"Сцена",2400,NA,749,0,30,"Marerjh","human",TRUE,FALSE
"W30","45","Сцена","2018-06-24T06:46:27Z",2018,"wiki_minor_edit","",-2,45,"Сцена",2401,NA,747,0,30,"Marerjh","human",TRUE,FALSE
"W30","45","Сцена","2018-06-24T11:33:18Z",2018,"wiki_minor_edit","",87,45,"Сцена",2408,NA,834,0,30,"Marerjh","human",TRUE,FALSE
"W42","45","Сцена","2018-07-04T12:50:08Z",2018,"wiki_minor_edit","",55,45,"Сцена",2501,NA,889,0,42,"RuMaks","human",TRUE,FALSE
"W42","45","Сцена","2018-07-04T12:50:30Z",2018,"wiki_minor_edit","",-8,45,"Сцена",2502,NA,881,0,42,"RuMaks","human",TRUE,FALSE
"W2","45","Сцена","2018-07-07T07:27:29Z",2018,"wiki_minor_edit","Перевёл",2643,45,"Сцена",2519,NA,3524,0,2,"Dimon4ezzz","human",TRUE,FALSE
"W42","45","Сцена","2018-07-11T07:16:13Z",2018,"wiki_minor_edit","",-9,45,"Сцена",2816,NA,3515,0,42,"RuMaks","human",TRUE,FALSE
"W88","45","Сцена","2018-08-03T09:34:17Z",2018,"wiki_minor_edit","/* История */",0,45,"Сцена",3291,NA,3515,0,88,"Grevovan","human",TRUE,FALSE
"W114","45","Сцена","2023-03-12T10:48:32Z",2023,"wiki_minor_edit","это не руководство",-46,45,"Сцена",7864,NA,3469,0,114,"Gohoski","human",TRUE,FALSE
"W217","45","Сцена","2023-10-19T18:22:45Z",2023,"wiki_minor_edit","/* Отличие от спрайта */",192,45,"Сцена",9779,NA,3661,0,217,"AGScratcherBest","human",TRUE,FALSE
"W2","46","Форум Скретч","2014-10-09T18:46:23Z",2014,"wiki_minor_edit","Перенаправление на [[Форум]]",46,46,"Форум Скретч",106,NA,46,0,2,"Dimon4ezzz","human",TRUE,FALSE
"W2","46","Форум Скретч","2015-03-06T15:32:24Z",2015,"wiki_minor_edit","1 версия",0,46,"Форум Скретч",107,NA,46,0,2,"Dimon4ezzz","human",TRUE,FALSE
"W2","46","Форум Скретч","2015-03-29T19:12:48Z",2015,"wiki_minor_edit","Перенаправление на [[Форум (значения)]]",19,46,"Форум Скретч",408,NA,65,0,2,"Dimon4ezzz","human",TRUE,FALSE
"W2","47","Экспорт и импорт","2014-07-17T09:38:16Z",2014,"wiki_minor_edit","2 версии",6887,47,"Экспорт и импорт",108,NA,6887,0,2,"Dimon4ezzz","human",TRUE,FALSE
"W2","47","Экспорт и импорт","2015-03-06T15:32:24Z",2015,"wiki_minor_edit","1 версия",0,47,"Экспорт и импорт",109,NA,6887,0,2,"Dimon4ezzz","human",TRUE,FALSE
"W2","47","Экспорт и импорт","2015-03-27T06:14:47Z",2015,"wiki_minor_edit","интервики",-35,47,"Экспорт и импорт",292,NA,6852,0,2,"Dimon4ezzz","human",TRUE,FALSE
"W21","47","Экспорт и импорт","2016-01-02T01:09:03Z",2016,"wiki_bot_edit","Бот: добавлено [[de:Exportieren und Importieren]]",35,47,"Экспорт и импорт",800,NA,6887,0,21,"InterwikiBot","bot",TRUE,FALSE
"W10","47","Экспорт и импорт","2017-01-22T13:43:27Z",2017,"wiki_bot_edit","/* Массив */Очистка категорий",-55,47,"Экспорт и импорт",1285,NA,6832,0,10,"D4zzzBOT","bot",TRUE,FALSE
"W42","47","Экспорт и импорт","2018-01-12T19:50:02Z",2018,"wiki_minor_edit","",67,47,"Экспорт и импорт",1577,NA,6899,0,42,"RuMaks","human",TRUE,FALSE
"W42","47","Экспорт и импорт","2018-01-12T19:53:52Z",2018,"wiki_minor_edit","",10,47,"Экспорт и импорт",1578,NA,6909,0,42,"RuMaks","human",TRUE,FALSE
"W47","47","Экспорт и импорт","2018-06-18T04:50:10Z",2018,"wiki_minor_edit","Asqwde переименовал страницу [[Экспорт и импорт]] в [[Экспорт и Импорт]]: Большая буква",0,47,"Экспорт и импорт",2067,NA,6909,0,47,"Asqwde","human",TRUE,FALSE
"W42","47","Экспорт и импорт","2018-06-22T07:49:32Z",2018,"wiki_minor_edit","",55,47,"Экспорт и импорт",2363,NA,6964,0,42,"RuMaks","human",TRUE,FALSE
"W30","47","Экспорт и импорт","2018-06-23T19:06:32Z",2018,"wiki_minor_edit","",-37,47,"Экспорт и импорт",2399,NA,6927,0,30,"Marerjh","human",TRUE,FALSE
"W2","47","Экспорт и импорт","2018-06-25T13:57:42Z",2018,"wiki_minor_edit","Dimon4ezzz переименовал страницу [[Экспорт и Импорт]] в [[Экспорт и импорт]] без оставления перенаправления: capit",0,47,"Экспорт и импорт",2428,NA,6927,0,2,"Dimon4ezzz","human",TRUE,FALSE
"W42","47","Экспорт и импорт","2018-07-11T07:12:18Z",2018,"wiki_minor_edit","",-9,47,"Экспорт и импорт",2799,NA,6918,0,42,"RuMaks","human",TRUE,FALSE
"W114","47","Экспорт и импорт","2023-01-25T18:41:33Z",2023,"wiki_minor_edit","",50,47,"Экспорт и импорт",7033,NA,6968,0,114,"Gohoski","human",TRUE,FALSE
"W114","47","Экспорт и импорт","2024-02-04T15:17:46Z",2024,"wiki_minor_edit","авто: новая категоризация",0,47,"Экспорт и импорт",11202,NA,6968,0,114,"Gohoski","human",TRUE,FALSE
"W2","49","Студия Дизайна Скретча","2014-09-19T18:18:44Z",2014,"wiki_minor_edit","/* Темы дизайнерских студий */",4908,49,"Студия Дизайна Скретча",112,NA,4908,0,2,"Dimon4ezzz","human",TRUE,FALSE
"W2","49","Студия Дизайна Скретча","2015-03-06T15:32:25Z",2015,"wiki_minor_edit","1 версия",0,49,"Студия Дизайна Скретча",113,NA,4908,0,2,"Dimon4ezzz","human",TRUE,FALSE
"W2","49","Студия Дизайна Скретча","2015-03-26T13:16:04Z",2015,"wiki_minor_edit","",211,49,"Студия Дизайна Скретча",230,NA,5119,0,2,"Dimon4ezzz","human",TRUE,FALSE
"W2","49","Студия Дизайна Скретча","2015-03-26T19:52:58Z",2015,"wiki_minor_edit","интервики",29,49,"Студия Дизайна Скретча",259,NA,5148,0,2,"Dimon4ezzz","human",TRUE,FALSE
"W16","49","Студия Дизайна Скретча","2015-07-30T16:59:19Z",2015,"wiki_minor_edit","/* Темы дизайнерских студий */",24,49,"Студия Дизайна Скретча",508,NA,5172,0,16,"Timkoiko","human",TRUE,FALSE
"W21","49","Студия Дизайна Скретча","2016-01-02T00:01:24Z",2016,"wiki_bot_edit","Бот: добавлено [[nl:Uitdaging van de maand]]",30,49,"Студия Дизайна Скретча",796,NA,5202,0,21,"InterwikiBot","bot",TRUE,FALSE
"W10","49","Студия Дизайна Скретча","2017-01-22T13:40:09Z",2017,"wiki_bot_edit","Очистка категорий",-45,49,"Студия Дизайна Скретча",1244,NA,5157,0,10,"D4zzzBOT","bot",TRUE,FALSE
"W42","49","Студия Дизайна Скретча","2018-06-20T07:31:32Z",2018,"wiki_minor_edit","",45,49,"Студия Дизайна Скретча",2281,NA,5202,0,42,"RuMaks","human",TRUE,FALSE
"W10","49","Студия Дизайна Скретча","2018-07-08T11:24:38Z",2018,"wiki_bot_edit","новая категоризация",-46,49,"Студия Дизайна Скретча",2680,NA,5156,0,10,"D4zzzBOT","bot",TRUE,FALSE
"W180","49","Студия Дизайна Скретча","2022-12-28T16:55:40Z",2022,"wiki_minor_edit","Добавление пункта ""как стать помощником или куратором студии дизайна Скретч"", а также изменения некоторых неточностей",-311,49,"Студия Дизайна Скретча",6669,NA,4845,0,180,"Veniamin6","human",TRUE,FALSE
"W180","49","Студия Дизайна Скретча","2022-12-28T16:56:46Z",2022,"wiki_minor_edit","небольшая корректировка",0,49,"Студия Дизайна Скретча",6670,NA,4845,0,180,"Veniamin6","human",TRUE,FALSE
"W114","49","Студия Дизайна Скретча","2022-12-28T17:31:51Z",2022,"wiki_minor_edit","",-147,49,"Студия Дизайна Скретча",6674,NA,4698,0,114,"Gohoski","human",TRUE,FALSE
"W180","49","Студия Дизайна Скретча","2022-12-29T06:57:36Z",2022,"wiki_minor_edit","удаление ненужного",-83,49,"Студия Дизайна Скретча",6682,NA,4615,0,180,"Veniamin6","human",TRUE,FALSE
"W180","49","Студия Дизайна Скретча","2022-12-29T06:58:32Z",2022,"wiki_minor_edit","",68,49,"Студия Дизайна Скретча",6683,NA,4683,0,180,"Veniamin6","human",TRUE,FALSE
"W180","49","Студия Дизайна Скретча","2022-12-29T09:40:55Z",2022,"wiki_minor_edit","Veniamin6 переименовал страницу [[Дизайнерская студия]] в [[Студия Дизайна Скретча]]: В русском переводе название именно такое",0,49,"Студия Дизайна Скретча",6686,NA,4683,0,180,"Veniamin6","human",TRUE,FALSE
"W180","49","Студия Дизайна Скретча","2023-01-02T15:13:07Z",2023,"wiki_minor_edit","Добавил ссылку",-27,49,"Студия Дизайна Скретча",6709,NA,4656,0,180,"Veniamin6","human",TRUE,FALSE
"W114","49","Студия Дизайна Скретча","2023-01-19T17:02:33Z",2023,"wiki_minor_edit","/* Как это работает */",22,49,"Студия Дизайна Скретча",6847,NA,4678,0,114,"Gohoski","human",TRUE,FALSE
"W114","49","Студия Дизайна Скретча","2023-01-19T17:05:26Z",2023,"wiki_minor_edit","/* Темы дизайнерских студий */",-60,49,"Студия Дизайна Скретча",6848,NA,4618,0,114,"Gohoski","human",TRUE,FALSE
"W180","49","Студия Дизайна Скретча","2023-02-19T16:09:11Z",2023,"wiki_minor_edit","добавил картинку для версии 3.0",119,49,"Студия Дизайна Скретча",7582,NA,4737,0,180,"Veniamin6","human",TRUE,FALSE
"W180","49","Студия Дизайна Скретча","2023-03-30T17:00:14Z",2023,"wiki_minor_edit","",0,49,"Студия Дизайна Скретча",8081,NA,4737,0,180,"Veniamin6","human",TRUE,FALSE
"W180","49","Студия Дизайна Скретча","2023-05-21T14:38:30Z",2023,"wiki_minor_edit","",1228,49,"Студия Дизайна Скретча",8377,NA,5965,0,180,"Veniamin6","human",TRUE,FALSE
"W114","49","Студия Дизайна Скретча","2023-07-19T16:48:33Z",2023,"wiki_minor_edit","исправление неточностей",233,49,"Студия Дизайна Скретча",9034,NA,6198,0,114,"Gohoski","human",TRUE,FALSE
"W114","49","Студия Дизайна Скретча","2023-07-19T16:52:19Z",2023,"wiki_minor_edit","",128,49,"Студия Дизайна Скретча",9035,NA,6326,0,114,"Gohoski","human",TRUE,FALSE
"W114","49","Студия Дизайна Скретча","2023-07-22T12:59:42Z",2023,"wiki_minor_edit","fr interwiki",35,49,"Студия Дизайна Скретча",9080,NA,6361,0,114,"Gohoski","human",TRUE,FALSE
"W114","49","Студия Дизайна Скретча","2023-08-19T13:01:31Z",2023,"wiki_minor_edit","",49,49,"Студия Дизайна Скретча",9134,NA,6410,0,114,"Gohoski","human",TRUE,FALSE
"W2","50","Клонирование/Обнаружение клонов","2014-09-06T09:35:23Z",2014,"wiki_minor_edit","",982,50,"Клонирование/Обнаружение клонов",114,NA,982,0,2,"Dimon4ezzz","human",TRUE,FALSE
"W2","50","Клонирование/Обнаружение клонов","2015-03-06T15:32:25Z",2015,"wiki_minor_edit","1 версия",0,50,"Клонирование/Обнаружение клонов",115,NA,982,0,2,"Dimon4ezzz","human",TRUE,FALSE
"W2","50","Клонирование/Обнаружение клонов","2015-03-27T10:22:33Z",2015,"wiki_minor_edit","",-73,50,"Клонирование/Обнаружение клонов",343,NA,909,0,2,"Dimon4ezzz","human",TRUE,FALSE
"W2","50","Клонирование/Обнаружение клонов","2017-01-21T12:36:17Z",2017,"wiki_minor_edit","",2388,50,"Клонирование/Обнаружение клонов",1116,NA,3297,0,2,"Dimon4ezzz","human",TRUE,FALSE
"W10","50","Клонирование/Обнаружение клонов","2017-01-22T12:45:06Z",2017,"wiki_bot_edit","clean up",-58,50,"Клонирование/Обнаружение клонов",1183,NA,3239,0,10,"D4zzzBOT","bot",TRUE,FALSE
"W42","50","Клонирование/Обнаружение клонов","2018-05-09T11:24:12Z",2018,"wiki_minor_edit","",44,50,"Клонирование/Обнаружение клонов",1836,NA,3283,0,42,"RuMaks","human",TRUE,FALSE
"W42","50","Клонирование/Обнаружение клонов","2018-06-19T13:22:17Z",2018,"wiki_minor_edit","",53,50,"Клонирование/Обнаружение клонов",2185,NA,3336,0,42,"RuMaks","human",TRUE,FALSE
"W2","50","Клонирование/Обнаружение клонов","2018-07-11T09:26:10Z",2018,"wiki_minor_edit","",-7,50,"Клонирование/Обнаружение клонов",2873,NA,3329,0,2,"Dimon4ezzz","human",TRUE,FALSE
"W189","50","Клонирование/Обнаружение клонов","2023-05-28T19:12:13Z",2023,"wiki_minor_edit","заменил всегда на повторять всегда, добавил переменную клон",515,50,"Клонирование/Обнаружение клонов",8549,NA,3844,0,189,"Scratch craft 2","human",TRUE,FALSE
"W120","50","Клонирование/Обнаружение клонов","2023-06-26T16:28:23Z",2023,"wiki_minor_edit","Исправление неточностей",-26,50,"Клонирование/Обнаружение клонов",8816,NA,3818,0,120,"Idey programm","human",TRUE,FALSE
"W114","50","Клонирование/Обнаружение клонов","2024-02-04T15:16:27Z",2024,"wiki_minor_edit","авто: новая категоризация",0,50,"Клонирование/Обнаружение клонов",11176,NA,3818,0,114,"Gohoski","human",TRUE,FALSE
"W2","51","Кот Скретч","2014-11-23T11:39:38Z",2014,"wiki_minor_edit","",274,51,"Кот Скретч",116,NA,274,0,2,"Dimon4ezzz","human",TRUE,FALSE
"W2","51","Кот Скретч","2015-03-06T15:32:25Z",2015,"wiki_minor_edit","1 версия",0,51,"Кот Скретч",117,NA,274,0,2,"Dimon4ezzz","human",TRUE,FALSE
"W21","51","Кот Скретч","2015-10-21T21:18:08Z",2015,"wiki_bot_edit","Бот: добавлено [[id:Kucing Scratch]], [[ja:スクラッチキャット]]",57,51,"Кот Скретч",669,NA,331,0,21,"InterwikiBot","bot",TRUE,FALSE
"W87","51","Кот Скретч","2018-07-20T13:38:08Z",2018,"wiki_minor_edit","",190,51,"Кот Скретч",3115,NA,521,0,87,"Simon142","human",TRUE,FALSE
"W87","51","Кот Скретч","2018-07-20T13:56:45Z",2018,"wiki_minor_edit","",92,51,"Кот Скретч",3116,NA,613,0,87,"Simon142","human",TRUE,FALSE
"W42","51","Кот Скретч","2018-07-20T14:29:44Z",2018,"wiki_minor_edit","Загрузите плез этот файл",44,51,"Кот Скретч",3120,NA,657,0,42,"RuMaks","human",TRUE,FALSE
"W87","51","Кот Скретч","2018-07-20T14:46:08Z",2018,"wiki_minor_edit","",-1,51,"Кот Скретч",3121,NA,656,0,87,"Simon142","human",TRUE,FALSE
"W42","51","Кот Скретч","2018-07-20T14:48:48Z",2018,"wiki_minor_edit","Откат правок [[Special:Contributions/Simon142|Simon142]] ([[User talk:Simon142|обсуждение]]) к версии [[User:RuMaks|RuMaks]]",1,51,"Кот Скретч",3122,NA,657,0,42,"RuMaks","human",TRUE,FALSE
"W2","51","Кот Скретч","2018-07-26T12:03:02Z",2018,"wiki_minor_edit","оформление картинок",-47,51,"Кот Скретч",3245,NA,610,0,2,"Dimon4ezzz","human",TRUE,FALSE
"W2","51","Кот Скретч","2018-07-26T12:03:17Z",2018,"wiki_minor_edit","",0,51,"Кот Скретч",3246,NA,610,0,2,"Dimon4ezzz","human",TRUE,FALSE
"W2","51","Кот Скретч","2018-07-26T12:03:59Z",2018,"wiki_minor_edit","оформление картинок",12,51,"Кот Скретч",3247,NA,622,0,2,"Dimon4ezzz","human",TRUE,FALSE
"W2","51","Кот Скретч","2018-07-26T12:15:05Z",2018,"wiki_minor_edit","оформление рисунков в отдельный подраздел",721,51,"Кот Скретч",3249,NA,1343,0,2,"Dimon4ezzz","human",TRUE,FALSE
"W86","51","Кот Скретч","2019-10-05T09:46:33Z",2019,"wiki_minor_edit","",0,51,"Кот Скретч",4691,NA,1343,0,86,"Ilnik0806","human",TRUE,FALSE
"W88","51","Кот Скретч","2020-08-29T08:46:44Z",2020,"wiki_minor_edit","",43,51,"Кот Скретч",5551,NA,1386,0,88,"Grevovan","human",TRUE,FALSE
"W114","51","Кот Скретч","2022-10-31T19:37:48Z",2022,"wiki_minor_edit","",-303,51,"Кот Скретч",5917,NA,1083,0,114,"Gohoski","human",TRUE,FALSE
"W114","51","Кот Скретч","2022-11-01T08:10:20Z",2022,"wiki_minor_edit","",2898,51,"Кот Скретч",5938,NA,3981,0,114,"Gohoski","human",TRUE,FALSE
"W128","51","Кот Скретч","2022-11-01T08:46:26Z",2022,"wiki_minor_edit","/* Появления */",69,51,"Кот Скретч",5945,NA,4050,0,128,"45535566789900-988","human",TRUE,FALSE
"W128","51","Кот Скретч","2022-11-01T08:47:40Z",2022,"wiki_minor_edit","/* Появления */",4,51,"Кот Скретч",5946,NA,4054,0,128,"45535566789900-988","human",TRUE,FALSE
"W114","51","Кот Скретч","2022-11-01T08:49:47Z",2022,"wiki_minor_edit","Откат правок [[Special:Contributions/45535566789900-988|45535566789900-988]] ([[User talk:45535566789900-988|обсуждение]]) к версии [[User:Gohoski|Gohoski]]",-73,51,"Кот Скретч",5948,NA,3981,0,114,"Gohoski","human",TRUE,FALSE
"W177","51","Кот Скретч","2023-01-16T14:45:58Z",2023,"wiki_minor_edit","",734,51,"Кот Скретч",6818,NA,4715,0,177,"Greg1234567890f","human",TRUE,FALSE
"W177","51","Кот Скретч","2023-01-16T14:52:53Z",2023,"wiki_minor_edit","Отмена правки 6818, сделанной [[Special:Contributions/Greg1234567890f|Greg1234567890f]] ([[User talk:Greg1234567890f|обсуждение]])",-734,51,"Кот Скретч",6819,NA,3981,0,177,"Greg1234567890f","human",TRUE,FALSE
"W180","51","Кот Скретч","2023-02-21T16:28:10Z",2023,"wiki_minor_edit","",4870,51,"Кот Скретч",7616,NA,8851,0,180,"Veniamin6","human",TRUE,FALSE
"W180","51","Кот Скретч","2023-02-21T16:29:13Z",2023,"wiki_minor_edit","статья завершена)",-44,51,"Кот Скретч",7617,NA,8807,0,180,"Veniamin6","human",TRUE,FALSE
"W120","51","Кот Скретч","2023-02-22T08:21:51Z",2023,"wiki_minor_edit","",15,51,"Кот Скретч",7618,NA,8822,0,120,"Idey programm","human",TRUE,FALSE
"W217","51","Кот Скретч","2023-11-23T10:59:35Z",2023,"wiki_minor_edit","Исправление многих ошибок, замена Scratch на Скретч",-18,51,"Кот Скретч",10542,NA,8804,0,217,"AGScratcherBest","human",TRUE,FALSE
"W228","51","Кот Скретч","2024-01-20T16:03:45Z",2024,"wiki_minor_edit","Добавлено изображение серого Кота Скретч.",88,51,"Кот Скретч",10970,NA,8892,0,228,"BLACKCAT20144PLAYERS","human",TRUE,FALSE
"W228","51","Кот Скретч","2024-01-20T16:14:55Z",2024,"wiki_minor_edit","Изображение серого Кота Скретч теперь меньше.",4,51,"Кот Скретч",10971,NA,8896,0,228,"BLACKCAT20144PLAYERS","human",TRUE,FALSE
"W228","51","Кот Скретч","2024-01-20T17:31:14Z",2024,"wiki_minor_edit","Немного исправил подпись фотографии с серым Котом Скретч.",71,51,"Кот Скретч",10979,NA,8967,0,228,"BLACKCAT20144PLAYERS","human",TRUE,FALSE
"W228","51","Кот Скретч","2024-01-21T14:16:30Z",2024,"wiki_minor_edit","День смеха",24,51,"Кот Скретч",11006,NA,8991,0,228,"BLACKCAT20144PLAYERS","human",TRUE,FALSE
"W228","51","Кот Скретч","2024-01-22T07:08:59Z",2024,"wiki_minor_edit","Переместил изображение серого Кота Скретч.",1,51,"Кот Скретч",11019,NA,8992,0,228,"BLACKCAT20144PLAYERS","human",TRUE,FALSE
"W228","51","Кот Скретч","2024-01-25T11:25:18Z",2024,"wiki_minor_edit","/* Появления */  Голова Кота Скретч.",65,51,"Кот Скретч",11039,NA,9057,0,228,"BLACKCAT20144PLAYERS","human",TRUE,FALSE
"W228","51","Кот Скретч","2024-01-25T11:28:00Z",2024,"wiki_minor_edit","/* Появления */  Голова Кота Скретч теперь в версии 3.0.",0,51,"Кот Скретч",11040,NA,9057,0,228,"BLACKCAT20144PLAYERS","human",TRUE,FALSE
"W228","51","Кот Скретч","2024-01-25T11:31:15Z",2024,"wiki_minor_edit","/* _meow_ Скретч-изображение кошки */  Эмодзи Кота Скретч.",66,51,"Кот Скретч",11042,NA,9123,0,228,"BLACKCAT20144PLAYERS","human",TRUE,FALSE
"W228","51","Кот Скретч","2024-02-02T12:35:28Z",2024,"wiki_minor_edit","/* Появления */ Голова Кота Скретч ещё есть в новом стиле!",115,51,"Кот Скретч",11076,NA,9238,0,228,"BLACKCAT20144PLAYERS","human",TRUE,FALSE
"W228","51","Кот Скретч","2024-02-02T14:25:37Z",2024,"wiki_minor_edit","/* ""Космический кот""*/",45,51,"Кот Скретч",11080,NA,9283,0,228,"BLACKCAT20144PLAYERS","human",TRUE,FALSE
"W217","51","Кот Скретч","2024-02-02T14:59:57Z",2024,"wiki_minor_edit","Отмена правки 11076, сделанной [[Special:Contributions/BLACKCAT20144PLAYERS|BLACKCAT20144PLAYERS]] ([[User talk:BLACKCAT20144PLAYERS|обсуждение]]) картинка была сделана пользователем на Скретч, не командой Скретча",-115,51,"Кот Скретч",11085,NA,9168,0,217,"AGScratcherBest","human",TRUE,FALSE
"W217","51","Кот Скретч","2024-02-02T15:09:48Z",2024,"wiki_minor_edit","",74,51,"Кот Скретч",11086,NA,9242,0,217,"AGScratcherBest","human",TRUE,FALSE
"W228","51","Кот Скретч","2024-02-05T17:14:46Z",2024,"wiki_minor_edit","/* Удаленные проекты */ мёртвая ссылка. Если ошибка 404 означает, что это и есть удалённый проект, отмените эту правку.",31,51,"Кот Скретч",11335,NA,9273,0,228,"BLACKCAT20144PLAYERS","human",TRUE,FALSE
"W228","51","Кот Скретч","2024-02-15T12:37:57Z",2024,"wiki_minor_edit","Отмена правки 11335, сделанной [[Special:Contributions/BLACKCAT20144PLAYERS|BLACKCAT20144PLAYERS]] ([[User talk:BLACKCAT20144PLAYERS|обсуждение]])!",-31,51,"Кот Скретч",11419,NA,9242,0,228,"BLACKCAT20144PLAYERS","human",TRUE,FALSE
"W251","51","Кот Скретч","2024-09-09T08:56:38Z",2024,"wiki_minor_edit","/* ""Космический кот"" */  Там была ошибка в написании, Было написано ""космический кот на изображен на сцене"", а я исправила на ""Космический кот изображен на сцене""",-5,51,"Кот Скретч",12088,NA,9237,0,251,"Rayd56","human",TRUE,FALSE
"W2","54","Блок операторов/Округлить ()","2014-07-17T09:38:05Z",2014,"wiki_minor_edit","4 версии",5070,54,"Блок операторов/Округлить ()",122,NA,5070,0,2,"Dimon4ezzz","human",TRUE,FALSE
"W2","54","Блок операторов/Округлить ()","2015-03-06T15:32:25Z",2015,"wiki_minor_edit","1 версия",0,54,"Блок операторов/Округлить ()",123,NA,5070,0,2,"Dimon4ezzz","human",TRUE,FALSE
"W2","54","Блок операторов/Округлить ()","2015-03-27T06:00:49Z",2015,"wiki_minor_edit","/* Предложения скретчерам */ интервики",135,54,"Блок операторов/Округлить ()",287,NA,5205,0,2,"Dimon4ezzz","human",TRUE,FALSE
"W2","54","Блок операторов/Округлить ()","2015-03-27T06:05:31Z",2015,"wiki_minor_edit","/* Предложения скретчерам */",12,54,"Блок операторов/Округлить ()",288,NA,5217,0,2,"Dimon4ezzz","human",TRUE,FALSE
"W15","54","Блок операторов/Округлить ()","2015-09-01T23:20:17Z",2015,"wiki_minor_edit","indonesian interwiki",27,54,"Блок операторов/Округлить ()",539,NA,5244,0,15,"Rumanti","human",TRUE,FALSE
"W19","54","Блок операторов/Округлить ()","2015-09-29T15:53:47Z",2015,"wiki_minor_edit","",-48,54,"Блок операторов/Округлить ()",593,NA,5196,0,19,"Tankist-777","human",TRUE,FALSE
"W19","54","Блок операторов/Округлить ()","2015-09-29T18:14:18Z",2015,"wiki_minor_edit","",25,54,"Блок операторов/Округлить ()",610,NA,5221,0,19,"Tankist-777","human",TRUE,FALSE
"W19","54","Блок операторов/Округлить ()","2015-09-29T18:16:15Z",2015,"wiki_minor_edit","",27,54,"Блок операторов/Округлить ()",612,NA,5248,0,19,"Tankist-777","human",TRUE,FALSE
"W19","54","Блок операторов/Округлить ()","2015-09-30T13:16:38Z",2015,"wiki_minor_edit","+",40,54,"Блок операторов/Округлить ()",630,NA,5288,0,19,"Tankist-777","human",TRUE,FALSE
"W15","54","Блок операторов/Округлить ()","2015-10-16T15:04:44Z",2015,"wiki_minor_edit","indonesian interwiki **fix**",0,54,"Блок операторов/Округлить ()",658,NA,5288,0,15,"Rumanti","human",TRUE,FALSE
"W19","54","Блок операторов/Округлить ()","2015-10-26T13:03:29Z",2015,"wiki_minor_edit","",-20,54,"Блок операторов/Округлить ()",673,NA,5268,0,19,"Tankist-777","human",TRUE,FALSE
"W19","54","Блок операторов/Округлить ()","2015-10-26T13:10:10Z",2015,"wiki_minor_edit","/* Предложения скретчерам */",-34,54,"Блок операторов/Округлить ()",675,NA,5234,0,19,"Tankist-777","human",TRUE,FALSE
"W19","54","Блок операторов/Округлить ()","2015-10-26T13:20:12Z",2015,"wiki_minor_edit","/* Предложения скретчерам */",-65,54,"Блок операторов/Округлить ()",677,NA,5169,0,19,"Tankist-777","human",TRUE,FALSE
"W46","54","Блок операторов/Округлить ()","2018-01-24T11:32:52Z",2018,"wiki_minor_edit","",31,54,"Блок операторов/Округлить ()",1652,NA,5200,0,46,"Evgeny patarakin","human",TRUE,FALSE
"W46","54","Блок операторов/Округлить ()","2018-01-24T11:33:57Z",2018,"wiki_minor_edit","/* Пример использования */",160,54,"Блок операторов/Округлить ()",1653,NA,5360,0,46,"Evgeny patarakin","human",TRUE,FALSE
"W46","54","Блок операторов/Округлить ()","2018-01-24T11:35:14Z",2018,"wiki_minor_edit","",-107,54,"Блок операторов/Округлить ()",1654,NA,5253,0,46,"Evgeny patarakin","human",TRUE,FALSE
"W46","54","Блок операторов/Округлить ()","2018-01-24T11:36:36Z",2018,"wiki_minor_edit","/* Пример использования */",6,54,"Блок операторов/Округлить ()",1655,NA,5259,0,46,"Evgeny patarakin","human",TRUE,FALSE
"W46","54","Блок операторов/Округлить ()","2018-01-24T11:37:33Z",2018,"wiki_minor_edit","/* Пример использования */",40,54,"Блок операторов/Округлить ()",1656,NA,5299,0,46,"Evgeny patarakin","human",TRUE,FALSE
"W46","54","Блок операторов/Округлить ()","2018-01-24T11:39:20Z",2018,"wiki_minor_edit","/* Пример использования */",155,54,"Блок операторов/Округлить ()",1657,NA,5454,0,46,"Evgeny patarakin","human",TRUE,FALSE
"W68","54","Блок операторов/Округлить ()","2018-06-15T09:27:21Z",2018,"wiki_minor_edit","",-8,54,"Блок операторов/Округлить ()",1924,NA,5446,0,68,"Tankist-scratch","human",TRUE,FALSE
"W68","54","Блок операторов/Округлить ()","2018-06-15T14:52:55Z",2018,"wiki_minor_edit","",19,54,"Блок операторов/Округлить ()",1970,NA,5465,0,68,"Tankist-scratch","human",TRUE,FALSE
"W42","54","Блок операторов/Округлить ()","2018-07-16T08:40:32Z",2018,"wiki_minor_edit","",32,54,"Блок операторов/Округлить ()",3051,NA,5497,0,42,"RuMaks","human",TRUE,FALSE
"W89","54","Блок операторов/Округлить ()","2018-08-04T09:50:12Z",2018,"wiki_minor_edit","/* Пример использования */",0,54,"Блок операторов/Округлить ()",3310,NA,5497,0,89,"Toksin","human",TRUE,FALSE
"W89","54","Блок операторов/Округлить ()","2018-08-04T10:02:11Z",2018,"wiki_minor_edit","/* Пример использования */",18,54,"Блок операторов/Округлить ()",3311,NA,5515,0,89,"Toksin","human",TRUE,FALSE
"W89","54","Блок операторов/Округлить ()","2018-08-04T10:13:11Z",2018,"wiki_minor_edit","Корректировка",23,54,"Блок операторов/Округлить ()",3312,NA,5538,0,89,"Toksin","human",TRUE,FALSE
"W21","54","Блок операторов/Округлить ()","2018-12-09T20:12:41Z",2018,"wiki_bot_edit","Adding interwikis.",40,54,"Блок операторов/Округлить ()",3881,NA,5578,0,21,"InterwikiBot","bot",TRUE,FALSE
"W114","54","Блок операторов/Округлить ()","2022-11-19T11:56:23Z",2022,"wiki_minor_edit","Gohoski переименовал страницу [[Округлить () (блок)]] в [[Блок операторов/Округлить ()]]: Изменение системы статей про блоки",0,54,"Блок операторов/Округлить ()",6367,NA,5578,0,114,"Gohoski","human",TRUE,FALSE
"W165","54","Блок операторов/Округлить ()","2022-11-19T12:51:01Z",2022,"wiki_minor_edit","",-830,54,"Блок операторов/Округлить ()",6376,NA,4748,0,165,"RunRun 5","human",TRUE,FALSE
"W114","54","Блок операторов/Округлить ()","2022-11-19T13:27:17Z",2022,"wiki_minor_edit","",-18,54,"Блок операторов/Округлить ()",6380,NA,4730,0,114,"Gohoski","human",TRUE,FALSE
"W120","54","Блок операторов/Округлить ()","2023-02-09T09:29:21Z",2023,"wiki_minor_edit","/* Пример использования */ Исправление ошибок в скрипте",11,54,"Блок операторов/Округлить ()",7336,NA,4741,0,120,"Idey programm","human",TRUE,FALSE
"W120","54","Блок операторов/Округлить ()","2023-02-09T09:29:46Z",2023,"wiki_minor_edit","Удаление статьи из списка незавершённых",-45,54,"Блок операторов/Округлить ()",7337,NA,4696,0,120,"Idey programm","human",TRUE,FALSE
"W120","54","Блок операторов/Округлить ()","2023-02-09T09:30:09Z",2023,"wiki_minor_edit","",-3,54,"Блок операторов/Округлить ()",7338,NA,4693,0,120,"Idey programm","human",TRUE,FALSE
"W217","54","Блок операторов/Округлить ()","2023-09-12T18:24:40Z",2023,"wiki_minor_edit","/* Получение идентичного эффекта */",1,54,"Блок операторов/Округлить ()",9330,NA,4694,0,217,"AGScratcherBest","human",TRUE,FALSE
"W2","55","Java-плеер","2014-09-26T11:26:51Z",2014,"wiki_minor_edit","1 версия",2658,55,"Java-плеер",124,NA,2658,0,2,"Dimon4ezzz","human",TRUE,FALSE
"W2","55","Java-плеер","2015-03-06T15:32:25Z",2015,"wiki_minor_edit","1 версия",0,55,"Java-плеер",125,NA,2658,0,2,"Dimon4ezzz","human",TRUE,FALSE
"W2","55","Java-плеер","2015-04-03T13:19:05Z",2015,"wiki_minor_edit","",45,55,"Java-плеер",425,NA,2703,0,2,"Dimon4ezzz","human",TRUE,FALSE
"W2","55","Java-плеер","2015-04-03T13:22:36Z",2015,"wiki_minor_edit","/* Проблемы */",1,55,"Java-плеер",426,NA,2704,0,2,"Dimon4ezzz","human",TRUE,FALSE
"W2","55","Java-плеер","2015-04-03T13:23:16Z",2015,"wiki_minor_edit","/* Встраивание проекта */",-2,55,"Java-плеер",427,NA,2702,0,2,"Dimon4ezzz","human",TRUE,FALSE
"W10","55","Java-плеер","2017-01-22T13:37:51Z",2017,"wiki_bot_edit","/* Встраивание проекта */Очистка категорий",-58,55,"Java-плеер",1241,NA,2644,0,10,"D4zzzBOT","bot",TRUE,FALSE
"W2","55","Java-плеер","2017-01-22T13:41:27Z",2017,"wiki_minor_edit","",-46,55,"Java-плеер",1265,NA,2598,0,2,"Dimon4ezzz","human",TRUE,FALSE
"W42","55","Java-плеер","2018-05-28T16:29:50Z",2018,"wiki_minor_edit","",289,55,"Java-плеер",1872,NA,2887,0,42,"RuMaks","human",TRUE,FALSE
"W42","55","Java-плеер","2018-06-22T07:57:03Z",2018,"wiki_minor_edit","",36,55,"Java-плеер",2373,NA,2923,0,42,"RuMaks","human",TRUE,FALSE
"W2","55","Java-плеер","2018-07-11T09:23:56Z",2018,"wiki_minor_edit","",-117,55,"Java-плеер",2867,NA,2806,0,2,"Dimon4ezzz","human",TRUE,FALSE
"W114","55","Java-плеер","2022-09-10T11:41:54Z",2022,"wiki_minor_edit","Исправление небольшой дезинформации",113,55,"Java-плеер",5874,NA,2919,0,114,"Gohoski","human",TRUE,FALSE
"W114","55","Java-плеер","2022-09-12T19:13:57Z",2022,"wiki_minor_edit","",28,55,"Java-плеер",5889,NA,2947,0,114,"Gohoski","human",TRUE,FALSE
"W114","55","Java-плеер","2023-01-20T18:55:37Z",2023,"wiki_minor_edit","Gohoski переименовал страницу [[Плеер Java]] в [[Java-плеер]]: Правильное название по правилам русского языка",0,55,"Java-плеер",6869,NA,2947,0,114,"Gohoski","human",TRUE,FALSE
"W114","55","Java-плеер","2024-02-04T15:23:24Z",2024,"wiki_minor_edit","авто: новая категоризация",2,55,"Java-плеер",11296,NA,2949,0,114,"Gohoski","human",TRUE,FALSE
"W2","56","Проект","2014-07-17T09:38:06Z",2014,"wiki_minor_edit","1 версия",746,56,"Проект",126,NA,746,0,2,"Dimon4ezzz","human",TRUE,FALSE
"W2","56","Проект","2015-03-06T15:32:25Z",2015,"wiki_minor_edit","1 версия",0,56,"Проект",127,NA,746,0,2,"Dimon4ezzz","human",TRUE,FALSE
"W2","56","Проект","2015-03-27T06:17:02Z",2015,"wiki_minor_edit","интервики",89,56,"Проект",293,NA,835,0,2,"Dimon4ezzz","human",TRUE,FALSE
"W12","56","Проект","2015-07-11T16:28:54Z",2015,"wiki_minor_edit","",1,56,"Проект",445,NA,836,0,12,"C8","human",TRUE,FALSE
"W15","56","Проект","2015-08-05T22:55:58Z",2015,"wiki_minor_edit","indonesian interwiki",13,56,"Проект",532,NA,849,0,15,"Rumanti","human",TRUE,FALSE
"W10","56","Проект","2017-01-22T13:43:19Z",2017,"wiki_bot_edit","/* top */Очистка категорий",-55,56,"Проект",1281,NA,794,0,10,"D4zzzBOT","bot",TRUE,FALSE
"W2","56","Проект","2017-01-29T10:24:43Z",2017,"wiki_minor_edit","",3069,56,"Проект",1370,NA,3863,0,2,"Dimon4ezzz","human",TRUE,FALSE
"W2","56","Проект","2017-01-29T10:25:19Z",2017,"wiki_minor_edit","/* Неуместные проекты */ примечания",43,56,"Проект",1371,NA,3906,0,2,"Dimon4ezzz","human",TRUE,FALSE
"W21","56","Проект","2017-07-02T17:18:09Z",2017,"wiki_bot_edit","Adding interwikis.",39,56,"Проект",1424,NA,3945,0,21,"InterwikiBot","bot",TRUE,FALSE
"W42","56","Проект","2018-06-19T16:26:01Z",2018,"wiki_minor_edit","",45,56,"Проект",2229,NA,3990,0,42,"RuMaks","human",TRUE,FALSE
"W2","56","Проект","2018-06-19T16:41:28Z",2018,"wiki_minor_edit","ненужная викификация",-4,56,"Проект",2242,NA,3986,0,2,"Dimon4ezzz","human",TRUE,FALSE
"W10","56","Проект","2018-07-08T11:27:38Z",2018,"wiki_bot_edit","новая категоризация",-53,56,"Проект",2687,NA,3933,0,10,"D4zzzBOT","bot",TRUE,FALSE
"W120","56","Проект","2022-12-17T12:27:10Z",2022,"wiki_minor_edit","/* Описание проекта */ Изменение устаревших данных на более новые",23,56,"Проект",6573,NA,3956,0,120,"Idey programm","human",TRUE,FALSE
"W194","56","Проект","2023-11-21T17:45:28Z",2023,"wiki_minor_edit","Ошибка в слове ""сколько""",4,56,"Проект",10529,NA,3960,0,194,"Umnik123","human",TRUE,FALSE
"W2","57","Ремикс","2014-07-17T09:38:06Z",2014,"wiki_minor_edit","3 версии",497,57,"Ремикс",128,NA,497,0,2,"Dimon4ezzz","human",TRUE,FALSE
"W2","57","Ремикс","2015-03-06T15:32:26Z",2015,"wiki_minor_edit","1 версия",0,57,"Ремикс",129,NA,497,0,2,"Dimon4ezzz","human",TRUE,FALSE
"W2","57","Ремикс","2015-03-27T06:09:50Z",2015,"wiki_minor_edit","интервики",68,57,"Ремикс",291,NA,565,0,2,"Dimon4ezzz","human",TRUE,FALSE
"W17","57","Ремикс","2016-02-18T22:32:03Z",2016,"wiki_minor_edit","Where did these interwikis come from...",-2,57,"Ремикс",837,NA,563,0,17,"ErnieParke","human",TRUE,FALSE
"W21","57","Ремикс","2016-02-19T13:37:12Z",2016,"wiki_bot_edit","Бот: добавлено [[nl:Remixen van projecten]]",29,57,"Ремикс",855,NA,592,0,21,"InterwikiBot","bot",TRUE,FALSE
"W2","57","Ремикс","2016-03-25T09:10:47Z",2016,"wiki_minor_edit","",375,57,"Ремикс",875,NA,967,0,2,"Dimon4ezzz","human",TRUE,FALSE
"W10","57","Ремикс","2017-01-22T13:40:22Z",2017,"wiki_bot_edit","/* Примечания */Очистка категорий",-45,57,"Ремикс",1250,NA,922,0,10,"D4zzzBOT","bot",TRUE,FALSE
"W88","57","Ремикс","2018-08-05T08:41:33Z",2018,"wiki_minor_edit","",86,57,"Ремикс",3327,NA,1008,0,88,"Grevovan","human",TRUE,FALSE
"W2","57","Ремикс","2018-08-06T16:04:52Z",2018,"wiki_minor_edit","обновление данных, категоризация",69,57,"Ремикс",3335,NA,1077,0,2,"Dimon4ezzz","human",TRUE,FALSE
"W103","57","Ремикс","2019-04-30T03:05:43Z",2019,"wiki_minor_edit","Перевёл с англ. вики часть про Что ремиксит сообщество на глав. странице.",230,57,"Ремикс",4361,NA,1307,0,103,"Deid2","human",TRUE,FALSE
"W177","57","Ремикс","2022-12-28T05:30:45Z",2022,"wiki_minor_edit","Добавлен новый раздел",2384,57,"Ремикс",6662,NA,3691,0,177,"Greg1234567890f","human",TRUE,FALSE
"W177","57","Ремикс","2022-12-28T05:46:10Z",2022,"wiki_minor_edit","Добавлен новый раздел",919,57,"Ремикс",6663,NA,4610,0,177,"Greg1234567890f","human",TRUE,FALSE
"W120","57","Ремикс","2023-02-26T15:42:05Z",2023,"wiki_minor_edit","Перевод некоторых разделов с Английской Вики",1651,57,"Ремикс",7715,NA,6261,0,120,"Idey programm","human",TRUE,FALSE
"W180","57","Ремикс","2023-03-18T09:18:57Z",2023,"wiki_minor_edit","дополнение статьи, но она ещё не завершена",7064,57,"Ремикс",7925,NA,13325,0,180,"Veniamin6","human",TRUE,FALSE
"W180","57","Ремикс","2023-03-19T13:02:24Z",2023,"wiki_minor_edit","",7825,57,"Ремикс",7973,NA,21150,0,180,"Veniamin6","human",TRUE,FALSE
"W184","57","Ремикс","2023-03-20T07:17:11Z",2023,"wiki_minor_edit","Изменён процент ремиксов среди других проектов со статистики 2018 года на статистику 2022 года.",4,57,"Ремикс",7976,NA,21154,0,184,"Alex Ilya","human",TRUE,FALSE
"W180","57","Ремикс","2023-04-09T18:55:07Z",2023,"wiki_minor_edit","завершено",-44,57,"Ремикс",8109,NA,21110,0,180,"Veniamin6","human",TRUE,FALSE
"W114","57","Ремикс","2023-04-18T18:17:21Z",2023,"wiki_minor_edit","форматирование",340,57,"Ремикс",8170,NA,21450,0,114,"Gohoski","human",TRUE,FALSE
"W114","57","Ремикс","2023-04-18T18:19:55Z",2023,"wiki_minor_edit","ойъ",-34,57,"Ремикс",8171,NA,21416,0,114,"Gohoski","human",TRUE,FALSE
"W114","57","Ремикс","2023-04-18T18:20:22Z",2023,"wiki_minor_edit","",14,57,"Ремикс",8172,NA,21430,0,114,"Gohoski","human",TRUE,FALSE
"W114","57","Ремикс","2023-04-25T13:14:50Z",2023,"wiki_minor_edit","",53,57,"Ремикс",8219,NA,21483,0,114,"Gohoski","human",TRUE,FALSE
"W114","57","Ремикс","2023-04-28T15:42:45Z",2023,"wiki_minor_edit","Защитил страницу [[Ремикс]]: популярная страница: Среда вики; если нужно что-то отредактировать, скажите об этом на странице обсуждения ([Редактирование=Разрешено только администраторам] (истекает 00:00, 31 мая 2023 (UTC)) [Переименование=Разрешено только администраторам] (истекает 00:00, 31 мая 2023 (UTC)))",0,57,"Ремикс",8227,NA,21483,0,114,"Gohoski","human",TRUE,FALSE
"W114","57","Ремикс","2023-06-30T11:45:02Z",2023,"wiki_minor_edit","",0,57,"Ремикс",8855,NA,21483,0,114,"Gohoski","human",TRUE,FALSE
"W2","58","Скретчер","2015-02-22T09:30:15Z",2015,"wiki_minor_edit","",2674,58,"Скретчер",130,NA,2674,0,2,"Dimon4ezzz","human",TRUE,FALSE
"W2","58","Скретчер","2015-03-06T15:32:26Z",2015,"wiki_minor_edit","1 версия",0,58,"Скретчер",131,NA,2674,0,2,"Dimon4ezzz","human",TRUE,FALSE
"W2","58","Скретчер","2015-03-28T10:15:48Z",2015,"wiki_minor_edit","/* Регистрация */",-48,58,"Скретчер",368,NA,2626,0,2,"Dimon4ezzz","human",TRUE,FALSE
"W10","58","Скретчер","2017-01-22T13:40:30Z",2017,"wiki_bot_edit","/* Регистрация */Очистка категорий",-45,58,"Скретчер",1253,NA,2581,0,10,"D4zzzBOT","bot",TRUE,FALSE
"W2","58","Скретчер","2017-01-24T10:21:25Z",2017,"wiki_minor_edit","Удаление категорий",-54,58,"Скретчер",1331,NA,2527,0,2,"Dimon4ezzz","human",TRUE,FALSE
"W59","58","Скретчер","2018-04-06T11:25:25Z",2018,"wiki_minor_edit","",-2,58,"Скретчер",1793,NA,2525,0,59,"X Gamer studio","human",TRUE,FALSE
"W59","58","Скретчер","2018-04-06T11:26:06Z",2018,"wiki_minor_edit","",-2,58,"Скретчер",1794,NA,2523,0,59,"X Gamer studio","human",TRUE,FALSE
"W21","58","Скретчер","2018-12-09T20:18:30Z",2018,"wiki_bot_edit","Adding interwikis.",16,58,"Скретчер",3887,NA,2539,0,21,"InterwikiBot","bot",TRUE,FALSE
"W142","58","Скретчер","2022-02-20T08:24:07Z",2022,"wiki_minor_edit","",370,58,"Скретчер",5811,NA,2909,0,142,"CoolGolub","human",TRUE,FALSE
"W173","58","Скретчер","2023-02-09T07:53:16Z",2023,"wiki_minor_edit","",1086,58,"Скретчер",7328,NA,3995,0,173,"MicroRu","human",TRUE,FALSE
"W173","58","Скретчер","2023-02-09T08:51:09Z",2023,"wiki_minor_edit","",-916,58,"Скретчер",7333,NA,3079,0,173,"MicroRu","human",TRUE,FALSE
"W114","58","Скретчер","2023-03-26T17:41:30Z",2023,"wiki_minor_edit","дополнил страницу, но не завершил",2643,58,"Скретчер",8047,NA,5722,0,114,"Gohoski","human",TRUE,FALSE
"W180","58","Скретчер","2023-04-09T15:42:58Z",2023,"wiki_minor_edit","дополнил",4335,58,"Скретчер",8100,NA,10057,0,180,"Veniamin6","human",TRUE,FALSE
"W180","58","Скретчер","2023-04-09T15:53:50Z",2023,"wiki_minor_edit","теперь завершённая",-43,58,"Скретчер",8104,NA,10014,0,180,"Veniamin6","human",TRUE,FALSE
"W154","58","Скретчер","2023-06-28T17:27:50Z",2023,"wiki_minor_edit","/* Регистрация */",19,58,"Скретчер",8842,NA,10033,0,154,"Stysan","human",TRUE,FALSE
"W217","58","Скретчер","2023-11-18T18:05:54Z",2023,"wiki_minor_edit","и",-12,58,"Скретчер",10489,NA,10021,0,217,"AGScratcherBest","human",TRUE,FALSE
"W242","58","Скретчер","2024-06-26T09:05:11Z",2024,"wiki_minor_edit","Исправил ошибку с переводом слова gender",-12,58,"Скретчер",11961,NA,10009,0,242,"Ghathe90mm-2","human",TRUE,FALSE
"W114","58","Скретчер","2024-06-26T12:30:17Z",2024,"wiki_minor_edit","Откат правок [[Special:Contributions/Ghathe90mm-2|Ghathe90mm-2]] ([[User talk:Ghathe90mm-2|обсуждение]]) к последней версии [[User:AGScratcherBest|AGScratcherBest]]",12,58,"Скретчер",11964,NA,10021,0,114,"Gohoski","human",TRUE,FALSE
"W282","58","Скретчер","2025-06-23T12:30:06Z",2025,"wiki_minor_edit","изменен перевод слова gender на русский (гендер -> пол)",-12,58,"Скретчер",14213,NA,10009,0,282,"Unsubmaker","human",TRUE,FALSE
"W2","59","Уведомления","2014-07-17T09:38:15Z",2014,"wiki_minor_edit","3 версии",565,59,"Уведомления",132,NA,565,0,2,"Dimon4ezzz","human",TRUE,FALSE
"W2","59","Уведомления","2015-03-06T15:32:26Z",2015,"wiki_minor_edit","1 версия",0,59,"Уведомления",133,NA,565,0,2,"Dimon4ezzz","human",TRUE,FALSE
"W2","59","Уведомления","2015-03-27T06:44:07Z",2015,"wiki_minor_edit","интервики",99,59,"Уведомления",306,NA,664,0,2,"Dimon4ezzz","human",TRUE,FALSE
"W2","59","Уведомления","2015-03-27T06:44:40Z",2015,"wiki_minor_edit","Dimon4ezzz переименовал страницу [[Сообщение]] в [[Уведомления]]",0,59,"Уведомления",307,NA,664,0,2,"Dimon4ezzz","human",TRUE,FALSE
"W21","59","Уведомления","2016-02-19T14:22:41Z",2016,"wiki_bot_edit","Бот: добавлено [[de:Nachrichten (Webseite)]]",30,59,"Уведомления",857,NA,694,0,21,"InterwikiBot","bot",TRUE,FALSE
"W2","59","Уведомления","2016-04-08T11:54:03Z",2016,"wiki_minor_edit","",-15,59,"Уведомления",881,NA,679,0,2,"Dimon4ezzz","human",TRUE,FALSE
"W10","59","Уведомления","2017-01-22T13:40:35Z",2017,"wiki_bot_edit","/* Примечания */Очистка категорий",-45,59,"Уведомления",1255,NA,634,0,10,"D4zzzBOT","bot",TRUE,FALSE
"W21","59","Уведомления","2017-07-02T17:14:07Z",2017,"wiki_bot_edit","Adding interwikis.",45,59,"Уведомления",1421,NA,679,0,21,"InterwikiBot","bot",TRUE,FALSE
"W49","59","Уведомления","2018-03-06T17:45:16Z",2018,"wiki_minor_edit","Добавлена ссылка на полную версию.",185,59,"Уведомления",1752,NA,864,0,49,"Hammerill","human",TRUE,FALSE
"W42","59","Уведомления","2018-06-19T19:13:32Z",2018,"wiki_minor_edit","Эта страница не нужна, так как имеется её полная версия.",-784,59,"Уведомления",2249,NA,80,0,42,"RuMaks","human",TRUE,FALSE
"W2","61","Типы проектов","2014-08-24T18:25:21Z",2014,"wiki_minor_edit","/* Основные типы */",1416,61,"Типы проектов",136,NA,1416,0,2,"Dimon4ezzz","human",TRUE,FALSE
"W2","61","Типы проектов","2015-03-06T15:32:26Z",2015,"wiki_minor_edit","1 версия",0,61,"Типы проектов",137,NA,1416,0,2,"Dimon4ezzz","human",TRUE,FALSE
"W15","61","Типы проектов","2015-07-27T11:49:34Z",2015,"wiki_minor_edit","indonesian interwiki",19,61,"Типы проектов",457,NA,1435,0,15,"Rumanti","human",TRUE,FALSE
"W5","61","Типы проектов","2015-07-28T10:38:34Z",2015,"wiki_minor_edit","ger interwiki",20,61,"Типы проектов",461,NA,1455,0,5,"LiFaytheGoblin","human",TRUE,FALSE
"W40","61","Типы проектов","2017-12-23T19:04:06Z",2017,"wiki_minor_edit","Новый тип проектов",697,61,"Типы проектов",1458,NA,2152,0,40,"Tank Maker333","human",TRUE,FALSE
"W87","61","Типы проектов","2018-07-21T09:22:29Z",2018,"wiki_minor_edit","",432,61,"Типы проектов",3140,NA,2584,0,87,"Simon142","human",TRUE,FALSE
"W87","61","Типы проектов","2018-07-21T10:38:07Z",2018,"wiki_minor_edit","",133,61,"Типы проектов",3142,NA,2717,0,87,"Simon142","human",TRUE,FALSE
"W87","61","Типы проектов","2019-12-02T04:36:02Z",2019,"wiki_minor_edit","/* Игра */",-1,61,"Типы проектов",4868,NA,2716,0,87,"Simon142","human",TRUE,FALSE
"W162","61","Типы проектов","2022-11-03T11:44:41Z",2022,"wiki_minor_edit","/* Игра */",4,61,"Типы проектов",6031,NA,2720,0,162,"Noobzemla","human",TRUE,FALSE
"W114","61","Типы проектов","2022-11-03T11:57:12Z",2022,"wiki_minor_edit","Отмена правки 6031, сделанной [[Special:Contributions/Noobzemla|Noobzemla]] ([[User talk:Noobzemla|обсуждение]])",-4,61,"Типы проектов",6032,NA,2716,0,114,"Gohoski","human",TRUE,FALSE
"W114","61","Типы проектов","2022-11-03T12:08:04Z",2022,"wiki_minor_edit","",42,61,"Типы проектов",6035,NA,2758,0,114,"Gohoski","human",TRUE,FALSE
"W120","61","Типы проектов","2023-03-22T09:45:37Z",2023,"wiki_minor_edit","Перевод некоторых разделов с Английской Вики",6925,61,"Типы проектов",7986,NA,9683,0,120,"Idey programm","human",TRUE,FALSE
"W189","61","Типы проектов","2023-04-08T14:40:54Z",2023,"wiki_minor_edit","/* Основные типы */ добавил новую категорию: приложения",218,61,"Типы проектов",8091,NA,9901,0,189,"Scratch craft 2","human",TRUE,FALSE
"W180","61","Типы проектов","2023-04-09T05:06:41Z",2023,"wiki_minor_edit","Отмена правки 8091, сделанной [[Special:Contributions/Scratch craft 2|Scratch craft 2]] ([[User talk:Scratch craft 2|обсуждение]])",-218,61,"Типы проектов",8094,NA,9683,0,180,"Veniamin6","human",TRUE,FALSE
"W180","61","Типы проектов","2023-05-26T08:53:03Z",2023,"wiki_minor_edit","завершено",3134,61,"Типы проектов",8492,NA,12817,0,180,"Veniamin6","human",TRUE,FALSE
"W189","61","Типы проектов","2023-10-21T14:12:18Z",2023,"wiki_minor_edit","",412,61,"Типы проектов",9819,NA,13229,0,189,"Scratch craft 2","human",TRUE,FALSE
"W217","61","Типы проектов","2023-10-21T14:35:34Z",2023,"wiki_minor_edit","/* проекты без/только с... */",0,61,"Типы проектов",9822,NA,13229,0,217,"AGScratcherBest","human",TRUE,FALSE
"W2","62","Форум текстовых игр","2014-07-17T09:38:16Z",2014,"wiki_minor_edit","1 версия",440,62,"Форум текстовых игр",138,NA,440,0,2,"Dimon4ezzz","human",TRUE,FALSE
"W2","62","Форум текстовых игр","2015-03-06T15:32:26Z",2015,"wiki_minor_edit","1 версия",0,62,"Форум текстовых игр",139,NA,440,0,2,"Dimon4ezzz","human",TRUE,FALSE
"W2","62","Форум текстовых игр","2015-03-27T06:42:25Z",2015,"wiki_minor_edit","",106,62,"Форум текстовых игр",305,NA,546,0,2,"Dimon4ezzz","human",TRUE,FALSE
"W16","62","Форум текстовых игр","2015-09-08T15:50:43Z",2015,"wiki_minor_edit","",115,62,"Форум текстовых игр",563,NA,661,0,16,"Timkoiko","human",TRUE,FALSE
"W10","62","Форум текстовых игр","2017-01-22T13:40:37Z",2017,"wiki_bot_edit","/* top */Очистка категорий",-45,62,"Форум текстовых игр",1256,NA,616,0,10,"D4zzzBOT","bot",TRUE,FALSE
"W21","62","Форум текстовых игр","2018-12-09T20:28:27Z",2018,"wiki_bot_edit","Adding interwikis.",30,62,"Форум текстовых игр",3896,NA,646,0,21,"InterwikiBot","bot",TRUE,FALSE
"W2","83","Скретч Вики","2015-03-25T19:53:39Z",2015,"wiki_minor_edit","Новая страница: «[[Файл:Логотип английской Скретч Вики.png|справа|frame|Логотип английской Скретч Вики]]  '''Скр…»",7592,83,"Скретч Вики",197,NA,7592,0,2,"Dimon4ezzz","human",TRUE,FALSE
"W16","83","Скретч Вики","2015-07-29T19:12:54Z",2015,"wiki_minor_edit","исправил scratch-ru.indo на scratch-ru.info",0,83,"Скретч Вики",471,NA,7592,0,16,"Timkoiko","human",TRUE,FALSE
"W10","83","Скретч Вики","2017-01-22T13:40:27Z",2017,"wiki_bot_edit","/* Примечания */Очистка категорий",-45,83,"Скретч Вики",1252,NA,7547,0,10,"D4zzzBOT","bot",TRUE,FALSE
"W2","83","Скретч Вики","2017-04-01T10:48:15Z",2017,"wiki_minor_edit","",1817,83,"Скретч Вики",1392,NA,9364,0,2,"Dimon4ezzz","human",TRUE,FALSE
"W2","83","Скретч Вики","2018-06-16T07:24:30Z",2018,"wiki_minor_edit","/* Вики на других языках */ уточнение",-1,83,"Скретч Вики",2001,NA,9363,0,2,"Dimon4ezzz","human",TRUE,FALSE
"W42","83","Скретч Вики","2018-07-15T17:39:07Z",2018,"wiki_minor_edit","",28,83,"Скретч Вики",3038,NA,9391,0,42,"RuMaks","human",TRUE,FALSE
"W21","83","Скретч Вики","2018-12-09T20:18:04Z",2018,"wiki_bot_edit","Adding interwikis.",19,83,"Скретч Вики",3886,NA,9410,0,21,"InterwikiBot","bot",TRUE,FALSE
"W96","83","Скретч Вики","2019-01-15T13:08:31Z",2019,"wiki_minor_edit","",70,83,"Скретч Вики",4033,NA,9480,0,96,"WikiHelper","human",TRUE,FALSE
"W96","83","Скретч Вики","2019-01-15T13:38:00Z",2019,"wiki_minor_edit","Изменён дизайн (теперь все заголовки в Скретч-стиле)",1198,83,"Скретч Вики",4034,NA,10678,0,96,"WikiHelper","human",TRUE,FALSE
"W96","83","Скретч Вики","2019-01-15T13:39:32Z",2019,"wiki_minor_edit","",9,83,"Скретч Вики",4035,NA,10687,0,96,"WikiHelper","human",TRUE,FALSE
"W107","83","Скретч Вики","2019-07-12T22:48:28Z",2019,"wiki_minor_edit","/* Немецкая Скретч Вики */",12,83,"Скретч Вики",4415,NA,10699,0,107,"Viator-Eno","human",TRUE,FALSE
"W120","83","Скретч Вики","2020-10-10T05:16:12Z",2020,"wiki_minor_edit","/* Добавление информации о входа в Скретч Вики */",758,83,"Скретч Вики",5596,NA,11457,0,120,"Idey programm","human",TRUE,FALSE
"W114","83","Скретч Вики","2020-10-13T19:13:22Z",2020,"wiki_minor_edit","/* Русская Вики */ исправлена отпечатка в слове ""её"" на ""ещё""",1,83,"Скретч Вики",5600,NA,11458,0,114,"Gohoski","human",TRUE,FALSE
"W120","83","Скретч Вики","2020-11-12T16:18:36Z",2020,"wiki_minor_edit","/* Удаление ""Вход в Вики"" */",-615,83,"Скретч Вики",5624,NA,10843,0,120,"Idey programm","human",TRUE,FALSE
"W120","83","Скретч Вики","2020-11-12T16:18:56Z",2020,"wiki_minor_edit","/* Вход в Вики */",-141,83,"Скретч Вики",5625,NA,10702,0,120,"Idey programm","human",TRUE,FALSE
"W114","83","Скретч Вики","2022-11-12T14:20:53Z",2022,"wiki_minor_edit","/* Русская Вики */",393,83,"Скретч Вики",6271,NA,11095,0,114,"Gohoski","human",TRUE,FALSE
"W114","83","Скретч Вики","2022-11-12T14:41:01Z",2022,"wiki_minor_edit","Убрал пробел в названии раздела «Вики на других языках»",-2,83,"Скретч Вики",6272,NA,11093,0,114,"Gohoski","human",TRUE,FALSE
"W114","83","Скретч Вики","2022-11-13T09:52:45Z",2022,"wiki_minor_edit","Дополнение статьи, т. к. на англ. вики новая информация",14048,83,"Скретч Вики",6291,NA,25141,0,114,"Gohoski","human",TRUE,FALSE
"W114","83","Скретч Вики","2022-12-21T18:18:54Z",2022,"wiki_minor_edit","Изменил Scratch на Скретч и обновил раздел о создании нового аккаунта",-72,83,"Скретч Вики",6639,NA,25069,0,114,"Gohoski","human",TRUE,FALSE
"W114","83","Скретч Вики","2022-12-21T19:02:51Z",2022,"wiki_minor_edit","Исправил битую ссылку",-2,83,"Скретч Вики",6641,NA,25067,0,114,"Gohoski","human",TRUE,FALSE
"W114","83","Скретч Вики","2023-01-14T14:52:02Z",2023,"wiki_minor_edit","/* Создание Скретч Вики на другом языке */ Исправление битой ссылки",-20,83,"Скретч Вики",6789,NA,25047,0,114,"Gohoski","human",TRUE,FALSE
"W114","83","Скретч Вики","2023-01-21T13:46:42Z",2023,"wiki_minor_edit","",-2353,83,"Скретч Вики",6882,NA,22694,0,114,"Gohoski","human",TRUE,FALSE
"W114","83","Скретч Вики","2023-01-23T05:14:20Z",2023,"wiki_minor_edit","/* Русская вики */",73,83,"Скретч Вики",6997,NA,22767,0,114,"Gohoski","human",TRUE,FALSE
"W114","83","Скретч Вики","2023-03-08T11:27:17Z",2023,"wiki_minor_edit","/* Русская вики */ Дополнение истории",567,83,"Скретч Вики",7808,NA,23334,0,114,"Gohoski","human",TRUE,FALSE
"W114","83","Скретч Вики","2023-03-12T12:10:17Z",2023,"wiki_minor_edit","лого индо-вики + интервики",247,83,"Скретч Вики",7870,NA,23581,0,114,"Gohoski","human",TRUE,FALSE
"W114","83","Скретч Вики","2023-03-12T18:59:50Z",2023,"wiki_minor_edit","/* Венгерская */ Обновление информации",175,83,"Скретч Вики",7883,NA,23756,0,114,"Gohoski","human",TRUE,FALSE
"W114","83","Скретч Вики","2023-03-12T19:06:31Z",2023,"wiki_minor_edit","/* Индонезийская вики */ Дополнение информации",491,83,"Скретч Вики",7884,NA,24247,0,114,"Gohoski","human",TRUE,FALSE
"W114","83","Скретч Вики","2023-03-12T19:29:53Z",2023,"wiki_minor_edit","/* Русская вики */ Дополнение источников и информации",1123,83,"Скретч Вики",7885,NA,25370,0,114,"Gohoski","human",TRUE,FALSE
"W114","83","Скретч Вики","2023-03-18T13:29:44Z",2023,"wiki_minor_edit","/* Русская вики */",238,83,"Скретч Вики",7938,NA,25608,0,114,"Gohoski","human",TRUE,FALSE
"W114","83","Скретч Вики","2023-03-22T08:54:14Z",2023,"wiki_minor_edit","/* Французская */",145,83,"Скретч Вики",7985,NA,25753,0,114,"Gohoski","human",TRUE,FALSE
"W228","83","Скретч Вики","2024-01-25T11:57:53Z",2024,"wiki_minor_edit","/* Русская вики */  Бывший баннер.",63,83,"Скретч Вики",11044,NA,25816,0,228,"BLACKCAT20144PLAYERS","human",TRUE,FALSE
"W2","85","Заглавная страница/Новости","2015-03-26T12:40:04Z",2015,"wiki_minor_edit","Новая страница: «<noinclude> [[Категория:Основное пространство|Новости]] [[de:Scratch-Wiki:Aktuelle Ereignisse]] [[en:Scratch Wiki Home/News]] …»",2126,85,"Заглавная страница/Новости",202,NA,2126,0,2,"Dimon4ezzz","human",TRUE,FALSE
"W2","85","Заглавная страница/Новости","2015-03-31T17:57:47Z",2015,"wiki_minor_edit","",9,85,"Заглавная страница/Новости",410,NA,2135,0,2,"Dimon4ezzz","human",TRUE,FALSE
"W2","85","Заглавная страница/Новости","2015-03-31T18:05:56Z",2015,"wiki_minor_edit","",-510,85,"Заглавная страница/Новости",414,NA,1625,0,2,"Dimon4ezzz","human",TRUE,FALSE
"W2","85","Заглавная страница/Новости","2015-04-08T12:40:58Z",2015,"wiki_minor_edit","",170,85,"Заглавная страница/Новости",436,NA,1795,0,2,"Dimon4ezzz","human",TRUE,FALSE
"W21","85","Заглавная страница/Новости","2016-02-18T22:37:14Z",2016,"wiki_bot_edit","Бот: добавлено [[nl:Nieuws]]",13,85,"Заглавная страница/Новости",841,NA,1808,0,21,"InterwikiBot","bot",TRUE,FALSE
"W2","85","Заглавная страница/Новости","2017-01-19T16:01:48Z",2017,"wiki_minor_edit","Dimon4ezzz переименовал страницу [[Заглавная страница/Новости Скретч]] в [[Заглавная страница/Новости]]",0,85,"Заглавная страница/Новости",1086,NA,1808,0,2,"Dimon4ezzz","human",TRUE,FALSE
"W2","85","Заглавная страница/Новости","2017-01-20T09:05:07Z",2017,"wiki_minor_edit","",-38,85,"Заглавная страница/Новости",1108,NA,1770,0,2,"Dimon4ezzz","human",TRUE,FALSE
"W2","85","Заглавная страница/Новости","2017-01-20T09:16:21Z",2017,"wiki_minor_edit","",-819,85,"Заглавная страница/Новости",1109,NA,951,0,2,"Dimon4ezzz","human",TRUE,FALSE
"W4","85","Заглавная страница/Новости","2017-01-20T13:30:41Z",2017,"wiki_minor_edit","",146,85,"Заглавная страница/Новости",1110,NA,1097,0,4,"Mtwoll","human",TRUE,FALSE
"W10","85","Заглавная страница/Новости","2017-01-22T12:42:25Z",2017,"wiki_bot_edit","clean up",-206,85,"Заглавная страница/Новости",1174,NA,891,0,10,"D4zzzBOT","bot",TRUE,FALSE
"W42","85","Заглавная страница/Новости","2018-06-20T07:37:01Z",2018,"wiki_minor_edit","",59,85,"Заглавная страница/Новости",2286,NA,950,0,42,"RuMaks","human",TRUE,FALSE
"W114","85","Заглавная страница/Новости","2022-11-01T09:06:18Z",2022,"wiki_minor_edit","",833,85,"Заглавная страница/Новости",5949,NA,1783,0,114,"Gohoski","human",TRUE,FALSE
"W114","85","Заглавная страница/Новости","2022-11-01T09:09:49Z",2022,"wiki_minor_edit","Защитил страницу [[Заглавная страница/Новости]]: Могут писать не нужный спам ([Редактирование=Allow Bots and Administrators] (бессрочно) [Переименование=Allow Bots and Administrators] (бессрочно))",0,85,"Заглавная страница/Новости",5950,NA,1783,0,114,"Gohoski","human",TRUE,FALSE
"W114","85","Заглавная страница/Новости","2022-11-01T10:32:14Z",2022,"wiki_minor_edit","",-309,85,"Заглавная страница/Новости",5969,NA,1474,0,114,"Gohoski","human",TRUE,FALSE
"W114","85","Заглавная страница/Новости","2022-11-03T16:40:18Z",2022,"wiki_minor_edit","Новая новость в связи с возможной блокировки Scratch",1117,85,"Заглавная страница/Новости",6048,NA,2591,0,114,"Gohoski","human",TRUE,FALSE
"W114","85","Заглавная страница/Новости","2022-11-08T17:09:08Z",2022,"wiki_minor_edit","Опоздал на день, упс.",367,85,"Заглавная страница/Новости",6220,NA,2958,0,114,"Gohoski","human",TRUE,FALSE
"W114","85","Заглавная страница/Новости","2022-11-14T18:51:48Z",2022,"wiki_minor_edit","",585,85,"Заглавная страница/Новости",6310,NA,3543,0,114,"Gohoski","human",TRUE,FALSE
"W114","85","Заглавная страница/Новости","2022-11-15T16:58:38Z",2022,"wiki_minor_edit","",341,85,"Заглавная страница/Новости",6320,NA,3884,0,114,"Gohoski","human",TRUE,FALSE
"W114","85","Заглавная страница/Новости","2022-11-26T14:00:37Z",2022,"wiki_minor_edit","Я забыб 💀",-242,85,"Заглавная страница/Новости",6416,NA,3642,0,114,"Gohoski","human",TRUE,FALSE
"W114","85","Заглавная страница/Новости","2022-11-29T17:12:00Z",2022,"wiki_minor_edit","Новый куратор",353,85,"Заглавная страница/Новости",6423,NA,3995,0,114,"Gohoski","human",TRUE,FALSE
"W114","85","Заглавная страница/Новости","2022-11-29T17:12:21Z",2022,"wiki_minor_edit","Случайно забыл удалить старую новость",-1078,85,"Заглавная страница/Новости",6424,NA,2917,0,114,"Gohoski","human",TRUE,FALSE
"W114","85","Заглавная страница/Новости","2022-12-06T18:08:36Z",2022,"wiki_minor_edit","Новая новость",-5,85,"Заглавная страница/Новости",6485,NA,2912,0,114,"Gohoski","human",TRUE,FALSE
"W114","85","Заглавная страница/Новости","2022-12-14T13:00:49Z",2022,"wiki_minor_edit","Новая новость",-235,85,"Заглавная страница/Новости",6530,NA,2677,0,114,"Gohoski","human",TRUE,FALSE
"W114","85","Заглавная страница/Новости","2022-12-24T08:42:25Z",2022,"wiki_minor_edit","Я забыб 💀",18,85,"Заглавная страница/Новости",6656,NA,2695,0,114,"Gohoski","human",TRUE,FALSE
"W114","85","Заглавная страница/Новости","2022-12-27T13:22:14Z",2022,"wiki_minor_edit","Новый куратор",-36,85,"Заглавная страница/Новости",6659,NA,2659,0,114,"Gohoski","human",TRUE,FALSE
"W114","85","Заглавная страница/Новости","2023-01-04T11:23:19Z",2023,"wiki_minor_edit","Новый куратор",16,85,"Заглавная страница/Новости",6744,NA,2675,0,114,"Gohoski","human",TRUE,FALSE
"W114","85","Заглавная страница/Новости","2023-01-10T15:27:24Z",2023,"wiki_minor_edit","",360,85,"Заглавная страница/Новости",6775,NA,3035,0,114,"Gohoski","human",TRUE,FALSE
"W114","85","Заглавная страница/Новости","2023-01-10T15:27:40Z",2023,"wiki_minor_edit","",-356,85,"Заглавная страница/Новости",6776,NA,2679,0,114,"Gohoski","human",TRUE,FALSE
"W114","85","Заглавная страница/Новости","2023-01-17T06:14:02Z",2023,"wiki_minor_edit","",380,85,"Заглавная страница/Новости",6822,NA,3059,0,114,"Gohoski","human",TRUE,FALSE
"W114","85","Заглавная страница/Новости","2023-01-17T06:14:40Z",2023,"wiki_minor_edit","",-350,85,"Заглавная страница/Новости",6823,NA,2709,0,114,"Gohoski","human",TRUE,FALSE
"W114","85","Заглавная страница/Новости","2023-01-17T17:06:39Z",2023,"wiki_minor_edit","",-10,85,"Заглавная страница/Новости",6830,NA,2699,0,114,"Gohoski","human",TRUE,FALSE
"W114","85","Заглавная страница/Новости","2023-01-23T05:09:31Z",2023,"wiki_minor_edit","Новый куратор",6,85,"Заглавная страница/Новости",6995,NA,2705,0,114,"Gohoski","human",TRUE,FALSE
"W114","85","Заглавная страница/Новости","2023-01-24T18:42:26Z",2023,"wiki_minor_edit","Исправлена дохлая ссылка",0,85,"Заглавная страница/Новости",7018,NA,2705,0,114,"Gohoski","human",TRUE,FALSE
"W114","85","Заглавная страница/Новости","2023-01-24T19:03:50Z",2023,"wiki_minor_edit","Среда вики",-91,85,"Заглавная страница/Новости",7021,NA,2614,0,114,"Gohoski","human",TRUE,FALSE
"W114","85","Заглавная страница/Новости","2023-01-31T17:00:34Z",2023,"wiki_minor_edit","",-8,85,"Заглавная страница/Новости",7149,NA,2606,0,114,"Gohoski","human",TRUE,FALSE
"W114","85","Заглавная страница/Новости","2023-02-04T17:10:34Z",2023,"wiki_minor_edit","",-112,85,"Заглавная страница/Новости",7234,NA,2494,0,114,"Gohoski","human",TRUE,FALSE
"W114","85","Заглавная страница/Новости","2023-02-05T12:14:05Z",2023,"wiki_minor_edit","Новость по поводу тех. работ",437,85,"Заглавная страница/Новости",7236,NA,2931,0,114,"Gohoski","human",TRUE,FALSE
"W114","85","Заглавная страница/Новости","2023-02-07T05:02:54Z",2023,"wiki_minor_edit","Ненавижу часовые пояса...",0,85,"Заглавная страница/Новости",7245,NA,2931,0,114,"Gohoski","human",TRUE,FALSE
"W114","85","Заглавная страница/Новости","2023-02-07T15:54:59Z",2023,"wiki_minor_edit","",3,85,"Заглавная страница/Новости",7252,NA,2934,0,114,"Gohoski","human",TRUE,FALSE
"W114","85","Заглавная страница/Новости","2023-02-12T08:42:15Z",2023,"wiki_minor_edit","",-96,85,"Заглавная страница/Новости",7469,NA,2838,0,114,"Gohoski","human",TRUE,FALSE
"W114","85","Заглавная страница/Новости","2023-02-15T18:51:40Z",2023,"wiki_minor_edit","куратор",9,85,"Заглавная страница/Новости",7501,NA,2847,0,114,"Gohoski","human",TRUE,FALSE
"W114","85","Заглавная страница/Новости","2023-02-15T18:51:56Z",2023,"wiki_minor_edit","",0,85,"Заглавная страница/Новости",7502,NA,2847,0,114,"Gohoski","human",TRUE,FALSE
"W114","85","Заглавная страница/Новости","2023-02-17T19:32:06Z",2023,"wiki_minor_edit","",202,85,"Заглавная страница/Новости",7532,NA,3049,0,114,"Gohoski","human",TRUE,FALSE
"W114","85","Заглавная страница/Новости","2023-02-23T11:43:40Z",2023,"wiki_minor_edit","куратор",-148,85,"Заглавная страница/Новости",7674,NA,2901,0,114,"Gohoski","human",TRUE,FALSE
"W114","85","Заглавная страница/Новости","2023-02-28T12:36:27Z",2023,"wiki_minor_edit","",-132,85,"Заглавная страница/Новости",7719,NA,2769,0,114,"Gohoski","human",TRUE,FALSE
"W114","85","Заглавная страница/Новости","2023-03-27T08:26:01Z",2023,"wiki_minor_edit","",23,85,"Заглавная страница/Новости",8050,NA,2792,0,114,"Gohoski","human",TRUE,FALSE
"W114","85","Заглавная страница/Новости","2023-03-29T18:35:20Z",2023,"wiki_minor_edit","вики среда",-106,85,"Заглавная страница/Новости",8069,NA,2686,0,114,"Gohoski","human",TRUE,FALSE
"W114","85","Заглавная страница/Новости","2023-03-30T10:36:36Z",2023,"wiki_minor_edit","",0,85,"Заглавная страница/Новости",8076,NA,2686,0,114,"Gohoski","human",TRUE,FALSE
"W114","85","Заглавная страница/Новости","2023-04-27T17:58:07Z",2023,"wiki_minor_edit","",-215,85,"Заглавная страница/Новости",8224,NA,2471,0,114,"Gohoski","human",TRUE,FALSE
"W114","85","Заглавная страница/Новости","2023-04-28T15:47:56Z",2023,"wiki_minor_edit","поменял дату на среду",0,85,"Заглавная страница/Новости",8228,NA,2471,0,114,"Gohoski","human",TRUE,FALSE
"W114","85","Заглавная страница/Новости","2023-05-09T11:31:30Z",2023,"wiki_minor_edit","Неделя Скретча",-4,85,"Заглавная страница/Новости",8287,NA,2467,0,114,"Gohoski","human",TRUE,FALSE
"W114","85","Заглавная страница/Новости","2023-05-09T18:13:56Z",2023,"wiki_minor_edit","",78,85,"Заглавная страница/Новости",8314,NA,2545,0,114,"Gohoski","human",TRUE,FALSE
"W114","85","Заглавная страница/Новости","2023-05-21T11:24:02Z",2023,"wiki_minor_edit","",795,85,"Заглавная страница/Новости",8371,NA,3340,0,114,"Gohoski","human",TRUE,FALSE
"W114","85","Заглавная страница/Новости","2023-06-11T15:28:24Z",2023,"wiki_minor_edit","Поздно конечно, но вот",-252,85,"Заглавная страница/Новости",8659,NA,3088,0,114,"Gohoski","human",TRUE,FALSE
"W114","85","Заглавная страница/Новости","2023-06-18T14:06:47Z",2023,"wiki_minor_edit","Выборы администраторов июня 2023 года",229,85,"Заглавная страница/Новости",8732,NA,3317,0,114,"Gohoski","human",TRUE,FALSE
"W114","85","Заглавная страница/Новости","2023-06-21T12:54:27Z",2023,"wiki_minor_edit","куратор и выдвижение кандидатов",-324,85,"Заглавная страница/Новости",8791,NA,2993,0,114,"Gohoski","human",TRUE,FALSE
"W114","85","Заглавная страница/Новости","2023-06-27T20:21:01Z",2023,"wiki_minor_edit","",67,85,"Заглавная страница/Новости",8832,NA,3060,0,114,"Gohoski","human",TRUE,FALSE
"W114","85","Заглавная страница/Новости","2023-06-27T20:22:29Z",2023,"wiki_minor_edit","",-258,85,"Заглавная страница/Новости",8833,NA,2802,0,114,"Gohoski","human",TRUE,FALSE
"W114","85","Заглавная страница/Новости","2023-07-01T10:47:40Z",2023,"wiki_minor_edit","голосование закончилось",209,85,"Заглавная страница/Новости",8897,NA,3011,0,114,"Gohoski","human",TRUE,FALSE
"W180","85","Заглавная страница/Новости","2023-07-06T16:29:38Z",2023,"wiki_minor_edit","",27,85,"Заглавная страница/Новости",8937,NA,3038,0,180,"Veniamin6","human",TRUE,FALSE
"W180","85","Заглавная страница/Новости","2023-07-06T16:30:25Z",2023,"wiki_minor_edit","",0,85,"Заглавная страница/Новости",8938,NA,3038,0,180,"Veniamin6","human",TRUE,FALSE
"W114","85","Заглавная страница/Новости","2023-07-20T18:44:04Z",2023,"wiki_minor_edit","Скретч-лагерь (опоздал с новостью ещё...)",-150,85,"Заглавная страница/Новости",9062,NA,2888,0,114,"Gohoski","human",TRUE,FALSE
"W114","85","Заглавная страница/Новости","2023-08-14T13:16:00Z",2023,"wiki_minor_edit","",275,85,"Заглавная страница/Новости",9123,NA,3163,0,114,"Gohoski","human",TRUE,FALSE
"W114","85","Заглавная страница/Новости","2023-08-31T13:44:41Z",2023,"wiki_minor_edit","вики среда",-134,85,"Заглавная страница/Новости",9317,NA,3029,0,114,"Gohoski","human",TRUE,FALSE
"W114","85","Заглавная страница/Новости","2023-09-24T22:15:24Z",2023,"wiki_minor_edit","",26,85,"Заглавная страница/Новости",9372,NA,3055,0,114,"Gohoski","human",TRUE,FALSE
"W114","85","Заглавная страница/Новости","2023-10-26T17:59:00Z",2023,"wiki_minor_edit","опоздавшие новости... опять 25",-360,85,"Заглавная страница/Новости",9932,NA,2695,0,114,"Gohoski","human",TRUE,FALSE
"W114","85","Заглавная страница/Новости","2024-06-27T12:35:15Z",2024,"wiki_minor_edit","вики-среда + куратор",38,85,"Заглавная страница/Новости",11967,NA,2733,0,114,"Gohoski","human",TRUE,FALSE
"W114","85","Заглавная страница/Новости","2024-06-27T12:35:47Z",2024,"wiki_minor_edit","вики-среда + куратор",0,85,"Заглавная страница/Новости",11968,NA,2733,0,114,"Gohoski","human",TRUE,FALSE
"W114","85","Заглавная страница/Новости","2024-06-27T12:36:20Z",2024,"wiki_minor_edit","что за глюки…",0,85,"Заглавная страница/Новости",11969,NA,2733,0,114,"Gohoski","human",TRUE,FALSE
"W114","85","Заглавная страница/Новости","2024-08-26T12:18:31Z",2024,"wiki_minor_edit","вики-среда",-238,85,"Заглавная страница/Новости",12040,NA,2495,0,114,"Gohoski","human",TRUE,FALSE
"W114","85","Заглавная страница/Новости","2024-08-28T18:00:24Z",2024,"wiki_minor_edit","",42,85,"Заглавная страница/Новости",12064,NA,2537,0,114,"Gohoski","human",TRUE,FALSE
"W114","85","Заглавная страница/Новости","2024-08-31T11:43:30Z",2024,"wiki_minor_edit","AGSB теперь админ",84,85,"Заглавная страница/Новости",12076,NA,2621,0,114,"Gohoski","human",TRUE,FALSE
"W114","85","Заглавная страница/Новости","2024-10-28T18:53:49Z",2024,"wiki_minor_edit","сбой Скретча",209,85,"Заглавная страница/Новости",12116,NA,2830,0,114,"Gohoski","human",TRUE,FALSE
"W2","92","Куратор","2015-03-26T17:09:11Z",2015,"wiki_minor_edit","Перенаправление на [[Куратор (значения)]]",69,92,"Куратор",237,NA,69,0,2,"Dimon4ezzz","human",TRUE,FALSE
"W2","93","Куратор (значения)","2015-03-26T17:10:19Z",2015,"wiki_minor_edit","Новая страница: «* [[Куратор главной страницы]] — куратор на главной странице, избираемый * [[Куратор студии…»",199,93,"Куратор (значения)",238,NA,199,0,2,"Dimon4ezzz","human",TRUE,FALSE
"W5","93","Куратор (значения)","2015-03-26T17:21:06Z",2015,"wiki_minor_edit","added english and german interwiki",31,93,"Куратор (значения)",242,NA,230,0,5,"LiFaytheGoblin","human",TRUE,FALSE
"W2","93","Куратор (значения)","2015-03-27T05:14:46Z",2015,"wiki_minor_edit","",178,93,"Куратор (значения)",266,NA,408,0,2,"Dimon4ezzz","human",TRUE,FALSE
"W2","93","Куратор (значения)","2015-03-27T07:15:28Z",2015,"wiki_minor_edit","",36,93,"Куратор (значения)",321,NA,444,0,2,"Dimon4ezzz","human",TRUE,FALSE
"W21","93","Куратор (значения)","2016-02-19T14:19:21Z",2016,"wiki_bot_edit","Бот: добавлено [[id:Kurator]]; изменено [[en:Curator]]",-2,93,"Куратор (значения)",856,NA,442,0,21,"InterwikiBot","bot",TRUE,FALSE
"W21","93","Куратор (значения)","2016-04-12T21:02:13Z",2016,"wiki_bot_edit","Бот: изменено с [[en:Curator]] на [[en:Curator (disambiguation)]]",17,93,"Куратор (значения)",892,NA,459,0,21,"InterwikiBot","bot",TRUE,FALSE
"W154","93","Куратор (значения)","2023-08-26T11:45:17Z",2023,"wiki_minor_edit",".",3,93,"Куратор (значения)",9151,NA,462,0,154,"Stysan","human",TRUE,FALSE
"W2","94","Куратор студии","2015-03-26T17:11:11Z",2015,"wiki_minor_edit","Перенаправление на [[Студия#Кураторы]]",65,94,"Куратор студии",239,NA,65,0,2,"Dimon4ezzz","human",TRUE,FALSE
"W2","100","Автономный редактор Скретч 2.0","2015-03-26T18:09:08Z",2015,"wiki_minor_edit","Новая страница: «'''Автономный редактор Скретч 2.0''' — версия [[Скретч 2.0]] в виде загружаемой на компьютер пр…»",4079,100,"Автономный редактор Скретч 2.0",248,NA,4079,0,2,"Dimon4ezzz","human",TRUE,FALSE
"W21","100","Автономный редактор Скретч 2.0","2016-02-18T22:34:57Z",2016,"wiki_bot_edit","Бот: добавлено [[ja:Scratch 2.0 オフラインエディター]]",51,100,"Автономный редактор Скретч 2.0",838,NA,4130,0,21,"InterwikiBot","bot",TRUE,FALSE
"W10","100","Автономный редактор Скретч 2.0","2017-01-22T12:40:33Z",2017,"wiki_bot_edit","clean up",-56,100,"Автономный редактор Скретч 2.0",1168,NA,4074,0,10,"D4zzzBOT","bot",TRUE,FALSE
"W42","100","Автономный редактор Скретч 2.0","2018-06-20T07:25:00Z",2018,"wiki_minor_edit","",55,100,"Автономный редактор Скретч 2.0",2277,NA,4129,0,42,"RuMaks","human",TRUE,FALSE
"W42","100","Автономный редактор Скретч 2.0","2018-07-11T07:12:56Z",2018,"wiki_minor_edit","",-9,100,"Автономный редактор Скретч 2.0",2800,NA,4120,0,42,"RuMaks","human",TRUE,FALSE
"W114","100","Автономный редактор Скретч 2.0","2023-03-12T10:45:55Z",2023,"wiki_minor_edit","это не руководство",-46,100,"Автономный редактор Скретч 2.0",7858,NA,4074,0,114,"Gohoski","human",TRUE,FALSE
"W2","107","Подтверждение электронной почты","2015-03-26T19:47:28Z",2015,"wiki_minor_edit","Новая страница: «[[Файл:Подтвержение электронной почты.png|мини|Страница успешного подтверждения электрон…»",2498,107,"Подтверждение электронной почты",258,NA,2498,0,2,"Dimon4ezzz","human",TRUE,FALSE
"W21","107","Подтверждение электронной почты","2016-01-02T01:09:53Z",2016,"wiki_bot_edit","Бот: добавлено [[de:Email Adressen Bestätigung]]",35,107,"Подтверждение электронной почты",801,NA,2533,0,21,"InterwikiBot","bot",TRUE,FALSE
"W21","107","Подтверждение электронной почты","2016-04-12T21:07:16Z",2016,"wiki_bot_edit","Бот: изменено с [[de:Email Adressen Bestätigung]] на [[de:Email-Adressen-Bestätigung]]",0,107,"Подтверждение электронной почты",893,NA,2533,0,21,"InterwikiBot","bot",TRUE,FALSE
"W10","107","Подтверждение электронной почты","2017-01-22T13:40:17Z",2017,"wiki_bot_edit","/* Примечания */Очистка категорий",-45,107,"Подтверждение электронной почты",1248,NA,2488,0,10,"D4zzzBOT","bot",TRUE,FALSE
"W36","107","Подтверждение электронной почты","2017-12-23T06:13:27Z",2017,"wiki_minor_edit","Исправлено, что помимо основного ящика, нужно искать в папке ""Спам"", если письмо отсутствует в основной папке.",29,107,"Подтверждение электронной почты",1449,NA,2517,0,36,"Mini Kostik","human",TRUE,FALSE
"W36","107","Подтверждение электронной почты","2017-12-24T08:34:55Z",2017,"wiki_minor_edit","Добавлены дополнительные пояснения.",24,107,"Подтверждение электронной почты",1464,NA,2541,0,36,"Mini Kostik","human",TRUE,FALSE
"W42","107","Подтверждение электронной почты","2018-05-09T11:19:46Z",2018,"wiki_minor_edit","",32,107,"Подтверждение электронной почты",1833,NA,2573,0,42,"RuMaks","human",TRUE,FALSE
"W42","107","Подтверждение электронной почты","2018-07-01T16:50:38Z",2018,"wiki_minor_edit","",45,107,"Подтверждение электронной почты",2487,NA,2618,0,42,"RuMaks","human",TRUE,FALSE
"W10","107","Подтверждение электронной почты","2018-07-08T11:27:18Z",2018,"wiki_bot_edit","новая категоризация",-46,107,"Подтверждение электронной почты",2686,NA,2572,0,10,"D4zzzBOT","bot",TRUE,FALSE
"W36","107","Подтверждение электронной почты","2019-08-29T10:09:14Z",2019,"wiki_minor_edit","Добавлено пояснение",5,107,"Подтверждение электронной почты",4576,NA,2577,0,36,"Mini Kostik","human",TRUE,FALSE
"W113","107","Подтверждение электронной почты","2020-06-04T13:58:09Z",2020,"wiki_minor_edit","",32,107,"Подтверждение электронной почты",5398,NA,2609,0,113,"M-A-Z-2005","human",TRUE,FALSE
"W113","107","Подтверждение электронной почты","2020-06-30T05:13:41Z",2020,"wiki_minor_edit","",4,107,"Подтверждение электронной почты",5483,NA,2613,0,113,"M-A-Z-2005","human",TRUE,FALSE
"W2","109","Публикация","2015-03-26T20:04:44Z",2015,"wiki_minor_edit","Новая страница: «Одна из основ [[Скретч]] — возможность деления [[проект]]ами. И это руководство поможет теб…»",2764,109,"Публикация",263,NA,2764,0,2,"Dimon4ezzz","human",TRUE,FALSE
"W10","109","Публикация","2017-01-22T13:40:19Z",2017,"wiki_bot_edit","/* Смотри также */Очистка категорий",-45,109,"Публикация",1249,NA,2719,0,10,"D4zzzBOT","bot",TRUE,FALSE
"W10","109","Публикация","2017-01-22T13:43:22Z",2017,"wiki_bot_edit","/* Смотри также */Очистка категорий",-55,109,"Публикация",1282,NA,2664,0,10,"D4zzzBOT","bot",TRUE,FALSE
"W2","109","Публикация","2017-01-24T10:19:51Z",2017,"wiki_minor_edit","Удаление категорий",-58,109,"Публикация",1328,NA,2606,0,2,"Dimon4ezzz","human",TRUE,FALSE
"W21","109","Публикация","2017-07-02T17:17:06Z",2017,"wiki_bot_edit","Adding interwikis.",58,109,"Публикация",1423,NA,2664,0,21,"InterwikiBot","bot",TRUE,FALSE
"W42","109","Публикация","2018-05-09T11:32:47Z",2018,"wiki_minor_edit","",35,109,"Публикация",1842,NA,2699,0,42,"RuMaks","human",TRUE,FALSE
"W42","109","Публикация","2018-07-01T16:50:03Z",2018,"wiki_minor_edit","",46,109,"Публикация",2486,NA,2745,0,42,"RuMaks","human",TRUE,FALSE
"W10","109","Публикация","2018-07-08T11:28:07Z",2018,"wiki_bot_edit","новая категоризация",-13,109,"Публикация",2691,NA,2732,0,10,"D4zzzBOT","bot",TRUE,FALSE
"W87","109","Публикация","2018-07-21T06:57:37Z",2018,"wiki_minor_edit","/* Редактирование */",0,109,"Публикация",3134,NA,2732,0,87,"Simon142","human",TRUE,FALSE
"W189","109","Публикация","2023-10-08T18:27:34Z",2023,"wiki_minor_edit","/* Публикация из онлайн редактора */ изменение",-4,109,"Публикация",9415,NA,2728,0,189,"Scratch craft 2","human",TRUE,FALSE
"W2","110","Графический редактор Скретч","2015-03-27T05:28:23Z",2015,"wiki_minor_edit","Перенаправление на [[Графический редактор Скретч (значения]]",106,110,"Графический редактор Скретч",274,NA,106,0,2,"Dimon4ezzz","human",TRUE,FALSE
"W2","110","Графический редактор Скретч","2015-03-27T05:28:41Z",2015,"wiki_minor_edit","Перенаправление на [[Графический редактор Скретч (значения)]]",1,110,"Графический редактор Скретч",275,NA,107,0,2,"Dimon4ezzz","human",TRUE,FALSE
"W2","111","Графический редактор (значения)","2015-03-27T05:30:24Z",2015,"wiki_minor_edit","Новая страница: «* [[Графический редактор Скретч (для 2.0)]] — графический редактор в [[Скретч 2.0]] * [[Графическ…»",343,111,"Графический редактор (значения)",276,NA,343,0,2,"Dimon4ezzz","human",TRUE,FALSE
"W2","111","Графический редактор (значения)","2015-03-27T07:08:05Z",2015,"wiki_minor_edit","",-28,111,"Графический редактор (значения)",316,NA,315,0,2,"Dimon4ezzz","human",TRUE,FALSE
"W42","111","Графический редактор (значения)","2018-06-05T20:55:22Z",2018,"wiki_minor_edit","",84,111,"Графический редактор (значения)",1884,NA,399,0,42,"RuMaks","human",TRUE,FALSE
"W42","111","Графический редактор (значения)","2018-06-19T19:34:56Z",2018,"wiki_minor_edit","",108,111,"Графический редактор (значения)",2264,NA,507,0,42,"RuMaks","human",TRUE,FALSE
"W42","111","Графический редактор (значения)","2018-07-11T07:13:29Z",2018,"wiki_minor_edit","",-9,111,"Графический редактор (значения)",2802,NA,498,0,42,"RuMaks","human",TRUE,FALSE
"W2","111","Графический редактор (значения)","2018-07-11T09:34:39Z",2018,"wiki_minor_edit","",-129,111,"Графический редактор (значения)",2889,NA,369,0,2,"Dimon4ezzz","human",TRUE,FALSE
"W114","111","Графический редактор (значения)","2022-11-03T08:53:11Z",2022,"wiki_minor_edit","",143,111,"Графический редактор (значения)",6027,NA,512,0,114,"Gohoski","human",TRUE,FALSE
"W114","111","Графический редактор (значения)","2023-02-10T16:47:05Z",2023,"wiki_minor_edit","Gohoski переименовал страницу [[Графический редактор Скретч (значения)]] в [[Графический редактор (значения)]]",0,111,"Графический редактор (значения)",7428,NA,512,0,114,"Gohoski","human",TRUE,FALSE
"W114","111","Графический редактор (значения)","2023-02-10T16:48:12Z",2023,"wiki_minor_edit","",-26,111,"Графический редактор (значения)",7430,NA,486,0,114,"Gohoski","human",TRUE,FALSE
"W2","113","Комментарий","2015-03-27T05:37:06Z",2015,"wiki_minor_edit","Перенаправление на [[Комментарий (значения)]]",77,113,"Комментарий",281,NA,77,0,2,"Dimon4ezzz","human",TRUE,FALSE
"W2","114","Комментарий (значения)","2015-03-27T05:38:19Z",2015,"wiki_minor_edit","Новая страница: «* [[Комментарий (сайт)]] — функция на сайте, доступная [[скретчер]]ам * [[Комментарий (скрипт)]…»",283,114,"Комментарий (значения)",282,NA,283,0,2,"Dimon4ezzz","human",TRUE,FALSE
"W2","114","Комментарий (значения)","2015-03-27T07:09:24Z",2015,"wiki_minor_edit","",36,114,"Комментарий (значения)",318,NA,319,0,2,"Dimon4ezzz","human",TRUE,FALSE
"W154","114","Комментарий (значения)","2022-12-15T13:01:37Z",2022,"wiki_minor_edit","точки в конце",2,114,"Комментарий (значения)",6553,NA,321,0,154,"Stysan","human",TRUE,FALSE
"W2","119","Форум (значения)","2015-03-27T06:29:33Z",2015,"wiki_minor_edit","Новая страница: «* [[Форум (для 2.0)]] — форум, представленный вместе с новой версией [[Скретч 2.0]] * [[Форум (для 1…»",195,119,"Форум (значения)",302,NA,195,0,2,"Dimon4ezzz","human",TRUE,FALSE
"W2","119","Форум (значения)","2015-03-27T07:11:10Z",2015,"wiki_minor_edit","",36,119,"Форум (значения)",320,NA,231,0,2,"Dimon4ezzz","human",TRUE,FALSE
"W42","119","Форум (значения)","2018-06-19T19:32:41Z",2018,"wiki_minor_edit","",81,119,"Форум (значения)",2260,NA,312,0,42,"RuMaks","human",TRUE,FALSE
"W10","119","Форум (значения)","2018-07-08T11:28:43Z",2018,"wiki_bot_edit","новая категоризация",-46,119,"Форум (значения)",2694,NA,266,0,10,"D4zzzBOT","bot",TRUE,FALSE
"W114","119","Форум (значения)","2024-02-04T15:21:52Z",2024,"wiki_minor_edit","авто: новая категоризация",2,119,"Форум (значения)",11267,NA,268,0,114,"Gohoski","human",TRUE,FALSE
"W2","120","Сообщение","2015-03-27T06:44:40Z",2015,"wiki_minor_edit","Dimon4ezzz переименовал страницу [[Сообщение]] в [[Уведомления]]",58,120,"Сообщение",308,NA,58,0,2,"Dimon4ezzz","human",TRUE,FALSE
"W2","129","Как изменить стандартный спрайт","2015-03-27T10:17:13Z",2015,"wiki_minor_edit","Новая страница: «{{Информация|Эта информация несёт сугубо исторический характер, так как не подходит для …»",2181,129,"Как изменить стандартный спрайт",339,NA,2181,0,2,"Dimon4ezzz","human",TRUE,FALSE
"W2","129","Как изменить стандартный спрайт","2015-03-27T10:24:35Z",2015,"wiki_minor_edit","/* Сохранение спрайта */",17,129,"Как изменить стандартный спрайт",345,NA,2198,0,2,"Dimon4ezzz","human",TRUE,FALSE
"W10","129","Как изменить стандартный спрайт","2017-01-22T12:43:13Z",2017,"wiki_bot_edit","clean up",-58,129,"Как изменить стандартный спрайт",1177,NA,2140,0,10,"D4zzzBOT","bot",TRUE,FALSE
"W42","129","Как изменить стандартный спрайт","2018-06-19T13:26:03Z",2018,"wiki_minor_edit","",-193,129,"Как изменить стандартный спрайт",2187,NA,1947,0,42,"RuMaks","human",TRUE,FALSE
"W42","129","Как изменить стандартный спрайт","2018-06-19T13:26:38Z",2018,"wiki_minor_edit","Откат правок [[Special:Contributions/RuMaks|RuMaks]] ([[User talk:RuMaks|обсуждение]]) к версии [[User:D4zzzBOT|D4zzzBOT]]",193,129,"Как изменить стандартный спрайт",2189,NA,2140,0,42,"RuMaks","human",TRUE,FALSE
"W21","129","Как изменить стандартный спрайт","2018-12-09T20:02:03Z",2018,"wiki_bot_edit","Adding interwikis.",58,129,"Как изменить стандартный спрайт",3872,NA,2198,0,21,"InterwikiBot","bot",TRUE,FALSE
"W36","129","Как изменить стандартный спрайт","2020-04-23T16:03:18Z",2020,"wiki_minor_edit","Исправление ошибок",31,129,"Как изменить стандартный спрайт",5274,NA,2229,0,36,"Mini Kostik","human",TRUE,FALSE
"W114","129","Как изменить стандартный спрайт","2022-11-07T16:10:44Z",2022,"wiki_minor_edit","",-193,129,"Как изменить стандартный спрайт",6207,NA,2036,0,114,"Gohoski","human",TRUE,FALSE
"W114","129","Как изменить стандартный спрайт","2023-05-26T18:20:08Z",2023,"wiki_minor_edit","",456,129,"Как изменить стандартный спрайт",8507,NA,2492,0,114,"Gohoski","human",TRUE,FALSE
"W114","129","Как изменить стандартный спрайт","2024-02-04T15:16:15Z",2024,"wiki_minor_edit","авто: новая категоризация",0,129,"Как изменить стандартный спрайт",11172,NA,2492,0,114,"Gohoski","human",TRUE,FALSE
"W2","136","Команда Скретча","2015-03-27T10:58:19Z",2015,"wiki_minor_edit","Новая страница: «[[Файл:Член Команды Скретч на форуме.png|мини|Пример одного члена Команды Скретч на форуме.…»",4352,136,"Команда Скретча",352,NA,4352,0,2,"Dimon4ezzz","human",TRUE,FALSE
"W17","136","Команда Скретча","2016-02-19T00:32:42Z",2016,"wiki_minor_edit","Added ja:Scratchチーム.",24,136,"Команда Скретча",850,NA,4376,0,17,"ErnieParke","human",TRUE,FALSE
"W2","136","Команда Скретча","2017-01-24T10:10:37Z",2017,"wiki_minor_edit","/* Примечания */",-91,136,"Команда Скретча",1314,NA,4285,0,2,"Dimon4ezzz","human",TRUE,FALSE
"W21","136","Команда Скретча","2017-07-02T17:24:36Z",2017,"wiki_bot_edit","Adding interwikis.",49,136,"Команда Скретча",1427,NA,4334,0,21,"InterwikiBot","bot",TRUE,FALSE
"W60","136","Команда Скретча","2018-05-15T09:43:11Z",2018,"wiki_minor_edit","/* Члены */",150,136,"Команда Скретча",1854,NA,4484,0,60,"Roder3480","human",TRUE,FALSE
"W60","136","Команда Скретча","2018-05-15T09:47:04Z",2018,"wiki_minor_edit","/* Члены */",26,136,"Команда Скретча",1855,NA,4510,0,60,"Roder3480","human",TRUE,FALSE
"W47","136","Команда Скретча","2018-06-14T09:40:44Z",2018,"wiki_minor_edit","/* Смотри также */",-188,136,"Команда Скретча",1899,NA,4322,0,47,"Asqwde","human",TRUE,FALSE
"W42","136","Команда Скретча","2018-06-19T16:24:41Z",2018,"wiki_minor_edit","",45,136,"Команда Скретча",2223,NA,4367,0,42,"RuMaks","human",TRUE,FALSE
"W10","136","Команда Скретча","2018-07-08T11:25:53Z",2018,"wiki_bot_edit","новая категоризация",-44,136,"Команда Скретча",2681,NA,4323,0,10,"D4zzzBOT","bot",TRUE,FALSE
"W2","136","Команда Скретча","2018-07-29T14:34:52Z",2018,"wiki_minor_edit","Добавил больше ссылок",861,136,"Команда Скретча",3262,NA,5184,0,2,"Dimon4ezzz","human",TRUE,FALSE
"W2","136","Команда Скретча","2018-07-29T14:36:31Z",2018,"wiki_minor_edit","+категория",37,136,"Команда Скретча",3264,NA,5221,0,2,"Dimon4ezzz","human",TRUE,FALSE
"W5","136","Команда Скретча","2020-04-15T07:42:42Z",2020,"wiki_minor_edit","/* Члены */ removed christan's name upon request",-6,136,"Команда Скретча",5246,NA,5215,0,5,"LiFaytheGoblin","human",TRUE,FALSE
"W180","136","Команда Скретча","2022-12-29T07:08:39Z",2022,"wiki_minor_edit","добавление новых членов команды скретча",77,136,"Команда Скретча",6684,NA,5292,0,180,"Veniamin6","human",TRUE,FALSE
"W180","136","Команда Скретча","2022-12-29T07:13:24Z",2022,"wiki_minor_edit","доп. изменения",-1,136,"Команда Скретча",6685,NA,5291,0,180,"Veniamin6","human",TRUE,FALSE
"W180","136","Команда Скретча","2022-12-29T16:36:31Z",2022,"wiki_minor_edit","добавлен новый член ST и дополнительная информация",732,136,"Команда Скретча",6689,NA,6023,0,180,"Veniamin6","human",TRUE,FALSE
"W180","136","Команда Скретча","2022-12-29T16:37:17Z",2022,"wiki_minor_edit","корректировка",3,136,"Команда Скретча",6690,NA,6026,0,180,"Veniamin6","human",TRUE,FALSE
"W114","136","Команда Скретча","2022-12-31T11:11:42Z",2022,"wiki_minor_edit","/* Члены Команды Скретча */ Обновил список",5056,136,"Команда Скретча",6705,NA,11082,0,114,"Gohoski","human",TRUE,FALSE
"W114","136","Команда Скретча","2023-01-22T14:48:59Z",2023,"wiki_minor_edit","/* Кому можно задать вопрос о Скретче, и этот человек ответит? */",-712,136,"Команда Скретча",6990,NA,10370,0,114,"Gohoski","human",TRUE,FALSE
"W114","136","Команда Скретча","2023-04-10T19:04:59Z",2023,"wiki_minor_edit","Gohoski переименовал страницу [[Команда Скретч]] в [[Команда Скретча]]: слово склоняется",0,136,"Команда Скретча",8128,NA,10370,0,114,"Gohoski","human",TRUE,FALSE
"W217","136","Команда Скретча","2023-11-19T14:14:16Z",2023,"wiki_minor_edit","Исправление ошибок",-86,136,"Команда Скретча",10503,NA,10284,0,217,"AGScratcherBest","human",TRUE,FALSE
"W114","136","Команда Скретча","2024-01-28T09:36:35Z",2024,"wiki_minor_edit","статья написана снова с нуля",10479,136,"Команда Скретча",11064,NA,20763,0,114,"Gohoski","human",TRUE,FALSE
"W114","136","Команда Скретча","2024-03-24T18:08:46Z",2024,"wiki_minor_edit","",51,136,"Команда Скретча",11659,NA,20814,0,114,"Gohoski","human",TRUE,FALSE
"W2","150","На чём написан Скретч?","2015-03-29T11:35:53Z",2015,"wiki_minor_edit","Новая страница: «<includeonly>'''[[Скретч]]''' создан при помощи Adobe Flash Player версии 10.2 и выше, нужной для плеера.</includeo…»",234,150,"На чём написан Скретч?",385,NA,234,0,2,"Dimon4ezzz","human",TRUE,FALSE
"W2","150","На чём написан Скретч?","2015-03-29T11:36:32Z",2015,"wiki_minor_edit","",-1,150,"На чём написан Скретч?",386,NA,233,0,2,"Dimon4ezzz","human",TRUE,FALSE
"W21","150","На чём написан Скретч?","2015-10-21T21:28:36Z",2015,"wiki_bot_edit","Бот: изменено с [[en:What is Scratch mad with?]] на [[en:What is Scratch made with?]]",2,150,"На чём написан Скретч?",670,NA,235,0,21,"InterwikiBot","bot",TRUE,FALSE
"W19","150","На чём написан Скретч?","2015-10-28T11:24:44Z",2015,"wiki_minor_edit","+",237,150,"На чём написан Скретч?",757,NA,472,0,19,"Tankist-777","human",TRUE,FALSE
"W19","150","На чём написан Скретч?","2015-10-28T11:52:01Z",2015,"wiki_minor_edit","",19,150,"На чём написан Скретч?",766,NA,491,0,19,"Tankist-777","human",TRUE,FALSE
"W2","150","На чём написан Скретч?","2015-10-29T19:29:47Z",2015,"wiki_minor_edit","Отмена правки 766, сделанной участником [[Special:Contributions/Tankist-777|Tankist-777]] ([[User talk:Tankist-777|обс.]])",-19,150,"На чём написан Скретч?",784,NA,472,0,2,"Dimon4ezzz","human",TRUE,FALSE
"W2","150","На чём написан Скретч?","2015-10-29T19:31:01Z",2015,"wiki_minor_edit","",14,150,"На чём написан Скретч?",785,NA,486,0,2,"Dimon4ezzz","human",TRUE,FALSE
"W10","150","На чём написан Скретч?","2017-01-22T12:42:59Z",2017,"wiki_bot_edit","clean up",-40,150,"На чём написан Скретч?",1176,NA,446,0,10,"D4zzzBOT","bot",TRUE,FALSE
"W154","150","На чём написан Скретч?","2022-12-14T16:23:35Z",2022,"wiki_minor_edit","Переделал страницу целиком.",284,150,"На чём написан Скретч?",6534,NA,730,0,154,"Stysan","human",TRUE,FALSE
"W154","150","На чём написан Скретч?","2022-12-14T16:23:52Z",2022,"wiki_minor_edit","",0,150,"На чём написан Скретч?",6535,NA,730,0,154,"Stysan","human",TRUE,FALSE
"W154","150","На чём написан Скретч?","2022-12-14T16:24:40Z",2022,"wiki_minor_edit","Stysan переименовал страницу [[Из чего сделан Скретч?]] в [[На чём написан Скретч?]]: соответствие английской интервики",0,150,"На чём написан Скретч?",6536,NA,730,0,154,"Stysan","human",TRUE,FALSE
"W120","150","На чём написан Скретч?","2023-03-27T11:17:00Z",2023,"wiki_minor_edit","Категория:ЧаВо (На Англ. Вики так)",32,150,"На чём написан Скретч?",8057,NA,762,0,120,"Idey programm","human",TRUE,FALSE
"W114","150","На чём написан Скретч?","2023-03-28T08:35:16Z",2023,"wiki_minor_edit","",155,150,"На чём написан Скретч?",8059,NA,917,0,114,"Gohoski","human",TRUE,FALSE
"W2","152","Как упорядочить скрипты?","2015-03-29T12:01:59Z",2015,"wiki_minor_edit","Новая страница: «[[Файл:Функция упорядочивания.png|мини|Функция упорядочивания скриптов]] После создания [[…»",474,152,"Как упорядочить скрипты?",388,NA,474,0,2,"Dimon4ezzz","human",TRUE,FALSE
"W21","152","Как упорядочить скрипты?","2015-10-21T20:49:05Z",2015,"wiki_bot_edit","Бот: изменено с [[en:How to Organize Your Scripts]] на [[en:How do I organize my project's scripts?]]",13,152,"Как упорядочить скрипты?",666,NA,487,0,21,"InterwikiBot","bot",TRUE,FALSE
"W10","152","Как упорядочить скрипты?","2017-01-22T12:43:53Z",2017,"wiki_bot_edit","clean up",-39,152,"Как упорядочить скрипты?",1181,NA,448,0,10,"D4zzzBOT","bot",TRUE,FALSE
"W113","152","Как упорядочить скрипты?","2020-06-30T04:01:00Z",2020,"wiki_minor_edit","",2,152,"Как упорядочить скрипты?",5457,NA,450,0,113,"M-A-Z-2005","human",TRUE,FALSE
"W2","153","Кто создал Скретч?","2015-03-29T12:05:21Z",2015,"wiki_minor_edit","Новая страница: «Скретч создал [[Михаил Резник]] для детей по всему миру. Вместе с ним работает [[Команда Ск…»",289,153,"Кто создал Скретч?",389,NA,289,0,2,"Dimon4ezzz","human",TRUE,FALSE
"W10","153","Кто создал Скретч?","2017-01-22T12:45:21Z",2017,"wiki_bot_edit","clean up",-32,153,"Кто создал Скретч?",1184,NA,257,0,10,"D4zzzBOT","bot",TRUE,FALSE
"W21","153","Кто создал Скретч?","2018-12-12T19:50:37Z",2018,"wiki_bot_edit","Adding interwikis.",39,153,"Кто создал Скретч?",3922,NA,296,0,21,"InterwikiBot","bot",TRUE,FALSE
"W114","153","Кто создал Скретч?","2023-01-15T10:43:59Z",2023,"wiki_minor_edit","",316,153,"Кто создал Скретч?",6808,NA,612,0,114,"Gohoski","human",TRUE,FALSE
"W114","153","Кто создал Скретч?","2023-01-16T06:06:21Z",2023,"wiki_minor_edit","",2,153,"Кто создал Скретч?",6816,NA,614,0,114,"Gohoski","human",TRUE,FALSE
"W2","154","Как повысить человека в звании в студии?","2015-03-29T12:10:05Z",2015,"wiki_minor_edit","Новая страница: «Если ты [[Студия#Менеджеры|менеджер]] в студии, ты можешь повысить в звании любого [[Курато…»",409,154,"Как повысить человека в звании в студии?",390,NA,409,0,2,"Dimon4ezzz","human",TRUE,FALSE
"W10","154","Как повысить человека в звании в студии?","2017-01-22T12:43:19Z",2017,"wiki_bot_edit","clean up",-32,154,"Как повысить человека в звании в студии?",1178,NA,377,0,10,"D4zzzBOT","bot",TRUE,FALSE
"W154","154","Как повысить человека в звании в студии?","2023-08-26T11:54:12Z",2023,"wiki_minor_edit","ссылки",47,154,"Как повысить человека в звании в студии?",9152,NA,424,0,154,"Stysan","human",TRUE,FALSE
"W154","154","Как повысить человека в звании в студии?","2023-08-26T12:01:13Z",2023,"wiki_minor_edit","",-13,154,"Как повысить человека в звании в студии?",9153,NA,411,0,154,"Stysan","human",TRUE,FALSE
"W154","154","Как повысить человека в звании в студии?","2023-08-26T12:06:56Z",2023,"wiki_minor_edit","ссылка",-36,154,"Как повысить человека в звании в студии?",9154,NA,375,0,154,"Stysan","human",TRUE,FALSE
"W2","155","Что я должен делать, если кто-то нарушает правила?","2015-03-29T12:13:24Z",2015,"wiki_minor_edit","Новая страница: «Если ты видишь [[скретчер]]а или группу скретчеров, нарушающих [[правила сообщества]], [[Жал…»",399,155,"Что я должен делать, если кто-то нарушает правила?",392,NA,399,0,2,"Dimon4ezzz","human",TRUE,FALSE
"W2","155","Что я должен делать, если кто-то нарушает правила?","2017-01-24T10:18:52Z",2017,"wiki_minor_edit","Удаление категорий",-32,155,"Что я должен делать, если кто-то нарушает правила?",1326,NA,367,0,2,"Dimon4ezzz","human",TRUE,FALSE
"W2","155","Что я должен делать, если кто-то нарушает правила?","2018-06-27T01:59:37Z",2018,"wiki_minor_edit","викификация",-11,155,"Что я должен делать, если кто-то нарушает правила?",2455,NA,356,0,2,"Dimon4ezzz","human",TRUE,FALSE
"W154","155","Что я должен делать, если кто-то нарушает правила?","2022-12-15T13:07:52Z",2022,"wiki_minor_edit","обновление названия кнопки - она изменилась + про жалобу на комментарии",324,155,"Что я должен делать, если кто-то нарушает правила?",6554,NA,680,0,154,"Stysan","human",TRUE,FALSE
"W154","155","Что я должен делать, если кто-то нарушает правила?","2022-12-15T13:08:31Z",2022,"wiki_minor_edit","+ссылка",38,155,"Что я должен делать, если кто-то нарушает правила?",6555,NA,718,0,154,"Stysan","human",TRUE,FALSE
"W114","155","Что я должен делать, если кто-то нарушает правила?","2023-01-17T07:13:59Z",2023,"wiki_minor_edit","[[:Шаблон:ЧЗВ]]",11,155,"Что я должен делать, если кто-то нарушает правила?",6824,NA,729,0,114,"Gohoski","human",TRUE,FALSE
"W217","155","Что я должен делать, если кто-то нарушает правила?","2023-12-06T19:44:48Z",2023,"wiki_minor_edit","Обновление интервиков",9,155,"Что я должен делать, если кто-то нарушает правила?",10690,NA,738,0,217,"AGScratcherBest","human",TRUE,FALSE
"W2","156","Как создать студию?","2015-03-29T12:17:58Z",2015,"wiki_minor_edit","Новая страница: «Для создания новой [[Студии|студии]], перейди на [[Мои работы|страницу своих работ]], и нажм…»",570,156,"Как создать студию?",393,NA,570,0,2,"Dimon4ezzz","human",TRUE,FALSE
"W2","156","Как создать студию?","2015-03-29T12:22:56Z",2015,"wiki_minor_edit","",0,156,"Как создать студию?",396,NA,570,0,2,"Dimon4ezzz","human",TRUE,FALSE
"W10","156","Как создать студию?","2017-01-22T12:43:43Z",2017,"wiki_bot_edit","clean up",-32,156,"Как создать студию?",1180,NA,538,0,10,"D4zzzBOT","bot",TRUE,FALSE
"W113","156","Как создать студию?","2020-06-04T13:58:34Z",2020,"wiki_minor_edit","",32,156,"Как создать студию?",5399,NA,570,0,113,"M-A-Z-2005","human",TRUE,FALSE
"W114","156","Как создать студию?","2023-01-17T13:20:21Z",2023,"wiki_minor_edit","",10,156,"Как создать студию?",6825,NA,580,0,114,"Gohoski","human",TRUE,FALSE
"W2","169","1 апреля 2015","2015-04-05T09:57:59Z",2015,"wiki_minor_edit","Перенаправление на [[1 апреля в Скретч#2015 год]]",78,169,"1 апреля 2015",433,NA,78,0,2,"Dimon4ezzz","human",TRUE,FALSE
"W154","169","1 апреля 2015","2023-08-30T16:42:38Z",2023,"wiki_minor_edit","Перенаправление изменено с [[1 апреля в Скретч#2015 год]] на [[День смеха]]",-23,169,"1 апреля 2015",9301,NA,55,0,154,"Stysan","human",TRUE,FALSE
"W2","170","День смеха","2015-04-05T10:10:11Z",2015,"wiki_minor_edit","Новая страница: «{{Незавершённая статья}}  '''1 апреля''' — ежегодный праздный, вошедший в [[Культура Скретч|к…»",814,170,"День смеха",434,NA,814,0,2,"Dimon4ezzz","human",TRUE,FALSE
"W2","170","День смеха","2015-04-05T10:12:13Z",2015,"wiki_minor_edit","",145,170,"День смеха",435,NA,959,0,2,"Dimon4ezzz","human",TRUE,FALSE
"W10","170","День смеха","2017-01-22T12:40:10Z",2017,"wiki_bot_edit","clean up",-54,170,"День смеха",1167,NA,905,0,10,"D4zzzBOT","bot",TRUE,FALSE
"W36","170","День смеха","2017-12-24T10:47:27Z",2017,"wiki_minor_edit","Испарвлена ошибка.",0,170,"День смеха",1466,NA,905,0,36,"Mini Kostik","human",TRUE,FALSE
"W21","170","День смеха","2018-12-09T19:30:24Z",2018,"wiki_bot_edit","Adding interwikis.",31,170,"День смеха",3856,NA,936,0,21,"InterwikiBot","bot",TRUE,FALSE
"W132","170","День смеха","2021-05-14T22:49:16Z",2021,"wiki_minor_edit","",66,170,"День смеха",5753,NA,1002,0,132,"Alleksandra-I","human",TRUE,FALSE
"W120","170","День смеха","2022-04-01T13:14:00Z",2022,"wiki_minor_edit","",2483,170,"День смеха",5822,NA,3485,0,120,"Idey programm","human",TRUE,FALSE
"W114","170","День смеха","2023-01-03T16:13:39Z",2023,"wiki_minor_edit","Gohoski переименовал страницу [[1 апреля в Скретч]] в [[День смеха]]: На англ. вики так",0,170,"День смеха",6733,NA,3485,0,114,"Gohoski","human",TRUE,FALSE
"W120","170","День смеха","2023-02-21T11:59:46Z",2023,"wiki_minor_edit","Исправление неточностей",201,170,"День смеха",7612,NA,3686,0,120,"Idey programm","human",TRUE,FALSE
"W120","170","День смеха","2023-03-22T10:02:33Z",2023,"wiki_minor_edit","Оформление",37,170,"День смеха",7990,NA,3723,0,120,"Idey programm","human",TRUE,FALSE
"W154","170","День смеха","2023-06-16T17:02:43Z",2023,"wiki_minor_edit","-1 страница сирота (https://ru.scratch-wiki.info/wiki/April_Fools_Day_-_Suggest-Show-Question-Bugs-Help-Glitch-Tell-Etc_(%D1%84%D0%BE%D1%80%D1%83%D0%BC))",217,170,"День смеха",8685,NA,3940,0,154,"Stysan","human",TRUE,FALSE
"W195","170","День смеха","2023-10-22T17:15:03Z",2023,"wiki_minor_edit","/*Более подробное описание, изменение структуры, исправление грамматических ошибок*/",386,170,"День смеха",9833,NA,4326,0,195,"Mischarule","human",TRUE,FALSE
"W195","170","День смеха","2023-10-22T17:16:36Z",2023,"wiki_minor_edit","/* исправление грамматических ошибок */",0,170,"День смеха",9834,NA,4326,0,195,"Mischarule","human",TRUE,FALSE
"W2","171","Шифрование облачных данных","2015-04-13T10:54:43Z",2015,"wiki_minor_edit","Новая страница: «#перенаправление [[Шифровка и расшифровка облачны»",91,171,"Шифрование облачных данных",438,NA,91,0,2,"Dimon4ezzz","human",TRUE,FALSE
"W2","171","Шифрование облачных данных","2015-04-13T10:55:25Z",2015,"wiki_minor_edit","Перенаправление на [[Шифровка и расшифровка облачных данных]]",17,171,"Шифрование облачных данных",439,NA,108,0,2,"Dimon4ezzz","human",TRUE,FALSE
"W2","171","Шифрование облачных данных","2018-06-16T13:38:46Z",2018,"wiki_minor_edit","(П →  П) → (П)",-36,171,"Шифрование облачных данных",2028,NA,72,0,2,"Dimon4ezzz","human",TRUE,FALSE
"W2","174","Смайлы","2015-07-10T13:53:57Z",2015,"wiki_minor_edit","Перенаправление на [[Комментарий (сайт)#Смайлы]]",82,174,"Смайлы",443,NA,82,0,2,"Dimon4ezzz","human",TRUE,FALSE
"W16","178","Теги проекта","2015-07-29T18:55:04Z",2015,"wiki_minor_edit","Новая страница: «'''Теги проекта''' - ключевые слова, которые помогают классифицировать проекты, выложенные…»",2649,178,"Теги проекта",465,NA,2649,0,16,"Timkoiko","human",TRUE,FALSE
"W16","178","Теги проекта","2015-07-29T18:55:52Z",2015,"wiki_minor_edit","/* Ограничения */",-6,178,"Теги проекта",466,NA,2643,0,16,"Timkoiko","human",TRUE,FALSE
"W16","178","Теги проекта","2015-07-29T18:58:05Z",2015,"wiki_minor_edit","добавил про проблемы и ограничения",229,178,"Теги проекта",467,NA,2872,0,16,"Timkoiko","human",TRUE,FALSE
"W16","178","Теги проекта","2015-07-29T19:01:21Z",2015,"wiki_minor_edit","",43,178,"Теги проекта",469,NA,2915,0,16,"Timkoiko","human",TRUE,FALSE
"W16","178","Теги проекта","2015-07-29T19:01:49Z",2015,"wiki_minor_edit","",2,178,"Теги проекта",470,NA,2917,0,16,"Timkoiko","human",TRUE,FALSE
"W16","178","Теги проекта","2015-07-29T21:15:44Z",2015,"wiki_minor_edit","",20,178,"Теги проекта",481,NA,2937,0,16,"Timkoiko","human",TRUE,FALSE
"W2","178","Теги проекта","2015-07-30T13:01:15Z",2015,"wiki_minor_edit","",46,178,"Теги проекта",497,NA,2983,0,2,"Dimon4ezzz","human",TRUE,FALSE
"W36","178","Теги проекта","2018-01-04T09:49:06Z",2018,"wiki_minor_edit","Незначительные изменения статьи",97,178,"Теги проекта",1483,NA,3080,0,36,"Mini Kostik","human",TRUE,FALSE
"W42","178","Теги проекта","2018-01-08T17:59:15Z",2018,"wiki_minor_edit","",149,178,"Теги проекта",1510,NA,3229,0,42,"RuMaks","human",TRUE,FALSE
"W36","178","Теги проекта","2018-06-21T11:50:51Z",2018,"wiki_minor_edit","Добавлен шаблон.",52,178,"Теги проекта",2355,NA,3281,0,36,"Mini Kostik","human",TRUE,FALSE
"W42","178","Теги проекта","2018-07-01T16:48:55Z",2018,"wiki_minor_edit","",82,178,"Теги проекта",2485,NA,3363,0,42,"RuMaks","human",TRUE,FALSE
"W42","178","Теги проекта","2018-07-10T06:12:01Z",2018,"wiki_minor_edit","",-13,178,"Теги проекта",2739,NA,3350,0,42,"RuMaks","human",TRUE,FALSE
"W206","178","Теги проекта","2023-07-01T08:18:23Z",2023,"wiki_minor_edit","/* Поиск по тегам */",51,178,"Теги проекта",8873,NA,3401,0,206,"Redsquash","human",TRUE,FALSE
"W189","178","Теги проекта","2023-10-15T08:24:17Z",2023,"wiki_minor_edit","",1,178,"Теги проекта",9549,NA,3402,0,189,"Scratch craft 2","human",TRUE,FALSE
"W16","182","Подписчик","2015-07-29T20:05:13Z",2015,"wiki_minor_edit","Новая страница: «{{Незавершённая статья}} '''Подписчик''' - [Скретчер|Скретчер], который подписался на профай…»",714,182,"Подписчик",475,NA,714,0,16,"Timkoiko","human",TRUE,FALSE
"W16","182","Подписчик","2015-07-29T20:06:08Z",2015,"wiki_minor_edit","",-38,182,"Подписчик",476,NA,676,0,16,"Timkoiko","human",TRUE,FALSE
"W16","182","Подписчик","2015-07-29T21:13:38Z",2015,"wiki_minor_edit","",16,182,"Подписчик",480,NA,692,0,16,"Timkoiko","human",TRUE,FALSE
"W16","182","Подписчик","2015-08-04T21:31:01Z",2015,"wiki_minor_edit","Рыба. Статья требуется в доработке.",851,182,"Подписчик",529,NA,1543,0,16,"Timkoiko","human",TRUE,FALSE
"W16","182","Подписчик","2015-08-04T21:31:38Z",2015,"wiki_minor_edit","",0,182,"Подписчик",530,NA,1543,0,16,"Timkoiko","human",TRUE,FALSE
"W16","182","Подписчик","2015-08-05T12:54:53Z",2015,"wiki_minor_edit","",13,182,"Подписчик",531,NA,1556,0,16,"Timkoiko","human",TRUE,FALSE
"W2","182","Подписчик","2015-08-06T17:23:07Z",2015,"wiki_minor_edit","/* Как отменить подписку на Скретчера? */",7,182,"Подписчик",533,NA,1563,0,2,"Dimon4ezzz","human",TRUE,FALSE
"W2","182","Подписчик","2015-08-06T17:24:31Z",2015,"wiki_minor_edit","/* Как подписаться на Скретчера? */",-39,182,"Подписчик",534,NA,1524,0,2,"Dimon4ezzz","human",TRUE,FALSE
"W2","182","Подписчик","2015-08-06T17:26:23Z",2015,"wiki_minor_edit","",10,182,"Подписчик",535,NA,1534,0,2,"Dimon4ezzz","human",TRUE,FALSE
"W21","182","Подписчик","2017-07-02T17:10:14Z",2017,"wiki_bot_edit","Adding interwikis.",59,182,"Подписчик",1419,NA,1593,0,21,"InterwikiBot","bot",TRUE,FALSE
"W36","182","Подписчик","2017-12-24T11:18:01Z",2017,"wiki_minor_edit","Глобальные изменения.",1199,182,"Подписчик",1467,NA,2792,0,36,"Mini Kostik","human",TRUE,FALSE
"W45","182","Подписчик","2018-02-03T18:22:49Z",2018,"wiki_minor_edit","",102,182,"Подписчик",1697,NA,2894,0,45,"Marcus-Cactus","human",TRUE,FALSE
"W87","182","Подписчик","2018-07-24T11:10:43Z",2018,"wiki_minor_edit","",-44,182,"Подписчик",3207,NA,2850,0,87,"Simon142","human",TRUE,FALSE
"W81","182","Подписчик","2018-07-25T11:14:56Z",2018,"wiki_minor_edit","Замечание: ссылки на страницы из Вики делать надо ВНУТРЕННИЕ!!! Также добавил подсказку вначале некоторую информацию.",185,182,"Подписчик",3233,NA,3035,0,81,"Neon","human",TRUE,FALSE
"W2","182","Подписчик","2018-07-25T16:43:56Z",2018,"wiki_minor_edit","оформление",-5,182,"Подписчик",3236,NA,3030,0,2,"Dimon4ezzz","human",TRUE,FALSE
"W113","182","Подписчик","2020-06-04T13:57:47Z",2020,"wiki_minor_edit","",32,182,"Подписчик",5397,NA,3062,0,113,"M-A-Z-2005","human",TRUE,FALSE
"W189","182","Подписчик","2023-05-26T14:41:58Z",2023,"wiki_minor_edit","перевёл название кнопок на русский",85,182,"Подписчик",8500,NA,3147,0,189,"Scratch craft 2","human",TRUE,FALSE
"W114","182","Подписчик","2023-06-16T18:34:16Z",2023,"wiki_minor_edit","сброс с англ. вики",10648,182,"Подписчик",8693,NA,13795,0,114,"Gohoski","human",TRUE,FALSE
"W114","182","Подписчик","2023-07-03T09:36:30Z",2023,"wiki_minor_edit","/* Подписка на студии */ ненужная новая строка",-1,182,"Подписчик",8920,NA,13794,0,114,"Gohoski","human",TRUE,FALSE
"W114","182","Подписчик","2023-07-03T10:04:45Z",2023,"wiki_minor_edit","/* Подписка на пользователей с помощью JavaScript-консоли */ это всё же возможно, особенно подписка на самого себя",-138,182,"Подписчик",8921,NA,13656,0,114,"Gohoski","human",TRUE,FALSE
"W217","182","Подписчик","2023-10-28T20:40:36Z",2023,"wiki_minor_edit","[[Шаблон:Избранная статья]]",55,182,"Подписчик",10016,NA,13711,0,217,"AGScratcherBest","human",TRUE,FALSE
"W114","182","Подписчик","2023-11-01T17:59:37Z",2023,"wiki_minor_edit","Защитил страницу [[Подписчик]]: популярная страница: вики-среда ([Редактирование=Разрешено только автоподтверждённым участникам] (истекает 00:00, 29 ноября 2023 (UTC)) [Переименование=Разрешено только автоподтверждённым участникам] (истекает 00:00, 29 ноября 2023 (UTC)))",0,182,"Подписчик",10075,NA,13711,0,114,"Gohoski","human",TRUE,FALSE
"W189","182","Подписчик","2023-11-05T17:05:55Z",2023,"wiki_minor_edit","/* Подписка на темы */",141,182,"Подписчик",10196,NA,13852,0,189,"Scratch craft 2","human",TRUE,FALSE
"W189","182","Подписчик","2023-11-05T17:07:21Z",2023,"wiki_minor_edit","/* Подписка на темы */",59,182,"Подписчик",10197,NA,13911,0,189,"Scratch craft 2","human",TRUE,FALSE
"W217","182","Подписчик","2023-12-06T09:49:53Z",2023,"wiki_minor_edit","/* Подписка на темы */ Кто-то забыл добавить |мини",3,182,"Подписчик",10670,NA,13914,0,217,"AGScratcherBest","human",TRUE,FALSE
"W16","187","Профиль (для 1.4)","2015-07-29T22:16:43Z",2015,"wiki_minor_edit","Новая страница: «{{Незавершённая статья}} '''Страница профиля''' была пользовательской страницей Скретчера.…»",911,187,"Профиль (для 1.4)",487,NA,911,0,16,"Timkoiko","human",TRUE,FALSE
"W16","187","Профиль (для 1.4)","2015-07-29T22:33:31Z",2015,"wiki_minor_edit","",697,187,"Профиль (для 1.4)",490,NA,1608,0,16,"Timkoiko","human",TRUE,FALSE
"W16","187","Профиль (для 1.4)","2015-07-29T22:35:41Z",2015,"wiki_minor_edit","",90,187,"Профиль (для 1.4)",491,NA,1698,0,16,"Timkoiko","human",TRUE,FALSE
"W16","187","Профиль (для 1.4)","2015-07-29T23:08:44Z",2015,"wiki_minor_edit","/* Содержание страницы */",446,187,"Профиль (для 1.4)",495,NA,2144,0,16,"Timkoiko","human",TRUE,FALSE
"W16","187","Профиль (для 1.4)","2015-07-29T23:09:41Z",2015,"wiki_minor_edit","",1,187,"Профиль (для 1.4)",496,NA,2145,0,16,"Timkoiko","human",TRUE,FALSE
"W16","187","Профиль (для 1.4)","2015-07-30T13:01:24Z",2015,"wiki_minor_edit","Доработал страницу, но все равно есть некоторые проблемы, которые надо исправить.",1205,187,"Профиль (для 1.4)",498,NA,3350,0,16,"Timkoiko","human",TRUE,FALSE
"W16","187","Профиль (для 1.4)","2015-07-30T13:04:18Z",2015,"wiki_minor_edit","",26,187,"Профиль (для 1.4)",500,NA,3376,0,16,"Timkoiko","human",TRUE,FALSE
"W16","187","Профиль (для 1.4)","2015-07-30T13:07:10Z",2015,"wiki_minor_edit","/* Галереи */  добавил основную статью",39,187,"Профиль (для 1.4)",501,NA,3415,0,16,"Timkoiko","human",TRUE,FALSE
"W16","187","Профиль (для 1.4)","2015-07-30T13:07:46Z",2015,"wiki_minor_edit","/* Галереи */",3,187,"Профиль (для 1.4)",503,NA,3418,0,16,"Timkoiko","human",TRUE,FALSE
"W2","187","Профиль (для 1.4)","2015-07-30T13:08:14Z",2015,"wiki_minor_edit","/* Галереи */",-5,187,"Профиль (для 1.4)",504,NA,3413,0,2,"Dimon4ezzz","human",TRUE,FALSE
"W42","187","Профиль (для 1.4)","2018-06-19T13:19:27Z",2018,"wiki_minor_edit","",40,187,"Профиль (для 1.4)",2183,NA,3453,0,42,"RuMaks","human",TRUE,FALSE
"W42","187","Профиль (для 1.4)","2018-06-19T19:31:10Z",2018,"wiki_minor_edit","",45,187,"Профиль (для 1.4)",2258,NA,3498,0,42,"RuMaks","human",TRUE,FALSE
"W10","187","Профиль (для 1.4)","2018-07-08T11:27:46Z",2018,"wiki_bot_edit","новая категоризация",-44,187,"Профиль (для 1.4)",2688,NA,3454,0,10,"D4zzzBOT","bot",TRUE,FALSE
"W2","187","Профиль (для 1.4)","2018-07-08T12:28:22Z",2018,"wiki_minor_edit","/* Избранные */ категория",38,187,"Профиль (для 1.4)",2698,NA,3492,0,2,"Dimon4ezzz","human",TRUE,FALSE
"W42","187","Профиль (для 1.4)","2018-07-10T06:15:23Z",2018,"wiki_minor_edit","",32,187,"Профиль (для 1.4)",2742,NA,3524,0,42,"RuMaks","human",TRUE,FALSE
"W114","187","Профиль (для 1.4)","2023-01-25T19:10:08Z",2023,"wiki_minor_edit","Gohoski переименовал страницу [[Профиль (1.4)]] в [[Профиль (для 1.4)]]",0,187,"Профиль (для 1.4)",7041,NA,3524,0,114,"Gohoski","human",TRUE,FALSE
"W120","187","Профиль (для 1.4)","2023-06-23T12:58:20Z",2023,"wiki_minor_edit","Перевод некоторых разделов с Английской Вики",364,187,"Профиль (для 1.4)",8811,NA,3888,0,120,"Idey programm","human",TRUE,FALSE
"W120","187","Профиль (для 1.4)","2023-06-23T12:59:47Z",2023,"wiki_minor_edit","Исправление неточностей",37,187,"Профиль (для 1.4)",8812,NA,3925,0,120,"Idey programm","human",TRUE,FALSE
"W2","190","Профиль (значения)","2015-07-30T13:07:39Z",2015,"wiki_minor_edit","Новая страница: «{{Неоднозначность}} * [[Профиль (1.4)]] * [[Профиль (2.0)]]»",88,190,"Профиль (значения)",502,NA,88,0,2,"Dimon4ezzz","human",TRUE,FALSE
"W42","190","Профиль (значения)","2018-06-19T16:25:45Z",2018,"wiki_minor_edit","",45,190,"Профиль (значения)",2228,NA,133,0,42,"RuMaks","human",TRUE,FALSE
"W42","190","Профиль (значения)","2018-06-19T19:30:21Z",2018,"wiki_minor_edit","RuMaks переименовал страницу [[Профиль]] в [[Профиль (значения)]]: Неоднозначная страница",0,190,"Профиль (значения)",2256,NA,133,0,42,"RuMaks","human",TRUE,FALSE
"W10","190","Профиль (значения)","2018-07-08T11:28:01Z",2018,"wiki_bot_edit","новая категоризация",-45,190,"Профиль (значения)",2690,NA,88,0,10,"D4zzzBOT","bot",TRUE,FALSE
"W2","190","Профиль (значения)","2018-07-08T12:28:05Z",2018,"wiki_minor_edit","",39,190,"Профиль (значения)",2697,NA,127,0,2,"Dimon4ezzz","human",TRUE,FALSE
"W42","190","Профиль (значения)","2018-07-10T06:17:56Z",2018,"wiki_minor_edit","",32,190,"Профиль (значения)",2744,NA,159,0,42,"RuMaks","human",TRUE,FALSE
"W16","192","Профиль","2015-07-30T18:40:36Z",2015,"wiki_minor_edit","базовая рыба страницы",521,192,"Профиль",510,NA,521,0,16,"Timkoiko","human",TRUE,FALSE
"W16","192","Профиль","2015-07-30T18:57:16Z",2015,"wiki_minor_edit","рыба, я еще постараюсь доработать (когда будет время)",1598,192,"Профиль",511,NA,2119,0,16,"Timkoiko","human",TRUE,FALSE
"W16","192","Профиль","2015-07-30T19:11:19Z",2015,"wiki_minor_edit","дополнил статью немного",1236,192,"Профиль",512,NA,3355,0,16,"Timkoiko","human",TRUE,FALSE
"W16","192","Профиль","2015-07-30T19:25:26Z",2015,"wiki_minor_edit","",1573,192,"Профиль",513,NA,4928,0,16,"Timkoiko","human",TRUE,FALSE
"W16","192","Профиль","2015-07-30T19:25:52Z",2015,"wiki_minor_edit","/* Изменения к странице профиля */",7,192,"Профиль",514,NA,4935,0,16,"Timkoiko","human",TRUE,FALSE
"W16","192","Профиль","2015-07-30T19:26:47Z",2015,"wiki_minor_edit","пытаюсь вставить цитату",16,192,"Профиль",515,NA,4951,0,16,"Timkoiko","human",TRUE,FALSE
"W16","192","Профиль","2015-07-30T19:28:22Z",2015,"wiki_minor_edit","закончил статью",187,192,"Профиль",516,NA,5138,0,16,"Timkoiko","human",TRUE,FALSE
"W16","192","Профиль","2015-07-30T23:38:45Z",2015,"wiki_minor_edit","/* Содержание страницы */",554,192,"Профиль",518,NA,5692,0,16,"Timkoiko","human",TRUE,FALSE
"W16","192","Профиль","2015-07-30T23:43:40Z",2015,"wiki_minor_edit","Улучшенный перевод цитаты",9,192,"Профиль",519,NA,5701,0,16,"Timkoiko","human",TRUE,FALSE
"W16","192","Профиль","2015-08-03T13:30:45Z",2015,"wiki_minor_edit","статья уже давно завершена",-44,192,"Профиль",528,NA,5657,0,16,"Timkoiko","human",TRUE,FALSE
"W17","192","Профиль","2016-02-19T00:29:35Z",2016,"wiki_minor_edit","New interwikis.",35,192,"Профиль",848,NA,5692,0,17,"ErnieParke","human",TRUE,FALSE
"W42","192","Профиль","2018-06-19T19:31:18Z",2018,"wiki_minor_edit","",45,192,"Профиль",2259,NA,5737,0,42,"RuMaks","human",TRUE,FALSE
"W10","192","Профиль","2018-07-08T11:27:54Z",2018,"wiki_bot_edit","новая категоризация",-45,192,"Профиль",2689,NA,5692,0,10,"D4zzzBOT","bot",TRUE,FALSE
"W2","192","Профиль","2018-07-08T12:28:54Z",2018,"wiki_minor_edit","/* Изменения к странице профиля */ категория, оформление",10,192,"Профиль",2699,NA,5702,0,2,"Dimon4ezzz","human",TRUE,FALSE
"W42","192","Профиль","2018-07-10T06:16:13Z",2018,"wiki_minor_edit","",130,192,"Профиль",2743,NA,5832,0,42,"RuMaks","human",TRUE,FALSE
"W36","192","Профиль","2020-04-20T15:51:37Z",2020,"wiki_minor_edit","Защищена страница «[[Профиль (2.0)]]»: популярная страница: Избранная страница ([Редактирование=Разрешено только администраторам] (бессрочн…",0,192,"Профиль",5254,NA,5832,0,36,"Mini Kostik","human",TRUE,FALSE
"W36","192","Профиль","2020-04-20T15:53:24Z",2020,"wiki_minor_edit","Снята защита с «[[Профиль (2.0)]]»",0,192,"Профиль",5259,NA,5832,0,36,"Mini Kostik","human",TRUE,FALSE
"W180","192","Профиль","2022-12-31T17:04:46Z",2022,"wiki_minor_edit","В скречте follow обозначает ""подписаться""",18,192,"Профиль",6708,NA,5850,0,180,"Veniamin6","human",TRUE,FALSE
"W114","192","Профиль","2023-01-25T18:59:25Z",2023,"wiki_minor_edit","Gohoski переименовал страницу [[Профиль (2.0)]] в [[Профиль (для 2.0)]]",0,192,"Профиль",7035,NA,5850,0,114,"Gohoski","human",TRUE,FALSE
"W114","192","Профиль","2023-01-25T19:08:48Z",2023,"wiki_minor_edit","",98,192,"Профиль",7037,NA,5948,0,114,"Gohoski","human",TRUE,FALSE
"W114","192","Профиль","2023-01-25T19:09:25Z",2023,"wiki_minor_edit","Gohoski переименовал страницу [[Профиль (для 2.0)]] в [[Профиль]]: Профиль текущей версии Скретч",0,192,"Профиль",7038,NA,5948,0,114,"Gohoski","human",TRUE,FALSE
"W218","192","Профиль","2023-10-20T06:33:19Z",2023,"wiki_minor_edit","/* Избранный проект */",-6,192,"Профиль",9785,NA,5942,0,218,"Dgtdvcn","human",TRUE,FALSE
"W196","192","Профиль","2023-11-01T11:05:53Z",2023,"wiki_minor_edit","/* Содержание страницы */",707,192,"Профиль",10063,NA,6649,0,196,"Jevjik712","human",TRUE,FALSE
"W196","192","Профиль","2023-11-01T14:06:42Z",2023,"wiki_minor_edit","/* Отметку ""Помогите с переводом!"" */",-38,192,"Профиль",10069,NA,6611,0,196,"Jevjik712","human",TRUE,FALSE
"W217","192","Профиль","2023-12-06T20:14:00Z",2023,"wiki_minor_edit","Ненужный пробел в начале",-2,192,"Профиль",10693,NA,6609,0,217,"AGScratcherBest","human",TRUE,FALSE
"W16","197","Перейти в X: () Y: ()","2015-08-01T19:22:16Z",2015,"wiki_minor_edit","создал страницу про блок",1234,197,"Перейти в X: () Y: ()",527,NA,1234,0,16,"Timkoiko","human",TRUE,FALSE
"W19","197","Перейти в X: () Y: ()","2015-09-30T14:57:45Z",2015,"wiki_minor_edit","",128,197,"Перейти в X: () Y: ()",640,NA,1362,0,19,"Tankist-777","human",TRUE,FALSE
"W19","197","Перейти в X: () Y: ()","2015-09-30T15:29:54Z",2015,"wiki_minor_edit","/* Примеры использования */",60,197,"Перейти в X: () Y: ()",647,NA,1422,0,19,"Tankist-777","human",TRUE,FALSE
"W17","197","Перейти в X: () Y: ()","2016-02-18T22:54:32Z",2016,"wiki_minor_edit","Feel free to delete these.",90,197,"Перейти в X: () Y: ()",845,NA,1512,0,17,"ErnieParke","human",TRUE,FALSE
"W17","197","Перейти в X: () Y: ()","2016-02-19T00:26:13Z",2016,"wiki_minor_edit","",-10,197,"Перейти в X: () Y: ()",846,NA,1502,0,17,"ErnieParke","human",TRUE,FALSE
"W17","197","Перейти в X: () Y: ()","2016-02-19T00:26:41Z",2016,"wiki_minor_edit","Отмена правки 846, сделанной участником [[Special:Contributions/ErnieParke|ErnieParke]] ([[User talk:ErnieParke|обс.]])",10,197,"Перейти в X: () Y: ()",847,NA,1512,0,17,"ErnieParke","human",TRUE,FALSE
"W46","197","Перейти в X: () Y: ()","2018-01-24T11:06:26Z",2018,"wiki_minor_edit","/* Примеры использования */",21,197,"Перейти в X: () Y: ()",1650,NA,1533,0,46,"Evgeny patarakin","human",TRUE,FALSE
"W46","197","Перейти в X: () Y: ()","2018-01-24T11:07:39Z",2018,"wiki_minor_edit","/* Примеры использования */",130,197,"Перейти в X: () Y: ()",1651,NA,1663,0,46,"Evgeny patarakin","human",TRUE,FALSE
"W68","197","Перейти в X: () Y: ()","2018-06-15T12:13:36Z",2018,"wiki_minor_edit","",14,197,"Перейти в X: () Y: ()",1941,NA,1677,0,68,"Tankist-scratch","human",TRUE,FALSE
"W68","197","Перейти в X: () Y: ()","2018-06-15T14:53:30Z",2018,"wiki_minor_edit","",17,197,"Перейти в X: () Y: ()",1971,NA,1694,0,68,"Tankist-scratch","human",TRUE,FALSE
"W2","197","Перейти в X: () Y: ()","2018-07-07T19:29:39Z",2018,"wiki_minor_edit","новое перенаправление",-1630,197,"Перейти в X: () Y: ()",2580,NA,64,0,2,"Dimon4ezzz","human",TRUE,FALSE
"W2","197","Перейти в X: () Y: ()","2018-07-07T19:39:33Z",2018,"wiki_minor_edit","Dimon4ezzz переименовал страницу [[Перейти в X: () Y: () (блок)]] в [[Перейти в X: () Y: ()]] без оставления перенаправления: без дополнения",0,197,"Перейти в X: () Y: ()",2581,NA,64,0,2,"Dimon4ezzz","human",TRUE,FALSE
"W16","198","Форумы (для 1.4)","2015-09-06T16:10:06Z",2015,"wiki_minor_edit","P.S. Я школьник, поэтому некоторые вещи здесь неграмотно написаны.",889,198,"Форумы (для 1.4)",543,NA,889,0,16,"Timkoiko","human",TRUE,FALSE
"W16","198","Форумы (для 1.4)","2015-09-06T16:10:32Z",2015,"wiki_minor_edit","",44,198,"Форумы (для 1.4)",544,NA,933,0,16,"Timkoiko","human",TRUE,FALSE
"W16","198","Форумы (для 1.4)","2015-09-06T16:13:40Z",2015,"wiki_minor_edit","добавил фото",123,198,"Форумы (для 1.4)",545,NA,1056,0,16,"Timkoiko","human",TRUE,FALSE
"W16","198","Форумы (для 1.4)","2015-09-06T16:22:36Z",2015,"wiki_minor_edit","добавил один параграф",767,198,"Форумы (для 1.4)",547,NA,1823,0,16,"Timkoiko","human",TRUE,FALSE
"W17","198","Форумы (для 1.4)","2016-02-19T00:31:42Z",2016,"wiki_minor_edit","New interwikis.",62,198,"Форумы (для 1.4)",849,NA,1885,0,17,"ErnieParke","human",TRUE,FALSE
"W42","198","Форумы (для 1.4)","2018-06-19T13:19:28Z",2018,"wiki_minor_edit","",40,198,"Форумы (для 1.4)",2184,NA,1925,0,42,"RuMaks","human",TRUE,FALSE
"W42","198","Форумы (для 1.4)","2018-06-19T19:33:10Z",2018,"wiki_minor_edit","",81,198,"Форумы (для 1.4)",2262,NA,2006,0,42,"RuMaks","human",TRUE,FALSE
"W2","198","Форумы (для 1.4)","2018-07-08T06:29:46Z",2018,"wiki_minor_edit","ссылка-то поменялась",-3,198,"Форумы (для 1.4)",2600,NA,2003,0,2,"Dimon4ezzz","human",TRUE,FALSE
"W2","198","Форумы (для 1.4)","2018-07-08T06:57:34Z",2018,"wiki_minor_edit","+история, +примечания, −категория «сайт», т.к. категория «форумы» и так — сайт",1307,198,"Форумы (для 1.4)",2602,NA,3310,0,2,"Dimon4ezzz","human",TRUE,FALSE
"W2","198","Форумы (для 1.4)","2018-07-08T06:59:45Z",2018,"wiki_minor_edit","добавил строчку о FluxBB",146,198,"Форумы (для 1.4)",2603,NA,3456,0,2,"Dimon4ezzz","human",TRUE,FALSE
"W42","198","Форумы (для 1.4)","2018-07-10T06:13:16Z",2018,"wiki_minor_edit","",-2,198,"Форумы (для 1.4)",2741,NA,3454,0,42,"RuMaks","human",TRUE,FALSE
"W113","198","Форумы (для 1.4)","2020-06-30T05:11:09Z",2020,"wiki_minor_edit","",8,198,"Форумы (для 1.4)",5481,NA,3462,0,113,"M-A-Z-2005","human",TRUE,FALSE
"W114","198","Форумы (для 1.4)","2022-11-13T11:09:46Z",2022,"wiki_minor_edit","/* История */",35,198,"Форумы (для 1.4)",6301,NA,3497,0,114,"Gohoski","human",TRUE,FALSE
"W114","198","Форумы (для 1.4)","2024-02-04T15:21:49Z",2024,"wiki_minor_edit","авто: новая категоризация",2,198,"Форумы (для 1.4)",11266,NA,3499,0,114,"Gohoski","human",TRUE,FALSE
"W228","198","Форумы (для 1.4)","2024-03-07T16:54:31Z",2024,"wiki_minor_edit","BLACKCAT20144PLAYERS переименовал страницу [[Форум (для 1.4)]] в [[Форумы (для 1.4)]]: Форумы, не форум",0,198,"Форумы (для 1.4)",11556,NA,3499,0,228,"BLACKCAT20144PLAYERS","human",TRUE,FALSE
"W228","198","Форумы (для 1.4)","2024-03-23T09:17:34Z",2024,"wiki_minor_edit","Добавил содержание.",13,198,"Форумы (для 1.4)",11651,NA,3512,0,228,"BLACKCAT20144PLAYERS","human",TRUE,FALSE
"W217","198","Форумы (для 1.4)","2024-03-23T09:26:27Z",2024,"wiki_minor_edit","Ненужное содержание",-13,198,"Форумы (для 1.4)",11652,NA,3499,0,217,"AGScratcherBest","human",TRUE,FALSE
"W16","202","Форум (1.4)","2015-09-08T13:04:44Z",2015,"wiki_minor_edit","Перенаправление на [[Форум (для 1.4)]]",59,202,"Форум (1.4)",562,NA,59,0,16,"Timkoiko","human",TRUE,FALSE
"W19","216","Блок операторов/() + ()","2015-09-30T03:57:40Z",2015,"wiki_minor_edit","Новая страница: «{{Незавершённая статья}} {{Блок |Название=+ |изображение = |код=() + ()  |Категория = |тип =логика }}»",164,216,"Блок операторов/() + ()",621,NA,164,0,19,"Tankist-777","human",TRUE,FALSE
"W19","216","Блок операторов/() + ()","2015-09-30T03:58:09Z",2015,"wiki_minor_edit","",4,216,"Блок операторов/() + ()",622,NA,168,0,19,"Tankist-777","human",TRUE,FALSE
"W19","216","Блок операторов/() + ()","2015-09-30T12:56:34Z",2015,"wiki_minor_edit","",110,216,"Блок операторов/() + ()",623,NA,278,0,19,"Tankist-777","human",TRUE,FALSE
"W19","216","Блок операторов/() + ()","2015-09-30T13:08:15Z",2015,"wiki_minor_edit","картинка",11,216,"Блок операторов/() + ()",627,NA,289,0,19,"Tankist-777","human",TRUE,FALSE
"W19","216","Блок операторов/() + ()","2015-09-30T13:15:23Z",2015,"wiki_minor_edit","создано в=[[Скретч 1.4]]",40,216,"Блок операторов/() + ()",629,NA,329,0,19,"Tankist-777","human",TRUE,FALSE
"W19","216","Блок операторов/() + ()","2015-10-26T13:37:17Z",2015,"wiki_minor_edit","",23,216,"Блок операторов/() + ()",680,NA,352,0,19,"Tankist-777","human",TRUE,FALSE
"W21","216","Блок операторов/() + ()","2016-02-19T13:23:15Z",2016,"wiki_bot_edit","Бот: добавлено [[de:()+() (Block)]], [[en:() + () (block)]], [[id:() + () (balok)]]",68,216,"Блок операторов/() + ()",853,NA,420,0,21,"InterwikiBot","bot",TRUE,FALSE
"W68","216","Блок операторов/() + ()","2018-06-15T09:25:36Z",2018,"wiki_minor_edit","",-8,216,"Блок операторов/() + ()",1921,NA,412,0,68,"Tankist-scratch","human",TRUE,FALSE
"W68","216","Блок операторов/() + ()","2018-06-15T14:46:34Z",2018,"wiki_minor_edit","",19,216,"Блок операторов/() + ()",1967,NA,431,0,68,"Tankist-scratch","human",TRUE,FALSE
"W36","216","Блок операторов/() + ()","2018-06-17T19:17:34Z",2018,"wiki_minor_edit","Добавлены дополнительные пояснения.",15,216,"Блок операторов/() + ()",2049,NA,446,0,36,"Mini Kostik","human",TRUE,FALSE
"W42","216","Блок операторов/() + ()","2018-07-11T11:24:02Z",2018,"wiki_minor_edit","",-44,216,"Блок операторов/() + ()",2920,NA,402,0,42,"RuMaks","human",TRUE,FALSE
"W21","216","Блок операторов/() + ()","2018-12-09T19:27:09Z",2018,"wiki_bot_edit","Adding interwikis.",51,216,"Блок операторов/() + ()",3854,NA,453,0,21,"InterwikiBot","bot",TRUE,FALSE
"W113","216","Блок операторов/() + ()","2020-05-27T04:58:10Z",2020,"wiki_minor_edit","",23,216,"Блок операторов/() + ()",5351,NA,476,0,113,"M-A-Z-2005","human",TRUE,FALSE
"W165","216","Блок операторов/() + ()","2022-11-04T08:20:57Z",2022,"wiki_minor_edit","категория",43,216,"Блок операторов/() + ()",6058,NA,519,0,165,"RunRun 5","human",TRUE,FALSE
"W114","216","Блок операторов/() + ()","2022-11-04T18:23:10Z",2022,"wiki_minor_edit","Gohoski переименовал страницу [[() + () (блок)]] в [[Блок операторов/() + () (блок)]]",0,216,"Блок операторов/() + ()",6091,NA,519,0,114,"Gohoski","human",TRUE,FALSE
"W114","216","Блок операторов/() + ()","2022-11-04T18:32:26Z",2022,"wiki_minor_edit","Gohoski переименовал страницу [[Блок операторов/() + () (блок)]] в [[Блок операторов/() + ()]]",0,216,"Блок операторов/() + ()",6103,NA,519,0,114,"Gohoski","human",TRUE,FALSE
"W114","216","Блок операторов/() + ()","2022-11-22T17:41:37Z",2022,"wiki_minor_edit","",50,216,"Блок операторов/() + ()",6390,NA,569,0,114,"Gohoski","human",TRUE,FALSE
"W184","216","Блок операторов/() + ()","2023-02-06T08:50:29Z",2023,"wiki_minor_edit","Добавлены примеры использования. Расширена информация о блоке.",1132,216,"Блок операторов/() + ()",7242,NA,1701,0,184,"Alex Ilya","human",TRUE,FALSE
"W217","216","Блок операторов/() + ()","2023-11-27T20:17:37Z",2023,"wiki_minor_edit","— (Также извините за описание моей прошлой правки, я хотел написать — а не &)",2,216,"Блок операторов/() + ()",10566,NA,1703,0,217,"AGScratcherBest","human",TRUE,FALSE
"W19","218","Округлить","2015-09-30T13:06:34Z",2015,"wiki_minor_edit","Перенаправление на [[Округлить () (блок)]]",68,218,"Округлить",625,NA,68,0,19,"Tankist-777","human",TRUE,FALSE
"W19","221","Перейти в","2015-09-30T14:58:43Z",2015,"wiki_minor_edit","Перенаправление на [[Перейти в X: () Y: () (блок)]]",76,221,"Перейти в",641,NA,76,0,19,"Tankist-777","human",TRUE,FALSE
"W19","230","Блок операторов/() - ()","2015-10-26T13:43:40Z",2015,"wiki_minor_edit","Новая страница: «{{Незавершённая статья}} {{Блок |Название=- |изображение =() - ().png |код=(() - ()) |Категория = |созд…»",388,230,"Блок операторов/() - ()",682,NA,388,0,19,"Tankist-777","human",TRUE,FALSE
"W19","230","Блок операторов/() - ()","2015-10-27T11:09:39Z",2015,"wiki_minor_edit","",883,230,"Блок операторов/() - ()",751,NA,1271,0,19,"Tankist-777","human",TRUE,FALSE
"W21","230","Блок операторов/() - ()","2016-02-19T13:23:08Z",2016,"wiki_bot_edit","Бот: добавлено [[de:()-() (Block)]], [[en:() - () (block)]], [[id:() - () (balok)]]",68,230,"Блок операторов/() - ()",852,NA,1339,0,21,"InterwikiBot","bot",TRUE,FALSE
"W68","230","Блок операторов/() - ()","2018-06-15T09:26:50Z",2018,"wiki_minor_edit","",-8,230,"Блок операторов/() - ()",1923,NA,1331,0,68,"Tankist-scratch","human",TRUE,FALSE
"W68","230","Блок операторов/() - ()","2018-06-15T14:51:35Z",2018,"wiki_minor_edit","",19,230,"Блок операторов/() - ()",1969,NA,1350,0,68,"Tankist-scratch","human",TRUE,FALSE
"W42","230","Блок операторов/() - ()","2018-07-11T11:24:22Z",2018,"wiki_minor_edit","",-44,230,"Блок операторов/() - ()",2921,NA,1306,0,42,"RuMaks","human",TRUE,FALSE
"W21","230","Блок операторов/() - ()","2018-12-09T19:26:30Z",2018,"wiki_bot_edit","Adding interwikis.",29,230,"Блок операторов/() - ()",3853,NA,1335,0,21,"InterwikiBot","bot",TRUE,FALSE
"W113","230","Блок операторов/() - ()","2020-05-27T05:05:20Z",2020,"wiki_minor_edit","",-573,230,"Блок операторов/() - ()",5352,NA,762,0,113,"M-A-Z-2005","human",TRUE,FALSE
"W114","230","Блок операторов/() - ()","2022-11-04T18:26:49Z",2022,"wiki_minor_edit","Gohoski переименовал страницу [[() - () (блок)]] в [[Блок операторов/() - () (блок)]] без оставления перенаправления",0,230,"Блок операторов/() - ()",6095,NA,762,0,114,"Gohoski","human",TRUE,FALSE
"W114","230","Блок операторов/() - ()","2022-11-04T18:32:12Z",2022,"wiki_minor_edit","Gohoski переименовал страницу [[Блок операторов/() - () (блок)]] в [[Блок операторов/() - ()]]",0,230,"Блок операторов/() - ()",6101,NA,762,0,114,"Gohoski","human",TRUE,FALSE
"W184","230","Блок операторов/() - ()","2023-02-08T08:04:33Z",2023,"wiki_minor_edit","Добавлены примеры использования. Расширена информация о блоке",1725,230,"Блок операторов/() - ()",7258,NA,2487,0,184,"Alex Ilya","human",TRUE,FALSE
"W2","258","Шрифт Скретч","2016-01-05T17:13:59Z",2016,"wiki_minor_edit","Новая страница: «[[Файл:Шрифт Скретч.png|right]] '''Шрифт Скретч''' — шрифт, используемый в [[Логотип Скретч|логот…»",1269,258,"Шрифт Скретч",806,NA,1269,0,2,"Dimon4ezzz","human",TRUE,FALSE
"W36","258","Шрифт Скретч","2018-01-25T14:47:06Z",2018,"wiki_minor_edit","Добавлены дополнительные пояснения.",337,258,"Шрифт Скретч",1660,NA,1606,0,36,"Mini Kostik","human",TRUE,FALSE
"W21","258","Шрифт Скретч","2018-12-09T20:15:30Z",2018,"wiki_bot_edit","Adding interwikis.",29,258,"Шрифт Скретч",3884,NA,1635,0,21,"InterwikiBot","bot",TRUE,FALSE
"W16","260","BB-код","2016-01-13T18:05:47Z",2016,"wiki_minor_edit","Новая страница: «{{Незавершённая статья}} '''BB-код''' - коллекция тегов для форматирования постов на форуме С…»",5037,260,"BB-код",811,NA,5037,0,16,"Timkoiko","human",TRUE,FALSE
"W21","260","BB-код","2016-02-19T13:22:54Z",2016,"wiki_bot_edit","Бот: добавлено [[de:BBCode]], [[en:BBCode]], [[id:BBCode]]",43,260,"BB-код",851,NA,5080,0,21,"InterwikiBot","bot",TRUE,FALSE
"W42","260","BB-код","2018-05-30T08:27:11Z",2018,"wiki_minor_edit","",2211,260,"BB-код",1876,NA,7291,0,42,"RuMaks","human",TRUE,FALSE
"W2","260","BB-код","2018-06-19T13:50:34Z",2018,"wiki_minor_edit","оформление",948,260,"BB-код",2204,NA,8239,0,2,"Dimon4ezzz","human",TRUE,FALSE
"W47","260","BB-код","2018-06-19T14:16:04Z",2018,"wiki_minor_edit","Откат правок [[Special:Contributions/Dimon4ezzz|Dimon4ezzz]] ([[User talk:Dimon4ezzz|обсуждение]]) к версии [[User:RuMaks|RuMaks]]",-948,260,"BB-код",2206,NA,7291,0,47,"Asqwde","human",TRUE,FALSE
"W42","260","BB-код","2018-06-19T14:23:08Z",2018,"wiki_minor_edit","Отмена правки 2206, сделанной участником [[Special:Contribs/Asqwde|Asqwde]] ([[User talk:Asqwde|обс.]])",948,260,"BB-код",2208,NA,8239,0,42,"RuMaks","human",TRUE,FALSE
"W42","260","BB-код","2018-06-20T07:19:08Z",2018,"wiki_minor_edit","",36,260,"BB-код",2273,NA,8275,0,42,"RuMaks","human",TRUE,FALSE
"W42","260","BB-код","2018-06-20T10:35:37Z",2018,"wiki_minor_edit","",45,260,"BB-код",2325,NA,8320,0,42,"RuMaks","human",TRUE,FALSE
"W47","260","BB-код","2018-06-27T07:19:31Z",2018,"wiki_minor_edit","Защищена страница «[[BB-код]]»: частый вандализм ([Редактирование=Разрешено только администраторам] (бессрочно) [Переименование=Разрешено т…",0,260,"BB-код",2459,NA,8320,0,47,"Asqwde","human",TRUE,FALSE
"W47","260","BB-код","2018-07-09T09:59:22Z",2018,"wiki_minor_edit","Изменён уровень защиты страницы «[[BB-код]]» ([Редактирование=Разрешено только администраторам] (истекает 09:59, 9 августа 2018 (UTC)) [Переименован…",0,260,"BB-код",2719,NA,8320,0,47,"Asqwde","human",TRUE,FALSE
"W47","260","BB-код","2018-07-09T11:46:28Z",2018,"wiki_minor_edit","Изменён уровень защиты страницы «[[BB-код]]»: частый вандализм ([Редактирование=Разрешено только администраторам] (истекает 22:00, 31 июля 2018 (UTC…",0,260,"BB-код",2720,NA,8320,0,47,"Asqwde","human",TRUE,FALSE
"W42","260","BB-код","2018-07-10T06:10:43Z",2018,"wiki_minor_edit","",-13,260,"BB-код",2735,NA,8307,0,42,"RuMaks","human",TRUE,FALSE
"W42","260","BB-код","2018-07-10T06:11:02Z",2018,"wiki_minor_edit","",-2,260,"BB-код",2736,NA,8305,0,42,"RuMaks","human",TRUE,FALSE
"W47","260","BB-код","2018-07-26T09:06:28Z",2018,"wiki_minor_edit","Снята защита с «[[BB-код]]»: end of WW",0,260,"BB-код",3240,NA,8305,0,47,"Asqwde","human",TRUE,FALSE
"W21","260","BB-код","2018-12-09T19:36:14Z",2018,"wiki_bot_edit","Adding interwikis.",52,260,"BB-код",3863,NA,8357,0,21,"InterwikiBot","bot",TRUE,FALSE
"W36","260","BB-код","2020-04-20T15:52:22Z",2020,"wiki_minor_edit","Защищена страница «[[BB-код]]»: популярная страница: Избранная страница ([Редактирование=Разрешено только администраторам] (бессрочно) [Пер…",0,260,"BB-код",5256,NA,8357,0,36,"Mini Kostik","human",TRUE,FALSE
"W36","260","BB-код","2020-04-20T15:53:01Z",2020,"wiki_minor_edit","Снята защита с «[[BB-код]]»",0,260,"BB-код",5257,NA,8357,0,36,"Mini Kostik","human",TRUE,FALSE
"W177","260","BB-код","2022-12-15T10:05:38Z",2022,"wiki_minor_edit","/* scratchblocks */",18,260,"BB-код",6541,NA,8375,0,177,"Greg1234567890f","human",TRUE,FALSE
"W177","260","BB-код","2022-12-15T10:22:42Z",2022,"wiki_minor_edit","",184,260,"BB-код",6543,NA,8559,0,177,"Greg1234567890f","human",TRUE,FALSE
"W114","260","BB-код","2023-01-26T12:16:42Z",2023,"wiki_minor_edit","",221,260,"BB-код",7047,NA,8780,0,114,"Gohoski","human",TRUE,FALSE
"W114","260","BB-код","2023-05-28T13:19:02Z",2023,"wiki_minor_edit","дополнение перевода с английской вики",2760,260,"BB-код",8538,NA,11540,0,114,"Gohoski","human",TRUE,FALSE
"W120","260","BB-код","2023-07-07T17:56:44Z",2023,"wiki_minor_edit","Исправление неточностей",-47,260,"BB-код",8947,NA,11493,0,120,"Idey programm","human",TRUE,FALSE
"W114","260","BB-код","2024-02-04T15:20:45Z",2024,"wiki_minor_edit","авто: новая категоризация",2,260,"BB-код",11248,NA,11495,0,114,"Gohoski","human",TRUE,FALSE
"W16","263","Блок сенсоров/Y мыши","2016-01-13T18:27:05Z",2016,"wiki_minor_edit","Новая страница: «{{Незавершённая статья}} {{Блок |Название=Мышка по Y |изображение =мышка_по_y.png |код=(mouse y) или…»",608,263,"Блок сенсоров/Y мыши",814,NA,608,0,16,"Timkoiko","human",TRUE,FALSE
"W2","263","Блок сенсоров/Y мыши","2016-08-11T18:01:44Z",2016,"wiki_minor_edit","",-25,263,"Блок сенсоров/Y мыши",1011,NA,583,0,2,"Dimon4ezzz","human",TRUE,FALSE
"W2","263","Блок сенсоров/Y мыши","2016-08-11T18:04:32Z",2016,"wiki_minor_edit","",33,263,"Блок сенсоров/Y мыши",1015,NA,616,0,2,"Dimon4ezzz","human",TRUE,FALSE
"W2","263","Блок сенсоров/Y мыши","2016-08-11T18:05:49Z",2016,"wiki_minor_edit","",55,263,"Блок сенсоров/Y мыши",1017,NA,671,0,2,"Dimon4ezzz","human",TRUE,FALSE
"W2","263","Блок сенсоров/Y мыши","2016-08-11T18:21:33Z",2016,"wiki_minor_edit","/* Примеры */ перевод",1431,263,"Блок сенсоров/Y мыши",1018,NA,2102,0,2,"Dimon4ezzz","human",TRUE,FALSE
"W36","263","Блок сенсоров/Y мыши","2018-01-04T09:47:44Z",2018,"wiki_minor_edit","Исправление пунктуации",0,263,"Блок сенсоров/Y мыши",1482,NA,2102,0,36,"Mini Kostik","human",TRUE,FALSE
"W68","263","Блок сенсоров/Y мыши","2018-06-15T17:12:01Z",2018,"wiki_minor_edit","",29,263,"Блок сенсоров/Y мыши",1993,NA,2131,0,68,"Tankist-scratch","human",TRUE,FALSE
"W42","263","Блок сенсоров/Y мыши","2018-07-11T07:40:23Z",2018,"wiki_minor_edit","",0,263,"Блок сенсоров/Y мыши",2839,NA,2131,0,42,"RuMaks","human",TRUE,FALSE
"W81","263","Блок сенсоров/Y мыши","2018-07-11T11:40:58Z",2018,"wiki_minor_edit","Я отредактировал ""scratchblocks"" так как он был не правильно написан. Также немного поменял контент статьи. В этот раз я постарался не ошибиться!",117,263,"Блок сенсоров/Y мыши",2924,NA,2248,0,81,"Neon","human",TRUE,FALSE
"W21","263","Блок сенсоров/Y мыши","2018-12-09T20:05:33Z",2018,"wiki_bot_edit","Adding interwikis.",55,263,"Блок сенсоров/Y мыши",3875,NA,2303,0,21,"InterwikiBot","bot",TRUE,FALSE
"W113","263","Блок сенсоров/Y мыши","2020-07-04T07:20:27Z",2020,"wiki_minor_edit","M-A-Z-2005 переименовал страницу [[Мышка по Y (блок)]] в [[(y мыши) (блок)]]",0,263,"Блок сенсоров/Y мыши",5498,NA,2303,0,113,"M-A-Z-2005","human",TRUE,FALSE
"W113","263","Блок сенсоров/Y мыши","2020-07-04T07:23:55Z",2020,"wiki_minor_edit","",13,263,"Блок сенсоров/Y мыши",5500,NA,2316,0,113,"M-A-Z-2005","human",TRUE,FALSE
"W114","263","Блок сенсоров/Y мыши","2023-02-03T17:54:25Z",2023,"wiki_minor_edit","Gohoski переименовал страницу [[(y мыши) (блок)]] в [[Блок сенсоров/Y мыши]] без оставления перенаправления",0,263,"Блок сенсоров/Y мыши",7212,NA,2316,0,114,"Gohoski","human",TRUE,FALSE
"W2","265","Облачный список","2016-01-14T07:55:12Z",2016,"wiki_minor_edit","Новая страница: «Начиная со [[Скретч 2.0]], пользователи могут создавать [[Облачная переменная|облачные пере…»",3958,265,"Облачный список",817,NA,3958,0,2,"Dimon4ezzz","human",TRUE,FALSE
"W2","265","Облачный список","2016-01-14T07:55:50Z",2016,"wiki_minor_edit","/* Примечания */",11,265,"Облачный список",818,NA,3969,0,2,"Dimon4ezzz","human",TRUE,FALSE
"W2","265","Облачный список","2017-01-24T10:20:12Z",2017,"wiki_minor_edit","Удаление категорий",-58,265,"Облачный список",1329,NA,3911,0,2,"Dimon4ezzz","human",TRUE,FALSE
"W42","265","Облачный список","2018-06-17T18:59:02Z",2018,"wiki_minor_edit","",53,265,"Облачный список",2044,NA,3964,0,42,"RuMaks","human",TRUE,FALSE
"W36","265","Облачный список","2018-06-19T16:31:57Z",2018,"wiki_minor_edit","Добавлен шаблон",338,265,"Облачный список",2238,NA,4302,0,36,"Mini Kostik","human",TRUE,FALSE
"W2","265","Облачный список","2018-06-19T16:36:31Z",2018,"wiki_minor_edit","оформление кода",-295,265,"Облачный список",2240,NA,4007,0,2,"Dimon4ezzz","human",TRUE,FALSE
"W81","265","Облачный список","2018-06-21T05:39:54Z",2018,"wiki_minor_edit","",51,265,"Облачный список",2350,NA,4058,0,81,"Neon","human",TRUE,FALSE
"W2","265","Облачный список","2018-07-11T09:25:53Z",2018,"wiki_minor_edit","",-7,265,"Облачный список",2872,NA,4051,0,2,"Dimon4ezzz","human",TRUE,FALSE
"W114","265","Облачный список","2020-08-10T15:15:13Z",2020,"wiki_minor_edit","/* Кодирование информации */ Исправленные блоки",44,265,"Облачный список",5533,NA,4095,0,114,"Gohoski","human",TRUE,FALSE
"W114","265","Облачный список","2020-08-10T15:16:51Z",2020,"wiki_minor_edit","/* Кодирование информации */ Исправленные блоки (опять :P)",13,265,"Облачный список",5534,NA,4108,0,114,"Gohoski","human",TRUE,FALSE
"W114","265","Облачный список","2022-10-09T08:21:09Z",2022,"wiki_minor_edit","/* Примечания */",356,265,"Облачный список",5901,NA,4464,0,114,"Gohoski","human",TRUE,FALSE
"W217","265","Облачный список","2023-10-27T16:10:43Z",2023,"wiki_minor_edit","Исправление кода",-41,265,"Облачный список",9989,NA,4423,0,217,"AGScratcherBest","human",TRUE,FALSE
"W114","265","Облачный список","2024-02-04T15:16:30Z",2024,"wiki_minor_edit","авто: новая категоризация",0,265,"Облачный список",11177,NA,4423,0,114,"Gohoski","human",TRUE,FALSE
"W189","265","Облачный список","2024-06-10T13:57:13Z",2024,"wiki_minor_edit","/* Кодирование информации */ переменная тут не причём",-20,265,"Облачный список",11794,NA,4403,0,189,"Scratch craft 2","human",TRUE,FALSE
"W189","265","Облачный список","2024-06-10T14:13:05Z",2024,"wiki_minor_edit","Отмена правки 11794, сделанной [[Special:Contributions/Scratch craft 2|Scratch craft 2]] ([[User talk:Scratch craft 2|обсуждение]])",20,265,"Облачный список",11796,NA,4423,0,189,"Scratch craft 2","human",TRUE,FALSE
"W2","273","Как скачать Скретч (1.4)","2016-02-03T13:59:41Z",2016,"wiki_minor_edit","Dimon4ezzz переименовал страницу [[Как скачать Скретч (1.4)]] в [[Скретч 1.4/Как скачать Скретч]]",87,273,"Как скачать Скретч (1.4)",828,NA,87,0,2,"Dimon4ezzz","human",TRUE,FALSE
"W2","275","Настройки аккаунта","2016-02-03T14:17:05Z",2016,"wiki_minor_edit","Новая страница: «[[Файл:Панель настроек аккаунта.png]] Настроить аккаунт можно с помощью специальной панели…»",2422,275,"Настройки аккаунта",830,NA,2422,0,2,"Dimon4ezzz","human",TRUE,FALSE
"W2","275","Настройки аккаунта","2016-02-03T14:17:54Z",2016,"wiki_minor_edit","",2,275,"Настройки аккаунта",831,NA,2424,0,2,"Dimon4ezzz","human",TRUE,FALSE
"W2","275","Настройки аккаунта","2016-02-03T14:18:33Z",2016,"wiki_minor_edit","/* Содержание панели */ забыл тег закрыть",6,275,"Настройки аккаунта",832,NA,2430,0,2,"Dimon4ezzz","human",TRUE,FALSE
"W10","275","Настройки аккаунта","2017-01-22T13:40:15Z",2017,"wiki_bot_edit","/* Ссылки */Очистка категорий",-45,275,"Настройки аккаунта",1247,NA,2385,0,10,"D4zzzBOT","bot",TRUE,FALSE
"W4","275","Настройки аккаунта","2017-12-20T15:39:25Z",2017,"wiki_minor_edit","",29,275,"Настройки аккаунта",1447,NA,2414,0,4,"Mtwoll","human",TRUE,FALSE
"W36","275","Настройки аккаунта","2017-12-24T08:32:17Z",2017,"wiki_minor_edit","Добавлено предложение.",141,275,"Настройки аккаунта",1462,NA,2555,0,36,"Mini Kostik","human",TRUE,FALSE
"W113","275","Настройки аккаунта","2020-06-04T13:57:23Z",2020,"wiki_minor_edit","",32,275,"Настройки аккаунта",5396,NA,2587,0,113,"M-A-Z-2005","human",TRUE,FALSE
"W173","275","Настройки аккаунта","2022-11-25T18:42:11Z",2022,"wiki_minor_edit","/* Бета-плеер */ Изменены грамматические ошибки.",-10,275,"Настройки аккаунта",6399,NA,2577,0,173,"MicroRu","human",TRUE,FALSE
"W114","275","Настройки аккаунта","2022-11-25T19:09:30Z",2022,"wiki_minor_edit","/* Бета-плеер */",-48,275,"Настройки аккаунта",6400,NA,2529,0,114,"Gohoski","human",TRUE,FALSE
"W19","276","Создание аккаунта","2016-02-07T11:23:32Z",2016,"wiki_minor_edit","Новая страница: «[[File:Стандартный аватар.png|right]] Для регистрации нужна следующая информация о тебе:  Имя по…»",1448,276,"Создание аккаунта",833,NA,1448,0,19,"Tankist-777","human",TRUE,FALSE
"W19","276","Создание аккаунта","2016-02-07T11:53:31Z",2016,"wiki_minor_edit","",54,276,"Создание аккаунта",834,NA,1502,0,19,"Tankist-777","human",TRUE,FALSE
"W19","276","Создание аккаунта","2016-02-07T12:01:02Z",2016,"wiki_minor_edit","",1,276,"Создание аккаунта",835,NA,1503,0,19,"Tankist-777","human",TRUE,FALSE
"W113","276","Создание аккаунта","2020-06-04T13:56:46Z",2020,"wiki_minor_edit","",32,276,"Создание аккаунта",5395,NA,1535,0,113,"M-A-Z-2005","human",TRUE,FALSE
"W154","276","Создание аккаунта","2023-10-24T17:03:02Z",2023,"wiki_minor_edit","",0,276,"Создание аккаунта",9851,NA,1535,0,154,"Stysan","human",TRUE,FALSE
"W217","276","Создание аккаунта","2023-10-24T17:23:41Z",2023,"wiki_minor_edit","Категория добавляется автоматически когда на статье есть шаблон [[Шаблон:Незавершённая статья|Незавершённая статья]], поэтому добавлять его вручную не обязательно",-63,276,"Создание аккаунта",9852,NA,1472,0,217,"AGScratcherBest","human",TRUE,FALSE
"W189","276","Создание аккаунта","2024-06-15T15:11:42Z",2024,"wiki_minor_edit","исправил неосмысленный текст",0,276,"Создание аккаунта",11891,NA,1472,0,189,"Scratch craft 2","human",TRUE,FALSE
"W217","276","Создание аккаунта","2024-06-15T16:14:17Z",2024,"wiki_minor_edit","Отмена правки 11891, сделанной [[Special:Contributions/Scratch craft 2|Scratch craft 2]] ([[User talk:Scratch craft 2|обсуждение]]) на Вы надо обращаться, не на ты...",7,276,"Создание аккаунта",11909,NA,1479,0,217,"AGScratcherBest","human",TRUE,FALSE
"W242","276","Создание аккаунта","2024-06-26T11:32:02Z",2024,"wiki_minor_edit","Кнопка",67,276,"Создание аккаунта",11963,NA,1546,0,242,"Ghathe90mm-2","human",TRUE,FALSE
"W2","281","Новый Скретчер","2016-03-25T09:15:14Z",2016,"wiki_minor_edit","Dimon4ezzz переименовал страницу [[Новый Скретчер]] в [[Новичок]] поверх перенаправления",50,281,"Новый Скретчер",877,NA,50,0,2,"Dimon4ezzz","human",TRUE,FALSE
"W114","281","Новый Скретчер","2023-01-29T17:57:23Z",2023,"wiki_minor_edit","Перенаправление изменено с [[Новичок]] на [[Новый скретчер]]",13,281,"Новый Скретчер",7123,NA,63,0,114,"Gohoski","human",TRUE,FALSE
"W2","283","Как скачать Скретч (значения)","2016-04-09T08:29:30Z",2016,"wiki_minor_edit","Новая страница: «{{Неоднозначность}}  * [[Скретч 1.4/Как скачать Скретч|Как скачать Скретч (1.4)]] * [[Скретч 2.0/Как…»",233,283,"Как скачать Скретч (значения)",883,NA,233,0,2,"Dimon4ezzz","human",TRUE,FALSE
"W2","283","Как скачать Скретч (значения)","2016-07-23T06:59:23Z",2016,"wiki_minor_edit","Dimon4ezzz переименовал страницу [[Как скачать Скретч]] в [[Как скачать Скретч (значения)]]",0,283,"Как скачать Скретч (значения)",941,NA,233,0,2,"Dimon4ezzz","human",TRUE,FALSE
"W2","283","Как скачать Скретч (значения)","2018-07-08T15:23:26Z",2018,"wiki_minor_edit","перенёс как раздел",-4,283,"Как скачать Скретч (значения)",2703,NA,229,0,2,"Dimon4ezzz","human",TRUE,FALSE
"W2","283","Как скачать Скретч (значения)","2018-07-10T15:46:33Z",2018,"wiki_minor_edit","перенёс в качестве раздела",0,283,"Как скачать Скретч (значения)",2782,NA,229,0,2,"Dimon4ezzz","human",TRUE,FALSE
"W114","283","Как скачать Скретч (значения)","2022-11-07T16:24:40Z",2022,"wiki_minor_edit","",126,283,"Как скачать Скретч (значения)",6210,NA,355,0,114,"Gohoski","human",TRUE,FALSE
"W23","284","Phosphorus","2016-04-09T14:05:49Z",2016,"wiki_minor_edit","Новая страница: «Phosphorus- ""фосфор"" - специальный ускоритель для проектов Scratch. В отличие от Scratch, Фосфорус не и…»",585,284,"Phosphorus",885,NA,585,0,23,"Denpotter","human",TRUE,FALSE
"W2","284","Phosphorus","2016-04-10T13:48:12Z",2016,"wiki_minor_edit","Dimon4ezzz переименовал страницу [[Phosphorus.github.io]] в [[Phosphorus]] без оставления перенаправления",0,284,"Phosphorus",886,NA,585,0,2,"Dimon4ezzz","human",TRUE,FALSE
"W2","284","Phosphorus","2016-04-10T13:59:07Z",2016,"wiki_minor_edit","",831,284,"Phosphorus",889,NA,1416,0,2,"Dimon4ezzz","human",TRUE,FALSE
"W2","284","Phosphorus","2016-04-10T13:59:20Z",2016,"wiki_minor_edit","",1,284,"Phosphorus",890,NA,1417,0,2,"Dimon4ezzz","human",TRUE,FALSE
"W2","284","Phosphorus","2016-05-20T15:38:45Z",2016,"wiki_minor_edit","",43,284,"Phosphorus",918,NA,1460,0,2,"Dimon4ezzz","human",TRUE,FALSE
"W2","284","Phosphorus","2017-01-24T10:16:49Z",2017,"wiki_minor_edit","/* Ссылки */",28,284,"Phosphorus",1323,NA,1488,0,2,"Dimon4ezzz","human",TRUE,FALSE
"W36","284","Phosphorus","2018-01-25T14:52:43Z",2018,"wiki_minor_edit","Добавлен новый раздел",473,284,"Phosphorus",1661,NA,1961,0,36,"Mini Kostik","human",TRUE,FALSE
"W36","284","Phosphorus","2018-01-25T14:53:31Z",2018,"wiki_minor_edit","Исправление пунктуации",6,284,"Phosphorus",1662,NA,1967,0,36,"Mini Kostik","human",TRUE,FALSE
"W42","284","Phosphorus","2018-06-20T07:20:55Z",2018,"wiki_minor_edit","",60,284,"Phosphorus",2274,NA,2027,0,42,"RuMaks","human",TRUE,FALSE
"W36","284","Phosphorus","2018-06-20T07:40:56Z",2018,"wiki_minor_edit","Добавлено изображение.",76,284,"Phosphorus",2290,NA,2103,0,36,"Mini Kostik","human",TRUE,FALSE
"W2","284","Phosphorus","2018-06-20T12:55:58Z",2018,"wiki_minor_edit","/* Некоторые минусы и плюсы */ викификация",-6,284,"Phosphorus",2336,NA,2097,0,2,"Dimon4ezzz","human",TRUE,FALSE
"W2","284","Phosphorus","2018-07-11T09:24:10Z",2018,"wiki_minor_edit","Это не модификация, а плеер ещё один",-4,284,"Phosphorus",2868,NA,2093,0,2,"Dimon4ezzz","human",TRUE,FALSE
"W36","284","Phosphorus","2019-08-29T10:18:04Z",2019,"wiki_minor_edit","",1,284,"Phosphorus",4577,NA,2094,0,36,"Mini Kostik","human",TRUE,FALSE
"W36","284","Phosphorus","2020-04-23T16:06:15Z",2020,"wiki_minor_edit","Пунктуационные ошибки",1,284,"Phosphorus",5275,NA,2095,0,36,"Mini Kostik","human",TRUE,FALSE
"W114","284","Phosphorus","2022-11-02T09:00:23Z",2022,"wiki_minor_edit","",48,284,"Phosphorus",6012,NA,2143,0,114,"Gohoski","human",TRUE,FALSE
"W114","284","Phosphorus","2022-11-12T11:56:18Z",2022,"wiki_minor_edit","/* Некоторые минусы и плюсы */",-76,284,"Phosphorus",6264,NA,2067,0,114,"Gohoski","human",TRUE,FALSE
"W217","284","Phosphorus","2023-10-15T16:26:03Z",2023,"wiki_minor_edit","Ссылка на шуточную страницу",23,284,"Phosphorus",9565,NA,2090,0,217,"AGScratcherBest","human",TRUE,FALSE
"W114","284","Phosphorus","2024-02-04T15:23:27Z",2024,"wiki_minor_edit","авто: новая категоризация",2,284,"Phosphorus",11297,NA,2092,0,114,"Gohoski","human",TRUE,FALSE
"W23","289","Идти () шагов (блок)","2016-05-07T08:21:55Z",2016,"wiki_minor_edit","Новая страница: «Идти () шагов-блок для перемещения по экрану. 1 шаг=1 пиксель, при этом идет он в направлени…»",206,289,"Идти () шагов (блок)",900,NA,206,0,23,"Denpotter","human",TRUE,FALSE
"W23","289","Идти () шагов (блок)","2016-05-07T08:24:15Z",2016,"wiki_minor_edit","",203,289,"Идти () шагов (блок)",901,NA,409,0,23,"Denpotter","human",TRUE,FALSE
"W46","289","Идти () шагов (блок)","2018-01-24T10:53:09Z",2018,"wiki_minor_edit","",-182,289,"Идти () шагов (блок)",1644,NA,227,0,46,"Evgeny patarakin","human",TRUE,FALSE
"W46","289","Идти () шагов (блок)","2018-01-24T10:54:04Z",2018,"wiki_minor_edit","",-1,289,"Идти () шагов (блок)",1645,NA,226,0,46,"Evgeny patarakin","human",TRUE,FALSE
"W46","289","Идти () шагов (блок)","2018-01-24T11:40:24Z",2018,"wiki_minor_edit","",10,289,"Идти () шагов (блок)",1658,NA,236,0,46,"Evgeny patarakin","human",TRUE,FALSE
"W68","289","Идти () шагов (блок)","2018-06-15T11:34:21Z",2018,"wiki_minor_edit","Tankist-scratch переименовал страницу [[Идти () шагов]] в [[Идти () шагов (блок)]]",0,289,"Идти () шагов (блок)",1926,NA,236,0,68,"Tankist-scratch","human",TRUE,FALSE
"W2","289","Идти () шагов (блок)","2018-06-16T13:44:57Z",2018,"wiki_minor_edit","викификация, интервики",478,289,"Идти () шагов (блок)",2032,NA,714,0,2,"Dimon4ezzz","human",TRUE,FALSE
"W67","289","Идти () шагов (блок)","2018-06-30T12:40:38Z",2018,"wiki_minor_edit","",-180,289,"Идти () шагов (блок)",2481,NA,534,0,67,"Qwertyabcd","human",TRUE,FALSE
"W67","289","Идти () шагов (блок)","2018-06-30T12:42:28Z",2018,"wiki_minor_edit","",116,289,"Идти () шагов (блок)",2482,NA,650,0,67,"Qwertyabcd","human",TRUE,FALSE
"W42","289","Идти () шагов (блок)","2018-06-30T14:47:13Z",2018,"wiki_minor_edit","Откат правок [[Special:Contributions/Qwertyabcd|Qwertyabcd]] ([[User talk:Qwertyabcd|обсуждение]]) к версии [[User:Dimon4ezzz|Dimon4ezzz]]",64,289,"Идти () шагов (блок)",2483,NA,714,0,42,"RuMaks","human",TRUE,FALSE
"W2","289","Идти () шагов (блок)","2018-07-07T19:01:47Z",2018,"wiki_minor_edit","Перенаправление на [[Блок движения#move]]",-648,289,"Идти () шагов (блок)",2554,NA,66,0,2,"Dimon4ezzz","human",TRUE,FALSE
"W2","299","Формат файлов Скретча (для 1.4)","2016-07-23T06:36:14Z",2016,"wiki_minor_edit","Новая страница: «Формат файлов Скретч (для 1.4) — это файлы с расширением '''.sb''' (собственно, сам проект) или '…»",1465,299,"Формат файлов Скретча (для 1.4)",929,NA,1465,0,2,"Dimon4ezzz","human",TRUE,FALSE
"W2","299","Формат файлов Скретча (для 1.4)","2016-07-23T06:36:41Z",2016,"wiki_minor_edit","/* Библиотеки */",3,299,"Формат файлов Скретча (для 1.4)",930,NA,1468,0,2,"Dimon4ezzz","human",TRUE,FALSE
"W2","299","Формат файлов Скретча (для 1.4)","2016-07-23T06:38:08Z",2016,"wiki_minor_edit","Dimon4ezzz переименовал страницу [[Файл проекта Скретч 1.4]] в [[Формат файлов Скретч (для 1.4)]] без оставления перенаправления",0,299,"Формат файлов Скретча (для 1.4)",931,NA,1468,0,2,"Dimon4ezzz","human",TRUE,FALSE
"W2","299","Формат файлов Скретча (для 1.4)","2016-07-23T06:41:08Z",2016,"wiki_minor_edit","/* Библиотеки */",352,299,"Формат файлов Скретча (для 1.4)",932,NA,1820,0,2,"Dimon4ezzz","human",TRUE,FALSE
"W2","299","Формат файлов Скретча (для 1.4)","2017-01-22T13:35:52Z",2017,"wiki_minor_edit","",-86,299,"Формат файлов Скретча (для 1.4)",1235,NA,1734,0,2,"Dimon4ezzz","human",TRUE,FALSE
"W42","299","Формат файлов Скретча (для 1.4)","2018-06-22T07:51:03Z",2018,"wiki_minor_edit","",95,299,"Формат файлов Скретча (для 1.4)",2364,NA,1829,0,42,"RuMaks","human",TRUE,FALSE
"W42","299","Формат файлов Скретча (для 1.4)","2018-07-11T07:12:06Z",2018,"wiki_minor_edit","",-9,299,"Формат файлов Скретча (для 1.4)",2798,NA,1820,0,42,"RuMaks","human",TRUE,FALSE
"W21","299","Формат файлов Скретча (для 1.4)","2018-12-11T19:50:51Z",2018,"wiki_bot_edit","Adding interwikis.",53,299,"Формат файлов Скретча (для 1.4)",3909,NA,1873,0,21,"InterwikiBot","bot",TRUE,FALSE
"W114","299","Формат файлов Скретча (для 1.4)","2024-02-04T15:17:40Z",2024,"wiki_minor_edit","авто: новая категоризация",0,299,"Формат файлов Скретча (для 1.4)",11200,NA,1873,0,114,"Gohoski","human",TRUE,FALSE
"W228","299","Формат файлов Скретча (для 1.4)","2024-03-05T16:19:06Z",2024,"wiki_minor_edit","BLACKCAT20144PLAYERS переименовал страницу [[Формат файлов Скретч (для 1.4)]] в [[Формат файлов Скретча (для 1.4)]]: В опросе в Telegram спросили, склонять слово Скретч. Результат был «Да».",0,299,"Формат файлов Скретча (для 1.4)",11524,NA,1873,0,228,"BLACKCAT20144PLAYERS","human",TRUE,FALSE
"W2","300","Формат файлов Скретч (значения)","2016-07-23T06:43:14Z",2016,"wiki_minor_edit","Новая страница: «{{Неоднозначность}}  * [[Формат файлов Скретч (для 1.4)]] * [[Формат файлов Скретч (для 2.0)]]»",151,300,"Формат файлов Скретч (значения)",933,NA,151,0,2,"Dimon4ezzz","human",TRUE,FALSE
"W2","300","Формат файлов Скретч (значения)","2016-07-23T06:58:48Z",2016,"wiki_minor_edit","Dimon4ezzz переименовал страницу [[Формат файлов Скретч]] в [[Формат файлов Скретч (значения)]]",0,300,"Формат файлов Скретч (значения)",939,NA,151,0,2,"Dimon4ezzz","human",TRUE,FALSE
"W30","300","Формат файлов Скретч (значения)","2019-03-06T20:38:04Z",2019,"wiki_minor_edit","",58,300,"Формат файлов Скретч (значения)",4189,NA,209,0,30,"Marerjh","human",TRUE,FALSE
"W114","300","Формат файлов Скретч (значения)","2023-03-10T11:34:57Z",2023,"wiki_minor_edit","",109,300,"Формат файлов Скретч (значения)",7838,NA,318,0,114,"Gohoski","human",TRUE,FALSE
"W2","301","Формат файлов Скретч (для 2.0)","2016-07-23T06:50:15Z",2016,"wiki_minor_edit","Новая страница: «Формат файлов Скретч для 2.0 — это способ записи проектов, созданных в [[Скретч 2.0]] и загру…»",1467,301,"Формат файлов Скретч (для 2.0)",934,NA,1467,0,2,"Dimon4ezzz","human",TRUE,FALSE
"W2","301","Формат файлов Скретч (для 2.0)","2016-07-23T06:50:50Z",2016,"wiki_minor_edit","",43,301,"Формат файлов Скретч (для 2.0)",935,NA,1510,0,2,"Dimon4ezzz","human",TRUE,FALSE
"W2","301","Формат файлов Скретч (для 2.0)","2017-01-22T14:03:40Z",2017,"wiki_minor_edit","",-41,301,"Формат файлов Скретч (для 2.0)",1297,NA,1469,0,2,"Dimon4ezzz","human",TRUE,FALSE
"W36","301","Формат файлов Скретч (для 2.0)","2018-06-20T17:58:46Z",2018,"wiki_minor_edit","Добавлено изображение.",115,301,"Формат файлов Скретч (для 2.0)",2348,NA,1584,0,36,"Mini Kostik","human",TRUE,FALSE
"W113","301","Формат файлов Скретч (для 2.0)","2020-06-05T08:12:55Z",2020,"wiki_minor_edit","",4036,301,"Формат файлов Скретч (для 2.0)",5410,NA,5620,0,113,"M-A-Z-2005","human",TRUE,FALSE
"W2","302",".SB","2016-07-23T06:56:42Z",2016,"wiki_minor_edit","Новая страница: «[[перенаправление:Формат файлов Скретч (для 1.4)]]»",86,302,".SB",936,NA,86,0,2,"Dimon4ezzz","human",TRUE,FALSE
"W2","302",".SB","2016-07-23T06:57:48Z",2016,"wiki_minor_edit","Перенаправление на [[Формат файлов Скретч (для 1.4)]]",1,302,".SB",937,NA,87,0,2,"Dimon4ezzz","human",TRUE,FALSE
"W2","303",".SB2","2016-07-23T06:58:27Z",2016,"wiki_minor_edit","Перенаправление на [[Формат файлов Скретч (для 2.0)]]",87,303,".SB2",938,NA,87,0,2,"Dimon4ezzz","human",TRUE,FALSE
"W2","305","Как скачать Скретч","2016-07-23T06:59:23Z",2016,"wiki_minor_edit","Dimon4ezzz переименовал страницу [[Как скачать Скретч]] в [[Как скачать Скретч (значения)]]",89,305,"Как скачать Скретч",942,NA,89,0,2,"Dimon4ezzz","human",TRUE,FALSE
"W2","313","Скретч 1.0","2016-08-11T17:27:56Z",2016,"wiki_minor_edit","Новая страница: «Скретч 1.0 — первая официально выпущенная версия [[Скретч]] 8 января 2007.<ref>[ http://web.archive.org/web/20…»",338,313,"Скретч 1.0",987,NA,338,0,2,"Dimon4ezzz","human",TRUE,FALSE
"W2","313","Скретч 1.0","2016-08-11T17:28:12Z",2016,"wiki_minor_edit","",-1,313,"Скретч 1.0",988,NA,337,0,2,"Dimon4ezzz","human",TRUE,FALSE
"W2","313","Скретч 1.0","2016-08-12T10:50:17Z",2016,"wiki_minor_edit","",618,313,"Скретч 1.0",1058,NA,955,0,2,"Dimon4ezzz","human",TRUE,FALSE
"W2","313","Скретч 1.0","2016-08-12T10:52:57Z",2016,"wiki_minor_edit","",-3,313,"Скретч 1.0",1061,NA,952,0,2,"Dimon4ezzz","human",TRUE,FALSE
"W21","313","Скретч 1.0","2017-07-04T17:20:49Z",2017,"wiki_bot_edit","Adding interwikis.",30,313,"Скретч 1.0",1428,NA,982,0,21,"InterwikiBot","bot",TRUE,FALSE
"W232","313","Скретч 1.0","2024-02-10T10:15:12Z",2024,"wiki_minor_edit","",403,313,"Скретч 1.0",11358,NA,1385,0,232,"Damir2809","human",TRUE,FALSE
"W232","313","Скретч 1.0","2024-02-10T10:17:20Z",2024,"wiki_minor_edit","/* Примечания */",-5,313,"Скретч 1.0",11359,NA,1380,0,232,"Damir2809","human",TRUE,FALSE
"W232","313","Скретч 1.0","2024-02-10T10:19:53Z",2024,"wiki_minor_edit","Damir2809 переименовал страницу [[Скретч 1.0]] в [[Scratch 1.0]] поверх перенаправления",0,313,"Скретч 1.0",11362,NA,1380,0,232,"Damir2809","human",TRUE,FALSE
"W217","313","Скретч 1.0","2024-02-10T10:21:04Z",2024,"wiki_minor_edit","AGScratcherBest переименовал страницу [[Scratch 1.0]] в [[Скретч 1.0]] поверх перенаправления",0,313,"Скретч 1.0",11365,NA,1380,0,217,"AGScratcherBest","human",TRUE,FALSE
"W217","313","Скретч 1.0","2024-02-10T10:30:23Z",2024,"wiki_minor_edit","",-355,313,"Скретч 1.0",11369,NA,1025,0,217,"AGScratcherBest","human",TRUE,FALSE
"W228","313","Скретч 1.0","2024-03-02T09:13:48Z",2024,"wiki_minor_edit","Улучшил статью.",8944,313,"Скретч 1.0",11500,NA,9969,0,228,"BLACKCAT20144PLAYERS","human",TRUE,FALSE
"W228","313","Скретч 1.0","2024-03-02T09:16:29Z",2024,"wiki_minor_edit","",50,313,"Скретч 1.0",11501,NA,10019,0,228,"BLACKCAT20144PLAYERS","human",TRUE,FALSE
"W217","313","Скретч 1.0","2024-03-02T09:42:20Z",2024,"wiki_minor_edit","Похоже на то, что перевели гугл переводчиком",-8948,313,"Скретч 1.0",11502,NA,1071,0,217,"AGScratcherBest","human",TRUE,FALSE
"W217","313","Скретч 1.0","2024-03-26T12:40:46Z",2024,"wiki_minor_edit","",0,313,"Скретч 1.0",11669,NA,1071,0,217,"AGScratcherBest","human",TRUE,FALSE
"W226","313","Скретч 1.0","2024-06-25T05:01:04Z",2024,"wiki_minor_edit","",193,313,"Скретч 1.0",11953,NA,1264,0,226,"Sobaka doge ru","human",TRUE,FALSE
"W217","313","Скретч 1.0","2024-06-25T14:01:36Z",2024,"wiki_minor_edit","Отмена правки 11953, сделанной [[Special:Contributions/Sobaka doge ru|Sobaka doge ru]] ([[User talk:Sobaka doge ru|обсуждение]])",-193,313,"Скретч 1.0",11958,NA,1071,0,217,"AGScratcherBest","human",TRUE,FALSE
"W268","313","Скретч 1.0","2025-01-09T13:29:07Z",2025,"wiki_minor_edit","я добавил туда информацию про нового спрайта",162,313,"Скретч 1.0",12163,NA,1233,0,268,"Winkryt","human",TRUE,FALSE
"W280","313","Скретч 1.0","2025-05-27T16:27:07Z",2025,"wiki_minor_edit","",393,313,"Скретч 1.0",13491,NA,1626,0,280,"Floppajump","human",TRUE,FALSE
"W2","325","Ячеистая топология","2016-09-30T04:56:53Z",2016,"wiki_minor_edit","ёё",1553,325,"Ячеистая топология",1063,NA,1553,0,2,"Dimon4ezzz","human",TRUE,FALSE
"W2","325","Ячеистая топология","2016-09-30T05:01:46Z",2016,"wiki_minor_edit","",441,325,"Ячеистая топология",1064,NA,1994,0,2,"Dimon4ezzz","human",TRUE,FALSE
"W10","325","Ячеистая топология","2017-01-22T13:14:55Z",2017,"wiki_bot_edit","/* Ячеистая топология как отдельное приложение */Очистка категорий",-40,325,"Ячеистая топология",1217,NA,1954,0,10,"D4zzzBOT","bot",TRUE,FALSE
"W114","325","Ячеистая топология","2024-06-14T13:02:49Z",2024,"wiki_minor_edit","незавершённая статья",74,325,"Ячеистая топология",11864,NA,2028,0,114,"Gohoski","human",TRUE,FALSE
"W2","342","Заглавная страница/Новости Скретч","2017-01-19T16:01:48Z",2017,"wiki_minor_edit","Dimon4ezzz переименовал страницу [[Заглавная страница/Новости Скретч]] в [[Заглавная страница/Новости]]",86,342,"Заглавная страница/Новости Скретч",1087,NA,86,0,2,"Dimon4ezzz","human",TRUE,FALSE
"W21","342","Заглавная страница/Новости Скретч","2018-12-08T17:13:46Z",2018,"wiki_bot_edit","Adding interwikis.",119,342,"Заглавная страница/Новости Скретч",3847,NA,205,0,21,"InterwikiBot","bot",TRUE,FALSE
"W2","345","Заглавная страница/Содержание","2017-01-19T16:41:43Z",2017,"wiki_minor_edit","Новая страница: «{{Блок с круглыми краями   | изображение = Файл:Интернациональная Вики.png   | ссылка = Форум…»",1051,345,"Заглавная страница/Содержание",1092,NA,1051,0,2,"Dimon4ezzz","human",TRUE,FALSE
"W2","345","Заглавная страница/Содержание","2017-01-19T16:42:23Z",2017,"wiki_minor_edit","",-9,345,"Заглавная страница/Содержание",1093,NA,1042,0,2,"Dimon4ezzz","human",TRUE,FALSE
"W4","345","Заглавная страница/Содержание","2017-01-19T20:09:11Z",2017,"wiki_minor_edit","",-2,345,"Заглавная страница/Содержание",1097,NA,1040,0,4,"Mtwoll","human",TRUE,FALSE
"W2","345","Заглавная страница/Содержание","2017-01-20T08:52:53Z",2017,"wiki_minor_edit","",1379,345,"Заглавная страница/Содержание",1098,NA,2419,0,2,"Dimon4ezzz","human",TRUE,FALSE
"W2","345","Заглавная страница/Содержание","2017-01-20T08:54:24Z",2017,"wiki_minor_edit","",23,345,"Заглавная страница/Содержание",1099,NA,2442,0,2,"Dimon4ezzz","human",TRUE,FALSE
"W2","345","Заглавная страница/Содержание","2017-01-20T08:56:29Z",2017,"wiki_minor_edit","",1,345,"Заглавная страница/Содержание",1101,NA,2443,0,2,"Dimon4ezzz","human",TRUE,FALSE
"W2","345","Заглавная страница/Содержание","2017-01-20T08:57:31Z",2017,"wiki_minor_edit","",-59,345,"Заглавная страница/Содержание",1102,NA,2384,0,2,"Dimon4ezzz","human",TRUE,FALSE
"W2","345","Заглавная страница/Содержание","2017-01-20T08:58:38Z",2017,"wiki_minor_edit","",68,345,"Заглавная страница/Содержание",1103,NA,2452,0,2,"Dimon4ezzz","human",TRUE,FALSE
"W4","345","Заглавная страница/Содержание","2017-01-20T13:44:47Z",2017,"wiki_minor_edit","",196,345,"Заглавная страница/Содержание",1111,NA,2648,0,4,"Mtwoll","human",TRUE,FALSE
"W4","345","Заглавная страница/Содержание","2017-01-20T13:45:25Z",2017,"wiki_minor_edit","",0,345,"Заглавная страница/Содержание",1112,NA,2648,0,4,"Mtwoll","human",TRUE,FALSE
"W4","345","Заглавная страница/Содержание","2017-01-20T13:47:45Z",2017,"wiki_minor_edit","",-2,345,"Заглавная страница/Содержание",1113,NA,2646,0,4,"Mtwoll","human",TRUE,FALSE
"W2","345","Заглавная страница/Содержание","2018-06-16T08:00:05Z",2018,"wiki_minor_edit","for oldid: 2013",4,345,"Заглавная страница/Содержание",2016,NA,2650,0,2,"Dimon4ezzz","human",TRUE,FALSE
"W2","345","Заглавная страница/Содержание","2018-06-16T08:03:34Z",2018,"wiki_minor_edit","совсем забыл про эту часть шаблона",4,345,"Заглавная страница/Содержание",2019,NA,2654,0,2,"Dimon4ezzz","human",TRUE,FALSE
"W42","345","Заглавная страница/Содержание","2018-06-20T07:34:34Z",2018,"wiki_minor_edit","",59,345,"Заглавная страница/Содержание",2284,NA,2713,0,42,"RuMaks","human",TRUE,FALSE
"W47","345","Заглавная страница/Содержание","2018-07-09T09:56:42Z",2018,"wiki_minor_edit","Защищена страница «[[Заглавная страница/Содержание]]»: частый вандализм ([Редактирование=Разрешено только администраторам] (бессрочно) [П…",0,345,"Заглавная страница/Содержание",2716,NA,2713,0,47,"Asqwde","human",TRUE,FALSE
"W2","345","Заглавная страница/Содержание","2018-07-12T07:17:37Z",2018,"wiki_minor_edit","переименование",-80,345,"Заглавная страница/Содержание",2959,NA,2633,0,2,"Dimon4ezzz","human",TRUE,FALSE
"W2","345","Заглавная страница/Содержание","2018-07-12T07:17:52Z",2018,"wiki_minor_edit","",0,345,"Заглавная страница/Содержание",2960,NA,2633,0,2,"Dimon4ezzz","human",TRUE,FALSE
"W2","345","Заглавная страница/Содержание","2018-07-12T07:19:55Z",2018,"wiki_minor_edit","",-80,345,"Заглавная страница/Содержание",2965,NA,2553,0,2,"Dimon4ezzz","human",TRUE,FALSE
"W2","345","Заглавная страница/Содержание","2018-07-14T11:32:10Z",2018,"wiki_minor_edit","переименование категории",-216,345,"Заглавная страница/Содержание",3032,NA,2337,0,2,"Dimon4ezzz","human",TRUE,FALSE
"W42","345","Заглавная страница/Содержание","2018-07-18T14:02:38Z",2018,"wiki_minor_edit","",-4,345,"Заглавная страница/Содержание",3105,NA,2333,0,42,"RuMaks","human",TRUE,FALSE
"W2","345","Заглавная страница/Содержание","2018-07-18T15:55:15Z",2018,"wiki_minor_edit","Переименовывать везде",-4,345,"Заглавная страница/Содержание",3106,NA,2329,0,2,"Dimon4ezzz","human",TRUE,FALSE
"W114","345","Заглавная страница/Содержание","2022-10-31T19:43:10Z",2022,"wiki_minor_edit","",-26,345,"Заглавная страница/Содержание",5919,NA,2303,0,114,"Gohoski","human",TRUE,FALSE
"W114","345","Заглавная страница/Содержание","2022-11-01T06:11:06Z",2022,"wiki_minor_edit","Заменил битую ссылку",-11,345,"Заглавная страница/Содержание",5922,NA,2292,0,114,"Gohoski","human",TRUE,FALSE
"W114","345","Заглавная страница/Содержание","2022-11-01T06:20:42Z",2022,"wiki_minor_edit","",23,345,"Заглавная страница/Содержание",5924,NA,2315,0,114,"Gohoski","human",TRUE,FALSE
"W114","345","Заглавная страница/Содержание","2022-11-01T06:22:42Z",2022,"wiki_minor_edit","",-26,345,"Заглавная страница/Содержание",5926,NA,2289,0,114,"Gohoski","human",TRUE,FALSE
"W114","345","Заглавная страница/Содержание","2022-11-01T07:04:01Z",2022,"wiki_minor_edit","",12,345,"Заглавная страница/Содержание",5930,NA,2301,0,114,"Gohoski","human",TRUE,FALSE
"W114","345","Заглавная страница/Содержание","2022-11-01T09:52:00Z",2022,"wiki_minor_edit","",6,345,"Заглавная страница/Содержание",5961,NA,2307,0,114,"Gohoski","human",TRUE,FALSE
"W114","345","Заглавная страница/Содержание","2022-11-01T09:54:49Z",2022,"wiki_minor_edit","",-1,345,"Заглавная страница/Содержание",5962,NA,2306,0,114,"Gohoski","human",TRUE,FALSE
"W114","345","Заглавная страница/Содержание","2022-11-01T09:57:23Z",2022,"wiki_minor_edit","Отмена правки 5962, сделанной [[Special:Contributions/Gohoski|Gohoski]] ([[User talk:Gohoski|обсуждение]])",1,345,"Заглавная страница/Содержание",5964,NA,2307,0,114,"Gohoski","human",TRUE,FALSE
"W114","345","Заглавная страница/Содержание","2022-11-01T10:00:07Z",2022,"wiki_minor_edit","",-6,345,"Заглавная страница/Содержание",5965,NA,2301,0,114,"Gohoski","human",TRUE,FALSE
"W114","345","Заглавная страница/Содержание","2022-11-01T10:10:11Z",2022,"wiki_minor_edit","",0,345,"Заглавная страница/Содержание",5968,NA,2301,0,114,"Gohoski","human",TRUE,FALSE
"W114","345","Заглавная страница/Содержание","2022-11-01T12:21:37Z",2022,"wiki_minor_edit","",-1130,345,"Заглавная страница/Содержание",5976,NA,1171,0,114,"Gohoski","human",TRUE,FALSE
"W114","345","Заглавная страница/Содержание","2022-11-01T12:22:31Z",2022,"wiki_minor_edit","",1130,345,"Заглавная страница/Содержание",5977,NA,2301,0,114,"Gohoski","human",TRUE,FALSE
"W114","345","Заглавная страница/Содержание","2022-11-01T12:23:32Z",2022,"wiki_minor_edit","",-1,345,"Заглавная страница/Содержание",5978,NA,2300,0,114,"Gohoski","human",TRUE,FALSE
"W114","345","Заглавная страница/Содержание","2022-11-01T15:04:38Z",2022,"wiki_minor_edit","Сделал изображение программы Scratch правее в <includeonly>",0,345,"Заглавная страница/Содержание",5983,NA,2300,0,114,"Gohoski","human",TRUE,FALSE
"W114","345","Заглавная страница/Содержание","2022-11-05T14:16:06Z",2022,"wiki_minor_edit","",-4,345,"Заглавная страница/Содержание",6139,NA,2296,0,114,"Gohoski","human",TRUE,FALSE
"W114","345","Заглавная страница/Содержание","2022-11-05T14:16:19Z",2022,"wiki_minor_edit","",4,345,"Заглавная страница/Содержание",6140,NA,2300,0,114,"Gohoski","human",TRUE,FALSE
"W114","345","Заглавная страница/Содержание","2023-05-24T11:03:09Z",2023,"wiki_minor_edit","",3,345,"Заглавная страница/Содержание",8458,NA,2303,0,114,"Gohoski","human",TRUE,FALSE
"W114","345","Заглавная страница/Содержание","2023-05-24T11:03:43Z",2023,"wiki_minor_edit","",0,345,"Заглавная страница/Содержание",8459,NA,2303,0,114,"Gohoski","human",TRUE,FALSE
"W114","345","Заглавная страница/Содержание","2023-05-30T17:58:37Z",2023,"wiki_minor_edit","",81,345,"Заглавная страница/Содержание",8590,NA,2384,0,114,"Gohoski","human",TRUE,FALSE
"W114","345","Заглавная страница/Содержание","2024-02-04T15:20:39Z",2024,"wiki_minor_edit","новая категоризация",0,345,"Заглавная страница/Содержание",11246,NA,2384,0,114,"Gohoski","human",TRUE,FALSE
"W2","347","Заглавная страница/Скретч Вики","2017-01-20T19:56:39Z",2017,"wiki_minor_edit","Новая страница: « '''Скретч Вики''' — главный источник информации о [[Скретч]] на русском языке.  Вики ещё в ра…»",364,347,"Заглавная страница/Скретч Вики",1114,NA,364,0,2,"Dimon4ezzz","human",TRUE,FALSE
"W42","347","Заглавная страница/Скретч Вики","2018-06-20T07:34:23Z",2018,"wiki_minor_edit","",59,347,"Заглавная страница/Скретч Вики",2283,NA,423,0,42,"RuMaks","human",TRUE,FALSE
"W47","347","Заглавная страница/Скретч Вики","2018-06-27T11:50:46Z",2018,"wiki_minor_edit","",152,347,"Заглавная страница/Скретч Вики",2464,NA,575,0,47,"Asqwde","human",TRUE,FALSE
"W47","347","Заглавная страница/Скретч Вики","2018-06-27T11:50:56Z",2018,"wiki_minor_edit","",1,347,"Заглавная страница/Скретч Вики",2465,NA,576,0,47,"Asqwde","human",TRUE,FALSE
"W47","347","Заглавная страница/Скретч Вики","2018-06-27T11:51:06Z",2018,"wiki_minor_edit","Защищена страница «[[Заглавная страница/Скретч Вики]]»: частый вандализм ([Редактирование=Разрешено только администраторам] (бессрочно) [П…",0,347,"Заглавная страница/Скретч Вики",2466,NA,576,0,47,"Asqwde","human",TRUE,FALSE
"W114","347","Заглавная страница/Скретч Вики","2022-11-03T09:23:51Z",2022,"wiki_minor_edit","",-13,347,"Заглавная страница/Скретч Вики",6030,NA,563,0,114,"Gohoski","human",TRUE,FALSE
"W114","347","Заглавная страница/Скретч Вики","2023-01-20T15:10:04Z",2023,"wiki_minor_edit","",119,347,"Заглавная страница/Скретч Вики",6860,NA,682,0,114,"Gohoski","human",TRUE,FALSE
"W114","347","Заглавная страница/Скретч Вики","2023-04-27T18:43:22Z",2023,"wiki_minor_edit","про категорию забыл(и)",81,347,"Заглавная страница/Скретч Вики",8225,NA,763,0,114,"Gohoski","human",TRUE,FALSE
"W114","347","Заглавная страница/Скретч Вики","2024-08-27T10:23:47Z",2024,"wiki_minor_edit","",21,347,"Заглавная страница/Скретч Вики",12054,NA,784,0,114,"Gohoski","human",TRUE,FALSE
"W2","352","Бан","2017-01-21T14:22:23Z",2017,"wiki_minor_edit","Новая страница: «[[Файл:Сообщение о блокировке.png|thumb|right|Сообщение о блокировке]] {{Информация|Это статья о…»",10342,352,"Бан",1124,NA,10342,0,2,"Dimon4ezzz","human",TRUE,FALSE
"W2","352","Бан","2017-01-21T14:25:53Z",2017,"wiki_minor_edit","/* Бан на форуме */",175,352,"Бан",1126,NA,10517,0,2,"Dimon4ezzz","human",TRUE,FALSE
"W2","352","Бан","2017-01-21T14:28:31Z",2017,"wiki_minor_edit","/* Бан по IP */",94,352,"Бан",1128,NA,10611,0,2,"Dimon4ezzz","human",TRUE,FALSE
"W2","352","Бан","2017-01-21T14:31:46Z",2017,"wiki_minor_edit","/* Бан по IP */",241,352,"Бан",1130,NA,10852,0,2,"Dimon4ezzz","human",TRUE,FALSE
"W2","352","Бан","2017-01-21T14:35:54Z",2017,"wiki_minor_edit","/* Получение разблокировки */ Добавление изображения",221,352,"Бан",1132,NA,11073,0,2,"Dimon4ezzz","human",TRUE,FALSE
"W10","352","Бан","2017-01-22T12:41:01Z",2017,"wiki_bot_edit","clean up",-46,352,"Бан",1171,NA,11027,0,10,"D4zzzBOT","bot",TRUE,FALSE
"W36","352","Бан","2018-01-31T12:40:13Z",2018,"wiki_minor_edit","Добавлено соощение об избрании статьи для Вики Среды",127,352,"Бан",1683,NA,11154,0,36,"Mini Kostik","human",TRUE,FALSE
"W42","352","Бан","2018-06-20T07:27:39Z",2018,"wiki_minor_edit","",45,352,"Бан",2279,NA,11199,0,42,"RuMaks","human",TRUE,FALSE
"W10","352","Бан","2018-07-08T11:21:16Z",2018,"wiki_bot_edit","новая категоризация",-13,352,"Бан",2679,NA,11186,0,10,"D4zzzBOT","bot",TRUE,FALSE
"W21","352","Бан","2018-12-09T19:32:32Z",2018,"wiki_bot_edit","Adding interwikis.",34,352,"Бан",3857,NA,11220,0,21,"InterwikiBot","bot",TRUE,FALSE
"W36","352","Бан","2020-04-20T15:52:05Z",2020,"wiki_minor_edit","Защищена страница «[[Бан]]»: популярная страница: Избранная страница ([Редактирование=Разрешено только администраторам] (бессрочно) [Переи…",0,352,"Бан",5255,NA,11220,0,36,"Mini Kostik","human",TRUE,FALSE
"W36","352","Бан","2020-04-20T15:53:15Z",2020,"wiki_minor_edit","Снята защита с «[[Бан]]»",0,352,"Бан",5258,NA,11220,0,36,"Mini Kostik","human",TRUE,FALSE
"W114","352","Бан","2023-01-26T12:17:03Z",2023,"wiki_minor_edit","",-73,352,"Бан",7048,NA,11147,0,114,"Gohoski","human",TRUE,FALSE
"W120","352","Бан","2023-03-27T11:07:05Z",2023,"wiki_minor_edit","",24,352,"Бан",8054,NA,11171,0,120,"Idey programm","human",TRUE,FALSE
"W2","362","BB-коды","2017-01-21T19:33:43Z",2017,"wiki_minor_edit","Перенаправление на [[BB-код]]",45,362,"BB-коды",1148,NA,45,0,2,"Dimon4ezzz","human",TRUE,FALSE
"W2","368","Главная страница Скретч Вики","2017-01-22T09:26:19Z",2017,"wiki_minor_edit","Перенаправление на [[Заглавная страница]]",71,368,"Главная страница Скретч Вики",1165,NA,71,0,2,"Dimon4ezzz","human",TRUE,FALSE
"W2","370","BYOB","2017-01-24T10:04:10Z",2017,"wiki_minor_edit","Перенаправление на [[Создай Свой Собственный Блок (СССБ)]]",100,370,"BYOB",1307,NA,100,0,2,"Dimon4ezzz","human",TRUE,FALSE
"W34","413","Событийный блок","2017-03-18T18:11:02Z",2017,"wiki_minor_edit","Новая страница: « == '''Событийный блок''' ==  '''''АКТУАЛЬНО ТОЛЬКО ДЛЯ ВЕРСИИ SCRATCH 2.0 '''''  Сегодня речь пойдет о с…»",6167,413,"Событийный блок",1383,NA,6167,0,34,"Vlad150304","human",TRUE,FALSE
"W34","413","Событийный блок","2017-03-18T18:12:24Z",2017,"wiki_minor_edit","/* Событие ""Когда спрайт нажат..."" */",-1,413,"Событийный блок",1384,NA,6166,0,34,"Vlad150304","human",TRUE,FALSE
"W34","413","Событийный блок","2017-03-18T18:13:09Z",2017,"wiki_minor_edit","/* Событие ""Когда спрайт нажат..."" */",-3,413,"Событийный блок",1385,NA,6163,0,34,"Vlad150304","human",TRUE,FALSE
"W34","413","Событийный блок","2017-04-04T12:57:03Z",2017,"wiki_minor_edit","/* Событийный блок */",-44,413,"Событийный блок",1393,NA,6119,0,34,"Vlad150304","human",TRUE,FALSE
"W2","413","Событийный блок","2017-04-07T13:28:16Z",2017,"wiki_minor_edit","",-490,413,"Событийный блок",1394,NA,5629,0,2,"Dimon4ezzz","human",TRUE,FALSE
"W42","413","Событийный блок","2018-06-22T07:54:54Z",2018,"wiki_minor_edit","",55,413,"Событийный блок",2367,NA,5684,0,42,"RuMaks","human",TRUE,FALSE
"W42","413","Событийный блок","2018-07-11T07:15:28Z",2018,"wiki_minor_edit","",-9,413,"Событийный блок",2813,NA,5675,0,42,"RuMaks","human",TRUE,FALSE
"W42","413","Событийный блок","2018-07-16T09:39:07Z",2018,"wiki_minor_edit","",-1532,413,"Событийный блок",3053,NA,4143,0,42,"RuMaks","human",TRUE,FALSE
"W42","413","Событийный блок","2018-07-16T09:40:04Z",2018,"wiki_minor_edit","",32,413,"Событийный блок",3054,NA,4175,0,42,"RuMaks","human",TRUE,FALSE
"W2","413","Событийный блок","2018-07-18T13:02:47Z",2018,"wiki_minor_edit","интервики",161,413,"Событийный блок",3080,NA,4336,0,2,"Dimon4ezzz","human",TRUE,FALSE
"W2","413","Событийный блок","2018-07-18T13:07:36Z",2018,"wiki_minor_edit","интересный факт",164,413,"Событийный блок",3086,NA,4500,0,2,"Dimon4ezzz","human",TRUE,FALSE
"W2","413","Событийный блок","2018-07-18T13:47:04Z",2018,"wiki_minor_edit","/* Список блоков */ уточнения в версиях и интересный факт+",548,413,"Событийный блок",3104,NA,5048,0,2,"Dimon4ezzz","human",TRUE,FALSE
"W88","413","Событийный блок","2018-07-30T18:52:48Z",2018,"wiki_minor_edit","/* Список блоков */",0,413,"Событийный блок",3270,NA,5048,0,88,"Grevovan","human",TRUE,FALSE
"W42","413","Событийный блок","2018-07-30T21:25:41Z",2018,"wiki_minor_edit","Откат правок [[Special:Contributions/Grevovan|Grevovan]] ([[User talk:Grevovan|обсуждение]]) к версии [[User:Dimon4ezzz|Dimon4ezzz]]",0,413,"Событийный блок",3271,NA,5048,0,42,"RuMaks","human",TRUE,FALSE
"W113","413","Событийный блок","2020-05-27T04:36:40Z",2020,"wiki_minor_edit","/* Список блоков */",74,413,"Событийный блок",5346,NA,5122,0,113,"M-A-Z-2005","human",TRUE,FALSE
"W114","413","Событийный блок","2022-12-03T11:00:38Z",2022,"wiki_minor_edit","Случайно сделал дубликат ([[Блок события]]), но решил сделать перенаправление на дубликат.",-5063,413,"Событийный блок",6446,NA,59,0,114,"Gohoski","human",TRUE,FALSE
"W2","417","Блок сенсоров/Дней с 2000 г","2017-06-13T11:41:02Z",2017,"wiki_minor_edit","Новая страница: «{{Карточка блока | scratchblocks = <scratchblocks>дней с 01.01.2000</scratchblocks> | категория = Сенсоры | ссылка = Се…»",1609,417,"Блок сенсоров/Дней с 2000 г",1397,NA,1609,0,2,"Dimon4ezzz","human",TRUE,FALSE
"W42","417","Блок сенсоров/Дней с 2000 г","2018-05-17T18:09:40Z",2018,"wiki_minor_edit","",45,417,"Блок сенсоров/Дней с 2000 г",1856,NA,1654,0,42,"RuMaks","human",TRUE,FALSE
"W2","417","Блок сенсоров/Дней с 2000 г","2018-06-16T07:54:37Z",2018,"wiki_minor_edit","обновление текста и замена на шаблон интервик",11,417,"Блок сенсоров/Дней с 2000 г",2011,NA,1665,0,2,"Dimon4ezzz","human",TRUE,FALSE
"W68","417","Блок сенсоров/Дней с 2000 г","2018-06-16T09:01:42Z",2018,"wiki_minor_edit","",29,417,"Блок сенсоров/Дней с 2000 г",2022,NA,1694,0,68,"Tankist-scratch","human",TRUE,FALSE
"W68","417","Блок сенсоров/Дней с 2000 г","2018-06-16T11:15:31Z",2018,"wiki_minor_edit","",-7,417,"Блок сенсоров/Дней с 2000 г",2024,NA,1687,0,68,"Tankist-scratch","human",TRUE,FALSE
"W42","417","Блок сенсоров/Дней с 2000 г","2018-07-11T07:20:33Z",2018,"wiki_minor_edit","",-34,417,"Блок сенсоров/Дней с 2000 г",2820,NA,1653,0,42,"RuMaks","human",TRUE,FALSE
"W21","417","Блок сенсоров/Дней с 2000 г","2018-12-09T19:51:15Z",2018,"wiki_bot_edit","Adding interwikis.",103,417,"Блок сенсоров/Дней с 2000 г",3867,NA,1756,0,21,"InterwikiBot","bot",TRUE,FALSE
"W113","417","Блок сенсоров/Дней с 2000 г","2020-05-27T05:32:56Z",2020,"wiki_minor_edit","",37,417,"Блок сенсоров/Дней с 2000 г",5357,NA,1793,0,113,"M-A-Z-2005","human",TRUE,FALSE
"W165","417","Блок сенсоров/Дней с 2000 г","2022-11-04T08:20:18Z",2022,"wiki_minor_edit","",38,417,"Блок сенсоров/Дней с 2000 г",6057,NA,1831,0,165,"RunRun 5","human",TRUE,FALSE
"W114","417","Блок сенсоров/Дней с 2000 г","2023-02-03T17:54:49Z",2023,"wiki_minor_edit","Gohoski переименовал страницу [[Дней с 2000 года (блок)]] в [[Блок сенсоров/Дней с 2000 г]] без оставления перенаправления",0,417,"Блок сенсоров/Дней с 2000 г",7213,NA,1831,0,114,"Gohoski","human",TRUE,FALSE
"W2","418","Скрытые функции","2017-06-25T10:38:48Z",2017,"wiki_minor_edit","Новая страница: «В Скретч есть много скрытых функций, которые активируются нажатием на какие-то области э…»",3979,418,"Скрытые функции",1399,NA,3979,0,2,"Dimon4ezzz","human",TRUE,FALSE
"W38","418","Скрытые функции","2017-12-20T05:56:39Z",2017,"wiki_minor_edit","/* Меню */",-27,418,"Скрытые функции",1444,NA,3952,0,38,"IlyaMiheevilia","human",TRUE,FALSE
"W38","418","Скрытые функции","2017-12-20T05:56:57Z",2017,"wiki_minor_edit","/* Остальные */",-27,418,"Скрытые функции",1445,NA,3925,0,38,"IlyaMiheevilia","human",TRUE,FALSE
"W47","418","Скрытые функции","2018-06-18T05:33:43Z",2018,"wiki_minor_edit","Asqwde переименовал страницу [[Скрытые функции]] в [[Скрытые Функции]] без оставления перенаправления",0,418,"Скрытые функции",2077,NA,3925,0,47,"Asqwde","human",TRUE,FALSE
"W42","418","Скрытые функции","2018-06-19T16:27:36Z",2018,"wiki_minor_edit","",55,418,"Скрытые функции",2234,NA,3980,0,42,"RuMaks","human",TRUE,FALSE
"W2","418","Скрытые функции","2018-06-19T16:38:21Z",2018,"wiki_minor_edit","Dimon4ezzz переименовал страницу [[Скрытые Функции]] в [[Скрытые функции]] без оставления перенаправления: ненужный capit",0,418,"Скрытые функции",2241,NA,3980,0,2,"Dimon4ezzz","human",TRUE,FALSE
"W2","418","Скрытые функции","2018-07-08T06:18:55Z",2018,"wiki_minor_edit","/* Остальные */ статья существует, викификация",31,418,"Скрытые функции",2599,NA,4011,0,2,"Dimon4ezzz","human",TRUE,FALSE
"W42","418","Скрытые функции","2018-07-11T07:15:17Z",2018,"wiki_minor_edit","",-9,418,"Скрытые функции",2812,NA,4002,0,42,"RuMaks","human",TRUE,FALSE
"W21","418","Скрытые функции","2018-12-09T19:58:10Z",2018,"wiki_bot_edit","Adding interwikis.",51,418,"Скрытые функции",3870,NA,4053,0,21,"InterwikiBot","bot",TRUE,FALSE
"W114","418","Скрытые функции","2022-09-13T18:15:51Z",2022,"wiki_minor_edit","/* Меню */",40,418,"Скрытые функции",5894,NA,4093,0,114,"Gohoski","human",TRUE,FALSE
"W114","418","Скрытые функции","2024-02-04T15:17:07Z",2024,"wiki_minor_edit","авто: новая категоризация",0,418,"Скрытые функции",11190,NA,4093,0,114,"Gohoski","human",TRUE,FALSE
"W34","422","Стоп (блок)","2017-08-26T19:40:41Z",2017,"wiki_minor_edit","Новая страница: «[scratchblocks] стоп [ v] [/scratchblocks]  В этой статье я постараюсь чётко, ясно и без огромной серьезно…»",1853,422,"Стоп (блок)",1429,NA,1853,0,34,"Vlad150304","human",TRUE,FALSE
"W34","422","Стоп (блок)","2017-08-26T19:41:16Z",2017,"wiki_minor_edit","",1,422,"Стоп (блок)",1430,NA,1854,0,34,"Vlad150304","human",TRUE,FALSE
"W34","422","Стоп (блок)","2017-08-26T19:41:48Z",2017,"wiki_minor_edit","",-49,422,"Стоп (блок)",1431,NA,1805,0,34,"Vlad150304","human",TRUE,FALSE
"W34","422","Стоп (блок)","2017-08-26T19:42:06Z",2017,"wiki_minor_edit","",2,422,"Стоп (блок)",1432,NA,1807,0,34,"Vlad150304","human",TRUE,FALSE
"W2","422","Стоп (блок)","2017-09-06T15:35:55Z",2017,"wiki_minor_edit","Оформление",263,422,"Стоп (блок)",1435,NA,2070,0,2,"Dimon4ezzz","human",TRUE,FALSE
"W68","422","Стоп (блок)","2018-06-21T14:06:41Z",2018,"wiki_minor_edit","",36,422,"Стоп (блок)",2358,NA,2106,0,68,"Tankist-scratch","human",TRUE,FALSE
"W2","422","Стоп (блок)","2018-06-21T17:35:46Z",2018,"wiki_minor_edit","Не wikipedia, а wp",-7,422,"Стоп (блок)",2359,NA,2099,0,2,"Dimon4ezzz","human",TRUE,FALSE
"W68","422","Стоп (блок)","2018-06-21T17:59:46Z",2018,"wiki_minor_edit","",0,422,"Стоп (блок)",2360,NA,2099,0,68,"Tankist-scratch","human",TRUE,FALSE
"W21","422","Стоп (блок)","2018-12-11T19:45:09Z",2018,"wiki_bot_edit","Adding interwikis.",89,422,"Стоп (блок)",3904,NA,2188,0,21,"InterwikiBot","bot",TRUE,FALSE
"W113","422","Стоп (блок)","2020-05-27T04:38:48Z",2020,"wiki_minor_edit","",9,422,"Стоп (блок)",5347,NA,2197,0,113,"M-A-Z-2005","human",TRUE,FALSE
"W114","422","Стоп (блок)","2023-02-12T09:05:42Z",2023,"wiki_minor_edit","Перенаправление на [[Блок управления#stop]]",-2127,422,"Стоп (блок)",7476,NA,70,0,114,"Gohoski","human",TRUE,FALSE
"W38","430","Турбо-режим","2017-12-19T06:27:18Z",2017,"wiki_minor_edit","Новая страница: «'''Турбо-режим''' - специальная функция Scratch для ускоренного просмотра проектов. При его вк…»",419,430,"Турбо-режим",1443,NA,419,0,38,"IlyaMiheevilia","human",TRUE,FALSE
"W36","430","Турбо-режим","2017-12-24T09:29:21Z",2017,"wiki_minor_edit","Добавлено пояснения. Исправлена ошибка. Добавлено предложение",286,430,"Турбо-режим",1465,NA,705,0,36,"Mini Kostik","human",TRUE,FALSE
"W42","430","Турбо-режим","2018-05-09T11:37:52Z",2018,"wiki_minor_edit","",19,430,"Турбо-режим",1845,NA,724,0,42,"RuMaks","human",TRUE,FALSE
"W36","430","Турбо-режим","2018-06-19T14:48:55Z",2018,"wiki_minor_edit","Добавлено предложение.",118,430,"Турбо-режим",2212,NA,842,0,36,"Mini Kostik","human",TRUE,FALSE
"W42","430","Турбо-режим","2018-06-19T14:50:44Z",2018,"wiki_minor_edit","",22,430,"Турбо-режим",2214,NA,864,0,42,"RuMaks","human",TRUE,FALSE
"W42","430","Турбо-режим","2018-06-19T16:14:02Z",2018,"wiki_minor_edit","",55,430,"Турбо-режим",2222,NA,919,0,42,"RuMaks","human",TRUE,FALSE
"W42","430","Турбо-режим","2018-07-11T07:16:22Z",2018,"wiki_minor_edit","",-9,430,"Турбо-режим",2817,NA,910,0,42,"RuMaks","human",TRUE,FALSE
"W113","430","Турбо-режим","2020-06-04T13:09:59Z",2020,"wiki_minor_edit","",8,430,"Турбо-режим",5374,NA,918,0,113,"M-A-Z-2005","human",TRUE,FALSE
"W113","430","Турбо-режим","2020-06-30T04:32:37Z",2020,"wiki_minor_edit","",17,430,"Турбо-режим",5467,NA,935,0,113,"M-A-Z-2005","human",TRUE,FALSE
"W165","430","Турбо-режим","2022-11-10T14:01:42Z",2022,"wiki_minor_edit","",-6,430,"Турбо-режим",6238,NA,929,0,165,"RunRun 5","human",TRUE,FALSE
"W114","430","Турбо-режим","2023-03-12T10:49:28Z",2023,"wiki_minor_edit","это не руководство",53,430,"Турбо-режим",7865,NA,982,0,114,"Gohoski","human",TRUE,FALSE
"W120","430","Турбо-режим","2023-03-18T14:07:02Z",2023,"wiki_minor_edit","Перевод некоторых разделов с Английской Вики",2832,430,"Турбо-режим",7940,NA,3814,0,120,"Idey programm","human",TRUE,FALSE
"W217","430","Турбо-режим","2025-05-22T15:03:21Z",2025,"wiki_minor_edit","",24,430,"Турбо-режим",13434,NA,3838,0,217,"AGScratcherBest","human",TRUE,FALSE
"W38","431","Режим повышенной скорости","2017-12-20T05:58:57Z",2017,"wiki_minor_edit","Перенаправление на [[Турбо-режим]]",35,431,"Режим повышенной скорости",1446,NA,35,0,38,"IlyaMiheevilia","human",TRUE,FALSE
"W40","435","Список","2017-12-23T18:37:08Z",2017,"wiki_minor_edit","Новая страница: «Список это набор фраз, который находится во вкладке ""Данные"".  Он используется для чатов в…»",634,435,"Список",1455,NA,634,0,40,"Tank Maker333","human",TRUE,FALSE
"W40","435","Список","2017-12-23T18:38:51Z",2017,"wiki_minor_edit","Исправил ошибку",-22,435,"Список",1456,NA,612,0,40,"Tank Maker333","human",TRUE,FALSE
"W42","435","Список","2018-01-08T11:46:24Z",2018,"wiki_minor_edit","",1837,435,"Список",1503,NA,2449,0,42,"RuMaks","human",TRUE,FALSE
"W42","435","Список","2018-02-01T20:12:55Z",2018,"wiki_minor_edit","",73,435,"Список",1694,NA,2522,0,42,"RuMaks","human",TRUE,FALSE
"W36","435","Список","2018-06-17T19:23:32Z",2018,"wiki_minor_edit","Незначительные изменения статьи",-179,435,"Список",2050,NA,2343,0,36,"Mini Kostik","human",TRUE,FALSE
"W2","435","Список","2018-06-19T08:53:15Z",2018,"wiki_minor_edit","/* Что такое список и как его создать */ оформление",-49,435,"Список",2160,NA,2294,0,2,"Dimon4ezzz","human",TRUE,FALSE
"W42","435","Список","2018-06-19T13:25:14Z",2018,"wiki_minor_edit","",-12,435,"Список",2186,NA,2282,0,42,"RuMaks","human",TRUE,FALSE
"W42","435","Список","2018-06-22T07:53:26Z",2018,"wiki_minor_edit","",112,435,"Список",2366,NA,2394,0,42,"RuMaks","human",TRUE,FALSE
"W42","435","Список","2018-07-11T07:15:48Z",2018,"wiki_minor_edit","",-9,435,"Список",2814,NA,2385,0,42,"RuMaks","human",TRUE,FALSE
"W87","435","Список","2018-07-21T09:44:04Z",2018,"wiki_minor_edit","/* Списки */",2,435,"Список",3141,NA,2387,0,87,"Simon142","human",TRUE,FALSE
"W2","435","Список","2018-07-22T10:25:52Z",2018,"wiki_minor_edit","кхм",6,435,"Список",3159,NA,2393,0,2,"Dimon4ezzz","human",TRUE,FALSE
"W21","435","Список","2018-12-12T19:52:23Z",2018,"wiki_bot_edit","Adding interwikis.",14,435,"Список",3923,NA,2407,0,21,"InterwikiBot","bot",TRUE,FALSE
"W114","435","Список","2023-01-25T18:40:10Z",2023,"wiki_minor_edit","",-605,435,"Список",7032,NA,1802,0,114,"Gohoski","human",TRUE,FALSE
"W114","435","Список","2023-03-12T10:47:41Z",2023,"wiki_minor_edit","это не руководство",-46,435,"Список",7862,NA,1756,0,114,"Gohoski","human",TRUE,FALSE
"W120","435","Список","2023-03-12T15:13:42Z",2023,"wiki_minor_edit","Перевод некоторых разделов с Английской Вики",6460,435,"Список",7878,NA,8216,0,120,"Idey programm","human",TRUE,FALSE
"W120","435","Список","2023-05-28T11:02:59Z",2023,"wiki_minor_edit","Перевод некоторых разделов с Английской Вики",3713,435,"Список",8528,NA,11929,0,120,"Idey programm","human",TRUE,FALSE
"W42","445","Редактирование JSON проекта","2018-01-07T11:19:21Z",2018,"wiki_minor_edit","Новая страница: «{{Не для новичков}}   == Перед началом работы ==  Все проекты сделанные в [[Скретч 2.0]] сохраняю…»",6210,445,"Редактирование JSON проекта",1492,NA,6210,0,42,"RuMaks","human",TRUE,FALSE
"W42","445","Редактирование JSON проекта","2018-01-07T11:23:22Z",2018,"wiki_minor_edit","",228,445,"Редактирование JSON проекта",1493,NA,6438,0,42,"RuMaks","human",TRUE,FALSE
"W42","445","Редактирование JSON проекта","2018-01-08T10:42:33Z",2018,"wiki_minor_edit","",-139,445,"Редактирование JSON проекта",1498,NA,6299,0,42,"RuMaks","human",TRUE,FALSE
"W42","445","Редактирование JSON проекта","2018-01-09T18:58:31Z",2018,"wiki_minor_edit","",21,445,"Редактирование JSON проекта",1516,NA,6320,0,42,"RuMaks","human",TRUE,FALSE
"W42","445","Редактирование JSON проекта","2018-02-03T12:20:43Z",2018,"wiki_minor_edit","/* Виды меню */",469,445,"Редактирование JSON проекта",1696,NA,6789,0,42,"RuMaks","human",TRUE,FALSE
"W42","445","Редактирование JSON проекта","2018-02-09T17:19:50Z",2018,"wiki_minor_edit","Использовал шаблон SBox.",148,445,"Редактирование JSON проекта",1717,NA,6937,0,42,"RuMaks","human",TRUE,FALSE
"W42","445","Редактирование JSON проекта","2018-05-09T10:09:02Z",2018,"wiki_minor_edit","",-21,445,"Редактирование JSON проекта",1830,NA,6916,0,42,"RuMaks","human",TRUE,FALSE
"W49","445","Редактирование JSON проекта","2018-05-17T19:30:53Z",2018,"wiki_minor_edit","""And"" заменено на ""И"".",-1,445,"Редактирование JSON проекта",1858,NA,6915,0,49,"Hammerill","human",TRUE,FALSE
"W36","445","Редактирование JSON проекта","2018-06-20T07:14:43Z",2018,"wiki_minor_edit","Добавлен шаблон.",-1,445,"Редактирование JSON проекта",2272,NA,6914,0,36,"Mini Kostik","human",TRUE,FALSE
"W42","445","Редактирование JSON проекта","2018-07-09T06:00:51Z",2018,"wiki_minor_edit","Откат правок [[Special:Contributions/Mini Kostik|Mini Kostik]] ([[User talk:Mini Kostik|обсуждение]]) к версии [[User:Hammerill|Hammerill]]",1,445,"Редактирование JSON проекта",2713,NA,6915,0,42,"RuMaks","human",TRUE,FALSE
"W42","445","Редактирование JSON проекта","2018-07-09T06:35:21Z",2018,"wiki_minor_edit","",-77,445,"Редактирование JSON проекта",2714,NA,6838,0,42,"RuMaks","human",TRUE,FALSE
"W86","445","Редактирование JSON проекта","2018-12-06T13:27:39Z",2018,"wiki_minor_edit","/* Туториал */",0,445,"Редактирование JSON проекта",3839,NA,6838,0,86,"Ilnik0806","human",TRUE,FALSE
"W42","447","Переменная","2018-01-07T18:24:30Z",2018,"wiki_minor_edit","Новая страница: «= Переменные =  == Что такое переменная ==  Переменная - Это участок временной памяти компью…»",3429,447,"Переменная",1497,NA,3429,0,42,"RuMaks","human",TRUE,FALSE
"W42","447","Переменная","2018-01-08T10:44:02Z",2018,"wiki_minor_edit","",-97,447,"Переменная",1499,NA,3332,0,42,"RuMaks","human",TRUE,FALSE
"W42","447","Переменная","2018-01-08T10:44:45Z",2018,"wiki_minor_edit","",0,447,"Переменная",1500,NA,3332,0,42,"RuMaks","human",TRUE,FALSE
"W42","447","Переменная","2018-06-22T07:55:14Z",2018,"wiki_minor_edit","",55,447,"Переменная",2369,NA,3387,0,42,"RuMaks","human",TRUE,FALSE
"W47","447","Переменная","2018-06-25T07:22:09Z",2018,"wiki_minor_edit","/* описание блоков */",0,447,"Переменная",2415,NA,3387,0,47,"Asqwde","human",TRUE,FALSE
"W42","447","Переменная","2018-07-11T07:14:33Z",2018,"wiki_minor_edit","",-9,447,"Переменная",2808,NA,3378,0,42,"RuMaks","human",TRUE,FALSE
"W87","447","Переменная","2018-07-21T07:08:29Z",2018,"wiki_minor_edit","/* Что такое переменная */",128,447,"Переменная",3135,NA,3506,0,87,"Simon142","human",TRUE,FALSE
"W87","447","Переменная","2018-07-21T07:14:08Z",2018,"wiki_minor_edit","/* Описание Блоков */",74,447,"Переменная",3136,NA,3580,0,87,"Simon142","human",TRUE,FALSE
"W42","447","Переменная","2018-07-21T07:15:05Z",2018,"wiki_minor_edit","/* Что такое переменная */",8,447,"Переменная",3137,NA,3588,0,42,"RuMaks","human",TRUE,FALSE
"W42","447","Переменная","2018-07-21T07:15:23Z",2018,"wiki_minor_edit","/* Переменные */",-26,447,"Переменная",3138,NA,3562,0,42,"RuMaks","human",TRUE,FALSE
"W42","447","Переменная","2018-07-21T07:16:19Z",2018,"wiki_minor_edit","",0,447,"Переменная",3139,NA,3562,0,42,"RuMaks","human",TRUE,FALSE
"W2","447","Переменная","2018-07-22T10:29:45Z",2018,"wiki_minor_edit","",-124,447,"Переменная",3160,NA,3438,0,2,"Dimon4ezzz","human",TRUE,FALSE
"W2","447","Переменная","2018-07-22T10:30:59Z",2018,"wiki_minor_edit","",27,447,"Переменная",3163,NA,3465,0,2,"Dimon4ezzz","human",TRUE,FALSE
"W2","447","Переменная","2018-07-22T10:31:20Z",2018,"wiki_minor_edit","вп+",35,447,"Переменная",3164,NA,3500,0,2,"Dimon4ezzz","human",TRUE,FALSE
"W38","447","Переменная","2018-10-05T13:35:20Z",2018,"wiki_minor_edit","В тексте находился </scratchblocks>",-17,447,"Переменная",3570,NA,3483,0,38,"IlyaMiheevilia","human",TRUE,FALSE
"W120","447","Переменная","2022-02-28T16:11:13Z",2022,"wiki_minor_edit","",40,447,"Переменная",5812,NA,3523,0,120,"Idey programm","human",TRUE,FALSE
"W165","447","Переменная","2022-11-10T13:46:34Z",2022,"wiki_minor_edit","/* Счёт в игре */",0,447,"Переменная",6235,NA,3523,0,165,"RunRun 5","human",TRUE,FALSE
"W114","447","Переменная","2023-03-12T10:47:09Z",2023,"wiki_minor_edit","это не руководство",-47,447,"Переменная",7861,NA,3476,0,114,"Gohoski","human",TRUE,FALSE
"W217","447","Переменная","2023-11-10T08:36:33Z",2023,"wiki_minor_edit","/* Счёт в игре */",5,447,"Переменная",10315,NA,3481,0,217,"AGScratcherBest","human",TRUE,FALSE
"W217","447","Переменная","2023-11-10T08:37:51Z",2023,"wiki_minor_edit","/* Таймер */",0,447,"Переменная",10316,NA,3481,0,217,"AGScratcherBest","human",TRUE,FALSE
"W189","447","Переменная","2024-06-12T03:50:06Z",2024,"wiki_minor_edit","",120,447,"Переменная",11835,NA,3601,0,189,"Scratch craft 2","human",TRUE,FALSE
"W189","447","Переменная","2024-06-12T03:51:01Z",2024,"wiki_minor_edit","",2,447,"Переменная",11836,NA,3603,0,189,"Scratch craft 2","human",TRUE,FALSE
"W189","447","Переменная","2024-06-12T03:51:47Z",2024,"wiki_minor_edit","",5,447,"Переменная",11837,NA,3608,0,189,"Scratch craft 2","human",TRUE,FALSE
"W44","459","Звуковой редактор (для 2.0)","2018-01-10T08:13:44Z",2018,"wiki_minor_edit","Новая страница: «Знакомство со звуковым редактором в Scratch 2.0 ---- Звуковой редактор в Скретч, это программа…»",2318,459,"Звуковой редактор (для 2.0)",1518,NA,2318,0,44,"Kometa2007","human",TRUE,FALSE
"W42","459","Звуковой редактор (для 2.0)","2018-01-10T17:11:51Z",2018,"wiki_minor_edit","",1821,459,"Звуковой редактор (для 2.0)",1529,NA,4139,0,42,"RuMaks","human",TRUE,FALSE
"W44","459","Звуковой редактор (для 2.0)","2018-01-10T17:24:35Z",2018,"wiki_minor_edit","/* Знакомство со звуковым редактором */",2328,459,"Звуковой редактор (для 2.0)",1530,NA,6467,0,44,"Kometa2007","human",TRUE,FALSE
"W44","459","Звуковой редактор (для 2.0)","2018-01-10T17:25:30Z",2018,"wiki_minor_edit","/* Знакомство со звуковым редактором Scratch 2.0 */",24,459,"Звуковой редактор (для 2.0)",1531,NA,6491,0,44,"Kometa2007","human",TRUE,FALSE
"W44","459","Звуковой редактор (для 2.0)","2018-01-10T17:34:11Z",2018,"wiki_minor_edit","/* Знакомство со звуковым редактором Scratch 2.0 */",-538,459,"Звуковой редактор (для 2.0)",1532,NA,5953,0,44,"Kometa2007","human",TRUE,FALSE
"W42","459","Звуковой редактор (для 2.0)","2018-01-12T19:08:58Z",2018,"wiki_minor_edit","",-1782,459,"Звуковой редактор (для 2.0)",1571,NA,4171,0,42,"RuMaks","human",TRUE,FALSE
"W42","459","Звуковой редактор (для 2.0)","2018-01-12T19:09:26Z",2018,"wiki_minor_edit","",0,459,"Звуковой редактор (для 2.0)",1572,NA,4171,0,42,"RuMaks","human",TRUE,FALSE
"W42","459","Звуковой редактор (для 2.0)","2018-01-12T19:45:53Z",2018,"wiki_minor_edit","",11,459,"Звуковой редактор (для 2.0)",1575,NA,4182,0,42,"RuMaks","human",TRUE,FALSE
"W42","459","Звуковой редактор (для 2.0)","2018-01-12T19:46:27Z",2018,"wiki_minor_edit","Смотри также — раздел",1,459,"Звуковой редактор (для 2.0)",1576,NA,4183,0,42,"RuMaks","human",TRUE,FALSE
"W42","459","Звуковой редактор (для 2.0)","2018-05-17T18:11:41Z",2018,"wiki_minor_edit","",76,459,"Звуковой редактор (для 2.0)",1857,NA,4259,0,42,"RuMaks","human",TRUE,FALSE
"W42","459","Звуковой редактор (для 2.0)","2018-06-19T16:26:28Z",2018,"wiki_minor_edit","",55,459,"Звуковой редактор (для 2.0)",2231,NA,4314,0,42,"RuMaks","human",TRUE,FALSE
"W42","459","Звуковой редактор (для 2.0)","2018-07-11T07:13:49Z",2018,"wiki_minor_edit","",-9,459,"Звуковой редактор (для 2.0)",2804,NA,4305,0,42,"RuMaks","human",TRUE,FALSE
"W2","459","Звуковой редактор (для 2.0)","2018-07-12T13:22:33Z",2018,"wiki_minor_edit","",-552,459,"Звуковой редактор (для 2.0)",2986,NA,3753,0,2,"Dimon4ezzz","human",TRUE,FALSE
"W120","459","Звуковой редактор (для 2.0)","2023-02-08T11:06:25Z",2023,"wiki_minor_edit","Удаление информации о звуковом редакторе 3.0",-468,459,"Звуковой редактор (для 2.0)",7265,NA,3285,0,120,"Idey programm","human",TRUE,FALSE
"W120","459","Звуковой редактор (для 2.0)","2023-02-08T11:07:19Z",2023,"wiki_minor_edit","Idey programm переименовал страницу [[Звуковой редактор Скретч]] в [[Звуковой редактор Скретч для 2.0]]: Переименования страницы под новые стандарты",0,459,"Звуковой редактор (для 2.0)",7266,NA,3285,0,120,"Idey programm","human",TRUE,FALSE
"W114","459","Звуковой редактор (для 2.0)","2023-02-08T11:17:16Z",2023,"wiki_minor_edit","Gohoski переименовал страницу [[Звуковой редактор Скретч для 2.0]] в [[Звуковой редактор (для 2.0)]] без оставления перенаправления",0,459,"Звуковой редактор (для 2.0)",7268,NA,3285,0,114,"Gohoski","human",TRUE,FALSE
"W114","459","Звуковой редактор (для 2.0)","2023-02-10T15:28:15Z",2023,"wiki_minor_edit","",-1076,459,"Звуковой редактор (для 2.0)",7411,NA,2209,0,114,"Gohoski","human",TRUE,FALSE
"W217","459","Звуковой редактор (для 2.0)","2023-12-14T12:05:19Z",2023,"wiki_minor_edit","Ненужный br",-4,459,"Звуковой редактор (для 2.0)",10836,NA,2205,0,217,"AGScratcherBest","human",TRUE,FALSE
"W44","461","Сообщество Скретч","2018-01-10T08:23:00Z",2018,"wiki_minor_edit","Новая страница: «Сообщество Скретч, это группа всех людей зарегистрированных в Скретч.»",128,461,"Сообщество Скретч",1520,NA,128,0,44,"Kometa2007","human",TRUE,FALSE
"W44","461","Сообщество Скретч","2018-01-10T08:24:55Z",2018,"wiki_minor_edit","",44,461,"Сообщество Скретч",1521,NA,172,0,44,"Kometa2007","human",TRUE,FALSE
"W42","461","Сообщество Скретч","2018-06-19T16:25:22Z",2018,"wiki_minor_edit","",45,461,"Сообщество Скретч",2227,NA,217,0,42,"RuMaks","human",TRUE,FALSE
"W42","461","Сообщество Скретч","2018-07-10T06:11:30Z",2018,"wiki_minor_edit","",-13,461,"Сообщество Скретч",2738,NA,204,0,42,"RuMaks","human",TRUE,FALSE
"W113","461","Сообщество Скретч","2020-06-30T04:41:24Z",2020,"wiki_minor_edit","",4,461,"Сообщество Скретч",5468,NA,208,0,113,"M-A-Z-2005","human",TRUE,FALSE
"W120","461","Сообщество Скретч","2023-02-22T17:17:31Z",2023,"wiki_minor_edit","Перевод некоторых разделов с Английской Вики",2867,461,"Сообщество Скретч",7625,NA,3075,0,120,"Idey programm","human",TRUE,FALSE
"W120","461","Сообщество Скретч","2023-02-26T07:24:15Z",2023,"wiki_minor_edit","Интервики",58,461,"Сообщество Скретч",7711,NA,3133,0,120,"Idey programm","human",TRUE,FALSE
"W120","461","Сообщество Скретч","2023-08-15T15:04:02Z",2023,"wiki_minor_edit","Перевод некоторых разделов с Английской Вики",4520,461,"Сообщество Скретч",9128,NA,7653,0,120,"Idey programm","human",TRUE,FALSE
"W44","464","Скретч Сообщество","2018-01-10T09:00:05Z",2018,"wiki_minor_edit","Новая страница: «{{Незавершённая статья}} Сообщество Скретч, это группа всех людей зарегистрированных в С…»",172,464,"Скретч Сообщество",1524,NA,172,0,44,"Kometa2007","human",TRUE,FALSE
"W42","464","Скретч Сообщество","2018-01-12T18:10:03Z",2018,"wiki_minor_edit","Полностью удалено содержимое страницы",-172,464,"Скретч Сообщество",1563,NA,0,0,42,"RuMaks","human",TRUE,FALSE
"W42","464","Скретч Сообщество","2018-01-12T19:07:09Z",2018,"wiki_minor_edit","Перенаправление на [[Сообщество Скретч]]",47,464,"Скретч Сообщество",1570,NA,47,0,42,"RuMaks","human",TRUE,FALSE
"W36","464","Скретч Сообщество","2018-01-31T12:52:50Z",2018,"wiki_minor_edit","Mini Kostik переименовал страницу [[B1CECEC1D9C5D1D2C2CE B1CAD0C5D2D7]] в [[Скретч Сообщество]]: Недопустимое название",0,464,"Скретч Сообщество",1690,NA,47,0,36,"Mini Kostik","human",TRUE,FALSE
"W44","470","Скретч 3.0","2018-01-11T08:12:31Z",2018,"wiki_minor_edit","Новая страница: «= [[Скретч 3.0]] = == Что такое [[Скретч 3.0]] == Файл:Скриншот Скретч.jpg|300px|thumb|right|Интерфейс польз…»",3206,470,"Скретч 3.0",1536,NA,3206,0,44,"Kometa2007","human",TRUE,FALSE
"W44","470","Скретч 3.0","2018-01-11T08:23:23Z",2018,"wiki_minor_edit","",62,470,"Скретч 3.0",1542,NA,3268,0,44,"Kometa2007","human",TRUE,FALSE
"W44","470","Скретч 3.0","2018-01-12T07:46:36Z",2018,"wiki_minor_edit","",-4,470,"Скретч 3.0",1555,NA,3264,0,44,"Kometa2007","human",TRUE,FALSE
"W42","470","Скретч 3.0","2018-01-12T18:00:34Z",2018,"wiki_minor_edit","Исправлены ошибки и добавлены лишние отступы.",-34,470,"Скретч 3.0",1558,NA,3230,0,42,"RuMaks","human",TRUE,FALSE
"W42","470","Скретч 3.0","2018-01-12T18:04:05Z",2018,"wiki_minor_edit","",33,470,"Скретч 3.0",1559,NA,3263,0,42,"RuMaks","human",TRUE,FALSE
"W42","470","Скретч 3.0","2018-01-12T20:19:52Z",2018,"wiki_minor_edit","",381,470,"Скретч 3.0",1579,NA,3644,0,42,"RuMaks","human",TRUE,FALSE
"W42","470","Скретч 3.0","2018-02-01T22:35:40Z",2018,"wiki_minor_edit","",-3,470,"Скретч 3.0",1695,NA,3641,0,42,"RuMaks","human",TRUE,FALSE
"W42","470","Скретч 3.0","2018-02-18T04:19:50Z",2018,"wiki_minor_edit","",-21,470,"Скретч 3.0",1720,NA,3620,0,42,"RuMaks","human",TRUE,FALSE
"W36","470","Скретч 3.0","2018-02-21T17:14:15Z",2018,"wiki_minor_edit","Изменение даты выхода Скретч 3.0",127,470,"Скретч 3.0",1726,NA,3747,0,36,"Mini Kostik","human",TRUE,FALSE
"W47","470","Скретч 3.0","2018-06-18T04:48:28Z",2018,"wiki_minor_edit","/* Скретч 3.0 */",-26,470,"Скретч 3.0",2066,NA,3721,0,47,"Asqwde","human",TRUE,FALSE
"W47","470","Скретч 3.0","2018-06-18T09:58:12Z",2018,"wiki_minor_edit","/* Отличия Скретч 2.0 и Скретч 3.0 */",-4,470,"Скретч 3.0",2085,NA,3717,0,47,"Asqwde","human",TRUE,FALSE
"W42","470","Скретч 3.0","2018-06-20T07:59:13Z",2018,"wiki_minor_edit","",30,470,"Скретч 3.0",2295,NA,3747,0,42,"RuMaks","human",TRUE,FALSE
"W2","470","Скретч 3.0","2018-07-07T06:52:55Z",2018,"wiki_minor_edit","",-333,470,"Скретч 3.0",2515,NA,3414,0,2,"Dimon4ezzz","human",TRUE,FALSE
"W2","470","Скретч 3.0","2018-07-07T10:19:34Z",2018,"wiki_minor_edit","новые скриншоты",115,470,"Скретч 3.0",2523,NA,3529,0,2,"Dimon4ezzz","human",TRUE,FALSE
"W42","470","Скретч 3.0","2018-07-10T06:09:10Z",2018,"wiki_minor_edit","",115,470,"Скретч 3.0",2734,NA,3644,0,42,"RuMaks","human",TRUE,FALSE
"W2","470","Скретч 3.0","2018-07-26T12:17:32Z",2018,"wiki_minor_edit","/* Дата выхода */ уточнил с источником с Медиума",9,470,"Скретч 3.0",3250,NA,3653,0,2,"Dimon4ezzz","human",TRUE,FALSE
"W67","470","Скретч 3.0","2018-08-04T14:24:33Z",2018,"wiki_minor_edit","/* Дата выхода */",2,470,"Скретч 3.0",3315,NA,3655,0,67,"Qwertyabcd","human",TRUE,FALSE
"W88","470","Скретч 3.0","2018-08-05T08:43:46Z",2018,"wiki_minor_edit","/* Отличия Скретч 2.0 и Скретч 3.0 */",-18,470,"Скретч 3.0",3328,NA,3637,0,88,"Grevovan","human",TRUE,FALSE
"W42","470","Скретч 3.0","2018-08-05T08:55:49Z",2018,"wiki_minor_edit","Откат правок [[Special:Contributions/Grevovan|Grevovan]] ([[User talk:Grevovan|обсуждение]]) к версии [[User:Qwertyabcd|Qwertyabcd]]",18,470,"Скретч 3.0",3329,NA,3655,0,42,"RuMaks","human",TRUE,FALSE
"W42","470","Скретч 3.0","2018-08-05T08:58:23Z",2018,"wiki_minor_edit","",9,470,"Скретч 3.0",3330,NA,3664,0,42,"RuMaks","human",TRUE,FALSE
"W4","470","Скретч 3.0","2018-08-06T20:05:54Z",2018,"wiki_minor_edit","",43,470,"Скретч 3.0",3337,NA,3707,0,4,"Mtwoll","human",TRUE,FALSE
"W42","470","Скретч 3.0","2018-08-06T20:07:15Z",2018,"wiki_minor_edit","",-24,470,"Скретч 3.0",3338,NA,3683,0,42,"RuMaks","human",TRUE,FALSE
"W36","470","Скретч 3.0","2018-08-14T05:02:24Z",2018,"wiki_minor_edit","",-2,470,"Скретч 3.0",3382,NA,3681,0,36,"Mini Kostik","human",TRUE,FALSE
"W96","470","Скретч 3.0","2019-01-15T08:36:33Z",2019,"wiki_minor_edit","/* Дата выхода */",3,470,"Скретч 3.0",4024,NA,3684,0,96,"WikiHelper","human",TRUE,FALSE
"W96","470","Скретч 3.0","2019-01-15T08:59:10Z",2019,"wiki_minor_edit","Исправил устарелую информацию.",-23,470,"Скретч 3.0",4025,NA,3661,0,96,"WikiHelper","human",TRUE,FALSE
"W114","470","Скретч 3.0","2022-11-01T07:13:52Z",2022,"wiki_minor_edit","/* Отличия Скретч 2.0 и Скретч 3.0 */",0,470,"Скретч 3.0",5933,NA,3661,0,114,"Gohoski","human",TRUE,FALSE
"W114","470","Скретч 3.0","2022-11-07T16:23:52Z",2022,"wiki_minor_edit","",763,470,"Скретч 3.0",6209,NA,4424,0,114,"Gohoski","human",TRUE,FALSE
"W206","470","Скретч 3.0","2023-07-01T10:17:28Z",2023,"wiki_minor_edit","Изменил фотографии из редактора и из расширений.",-65,470,"Скретч 3.0",8891,NA,4359,0,206,"Redsquash","human",TRUE,FALSE
"W120","470","Скретч 3.0","2023-07-17T11:21:20Z",2023,"wiki_minor_edit","",-89,470,"Скретч 3.0",9016,NA,4270,0,120,"Idey programm","human",TRUE,FALSE
"W228","470","Скретч 3.0","2024-02-10T17:50:45Z",2024,"wiki_minor_edit","/* Отличия Скретч 2.0 и Скретч 3.0 */  При перемещении и удалении блоков нет звуков.",-108,470,"Скретч 3.0",11387,NA,4162,0,228,"BLACKCAT20144PLAYERS","human",TRUE,FALSE
"W228","470","Скретч 3.0","2024-03-04T12:44:58Z",2024,"wiki_minor_edit","Называется не Desktop версия, а автономный редактор",19,470,"Скретч 3.0",11510,NA,4181,0,228,"BLACKCAT20144PLAYERS","human",TRUE,FALSE
"W217","470","Скретч 3.0","2024-03-04T16:24:54Z",2024,"wiki_minor_edit","/* Как скачать автономный редактор Скретча 3.0 */",22,470,"Скретч 3.0",11518,NA,4203,0,217,"AGScratcherBest","human",TRUE,FALSE
"W217","470","Скретч 3.0","2024-03-04T16:25:31Z",2024,"wiki_minor_edit","/* О Скретч 3.0 */",-25,470,"Скретч 3.0",11519,NA,4178,0,217,"AGScratcherBest","human",TRUE,FALSE
"W44","473","ScratchJr","2018-01-11T10:09:23Z",2018,"wiki_minor_edit","Новая страница: «{{Незавершённая статья}} [[Файл:3763380 200x130.png]] ""[[ScratchJr]]"" или [[""Скретч Джуниор""]], это всё тот же…»",390,473,"ScratchJr",1548,NA,390,0,44,"Kometa2007","human",TRUE,FALSE
"W2","473","ScratchJr","2018-06-16T07:20:04Z",2018,"wiki_minor_edit","викификация, добавление интервики",29,473,"ScratchJr",2000,NA,419,0,2,"Dimon4ezzz","human",TRUE,FALSE
"W2","473","ScratchJr","2018-06-16T13:40:52Z",2018,"wiki_minor_edit","викификация, интервики",54,473,"ScratchJr",2031,NA,473,0,2,"Dimon4ezzz","human",TRUE,FALSE
"W36","473","ScratchJr","2018-06-17T19:33:49Z",2018,"wiki_minor_edit","Добавил больше информации",765,473,"ScratchJr",2052,NA,1238,0,36,"Mini Kostik","human",TRUE,FALSE
"W42","473","ScratchJr","2018-06-18T12:21:21Z",2018,"wiki_minor_edit","",42,473,"ScratchJr",2094,NA,1280,0,42,"RuMaks","human",TRUE,FALSE
"W42","473","ScratchJr","2018-06-20T07:21:41Z",2018,"wiki_minor_edit","",59,473,"ScratchJr",2275,NA,1339,0,42,"RuMaks","human",TRUE,FALSE
"W2","473","ScratchJr","2018-07-11T09:30:35Z",2018,"wiki_minor_edit","",-42,473,"ScratchJr",2881,NA,1297,0,2,"Dimon4ezzz","human",TRUE,FALSE
"W113","473","ScratchJr","2020-06-30T04:42:35Z",2020,"wiki_minor_edit","",4,473,"ScratchJr",5469,NA,1301,0,113,"M-A-Z-2005","human",TRUE,FALSE
"W114","473","ScratchJr","2022-10-09T08:21:58Z",2022,"wiki_minor_edit","/* Описание */",2,473,"ScratchJr",5902,NA,1303,0,114,"Gohoski","human",TRUE,FALSE
"W114","473","ScratchJr","2022-11-15T12:42:54Z",2022,"wiki_minor_edit","/* Описание */ Откуда я взял что с 3 лет?!",0,473,"ScratchJr",6313,NA,1303,0,114,"Gohoski","human",TRUE,FALSE
"W114","473","ScratchJr","2022-11-15T12:43:36Z",2022,"wiki_minor_edit","Исправление интервики",0,473,"ScratchJr",6314,NA,1303,0,114,"Gohoski","human",TRUE,FALSE
"W114","473","ScratchJr","2023-01-28T15:06:14Z",2023,"wiki_minor_edit","",3697,473,"ScratchJr",7080,NA,5000,0,114,"Gohoski","human",TRUE,FALSE
"W120","473","ScratchJr","2023-02-11T17:47:54Z",2023,"wiki_minor_edit","Добавление изображения",96,473,"ScratchJr",7463,NA,5096,0,120,"Idey programm","human",TRUE,FALSE
"W180","473","ScratchJr","2023-04-10T17:18:52Z",2023,"wiki_minor_edit","дополнил",4095,473,"ScratchJr",8117,NA,9191,0,180,"Veniamin6","human",TRUE,FALSE
"W180","473","ScratchJr","2023-04-10T17:49:28Z",2023,"wiki_minor_edit","завершено",-44,473,"ScratchJr",8125,NA,9147,0,180,"Veniamin6","human",TRUE,FALSE
"W114","473","ScratchJr","2023-04-10T18:01:03Z",2023,"wiki_minor_edit","форматирование",10,473,"ScratchJr",8126,NA,9157,0,114,"Gohoski","human",TRUE,FALSE
"W114","473","ScratchJr","2024-02-04T15:23:09Z",2024,"wiki_minor_edit","авто: новая категоризация",2,473,"ScratchJr",11292,NA,9159,0,114,"Gohoski","human",TRUE,FALSE
"W42","478","Костюм","2018-01-12T19:01:04Z",2018,"wiki_minor_edit","Новая страница: «{{Незавершённая статья}} = Костюмы =  == Что такое костюм? ==  Файл:Панель управления костюма…»",1144,478,"Костюм",1566,NA,1144,0,42,"RuMaks","human",TRUE,FALSE
"W42","478","Костюм","2018-06-19T16:27:24Z",2018,"wiki_minor_edit","",54,478,"Костюм",2233,NA,1198,0,42,"RuMaks","human",TRUE,FALSE
"W42","478","Костюм","2018-06-19T19:36:00Z",2018,"wiki_minor_edit","",136,478,"Костюм",2265,NA,1334,0,42,"RuMaks","human",TRUE,FALSE
"W30","478","Костюм","2018-06-23T18:46:13Z",2018,"wiki_minor_edit","/* блоки */",0,478,"Костюм",2397,NA,1334,0,30,"Marerjh","human",TRUE,FALSE
"W2","478","Костюм","2018-07-07T07:26:22Z",2018,"wiki_minor_edit","викификация, интервики",-107,478,"Костюм",2518,NA,1227,0,2,"Dimon4ezzz","human",TRUE,FALSE
"W42","478","Костюм","2018-07-11T07:14:12Z",2018,"wiki_minor_edit","",-9,478,"Костюм",2806,NA,1218,0,42,"RuMaks","human",TRUE,FALSE
"W2","478","Костюм","2018-07-11T09:06:49Z",2018,"wiki_minor_edit","",-183,478,"Костюм",2848,NA,1035,0,2,"Dimon4ezzz","human",TRUE,FALSE
"W2","478","Костюм","2018-07-11T09:11:14Z",2018,"wiki_minor_edit","",-387,478,"Костюм",2852,NA,648,0,2,"Dimon4ezzz","human",TRUE,FALSE
"W88","478","Костюм","2018-08-03T09:31:22Z",2018,"wiki_minor_edit","",543,478,"Костюм",3290,NA,1191,0,88,"Grevovan","human",TRUE,FALSE
"W88","478","Костюм","2018-08-03T09:36:18Z",2018,"wiki_minor_edit","/* Фон */",67,478,"Костюм",3292,NA,1258,0,88,"Grevovan","human",TRUE,FALSE
"W89","478","Костюм","2018-08-03T16:43:24Z",2018,"wiki_minor_edit","",1122,478,"Костюм",3294,NA,2380,0,89,"Toksin","human",TRUE,FALSE
"W89","478","Костюм","2018-08-03T16:49:40Z",2018,"wiki_minor_edit","",166,478,"Костюм",3295,NA,2546,0,89,"Toksin","human",TRUE,FALSE
"W89","478","Костюм","2018-08-03T16:58:03Z",2018,"wiki_minor_edit","",52,478,"Костюм",3296,NA,2598,0,89,"Toksin","human",TRUE,FALSE
"W89","478","Костюм","2018-08-03T17:21:22Z",2018,"wiki_minor_edit","Не судите строго, я имею опыт 2 года в скретче, но писать статьи не умею",217,478,"Костюм",3297,NA,2815,0,89,"Toksin","human",TRUE,FALSE
"W120","478","Костюм","2023-02-17T11:24:19Z",2023,"wiki_minor_edit","",2,478,"Костюм",7525,NA,2817,0,120,"Idey programm","human",TRUE,FALSE
"W180","478","Костюм","2023-05-24T05:50:54Z",2023,"wiki_minor_edit","полностью переписана статья",7517,478,"Костюм",8448,NA,10334,0,180,"Veniamin6","human",TRUE,FALSE
"W180","478","Костюм","2023-05-24T05:51:49Z",2023,"wiki_minor_edit","",20,478,"Костюм",8449,NA,10354,0,180,"Veniamin6","human",TRUE,FALSE
"W42","479","Звук","2018-01-12T19:43:53Z",2018,"wiki_minor_edit","Новая страница: «{{Незавершённая статья}}  = Звуки =  == Что такое звук? ==  Любой [[спрайт]] или [[сцена]] имеет во…»",1527,479,"Звук",1574,NA,1527,0,42,"RuMaks","human",TRUE,FALSE
"W42","479","Звук","2018-01-21T19:52:24Z",2018,"wiki_minor_edit","Незначительная правка :P",50,479,"Звук",1636,NA,1577,0,42,"RuMaks","human",TRUE,FALSE
"W42","479","Звук","2018-05-31T09:28:49Z",2018,"wiki_minor_edit","",701,479,"Звук",1882,NA,2278,0,42,"RuMaks","human",TRUE,FALSE
"W42","479","Звук","2018-06-20T07:36:15Z",2018,"wiki_minor_edit","",108,479,"Звук",2285,NA,2386,0,42,"RuMaks","human",TRUE,FALSE
"W42","479","Звук","2018-07-11T07:13:39Z",2018,"wiki_minor_edit","",-9,479,"Звук",2803,NA,2377,0,42,"RuMaks","human",TRUE,FALSE
"W2","479","Звук","2018-07-11T09:09:17Z",2018,"wiki_minor_edit","/* блоки звуков */",-619,479,"Звук",2850,NA,1758,0,2,"Dimon4ezzz","human",TRUE,FALSE
"W2","479","Звук","2018-07-11T09:09:41Z",2018,"wiki_minor_edit","/* Смотри также */",-48,479,"Звук",2851,NA,1710,0,2,"Dimon4ezzz","human",TRUE,FALSE
"W42","488","Массив","2018-01-16T12:03:15Z",2018,"wiki_minor_edit","Перенаправление на [[Список]]",26,488,"Массив",1611,NA,26,0,42,"RuMaks","human",TRUE,FALSE
"W42","493","Палитра блоков","2018-01-16T13:08:31Z",2018,"wiki_minor_edit","Новая страница: «= Палитра блоков =  Палитра блоков — это область, из которой можно вытащить [[блок|блоки]],…»",2849,493,"Палитра блоков",1616,NA,2849,0,42,"RuMaks","human",TRUE,FALSE
"W42","493","Палитра блоков","2018-01-16T13:11:07Z",2018,"wiki_minor_edit","Шаблон «Незавершённая статья»",44,493,"Палитра блоков",1617,NA,2893,0,42,"RuMaks","human",TRUE,FALSE
"W42","493","Палитра блоков","2018-05-09T11:36:20Z",2018,"wiki_minor_edit","",126,493,"Палитра блоков",1844,NA,3019,0,42,"RuMaks","human",TRUE,FALSE
"W60","493","Палитра блоков","2018-05-18T14:15:36Z",2018,"wiki_minor_edit","/* Движение */",26,493,"Палитра блоков",1860,NA,3045,0,60,"Roder3480","human",TRUE,FALSE
"W60","493","Палитра блоков","2018-05-18T14:19:48Z",2018,"wiki_minor_edit","/* Другие блоки */",0,493,"Палитра блоков",1861,NA,3045,0,60,"Roder3480","human",TRUE,FALSE
"W47","493","Палитра блоков","2018-06-18T04:56:03Z",2018,"wiki_minor_edit","Asqwde переименовал страницу [[Палитра блоков]] в [[Палитра Блоков]] без оставления перенаправления",0,493,"Палитра блоков",2071,NA,3045,0,47,"Asqwde","human",TRUE,FALSE
"W42","493","Палитра блоков","2018-06-18T12:55:26Z",2018,"wiki_minor_edit","RuMaks переименовал страницу [[Палитра Блоков]] в [[Палитра блоков]] без оставления перенаправления: возврат",0,493,"Палитра блоков",2100,NA,3045,0,42,"RuMaks","human",TRUE,FALSE
"W47","493","Палитра блоков","2018-06-18T14:22:00Z",2018,"wiki_minor_edit","Asqwde переименовал страницу [[Палитра блоков]] в [[Палитра Блоков]] без оставления перенаправления",0,493,"Палитра блоков",2108,NA,3045,0,47,"Asqwde","human",TRUE,FALSE
"W42","493","Палитра блоков","2018-06-18T14:46:35Z",2018,"wiki_minor_edit","RuMaks переименовал страницу [[Палитра Блоков]] в [[Палитра блоков]] без оставления перенаправления: Пожалуйста, не переименовывай эту страни…",0,493,"Палитра блоков",2109,NA,3045,0,42,"RuMaks","human",TRUE,FALSE
"W47","493","Палитра блоков","2018-06-18T14:54:27Z",2018,"wiki_minor_edit","Asqwde переименовал страницу [[Палитра блоков]] в [[Палитра Блоков]]: возврат",0,493,"Палитра блоков",2113,NA,3045,0,47,"Asqwde","human",TRUE,FALSE
"W42","493","Палитра блоков","2018-06-22T07:55:23Z",2018,"wiki_minor_edit","",55,493,"Палитра блоков",2370,NA,3100,0,42,"RuMaks","human",TRUE,FALSE
"W2","493","Палитра блоков","2018-06-25T13:54:06Z",2018,"wiki_minor_edit","Dimon4ezzz переименовал страницу [[Палитра Блоков]] в [[Палитра блоков]] поверх перенаправления и без оставления перенаправления: отмена capit",0,493,"Палитра блоков",2425,NA,3100,0,2,"Dimon4ezzz","human",TRUE,FALSE
"W42","493","Палитра блоков","2018-07-11T07:14:22Z",2018,"wiki_minor_edit","",-9,493,"Палитра блоков",2807,NA,3091,0,42,"RuMaks","human",TRUE,FALSE
"W42","493","Палитра блоков","2018-07-15T18:52:21Z",2018,"wiki_minor_edit","",970,493,"Палитра блоков",3042,NA,4061,0,42,"RuMaks","human",TRUE,FALSE
"W42","493","Палитра блоков","2018-07-15T19:15:18Z",2018,"wiki_minor_edit","",1193,493,"Палитра блоков",3044,NA,5254,0,42,"RuMaks","human",TRUE,FALSE
"W42","493","Палитра блоков","2018-07-17T19:41:24Z",2018,"wiki_minor_edit","",-4,493,"Палитра блоков",3075,NA,5250,0,42,"RuMaks","human",TRUE,FALSE
"W42","493","Палитра блоков","2018-07-19T17:23:07Z",2018,"wiki_minor_edit","",-7,493,"Палитра блоков",3110,NA,5243,0,42,"RuMaks","human",TRUE,FALSE
"W47","493","Палитра блоков","2018-09-05T11:50:17Z",2018,"wiki_minor_edit","Защищена страница «[[Палитра блоков]]»: частый вандализм ([Редактирование=Разрешено только администраторам] (истекает 22:00, 26 сентября 2018 (UTC…",0,493,"Палитра блоков",3459,NA,5243,0,47,"Asqwde","human",TRUE,FALSE
"W47","493","Палитра блоков","2018-09-05T11:51:14Z",2018,"wiki_minor_edit","Изменён уровень защиты страницы «[[Палитра блоков]]»: частый вандализм ([Редактирование=Разрешено только администраторам] (истекает 21:00, 26…",0,493,"Палитра блоков",3460,NA,5243,0,47,"Asqwde","human",TRUE,FALSE
"W88","493","Палитра блоков","2019-08-21T11:10:14Z",2019,"wiki_minor_edit","",20,493,"Палитра блоков",4550,NA,5263,0,88,"Grevovan","human",TRUE,FALSE
"W113","493","Палитра блоков","2020-06-30T03:24:49Z",2020,"wiki_minor_edit","",42,493,"Палитра блоков",5437,NA,5305,0,113,"M-A-Z-2005","human",TRUE,FALSE
"W113","493","Палитра блоков","2020-06-30T03:46:19Z",2020,"wiki_minor_edit","",0,493,"Палитра блоков",5446,NA,5305,0,113,"M-A-Z-2005","human",TRUE,FALSE
"W114","493","Палитра блоков","2023-01-26T12:01:52Z",2023,"wiki_minor_edit","",42,493,"Палитра блоков",7045,NA,5347,0,114,"Gohoski","human",TRUE,FALSE
"W120","493","Палитра блоков","2023-07-22T09:15:12Z",2023,"wiki_minor_edit","",1,493,"Палитра блоков",9076,NA,5348,0,120,"Idey programm","human",TRUE,FALSE
"W46","496","Конкурс Сотрудничества","2018-01-18T11:10:22Z",2018,"wiki_minor_edit","Новая страница: «Конкурс Сотрудничества - [https://wiki.scratch.mit.edu/wiki/Collab_Challenge Collab Challenge]  конкурс, в котором групп…»",3074,496,"Конкурс Сотрудничества",1630,NA,3074,0,46,"Evgeny patarakin","human",TRUE,FALSE
"W46","496","Конкурс Сотрудничества","2018-01-18T11:12:52Z",2018,"wiki_minor_edit","/* Конкурс Сотрудничества 2011 */",-26,496,"Конкурс Сотрудничества",1632,NA,3048,0,46,"Evgeny patarakin","human",TRUE,FALSE
"W46","496","Конкурс Сотрудничества","2018-01-18T11:16:17Z",2018,"wiki_minor_edit","/* Оценивание */",307,496,"Конкурс Сотрудничества",1633,NA,3355,0,46,"Evgeny patarakin","human",TRUE,FALSE
"W46","496","Конкурс Сотрудничества","2018-01-18T11:55:40Z",2018,"wiki_minor_edit","/* Как это работало */",8,496,"Конкурс Сотрудничества",1634,NA,3363,0,46,"Evgeny patarakin","human",TRUE,FALSE
"W46","496","Конкурс Сотрудничества","2018-01-18T12:07:47Z",2018,"wiki_minor_edit","/* Обновление конкурса сотрудничества в 2018 году */",1561,496,"Конкурс Сотрудничества",1635,NA,4924,0,46,"Evgeny patarakin","human",TRUE,FALSE
"W46","496","Конкурс Сотрудничества","2018-02-06T09:58:19Z",2018,"wiki_minor_edit","/* Обновление конкурса сотрудничества в 2018 году */",-1508,496,"Конкурс Сотрудничества",1703,NA,3416,0,46,"Evgeny patarakin","human",TRUE,FALSE
"W46","496","Конкурс Сотрудничества","2018-02-06T09:59:11Z",2018,"wiki_minor_edit","",-2,496,"Конкурс Сотрудничества",1704,NA,3414,0,46,"Evgeny patarakin","human",TRUE,FALSE
"W46","498","Конкурс SuperCode 2008","2018-01-22T17:08:36Z",2018,"wiki_minor_edit","Новая страница: «Конкурс индивидуальных проектов, написанных учениками в среде Scratch был проведен в 2008 год…»",7881,498,"Конкурс SuperCode 2008",1640,NA,7881,0,46,"Evgeny patarakin","human",TRUE,FALSE
"W2","498","Конкурс SuperCode 2008","2018-07-11T09:32:09Z",2018,"wiki_minor_edit","",2,498,"Конкурс SuperCode 2008",2885,NA,7883,0,2,"Dimon4ezzz","human",TRUE,FALSE
"W45","500","Фон","2018-01-25T18:20:29Z",2018,"wiki_minor_edit","Я создал эту запись про ""фон""",1302,500,"Фон",1669,NA,1302,0,45,"Marcus-Cactus","human",TRUE,FALSE
"W45","500","Фон","2018-01-25T18:23:05Z",2018,"wiki_minor_edit","",13,500,"Фон",1670,NA,1315,0,45,"Marcus-Cactus","human",TRUE,FALSE
"W42","500","Фон","2018-05-09T11:26:50Z",2018,"wiki_minor_edit","",95,500,"Фон",1837,NA,1410,0,42,"RuMaks","human",TRUE,FALSE
"W42","500","Фон","2018-05-09T11:27:29Z",2018,"wiki_minor_edit","",16,500,"Фон",1838,NA,1426,0,42,"RuMaks","human",TRUE,FALSE
"W42","500","Фон","2018-06-22T07:52:07Z",2018,"wiki_minor_edit","",55,500,"Фон",2365,NA,1481,0,42,"RuMaks","human",TRUE,FALSE
"W42","500","Фон","2018-07-11T07:10:26Z",2018,"wiki_minor_edit","",-13,500,"Фон",2796,NA,1468,0,42,"RuMaks","human",TRUE,FALSE
"W42","500","Фон","2018-07-11T07:11:55Z",2018,"wiki_minor_edit","",4,500,"Фон",2797,NA,1472,0,42,"RuMaks","human",TRUE,FALSE
"W114","500","Фон","2024-02-04T15:17:37Z",2024,"wiki_minor_edit","авто: новая категоризация",0,500,"Фон",11199,NA,1472,0,114,"Gohoski","human",TRUE,FALSE
"W120","500","Фон","2024-02-11T13:57:33Z",2024,"wiki_minor_edit","Оформление",22,500,"Фон",11403,NA,1494,0,120,"Idey programm","human",TRUE,FALSE
"W120","500","Фон","2024-02-24T12:06:36Z",2024,"wiki_minor_edit","Данная статья не относиться к категории, указанной ранее",-46,500,"Фон",11461,NA,1448,0,120,"Idey programm","human",TRUE,FALSE
"W46","502","Скретч-разметка","2018-01-26T09:12:28Z",2018,"wiki_minor_edit","Новая страница: «В вики можно использовать скретч-разметку  == Визуальные команды == * <sb>show</sb> <sb>показаться<…»",10269,502,"Скретч-разметка",1673,NA,10269,0,46,"Evgeny patarakin","human",TRUE,FALSE
"W113","502","Скретч-разметка","2020-07-04T07:08:28Z",2020,"wiki_minor_edit","",-5415,502,"Скретч-разметка",5494,NA,4854,0,113,"M-A-Z-2005","human",TRUE,FALSE
"W114","502","Скретч-разметка","2020-08-01T07:31:47Z",2020,"wiki_minor_edit","",2078,502,"Скретч-разметка",5525,NA,6932,0,114,"Gohoski","human",TRUE,FALSE
"W36","502","Скретч-разметка","2020-08-07T18:51:07Z",2020,"wiki_minor_edit","Починка блоков",6,502,"Скретч-разметка",5526,NA,6938,0,36,"Mini Kostik","human",TRUE,FALSE
"W114","502","Скретч-разметка","2022-12-14T12:19:08Z",2022,"wiki_minor_edit","Перенаправление на более подробную статью по ScratchBlocks",-6889,502,"Скретч-разметка",6527,NA,49,0,114,"Gohoski","human",TRUE,FALSE
"W42","503","События","2018-01-26T16:20:30Z",2018,"wiki_minor_edit","Перенаправление на [[Событийный блок]]",43,503,"События",1674,NA,43,0,42,"RuMaks","human",TRUE,FALSE
"W42","507","Обычный блок","2018-01-29T18:32:20Z",2018,"wiki_minor_edit","Новая страница: «'''Обычный блок''' - это классический тип блока. В [[Скретч 2.0]] их насчитывается 71 (если не сч…»",1825,507,"Обычный блок",1680,NA,1825,0,42,"RuMaks","human",TRUE,FALSE
"W42","507","Обычный блок","2018-03-31T15:28:06Z",2018,"wiki_minor_edit","/* Смотрите также */",83,507,"Обычный блок",1790,NA,1908,0,42,"RuMaks","human",TRUE,FALSE
"W42","507","Обычный блок","2018-05-07T17:36:46Z",2018,"wiki_minor_edit","",20,507,"Обычный блок",1822,NA,1928,0,42,"RuMaks","human",TRUE,FALSE
"W42","507","Обычный блок","2018-05-09T10:04:52Z",2018,"wiki_minor_edit","",66,507,"Обычный блок",1827,NA,1994,0,42,"RuMaks","human",TRUE,FALSE
"W42","507","Обычный блок","2018-06-18T10:51:04Z",2018,"wiki_minor_edit","RuMaks переименовал страницу [[Обычный блок]] в [[Обычный Блок]] без оставления перенаправления",0,507,"Обычный блок",2088,NA,1994,0,42,"RuMaks","human",TRUE,FALSE
"W42","507","Обычный блок","2018-06-18T12:50:17Z",2018,"wiki_minor_edit","RuMaks переименовал страницу [[Обычный Блок]] в [[Обычный блок]] без оставления перенаправления",0,507,"Обычный блок",2095,NA,1994,0,42,"RuMaks","human",TRUE,FALSE
"W42","507","Обычный блок","2018-06-20T07:57:37Z",2018,"wiki_minor_edit","",45,507,"Обычный блок",2294,NA,2039,0,42,"RuMaks","human",TRUE,FALSE
"W42","507","Обычный блок","2018-07-11T07:25:21Z",2018,"wiki_minor_edit","",0,507,"Обычный блок",2825,NA,2039,0,42,"RuMaks","human",TRUE,FALSE
"W42","507","Обычный блок","2018-07-11T07:29:57Z",2018,"wiki_minor_edit","Перенаправление на [[Блок#Обычный блок]]",-1926,507,"Обычный блок",2834,NA,113,0,42,"RuMaks","human",TRUE,FALSE
"W46","514","Collab Challenge","2018-02-05T18:11:15Z",2018,"wiki_minor_edit","Новая страница: «   ----  [[Категория:КомандныйКод]]»",56,514,"Collab Challenge",1700,NA,56,0,46,"Evgeny patarakin","human",TRUE,FALSE
"W46","514","Collab Challenge","2018-02-06T09:56:39Z",2018,"wiki_minor_edit","",2266,514,"Collab Challenge",1702,NA,2322,0,46,"Evgeny patarakin","human",TRUE,FALSE
"W46","514","Collab Challenge","2018-02-06T11:36:49Z",2018,"wiki_minor_edit","/* (Проект положения о конкурсе) */",79,514,"Collab Challenge",1707,NA,2401,0,46,"Evgeny patarakin","human",TRUE,FALSE
"W46","514","Collab Challenge","2018-02-06T11:40:30Z",2018,"wiki_minor_edit","",60,514,"Collab Challenge",1709,NA,2461,0,46,"Evgeny patarakin","human",TRUE,FALSE
"W46","514","Collab Challenge","2018-02-06T11:53:42Z",2018,"wiki_minor_edit","",22,514,"Collab Challenge",1711,NA,2483,0,46,"Evgeny patarakin","human",TRUE,FALSE
"W46","514","Collab Challenge","2018-02-07T08:45:06Z",2018,"wiki_minor_edit","/* (Проект положения о конкурсе) */",642,514,"Collab Challenge",1712,NA,3125,0,46,"Evgeny patarakin","human",TRUE,FALSE
"W46","514","Collab Challenge","2018-02-07T08:46:34Z",2018,"wiki_minor_edit","/* (Проект положения о конкурсе) */",-13,514,"Collab Challenge",1713,NA,3112,0,46,"Evgeny patarakin","human",TRUE,FALSE
"W46","514","Collab Challenge","2018-04-06T18:26:04Z",2018,"wiki_minor_edit","Evgeny patarakin переименовал страницу [[Конкурс Командный Код]] в [[Collab Challenge]]: изменилось название конкурса",0,514,"Collab Challenge",1795,NA,3112,0,46,"Evgeny patarakin","human",TRUE,FALSE
"W46","514","Collab Challenge","2018-04-06T19:03:30Z",2018,"wiki_minor_edit","",1856,514,"Collab Challenge",1799,NA,4968,0,46,"Evgeny patarakin","human",TRUE,FALSE
"W46","514","Collab Challenge","2018-04-06T19:03:58Z",2018,"wiki_minor_edit","",6,514,"Collab Challenge",1800,NA,4974,0,46,"Evgeny patarakin","human",TRUE,FALSE
"W46","514","Collab Challenge","2018-04-06T19:13:46Z",2018,"wiki_minor_edit","",1274,514,"Collab Challenge",1801,NA,6248,0,46,"Evgeny patarakin","human",TRUE,FALSE
"W46","514","Collab Challenge","2018-04-06T19:15:09Z",2018,"wiki_minor_edit","/* Тематика конкурса */",29,514,"Collab Challenge",1802,NA,6277,0,46,"Evgeny patarakin","human",TRUE,FALSE
"W2","514","Collab Challenge","2018-07-11T09:32:44Z",2018,"wiki_minor_edit","",39,514,"Collab Challenge",2886,NA,6316,0,2,"Dimon4ezzz","human",TRUE,FALSE
"W46","516","Конкурс Командный Код/Студии","2018-02-06T10:11:20Z",2018,"wiki_minor_edit","Новая страница: «Студии конкурса Командный Код  В качестве справочных материалов используются следующие…»",865,516,"Конкурс Командный Код/Студии",1705,NA,865,0,46,"Evgeny patarakin","human",TRUE,FALSE
"W46","516","Конкурс Командный Код/Студии","2018-02-06T10:19:06Z",2018,"wiki_minor_edit","",45,516,"Конкурс Командный Код/Студии",1706,NA,910,0,46,"Evgeny patarakin","human",TRUE,FALSE
"W46","516","Конкурс Командный Код/Студии","2018-02-06T11:37:42Z",2018,"wiki_minor_edit","",-121,516,"Конкурс Командный Код/Студии",1708,NA,789,0,46,"Evgeny patarakin","human",TRUE,FALSE
"W46","516","Конкурс Командный Код/Студии","2018-02-06T11:41:31Z",2018,"wiki_minor_edit","",-9,516,"Конкурс Командный Код/Студии",1710,NA,780,0,46,"Evgeny patarakin","human",TRUE,FALSE
"W46","516","Конкурс Командный Код/Студии","2018-02-07T08:49:49Z",2018,"wiki_minor_edit","",11,516,"Конкурс Командный Код/Студии",1714,NA,791,0,46,"Evgeny patarakin","human",TRUE,FALSE
"W46","516","Конкурс Командный Код/Студии","2018-02-07T08:50:04Z",2018,"wiki_minor_edit","",-1,516,"Конкурс Командный Код/Студии",1715,NA,790,0,46,"Evgeny patarakin","human",TRUE,FALSE
"W46","516","Конкурс Командный Код/Студии","2018-02-07T08:50:36Z",2018,"wiki_minor_edit","",-1,516,"Конкурс Командный Код/Студии",1716,NA,789,0,46,"Evgeny patarakin","human",TRUE,FALSE
"W217","516","Конкурс Командный Код/Студии","2023-12-11T09:53:25Z",2023,"wiki_minor_edit","Исправление кода (я попал сюда через [[Special:Random|случайную страницу]])",-188,516,"Конкурс Командный Код/Студии",10804,NA,601,0,217,"AGScratcherBest","human",TRUE,FALSE
"W217","516","Конкурс Командный Код/Студии","2023-12-11T09:54:19Z",2023,"wiki_minor_edit","Эм",-80,516,"Конкурс Командный Код/Студии",10805,NA,521,0,217,"AGScratcherBest","human",TRUE,FALSE
"W49","519","Сообщения и уведомления","2018-03-05T19:42:29Z",2018,"wiki_minor_edit","Новая страница: «{{Незавершённая статья}}  [[Файл:Сообщения_(S._2.0).png|thumb|Иконка сообщений]] '''Сообщения и увед…»",1040,519,"Сообщения и уведомления",1736,NA,1040,0,49,"Hammerill","human",TRUE,FALSE
"W49","519","Сообщения и уведомления","2018-03-05T20:05:10Z",2018,"wiki_minor_edit","",89,519,"Сообщения и уведомления",1737,NA,1129,0,49,"Hammerill","human",TRUE,FALSE
"W49","519","Сообщения и уведомления","2018-03-05T20:09:21Z",2018,"wiki_minor_edit","",-7,519,"Сообщения и уведомления",1738,NA,1122,0,49,"Hammerill","human",TRUE,FALSE
"W49","519","Сообщения и уведомления","2018-03-05T20:10:08Z",2018,"wiki_minor_edit","",-2,519,"Сообщения и уведомления",1739,NA,1120,0,49,"Hammerill","human",TRUE,FALSE
"W49","519","Сообщения и уведомления","2018-03-06T10:11:45Z",2018,"wiki_minor_edit","",1458,519,"Сообщения и уведомления",1745,NA,2578,0,49,"Hammerill","human",TRUE,FALSE
"W49","519","Сообщения и уведомления","2018-03-06T11:32:29Z",2018,"wiki_minor_edit","Добавлено всё, кроме вступления.",2671,519,"Сообщения и уведомления",1748,NA,5249,0,49,"Hammerill","human",TRUE,FALSE
"W49","519","Сообщения и уведомления","2018-03-06T11:33:14Z",2018,"wiki_minor_edit","Статья готова",-45,519,"Сообщения и уведомления",1749,NA,5204,0,49,"Hammerill","human",TRUE,FALSE
"W49","519","Сообщения и уведомления","2018-03-06T11:36:21Z",2018,"wiki_minor_edit","",1,519,"Сообщения и уведомления",1750,NA,5205,0,49,"Hammerill","human",TRUE,FALSE
"W49","519","Сообщения и уведомления","2018-03-06T11:37:49Z",2018,"wiki_minor_edit","",15,519,"Сообщения и уведомления",1751,NA,5220,0,49,"Hammerill","human",TRUE,FALSE
"W42","519","Сообщения и уведомления","2018-05-09T11:23:00Z",2018,"wiki_minor_edit","",110,519,"Сообщения и уведомления",1835,NA,5330,0,42,"RuMaks","human",TRUE,FALSE
"W42","519","Сообщения и уведомления","2018-06-19T16:25:01Z",2018,"wiki_minor_edit","",45,519,"Сообщения и уведомления",2225,NA,5375,0,42,"RuMaks","human",TRUE,FALSE
"W42","519","Сообщения и уведомления","2018-07-10T06:11:16Z",2018,"wiki_minor_edit","",-13,519,"Сообщения и уведомления",2737,NA,5362,0,42,"RuMaks","human",TRUE,FALSE
"W42","519","Сообщения и уведомления","2018-07-16T16:49:42Z",2018,"wiki_minor_edit","",-211,519,"Сообщения и уведомления",3071,NA,5151,0,42,"RuMaks","human",TRUE,FALSE
"W217","519","Сообщения и уведомления","2023-11-27T20:27:37Z",2023,"wiki_minor_edit","Исправление ошибок",-90,519,"Сообщения и уведомления",10571,NA,5061,0,217,"AGScratcherBest","human",TRUE,FALSE
"W217","519","Сообщения и уведомления","2023-11-28T07:48:27Z",2023,"wiki_minor_edit","Как я",-26,519,"Сообщения и уведомления",10572,NA,5035,0,217,"AGScratcherBest","human",TRUE,FALSE
"W217","519","Сообщения и уведомления","2023-12-17T13:34:32Z",2023,"wiki_minor_edit","",57,519,"Сообщения и уведомления",10873,NA,5092,0,217,"AGScratcherBest","human",TRUE,FALSE
"W42","529","Блок пера","2018-03-15T16:05:22Z",2018,"wiki_minor_edit","Новая страница: «'''Перо''' - это инструмент, с помощью которого [[спрайт]]ы могут оставлять след  = Перо = Перо…»",1260,529,"Блок пера",1763,NA,1260,0,42,"RuMaks","human",TRUE,FALSE
"W60","529","Блок пера","2018-05-18T14:57:16Z",2018,"wiki_minor_edit","/* Блоки пера */",66,529,"Блок пера",1862,NA,1326,0,60,"Roder3480","human",TRUE,FALSE
"W42","529","Блок пера","2018-06-22T07:55:05Z",2018,"wiki_minor_edit","",55,529,"Блок пера",2368,NA,1381,0,42,"RuMaks","human",TRUE,FALSE
"W2","529","Блок пера","2018-07-08T07:55:50Z",2018,"wiki_minor_edit","",2242,529,"Блок пера",2617,NA,3623,0,2,"Dimon4ezzz","human",TRUE,FALSE
"W2","529","Блок пера","2018-07-08T07:56:04Z",2018,"wiki_minor_edit","Dimon4ezzz переименовал страницу [[Перо]] в [[Блок рисования]] поверх перенаправления",0,529,"Блок пера",2618,NA,3623,0,2,"Dimon4ezzz","human",TRUE,FALSE
"W2","529","Блок пера","2018-07-08T09:00:46Z",2018,"wiki_minor_edit","Все блоки тута :)",5003,529,"Блок пера",2639,NA,8626,0,2,"Dimon4ezzz","human",TRUE,FALSE
"W88","529","Блок пера","2018-08-01T09:42:11Z",2018,"wiki_minor_edit","/* Несуществующие блоки */",-2,529,"Блок пера",3278,NA,8624,0,88,"Grevovan","human",TRUE,FALSE
"W36","529","Блок пера","2020-09-26T18:37:50Z",2020,"wiki_minor_edit","Починка блоков",203,529,"Блок пера",5589,NA,8827,0,36,"Mini Kostik","human",TRUE,FALSE
"W177","529","Блок пера","2022-12-14T05:43:57Z",2022,"wiki_minor_edit","",14,529,"Блок пера",6521,NA,8841,0,177,"Greg1234567890f","human",TRUE,FALSE
"W181","529","Блок пера","2023-01-22T11:42:14Z",2023,"wiki_minor_edit","Добавлены картинка расширения и шаблон Категории расширений",241,529,"Блок пера",6972,NA,9082,0,181,"Zuenko-michail","human",TRUE,FALSE
"W114","529","Блок пера","2023-01-22T12:25:23Z",2023,"wiki_minor_edit","",222,529,"Блок пера",6981,NA,9304,0,114,"Gohoski","human",TRUE,FALSE
"W114","529","Блок пера","2023-01-22T13:10:23Z",2023,"wiki_minor_edit","",-21,529,"Блок пера",6982,NA,9283,0,114,"Gohoski","human",TRUE,FALSE
"W114","529","Блок пера","2023-01-22T13:10:57Z",2023,"wiki_minor_edit","",14,529,"Блок пера",6983,NA,9297,0,114,"Gohoski","human",TRUE,FALSE
"W181","529","Блок пера","2023-01-29T09:40:48Z",2023,"wiki_minor_edit","Zuenko-michail переименовал страницу [[Блок рисования]] в [[Перо (расширение)]]: Эта статья о расширении, на английской вики она называется Pen Extension",0,529,"Блок пера",7084,NA,9297,0,181,"Zuenko-michail","human",TRUE,FALSE
"W114","529","Блок пера","2023-01-29T09:57:47Z",2023,"wiki_minor_edit","Gohoski переименовал страницу [[Перо (расширение)]] в [[Блок пера]]",0,529,"Блок пера",7090,NA,9297,0,114,"Gohoski","human",TRUE,FALSE
"W181","529","Блок пера","2023-01-29T10:02:13Z",2023,"wiki_minor_edit","Перевод статьи с английской вики",243,529,"Блок пера",7092,NA,9540,0,181,"Zuenko-michail","human",TRUE,FALSE
"W181","529","Блок пера","2023-01-29T10:07:59Z",2023,"wiki_minor_edit","Добавлена категория ""Расширения Скретч 3.0""",17,529,"Блок пера",7094,NA,9557,0,181,"Zuenko-michail","human",TRUE,FALSE
"W114","529","Блок пера","2023-02-11T09:29:28Z",2023,"wiki_minor_edit","",-2364,529,"Блок пера",7440,NA,7193,0,114,"Gohoski","human",TRUE,FALSE
"W196","529","Блок пера","2023-05-26T10:49:18Z",2023,"wiki_minor_edit","/* Блоки */",44,529,"Блок пера",8498,NA,7237,0,196,"Jevjik712","human",TRUE,FALSE
"W120","529","Блок пера","2023-06-18T18:52:08Z",2023,"wiki_minor_edit","",48,529,"Блок пера",8756,NA,7285,0,120,"Idey programm","human",TRUE,FALSE
"W217","529","Блок пера","2023-10-19T09:40:22Z",2023,"wiki_minor_edit","/* Блоки */",35,529,"Блок пера",9765,NA,7320,0,217,"AGScratcherBest","human",TRUE,FALSE
"W217","529","Блок пера","2023-10-27T08:22:34Z",2023,"wiki_minor_edit","/* Блоки */",46,529,"Блок пера",9966,NA,7366,0,217,"AGScratcherBest","human",TRUE,FALSE
"W114","529","Блок пера","2024-02-04T15:23:42Z",2024,"wiki_minor_edit","авто: новая категоризация",0,529,"Блок пера",11302,NA,7366,0,114,"Gohoski","human",TRUE,FALSE
"W114","529","Блок пера","2024-02-04T15:28:18Z",2024,"wiki_minor_edit","авто: новая категоризация",2,529,"Блок пера",11315,NA,7368,0,114,"Gohoski","human",TRUE,FALSE
"W269","529","Блок пера","2025-05-10T15:47:04Z",2025,"wiki_minor_edit","",38,529,"Блок пера",13236,NA,7406,0,269,"Tagir14012014","human",TRUE,FALSE
"W269","529","Блок пера","2025-05-11T07:21:10Z",2025,"wiki_minor_edit","",2,529,"Блок пера",13250,NA,7408,0,269,"Tagir14012014","human",TRUE,FALSE
"W42","532","Блок репортёр","2018-03-24T11:06:28Z",2018,"wiki_minor_edit","Новая страница: «'''Блок репортёр''' возвращает какое-либо число. Например переменную или сумму двух чисел.…»",887,532,"Блок репортёр",1772,NA,887,0,42,"RuMaks","human",TRUE,FALSE
"W42","532","Блок репортёр","2018-03-31T15:18:58Z",2018,"wiki_minor_edit","",2,532,"Блок репортёр",1788,NA,889,0,42,"RuMaks","human",TRUE,FALSE
"W42","532","Блок репортёр","2018-03-31T15:25:54Z",2018,"wiki_minor_edit","",595,532,"Блок репортёр",1789,NA,1484,0,42,"RuMaks","human",TRUE,FALSE
"W42","532","Блок репортёр","2018-05-07T17:37:25Z",2018,"wiki_minor_edit","",23,532,"Блок репортёр",1823,NA,1507,0,42,"RuMaks","human",TRUE,FALSE
"W42","532","Блок репортёр","2018-05-09T10:05:40Z",2018,"wiki_minor_edit","",76,532,"Блок репортёр",1828,NA,1583,0,42,"RuMaks","human",TRUE,FALSE
"W42","532","Блок репортёр","2018-06-18T10:47:26Z",2018,"wiki_minor_edit","RuMaks переименовал страницу [[Блок репортёр]] в [[Блок Репортёр]]",0,532,"Блок репортёр",2086,NA,1583,0,42,"RuMaks","human",TRUE,FALSE
"W42","532","Блок репортёр","2018-06-18T12:51:03Z",2018,"wiki_minor_edit","RuMaks переименовал страницу [[Блок Репортёр]] в [[Блок репортёр]]",0,532,"Блок репортёр",2096,NA,1583,0,42,"RuMaks","human",TRUE,FALSE
"W47","532","Блок репортёр","2018-06-18T14:21:35Z",2018,"wiki_minor_edit","Asqwde переименовал страницу [[Блок репортёр]] в [[Блок Репортёр]] без оставления перенаправления",0,532,"Блок репортёр",2107,NA,1583,0,47,"Asqwde","human",TRUE,FALSE
"W42","532","Блок репортёр","2018-06-18T14:46:55Z",2018,"wiki_minor_edit","RuMaks переименовал страницу [[Блок Репортёр]] в [[Блок репортёр]] без оставления перенаправления: Пожалуйста, не переименовывай эту страницу…",0,532,"Блок репортёр",2110,NA,1583,0,42,"RuMaks","human",TRUE,FALSE
"W47","532","Блок репортёр","2018-06-18T14:53:15Z",2018,"wiki_minor_edit","Asqwde переименовал страницу [[Блок репортёр]] в [[Блок Репортёр]]: Я оставил перенаправление",0,532,"Блок репортёр",2111,NA,1583,0,47,"Asqwde","human",TRUE,FALSE
"W42","532","Блок репортёр","2018-06-20T07:22:45Z",2018,"wiki_minor_edit","",45,532,"Блок репортёр",2276,NA,1628,0,42,"RuMaks","human",TRUE,FALSE
"W2","532","Блок репортёр","2018-06-25T13:54:44Z",2018,"wiki_minor_edit","Dimon4ezzz переименовал страницу [[Блок Репортёр]] в [[Блок репортёр]] поверх перенаправления и без оставления перенаправления: capit",0,532,"Блок репортёр",2426,NA,1628,0,2,"Dimon4ezzz","human",TRUE,FALSE
"W42","532","Блок репортёр","2018-07-11T07:25:12Z",2018,"wiki_minor_edit","",0,532,"Блок репортёр",2824,NA,1628,0,42,"RuMaks","human",TRUE,FALSE
"W42","532","Блок репортёр","2018-07-11T07:29:16Z",2018,"wiki_minor_edit","Перенаправление на [[Блок#Репортёр]]",-1522,532,"Блок репортёр",2833,NA,106,0,42,"RuMaks","human",TRUE,FALSE
"W46","536","Конкурс Командный Код","2018-04-06T18:26:04Z",2018,"wiki_minor_edit","Evgeny patarakin переименовал страницу [[Конкурс Командный Код]] в [[Collab Challenge]]: изменилось название конкурса",52,536,"Конкурс Командный Код",1796,NA,52,0,46,"Evgeny patarakin","human",TRUE,FALSE
"W46","538","Scratch/JudgingCriteria","2018-04-06T19:16:32Z",2018,"wiki_minor_edit","Новая страница: «Критерии оценивания качества Scratch проектов, которые использует [[Dr.Scratch]] - http://www.drscratch.org/…»",4379,538,"Scratch/JudgingCriteria",1803,NA,4379,0,46,"Evgeny patarakin","human",TRUE,FALSE
"W2","538","Scratch/JudgingCriteria","2018-06-19T08:20:08Z",2018,"wiki_minor_edit","неизвестная категория",-41,538,"Scratch/JudgingCriteria",2147,NA,4338,0,2,"Dimon4ezzz","human",TRUE,FALSE
"W2","538","Scratch/JudgingCriteria","2018-07-11T09:16:35Z",2018,"wiki_minor_edit","",-30,538,"Scratch/JudgingCriteria",2860,NA,4308,0,2,"Dimon4ezzz","human",TRUE,FALSE
"W46","541","Scratch/TeamWork","2018-04-06T19:25:54Z",2018,"wiki_minor_edit","Новая страница: «Критерии оценивания командной деятельности в среде Scratch: # Умение разделять и делегирова…»",3869,541,"Scratch/TeamWork",1806,NA,3869,0,46,"Evgeny patarakin","human",TRUE,FALSE
"W2","541","Scratch/TeamWork","2018-06-19T08:21:00Z",2018,"wiki_minor_edit","оформление, категория",-3,541,"Scratch/TeamWork",2148,NA,3866,0,2,"Dimon4ezzz","human",TRUE,FALSE
"W2","541","Scratch/TeamWork","2018-07-08T10:52:10Z",2018,"wiki_minor_edit","?",-37,541,"Scratch/TeamWork",2649,NA,3829,0,2,"Dimon4ezzz","human",TRUE,FALSE
"W2","541","Scratch/TeamWork","2018-07-11T09:15:22Z",2018,"wiki_minor_edit","",-24,541,"Scratch/TeamWork",2859,NA,3805,0,2,"Dimon4ezzz","human",TRUE,FALSE
"W46","542","Дерево ремиксов (для 2.0)","2018-04-06T19:27:00Z",2018,"wiki_minor_edit","Новая страница: «Для каждого опубликованного проекта [[Scratch]] есть возможность сделать его [[ремикс]]. При э…»",482,542,"Дерево ремиксов (для 2.0)",1807,NA,482,0,46,"Evgeny patarakin","human",TRUE,FALSE
"W47","542","Дерево ремиксов (для 2.0)","2018-06-18T05:24:52Z",2018,"wiki_minor_edit","Asqwde переименовал страницу [[Дерево ремиксов]] в [[Дерево Ремиксов]] без оставления перенаправления",0,542,"Дерево ремиксов (для 2.0)",2075,NA,482,0,47,"Asqwde","human",TRUE,FALSE
"W36","542","Дерево ремиксов (для 2.0)","2018-06-19T14:40:39Z",2018,"wiki_minor_edit","Добавлено изображение. Добавлены пояснения.",101,542,"Дерево ремиксов (для 2.0)",2210,NA,583,0,36,"Mini Kostik","human",TRUE,FALSE
"W2","542","Дерево ремиксов (для 2.0)","2018-06-19T14:48:57Z",2018,"wiki_minor_edit","Dimon4ezzz переименовал страницу [[Дерево Ремиксов]] в [[Дерево ремиксов]] без оставления перенаправления: Ненужный capit",0,542,"Дерево ремиксов (для 2.0)",2213,NA,583,0,2,"Dimon4ezzz","human",TRUE,FALSE
"W42","542","Дерево ремиксов (для 2.0)","2018-06-19T14:52:17Z",2018,"wiki_minor_edit","",13,542,"Дерево ремиксов (для 2.0)",2215,NA,596,0,42,"RuMaks","human",TRUE,FALSE
"W36","542","Дерево ремиксов (для 2.0)","2018-06-19T14:55:46Z",2018,"wiki_minor_edit","",-1,542,"Дерево ремиксов (для 2.0)",2217,NA,595,0,36,"Mini Kostik","human",TRUE,FALSE
"W42","542","Дерево ремиксов (для 2.0)","2018-06-19T16:13:37Z",2018,"wiki_minor_edit","",45,542,"Дерево ремиксов (для 2.0)",2221,NA,640,0,42,"RuMaks","human",TRUE,FALSE
"W47","542","Дерево ремиксов (для 2.0)","2018-06-25T07:21:19Z",2018,"wiki_minor_edit","Asqwde переименовал страницу [[Дерево ремиксов]] в [[Дерево Ремиксов]] без оставления перенаправления",0,542,"Дерево ремиксов (для 2.0)",2414,NA,640,0,47,"Asqwde","human",TRUE,FALSE
"W42","542","Дерево ремиксов (для 2.0)","2018-06-25T10:29:14Z",2018,"wiki_minor_edit","RuMaks переименовал страницу [[Дерево Ремиксов]] в [[Дерево ремиксов]] без оставления перенаправления: Пишется без заглавной «р». Подтвержден…",0,542,"Дерево ремиксов (для 2.0)",2417,NA,640,0,42,"RuMaks","human",TRUE,FALSE
"W10","542","Дерево ремиксов (для 2.0)","2018-07-08T11:30:27Z",2018,"wiki_bot_edit","новая категоризация",-15,542,"Дерево ремиксов (для 2.0)",2695,NA,625,0,10,"D4zzzBOT","bot",TRUE,FALSE
"W113","542","Дерево ремиксов (для 2.0)","2020-06-30T02:42:23Z",2020,"wiki_minor_edit","M-A-Z-2005 переименовал страницу [[Дерево ремиксов]] в [[Дерево ремиксов (для 2.0)]]: В текущей версии Скретч нет дерева ремиксов.",0,542,"Дерево ремиксов (для 2.0)",5434,NA,625,0,113,"M-A-Z-2005","human",TRUE,FALSE
"W113","542","Дерево ремиксов (для 2.0)","2020-06-30T02:47:54Z",2020,"wiki_minor_edit","",40,542,"Дерево ремиксов (для 2.0)",5436,NA,665,0,113,"M-A-Z-2005","human",TRUE,FALSE
"W114","542","Дерево ремиксов (для 2.0)","2022-09-10T12:25:33Z",2022,"wiki_minor_edit","",436,542,"Дерево ремиксов (для 2.0)",5879,NA,1101,0,114,"Gohoski","human",TRUE,FALSE
"W114","542","Дерево ремиксов (для 2.0)","2022-11-30T19:12:25Z",2022,"wiki_minor_edit","Реклама сторонних расширений",-137,542,"Дерево ремиксов (для 2.0)",6431,NA,964,0,114,"Gohoski","human",TRUE,FALSE
"W177","542","Дерево ремиксов (для 2.0)","2022-12-14T14:17:06Z",2022,"wiki_minor_edit","Добавлены ссылки",42,542,"Дерево ремиксов (для 2.0)",6531,NA,1006,0,177,"Greg1234567890f","human",TRUE,FALSE
"W189","542","Дерево ремиксов (для 2.0)","2023-10-06T20:32:51Z",2023,"wiki_minor_edit","изображение",195,542,"Дерево ремиксов (для 2.0)",9403,NA,1201,0,189,"Scratch craft 2","human",TRUE,FALSE
"W217","542","Дерево ремиксов (для 2.0)","2023-12-08T14:47:04Z",2023,"wiki_minor_edit","Отмена правки 9403, сделанной [[Special:Contributions/Scratch craft 2|Scratch craft 2]] ([[User talk:Scratch craft 2|обсуждение]])",-195,542,"Дерево ремиксов (для 2.0)",10748,NA,1006,0,217,"AGScratcherBest","human",TRUE,FALSE
"W217","542","Дерево ремиксов (для 2.0)","2023-12-08T14:48:12Z",2023,"wiki_minor_edit","",-25,542,"Дерево ремиксов (для 2.0)",10749,NA,981,0,217,"AGScratcherBest","human",TRUE,FALSE
"W269","542","Дерево ремиксов (для 2.0)","2025-05-04T14:23:48Z",2025,"wiki_minor_edit","",40,542,"Дерево ремиксов (для 2.0)",12873,NA,1021,0,269,"Tagir14012014","human",TRUE,FALSE
"W269","542","Дерево ремиксов (для 2.0)","2025-05-04T14:24:12Z",2025,"wiki_minor_edit","",-40,542,"Дерево ремиксов (для 2.0)",12874,NA,981,0,269,"Tagir14012014","human",TRUE,FALSE
"W42","543","Scratch","2018-04-07T10:19:35Z",2018,"wiki_minor_edit","Перенаправление на [[Скретч]]",26,543,"Scratch",1808,NA,26,0,42,"RuMaks","human",TRUE,FALSE
"W60","551","Изменение цвета блоков (для 2.0)","2018-04-22T08:30:38Z",2018,"wiki_minor_edit","Новая страница: «                                '''Изменение цвета влоков.''' В онлай редакторе есть возможность менять ц…»",2071,551,"Изменение цвета блоков (для 2.0)",1817,NA,2071,0,60,"Roder3480","human",TRUE,FALSE
"W49","551","Изменение цвета блоков (для 2.0)","2018-04-30T18:47:01Z",2018,"wiki_minor_edit","Исправлены некоторые ошибки",3,551,"Изменение цвета блоков (для 2.0)",1818,NA,2074,0,49,"Hammerill","human",TRUE,FALSE
"W60","551","Изменение цвета блоков (для 2.0)","2018-05-15T08:27:09Z",2018,"wiki_minor_edit","",26,551,"Изменение цвета блоков (для 2.0)",1850,NA,2100,0,60,"Roder3480","human",TRUE,FALSE
"W60","551","Изменение цвета блоков (для 2.0)","2018-05-15T08:54:06Z",2018,"wiki_minor_edit","",-81,551,"Изменение цвета блоков (для 2.0)",1852,NA,2019,0,60,"Roder3480","human",TRUE,FALSE
"W60","551","Изменение цвета блоков (для 2.0)","2018-05-15T08:58:13Z",2018,"wiki_minor_edit","",322,551,"Изменение цвета блоков (для 2.0)",1853,NA,2341,0,60,"Roder3480","human",TRUE,FALSE
"W42","551","Изменение цвета блоков (для 2.0)","2018-06-19T16:26:38Z",2018,"wiki_minor_edit","",55,551,"Изменение цвета блоков (для 2.0)",2232,NA,2396,0,42,"RuMaks","human",TRUE,FALSE
"W42","551","Изменение цвета блоков (для 2.0)","2018-07-11T07:13:59Z",2018,"wiki_minor_edit","",-9,551,"Изменение цвета блоков (для 2.0)",2805,NA,2387,0,42,"RuMaks","human",TRUE,FALSE
"W113","551","Изменение цвета блоков (для 2.0)","2020-06-30T04:44:22Z",2020,"wiki_minor_edit","M-A-Z-2005 переименовал страницу [[Изменение цвета блоков]] в [[Изменение цвета блоков (для 2.0)]]: В текущей версии Скретч нет возможности изменен…",0,551,"Изменение цвета блоков (для 2.0)",5470,NA,2387,0,113,"M-A-Z-2005","human",TRUE,FALSE
"W113","551","Изменение цвета блоков (для 2.0)","2020-06-30T04:46:00Z",2020,"wiki_minor_edit","",4,551,"Изменение цвета блоков (для 2.0)",5474,NA,2391,0,113,"M-A-Z-2005","human",TRUE,FALSE
"W114","551","Изменение цвета блоков (для 2.0)","2024-02-04T15:16:08Z",2024,"wiki_minor_edit","авто: новая категоризация",0,551,"Изменение цвета блоков (для 2.0)",11170,NA,2391,0,114,"Gohoski","human",TRUE,FALSE
"W120","551","Изменение цвета блоков (для 2.0)","2024-02-11T14:19:43Z",2024,"wiki_minor_edit","Оформление",-279,551,"Изменение цвета блоков (для 2.0)",11406,NA,2112,0,120,"Idey programm","human",TRUE,FALSE
"W42","552","Блок шапка","2018-05-07T17:35:24Z",2018,"wiki_minor_edit","Новая страница: «'''Блок шапка''' — это блок, начинающий скрипт. Большинство из них находится во вкладке ""Со…»",1193,552,"Блок шапка",1821,NA,1193,0,42,"RuMaks","human",TRUE,FALSE
"W42","552","Блок шапка","2018-05-09T10:07:32Z",2018,"wiki_minor_edit","",61,552,"Блок шапка",1829,NA,1254,0,42,"RuMaks","human",TRUE,FALSE
"W47","552","Блок шапка","2018-06-18T04:56:33Z",2018,"wiki_minor_edit","/* Блок шапка */",0,552,"Блок шапка",2072,NA,1254,0,47,"Asqwde","human",TRUE,FALSE
"W47","552","Блок шапка","2018-06-18T09:47:28Z",2018,"wiki_minor_edit","Asqwde переименовал страницу [[Блок шапка]] в [[Блок Шапка]] без оставления перенаправления",0,552,"Блок шапка",2084,NA,1254,0,47,"Asqwde","human",TRUE,FALSE
"W42","552","Блок шапка","2018-06-18T12:51:27Z",2018,"wiki_minor_edit","",0,552,"Блок шапка",2098,NA,1254,0,42,"RuMaks","human",TRUE,FALSE
"W42","552","Блок шапка","2018-06-18T12:51:38Z",2018,"wiki_minor_edit","RuMaks переименовал страницу [[Блок Шапка]] в [[Блок шапка]] без оставления перенаправления",0,552,"Блок шапка",2099,NA,1254,0,42,"RuMaks","human",TRUE,FALSE
"W2","552","Блок шапка","2018-06-19T08:50:14Z",2018,"wiki_minor_edit","/* Смотрите также */ оформление",7,552,"Блок шапка",2158,NA,1261,0,2,"Dimon4ezzz","human",TRUE,FALSE
"W42","552","Блок шапка","2018-06-20T07:30:51Z",2018,"wiki_minor_edit","",45,552,"Блок шапка",2280,NA,1306,0,42,"RuMaks","human",TRUE,FALSE
"W2","552","Блок шапка","2018-07-08T15:43:59Z",2018,"wiki_minor_edit","перенёс в статью",-1242,552,"Блок шапка",2707,NA,64,0,2,"Dimon4ezzz","human",TRUE,FALSE
"W42","552","Блок шапка","2018-07-11T07:27:17Z",2018,"wiki_minor_edit","Перенаправление на [[Блок#Шапка]]",36,552,"Блок шапка",2829,NA,100,0,42,"RuMaks","human",TRUE,FALSE
"W21","552","Блок шапка","2018-12-09T19:57:57Z",2018,"wiki_bot_edit","Adding interwikis.",75,552,"Блок шапка",3869,NA,175,0,21,"InterwikiBot","bot",TRUE,FALSE
"W60","553","Список модификаций Скретча","2018-05-15T08:05:52Z",2018,"wiki_minor_edit","Новая страница: «{{Незавершённая статья}} Для [[Скретч]] существуют модификации. Это дополнения которые доб…»",1183,553,"Список модификаций Скретча",1849,NA,1183,0,60,"Roder3480","human",TRUE,FALSE
"W2","553","Список модификаций Скретча","2018-07-07T09:56:40Z",2018,"wiki_minor_edit","викификация, обновление цветов в соответствии с оригиналом, категоризация",297,553,"Список модификаций Скретча",2520,NA,1480,0,2,"Dimon4ezzz","human",TRUE,FALSE
"W2","553","Список модификаций Скретча","2018-07-11T09:31:41Z",2018,"wiki_minor_edit","",0,553,"Список модификаций Скретча",2884,NA,1480,0,2,"Dimon4ezzz","human",TRUE,FALSE
"W114","553","Список модификаций Скретча","2022-10-15T12:28:44Z",2022,"wiki_minor_edit","",-726,553,"Список модификаций Скретча",5903,NA,754,0,114,"Gohoski","human",TRUE,FALSE
"W120","553","Список модификаций Скретча","2023-03-18T17:27:13Z",2023,"wiki_minor_edit","Перевод некоторых разделов с Английской Вики",1269,553,"Список модификаций Скретча",7949,NA,2023,0,120,"Idey programm","human",TRUE,FALSE
"W189","553","Список модификаций Скретча","2023-11-01T18:14:15Z",2023,"wiki_minor_edit","/* S */",44,553,"Список модификаций Скретча",10078,NA,2067,0,189,"Scratch craft 2","human",TRUE,FALSE
"W217","553","Список модификаций Скретча","2023-11-01T18:20:49Z",2023,"wiki_minor_edit","Про браузерные расширения уже на французской вики целая статья есть, а вы тут еще на русской вики хотите сделать про это статью | Отмена правки 10078, сделанной [[Special:Contributions/Scratch craft 2|Scratch craft 2]] ([[User talk:Scratch craft 2|обсуждение]])",-44,553,"Список модификаций Скретча",10079,NA,2023,0,217,"AGScratcherBest","human",TRUE,FALSE
"W114","553","Список модификаций Скретча","2024-02-04T15:23:18Z",2024,"wiki_minor_edit","авто: новая категоризация",2,553,"Список модификаций Скретча",11294,NA,2025,0,114,"Gohoski","human",TRUE,FALSE
"W189","553","Список модификаций Скретча","2024-02-21T19:18:13Z",2024,"wiki_minor_edit","/* P */",18,553,"Список модификаций Скретча",11446,NA,2043,0,189,"Scratch craft 2","human",TRUE,FALSE
"W217","553","Список модификаций Скретча","2024-02-21T19:24:57Z",2024,"wiki_minor_edit","/* P */",0,553,"Список модификаций Скретча",11447,NA,2043,0,217,"AGScratcherBest","human",TRUE,FALSE
"W114","553","Список модификаций Скретча","2024-06-11T11:14:06Z",2024,"wiki_minor_edit","Gohoski переименовал страницу [[Список модификаций Скретч]] в [[Список модификаций Скретча]]",0,553,"Список модификаций Скретча",11825,NA,2043,0,114,"Gohoski","human",TRUE,FALSE
"W218","553","Список модификаций Скретча","2024-06-15T05:06:16Z",2024,"wiki_minor_edit","/* M */",17,553,"Список модификаций Скретча",11872,NA,2060,0,218,"Dgtdvcn","human",TRUE,FALSE
"W217","553","Список модификаций Скретча","2024-06-28T11:37:42Z",2024,"wiki_minor_edit","/* P */",-18,553,"Список модификаций Скретча",11978,NA,2042,0,217,"AGScratcherBest","human",TRUE,FALSE
"W189","553","Список модификаций Скретча","2025-07-23T04:27:11Z",2025,"wiki_minor_edit","",12,553,"Список модификаций Скретча",14326,NA,2054,0,189,"Scratch craft 2","human",TRUE,FALSE
"W60","554","Блок движения","2018-05-18T14:14:02Z",2018,"wiki_minor_edit","Новая страница: «{{Незавершённая статья}} Блок движения это блок который двигает  [[спрайт]] по x, y и меняет е…»",190,554,"Блок движения",1859,NA,190,0,60,"Roder3480","human",TRUE,FALSE
"W42","554","Блок движения","2018-06-22T07:55:45Z",2018,"wiki_minor_edit","",55,554,"Блок движения",2371,NA,245,0,42,"RuMaks","human",TRUE,FALSE
"W2","554","Блок движения","2018-07-07T18:18:10Z",2018,"wiki_minor_edit","пример",2787,554,"Блок движения",2548,NA,3032,0,2,"Dimon4ezzz","human",TRUE,FALSE
"W2","554","Блок движения","2018-07-07T18:50:13Z",2018,"wiki_minor_edit","описал все блоки",4299,554,"Блок движения",2551,NA,7331,0,2,"Dimon4ezzz","human",TRUE,FALSE
"W2","554","Блок движения","2018-07-07T18:50:44Z",2018,"wiki_minor_edit","снял шаблон: статья завершена",-44,554,"Блок движения",2552,NA,7287,0,2,"Dimon4ezzz","human",TRUE,FALSE
"W2","554","Блок движения","2018-07-07T19:01:41Z",2018,"wiki_minor_edit","якоря, новый блок в 3.0",937,554,"Блок движения",2553,NA,8224,0,2,"Dimon4ezzz","human",TRUE,FALSE
"W2","554","Блок движения","2018-07-07T19:10:32Z",2018,"wiki_minor_edit","/* Список блоков */ оформление",570,554,"Блок движения",2556,NA,8794,0,2,"Dimon4ezzz","human",TRUE,FALSE
"W2","554","Блок движения","2018-07-07T19:11:17Z",2018,"wiki_minor_edit","/* Список блоков */ викификация",2,554,"Блок движения",2557,NA,8796,0,2,"Dimon4ezzz","human",TRUE,FALSE
"W2","554","Блок движения","2018-07-07T19:13:06Z",2018,"wiki_minor_edit","примечание о сцене",40,554,"Блок движения",2558,NA,8836,0,2,"Dimon4ezzz","human",TRUE,FALSE
"W2","554","Блок движения","2018-07-07T19:26:45Z",2018,"wiki_minor_edit","стилизация названия",0,554,"Блок движения",2579,NA,8836,0,2,"Dimon4ezzz","human",TRUE,FALSE
"W2","554","Блок движения","2018-07-07T19:45:45Z",2018,"wiki_minor_edit","шаблон «блоки»",-39,554,"Блок движения",2588,NA,8797,0,2,"Dimon4ezzz","human",TRUE,FALSE
"W42","554","Блок движения","2018-07-07T21:24:16Z",2018,"wiki_minor_edit","",31,554,"Блок движения",2594,NA,8828,0,42,"RuMaks","human",TRUE,FALSE
"W2","554","Блок движения","2018-07-08T07:46:32Z",2018,"wiki_minor_edit","/* Список блоков */ картинка на всю ширину карточки",0,554,"Блок движения",2614,NA,8828,0,2,"Dimon4ezzz","human",TRUE,FALSE
"W2","554","Блок движения","2018-07-08T09:04:10Z",2018,"wiki_minor_edit","переименование аргумента",2,554,"Блок движения",2641,NA,8830,0,2,"Dimon4ezzz","human",TRUE,FALSE
"W2","554","Блок движения","2018-07-08T09:04:38Z",2018,"wiki_minor_edit","сорян, не увидел",2,554,"Блок движения",2642,NA,8832,0,2,"Dimon4ezzz","human",TRUE,FALSE
"W2","554","Блок движения","2018-07-08T11:01:46Z",2018,"wiki_minor_edit","",0,554,"Блок движения",2661,NA,8832,0,2,"Dimon4ezzz","human",TRUE,FALSE
"W2","554","Блок движения","2018-07-12T15:03:21Z",2018,"wiki_minor_edit","интервики+",1482,554,"Блок движения",3014,NA,10314,0,2,"Dimon4ezzz","human",TRUE,FALSE
"W2","554","Блок движения","2018-07-20T15:43:16Z",2018,"wiki_minor_edit","/* Список блоков */ уточнение",4,554,"Блок движения",3123,NA,10318,0,2,"Dimon4ezzz","human",TRUE,FALSE
"W42","554","Блок движения","2018-07-22T12:17:42Z",2018,"wiki_minor_edit","",-10,554,"Блок движения",3165,NA,10308,0,42,"RuMaks","human",TRUE,FALSE
"W47","554","Блок движения","2018-07-26T09:08:36Z",2018,"wiki_minor_edit","Защищена страница «[[Блок движения]]»: ww ([Редактирование=Разрешено только администраторам] (истекает 22:00, 27 августа 2018 (UTC)) [Переименование=…",0,554,"Блок движения",3241,NA,10308,0,47,"Asqwde","human",TRUE,FALSE
"W113","554","Блок движения","2020-06-30T02:37:08Z",2020,"wiki_minor_edit","Добавил ""::motion"" в коде, чтобы  блоки были синими.",132,554,"Блок движения",5433,NA,10440,0,113,"M-A-Z-2005","human",TRUE,FALSE
"W165","554","Блок движения","2022-11-05T00:52:49Z",2022,"wiki_minor_edit","",90,554,"Блок движения",6115,NA,10530,0,165,"RunRun 5","human",TRUE,FALSE
"W154","554","Блок движения","2022-11-26T10:26:18Z",2022,"wiki_minor_edit","Капитализация + описание сверху страницы",55,554,"Блок движения",6407,NA,10585,0,154,"Stysan","human",TRUE,FALSE
"W114","554","Блок движения","2023-01-21T11:03:09Z",2023,"wiki_minor_edit","",7,554,"Блок движения",6875,NA,10592,0,114,"Gohoski","human",TRUE,FALSE
"W181","554","Блок движения","2023-01-22T08:04:43Z",2023,"wiki_minor_edit","Добавлен шаблон Категории блоков",72,554,"Блок движения",6933,NA,10664,0,181,"Zuenko-michail","human",TRUE,FALSE
"W114","554","Блок движения","2023-01-24T18:18:45Z",2023,"wiki_minor_edit","",28,554,"Блок движения",7012,NA,10692,0,114,"Gohoski","human",TRUE,FALSE
"W114","554","Блок движения","2023-01-26T12:03:12Z",2023,"wiki_minor_edit","",50,554,"Блок движения",7046,NA,10742,0,114,"Gohoski","human",TRUE,FALSE
"W180","554","Блок движения","2023-04-28T18:46:42Z",2023,"wiki_minor_edit","исправил ошибку",4,554,"Блок движения",8233,NA,10746,0,180,"Veniamin6","human",TRUE,FALSE
"W114","554","Блок движения","2024-02-04T15:28:00Z",2024,"wiki_minor_edit","авто: новая категоризация",2,554,"Блок движения",11309,NA,10748,0,114,"Gohoski","human",TRUE,FALSE
"W185","554","Блок движения","2024-06-06T10:19:38Z",2024,"wiki_minor_edit","/* Список блоков */",-6,554,"Блок движения",11767,NA,10742,0,185,"I1av","human",TRUE,FALSE
"W68","580","Идти () шагов","2018-06-15T11:34:21Z",2018,"wiki_minor_edit","Tankist-scratch переименовал страницу [[Идти () шагов]] в [[Идти () шагов (блок)]]",69,580,"Идти () шагов",1927,NA,69,0,68,"Tankist-scratch","human",TRUE,FALSE
"W2","580","Идти () шагов","2018-07-07T19:17:28Z",2018,"wiki_minor_edit","новое перенаправление",-3,580,"Идти () шагов",2564,NA,66,0,2,"Dimon4ezzz","human",TRUE,FALSE
"W81","595","Рюкзак","2018-06-15T13:27:03Z",2018,"wiki_minor_edit","Новая страница: «Сегодня мы рассмотрим такую вещь как рюкзак в [[Scratch]]  == Что это такое, и где это находится?…»",2805,595,"Рюкзак",1951,NA,2805,0,81,"Neon","human",TRUE,FALSE
"W42","595","Рюкзак","2018-06-15T13:51:53Z",2018,"wiki_minor_edit","",175,595,"Рюкзак",1956,NA,2980,0,42,"RuMaks","human",TRUE,FALSE
"W42","595","Рюкзак","2018-06-15T13:54:54Z",2018,"wiki_minor_edit","",47,595,"Рюкзак",1957,NA,3027,0,42,"RuMaks","human",TRUE,FALSE
"W2","595","Рюкзак","2018-06-17T13:39:18Z",2018,"wiki_minor_edit","интервики, оформление",-165,595,"Рюкзак",2041,NA,2862,0,2,"Dimon4ezzz","human",TRUE,FALSE
"W36","595","Рюкзак","2018-06-17T19:15:12Z",2018,"wiki_minor_edit","Исправлена пунктуация и орфография. Проведены незначительные изменения",21,595,"Рюкзак",2047,NA,2883,0,36,"Mini Kostik","human",TRUE,FALSE
"W42","595","Рюкзак","2018-07-11T07:14:44Z",2018,"wiki_minor_edit","",-9,595,"Рюкзак",2809,NA,2874,0,42,"RuMaks","human",TRUE,FALSE
"W113","595","Рюкзак","2020-06-04T13:05:14Z",2020,"wiki_minor_edit","",76,595,"Рюкзак",5373,NA,2950,0,113,"M-A-Z-2005","human",TRUE,FALSE
"W114","595","Рюкзак","2023-01-26T16:47:17Z",2023,"wiki_minor_edit","",-1637,595,"Рюкзак",7057,NA,1313,0,114,"Gohoski","human",TRUE,FALSE
"W180","595","Рюкзак","2023-02-22T16:26:21Z",2023,"wiki_minor_edit","",6531,595,"Рюкзак",7624,NA,7844,0,180,"Veniamin6","human",TRUE,FALSE
"W120","595","Рюкзак","2023-02-22T17:33:39Z",2023,"wiki_minor_edit","Добавление ссылок",394,595,"Рюкзак",7626,NA,8238,0,120,"Idey programm","human",TRUE,FALSE
"W2","606","Дней с 01.01.2000","2018-06-16T07:55:25Z",2018,"wiki_minor_edit","естественное перенаправление",72,606,"Дней с 01.01.2000",2012,NA,72,0,2,"Dimon4ezzz","human",TRUE,FALSE
"W114","606","Дней с 01.01.2000","2023-02-09T19:02:04Z",2023,"wiki_minor_edit","Перенаправление изменено с [[Дней с 2000 года (блок)]] на [[Блок сенсоров#dayssince2000]]",3,606,"Дней с 01.01.2000",7391,NA,75,0,114,"Gohoski","human",TRUE,FALSE
"W81","612","Блок операторов/() * ()","2018-06-17T19:39:51Z",2018,"wiki_minor_edit","Новая страница: «{{Незавершённая статья}} {{Блок |Название=Блок умножения [*] |изображение =() * ().png |код=(() * ()) |…»",861,612,"Блок операторов/() * ()",2053,NA,861,0,81,"Neon","human",TRUE,FALSE
"W42","612","Блок операторов/() * ()","2018-06-18T12:59:55Z",2018,"wiki_minor_edit","",34,612,"Блок операторов/() * ()",2101,NA,895,0,42,"RuMaks","human",TRUE,FALSE
"W42","612","Блок операторов/() * ()","2018-07-11T11:23:45Z",2018,"wiki_minor_edit","",-44,612,"Блок операторов/() * ()",2919,NA,851,0,42,"RuMaks","human",TRUE,FALSE
"W21","612","Блок операторов/() * ()","2018-12-12T19:49:31Z",2018,"wiki_bot_edit","Adding interwikis.",29,612,"Блок операторов/() * ()",3921,NA,880,0,21,"InterwikiBot","bot",TRUE,FALSE
"W36","612","Блок операторов/() * ()","2020-04-21T06:52:37Z",2020,"wiki_minor_edit","Модернизация блоков",3,612,"Блок операторов/() * ()",5268,NA,883,0,36,"Mini Kostik","human",TRUE,FALSE
"W113","612","Блок операторов/() * ()","2020-05-27T04:52:32Z",2020,"wiki_minor_edit","",1,612,"Блок операторов/() * ()",5348,NA,884,0,113,"M-A-Z-2005","human",TRUE,FALSE
"W113","612","Блок операторов/() * ()","2020-05-27T04:53:26Z",2020,"wiki_minor_edit","",17,612,"Блок операторов/() * ()",5349,NA,901,0,113,"M-A-Z-2005","human",TRUE,FALSE
"W113","612","Блок операторов/() * ()","2020-05-27T04:56:13Z",2020,"wiki_minor_edit","",-9,612,"Блок операторов/() * ()",5350,NA,892,0,113,"M-A-Z-2005","human",TRUE,FALSE
"W114","612","Блок операторов/() * ()","2022-11-04T18:25:32Z",2022,"wiki_minor_edit","Gohoski переименовал страницу [[() * () (блок)]] в [[Блок операторов/() * () (блок)]] без оставления перенаправления",0,612,"Блок операторов/() * ()",6093,NA,892,0,114,"Gohoski","human",TRUE,FALSE
"W114","612","Блок операторов/() * ()","2022-11-04T18:32:40Z",2022,"wiki_minor_edit","Gohoski переименовал страницу [[Блок операторов/() * () (блок)]] в [[Блок операторов/() * ()]]",0,612,"Блок операторов/() * ()",6105,NA,892,0,114,"Gohoski","human",TRUE,FALSE
"W114","612","Блок операторов/() * ()","2022-11-05T07:11:58Z",2022,"wiki_minor_edit","",6,612,"Блок операторов/() * ()",6118,NA,898,0,114,"Gohoski","human",TRUE,FALSE
"W184","612","Блок операторов/() * ()","2023-02-08T08:43:16Z",2023,"wiki_minor_edit","Добавлены примеры использования. Расширена информация о блоке",1097,612,"Блок операторов/() * ()",7259,NA,1995,0,184,"Alex Ilya","human",TRUE,FALSE
"W81","615","Блок сенсоров/Имя пользователя","2018-06-17T20:07:06Z",2018,"wiki_minor_edit","Новая страница: «{{Незавершённая статья}} {{Блок |Название = Имя участника [Блок] |изображение = Имя участник…»",1248,615,"Блок сенсоров/Имя пользователя",2058,NA,1248,0,81,"Neon","human",TRUE,FALSE
"W42","615","Блок сенсоров/Имя пользователя","2018-06-17T20:14:40Z",2018,"wiki_minor_edit","",87,615,"Блок сенсоров/Имя пользователя",2060,NA,1335,0,42,"RuMaks","human",TRUE,FALSE
"W42","615","Блок сенсоров/Имя пользователя","2018-06-17T20:16:59Z",2018,"wiki_minor_edit","",32,615,"Блок сенсоров/Имя пользователя",2061,NA,1367,0,42,"RuMaks","human",TRUE,FALSE
"W30","615","Блок сенсоров/Имя пользователя","2018-06-23T18:50:04Z",2018,"wiki_minor_edit","",-23,615,"Блок сенсоров/Имя пользователя",2398,NA,1344,0,30,"Marerjh","human",TRUE,FALSE
"W42","615","Блок сенсоров/Имя пользователя","2018-07-11T07:20:49Z",2018,"wiki_minor_edit","",-34,615,"Блок сенсоров/Имя пользователя",2821,NA,1310,0,42,"RuMaks","human",TRUE,FALSE
"W114","615","Блок сенсоров/Имя пользователя","2022-11-01T16:03:18Z",2022,"wiki_minor_edit","",-5,615,"Блок сенсоров/Имя пользователя",5989,NA,1305,0,114,"Gohoski","human",TRUE,FALSE
"W114","615","Блок сенсоров/Имя пользователя","2022-11-01T16:04:25Z",2022,"wiki_minor_edit","/* Возможности */",23,615,"Блок сенсоров/Имя пользователя",5990,NA,1328,0,114,"Gohoski","human",TRUE,FALSE
"W184","615","Блок сенсоров/Имя пользователя","2023-02-03T06:15:05Z",2023,"wiki_minor_edit","Alex Ilya переименовал страницу [[Имя участника (блок)]] в [[Имя пользователя (блок)]]: В данный момент не существует блока ""Имя участника"".",0,615,"Блок сенсоров/Имя пользователя",7174,NA,1328,0,184,"Alex Ilya","human",TRUE,FALSE
"W184","615","Блок сенсоров/Имя пользователя","2023-02-03T08:12:13Z",2023,"wiki_minor_edit","Переведена информация из английской Скретч Вики. Добавлены примеры использования.",1503,615,"Блок сенсоров/Имя пользователя",7178,NA,2831,0,184,"Alex Ilya","human",TRUE,FALSE
"W114","615","Блок сенсоров/Имя пользователя","2023-02-03T17:49:36Z",2023,"wiki_minor_edit","Gohoski переименовал страницу [[Имя пользователя (блок)]] в [[Блок сенсоров/Имя пользователя]] без оставления перенаправления",0,615,"Блок сенсоров/Имя пользователя",7200,NA,2831,0,114,"Gohoski","human",TRUE,FALSE
"W120","615","Блок сенсоров/Имя пользователя","2023-02-11T17:27:44Z",2023,"wiki_minor_edit","Добавление изображения",175,615,"Блок сенсоров/Имя пользователя",7460,NA,3006,0,120,"Idey programm","human",TRUE,FALSE
"W120","615","Блок сенсоров/Имя пользователя","2023-03-10T14:58:51Z",2023,"wiki_minor_edit","",1459,615,"Блок сенсоров/Имя пользователя",7842,NA,4465,0,120,"Idey programm","human",TRUE,FALSE
"W120","615","Блок сенсоров/Имя пользователя","2023-06-02T16:22:05Z",2023,"wiki_minor_edit","Перевод некоторых разделов с Английской Вики",272,615,"Блок сенсоров/Имя пользователя",8613,NA,4737,0,120,"Idey programm","human",TRUE,FALSE
"W217","615","Блок сенсоров/Имя пользователя","2025-02-14T18:13:40Z",2025,"wiki_minor_edit","",8,615,"Блок сенсоров/Имя пользователя",12177,NA,4745,0,217,"AGScratcherBest","human",TRUE,FALSE
"W269","615","Блок сенсоров/Имя пользователя","2025-04-11T15:41:19Z",2025,"wiki_minor_edit","Добавил ссылку к странице id пользователя",0,615,"Блок сенсоров/Имя пользователя",12384,NA,4745,0,269,"Tagir14012014","human",TRUE,FALSE
"W81","620","Блок сенсоров/Спросить () и ждать","2018-06-18T07:49:15Z",2018,"wiki_minor_edit","Новая страница: «{{Незавершённая статья}} {{Блок |Название=Спросить [] и ждать |изображение=Спросить () и ждат…»",2243,620,"Блок сенсоров/Спросить () и ждать",2081,NA,2243,0,81,"Neon","human",TRUE,FALSE
"W42","620","Блок сенсоров/Спросить () и ждать","2018-06-18T09:11:20Z",2018,"wiki_minor_edit","",157,620,"Блок сенсоров/Спросить () и ждать",2082,NA,2400,0,42,"RuMaks","human",TRUE,FALSE
"W21","620","Блок сенсоров/Спросить () и ждать","2018-12-09T19:29:31Z",2018,"wiki_bot_edit","Adding interwikis.",106,620,"Блок сенсоров/Спросить () и ждать",3855,NA,2506,0,21,"InterwikiBot","bot",TRUE,FALSE
"W127","620","Блок сенсоров/Спросить () и ждать","2021-01-29T17:22:46Z",2021,"wiki_minor_edit","Замена буквы ""а"" на ""о"" в слове ""это"" , замена буквы ""а"" на ""о"" в слове ""появлялось"".",1,620,"Блок сенсоров/Спросить () и ждать",5649,NA,2507,0,127,"Shad9R","human",TRUE,FALSE
"W127","620","Блок сенсоров/Спросить () и ждать","2021-01-29T17:30:30Z",2021,"wiki_minor_edit","Изменение предлога ""к"" на ""у"".",0,620,"Блок сенсоров/Спросить () и ждать",5650,NA,2507,0,127,"Shad9R","human",TRUE,FALSE
"W165","620","Блок сенсоров/Спросить () и ждать","2022-11-04T08:00:49Z",2022,"wiki_minor_edit","",52,620,"Блок сенсоров/Спросить () и ждать",6052,NA,2559,0,165,"RunRun 5","human",TRUE,FALSE
"W114","620","Блок сенсоров/Спросить () и ждать","2023-02-03T17:55:46Z",2023,"wiki_minor_edit","Gohoski переименовал страницу [[Спросить () и ждать (блок)]] в [[Блок сенсоров/Спросить () и ждать]] без оставления перенаправления",0,620,"Блок сенсоров/Спросить () и ждать",7215,NA,2559,0,114,"Gohoski","human",TRUE,FALSE
"W120","620","Блок сенсоров/Спросить () и ждать","2023-06-23T12:46:14Z",2023,"wiki_minor_edit","Исправление неточностей",-495,620,"Блок сенсоров/Спросить () и ждать",8809,NA,2064,0,120,"Idey programm","human",TRUE,FALSE
"W189","620","Блок сенсоров/Спросить () и ждать","2023-12-08T10:05:00Z",2023,"wiki_minor_edit","/* Чат-боты */",104,620,"Блок сенсоров/Спросить () и ждать",10729,NA,2168,0,189,"Scratch craft 2","human",TRUE,FALSE
"W189","620","Блок сенсоров/Спросить () и ждать","2024-07-13T07:06:02Z",2024,"wiki_minor_edit","",0,620,"Блок сенсоров/Спросить () и ждать",12006,NA,2168,0,189,"Scratch craft 2","human",TRUE,FALSE
"W42","623","Блок операторов/() / ()","2018-06-18T13:11:49Z",2018,"wiki_minor_edit","Новая страница: «{{Блок |Название=Блок деления [/] |изображение =() / ().png |код=(() / ()) |Категория = |создано в=Скр…»",730,623,"Блок операторов/() / ()",2102,NA,730,0,42,"RuMaks","human",TRUE,FALSE
"W42","623","Блок операторов/() / ()","2018-06-18T13:14:44Z",2018,"wiki_minor_edit","",22,623,"Блок операторов/() / ()",2105,NA,752,0,42,"RuMaks","human",TRUE,FALSE
"W113","623","Блок операторов/() / ()","2020-05-27T05:09:06Z",2020,"wiki_minor_edit","",46,623,"Блок операторов/() / ()",5353,NA,798,0,113,"M-A-Z-2005","human",TRUE,FALSE
"W113","623","Блок операторов/() / ()","2020-10-26T08:59:45Z",2020,"wiki_minor_edit","",110,623,"Блок операторов/() / ()",5608,NA,908,0,113,"M-A-Z-2005","human",TRUE,FALSE
"W114","623","Блок операторов/() / ()","2022-11-04T18:26:39Z",2022,"wiki_minor_edit","Gohoski переименовал страницу [[() / () (блок)]] в [[Блок операторов/() / () (блок)]] без оставления перенаправления",0,623,"Блок операторов/() / ()",6094,NA,908,0,114,"Gohoski","human",TRUE,FALSE
"W114","623","Блок операторов/() / ()","2022-11-04T18:32:52Z",2022,"wiki_minor_edit","Gohoski переименовал страницу [[Блок операторов/() / () (блок)]] в [[Блок операторов/() / ()]]",0,623,"Блок операторов/() / ()",6107,NA,908,0,114,"Gohoski","human",TRUE,FALSE
"W114","623","Блок операторов/() / ()","2022-11-06T08:09:47Z",2022,"wiki_minor_edit","",6,623,"Блок операторов/() / ()",6144,NA,914,0,114,"Gohoski","human",TRUE,FALSE
"W184","623","Блок операторов/() / ()","2023-02-08T13:31:51Z",2023,"wiki_minor_edit","Расширена информация о блоке.",1371,623,"Блок операторов/() / ()",7289,NA,2285,0,184,"Alex Ilya","human",TRUE,FALSE
"W217","623","Блок операторов/() / ()","2023-09-20T11:18:09Z",2023,"wiki_minor_edit","/* Смотрите также */",0,623,"Блок операторов/() / ()",9336,NA,2285,0,217,"AGScratcherBest","human",TRUE,FALSE
"W47","629","Заглавная страница/Избранные изображения","2018-06-18T18:24:02Z",2018,"wiki_minor_edit","Новая страница: «<div style=""text-align:center""> {| cellpadding=""3"" style=""margin:0 auto;"" |- ! width=""100%"" | [[Изменение цвета блоков]] |- | Файл:Па…»",703,629,"Заглавная страница/Избранные изображения",2123,NA,703,0,47,"Asqwde","human",TRUE,FALSE
"W47","629","Заглавная страница/Избранные изображения","2018-06-18T18:31:20Z",2018,"wiki_minor_edit","",-248,629,"Заглавная страница/Избранные изображения",2124,NA,455,0,47,"Asqwde","human",TRUE,FALSE
"W47","629","Заглавная страница/Избранные изображения","2018-06-18T18:34:28Z",2018,"wiki_minor_edit","Защищена страница «[[Заглавная страница/ Избранные изображения]]»: частый вандализм ([Редактирование=Разрешено только автоподтверждённы…",0,629,"Заглавная страница/Избранные изображения",2127,NA,455,0,47,"Asqwde","human",TRUE,FALSE
"W2","629","Заглавная страница/Избранные изображения","2018-06-19T08:09:01Z",2018,"wiki_minor_edit","Dimon4ezzz переименовал страницу [[Заглавная страница/ Избранные изображения]] в [[Заглавная страница/Избранные изображения]] без оставления п…",0,629,"Заглавная страница/Избранные изображения",2144,NA,455,0,2,"Dimon4ezzz","human",TRUE,FALSE
"W42","629","Заглавная страница/Избранные изображения","2018-06-20T07:33:29Z",2018,"wiki_minor_edit","",59,629,"Заглавная страница/Избранные изображения",2282,NA,514,0,42,"RuMaks","human",TRUE,FALSE
"W42","629","Заглавная страница/Избранные изображения","2018-09-05T09:00:36Z",2018,"wiki_minor_edit","",12,629,"Заглавная страница/Избранные изображения",3458,NA,526,0,42,"RuMaks","human",TRUE,FALSE
"W47","629","Заглавная страница/Избранные изображения","2018-09-05T18:30:08Z",2018,"wiki_minor_edit","Изменён уровень защиты страницы «[[Заглавная страница/Избранные изображения]]»: частый вандализм ([Редактирование=Разрешено только админ…",0,629,"Заглавная страница/Избранные изображения",3463,NA,526,0,47,"Asqwde","human",TRUE,FALSE
"W47","629","Заглавная страница/Избранные изображения","2018-09-05T18:37:21Z",2018,"wiki_minor_edit","",647,629,"Заглавная страница/Избранные изображения",3464,NA,1173,0,47,"Asqwde","human",TRUE,FALSE
"W42","629","Заглавная страница/Избранные изображения","2018-09-05T18:39:06Z",2018,"wiki_minor_edit","",3,629,"Заглавная страница/Избранные изображения",3465,NA,1176,0,42,"RuMaks","human",TRUE,FALSE
"W114","629","Заглавная страница/Избранные изображения","2022-10-31T19:39:26Z",2022,"wiki_minor_edit","Изменил кота 2.0 на 3.0",-10,629,"Заглавная страница/Избранные изображения",5918,NA,1166,0,114,"Gohoski","human",TRUE,FALSE
"W114","629","Заглавная страница/Избранные изображения","2022-11-01T07:11:35Z",2022,"wiki_minor_edit","",21,629,"Заглавная страница/Избранные изображения",5932,NA,1187,0,114,"Gohoski","human",TRUE,FALSE
"W114","629","Заглавная страница/Избранные изображения","2022-12-14T18:25:18Z",2022,"wiki_minor_edit","Новые избранные изображения",-243,629,"Заглавная страница/Избранные изображения",6538,NA,944,0,114,"Gohoski","human",TRUE,FALSE
"W114","629","Заглавная страница/Избранные изображения","2023-02-08T18:22:35Z",2023,"wiki_minor_edit","",6,629,"Заглавная страница/Избранные изображения",7309,NA,950,0,114,"Gohoski","human",TRUE,FALSE
"W114","629","Заглавная страница/Избранные изображения","2023-02-16T15:51:08Z",2023,"wiki_minor_edit","",-117,629,"Заглавная страница/Избранные изображения",7512,NA,833,0,114,"Gohoski","human",TRUE,FALSE
"W114","629","Заглавная страница/Избранные изображения","2023-04-24T17:49:02Z",2023,"wiki_minor_edit","Новые избранные изображения. Почему бы и нет?",-84,629,"Заглавная страница/Избранные изображения",8201,NA,749,0,114,"Gohoski","human",TRUE,FALSE
"W120","629","Заглавная страница/Избранные изображения","2023-09-29T15:33:12Z",2023,"wiki_minor_edit","Удаление некорректно-отображающихся элементов",-187,629,"Заглавная страница/Избранные изображения",9379,NA,562,0,120,"Idey programm","human",TRUE,FALSE
"W114","629","Заглавная страница/Избранные изображения","2023-09-30T11:03:16Z",2023,"wiki_minor_edit","вернул раздел про статью «Котоблок»",190,629,"Заглавная страница/Избранные изображения",9388,NA,752,0,114,"Gohoski","human",TRUE,FALSE
"W81","630","Сохранение данных","2018-06-18T20:28:05Z",2018,"wiki_minor_edit","Новая страница: «{{SBox|заголовок = Важно знать|текст= Данная статья не предназначена для [[Новичок | New to Scratch]]…»",4585,630,"Сохранение данных",2135,NA,4585,0,81,"Neon","human",TRUE,FALSE
"W81","630","Сохранение данных","2018-06-18T20:31:11Z",2018,"wiki_minor_edit","",-161,630,"Сохранение данных",2137,NA,4424,0,81,"Neon","human",TRUE,FALSE
"W81","630","Сохранение данных","2018-06-18T20:31:57Z",2018,"wiki_minor_edit","",-224,630,"Сохранение данных",2138,NA,4200,0,81,"Neon","human",TRUE,FALSE
"W81","630","Сохранение данных","2018-06-18T20:33:00Z",2018,"wiki_minor_edit","",44,630,"Сохранение данных",2139,NA,4244,0,81,"Neon","human",TRUE,FALSE
"W2","630","Сохранение данных","2018-06-19T08:41:02Z",2018,"wiki_minor_edit","оформление, используй scratchblocks вместо картинок",-790,630,"Сохранение данных",2152,NA,3454,0,2,"Dimon4ezzz","human",TRUE,FALSE
"W2","630","Сохранение данных","2018-07-11T09:25:40Z",2018,"wiki_minor_edit","",-7,630,"Сохранение данных",2871,NA,3447,0,2,"Dimon4ezzz","human",TRUE,FALSE
"W114","630","Сохранение данных","2020-07-19T07:58:31Z",2020,"wiki_minor_edit","/* Обратный алгоритм */",-46,630,"Сохранение данных",5516,NA,3401,0,114,"Gohoski","human",TRUE,FALSE
"W114","630","Сохранение данных","2020-07-19T07:59:48Z",2020,"wiki_minor_edit","/* Алгоритм */",14,630,"Сохранение данных",5517,NA,3415,0,114,"Gohoski","human",TRUE,FALSE
"W114","630","Сохранение данных","2020-07-19T13:52:45Z",2020,"wiki_minor_edit","/* Обратный алгоритм */",-26,630,"Сохранение данных",5520,NA,3389,0,114,"Gohoski","human",TRUE,FALSE
"W114","630","Сохранение данных","2023-01-22T10:46:59Z",2023,"wiki_minor_edit","",-244,630,"Сохранение данных",6960,NA,3145,0,114,"Gohoski","human",TRUE,FALSE
"W120","630","Сохранение данных","2023-03-22T09:58:23Z",2023,"wiki_minor_edit","Интервики",100,630,"Сохранение данных",7989,NA,3245,0,120,"Idey programm","human",TRUE,FALSE
"W217","630","Сохранение данных","2023-10-13T10:43:43Z",2023,"wiki_minor_edit","/* Обратный алгоритм */ Исправление",90,630,"Сохранение данных",9474,NA,3335,0,217,"AGScratcherBest","human",TRUE,FALSE
"W217","630","Сохранение данных","2023-12-15T09:51:48Z",2023,"wiki_minor_edit","/* Алгоритм */",25,630,"Сохранение данных",10848,NA,3360,0,217,"AGScratcherBest","human",TRUE,FALSE
"W114","630","Сохранение данных","2024-02-04T15:17:29Z",2024,"wiki_minor_edit","авто: новая категоризация",0,630,"Сохранение данных",11197,NA,3360,0,114,"Gohoski","human",TRUE,FALSE
"W81","657","Блок сенсоров/X мыши","2018-06-21T05:56:37Z",2018,"wiki_minor_edit","Новая страница: «{{Незавершённая статья}} {{Карточка блока|scratchblocks=<scratchblocks>мышка по x</scratchblocks>|категория=Сен…»",2355,657,"Блок сенсоров/X мыши",2353,NA,2355,0,81,"Neon","human",TRUE,FALSE
"W42","657","Блок сенсоров/X мыши","2018-07-11T07:40:48Z",2018,"wiki_minor_edit","",0,657,"Блок сенсоров/X мыши",2840,NA,2355,0,42,"RuMaks","human",TRUE,FALSE
"W88","657","Блок сенсоров/X мыши","2018-08-04T16:15:59Z",2018,"wiki_minor_edit","/* Примеры */",0,657,"Блок сенсоров/X мыши",3322,NA,2355,0,88,"Grevovan","human",TRUE,FALSE
"W113","657","Блок сенсоров/X мыши","2020-07-04T07:10:29Z",2020,"wiki_minor_edit","M-A-Z-2005 переименовал страницу [[Мышка по X (блок)]] в [[(x мыши) (блок)]]",0,657,"Блок сенсоров/X мыши",5495,NA,2355,0,113,"M-A-Z-2005","human",TRUE,FALSE
"W113","657","Блок сенсоров/X мыши","2020-07-04T07:19:34Z",2020,"wiki_minor_edit","",24,657,"Блок сенсоров/X мыши",5497,NA,2379,0,113,"M-A-Z-2005","human",TRUE,FALSE
"W113","657","Блок сенсоров/X мыши","2020-07-04T07:24:26Z",2020,"wiki_minor_edit","",-10,657,"Блок сенсоров/X мыши",5501,NA,2369,0,113,"M-A-Z-2005","human",TRUE,FALSE
"W162","657","Блок сенсоров/X мыши","2022-11-03T12:17:04Z",2022,"wiki_minor_edit","",1,657,"Блок сенсоров/X мыши",6040,NA,2370,0,162,"Noobzemla","human",TRUE,FALSE
"W184","657","Блок сенсоров/X мыши","2023-02-02T17:49:25Z",2023,"wiki_minor_edit","Исправлена одна из ссылок. Добавлено немного дополнительной информации.",252,657,"Блок сенсоров/X мыши",7172,NA,2622,0,184,"Alex Ilya","human",TRUE,FALSE
"W114","657","Блок сенсоров/X мыши","2023-02-03T17:50:35Z",2023,"wiki_minor_edit","Gohoski переименовал страницу [[(x мыши) (блок)]] в [[Блок сенсоров/X мыши]] без оставления перенаправления",0,657,"Блок сенсоров/X мыши",7205,NA,2622,0,114,"Gohoski","human",TRUE,FALSE
"W184","657","Блок сенсоров/X мыши","2023-02-04T09:12:19Z",2023,"wiki_minor_edit","Исправлена ссылка.",88,657,"Блок сенсоров/X мыши",7222,NA,2710,0,184,"Alex Ilya","human",TRUE,FALSE
"W120","657","Блок сенсоров/X мыши","2023-03-10T14:40:59Z",2023,"wiki_minor_edit","",328,657,"Блок сенсоров/X мыши",7840,NA,3038,0,120,"Idey programm","human",TRUE,FALSE
"W247","657","Блок сенсоров/X мыши","2024-11-08T12:14:28Z",2024,"wiki_minor_edit","измениила 1 цифру",0,657,"Блок сенсоров/X мыши",12147,NA,3038,0,247,"SamiraSafina","human",TRUE,FALSE
"W30","662","Графические эффекты","2018-06-24T09:25:05Z",2018,"wiki_minor_edit","Новая страница: «{{Незавершённая статья}}  =Что такое эффект?=  Графический эффект - эффект который может бы…»",2000,662,"Графические эффекты",2402,NA,2000,0,30,"Marerjh","human",TRUE,FALSE
"W30","662","Графические эффекты","2018-06-24T09:25:35Z",2018,"wiki_minor_edit","",0,662,"Графические эффекты",2403,NA,2000,0,30,"Marerjh","human",TRUE,FALSE
"W30","662","Графические эффекты","2018-06-24T09:26:57Z",2018,"wiki_minor_edit","Marerjh переименовал страницу [[Эффекты]] в [[Графические эффекты]]: ошибка",0,662,"Графические эффекты",2404,NA,2000,0,30,"Marerjh","human",TRUE,FALSE
"W47","662","Графические эффекты","2018-06-25T07:20:31Z",2018,"wiki_minor_edit","Asqwde переименовал страницу [[Графические эффекты]] в [[Графические Эффекты]] без оставления перенаправления",0,662,"Графические эффекты",2413,NA,2000,0,47,"Asqwde","human",TRUE,FALSE
"W2","662","Графические эффекты","2018-06-25T13:41:49Z",2018,"wiki_minor_edit","Dimon4ezzz переименовал страницу [[Графические Эффекты]] в [[Графические эффекты]] без оставления перенаправления: Ну вы чё каждое слово capit?",0,662,"Графические эффекты",2419,NA,2000,0,2,"Dimon4ezzz","human",TRUE,FALSE
"W2","662","Графические эффекты","2018-06-25T13:43:59Z",2018,"wiki_minor_edit","оформление",-39,662,"Графические эффекты",2421,NA,1961,0,2,"Dimon4ezzz","human",TRUE,FALSE
"W81","662","Графические эффекты","2018-07-11T11:26:41Z",2018,"wiki_minor_edit","Я убрал ""Не завершенная статья"", так как статья была завершена!",-44,662,"Графические эффекты",2922,NA,1917,0,81,"Neon","human",TRUE,FALSE
"W2","662","Графические эффекты","2018-07-11T11:31:40Z",2018,"wiki_minor_edit","Отмена правки 2922, сделанной участником [[Special:Contribs/Neon|Neon]] ([[User talk:Neon|обс.]]) по сравнению с английской версией — очень маленькая",44,662,"Графические эффекты",2923,NA,1961,0,2,"Dimon4ezzz","human",TRUE,FALSE
"W81","662","Графические эффекты","2018-11-09T10:01:52Z",2018,"wiki_minor_edit","Перевел и дополнил большую часть. Но страница все еще нуждается в доработке! И да, я вернулся, и время от времени буду редактировать статьи :)",17396,662,"Графические эффекты",3741,NA,19357,0,81,"Neon","human",TRUE,FALSE
"W127","662","Графические эффекты","2021-01-31T15:12:17Z",2021,"wiki_minor_edit","Коррекция кода блоков",-6,662,"Графические эффекты",5684,NA,19351,0,127,"Shad9R","human",TRUE,FALSE
"W127","662","Графические эффекты","2021-01-31T15:13:58Z",2021,"wiki_minor_edit","Корректировка кода блоков",0,662,"Графические эффекты",5685,NA,19351,0,127,"Shad9R","human",TRUE,FALSE
"W127","662","Графические эффекты","2021-01-31T15:14:57Z",2021,"wiki_minor_edit","Корректировка кода блоков",-17,662,"Графические эффекты",5686,NA,19334,0,127,"Shad9R","human",TRUE,FALSE
"W127","662","Графические эффекты","2021-01-31T15:17:13Z",2021,"wiki_minor_edit","Корректировка кода блоков",-1,662,"Графические эффекты",5687,NA,19333,0,127,"Shad9R","human",TRUE,FALSE
"W127","662","Графические эффекты","2021-01-31T15:17:36Z",2021,"wiki_minor_edit","Корректировка кода блоков",-3,662,"Графические эффекты",5688,NA,19330,0,127,"Shad9R","human",TRUE,FALSE
"W127","662","Графические эффекты","2021-01-31T15:17:51Z",2021,"wiki_minor_edit","Корректировка кода блоков",1,662,"Графические эффекты",5689,NA,19331,0,127,"Shad9R","human",TRUE,FALSE
"W127","662","Графические эффекты","2021-01-31T15:18:02Z",2021,"wiki_minor_edit","Корректировка кода блоков",1,662,"Графические эффекты",5690,NA,19332,0,127,"Shad9R","human",TRUE,FALSE
"W127","662","Графические эффекты","2021-01-31T15:25:40Z",2021,"wiki_minor_edit","Корректировка кода блоков",21,662,"Графические эффекты",5692,NA,19353,0,127,"Shad9R","human",TRUE,FALSE
"W127","662","Графические эффекты","2021-01-31T15:31:53Z",2021,"wiki_minor_edit","Корректировка кода блоков",-44,662,"Графические эффекты",5693,NA,19309,0,127,"Shad9R","human",TRUE,FALSE
"W127","662","Графические эффекты","2021-01-31T15:35:00Z",2021,"wiki_minor_edit","Корректировка кода блоков",9,662,"Графические эффекты",5694,NA,19318,0,127,"Shad9R","human",TRUE,FALSE
"W127","662","Графические эффекты","2021-01-31T15:43:46Z",2021,"wiki_minor_edit","Корректировка кода блоков",0,662,"Графические эффекты",5695,NA,19318,0,127,"Shad9R","human",TRUE,FALSE
"W127","662","Графические эффекты","2021-01-31T15:44:41Z",2021,"wiki_minor_edit","Корректировка кода блоков",-18,662,"Графические эффекты",5696,NA,19300,0,127,"Shad9R","human",TRUE,FALSE
"W120","662","Графические эффекты","2023-02-21T11:46:35Z",2023,"wiki_minor_edit","Исправление ошибок в скриптах и создание разделов",13,662,"Графические эффекты",7608,NA,19313,0,120,"Idey programm","human",TRUE,FALSE
"W120","662","Графические эффекты","2023-03-10T04:31:46Z",2023,"wiki_minor_edit","Добавление изображений, исправление слов Scratch на Скретч",559,662,"Графические эффекты",7833,NA,19872,0,120,"Idey programm","human",TRUE,FALSE
"W184","662","Графические эффекты","2023-03-10T05:16:42Z",2023,"wiki_minor_edit","Эффекты могут пременятся и к клонам.",41,662,"Графические эффекты",7834,NA,19913,0,184,"Alex Ilya","human",TRUE,FALSE
"W114","662","Графические эффекты","2023-03-19T10:38:36Z",2023,"wiki_minor_edit","форматирование",478,662,"Графические эффекты",7969,NA,20391,0,114,"Gohoski","human",TRUE,FALSE
"W114","662","Графические эффекты","2023-03-21T17:45:44Z",2023,"wiki_minor_edit","/* Изменить () эффект на () */ категория блока",0,662,"Графические эффекты",7983,NA,20391,0,114,"Gohoski","human",TRUE,FALSE
"W114","662","Графические эффекты","2023-03-21T17:48:19Z",2023,"wiki_minor_edit","",0,662,"Графические эффекты",7984,NA,20391,0,114,"Gohoski","human",TRUE,FALSE
"W180","662","Графические эффекты","2023-05-20T18:14:23Z",2023,"wiki_minor_edit","кто-то забыл добавить шаблон ""избранная статья""",52,662,"Графические эффекты",8361,NA,20443,0,180,"Veniamin6","human",TRUE,FALSE
"W195","662","Графические эффекты","2023-05-24T10:52:20Z",2023,"wiki_minor_edit","/*Правка орфографических и пунктуационных ошибок*\",69,662,"Графические эффекты",8454,NA,20512,0,195,"Mischarule","human",TRUE,FALSE
"W189","662","Графические эффекты","2025-07-02T14:40:08Z",2025,"wiki_minor_edit","/* Примеры использования */",45,662,"Графические эффекты",14249,NA,20557,0,189,"Scratch craft 2","human",TRUE,FALSE
"W30","663","Эффекты","2018-06-24T09:26:57Z",2018,"wiki_minor_edit","Marerjh переименовал страницу [[Эффекты]] в [[Графические эффекты]]: ошибка",73,663,"Эффекты",2405,NA,73,0,30,"Marerjh","human",TRUE,FALSE
"W47","663","Эффекты","2018-06-25T11:46:55Z",2018,"wiki_minor_edit","Перенаправление на [[Графические Эффекты]]",0,663,"Эффекты",2418,NA,73,0,47,"Asqwde","human",TRUE,FALSE
"W2","663","Эффекты","2018-06-25T13:42:03Z",2018,"wiki_minor_edit","переименовал",0,663,"Эффекты",2420,NA,73,0,2,"Dimon4ezzz","human",TRUE,FALSE
"W81","664","Блок сенсоров/Расстояние до ()","2018-06-24T09:31:03Z",2018,"wiki_minor_edit","Новая страница: «{{Незавершённая статья}}  == Расстояние до [object v] ==  {{SBox|заголовок=Расстояние до () |текст= <scra…»",949,664,"Блок сенсоров/Расстояние до ()",2406,NA,949,0,81,"Neon","human",TRUE,FALSE
"W116","664","Блок сенсоров/Расстояние до ()","2020-08-10T10:41:51Z",2020,"wiki_minor_edit","/* Расстояние до [object v] */",19,664,"Блок сенсоров/Расстояние до ()",5530,NA,968,0,116,"ScratchFilin","human",TRUE,FALSE
"W114","664","Блок сенсоров/Расстояние до ()","2023-02-03T17:52:56Z",2023,"wiki_minor_edit","Gohoski переименовал страницу [[Расстояние до () (блок)]] в [[/Расстояние до ()]] без оставления перенаправления",0,664,"Блок сенсоров/Расстояние до ()",7208,NA,968,0,114,"Gohoski","human",TRUE,FALSE
"W114","664","Блок сенсоров/Расстояние до ()","2023-02-03T17:55:32Z",2023,"wiki_minor_edit","Gohoski переименовал страницу [[/Расстояние до ()]] в [[Блок сенсоров/Расстояние до ()]] без оставления перенаправления",0,664,"Блок сенсоров/Расстояние до ()",7214,NA,968,0,114,"Gohoski","human",TRUE,FALSE
"W120","664","Блок сенсоров/Расстояние до ()","2023-03-14T16:12:22Z",2023,"wiki_minor_edit","Оформление",133,664,"Блок сенсоров/Расстояние до ()",7889,NA,1101,0,120,"Idey programm","human",TRUE,FALSE
"W120","664","Блок сенсоров/Расстояние до ()","2023-06-23T12:50:28Z",2023,"wiki_minor_edit","",-6,664,"Блок сенсоров/Расстояние до ()",8810,NA,1095,0,120,"Idey programm","human",TRUE,FALSE
"W120","664","Блок сенсоров/Расстояние до ()","2023-07-07T18:08:53Z",2023,"wiki_minor_edit","",425,664,"Блок сенсоров/Расстояние до ()",8948,NA,1520,0,120,"Idey programm","human",TRUE,FALSE
"W114","664","Блок сенсоров/Расстояние до ()","2024-02-04T15:28:32Z",2024,"wiki_minor_edit","авто: новая категоризация",2,664,"Блок сенсоров/Расстояние до ()",11320,NA,1522,0,114,"Gohoski","human",TRUE,FALSE
"W84","666","Жалоба","2018-06-24T22:21:52Z",2018,"wiki_minor_edit","Я добавил статью о жалобе на проекты",845,666,"Жалоба",2411,NA,845,0,84,"ArtemScratch","human",TRUE,FALSE
"W84","666","Жалоба","2018-06-25T20:42:37Z",2018,"wiki_minor_edit","Поправил слово",0,666,"Жалоба",2442,NA,845,0,84,"ArtemScratch","human",TRUE,FALSE
"W113","666","Жалоба","2020-06-30T04:53:34Z",2020,"wiki_minor_edit","",-174,666,"Жалоба",5476,NA,671,0,113,"M-A-Z-2005","human",TRUE,FALSE
"W154","666","Жалоба","2024-08-02T20:50:40Z",2024,"wiki_minor_edit","полностью изменил страницу жалобы. перевёл с англ вики до Report#Reporting_Users",2258,666,"Жалоба",12012,NA,2929,0,154,"Stysan","human",TRUE,FALSE
"W84","667","Скример","2018-06-24T22:30:30Z",2018,"wiki_minor_edit","Статья о пугающих проектах",383,667,"Скример",2412,NA,383,0,84,"ArtemScratch","human",TRUE,FALSE
"W113","667","Скример","2020-06-30T04:48:28Z",2020,"wiki_minor_edit","",-37,667,"Скример",5475,NA,346,0,113,"M-A-Z-2005","human",TRUE,FALSE
"W154","667","Скример","2023-08-30T09:27:46Z",2023,"wiki_minor_edit","Stysan переименовал страницу [[Пугающий проект]] в [[Скример]]: на английском называется Screamer",0,667,"Скример",9297,NA,346,0,154,"Stysan","human",TRUE,FALSE
"W154","667","Скример","2023-08-30T10:15:52Z",2023,"wiki_minor_edit","Изменил всю страницу + переименовал",3367,667,"Скример",9299,NA,3713,0,154,"Stysan","human",TRUE,FALSE
"W217","667","Скример","2023-11-19T14:02:03Z",2023,"wiki_minor_edit","Исправление ошибок",-35,667,"Скример",10502,NA,3678,0,217,"AGScratcherBest","human",TRUE,FALSE
"W47","671","Заглавная страница/Избранные статьи","2018-06-27T07:18:08Z",2018,"wiki_minor_edit","Новая страница: «{| |- ! width=""80px""|[[Файл:Голова кота Скретч.png|left|80x80px]] |[[BB-код]] — теги для форматирования постов…»",582,671,"Заглавная страница/Избранные статьи",2456,NA,582,0,47,"Asqwde","human",TRUE,FALSE
"W47","671","Заглавная страница/Избранные статьи","2018-06-27T07:18:32Z",2018,"wiki_minor_edit","Защищена страница «[[Заглавная страница/Избранные статьи]]»: частый вандализм ([Редактирование=Разрешено только администраторам] (бессро…",0,671,"Заглавная страница/Избранные статьи",2457,NA,582,0,47,"Asqwde","human",TRUE,FALSE
"W47","671","Заглавная страница/Избранные статьи","2018-07-26T09:10:57Z",2018,"wiki_minor_edit","",-28,671,"Заглавная страница/Избранные статьи",3242,NA,554,0,47,"Asqwde","human",TRUE,FALSE
"W47","671","Заглавная страница/Избранные статьи","2018-09-05T11:52:21Z",2018,"wiki_minor_edit","",63,671,"Заглавная страница/Избранные статьи",3461,NA,617,0,47,"Asqwde","human",TRUE,FALSE
"W42","671","Заглавная страница/Избранные статьи","2018-09-05T15:04:00Z",2018,"wiki_minor_edit","",6,671,"Заглавная страница/Избранные статьи",3462,NA,623,0,42,"RuMaks","human",TRUE,FALSE
"W114","671","Заглавная страница/Избранные статьи","2022-11-01T05:59:02Z",2022,"wiki_minor_edit","",-1,671,"Заглавная страница/Избранные статьи",5921,NA,622,0,114,"Gohoski","human",TRUE,FALSE
"W114","671","Заглавная страница/Избранные статьи","2022-11-30T19:01:53Z",2022,"wiki_minor_edit","Среда вики",411,671,"Заглавная страница/Избранные статьи",6429,NA,1033,0,114,"Gohoski","human",TRUE,FALSE
"W114","671","Заглавная страница/Избранные статьи","2022-12-28T17:32:23Z",2022,"wiki_minor_edit","Новая избранная статья",-150,671,"Заглавная страница/Избранные статьи",6675,NA,883,0,114,"Gohoski","human",TRUE,FALSE
"W114","671","Заглавная страница/Избранные статьи","2023-01-04T13:35:12Z",2023,"wiki_minor_edit","",225,671,"Заглавная страница/Избранные статьи",6746,NA,1108,0,114,"Gohoski","human",TRUE,FALSE
"W114","671","Заглавная страница/Избранные статьи","2023-01-24T18:53:55Z",2023,"wiki_minor_edit","Новая избранная статья",55,671,"Заглавная страница/Избранные статьи",7020,NA,1163,0,114,"Gohoski","human",TRUE,FALSE
"W114","671","Заглавная страница/Избранные статьи","2023-03-28T14:20:56Z",2023,"wiki_minor_edit","новые статьи (я также забыл в прошлый раз изменить страницу)",150,671,"Заглавная страница/Избранные статьи",8064,NA,1313,0,114,"Gohoski","human",TRUE,FALSE
"W114","671","Заглавная страница/Избранные статьи","2023-04-24T17:36:22Z",2023,"wiki_minor_edit","вики-среда 26.04.23",-27,671,"Заглавная страница/Избранные статьи",8200,NA,1286,0,114,"Gohoski","human",TRUE,FALSE
"W114","671","Заглавная страница/Избранные статьи","2023-06-03T16:51:01Z",2023,"wiki_minor_edit","",-75,671,"Заглавная страница/Избранные статьи",8618,NA,1211,0,114,"Gohoski","human",TRUE,FALSE
"W114","671","Заглавная страница/Избранные статьи","2023-08-14T11:38:48Z",2023,"wiki_minor_edit","среда вики",155,671,"Заглавная страница/Избранные статьи",9120,NA,1366,0,114,"Gohoski","human",TRUE,FALSE
"W114","671","Заглавная страница/Избранные статьи","2023-08-31T13:24:16Z",2023,"wiki_minor_edit","",-117,671,"Заглавная страница/Избранные статьи",9315,NA,1249,0,114,"Gohoski","human",TRUE,FALSE
"W114","671","Заглавная страница/Избранные статьи","2023-08-31T13:25:47Z",2023,"wiki_minor_edit","",2,671,"Заглавная страница/Избранные статьи",9316,NA,1251,0,114,"Gohoski","human",TRUE,FALSE
"W114","671","Заглавная страница/Избранные статьи","2023-11-01T18:08:16Z",2023,"wiki_minor_edit","я устал",-26,671,"Заглавная страница/Избранные статьи",10076,NA,1225,0,114,"Gohoski","human",TRUE,FALSE
"W114","671","Заглавная страница/Избранные статьи","2024-08-27T10:03:18Z",2024,"wiki_minor_edit","как же я это не обновлял",51,671,"Заглавная страница/Избранные статьи",12051,NA,1276,0,114,"Gohoski","human",TRUE,FALSE
"W114","671","Заглавная страница/Избранные статьи","2024-10-23T09:52:38Z",2024,"wiki_minor_edit","",-233,671,"Заглавная страница/Избранные статьи",12101,NA,1043,0,114,"Gohoski","human",TRUE,FALSE
"W2","677","Версии Скретч","2018-07-07T06:53:22Z",2018,"wiki_minor_edit","пока так",74,677,"Версии Скретч",2516,NA,74,0,2,"Dimon4ezzz","human",TRUE,FALSE
"W2","686","Повернуть по часовой стрелке на () градусов","2018-07-07T19:02:37Z",2018,"wiki_minor_edit","перенаправление",71,686,"Повернуть по часовой стрелке на () градусов",2555,NA,71,0,2,"Dimon4ezzz","human",TRUE,FALSE
"W21","686","Повернуть по часовой стрелке на () градусов","2018-12-11T19:55:26Z",2018,"wiki_bot_edit","Adding interwikis.",124,686,"Повернуть по часовой стрелке на () градусов",3912,NA,195,0,21,"InterwikiBot","bot",TRUE,FALSE
"W2","687","Повернуть против часовой стрелки на () градусов","2018-07-07T19:14:51Z",2018,"wiki_minor_edit","Перенаправление на [[Блок движения#turnleft]]",70,687,"Повернуть против часовой стрелки на () градусов",2561,NA,70,0,2,"Dimon4ezzz","human",TRUE,FALSE
"W2","688","Повернуть в направлении ()","2018-07-07T19:15:39Z",2018,"wiki_minor_edit","Новая страница: «#перенаправлени [[Блок движения#rotate]]»",66,688,"Повернуть в направлении ()",2562,NA,66,0,2,"Dimon4ezzz","human",TRUE,FALSE
"W2","688","Повернуть в направлении ()","2018-07-07T19:15:49Z",2018,"wiki_minor_edit","ошибочка",2,688,"Повернуть в направлении ()",2563,NA,68,0,2,"Dimon4ezzz","human",TRUE,FALSE
"W2","689","Повернуться к ()","2018-07-07T19:19:39Z",2018,"wiki_minor_edit","Перенаправление на [[Блок движения#rotateto]]",70,689,"Повернуться к ()",2565,NA,70,0,2,"Dimon4ezzz","human",TRUE,FALSE
"W21","689","Повернуться к ()","2018-12-09T20:10:19Z",2018,"wiki_bot_edit","Adding interwikis.",99,689,"Повернуться к ()",3880,NA,169,0,21,"InterwikiBot","bot",TRUE,FALSE
"W2","690","Перейти в x: () y: ()","2018-07-07T19:20:20Z",2018,"wiki_minor_edit","Перенаправление на [[Блок движения#goto]]",66,690,"Перейти в x: () y: ()",2566,NA,66,0,2,"Dimon4ezzz","human",TRUE,FALSE
"W2","690","Перейти в x: () y: ()","2018-07-07T19:20:48Z",2018,"wiki_minor_edit","ошибочка",-2,690,"Перейти в x: () y: ()",2567,NA,64,0,2,"Dimon4ezzz","human",TRUE,FALSE
"W2","691","Перейти в ()","2018-07-07T19:21:13Z",2018,"wiki_minor_edit","Перенаправление на [[Блок движения#goto]]",66,691,"Перейти в ()",2568,NA,66,0,2,"Dimon4ezzz","human",TRUE,FALSE
"W2","692","Плыть () секунд в точку X: () Y: ()","2018-07-07T19:21:56Z",2018,"wiki_minor_edit","Перенаправление на [[Блок движения#glide]]",67,692,"Плыть () секунд в точку X: () Y: ()",2569,NA,67,0,2,"Dimon4ezzz","human",TRUE,FALSE
"W2","692","Плыть () секунд в точку X: () Y: ()","2018-07-07T19:40:55Z",2018,"wiki_minor_edit","Dimon4ezzz переименовал страницу [[Плыть () секунд в точку x: () y: ()]] в [[Плыть () секунд в точку X: () Y: ()]] без оставления перенаправления: координаты…",0,692,"Плыть () секунд в точку X: () Y: ()",2582,NA,67,0,2,"Dimon4ezzz","human",TRUE,FALSE
"W21","692","Плыть () секунд в точку X: () Y: ()","2018-12-11T19:46:41Z",2018,"wiki_bot_edit","Adding interwikis.",167,692,"Плыть () секунд в точку X: () Y: ()",3907,NA,234,0,21,"InterwikiBot","bot",TRUE,FALSE
"W2","693","Изменить X на ()","2018-07-07T19:22:43Z",2018,"wiki_minor_edit","Перенаправление на [[Блок движения#chx]]",65,693,"Изменить X на ()",2570,NA,65,0,2,"Dimon4ezzz","human",TRUE,FALSE
"W2","693","Изменить X на ()","2018-07-07T19:42:20Z",2018,"wiki_minor_edit","Dimon4ezzz переименовал страницу [[Изменить x на ()]] в [[Изменить X на ()]] без оставления перенаправления: координата — с заглавной",0,693,"Изменить X на ()",2583,NA,65,0,2,"Dimon4ezzz","human",TRUE,FALSE
"W2","694","Установить X в ()","2018-07-07T19:23:12Z",2018,"wiki_minor_edit","Перенаправление на [[Блок движения#setx]]",66,694,"Установить X в ()",2571,NA,66,0,2,"Dimon4ezzz","human",TRUE,FALSE
"W2","694","Установить X в ()","2018-07-07T19:44:07Z",2018,"wiki_minor_edit","Dimon4ezzz переименовал страницу [[Установить x в ()]] в [[Установить X в ()]] без оставления перенаправления: координата — с заглавной",0,694,"Установить X в ()",2584,NA,66,0,2,"Dimon4ezzz","human",TRUE,FALSE
"W21","694","Установить X в ()","2018-12-09T20:22:12Z",2018,"wiki_bot_edit","Adding interwikis.",55,694,"Установить X в ()",3890,NA,121,0,21,"InterwikiBot","bot",TRUE,FALSE
"W21","694","Установить X в ()","2018-12-11T19:53:28Z",2018,"wiki_bot_edit","Adding interwikis.",45,694,"Установить X в ()",3910,NA,166,0,21,"InterwikiBot","bot",TRUE,FALSE
"W2","695","Изменить Y на ()","2018-07-07T19:23:38Z",2018,"wiki_minor_edit","Перенаправление на [[Блок движения#chy]]",65,695,"Изменить Y на ()",2572,NA,65,0,2,"Dimon4ezzz","human",TRUE,FALSE
"W2","695","Изменить Y на ()","2018-07-07T19:44:23Z",2018,"wiki_minor_edit","Dimon4ezzz переименовал страницу [[Изменить y на ()]] в [[Изменить Y на ()]] без оставления перенаправления: координата — с заглавной",0,695,"Изменить Y на ()",2585,NA,65,0,2,"Dimon4ezzz","human",TRUE,FALSE
"W2","696","Установить Y в ()","2018-07-07T19:24:12Z",2018,"wiki_minor_edit","Перенаправление на [[Блок движения#sety]]",66,696,"Установить Y в ()",2573,NA,66,0,2,"Dimon4ezzz","human",TRUE,FALSE
"W2","696","Установить Y в ()","2018-07-07T19:44:41Z",2018,"wiki_minor_edit","Dimon4ezzz переименовал страницу [[Установить y в ()]] в [[Установить Y в ()]] без оставления перенаправления: координата — с заглавной",0,696,"Установить Y в ()",2586,NA,66,0,2,"Dimon4ezzz","human",TRUE,FALSE
"W21","696","Установить Y в ()","2018-12-09T20:22:51Z",2018,"wiki_bot_edit","Adding interwikis.",55,696,"Установить Y в ()",3891,NA,121,0,21,"InterwikiBot","bot",TRUE,FALSE
"W21","696","Установить Y в ()","2018-12-11T19:54:47Z",2018,"wiki_bot_edit","Adding interwikis.",45,696,"Установить Y в ()",3911,NA,166,0,21,"InterwikiBot","bot",TRUE,FALSE
"W2","697","Если на краю, оттолкнуться","2018-07-07T19:24:30Z",2018,"wiki_minor_edit","Перенаправление на [[Блок движения#bounce]]",68,697,"Если на краю, оттолкнуться",2574,NA,68,0,2,"Dimon4ezzz","human",TRUE,FALSE
"W21","697","Если на краю, оттолкнуться","2018-12-09T20:01:37Z",2018,"wiki_bot_edit","Adding interwikis.",127,697,"Если на краю, оттолкнуться",3871,NA,195,0,21,"InterwikiBot","bot",TRUE,FALSE
"W2","698","Стиль вращения ()","2018-07-07T19:25:00Z",2018,"wiki_minor_edit","Перенаправление на [[Блок движения#style]]",67,698,"Стиль вращения ()",2575,NA,67,0,2,"Dimon4ezzz","human",TRUE,FALSE
"W21","698","Стиль вращения ()","2018-12-09T20:21:47Z",2018,"wiki_bot_edit","Adding interwikis.",117,698,"Стиль вращения ()",3889,NA,184,0,21,"InterwikiBot","bot",TRUE,FALSE
"W2","699","Положение X","2018-07-07T19:25:32Z",2018,"wiki_minor_edit","Перенаправление на [[Блок движения#x]]",63,699,"Положение X",2576,NA,63,0,2,"Dimon4ezzz","human",TRUE,FALSE
"W2","700","Положение Y","2018-07-07T19:25:54Z",2018,"wiki_minor_edit","Перенаправление на [[Блок движения#y]]",63,700,"Положение Y",2577,NA,63,0,2,"Dimon4ezzz","human",TRUE,FALSE
"W2","701","Направление","2018-07-07T19:26:17Z",2018,"wiki_minor_edit","Перенаправление на [[Блок движения#direction]]",71,701,"Направление",2578,NA,71,0,2,"Dimon4ezzz","human",TRUE,FALSE
"W21","701","Направление","2018-12-09T19:55:08Z",2018,"wiki_bot_edit","Adding interwikis.",68,701,"Направление",3868,NA,139,0,21,"InterwikiBot","bot",TRUE,FALSE
"W2","704","Очистить","2018-07-08T07:11:24Z",2018,"wiki_minor_edit","Перенаправление на [[Блок рисования#clear]]",69,704,"Очистить",2607,NA,69,0,2,"Dimon4ezzz","human",TRUE,FALSE
"W21","704","Очистить","2018-12-09T19:49:19Z",2018,"wiki_bot_edit","Adding interwikis.",83,704,"Очистить",3866,NA,152,0,21,"InterwikiBot","bot",TRUE,FALSE
"W217","704","Очистить","2023-10-19T18:14:44Z",2023,"wiki_minor_edit","Перенаправление изменено с [[Блок рисования#clear]] на [[Блок пера#clear]]",-10,704,"Очистить",9778,NA,142,0,217,"AGScratcherBest","human",TRUE,FALSE
"W2","705","Печать","2018-07-08T07:12:34Z",2018,"wiki_minor_edit","Перенаправление на [[Блок рисования#stamp]]",69,705,"Печать",2608,NA,69,0,2,"Dimon4ezzz","human",TRUE,FALSE
"W21","705","Печать","2018-12-08T17:17:02Z",2018,"wiki_bot_edit","Adding interwikis.",102,705,"Печать",3848,NA,171,0,21,"InterwikiBot","bot",TRUE,FALSE
"W2","706","Опустить перо","2018-07-08T07:14:11Z",2018,"wiki_minor_edit","Перенаправление на [[Блок рисования#pend]]",68,706,"Опустить перо",2609,NA,68,0,2,"Dimon4ezzz","human",TRUE,FALSE
"W21","706","Опустить перо","2018-12-09T20:03:35Z",2018,"wiki_bot_edit","Adding interwikis.",95,706,"Опустить перо",3873,NA,163,0,21,"InterwikiBot","bot",TRUE,FALSE
"W2","707","Поднять перо","2018-07-08T07:15:31Z",2018,"wiki_minor_edit","Перенаправление на [[Блок рисования#penu]]",68,707,"Поднять перо",2610,NA,68,0,2,"Dimon4ezzz","human",TRUE,FALSE
"W21","707","Поднять перо","2018-12-09T20:04:01Z",2018,"wiki_bot_edit","Adding interwikis.",93,707,"Поднять перо",3874,NA,161,0,21,"InterwikiBot","bot",TRUE,FALSE
"W2","708","Установить цвет () для пера","2018-07-08T07:22:23Z",2018,"wiki_minor_edit","Перенаправление на [[Блок рисования#chcolor]]",71,708,"Установить цвет () для пера",2611,NA,71,0,2,"Dimon4ezzz","human",TRUE,FALSE
"W2","710","Перо","2018-07-08T07:56:04Z",2018,"wiki_minor_edit","Dimon4ezzz переименовал страницу [[Перо]] в [[Блок рисования]] поверх перенаправления",63,710,"Перо",2619,NA,63,0,2,"Dimon4ezzz","human",TRUE,FALSE
"W154","710","Перо","2024-08-08T08:27:03Z",2024,"wiki_minor_edit","убрал двойное перенаправление",-10,710,"Перо",12016,NA,53,0,154,"Stysan","human",TRUE,FALSE
"W2","711","Изменить цвет пера на ()","2018-07-08T08:02:24Z",2018,"wiki_minor_edit","Перенаправление на [[Блок рисования#chcolor]]",71,711,"Изменить цвет пера на ()",2620,NA,71,0,2,"Dimon4ezzz","human",TRUE,FALSE
"W21","711","Изменить цвет пера на ()","2018-12-09T19:34:42Z",2018,"wiki_bot_edit","Adding interwikis.",132,711,"Изменить цвет пера на ()",3861,NA,203,0,21,"InterwikiBot","bot",TRUE,FALSE
"W2","712","Установить цвет пера ()","2018-07-08T08:04:54Z",2018,"wiki_minor_edit","Перенаправление на [[Блок рисования#chcolorn]]",72,712,"Установить цвет пера ()",2621,NA,72,0,2,"Dimon4ezzz","human",TRUE,FALSE
"W2","713","Изменить яркость пера на ()","2018-07-08T08:07:52Z",2018,"wiki_minor_edit","Перенаправление на [[Блок рисования#chshade]]",71,713,"Изменить яркость пера на ()",2622,NA,71,0,2,"Dimon4ezzz","human",TRUE,FALSE
"W2","713","Изменить яркость пера на ()","2018-07-08T08:20:08Z",2018,"wiki_minor_edit","Dimon4ezzz переименовал страницу [[Изменить оттенок пера на ()]] в [[Изменить яркость пера на ()]] без оставления перенаправления",0,713,"Изменить яркость пера на ()",2626,NA,71,0,2,"Dimon4ezzz","human",TRUE,FALSE
"W2","714","Изменить тень пера на ()","2018-07-08T08:08:15Z",2018,"wiki_minor_edit","Перенаправление на [[Блок рисования#chshade]]",71,714,"Изменить тень пера на ()",2623,NA,71,0,2,"Dimon4ezzz","human",TRUE,FALSE
"W2","716","Установить яркость пера ()","2018-07-08T08:21:50Z",2018,"wiki_minor_edit","Перенаправление на [[Блок рисования#setshade]]",72,716,"Установить яркость пера ()",2627,NA,72,0,2,"Dimon4ezzz","human",TRUE,FALSE
"W114","716","Установить яркость пера ()","2023-07-04T16:11:10Z",2023,"wiki_minor_edit","Исправление двойного перенаправления",-10,716,"Установить яркость пера ()",8935,NA,62,0,114,"Gohoski","human",TRUE,FALSE
"W2","717","Изменить размер пера на ()","2018-07-08T08:25:43Z",2018,"wiki_minor_edit","Перенаправление на [[Блок рисования#chsize]]",70,717,"Изменить размер пера на ()",2628,NA,70,0,2,"Dimon4ezzz","human",TRUE,FALSE
"W21","717","Изменить размер пера на ()","2018-12-09T19:33:37Z",2018,"wiki_bot_edit","Adding interwikis.",134,717,"Изменить размер пера на ()",3859,NA,204,0,21,"InterwikiBot","bot",TRUE,FALSE
"W2","718","Установить размер пера ()","2018-07-08T08:26:40Z",2018,"wiki_minor_edit","Перенаправление на [[Блок рисования#setsize]]",71,718,"Установить размер пера ()",2629,NA,71,0,2,"Dimon4ezzz","human",TRUE,FALSE
"W21","718","Установить размер пера ()","2018-12-09T20:23:56Z",2018,"wiki_bot_edit","Adding interwikis.",71,718,"Установить размер пера ()",3893,NA,142,0,21,"InterwikiBot","bot",TRUE,FALSE
"W21","718","Установить размер пера ()","2018-12-11T20:01:24Z",2018,"wiki_bot_edit","Adding interwikis.",53,718,"Установить размер пера ()",3915,NA,195,0,21,"InterwikiBot","bot",TRUE,FALSE
"W2","719","Блок перевода","2018-07-08T09:29:40Z",2018,"wiki_minor_edit","новые блоки",1649,719,"Блок перевода",2646,NA,1649,0,2,"Dimon4ezzz","human",TRUE,FALSE
"W2","719","Блок перевода","2018-07-11T09:44:33Z",2018,"wiki_minor_edit","категоризация",137,719,"Блок перевода",2893,NA,1786,0,2,"Dimon4ezzz","human",TRUE,FALSE
"W181","719","Блок перевода","2023-01-22T11:56:20Z",2023,"wiki_minor_edit","",-171,719,"Блок перевода",6975,NA,1615,0,181,"Zuenko-michail","human",TRUE,FALSE
"W181","719","Блок перевода","2023-01-23T05:29:14Z",2023,"wiki_minor_edit","",2342,719,"Блок перевода",6999,NA,3957,0,181,"Zuenko-michail","human",TRUE,FALSE
"W181","719","Блок перевода","2023-01-23T05:33:55Z",2023,"wiki_minor_edit","Скобки в блоке перевести [] на ( v)",70,719,"Блок перевода",7000,NA,4027,0,181,"Zuenko-michail","human",TRUE,FALSE
"W114","719","Блок перевода","2023-01-24T12:07:09Z",2023,"wiki_minor_edit","Gohoski переименовал страницу [[Блок переводчика Google]] в [[Блок перевода]]",0,719,"Блок перевода",7002,NA,4027,0,114,"Gohoski","human",TRUE,FALSE
"W181","719","Блок перевода","2023-01-29T10:11:20Z",2023,"wiki_minor_edit","Добавлена категория ""Расширения Скретч 3.0""",17,719,"Блок перевода",7098,NA,4044,0,181,"Zuenko-michail","human",TRUE,FALSE
"W114","719","Блок перевода","2024-02-04T15:23:45Z",2024,"wiki_minor_edit","авто: новая категоризация",0,719,"Блок перевода",11303,NA,4044,0,114,"Gohoski","human",TRUE,FALSE
"W114","719","Блок перевода","2024-02-04T15:28:21Z",2024,"wiki_minor_edit","авто: новая категоризация",2,719,"Блок перевода",11316,NA,4046,0,114,"Gohoski","human",TRUE,FALSE
"W269","719","Блок перевода","2025-05-10T15:38:15Z",2025,"wiki_minor_edit","",38,719,"Блок перевода",13231,NA,4084,0,269,"Tagir14012014","human",TRUE,FALSE
"W269","719","Блок перевода","2025-05-11T07:21:51Z",2025,"wiki_minor_edit","",2,719,"Блок перевода",13253,NA,4086,0,269,"Tagir14012014","human",TRUE,FALSE
"W42","734","Логический блок","2018-07-11T07:33:01Z",2018,"wiki_minor_edit","Перенаправление на [[Блок#Логический блок]]",74,734,"Логический блок",2835,NA,74,0,42,"RuMaks","human",TRUE,FALSE
"W42","734","Логический блок","2018-07-11T07:33:59Z",2018,"wiki_minor_edit","",45,734,"Логический блок",2836,NA,119,0,42,"RuMaks","human",TRUE,FALSE
"W42","735","Обвивающий блок","2018-07-11T07:36:12Z",2018,"wiki_minor_edit","Перенаправление на [[Блок#Обвивающий блок]]",119,735,"Обвивающий блок",2837,NA,119,0,42,"RuMaks","human",TRUE,FALSE
"W42","736","Закрывающий блок","2018-07-11T07:37:53Z",2018,"wiki_minor_edit","Перенаправление на [[Блок#Закрывающий блок]]",121,736,"Закрывающий блок",2838,NA,121,0,42,"RuMaks","human",TRUE,FALSE
"W181","736","Закрывающий блок","2023-01-22T05:59:59Z",2023,"wiki_minor_edit","Удалено перенаправление на [[Блок#Закрывающий блок]]",3621,736,"Закрывающий блок",6924,NA,3742,0,181,"Zuenko-michail","human",TRUE,FALSE
"W181","736","Закрывающий блок","2023-01-22T06:03:14Z",2023,"wiki_minor_edit","Добавлена форма блока",117,736,"Закрывающий блок",6925,NA,3859,0,181,"Zuenko-michail","human",TRUE,FALSE
"W44","739","Создание изображений и анимации","2018-07-12T05:23:43Z",2018,"wiki_minor_edit","Новая страница: «== Создание изображений и анимаций == В проектах Cкретч есть два вида редакторов рисования…»",2397,739,"Создание изображений и анимации",2937,NA,2397,0,44,"Kometa2007","human",TRUE,FALSE
"W2","739","Создание изображений и анимации","2018-07-12T06:38:16Z",2018,"wiki_minor_edit","Dimon4ezzz переименовал страницу [[Категория:Создание изображений и анимаций]] в [[Создание изображений и анимаций]] без оставления перенаправ…",0,739,"Создание изображений и анимации",2944,NA,2397,0,2,"Dimon4ezzz","human",TRUE,FALSE
"W2","739","Создание изображений и анимации","2018-07-12T06:38:54Z",2018,"wiki_minor_edit","/* Смотрите также */ викификация, категоризация",5,739,"Создание изображений и анимации",2945,NA,2402,0,2,"Dimon4ezzz","human",TRUE,FALSE
"W2","739","Создание изображений и анимации","2018-07-12T07:19:32Z",2018,"wiki_minor_edit","Dimon4ezzz переименовал страницу [[Создание изображений и анимаций]] в [[Создание изображений и анимации]] без оставления перенаправления: орфо…",0,739,"Создание изображений и анимации",2963,NA,2402,0,2,"Dimon4ezzz","human",TRUE,FALSE
"W89","739","Создание изображений и анимации","2018-10-24T09:09:01Z",2018,"wiki_minor_edit","/* Растровый режим */",221,739,"Создание изображений и анимации",3629,NA,2623,0,89,"Toksin","human",TRUE,FALSE
"W30","739","Создание изображений и анимации","2019-03-06T20:36:11Z",2019,"wiki_minor_edit","Изменил статью под 3.0",-307,739,"Создание изображений и анимации",4188,NA,2316,0,30,"Marerjh","human",TRUE,FALSE
"W117","739","Создание изображений и анимации","2020-11-22T16:53:48Z",2020,"wiki_minor_edit","/* Растровый режим */",648,739,"Создание изображений и анимации",5635,NA,2964,0,117,"Crasylizard","human",TRUE,FALSE
"W117","739","Создание изображений и анимации","2020-11-22T16:56:29Z",2020,"wiki_minor_edit","/* Векторный режим */",31,739,"Создание изображений и анимации",5636,NA,2995,0,117,"Crasylizard","human",TRUE,FALSE
"W114","739","Создание изображений и анимации","2024-02-04T15:17:10Z",2024,"wiki_minor_edit","авто: новая категоризация",0,739,"Создание изображений и анимации",11191,NA,2995,0,114,"Gohoski","human",TRUE,FALSE
"W44","743","Что сделать на Скретч?","2018-07-12T06:57:44Z",2018,"wiki_minor_edit","Новая страница: «= Что сделать на Скретч? = == Вступление == Здравствуйте дорогие друзья! Эта статья не посвя…»",1520,743,"Что сделать на Скретч?",2951,NA,1520,0,44,"Kometa2007","human",TRUE,FALSE
"W44","743","Что сделать на Скретч?","2018-07-12T06:59:10Z",2018,"wiki_minor_edit","",42,743,"Что сделать на Скретч?",2952,NA,1562,0,44,"Kometa2007","human",TRUE,FALSE
"W44","743","Что сделать на Скретч?","2018-07-12T07:12:21Z",2018,"wiki_minor_edit","",0,743,"Что сделать на Скретч?",2955,NA,1562,0,44,"Kometa2007","human",TRUE,FALSE
"W44","743","Что сделать на Скретч?","2018-07-12T07:16:40Z",2018,"wiki_minor_edit","",20,743,"Что сделать на Скретч?",2957,NA,1582,0,44,"Kometa2007","human",TRUE,FALSE
"W44","743","Что сделать на Скретч?","2018-07-12T07:17:54Z",2018,"wiki_minor_edit","",73,743,"Что сделать на Скретч?",2961,NA,1655,0,44,"Kometa2007","human",TRUE,FALSE
"W44","743","Что сделать на Скретч?","2018-07-12T07:18:48Z",2018,"wiki_minor_edit","",65,743,"Что сделать на Скретч?",2962,NA,1720,0,44,"Kometa2007","human",TRUE,FALSE
"W44","743","Что сделать на Скретч?","2018-07-12T07:19:50Z",2018,"wiki_minor_edit","",85,743,"Что сделать на Скретч?",2964,NA,1805,0,44,"Kometa2007","human",TRUE,FALSE
"W2","743","Что сделать на Скретч?","2018-07-12T07:23:46Z",2018,"wiki_minor_edit","вступление пишется без заголовка, заголовок первого уровня не нужен, ссылки на вики оформляются при помощи <nowiki>[[</nowiki>, раздел «См. также»",-175,743,"Что сделать на Скретч?",2967,NA,1630,0,2,"Dimon4ezzz","human",TRUE,FALSE
"W42","743","Что сделать на Скретч?","2018-07-12T15:25:30Z",2018,"wiki_minor_edit","",15,743,"Что сделать на Скретч?",3017,NA,1645,0,42,"RuMaks","human",TRUE,FALSE
"W36","743","Что сделать на Скретч?","2020-09-26T18:22:30Z",2020,"wiki_minor_edit","Правки",-64,743,"Что сделать на Скретч?",5588,NA,1581,0,36,"Mini Kostik","human",TRUE,FALSE
"W189","743","Что сделать на Скретч?","2023-10-13T12:02:02Z",2023,"wiki_minor_edit","добавил",49,743,"Что сделать на Скретч?",9488,NA,1630,0,189,"Scratch craft 2","human",TRUE,FALSE
"W189","743","Что сделать на Скретч?","2023-10-13T16:11:33Z",2023,"wiki_minor_edit","добавил кое-что и раздел",672,743,"Что сделать на Скретч?",9506,NA,2302,0,189,"Scratch craft 2","human",TRUE,FALSE
"W217","743","Что сделать на Скретч?","2023-10-13T17:13:34Z",2023,"wiki_minor_edit","Некоторые изменения",0,743,"Что сделать на Скретч?",9520,NA,2302,0,217,"AGScratcherBest","human",TRUE,FALSE
"W189","743","Что сделать на Скретч?","2023-10-21T14:20:18Z",2023,"wiki_minor_edit","",346,743,"Что сделать на Скретч?",9820,NA,2648,0,189,"Scratch craft 2","human",TRUE,FALSE
"W217","743","Что сделать на Скретч?","2023-10-21T14:34:23Z",2023,"wiki_minor_edit","Визуальный редактор? нееее.... Редактор викитекста? Даааа!!!!!!!",3,743,"Что сделать на Скретч?",9821,NA,2651,0,217,"AGScratcherBest","human",TRUE,FALSE
"W114","743","Что сделать на Скретч?","2024-02-04T15:17:43Z",2024,"wiki_minor_edit","авто: новая категоризация",0,743,"Что сделать на Скретч?",11201,NA,2651,0,114,"Gohoski","human",TRUE,FALSE
"W120","743","Что сделать на Скретч?","2024-02-24T12:07:14Z",2024,"wiki_minor_edit","Данная статья не относиться к категории, указанной ранее",-47,743,"Что сделать на Скретч?",11462,NA,2604,0,120,"Idey programm","human",TRUE,FALSE
"W120","743","Что сделать на Скретч?","2024-03-15T16:56:10Z",2024,"wiki_minor_edit","Исправление неточностей",-470,743,"Что сделать на Скретч?",11580,NA,2134,0,120,"Idey programm","human",TRUE,FALSE
"W189","743","Что сделать на Скретч?","2024-04-27T19:40:46Z",2024,"wiki_minor_edit","/* Идеи для профессионалов */",118,743,"Что сделать на Скретч?",11716,NA,2252,0,189,"Scratch craft 2","human",TRUE,FALSE
"W189","743","Что сделать на Скретч?","2024-04-27T19:44:02Z",2024,"wiki_minor_edit","/* Идеи для профессионалов */",124,743,"Что сделать на Скретч?",11717,NA,2376,0,189,"Scratch craft 2","human",TRUE,FALSE
"W189","743","Что сделать на Скретч?","2024-04-27T19:44:59Z",2024,"wiki_minor_edit","/* Идеи для тех кто давно на Сретче */",2,743,"Что сделать на Скретч?",11718,NA,2378,0,189,"Scratch craft 2","human",TRUE,FALSE
"W2","748","Играть звук ()","2018-07-12T13:22:57Z",2018,"wiki_minor_edit","Перенаправление на [[Блок звука#play]]",60,748,"Играть звук ()",2987,NA,60,0,2,"Dimon4ezzz","human",TRUE,FALSE
"W21","748","Играть звук ()","2018-12-09T20:08:48Z",2018,"wiki_bot_edit","Adding interwikis.",101,748,"Играть звук ()",3877,NA,161,0,21,"InterwikiBot","bot",TRUE,FALSE
"W2","749","Играть звук () до конца","2018-07-12T13:26:33Z",2018,"wiki_minor_edit","Перенаправление на [[Блок звука#playud]]",62,749,"Играть звук () до конца",2988,NA,62,0,2,"Dimon4ezzz","human",TRUE,FALSE
"W21","749","Играть звук () до конца","2018-12-09T20:09:13Z",2018,"wiki_bot_edit","Adding interwikis.",133,749,"Играть звук () до конца",3878,NA,195,0,21,"InterwikiBot","bot",TRUE,FALSE
"W2","750","Остановить все звуки","2018-07-12T13:30:47Z",2018,"wiki_minor_edit","Перенаправление на [[Блок звука#stop]]",60,750,"Остановить все звуки",2989,NA,60,0,2,"Dimon4ezzz","human",TRUE,FALSE
"W21","750","Остановить все звуки","2018-12-11T19:56:06Z",2018,"wiki_bot_edit","Adding interwikis.",113,750,"Остановить все звуки",3913,NA,173,0,21,"InterwikiBot","bot",TRUE,FALSE
"W2","751","Барабану () играть () тактов","2018-07-12T13:43:40Z",2018,"wiki_minor_edit","Перенаправление на [[Блок звука#playd]]",61,751,"Барабану () играть () тактов",2990,NA,61,0,2,"Dimon4ezzz","human",TRUE,FALSE
"W21","751","Барабану () играть () тактов","2018-12-09T20:08:09Z",2018,"wiki_bot_edit","Adding interwikis.",148,751,"Барабану () играть () тактов",3876,NA,209,0,21,"InterwikiBot","bot",TRUE,FALSE
"W2","752","Подождать () тактов","2018-07-12T14:13:49Z",2018,"wiki_minor_edit","Перенаправление на [[Блок звука#wait]]",60,752,"Подождать () тактов",2995,NA,60,0,2,"Dimon4ezzz","human",TRUE,FALSE
"W21","752","Подождать () тактов","2018-12-09T20:13:20Z",2018,"wiki_bot_edit","Adding interwikis.",101,752,"Подождать () тактов",3882,NA,161,0,21,"InterwikiBot","bot",TRUE,FALSE
"W2","753","Блок звука","2018-07-12T14:14:34Z",2018,"wiki_minor_edit","Новая страница: «'''Блок звука''' позволяет воспроизводить звуки в проекте.  == Список блоков == {{Таблица блок…»",4376,753,"Блок звука",2996,NA,4376,0,2,"Dimon4ezzz","human",TRUE,FALSE
"W2","753","Блок звука","2018-07-12T14:49:29Z",2018,"wiki_minor_edit","/* Список блоков */ добавил все",4646,753,"Блок звука",3013,NA,9022,0,2,"Dimon4ezzz","human",TRUE,FALSE
"W181","753","Блок звука","2023-01-22T08:18:26Z",2023,"wiki_minor_edit","Добавлен шаблон Категории блоков, добавлены блоки 3.0",-3515,753,"Блок звука",6935,NA,5507,0,181,"Zuenko-michail","human",TRUE,FALSE
"W181","753","Блок звука","2023-01-29T09:38:40Z",2023,"wiki_minor_edit","Перевод статьи с английской вики",1731,753,"Блок звука",7083,NA,7238,0,181,"Zuenko-michail","human",TRUE,FALSE
"W184","753","Блок звука","2023-03-07T11:54:28Z",2023,"wiki_minor_edit","Добавлены ссылки на статьи про блоки, а также немного измены коды блоков и их имена.",392,753,"Блок звука",7780,NA,7630,0,184,"Alex Ilya","human",TRUE,FALSE
"W217","753","Блок звука","2023-11-24T08:31:27Z",2023,"wiki_minor_edit","/* Список блоков */",0,753,"Блок звука",10550,NA,7630,0,217,"AGScratcherBest","human",TRUE,FALSE
"W217","753","Блок звука","2023-11-24T08:35:22Z",2023,"wiki_minor_edit","/* Список блоков */",-348,753,"Блок звука",10551,NA,7282,0,217,"AGScratcherBest","human",TRUE,FALSE
"W114","753","Блок звука","2024-02-04T15:28:05Z",2024,"wiki_minor_edit","авто: новая категоризация",2,753,"Блок звука",11311,NA,7284,0,114,"Gohoski","human",TRUE,FALSE
"W2","754","Играть ноту () () тактов","2018-07-12T14:20:55Z",2018,"wiki_minor_edit","Перенаправление на [[Блок звука#playn]]",61,754,"Играть ноту () () тактов",2998,NA,61,0,2,"Dimon4ezzz","human",TRUE,FALSE
"W21","754","Играть ноту () () тактов","2018-12-09T20:09:40Z",2018,"wiki_bot_edit","Adding interwikis.",138,754,"Играть ноту () () тактов",3879,NA,199,0,21,"InterwikiBot","bot",TRUE,FALSE
"W2","755","Выбрать инструмент ()","2018-07-12T14:36:07Z",2018,"wiki_minor_edit","Перенаправление на [[Блок звука#choose]]",62,755,"Выбрать инструмент ()",3006,NA,62,0,2,"Dimon4ezzz","human",TRUE,FALSE
"W21","755","Выбрать инструмент ()","2018-12-09T20:16:21Z",2018,"wiki_bot_edit","Adding interwikis.",117,755,"Выбрать инструмент ()",3885,NA,179,0,21,"InterwikiBot","bot",TRUE,FALSE
"W2","756","Изменить громкость на ()","2018-07-12T14:39:07Z",2018,"wiki_minor_edit","Перенаправление на [[Блок звука#chvol]]",61,756,"Изменить громкость на ()",3007,NA,61,0,2,"Dimon4ezzz","human",TRUE,FALSE
"W21","756","Изменить громкость на ()","2018-12-09T19:32:45Z",2018,"wiki_bot_edit","Adding interwikis.",124,756,"Изменить громкость на ()",3858,NA,185,0,21,"InterwikiBot","bot",TRUE,FALSE
"W2","757","Установить громкость ()","2018-07-12T14:40:47Z",2018,"wiki_minor_edit","Перенаправление на [[Блок звука#setvol]]",62,757,"Установить громкость ()",3008,NA,62,0,2,"Dimon4ezzz","human",TRUE,FALSE
"W21","757","Установить громкость ()","2018-12-09T20:23:04Z",2018,"wiki_bot_edit","Adding interwikis.",118,757,"Установить громкость ()",3892,NA,180,0,21,"InterwikiBot","bot",TRUE,FALSE
"W2","758","Изменить темп на ()","2018-07-12T14:43:09Z",2018,"wiki_minor_edit","Перенаправление на [[Блок звука#chtempo]]",63,758,"Изменить темп на ()",3009,NA,63,0,2,"Dimon4ezzz","human",TRUE,FALSE
"W21","758","Изменить темп на ()","2018-12-09T19:34:29Z",2018,"wiki_bot_edit","Adding interwikis.",120,758,"Изменить темп на ()",3860,NA,183,0,21,"InterwikiBot","bot",TRUE,FALSE
"W2","759","Установить темп () bpm","2018-07-12T14:45:58Z",2018,"wiki_minor_edit","Перенаправление на [[Блок звука#settempo]]",64,759,"Установить темп () bpm",3010,NA,64,0,2,"Dimon4ezzz","human",TRUE,FALSE
"W21","759","Установить темп () bpm","2018-12-09T20:24:22Z",2018,"wiki_bot_edit","Adding interwikis.",131,759,"Установить темп () bpm",3894,NA,195,0,21,"InterwikiBot","bot",TRUE,FALSE
"W2","760","Громкость","2018-07-12T14:47:36Z",2018,"wiki_minor_edit","Перенаправление на [[Блок звука#vol]]",59,760,"Громкость",3011,NA,59,0,2,"Dimon4ezzz","human",TRUE,FALSE
"W21","760","Громкость","2018-12-11T20:09:20Z",2018,"wiki_bot_edit","Adding interwikis.",107,760,"Громкость",3917,NA,166,0,21,"InterwikiBot","bot",TRUE,FALSE
"W2","761","Темп","2018-07-12T14:49:05Z",2018,"wiki_minor_edit","Перенаправление на [[Блок звука#tempo]]",61,761,"Темп",3012,NA,61,0,2,"Dimon4ezzz","human",TRUE,FALSE
"W21","761","Темп","2018-12-09T20:28:00Z",2018,"wiki_bot_edit","Adding interwikis.",71,761,"Темп",3895,NA,132,0,21,"InterwikiBot","bot",TRUE,FALSE
"W42","766","Когда клавиша нажата (блок)","2018-07-16T09:44:26Z",2018,"wiki_minor_edit","Перенаправление на [[Событийный блок#whenkeypressed]]",80,766,"Когда клавиша нажата (блок)",3057,NA,80,0,42,"RuMaks","human",TRUE,FALSE
"W42","767","Когда спрайт нажат","2018-07-16T09:44:47Z",2018,"wiki_minor_edit","Перенаправление на [[Событийный блок#whenthisspriteclicked]]",87,767,"Когда спрайт нажат",3058,NA,87,0,42,"RuMaks","human",TRUE,FALSE
"W2","767","Когда спрайт нажат","2018-07-18T13:05:48Z",2018,"wiki_minor_edit","Dimon4ezzz переименовал страницу [[Когда спрайт нажат (блок)]] в [[Когда спрайт нажат]]: ненужное уточнение",0,767,"Когда спрайт нажат",3084,NA,87,0,2,"Dimon4ezzz","human",TRUE,FALSE
"W184","767","Когда спрайт нажат","2023-02-23T18:52:42Z",2023,"wiki_minor_edit","Перенаправление изменено с [[Событийный блок#whenthisspriteclicked]] на [[Блок события/Когда спрайт нажат]]",7,767,"Когда спрайт нажат",7682,NA,94,0,184,"Alex Ilya","human",TRUE,FALSE
"W42","768","Когда фон меняется на ()","2018-07-16T09:45:41Z",2018,"wiki_minor_edit","Перенаправление на [[Событийный блок#whenbackdropswitchesto]]",88,768,"Когда фон меняется на ()",3059,NA,88,0,42,"RuMaks","human",TRUE,FALSE
"W2","768","Когда фон меняется на ()","2018-07-18T13:08:49Z",2018,"wiki_minor_edit","Dimon4ezzz переименовал страницу [[Когда фон меняется на () (блок)]] в [[Когда фон меняется на ()]]: ненужное уточнение",0,768,"Когда фон меняется на ()",3088,NA,88,0,2,"Dimon4ezzz","human",TRUE,FALSE
"W21","768","Когда фон меняется на ()","2018-12-11T20:08:15Z",2018,"wiki_bot_edit","Adding interwikis.",146,768,"Когда фон меняется на ()",3916,NA,234,0,21,"InterwikiBot","bot",TRUE,FALSE
"W184","768","Когда фон меняется на ()","2023-02-24T09:46:05Z",2023,"wiki_minor_edit","Изменено перенаправление.",16,768,"Когда фон меняется на ()",7691,NA,250,0,184,"Alex Ilya","human",TRUE,FALSE
"W42","769","Когда () больше ()","2018-07-16T09:46:06Z",2018,"wiki_minor_edit","Перенаправление на [[Событийный блок#whenisgreaterthan]]",83,769,"Когда () больше ()",3060,NA,83,0,42,"RuMaks","human",TRUE,FALSE
"W2","769","Когда () больше ()","2018-07-18T13:12:11Z",2018,"wiki_minor_edit","Dimon4ezzz переименовал страницу [[Когда () больше () (блок)]] в [[Когда () больше ()]]: ненужное уточнение",0,769,"Когда () больше ()",3092,NA,83,0,2,"Dimon4ezzz","human",TRUE,FALSE
"W21","769","Когда () больше ()","2018-12-11T19:46:15Z",2018,"wiki_bot_edit","Adding interwikis.",120,769,"Когда () больше ()",3906,NA,203,0,21,"InterwikiBot","bot",TRUE,FALSE
"W184","769","Когда () больше ()","2023-02-24T11:01:14Z",2023,"wiki_minor_edit","Изменено перенаправление.",9,769,"Когда () больше ()",7695,NA,212,0,184,"Alex Ilya","human",TRUE,FALSE
"W42","770","Когда я получу ()","2018-07-16T09:46:24Z",2018,"wiki_minor_edit","Перенаправление на [[Событийный блок#whenireceive]]",78,770,"Когда я получу ()",3061,NA,78,0,42,"RuMaks","human",TRUE,FALSE
"W2","770","Когда я получу ()","2018-07-18T13:13:37Z",2018,"wiki_minor_edit","Dimon4ezzz переименовал страницу [[Когда я получу () (блок)]] в [[Когда я получу ()]]: ненужное уточнение",0,770,"Когда я получу ()",3095,NA,78,0,2,"Dimon4ezzz","human",TRUE,FALSE
"W21","770","Когда я получу ()","2018-12-11T19:45:36Z",2018,"wiki_bot_edit","Adding interwikis.",155,770,"Когда я получу ()",3905,NA,233,0,21,"InterwikiBot","bot",TRUE,FALSE
"W184","770","Когда я получу ()","2023-02-24T12:44:58Z",2023,"wiki_minor_edit","Изменено перенаправление.",15,770,"Когда я получу ()",7698,NA,248,0,184,"Alex Ilya","human",TRUE,FALSE
"W42","771","Передать ()","2018-07-16T09:46:50Z",2018,"wiki_minor_edit","Перенаправление на [[Событийный блок#broadcast]]",75,771,"Передать ()",3062,NA,75,0,42,"RuMaks","human",TRUE,FALSE
"W2","771","Передать ()","2018-07-18T13:20:46Z",2018,"wiki_minor_edit","Dimon4ezzz переименовал страницу [[Передать () (блок)]] в [[Передать ()]]: ненужное уточнение",0,771,"Передать ()",3098,NA,75,0,2,"Dimon4ezzz","human",TRUE,FALSE
"W21","771","Передать ()","2018-12-09T19:37:06Z",2018,"wiki_bot_edit","Adding interwikis.",125,771,"Передать ()",3864,NA,200,0,21,"InterwikiBot","bot",TRUE,FALSE
"W42","772","Передать () и ждать","2018-07-16T09:47:07Z",2018,"wiki_minor_edit","Перенаправление на [[Событийный блок#broadcastandwait]]",82,772,"Передать () и ждать",3063,NA,82,0,42,"RuMaks","human",TRUE,FALSE
"W2","772","Передать () и ждать","2018-07-18T13:46:20Z",2018,"wiki_minor_edit","Dimon4ezzz переименовал страницу [[Передать () и ждать (блок)]] в [[Передать () и ждать]]: ненужное уточнение",0,772,"Передать () и ждать",3102,NA,82,0,2,"Dimon4ezzz","human",TRUE,FALSE
"W21","772","Передать () и ждать","2018-12-09T19:35:48Z",2018,"wiki_bot_edit","Adding interwikis.",120,772,"Передать () и ждать",3862,NA,202,0,21,"InterwikiBot","bot",TRUE,FALSE
"W42","773","Комментарий (скрипт)","2018-07-16T11:03:36Z",2018,"wiki_minor_edit","Новая страница: «<small>Это статья о программировании. Если Вы хотите узнать о комментариях на сайте, то зайд…»",2454,773,"Комментарий (скрипт)",3064,NA,2454,0,42,"RuMaks","human",TRUE,FALSE
"W42","773","Комментарий (скрипт)","2018-07-16T11:04:21Z",2018,"wiki_minor_edit","",4,773,"Комментарий (скрипт)",3066,NA,2458,0,42,"RuMaks","human",TRUE,FALSE
"W42","773","Комментарий (скрипт)","2018-07-16T11:04:39Z",2018,"wiki_minor_edit","",0,773,"Комментарий (скрипт)",3067,NA,2458,0,42,"RuMaks","human",TRUE,FALSE
"W114","773","Комментарий (скрипт)","2023-03-12T10:46:52Z",2023,"wiki_minor_edit","это не руководство",-45,773,"Комментарий (скрипт)",7860,NA,2413,0,114,"Gohoski","human",TRUE,FALSE
"W2","775","Когда щёлкнут по зелёному флагу (блок)","2018-07-18T13:03:22Z",2018,"wiki_minor_edit","Dimon4ezzz переименовал страницу [[Когда щёлкнут по зелёному флагу (блок)]] в [[Когда щёлкнут по зелёному флагу]]: приписка не нужна",94,775,"Когда щёлкнут по зелёному флагу (блок)",3082,NA,94,0,2,"Dimon4ezzz","human",TRUE,FALSE
"W2","775","Когда щёлкнут по зелёному флагу (блок)","2018-07-18T13:08:18Z",2018,"wiki_minor_edit","исправление двойного перенаправления",-8,775,"Когда щёлкнут по зелёному флагу (блок)",3087,NA,86,0,2,"Dimon4ezzz","human",TRUE,FALSE
"W2","776","Когда клавиша () нажата","2018-07-18T13:04:58Z",2018,"wiki_minor_edit","стандартизованное название",80,776,"Когда клавиша () нажата",3083,NA,80,0,2,"Dimon4ezzz","human",TRUE,FALSE
"W21","776","Когда клавиша () нажата","2018-12-11T19:44:56Z",2018,"wiki_bot_edit","Adding interwikis.",124,776,"Когда клавиша () нажата",3903,NA,204,0,21,"InterwikiBot","bot",TRUE,FALSE
"W184","776","Когда клавиша () нажата","2023-02-23T13:25:43Z",2023,"wiki_minor_edit","Перенаправлено на новую статью.",24,776,"Когда клавиша () нажата",7679,NA,228,0,184,"Alex Ilya","human",TRUE,FALSE
"W2","777","Когда спрайт нажат (блок)","2018-07-18T13:05:48Z",2018,"wiki_minor_edit","Dimon4ezzz переименовал страницу [[Когда спрайт нажат (блок)]] в [[Когда спрайт нажат]]: ненужное уточнение",70,777,"Когда спрайт нажат (блок)",3085,NA,70,0,2,"Dimon4ezzz","human",TRUE,FALSE
"W114","777","Когда спрайт нажат (блок)","2023-01-15T09:25:46Z",2023,"wiki_minor_edit","Перенаправление изменено с [[Когда спрайт нажат]] на [[Блок события#spriteclicked]]",3,777,"Когда спрайт нажат (блок)",6802,NA,73,0,114,"Gohoski","human",TRUE,FALSE
"W2","778","Когда фон меняется на () (блок)","2018-07-18T13:08:49Z",2018,"wiki_minor_edit","Dimon4ezzz переименовал страницу [[Когда фон меняется на () (блок)]] в [[Когда фон меняется на ()]]: ненужное уточнение",78,778,"Когда фон меняется на () (блок)",3089,NA,78,0,2,"Dimon4ezzz","human",TRUE,FALSE
"W2","778","Когда фон меняется на () (блок)","2018-07-18T13:09:21Z",2018,"wiki_minor_edit","Перенаправление на [[Собыйтиный блок#whenbackdropswitchesto]]",10,778,"Когда фон меняется на () (блок)",3090,NA,88,0,2,"Dimon4ezzz","human",TRUE,FALSE
"W2","778","Когда фон меняется на () (блок)","2018-07-18T13:09:40Z",2018,"wiki_minor_edit","исправление двойного перенаправления",0,778,"Когда фон меняется на () (блок)",3091,NA,88,0,2,"Dimon4ezzz","human",TRUE,FALSE
"W2","779","Когда () больше () (блок)","2018-07-18T13:12:11Z",2018,"wiki_minor_edit","Dimon4ezzz переименовал страницу [[Когда () больше () (блок)]] в [[Когда () больше ()]]: ненужное уточнение",65,779,"Когда () больше () (блок)",3093,NA,65,0,2,"Dimon4ezzz","human",TRUE,FALSE
"W2","779","Когда () больше () (блок)","2018-07-18T13:12:27Z",2018,"wiki_minor_edit","исправление двойного перенаправления",18,779,"Когда () больше () (блок)",3094,NA,83,0,2,"Dimon4ezzz","human",TRUE,FALSE
"W2","780","Когда я получу () (блок)","2018-07-18T13:13:37Z",2018,"wiki_minor_edit","Dimon4ezzz переименовал страницу [[Когда я получу () (блок)]] в [[Когда я получу ()]]: ненужное уточнение",65,780,"Когда я получу () (блок)",3096,NA,65,0,2,"Dimon4ezzz","human",TRUE,FALSE
"W2","782","Передать () (блок)","2018-07-18T13:20:46Z",2018,"wiki_minor_edit","Dimon4ezzz переименовал страницу [[Передать () (блок)]] в [[Передать ()]]: ненужное уточнение",55,782,"Передать () (блок)",3099,NA,55,0,2,"Dimon4ezzz","human",TRUE,FALSE
"W2","783","Рекурсия","2018-07-18T13:43:09Z",2018,"wiki_minor_edit","новая страница",1880,783,"Рекурсия",3100,NA,1880,0,2,"Dimon4ezzz","human",TRUE,FALSE
"W21","783","Рекурсия","2018-12-09T20:13:45Z",2018,"wiki_bot_edit","Adding interwikis.",45,783,"Рекурсия",3883,NA,1925,0,21,"InterwikiBot","bot",TRUE,FALSE
"W113","783","Рекурсия","2020-07-06T01:08:12Z",2020,"wiki_minor_edit","",-38,783,"Рекурсия",5508,NA,1887,0,113,"M-A-Z-2005","human",TRUE,FALSE
"W114","783","Рекурсия","2024-02-04T15:16:53Z",2024,"wiki_minor_edit","авто: новая категоризация",0,783,"Рекурсия",11185,NA,1887,0,114,"Gohoski","human",TRUE,FALSE
"W2","784","Передать () и ждать (блок)","2018-07-18T13:46:20Z",2018,"wiki_minor_edit","Dimon4ezzz переименовал страницу [[Передать () и ждать (блок)]] в [[Передать () и ждать]]: ненужное уточнение",69,784,"Передать () и ждать (блок)",3103,NA,69,0,2,"Dimon4ezzz","human",TRUE,FALSE
"W87","791","Область скриптов","2018-07-21T13:30:54Z",2018,"wiki_minor_edit","Новая страница: «   {{незавершённая статья}} == область скриптов == Файл:безымянный.png|600px|thumb|center|область скр…»",1406,791,"Область скриптов",3147,NA,1406,0,87,"Simon142","human",TRUE,FALSE
"W42","791","Область скриптов","2018-07-21T16:07:45Z",2018,"wiki_minor_edit","",-490,791,"Область скриптов",3150,NA,916,0,42,"RuMaks","human",TRUE,FALSE
"W42","791","Область скриптов","2018-07-21T16:10:13Z",2018,"wiki_minor_edit","",117,791,"Область скриптов",3151,NA,1033,0,42,"RuMaks","human",TRUE,FALSE
"W81","791","Область скриптов","2018-07-25T11:53:24Z",2018,"wiki_minor_edit","Немного поредактировал :)",630,791,"Область скриптов",3235,NA,1663,0,81,"Neon","human",TRUE,FALSE
"W114","791","Область скриптов","2023-03-12T10:46:23Z",2023,"wiki_minor_edit","это не руководство",-46,791,"Область скриптов",7859,NA,1617,0,114,"Gohoski","human",TRUE,FALSE
"W120","791","Область скриптов","2023-03-12T12:01:26Z",2023,"wiki_minor_edit","Перевод некоторых разделов с Английской Вики",955,791,"Область скриптов",7868,NA,2572,0,120,"Idey programm","human",TRUE,FALSE
"W177","791","Область скриптов","2023-05-26T13:50:13Z",2023,"wiki_minor_edit","Больше переведено",71,791,"Область скриптов",8499,NA,2643,0,177,"Greg1234567890f","human",TRUE,FALSE
"W120","791","Область скриптов","2023-05-28T11:43:24Z",2023,"wiki_minor_edit","Перевод некоторых разделов с Английской Вики",2200,791,"Область скриптов",8533,NA,4843,0,120,"Idey programm","human",TRUE,FALSE
"W81","792","Блок внешнего вида","2018-07-22T10:21:14Z",2018,"wiki_minor_edit","Начал делать статью, но время не позволяет закончить...",1821,792,"Блок внешнего вида",3158,NA,1821,0,81,"Neon","human",TRUE,FALSE
"W42","792","Блок внешнего вида","2018-07-22T14:27:37Z",2018,"wiki_minor_edit","",7572,792,"Блок внешнего вида",3166,NA,9393,0,42,"RuMaks","human",TRUE,FALSE
"W42","792","Блок внешнего вида","2018-07-22T14:52:10Z",2018,"wiki_minor_edit","",-45,792,"Блок внешнего вида",3167,NA,9348,0,42,"RuMaks","human",TRUE,FALSE
"W42","792","Блок внешнего вида","2018-07-23T09:01:08Z",2018,"wiki_minor_edit","",-754,792,"Блок внешнего вида",3174,NA,8594,0,42,"RuMaks","human",TRUE,FALSE
"W42","792","Блок внешнего вида","2018-07-23T10:01:21Z",2018,"wiki_minor_edit","",8,792,"Блок внешнего вида",3200,NA,8602,0,42,"RuMaks","human",TRUE,FALSE
"W42","792","Блок внешнего вида","2018-07-23T10:10:07Z",2018,"wiki_minor_edit","",159,792,"Блок внешнего вида",3201,NA,8761,0,42,"RuMaks","human",TRUE,FALSE
"W2","792","Блок внешнего вида","2018-07-24T03:42:51Z",2018,"wiki_minor_edit","/* Список блоков */ блоки не только из Скретч 2.0, оформление",-155,792,"Блок внешнего вида",3202,NA,8606,0,2,"Dimon4ezzz","human",TRUE,FALSE
"W2","792","Блок внешнего вида","2018-07-24T03:43:24Z",2018,"wiki_minor_edit","/* Список блоков */ хватит ставить div, есть простой шаблон",-4,792,"Блок внешнего вида",3203,NA,8602,0,2,"Dimon4ezzz","human",TRUE,FALSE
"W2","792","Блок внешнего вида","2018-07-24T17:31:11Z",2018,"wiki_minor_edit","/* Блоки из 3.0 */ в подраздел списка",-15,792,"Блок внешнего вида",3229,NA,8587,0,2,"Dimon4ezzz","human",TRUE,FALSE
"W114","792","Блок внешнего вида","2020-08-10T15:33:50Z",2020,"wiki_minor_edit","/* Список блоков */",219,792,"Блок внешнего вида",5536,NA,8806,0,114,"Gohoski","human",TRUE,FALSE
"W165","792","Блок внешнего вида","2022-11-04T08:23:19Z",2022,"wiki_minor_edit","",42,792,"Блок внешнего вида",6062,NA,8848,0,165,"RunRun 5","human",TRUE,FALSE
"W181","792","Блок внешнего вида","2023-01-22T08:06:05Z",2023,"wiki_minor_edit","Добавлен шаблон Категории блоков",77,792,"Блок внешнего вида",6934,NA,8925,0,181,"Zuenko-michail","human",TRUE,FALSE
"W114","792","Блок внешнего вида","2023-02-12T10:58:05Z",2023,"wiki_minor_edit","Gohoski переименовал страницу [[Блок внешности]] в [[Блок внешнего вида]]: Сейчас категория называется так",0,792,"Блок внешнего вида",7483,NA,8925,0,114,"Gohoski","human",TRUE,FALSE
"W114","792","Блок внешнего вида","2023-02-12T11:50:09Z",2023,"wiki_minor_edit","",-63,792,"Блок внешнего вида",7490,NA,8862,0,114,"Gohoski","human",TRUE,FALSE
"W184","792","Блок внешнего вида","2023-02-18T12:23:26Z",2023,"wiki_minor_edit","Исправлен код блока с ""сменить костюм на ( v)"" в ""изменить костюм на ( v)""",2,792,"Блок внешнего вида",7545,NA,8864,0,184,"Alex Ilya","human",TRUE,FALSE
"W184","792","Блок внешнего вида","2023-04-24T11:19:38Z",2023,"wiki_minor_edit","Добавлены ссылки на блоки.",693,792,"Блок внешнего вида",8199,NA,9557,0,184,"Alex Ilya","human",TRUE,FALSE
"W189","792","Блок внешнего вида","2023-10-27T10:39:05Z",2023,"wiki_minor_edit","",743,792,"Блок внешнего вида",9971,NA,10300,0,189,"Scratch craft 2","human",TRUE,FALSE
"W217","792","Блок внешнего вида","2023-10-27T12:03:04Z",2023,"wiki_minor_edit","/* Устаревшие блоки */  Поправление [[Участник:Scratch craft 2|@Scratch craft 2]]: Блок удален в 06Oct06, не добавлен в ней",-32,792,"Блок внешнего вида",9974,NA,10268,0,217,"AGScratcherBest","human",TRUE,FALSE
"W217","792","Блок внешнего вида","2023-10-27T12:22:05Z",2023,"wiki_minor_edit","Блок внешнего вида*",7,792,"Блок внешнего вида",9975,NA,10275,0,217,"AGScratcherBest","human",TRUE,FALSE
"W114","792","Блок внешнего вида","2024-02-04T15:27:57Z",2024,"wiki_minor_edit","авто: новая категоризация",2,792,"Блок внешнего вида",11308,NA,10277,0,114,"Gohoski","human",TRUE,FALSE
"W270","792","Блок внешнего вида","2025-04-15T09:52:02Z",2025,"wiki_minor_edit","",808,792,"Блок внешнего вида",12432,NA,11085,0,270,"Scratch monsters-","human",TRUE,FALSE
"W42","794","Блок для фона","2018-07-23T08:51:20Z",2018,"wiki_minor_edit","Новая страница: «Раздел [[Блок внешности|блоков внешности]], управляющий фонами. == Список блоков == {{Ячейка…»",2293,794,"Блок для фона",3171,NA,2293,0,42,"RuMaks","human",TRUE,FALSE
"W42","794","Блок для фона","2018-07-23T08:59:15Z",2018,"wiki_minor_edit","",51,794,"Блок для фона",3172,NA,2344,0,42,"RuMaks","human",TRUE,FALSE
"W42","794","Блок для фона","2018-07-23T09:00:50Z",2018,"wiki_minor_edit","",32,794,"Блок для фона",3173,NA,2376,0,42,"RuMaks","human",TRUE,FALSE
"W116","794","Блок для фона","2020-08-08T18:43:30Z",2020,"wiki_minor_edit","/* Список блоков */",30,794,"Блок для фона",5528,NA,2406,0,116,"ScratchFilin","human",TRUE,FALSE
"W116","794","Блок для фона","2020-08-08T18:47:14Z",2020,"wiki_minor_edit","/* Список блоков */",36,794,"Блок для фона",5529,NA,2442,0,116,"ScratchFilin","human",TRUE,FALSE
"W114","794","Блок для фона","2024-02-04T15:28:02Z",2024,"wiki_minor_edit","авто: новая категоризация",2,794,"Блок для фона",11310,NA,2444,0,114,"Gohoski","human",TRUE,FALSE
"W42","795","Говорить () в течение () секунд","2018-07-23T09:50:18Z",2018,"wiki_minor_edit","Перенаправление на [[Блок внешности#sayforsecs]]",74,795,"Говорить () в течение () секунд",3176,NA,74,0,42,"RuMaks","human",TRUE,FALSE
"W42","796","Сказать ()","2018-07-23T09:50:33Z",2018,"wiki_minor_edit","Перенаправление на [[Блок внешности#say]]",67,796,"Сказать ()",3177,NA,67,0,42,"RuMaks","human",TRUE,FALSE
"W42","796","Сказать ()","2018-07-24T13:51:58Z",2018,"wiki_minor_edit","RuMaks переименовал страницу [[Cказать ()]] в [[Говорить ()]]",0,796,"Сказать ()",3210,NA,67,0,42,"RuMaks","human",TRUE,FALSE
"W42","796","Сказать ()","2018-07-24T13:54:07Z",2018,"wiki_minor_edit","RuMaks переименовал страницу [[Говорить ()]] в [[Сказать ()]] без оставления перенаправления",0,796,"Сказать ()",3213,NA,67,0,42,"RuMaks","human",TRUE,FALSE
"W42","797","Думать ()","2018-07-23T09:51:01Z",2018,"wiki_minor_edit","Перенаправление на [[Блок внешности#thinkforsecs]]",76,797,"Думать ()",3178,NA,76,0,42,"RuMaks","human",TRUE,FALSE
"W42","797","Думать ()","2018-07-23T09:51:27Z",2018,"wiki_minor_edit","Перенаправление на [[Блок внешности#think]]",-7,797,"Думать ()",3180,NA,69,0,42,"RuMaks","human",TRUE,FALSE
"W42","798","Думать () () секунд","2018-07-23T09:51:11Z",2018,"wiki_minor_edit","Перенаправление на [[Блок внешности#thinkforsecs]]",76,798,"Думать () () секунд",3179,NA,76,0,42,"RuMaks","human",TRUE,FALSE
"W42","799","Показаться","2018-07-23T09:51:40Z",2018,"wiki_minor_edit","Перенаправление на [[Блок внешности#show]]",68,799,"Показаться",3181,NA,68,0,42,"RuMaks","human",TRUE,FALSE
"W42","800","Спрятаться","2018-07-23T09:51:49Z",2018,"wiki_minor_edit","Перенаправление на [[Блок внешности#hide]]",68,800,"Спрятаться",3182,NA,68,0,42,"RuMaks","human",TRUE,FALSE
"W42","801","Сменить костюм на ()","2018-07-23T09:52:09Z",2018,"wiki_minor_edit","Перенаправление на [[Блок внешности#switchcostumeto]]",79,801,"Сменить костюм на ()",3183,NA,79,0,42,"RuMaks","human",TRUE,FALSE
"W42","802","Следующий костюм","2018-07-23T09:52:30Z",2018,"wiki_minor_edit","Перенаправление на [[Блок внешности#nextcostume]]",75,802,"Следующий костюм",3184,NA,75,0,42,"RuMaks","human",TRUE,FALSE
"W42","803","Сменить фон на ()","2018-07-23T09:52:58Z",2018,"wiki_minor_edit","Перенаправление на [[Блок внешности#switchbackdropto]]",80,803,"Сменить фон на ()",3185,NA,80,0,42,"RuMaks","human",TRUE,FALSE
"W42","803","Сменить фон на ()","2018-07-23T09:54:27Z",2018,"wiki_minor_edit","Перенаправление на [[Блок для фона#switchbackdropto]]",-3,803,"Сменить фон на ()",3186,NA,77,0,42,"RuMaks","human",TRUE,FALSE
"W42","804","Сменить фон на () и ждать","2018-07-23T09:55:25Z",2018,"wiki_minor_edit","Перенаправление на [[Блок для фона#switchbackdroptoandwait]]",84,804,"Сменить фон на () и ждать",3187,NA,84,0,42,"RuMaks","human",TRUE,FALSE
"W42","805","Следующий фон","2018-07-23T09:55:49Z",2018,"wiki_minor_edit","Перенаправление на [[Блок для фона#nextbackdrop]]",73,805,"Следующий фон",3188,NA,73,0,42,"RuMaks","human",TRUE,FALSE
"W42","806","Изменить () эффект на ()","2018-07-23T09:56:27Z",2018,"wiki_minor_edit","Перенаправление на [[Блок внешности#changeeffectby]]",78,806,"Изменить () эффект на ()",3189,NA,78,0,42,"RuMaks","human",TRUE,FALSE
"W42","807","Установить эффект () в значение ()","2018-07-23T09:57:09Z",2018,"wiki_minor_edit","Перенаправление на [[Блок внешности#seteffectto]]",75,807,"Установить эффект () в значение ()",3190,NA,75,0,42,"RuMaks","human",TRUE,FALSE
"W42","808","Убрать графические эффекты","2018-07-23T09:58:19Z",2018,"wiki_minor_edit","Перенаправление на [[Блок внешности#cleargraphiceffects]]",83,808,"Убрать графические эффекты",3191,NA,83,0,42,"RuMaks","human",TRUE,FALSE
"W42","809","Изменить размер на ()","2018-07-23T09:58:40Z",2018,"wiki_minor_edit","Перенаправление на [[Блок внешности#changesizeby]]",76,809,"Изменить размер на ()",3192,NA,76,0,42,"RuMaks","human",TRUE,FALSE
"W42","810","Установить размер ()","2018-07-23T09:58:54Z",2018,"wiki_minor_edit","Перенаправление на [[Блок внешности#setsizeto]]",73,810,"Установить размер ()",3193,NA,73,0,42,"RuMaks","human",TRUE,FALSE
"W42","811","Перейти в верхний слой","2018-07-23T09:59:09Z",2018,"wiki_minor_edit","Перенаправление на [[Блок внешности#gotofront]]",73,811,"Перейти в верхний слой",3194,NA,73,0,42,"RuMaks","human",TRUE,FALSE
"W42","812","Перейти назад на () слоёв","2018-07-23T09:59:22Z",2018,"wiki_minor_edit","Перенаправление на [[Блок внешности#gobacklayers]]",76,812,"Перейти назад на () слоёв",3195,NA,76,0,42,"RuMaks","human",TRUE,FALSE
"W42","813","Номер костюма","2018-07-23T09:59:45Z",2018,"wiki_minor_edit","Перенаправление на [[Блок внешности#costumenumber]]",77,813,"Номер костюма",3196,NA,77,0,42,"RuMaks","human",TRUE,FALSE
"W42","814","Номер фона","2018-07-23T10:00:22Z",2018,"wiki_minor_edit","Перенаправление на [[Блок для фона#backdropnumber]]",75,814,"Номер фона",3197,NA,75,0,42,"RuMaks","human",TRUE,FALSE
"W42","815","Размер","2018-07-23T10:00:34Z",2018,"wiki_minor_edit","Перенаправление на [[Блок внешности#size]]",68,815,"Размер",3198,NA,68,0,42,"RuMaks","human",TRUE,FALSE
"W200","815","Размер","2023-06-18T06:28:09Z",2023,"wiki_minor_edit","Удалено перенаправление на [[Блок внешности#size]]",522,815,"Размер",8715,NA,590,0,200,"Danillukanihin F","human",TRUE,FALSE
"W114","815","Размер","2023-06-18T07:59:01Z",2023,"wiki_minor_edit","Отмена правки 8715, сделанной [[Special:Contributions/Danillukanihin F|Danillukanihin F]] ([[User talk:Danillukanihin F|обсуждение]])",-522,815,"Размер",8716,NA,68,0,114,"Gohoski","human",TRUE,FALSE
"W42","816","Имя фона","2018-07-23T10:01:05Z",2018,"wiki_minor_edit","Перенаправление на [[Блок для фона#backdropname]]",73,816,"Имя фона",3199,NA,73,0,42,"RuMaks","human",TRUE,FALSE
"W81","817","Блок списка","2018-07-24T13:35:41Z",2018,"wiki_minor_edit","Я сделал главную часть, но так и не разобрался в ""якорях"", прошу кого-нибудь добавить их, а также интервики всей статьи (не ее частей).",4143,817,"Блок списка",3208,NA,4143,0,81,"Neon","human",TRUE,FALSE
"W42","817","Блок списка","2018-07-24T13:48:30Z",2018,"wiki_minor_edit","Исправление ошибок, якоря.",41,817,"Блок списка",3209,NA,4184,0,42,"RuMaks","human",TRUE,FALSE
"W42","817","Блок списка","2018-07-24T14:00:39Z",2018,"wiki_minor_edit","Заглавные буквы",0,817,"Блок списка",3215,NA,4184,0,42,"RuMaks","human",TRUE,FALSE
"W42","817","Блок списка","2018-07-24T14:00:58Z",2018,"wiki_minor_edit","Упс",0,817,"Блок списка",3216,NA,4184,0,42,"RuMaks","human",TRUE,FALSE
"W2","817","Блок списка","2018-07-24T17:29:07Z",2018,"wiki_minor_edit","/* Список блоков */ ребята, следите за версиями",560,817,"Блок списка",3228,NA,4744,0,2,"Dimon4ezzz","human",TRUE,FALSE
"W113","817","Блок списка","2020-06-04T13:35:20Z",2020,"wiki_minor_edit","",32,817,"Блок списка",5385,NA,4776,0,113,"M-A-Z-2005","human",TRUE,FALSE
"W165","817","Блок списка","2022-11-04T08:12:29Z",2022,"wiki_minor_edit","/* Список блоков */",-6,817,"Блок списка",6055,NA,4770,0,165,"RunRun 5","human",TRUE,FALSE
"W165","817","Блок списка","2022-11-10T13:58:46Z",2022,"wiki_minor_edit","/* Список блоков */",-30,817,"Блок списка",6236,NA,4740,0,165,"RunRun 5","human",TRUE,FALSE
"W181","817","Блок списка","2023-01-22T08:24:00Z",2023,"wiki_minor_edit","Добавлен шаблон Категории блоков",76,817,"Блок списка",6940,NA,4816,0,181,"Zuenko-michail","human",TRUE,FALSE
"W114","817","Блок списка","2023-01-22T10:29:04Z",2023,"wiki_minor_edit","Перенаправление на [[Блок переменной#list]]",-4746,817,"Блок списка",6957,NA,70,0,114,"Gohoski","human",TRUE,FALSE
"W114","817","Блок списка","2023-01-22T11:21:23Z",2023,"wiki_minor_edit","Исправление двойного перенаправления",0,817,"Блок списка",6965,NA,70,0,114,"Gohoski","human",TRUE,FALSE
"W42","819","Список (блок)","2018-07-24T14:29:18Z",2018,"wiki_minor_edit","Перенаправление на [[Блок списка#list]]",62,819,"Список (блок)",3218,NA,62,0,42,"RuMaks","human",TRUE,FALSE
"W217","819","Список (блок)","2023-10-12T20:07:32Z",2023,"wiki_minor_edit","Визуальный редактор заработал!",8,819,"Список (блок)",9454,NA,70,0,217,"AGScratcherBest","human",TRUE,FALSE
"W42","820","Добавить () к ()","2018-07-24T14:29:37Z",2018,"wiki_minor_edit","Перенаправление на [[Блок списка#addto]]",63,820,"Добавить () к ()",3219,NA,63,0,42,"RuMaks","human",TRUE,FALSE
"W217","820","Добавить () к ()","2023-10-12T20:08:16Z",2023,"wiki_minor_edit","Перенаправление изменено с [[Блок списка#addto]] на [[Блок переменных#addto]]",8,820,"Добавить () к ()",9455,NA,71,0,217,"AGScratcherBest","human",TRUE,FALSE
"W42","821","Удалить () из ()","2018-07-24T14:29:58Z",2018,"wiki_minor_edit","Перенаправление на [[Блок списка#deleteof]]",66,821,"Удалить () из ()",3220,NA,66,0,42,"RuMaks","human",TRUE,FALSE
"W217","821","Удалить () из ()","2023-10-12T20:09:16Z",2023,"wiki_minor_edit","Перенаправление изменено с [[Блок списка#deleteof]] на [[Блок переменных#deleteof]]",8,821,"Удалить () из ()",9456,NA,74,0,217,"AGScratcherBest","human",TRUE,FALSE
"W42","822","Вставить () в () из ()","2018-07-24T14:30:20Z",2018,"wiki_minor_edit","Перенаправление на [[Блок списка#insertatof]]",68,822,"Вставить () в () из ()",3221,NA,68,0,42,"RuMaks","human",TRUE,FALSE
"W217","822","Вставить () в () из ()","2023-10-12T20:10:40Z",2023,"wiki_minor_edit","Визуальный редактор снова перестал работать :<",8,822,"Вставить () в () из ()",9457,NA,76,0,217,"AGScratcherBest","human",TRUE,FALSE
"W42","823","Заменить элемент () в () на ()","2018-07-24T14:30:37Z",2018,"wiki_minor_edit","Перенаправление на [[Блок списка#replaceitemofwith]]",75,823,"Заменить элемент () в () на ()",3222,NA,75,0,42,"RuMaks","human",TRUE,FALSE
"W217","823","Заменить элемент () в () на ()","2023-10-12T20:11:42Z",2023,"wiki_minor_edit","Визуальный редактор заработал! :>",8,823,"Заменить элемент () в () на ()",9458,NA,83,0,217,"AGScratcherBest","human",TRUE,FALSE
"W42","824","Элемент () из ()","2018-07-24T14:30:51Z",2018,"wiki_minor_edit","Перенаправление на [[Блок списка#itemof]]",64,824,"Элемент () из ()",3223,NA,64,0,42,"RuMaks","human",TRUE,FALSE
"W217","824","Элемент () из ()","2023-10-12T20:12:33Z",2023,"wiki_minor_edit","Перенаправление изменено с [[Блок списка#itemof]] на [[Блок переменных#itemof]]",8,824,"Элемент () из ()",9459,NA,72,0,217,"AGScratcherBest","human",TRUE,FALSE
"W42","825","Длина списка ()","2018-07-24T14:31:05Z",2018,"wiki_minor_edit","Перенаправление на [[Блок списка#lengthof]]",66,825,"Длина списка ()",3224,NA,66,0,42,"RuMaks","human",TRUE,FALSE
"W217","825","Длина списка ()","2023-10-12T20:14:25Z",2023,"wiki_minor_edit","Перенаправление изменено с [[Блок списка#lengthof]] на [[Блок переменных#lengthof]]",8,825,"Длина списка ()",9460,NA,74,0,217,"AGScratcherBest","human",TRUE,FALSE
"W42","826","() содержит ()? (значения)","2018-07-24T14:31:18Z",2018,"wiki_minor_edit","Перенаправление на [[Блок списка#containts]]",67,826,"() содержит ()? (значения)",3225,NA,67,0,42,"RuMaks","human",TRUE,FALSE
"W114","826","() содержит ()? (значения)","2022-11-19T11:50:00Z",2022,"wiki_minor_edit","Удалено перенаправление на [[Блок списка#containts]]",191,826,"() содержит ()? (значения)",6364,NA,258,0,114,"Gohoski","human",TRUE,FALSE
"W114","826","() содержит ()? (значения)","2023-01-29T10:29:19Z",2023,"wiki_minor_edit","Gohoski переименовал страницу [[() содержит ()?]] в [[() содержит ()? (значения)]]",0,826,"() содержит ()? (значения)",7101,NA,258,0,114,"Gohoski","human",TRUE,FALSE
"W42","827","Показать список ()","2018-07-24T14:31:35Z",2018,"wiki_minor_edit","Перенаправление на [[Блок списка#showlist]]",66,827,"Показать список ()",3226,NA,66,0,42,"RuMaks","human",TRUE,FALSE
"W217","827","Показать список ()","2023-10-12T20:15:58Z",2023,"wiki_minor_edit","Визуальный редактор снова перестал работать :<",8,827,"Показать список ()",9461,NA,74,0,217,"AGScratcherBest","human",TRUE,FALSE
"W42","828","Скрыть список ()","2018-07-24T14:31:45Z",2018,"wiki_minor_edit","Перенаправление на [[Блок списка#hidelist]]",66,828,"Скрыть список ()",3227,NA,66,0,42,"RuMaks","human",TRUE,FALSE
"W217","828","Скрыть список ()","2023-10-12T20:16:54Z",2023,"wiki_minor_edit","Перенаправление изменено с [[Блок списка#hidelist]] на [[Блок переменных#hidelist]]",8,828,"Скрыть список ()",9462,NA,74,0,217,"AGScratcherBest","human",TRUE,FALSE
"W89","836","Математические функции (блок)","2018-08-04T08:28:56Z",2018,"wiki_minor_edit","Новая страница: «Математические действия часто встречаются в проектах скретч и служат для создания разл…»",703,836,"Математические функции (блок)",3301,NA,703,0,89,"Toksin","human",TRUE,FALSE
"W89","836","Математические функции (блок)","2018-08-04T08:40:56Z",2018,"wiki_minor_edit","/* Простые матические действия */",-97,836,"Математические функции (блок)",3302,NA,606,0,89,"Toksin","human",TRUE,FALSE
"W89","836","Математические функции (блок)","2018-08-04T08:55:35Z",2018,"wiki_minor_edit","",748,836,"Математические функции (блок)",3303,NA,1354,0,89,"Toksin","human",TRUE,FALSE
"W89","836","Математические функции (блок)","2018-08-04T09:34:51Z",2018,"wiki_minor_edit","Помогите с определением функций!",1797,836,"Математические функции (блок)",3304,NA,3151,0,89,"Toksin","human",TRUE,FALSE
"W89","836","Математические функции (блок)","2018-08-04T09:35:37Z",2018,"wiki_minor_edit","/* Более сложные математические функции */",-17,836,"Математические функции (блок)",3305,NA,3134,0,89,"Toksin","human",TRUE,FALSE
"W89","836","Математические функции (блок)","2018-08-04T09:46:07Z",2018,"wiki_minor_edit","Закончил статью",242,836,"Математические функции (блок)",3309,NA,3376,0,89,"Toksin","human",TRUE,FALSE
"W113","836","Математические функции (блок)","2020-06-04T13:59:13Z",2020,"wiki_minor_edit","",32,836,"Математические функции (блок)",5400,NA,3408,0,113,"M-A-Z-2005","human",TRUE,FALSE
"W113","836","Математические функции (блок)","2020-06-30T05:12:29Z",2020,"wiki_minor_edit","",5,836,"Математические функции (блок)",5482,NA,3413,0,113,"M-A-Z-2005","human",TRUE,FALSE
"W114","836","Математические функции (блок)","2022-11-19T18:23:44Z",2022,"wiki_minor_edit","Перенаправление на [[Блок операторов]]",-3348,836,"Математические функции (блок)",6381,NA,65,0,114,"Gohoski","human",TRUE,FALSE
"W88","837","Скретч 1.1","2018-08-04T16:13:19Z",2018,"wiki_minor_edit","Новая страница: «Scratch 1.1 был продолжением Scratch 1.0. Он был выпущен в мае 2007 года. [1]»",112,837,"Скретч 1.1",3321,NA,112,0,88,"Grevovan","human",TRUE,FALSE
"W30","837","Скретч 1.1","2019-03-06T21:12:53Z",2019,"wiki_minor_edit","",498,837,"Скретч 1.1",4190,NA,610,0,30,"Marerjh","human",TRUE,FALSE
"W113","837","Скретч 1.1","2020-06-04T13:38:29Z",2020,"wiki_minor_edit","",1,837,"Скретч 1.1",5387,NA,611,0,113,"M-A-Z-2005","human",TRUE,FALSE
"W113","837","Скретч 1.1","2020-06-04T13:55:14Z",2020,"wiki_minor_edit","",40,837,"Скретч 1.1",5394,NA,651,0,113,"M-A-Z-2005","human",TRUE,FALSE
"W88","837","Скретч 1.1","2020-08-19T17:23:54Z",2020,"wiki_minor_edit","",30,837,"Скретч 1.1",5541,NA,681,0,88,"Grevovan","human",TRUE,FALSE
"W114","837","Скретч 1.1","2020-08-20T13:46:34Z",2020,"wiki_minor_edit","/* Блоки */ Исправлен блок ""повторять пока не <>"".",-16,837,"Скретч 1.1",5544,NA,665,0,114,"Gohoski","human",TRUE,FALSE
"W113","837","Скретч 1.1","2020-10-26T09:01:45Z",2020,"wiki_minor_edit","",90,837,"Скретч 1.1",5609,NA,755,0,113,"M-A-Z-2005","human",TRUE,FALSE
"W178","837","Скретч 1.1","2022-12-20T13:17:32Z",2022,"wiki_minor_edit","Перевёл /* Интерфейс */ , надо добавить сноски",1240,837,"Скретч 1.1",6602,NA,1995,0,178,"Tfilipp","human",TRUE,FALSE
"W232","837","Скретч 1.1","2024-02-10T10:19:02Z",2024,"wiki_minor_edit","Damir2809 переименовал страницу [[Скретч 1.1]] в [[Scratch 1.1]]",0,837,"Скретч 1.1",11360,NA,1995,0,232,"Damir2809","human",TRUE,FALSE
"W217","837","Скретч 1.1","2024-02-10T10:20:07Z",2024,"wiki_minor_edit","AGScratcherBest переименовал страницу [[Scratch 1.1]] в [[Скретч 1.1]] поверх перенаправления и без оставления перенаправления: возврат — на Скретч Вики используется русское написание Скретч",0,837,"Скретч 1.1",11364,NA,1995,0,217,"AGScratcherBest","human",TRUE,FALSE
"W30","839","День Скретча","2018-08-07T07:44:05Z",2018,"wiki_minor_edit","Новая страница: «{{Незавершённая статья}}  '''День Скретча''' - особое мероприятие, на котором разные скретч…»",2281,839,"День Скретча",3342,NA,2281,0,30,"Marerjh","human",TRUE,FALSE
"W42","839","День Скретча","2018-08-07T07:46:28Z",2018,"wiki_minor_edit","RuMaks переименовал страницу [[День Скретча]] в [[День Скретч]] без оставления перенаправления: Скретч — несклоняемое слово.",0,839,"День Скретча",3343,NA,2281,0,42,"RuMaks","human",TRUE,FALSE
"W36","839","День Скретча","2020-04-20T15:46:05Z",2020,"wiki_minor_edit","Пунктуационные ошибки",0,839,"День Скретча",5253,NA,2281,0,36,"Mini Kostik","human",TRUE,FALSE
"W180","839","День Скретча","2023-04-09T19:08:43Z",2023,"wiki_minor_edit","",3143,839,"День Скретча",8111,NA,5424,0,180,"Veniamin6","human",TRUE,FALSE
"W180","839","День Скретча","2023-04-09T19:10:42Z",2023,"wiki_minor_edit","",1,839,"День Скретча",8112,NA,5425,0,180,"Veniamin6","human",TRUE,FALSE
"W180","839","День Скретча","2023-04-09T19:38:45Z",2023,"wiki_minor_edit","Завершена",-45,839,"День Скретча",8113,NA,5380,0,180,"Veniamin6","human",TRUE,FALSE
"W180","839","День Скретча","2023-04-15T17:51:17Z",2023,"wiki_minor_edit","Veniamin6 переименовал страницу [[День Скретч]] в [[День Скретча]]: новые нормы",0,839,"День Скретча",8139,NA,5380,0,180,"Veniamin6","human",TRUE,FALSE
"W114","839","День Скретча","2023-04-15T17:54:13Z",2023,"wiki_minor_edit","",-54,839,"День Скретча",8141,NA,5326,0,114,"Gohoski","human",TRUE,FALSE
"W217","839","День Скретча","2023-11-18T17:43:22Z",2023,"wiki_minor_edit","Исправление ошибок",-55,839,"День Скретча",10486,NA,5271,0,217,"AGScratcherBest","human",TRUE,FALSE
"W30","841","Скретч FAQ","2018-08-08T07:18:36Z",2018,"wiki_minor_edit","Новая страница: «'''Scratch FAQ''', страница помощи на [https://scratch.mit.edu/ сайте скретч] на которой перечислены большен…»",7100,841,"Скретч FAQ",3350,NA,7100,0,30,"Marerjh","human",TRUE,FALSE
"W30","841","Скретч FAQ","2018-08-08T07:20:53Z",2018,"wiki_minor_edit","не большЕнство а большИнство, пацаны не бейте XD",0,841,"Скретч FAQ",3351,NA,7100,0,30,"Marerjh","human",TRUE,FALSE
"W42","849","Блок переменных","2018-09-25T06:50:43Z",2018,"wiki_minor_edit","Новая страница: «Блок переменной позволяет управлять значением [[Переменная|переменных]], а также показыв…»",2140,849,"Блок переменных",3534,NA,2140,0,42,"RuMaks","human",TRUE,FALSE
"W113","849","Блок переменных","2020-06-04T11:18:19Z",2020,"wiki_minor_edit","",44,849,"Блок переменных",5372,NA,2184,0,113,"M-A-Z-2005","human",TRUE,FALSE
"W113","849","Блок переменных","2020-06-04T13:34:51Z",2020,"wiki_minor_edit","",32,849,"Блок переменных",5384,NA,2216,0,113,"M-A-Z-2005","human",TRUE,FALSE
"W181","849","Блок переменных","2023-01-22T08:22:41Z",2023,"wiki_minor_edit","Добавлен шаблон Категории блоков",76,849,"Блок переменных",6939,NA,2292,0,181,"Zuenko-michail","human",TRUE,FALSE
"W114","849","Блок переменных","2023-01-22T10:16:55Z",2023,"wiki_minor_edit","Gohoski переименовал страницу [[Блок переменной]] в [[Блок переменных]] поверх перенаправления: Переменная же не одна :)",0,849,"Блок переменных",6954,NA,2292,0,114,"Gohoski","human",TRUE,FALSE
"W114","849","Блок переменных","2023-01-22T10:28:10Z",2023,"wiki_minor_edit","Совмещение переменных и списков, т. к. они в одной категории",5061,849,"Блок переменных",6956,NA,7353,0,114,"Gohoski","human",TRUE,FALSE
"W184","849","Блок переменных","2023-02-18T11:34:07Z",2023,"wiki_minor_edit","Добавлена ячейка блока ""Удалить всё из ()""",446,849,"Блок переменных",7540,NA,7799,0,184,"Alex Ilya","human",TRUE,FALSE
"W184","849","Блок переменных","2023-02-18T11:39:47Z",2023,"wiki_minor_edit","Исправлена картинка блока.",6,849,"Блок переменных",7541,NA,7805,0,184,"Alex Ilya","human",TRUE,FALSE
"W120","849","Блок переменных","2023-02-18T11:46:54Z",2023,"wiki_minor_edit","Создание раздела ""Виды переменных""",2894,849,"Блок переменных",7544,NA,10699,0,120,"Idey programm","human",TRUE,FALSE
"W114","849","Блок переменных","2023-02-18T13:04:24Z",2023,"wiki_minor_edit","/* Виды переменных */",-370,849,"Блок переменных",7548,NA,10329,0,114,"Gohoski","human",TRUE,FALSE
"W189","849","Блок переменных","2023-08-08T13:28:11Z",2023,"wiki_minor_edit","добавил картинку списка и описание внизу",287,849,"Блок переменных",9093,NA,10616,0,189,"Scratch craft 2","human",TRUE,FALSE
"W189","849","Блок переменных","2023-08-08T13:28:47Z",2023,"wiki_minor_edit","исправил",5,849,"Блок переменных",9094,NA,10621,0,189,"Scratch craft 2","human",TRUE,FALSE
"W189","849","Блок переменных","2023-09-29T16:27:36Z",2023,"wiki_minor_edit","добавил кое-что в описание списка",194,849,"Блок переменных",9384,NA,10815,0,189,"Scratch craft 2","human",TRUE,FALSE
"W189","849","Блок переменных","2023-09-29T16:32:43Z",2023,"wiki_minor_edit","изменил раздел",47,849,"Блок переменных",9385,NA,10862,0,189,"Scratch craft 2","human",TRUE,FALSE
"W114","849","Блок переменных","2024-02-04T15:28:24Z",2024,"wiki_minor_edit","авто: новая категоризация",2,849,"Блок переменных",11317,NA,10864,0,114,"Gohoski","human",TRUE,FALSE
"W217","849","Блок переменных","2024-06-15T19:07:31Z",2024,"wiki_minor_edit","/* список */ Как это относится к переменными?",-528,849,"Блок переменных",11912,NA,10336,0,217,"AGScratcherBest","human",TRUE,FALSE
"W96","859","Разработка Скретч 2.0","2019-01-15T09:22:40Z",2019,"wiki_minor_edit","Добавлена отсутствующая страница",1657,859,"Разработка Скретч 2.0",4026,NA,1657,0,96,"WikiHelper","human",TRUE,FALSE
"W96","859","Разработка Скретч 2.0","2019-01-15T09:28:48Z",2019,"wiki_minor_edit","Добавлены примечания",232,859,"Разработка Скретч 2.0",4027,NA,1889,0,96,"WikiHelper","human",TRUE,FALSE
"W96","859","Разработка Скретч 2.0","2019-01-15T09:31:14Z",2019,"wiki_minor_edit","",5,859,"Разработка Скретч 2.0",4028,NA,1894,0,96,"WikiHelper","human",TRUE,FALSE
"W113","859","Разработка Скретч 2.0","2020-06-04T13:36:48Z",2020,"wiki_minor_edit","",41,859,"Разработка Скретч 2.0",5386,NA,1935,0,113,"M-A-Z-2005","human",TRUE,FALSE
"W178","859","Разработка Скретч 2.0","2022-12-20T13:07:05Z",2022,"wiki_minor_edit","/* Scratch 3.0 расширения */",105,859,"Разработка Скретч 2.0",6601,NA,2040,0,178,"Tfilipp","human",TRUE,FALSE
"W189","859","Разработка Скретч 2.0","2023-10-12T18:23:04Z",2023,"wiki_minor_edit","правка",1,859,"Разработка Скретч 2.0",9448,NA,2041,0,189,"Scratch craft 2","human",TRUE,FALSE
"W217","859","Разработка Скретч 2.0","2023-10-12T19:45:58Z",2023,"wiki_minor_edit","/* Примечания */ Убрал лишнюю |",-16,859,"Разработка Скретч 2.0",9450,NA,2025,0,217,"AGScratcherBest","human",TRUE,FALSE
"W217","859","Разработка Скретч 2.0","2023-10-12T19:49:30Z",2023,"wiki_minor_edit","Визуальный редактор не удобный для планшетов... Но всё равно очень удобный",-1,859,"Разработка Скретч 2.0",9451,NA,2024,0,217,"AGScratcherBest","human",TRUE,FALSE
"W228","859","Разработка Скретч 2.0","2024-02-10T13:51:13Z",2024,"wiki_minor_edit","Сайт ScratchX устарел.",31,859,"Разработка Скретч 2.0",11374,NA,2055,0,228,"BLACKCAT20144PLAYERS","human",TRUE,FALSE
"W228","859","Разработка Скретч 2.0","2024-02-10T13:52:14Z",2024,"wiki_minor_edit","/* Примечания */  Так много здесь мёртвых ссылок.",31,859,"Разработка Скретч 2.0",11375,NA,2086,0,228,"BLACKCAT20144PLAYERS","human",TRUE,FALSE
"W228","859","Разработка Скретч 2.0","2024-02-10T13:53:44Z",2024,"wiki_minor_edit","BLACKCAT20144PLAYERS переименовал страницу [[Разработка Скретч 2.0]] в [[Разработка Скретча 2.0]]: Я склоняю.",0,859,"Разработка Скретч 2.0",11376,NA,2086,0,228,"BLACKCAT20144PLAYERS","human",TRUE,FALSE
"W217","859","Разработка Скретч 2.0","2024-02-10T15:29:33Z",2024,"wiki_minor_edit","AGScratcherBest переименовал страницу [[Разработка Скретча 2.0]] в [[Разработка Скретч 2.0]] поверх перенаправления: возврат — Скретча 2.0 по моему звучит странно",0,859,"Разработка Скретч 2.0",11385,NA,2086,0,217,"AGScratcherBest","human",TRUE,FALSE
"W96","861","Блок операторов/Длина ()","2019-01-15T12:02:38Z",2019,"wiki_minor_edit","Добавлена отсутствующая страница",2157,861,"Блок операторов/Длина ()",4030,NA,2157,0,96,"WikiHelper","human",TRUE,FALSE
"W113","861","Блок операторов/Длина ()","2020-10-26T09:20:58Z",2020,"wiki_minor_edit","",242,861,"Блок операторов/Длина ()",5615,NA,2399,0,113,"M-A-Z-2005","human",TRUE,FALSE
"W114","861","Блок операторов/Длина ()","2022-11-19T11:44:42Z",2022,"wiki_minor_edit","",25,861,"Блок операторов/Длина ()",6360,NA,2424,0,114,"Gohoski","human",TRUE,FALSE
"W114","861","Блок операторов/Длина ()","2022-11-19T11:45:09Z",2022,"wiki_minor_edit","Gohoski переименовал страницу [[Длина () (блок)]] в [[Блок операторов/Длина ()]]",0,861,"Блок операторов/Длина ()",6362,NA,2424,0,114,"Gohoski","human",TRUE,FALSE
"W184","861","Блок операторов/Длина ()","2023-03-07T12:21:56Z",2023,"wiki_minor_edit","Изменено описание блока.",-213,861,"Блок операторов/Длина ()",7782,NA,2211,0,184,"Alex Ilya","human",TRUE,FALSE
"W217","861","Блок операторов/Длина ()","2023-11-14T22:35:50Z",2023,"wiki_minor_edit","",-31,861,"Блок операторов/Длина ()",10407,NA,2180,0,217,"AGScratcherBest","human",TRUE,FALSE
"W96","862","Оперирующий блок","2019-01-15T12:19:45Z",2019,"wiki_minor_edit","Добавлена отсутствующая страница",1257,862,"Оперирующий блок",4031,NA,1257,0,96,"WikiHelper","human",TRUE,FALSE
"W113","862","Оперирующий блок","2020-10-26T08:55:50Z",2020,"wiki_minor_edit","",19,862,"Оперирующий блок",5607,NA,1276,0,113,"M-A-Z-2005","human",TRUE,FALSE
"W114","862","Оперирующий блок","2022-11-05T17:09:36Z",2022,"wiki_minor_edit","Перенаправление на [[Блок операторов]]",-1211,862,"Оперирующий блок",6143,NA,65,0,114,"Gohoski","human",TRUE,FALSE
"W44","867","Сленг на Скретч","2019-03-14T15:09:26Z",2019,"wiki_minor_edit","Новая страница: «Всем доброго дня! Скретчеры иногда употребляют в общении слова, которые поймет только то…»",2234,867,"Сленг на Скретч",4215,NA,2234,0,44,"Kometa2007","human",TRUE,FALSE
"W44","867","Сленг на Скретч","2019-03-14T15:19:19Z",2019,"wiki_minor_edit","",658,867,"Сленг на Скретч",4216,NA,2892,0,44,"Kometa2007","human",TRUE,FALSE
"W44","867","Сленг на Скретч","2019-03-17T09:27:41Z",2019,"wiki_minor_edit","/* Жаргонные слова ""Скрипт"" и ""Блок"" */",6,867,"Сленг на Скретч",4226,NA,2898,0,44,"Kometa2007","human",TRUE,FALSE
"W36","867","Сленг на Скретч","2019-07-11T13:17:08Z",2019,"wiki_minor_edit","Незначительные правки статьи",-320,867,"Сленг на Скретч",4402,NA,2578,0,36,"Mini Kostik","human",TRUE,FALSE
"W88","867","Сленг на Скретч","2019-07-12T17:10:37Z",2019,"wiki_minor_edit","Grevovan переименовал страницу [[Жаргон на Скретч]] в [[Сленг на Скретч]]: Сленг подходит больше",0,867,"Сленг на Скретч",4411,NA,2578,0,88,"Grevovan","human",TRUE,FALSE
"W88","867","Сленг на Скретч","2019-07-12T17:11:41Z",2019,"wiki_minor_edit","",-120,867,"Сленг на Скретч",4413,NA,2458,0,88,"Grevovan","human",TRUE,FALSE
"W180","867","Сленг на Скретч","2022-12-31T16:56:33Z",2022,"wiki_minor_edit","изменил неточость",27,867,"Сленг на Скретч",6706,NA,2485,0,180,"Veniamin6","human",TRUE,FALSE
"W189","867","Сленг на Скретч","2023-10-08T18:39:29Z",2023,"wiki_minor_edit","кое что добавил в слове царапка",79,867,"Сленг на Скретч",9418,NA,2564,0,189,"Scratch craft 2","human",TRUE,FALSE
"W189","867","Сленг на Скретч","2023-10-16T15:14:12Z",2023,"wiki_minor_edit","",253,867,"Сленг на Скретч",9602,NA,2817,0,189,"Scratch craft 2","human",TRUE,FALSE
"W189","867","Сленг на Скретч","2023-10-17T13:53:38Z",2023,"wiki_minor_edit","",300,867,"Сленг на Скретч",9656,NA,3117,0,189,"Scratch craft 2","human",TRUE,FALSE
"W217","867","Сленг на Скретч","2023-10-17T15:23:56Z",2023,"wiki_minor_edit","Правка",38,867,"Сленг на Скретч",9684,NA,3155,0,217,"AGScratcherBest","human",TRUE,FALSE
"W189","867","Сленг на Скретч","2023-10-17T15:38:34Z",2023,"wiki_minor_edit","",415,867,"Сленг на Скретч",9693,NA,3570,0,189,"Scratch craft 2","human",TRUE,FALSE
"W189","867","Сленг на Скретч","2023-10-17T16:49:27Z",2023,"wiki_minor_edit","",184,867,"Сленг на Скретч",9707,NA,3754,0,189,"Scratch craft 2","human",TRUE,FALSE
"W189","867","Сленг на Скретч","2023-10-17T16:51:47Z",2023,"wiki_minor_edit","",163,867,"Сленг на Скретч",9709,NA,3917,0,189,"Scratch craft 2","human",TRUE,FALSE
"W189","867","Сленг на Скретч","2023-10-17T16:52:12Z",2023,"wiki_minor_edit","",0,867,"Сленг на Скретч",9710,NA,3917,0,189,"Scratch craft 2","human",TRUE,FALSE
"W217","867","Сленг на Скретч","2023-10-17T17:00:12Z",2023,"wiki_minor_edit","Немножко изменил (еще мне помешал Scratch craft 2 пока я редактировал :/)",3,867,"Сленг на Скретч",9711,NA,3920,0,217,"AGScratcherBest","human",TRUE,FALSE
"W189","867","Сленг на Скретч","2023-10-27T15:36:16Z",2023,"wiki_minor_edit","",89,867,"Сленг на Скретч",9988,NA,4009,0,189,"Scratch craft 2","human",TRUE,FALSE
"W189","867","Сленг на Скретч","2024-10-25T17:48:23Z",2024,"wiki_minor_edit","",-2,867,"Сленг на Скретч",12105,NA,4007,0,189,"Scratch craft 2","human",TRUE,FALSE
"W189","867","Сленг на Скретч","2025-03-27T18:04:55Z",2025,"wiki_minor_edit","",60,867,"Сленг на Скретч",12203,NA,4067,0,189,"Scratch craft 2","human",TRUE,FALSE
"W103","873","Блок сенсоров/Касается цвета ()","2019-04-30T03:53:51Z",2019,"wiki_minor_edit","Статья про блок Касается ли цвета",1091,873,"Блок сенсоров/Касается цвета ()",4362,NA,1091,0,103,"Deid2","human",TRUE,FALSE
"W103","873","Блок сенсоров/Касается цвета ()","2019-04-30T03:56:04Z",2019,"wiki_minor_edit","снёс категорию Блоки",-34,873,"Блок сенсоров/Касается цвета ()",4363,NA,1057,0,103,"Deid2","human",TRUE,FALSE
"W140","873","Блок сенсоров/Касается цвета ()","2021-11-25T15:00:07Z",2021,"wiki_minor_edit","",109,873,"Блок сенсоров/Касается цвета ()",5771,NA,1166,0,140,"Eraryios","human",TRUE,FALSE
"W140","873","Блок сенсоров/Касается цвета ()","2021-11-25T15:01:17Z",2021,"wiki_minor_edit","",-1,873,"Блок сенсоров/Касается цвета ()",5772,NA,1165,0,140,"Eraryios","human",TRUE,FALSE
"W114","873","Блок сенсоров/Касается цвета ()","2023-02-03T17:52:31Z",2023,"wiki_minor_edit","Gohoski переименовал страницу [[Касается цвета () (блок)]] в [[/Касается цвета ()]]",0,873,"Блок сенсоров/Касается цвета ()",7206,NA,1165,0,114,"Gohoski","human",TRUE,FALSE
"W114","873","Блок сенсоров/Касается цвета ()","2023-02-03T17:53:31Z",2023,"wiki_minor_edit","Gohoski переименовал страницу [[/Касается цвета ()]] в [[Блок сенсоров/Касается цвета ()]] без оставления перенаправления",0,873,"Блок сенсоров/Касается цвета ()",7209,NA,1165,0,114,"Gohoski","human",TRUE,FALSE
"W180","873","Блок сенсоров/Касается цвета ()","2023-05-24T11:40:26Z",2023,"wiki_minor_edit","завершено",4095,873,"Блок сенсоров/Касается цвета ()",8460,NA,5260,0,180,"Veniamin6","human",TRUE,FALSE
"W180","873","Блок сенсоров/Касается цвета ()","2023-05-24T14:05:13Z",2023,"wiki_minor_edit","",-22,873,"Блок сенсоров/Касается цвета ()",8461,NA,5238,0,180,"Veniamin6","human",TRUE,FALSE
"W180","873","Блок сенсоров/Касается цвета ()","2023-05-24T14:05:42Z",2023,"wiki_minor_edit","",-104,873,"Блок сенсоров/Касается цвета ()",8462,NA,5134,0,180,"Veniamin6","human",TRUE,FALSE
"W180","873","Блок сенсоров/Касается цвета ()","2023-05-24T14:07:24Z",2023,"wiki_minor_edit","",30,873,"Блок сенсоров/Касается цвета ()",8464,NA,5164,0,180,"Veniamin6","human",TRUE,FALSE
"W88","878","Блок движения/Идти () шагов","2019-07-07T09:31:59Z",2019,"wiki_minor_edit","Новая страница: «<sb>идти (10) шагов</sb> Идти (10) шагов - блок из секции ""Движение"". Позволяет спрайту идти в напр…»",218,878,"Блок движения/Идти () шагов",4393,NA,218,0,88,"Grevovan","human",TRUE,FALSE
"W88","878","Блок движения/Идти () шагов","2019-07-07T09:34:43Z",2019,"wiki_minor_edit","Grevovan переименовал страницу [[Идти (10) шагов]] в [[Идти ( ) шагов]]",0,878,"Блок движения/Идти () шагов",4394,NA,218,0,88,"Grevovan","human",TRUE,FALSE
"W88","878","Блок движения/Идти () шагов","2019-07-07T09:38:05Z",2019,"wiki_minor_edit","",187,878,"Блок движения/Идти () шагов",4396,NA,405,0,88,"Grevovan","human",TRUE,FALSE
"W88","878","Блок движения/Идти () шагов","2019-07-07T09:40:54Z",2019,"wiki_minor_edit","",32,878,"Блок движения/Идти () шагов",4397,NA,437,0,88,"Grevovan","human",TRUE,FALSE
"W88","878","Блок движения/Идти () шагов","2019-08-21T15:00:41Z",2019,"wiki_minor_edit","",550,878,"Блок движения/Идти () шагов",4551,NA,987,0,88,"Grevovan","human",TRUE,FALSE
"W88","878","Блок движения/Идти () шагов","2019-09-10T14:50:43Z",2019,"wiki_minor_edit","/* Примеры */",257,878,"Блок движения/Идти () шагов",4614,NA,1244,0,88,"Grevovan","human",TRUE,FALSE
"W113","878","Блок движения/Идти () шагов","2020-10-26T09:06:19Z",2020,"wiki_minor_edit","",195,878,"Блок движения/Идти () шагов",5613,NA,1439,0,113,"M-A-Z-2005","human",TRUE,FALSE
"W113","878","Блок движения/Идти () шагов","2020-10-26T09:08:23Z",2020,"wiki_minor_edit","",69,878,"Блок движения/Идти () шагов",5614,NA,1508,0,113,"M-A-Z-2005","human",TRUE,FALSE
"W114","878","Блок движения/Идти () шагов","2023-01-24T18:17:59Z",2023,"wiki_minor_edit","Gohoski переименовал страницу [[Идти ( ) шагов]] в [[Блок движения/Идти () шагов]]",0,878,"Блок движения/Идти () шагов",7010,NA,1508,0,114,"Gohoski","human",TRUE,FALSE
"W184","878","Блок движения/Идти () шагов","2023-04-25T11:21:37Z",2023,"wiki_minor_edit","Изменена версия добавления блока, описание блока, добавлены разделы ""Обходной путь"", ""История"" и ""См. также"".",1829,878,"Блок движения/Идти () шагов",8217,NA,3337,0,184,"Alex Ilya","human",TRUE,FALSE
"W217","878","Блок движения/Идти () шагов","2023-11-01T13:48:56Z",2023,"wiki_minor_edit","Исправление кода",20,878,"Блок движения/Идти () шагов",10066,NA,3357,0,217,"AGScratcherBest","human",TRUE,FALSE
"W217","878","Блок движения/Идти () шагов","2023-11-01T13:50:44Z",2023,"wiki_minor_edit","/* Примеры использования */ ой",-2,878,"Блок движения/Идти () шагов",10067,NA,3355,0,217,"AGScratcherBest","human",TRUE,FALSE
"W217","878","Блок движения/Идти () шагов","2023-11-01T13:51:19Z",2023,"wiki_minor_edit","/* Примеры использования */ Пропустил",-2,878,"Блок движения/Идти () шагов",10068,NA,3353,0,217,"AGScratcherBest","human",TRUE,FALSE
"W217","878","Блок движения/Идти () шагов","2024-08-31T11:31:52Z",2024,"wiki_minor_edit","— и не на всю ширину",-15,878,"Блок движения/Идти () шагов",12074,NA,3338,0,217,"AGScratcherBest","human",TRUE,FALSE
"W283","878","Блок движения/Идти () шагов","2025-07-05T12:57:14Z",2025,"wiki_minor_edit","/* Примеры использования */",25,878,"Блок движения/Идти () шагов",14254,NA,3363,0,283,"Mark-sss","human",TRUE,FALSE
"W283","878","Блок движения/Идти () шагов","2025-07-05T13:02:36Z",2025,"wiki_minor_edit","/* Обходной путь */",256,878,"Блок движения/Идти () шагов",14255,NA,3619,0,283,"Mark-sss","human",TRUE,FALSE
"W88","879","Идти (10) шагов","2019-07-07T09:34:43Z",2019,"wiki_minor_edit","Grevovan переименовал страницу [[Идти (10) шагов]] в [[Идти ( ) шагов]]",59,879,"Идти (10) шагов",4395,NA,59,0,88,"Grevovan","human",TRUE,FALSE
"W36","881","Страница помощи","2019-07-11T19:22:00Z",2019,"wiki_minor_edit","Добавлена страница.",3359,881,"Страница помощи",4403,NA,3359,0,36,"Mini Kostik","human",TRUE,FALSE
"W36","881","Страница помощи","2020-04-20T15:44:36Z",2020,"wiki_minor_edit","Пунктуационные ошибки",1,881,"Страница помощи",5252,NA,3360,0,36,"Mini Kostik","human",TRUE,FALSE
"W107","883","Встраивание проектов","2019-07-11T21:31:24Z",2019,"wiki_minor_edit","Новая страница: «{{Незавершённая статья}} ''Эта статья или раздел документирует текущую версию [[Скретч 3.0]].…»",2038,883,"Встраивание проектов",4406,NA,2038,0,107,"Viator-Eno","human",TRUE,FALSE
"W107","883","Встраивание проектов","2019-07-11T21:43:27Z",2019,"wiki_minor_edit","",64,883,"Встраивание проектов",4407,NA,2102,0,107,"Viator-Eno","human",TRUE,FALSE
"W107","883","Встраивание проектов","2019-07-11T21:47:17Z",2019,"wiki_minor_edit","",4,883,"Встраивание проектов",4408,NA,2106,0,107,"Viator-Eno","human",TRUE,FALSE
"W36","883","Встраивание проектов","2019-07-12T06:05:04Z",2019,"wiki_minor_edit","Добавлен шаблон.",12,883,"Встраивание проектов",4409,NA,2118,0,36,"Mini Kostik","human",TRUE,FALSE
"W107","883","Встраивание проектов","2019-07-12T22:17:01Z",2019,"wiki_minor_edit","",-8,883,"Встраивание проектов",4414,NA,2110,0,107,"Viator-Eno","human",TRUE,FALSE
"W217","883","Встраивание проектов","2023-11-14T20:12:39Z",2023,"wiki_minor_edit","Интервики + Исправление ошибок + Убрал шаблон {{[[Шаблон:Важно|Важно]]}} в названии статьи нет ""(2.0)"" и т.д.",-4,883,"Встраивание проектов",10397,NA,2106,0,217,"AGScratcherBest","human",TRUE,FALSE
"W88","884","Жаргон на Скретч","2019-07-12T17:10:37Z",2019,"wiki_minor_edit","Grevovan переименовал страницу [[Жаргон на Скретч]] в [[Сленг на Скретч]]: Сленг подходит больше",64,884,"Жаргон на Скретч",4412,NA,64,0,88,"Grevovan","human",TRUE,FALSE
"W113","892","Блок операторов/Выдать случайное от () до ()","2020-05-27T05:16:09Z",2020,"wiki_minor_edit","Новая страница: «{{Карточка блока | scratchblocks = <sb>(Выдать случайное от () до ()::operators)</sb> | категория = Операторы |…»",566,892,"Блок операторов/Выдать случайное от () до ()",5354,NA,566,0,113,"M-A-Z-2005","human",TRUE,FALSE
"W113","892","Блок операторов/Выдать случайное от () до ()","2020-05-27T05:16:35Z",2020,"wiki_minor_edit","",40,892,"Блок операторов/Выдать случайное от () до ()",5355,NA,606,0,113,"M-A-Z-2005","human",TRUE,FALSE
"W165","892","Блок операторов/Выдать случайное от () до ()","2022-11-04T10:29:50Z",2022,"wiki_minor_edit","",-9,892,"Блок операторов/Выдать случайное от () до ()",6078,NA,597,0,165,"RunRun 5","human",TRUE,FALSE
"W165","892","Блок операторов/Выдать случайное от () до ()","2022-11-05T01:03:34Z",2022,"wiki_minor_edit","",40,892,"Блок операторов/Выдать случайное от () до ()",6116,NA,637,0,165,"RunRun 5","human",TRUE,FALSE
"W165","892","Блок операторов/Выдать случайное от () до ()","2022-11-05T01:03:52Z",2022,"wiki_minor_edit","",2,892,"Блок операторов/Выдать случайное от () до ()",6117,NA,639,0,165,"RunRun 5","human",TRUE,FALSE
"W114","892","Блок операторов/Выдать случайное от () до ()","2022-11-05T07:12:55Z",2022,"wiki_minor_edit","Gohoski переименовал страницу [[Выдать случайное от () до () (блок)]] в [[Блок операторов/Выдать случайное от () до ()]] без оставления перенаправления",0,892,"Блок операторов/Выдать случайное от () до ()",6119,NA,639,0,114,"Gohoski","human",TRUE,FALSE
"W165","892","Блок операторов/Выдать случайное от () до ()","2022-11-05T15:39:22Z",2022,"wiki_minor_edit","",-10,892,"Блок операторов/Выдать случайное от () до ()",6142,NA,629,0,165,"RunRun 5","human",TRUE,FALSE
"W184","892","Блок операторов/Выдать случайное от () до ()","2023-02-07T05:40:05Z",2023,"wiki_minor_edit","Расширена информация о блоке. Добавлены примеры использования.",970,892,"Блок операторов/Выдать случайное от () до ()",7247,NA,1599,0,184,"Alex Ilya","human",TRUE,FALSE
"W189","892","Блок операторов/Выдать случайное от () до ()","2023-08-08T13:22:02Z",2023,"wiki_minor_edit","",310,892,"Блок операторов/Выдать случайное от () до ()",9091,NA,1909,0,189,"Scratch craft 2","human",TRUE,FALSE
"W189","892","Блок операторов/Выдать случайное от () до ()","2023-08-08T13:22:38Z",2023,"wiki_minor_edit","исправил",6,892,"Блок операторов/Выдать случайное от () до ()",9092,NA,1915,0,189,"Scratch craft 2","human",TRUE,FALSE
"W113","896","Главная страница","2020-06-04T14:50:44Z",2020,"wiki_minor_edit","Перенаправление на [[Заглавная страница]]",71,896,"Главная страница",5404,NA,71,0,113,"M-A-Z-2005","human",TRUE,FALSE
"W180","896","Главная страница","2023-05-22T05:38:12Z",2023,"wiki_minor_edit","на удаление",26,896,"Главная страница",8388,NA,97,0,180,"Veniamin6","human",TRUE,FALSE
"W180","896","Главная страница","2023-05-22T10:53:06Z",2023,"wiki_minor_edit","",8100,896,"Главная страница",8393,NA,8197,0,180,"Veniamin6","human",TRUE,FALSE
"W180","896","Главная страница","2023-05-22T10:59:54Z",2023,"wiki_minor_edit","",49,896,"Главная страница",8396,NA,8246,0,180,"Veniamin6","human",TRUE,FALSE
"W180","896","Главная страница","2023-05-22T11:14:33Z",2023,"wiki_minor_edit","",4,896,"Главная страница",8398,NA,8250,0,180,"Veniamin6","human",TRUE,FALSE
"W180","896","Главная страница","2023-05-22T11:14:59Z",2023,"wiki_minor_edit","Лишняя скобка",-1,896,"Главная страница",8399,NA,8249,0,180,"Veniamin6","human",TRUE,FALSE
"W114","896","Главная страница","2023-05-22T11:26:36Z",2023,"wiki_minor_edit","исправление «косяков»; возможно потом ещё доделаю",-18,896,"Главная страница",8400,NA,8231,0,114,"Gohoski","human",TRUE,FALSE
"W180","896","Главная страница","2023-05-22T18:05:57Z",2023,"wiki_minor_edit","добавил доп. инфу",205,896,"Главная страница",8406,NA,8436,0,180,"Veniamin6","human",TRUE,FALSE
"W180","896","Главная страница","2023-05-22T18:48:29Z",2023,"wiki_minor_edit","добавил ссылку",4,896,"Главная страница",8409,NA,8440,0,180,"Veniamin6","human",TRUE,FALSE
"W180","896","Главная страница","2023-05-23T16:02:55Z",2023,"wiki_minor_edit","",98,896,"Главная страница",8426,NA,8538,0,180,"Veniamin6","human",TRUE,FALSE
"W180","896","Главная страница","2023-05-24T14:06:29Z",2023,"wiki_minor_edit","",12,896,"Главная страница",8463,NA,8550,0,180,"Veniamin6","human",TRUE,FALSE
"W114","896","Главная страница","2023-06-03T16:50:18Z",2023,"wiki_minor_edit","",202,896,"Главная страница",8617,NA,8752,0,114,"Gohoski","human",TRUE,FALSE
"W114","896","Главная страница","2023-06-14T12:04:18Z",2023,"wiki_minor_edit","interwiki",73,896,"Главная страница",8677,NA,8825,0,114,"Gohoski","human",TRUE,FALSE
"W114","896","Главная страница","2023-06-30T07:33:56Z",2023,"wiki_minor_edit","Я забыб 💀",47,896,"Главная страница",8853,NA,8872,0,114,"Gohoski","human",TRUE,FALSE
"W206","896","Главная страница","2023-07-01T08:24:04Z",2023,"wiki_minor_edit","Изменена фотографии главной страницы когда вы не вошли в аккаунт.",-9,896,"Главная страница",8875,NA,8863,0,206,"Redsquash","human",TRUE,FALSE
"W206","896","Главная страница","2023-07-01T09:02:19Z",2023,"wiki_minor_edit","/* История */",-3,896,"Главная страница",8878,NA,8860,0,206,"Redsquash","human",TRUE,FALSE
"W120","896","Главная страница","2023-07-01T09:44:18Z",2023,"wiki_minor_edit","",33,896,"Главная страница",8880,NA,8893,0,120,"Idey programm","human",TRUE,FALSE
"W114","896","Главная страница","2023-07-01T10:05:10Z",2023,"wiki_minor_edit","изменение скриншотов",-316,896,"Главная страница",8886,NA,8577,0,114,"Gohoski","human",TRUE,FALSE
"W113","897","Скретч 1.2","2020-06-04T15:17:47Z",2020,"wiki_minor_edit","Новая страница: «'''Скретч 1.2''' был выпущен 2 декабря 2007 года. В нем было несколько улучшений по сравнению с…»",3424,897,"Скретч 1.2",5405,NA,3424,0,113,"M-A-Z-2005","human",TRUE,FALSE
"W113","897","Скретч 1.2","2020-06-30T05:24:43Z",2020,"wiki_minor_edit","",41,897,"Скретч 1.2",5485,NA,3465,0,113,"M-A-Z-2005","human",TRUE,FALSE
"W88","897","Скретч 1.2","2020-08-19T17:24:31Z",2020,"wiki_minor_edit","",31,897,"Скретч 1.2",5542,NA,3496,0,88,"Grevovan","human",TRUE,FALSE
"W113","897","Скретч 1.2","2020-10-26T09:02:33Z",2020,"wiki_minor_edit","",38,897,"Скретч 1.2",5610,NA,3534,0,113,"M-A-Z-2005","human",TRUE,FALSE
"W178","897","Скретч 1.2","2022-12-20T13:21:12Z",2022,"wiki_minor_edit","/* Особенности */  сенсоры и операторы++",256,897,"Скретч 1.2",6603,NA,3790,0,178,"Tfilipp","human",TRUE,FALSE
"W113","898","Скретч 1.3","2020-06-04T15:28:12Z",2020,"wiki_minor_edit","Новая страница: «'''Скретч 1.3''' был выпущен 2 сентября 2008 года, с новыми важными функциями, такими как списки…»",2714,898,"Скретч 1.3",5406,NA,2714,0,113,"M-A-Z-2005","human",TRUE,FALSE
"W113","898","Скретч 1.3","2020-06-30T05:06:50Z",2020,"wiki_minor_edit","",106,898,"Скретч 1.3",5479,NA,2820,0,113,"M-A-Z-2005","human",TRUE,FALSE
"W113","898","Скретч 1.3","2020-06-30T05:25:25Z",2020,"wiki_minor_edit","",41,898,"Скретч 1.3",5486,NA,2861,0,113,"M-A-Z-2005","human",TRUE,FALSE
"W88","898","Скретч 1.3","2020-08-19T17:24:50Z",2020,"wiki_minor_edit","",30,898,"Скретч 1.3",5543,NA,2891,0,88,"Grevovan","human",TRUE,FALSE
"W113","898","Скретч 1.3","2020-10-26T09:03:30Z",2020,"wiki_minor_edit","",57,898,"Скретч 1.3",5611,NA,2948,0,113,"M-A-Z-2005","human",TRUE,FALSE
"W178","898","Скретч 1.3","2022-12-20T13:24:49Z",2022,"wiki_minor_edit","/* Версии */  блок нота ++",237,898,"Скретч 1.3",6604,NA,3185,0,178,"Tfilipp","human",TRUE,FALSE
"W178","898","Скретч 1.3","2022-12-20T13:25:20Z",2022,"wiki_minor_edit","/* Версии */  фикс текста про блок",3,898,"Скретч 1.3",6605,NA,3188,0,178,"Tfilipp","human",TRUE,FALSE
"W178","898","Скретч 1.3","2022-12-20T13:25:53Z",2022,"wiki_minor_edit","не туда помещена строчка о блоке ноты",-239,898,"Скретч 1.3",6606,NA,2949,0,178,"Tfilipp","human",TRUE,FALSE
"W178","898","Скретч 1.3","2022-12-20T13:26:14Z",2022,"wiki_minor_edit","/* Особенности */",239,898,"Скретч 1.3",6607,NA,3188,0,178,"Tfilipp","human",TRUE,FALSE
"W178","898","Скретч 1.3","2022-12-20T13:27:11Z",2022,"wiki_minor_edit","/* Особенности */  текст про блок ноты",-49,898,"Скретч 1.3",6608,NA,3139,0,178,"Tfilipp","human",TRUE,FALSE
"W113","899","Скретч 1.x","2020-06-04T15:40:57Z",2020,"wiki_minor_edit","Новая страница: «{{Незавершённая статья}} Скретч 1.x был предыдущей версией Скретч. Он работает с Скретч 1.0 д…»",2562,899,"Скретч 1.x",5407,NA,2562,0,113,"M-A-Z-2005","human",TRUE,FALSE
"W113","899","Скретч 1.x","2020-06-04T15:41:15Z",2020,"wiki_minor_edit","",4,899,"Скретч 1.x",5408,NA,2566,0,113,"M-A-Z-2005","human",TRUE,FALSE
"W113","899","Скретч 1.x","2020-06-04T15:42:14Z",2020,"wiki_minor_edit","",-5,899,"Скретч 1.x",5409,NA,2561,0,113,"M-A-Z-2005","human",TRUE,FALSE
"W113","899","Скретч 1.x","2020-10-26T09:04:12Z",2020,"wiki_minor_edit","",39,899,"Скретч 1.x",5612,NA,2600,0,113,"M-A-Z-2005","human",TRUE,FALSE
"W120","899","Скретч 1.x","2023-03-15T15:36:39Z",2023,"wiki_minor_edit","Шаблоны",373,899,"Скретч 1.x",7899,NA,2973,0,120,"Idey programm","human",TRUE,FALSE
"W274","899","Скретч 1.x","2025-04-30T13:01:37Z",2025,"wiki_minor_edit","",2,899,"Скретч 1.x",12779,NA,2975,0,274,"Ed 1612","human",TRUE,FALSE
"W114","903","Блок управления","2020-06-13T12:20:50Z",2020,"wiki_minor_edit","Новая страница: «Контролирующий блок это блок который управляет [[Спрайт]] или [[Сцена]]  == Список блоков == {{…»",5027,903,"Блок управления",5416,NA,5027,0,114,"Gohoski","human",TRUE,FALSE
"W114","903","Блок управления","2020-06-13T14:58:30Z",2020,"wiki_minor_edit","/* Список блоков */",8,903,"Блок управления",5417,NA,5035,0,114,"Gohoski","human",TRUE,FALSE
"W36","903","Блок управления","2020-06-17T14:47:28Z",2020,"wiki_minor_edit","Исправление определения, ячеек блоков",-110,903,"Блок управления",5419,NA,4925,0,36,"Mini Kostik","human",TRUE,FALSE
"W36","903","Блок управления","2020-06-17T14:48:06Z",2020,"wiki_minor_edit","Mini Kostik переименовал страницу [[Контролирующий блок]] в [[Блок управления]]: Некорректное название",0,903,"Блок управления",5420,NA,4925,0,36,"Mini Kostik","human",TRUE,FALSE
"W114","903","Блок управления","2020-06-25T15:05:03Z",2020,"wiki_minor_edit","/* Список блоков */",8,903,"Блок управления",5432,NA,4933,0,114,"Gohoski","human",TRUE,FALSE
"W113","903","Блок управления","2020-06-30T05:26:24Z",2020,"wiki_minor_edit","",33,903,"Блок управления",5487,NA,4966,0,113,"M-A-Z-2005","human",TRUE,FALSE
"W114","903","Блок управления","2020-07-19T07:53:56Z",2020,"wiki_minor_edit","/* Список блоков */",8,903,"Блок управления",5515,NA,4974,0,114,"Gohoski","human",TRUE,FALSE
"W36","903","Блок управления","2020-07-31T10:33:58Z",2020,"wiki_minor_edit","/* Список блоков */",49,903,"Блок управления",5521,NA,5023,0,36,"Mini Kostik","human",TRUE,FALSE
"W114","903","Блок управления","2020-07-31T11:40:00Z",2020,"wiki_minor_edit","/* Список блоков */",4,903,"Блок управления",5522,NA,5027,0,114,"Gohoski","human",TRUE,FALSE
"W36","903","Блок управления","2020-08-10T15:20:41Z",2020,"wiki_minor_edit","Исправление синтаксиса блоков",26,903,"Блок управления",5535,NA,5053,0,36,"Mini Kostik","human",TRUE,FALSE
"W37","903","Блок управления","2020-08-12T08:01:17Z",2020,"wiki_minor_edit","fixed versioning",109,903,"Блок управления",5537,NA,5162,0,37,"Kenny2scratch","human",TRUE,FALSE
"W114","903","Блок управления","2022-11-06T08:51:31Z",2022,"wiki_minor_edit","Кто-то забыл про div. Конечно же не я...)",353,903,"Блок управления",6146,NA,5515,0,114,"Gohoski","human",TRUE,FALSE
"W154","903","Блок управления","2022-12-13T18:55:04Z",2022,"wiki_minor_edit","/* Список блоков */",31,903,"Блок управления",6501,NA,5546,0,154,"Stysan","human",TRUE,FALSE
"W154","903","Блок управления","2022-12-13T18:56:44Z",2022,"wiki_minor_edit","/* Список блоков */",27,903,"Блок управления",6504,NA,5573,0,154,"Stysan","human",TRUE,FALSE
"W114","903","Блок управления","2022-12-24T08:30:41Z",2022,"wiki_minor_edit","Исправил код у Если (), то... Иначе",23,903,"Блок управления",6655,NA,5596,0,114,"Gohoski","human",TRUE,FALSE
"W181","903","Блок управления","2023-01-22T08:20:32Z",2023,"wiki_minor_edit","Добавлен шаблон Категории блоков",76,903,"Блок управления",6937,NA,5672,0,181,"Zuenko-michail","human",TRUE,FALSE
"W114","903","Блок управления","2023-01-22T10:30:01Z",2023,"wiki_minor_edit","",6,903,"Блок управления",6958,NA,5678,0,114,"Gohoski","human",TRUE,FALSE
"W114","903","Блок управления","2023-02-02T15:43:31Z",2023,"wiki_minor_edit","",410,903,"Блок управления",7168,NA,6088,0,114,"Gohoski","human",TRUE,FALSE
"W114","903","Блок управления","2023-02-12T09:20:24Z",2023,"wiki_minor_edit","",-16,903,"Блок управления",7480,NA,6072,0,114,"Gohoski","human",TRUE,FALSE
"W184","903","Блок управления","2023-02-16T06:56:27Z",2023,"wiki_minor_edit","Добавлены ссылки на блоки.",552,903,"Блок управления",7510,NA,6624,0,184,"Alex Ilya","human",TRUE,FALSE
"W215","903","Блок управления","2023-08-31T01:19:34Z",2023,"wiki_minor_edit","К описанию блока ""Стоп"" добавлено дополнительное слово ""спрайт"" для уточнения того, что может делать данный блок.",15,903,"Блок управления",9312,NA,6639,0,215,"Bluethers Floppa","human",TRUE,FALSE
"W185","903","Блок управления","2023-10-16T11:27:28Z",2023,"wiki_minor_edit","/* Устаревшие блоки */",2,903,"Блок управления",9591,NA,6641,0,185,"I1av","human",TRUE,FALSE
"W114","903","Блок управления","2024-02-04T15:28:40Z",2024,"wiki_minor_edit","авто: новая категоризация",2,903,"Блок управления",11323,NA,6643,0,114,"Gohoski","human",TRUE,FALSE
"W36","904","Контролирующий блок","2020-06-17T14:48:06Z",2020,"wiki_minor_edit","Mini Kostik переименовал страницу [[Контролирующий блок]] в [[Блок управления]]: Некорректное название",65,904,"Контролирующий блок",5421,NA,65,0,36,"Mini Kostik","human",TRUE,FALSE
"W113","906","Дерево ремиксов","2020-06-30T02:42:23Z",2020,"wiki_minor_edit","M-A-Z-2005 переименовал страницу [[Дерево ремиксов]] в [[Дерево ремиксов (для 2.0)]]: В текущей версии Скретч нет дерева ремиксов.",78,906,"Дерево ремиксов",5435,NA,78,0,113,"M-A-Z-2005","human",TRUE,FALSE
"W113","907","Дней Скретч (блок)","2020-06-30T03:33:42Z",2020,"wiki_minor_edit","Перенаправление на [[Дней с 2000 г (блок)]]",66,907,"Дней Скретч (блок)",5438,NA,66,0,113,"M-A-Z-2005","human",TRUE,FALSE
"W154","907","Дней Скретч (блок)","2024-08-08T08:31:50Z",2024,"wiki_minor_edit","исправил двойное перенаправление",15,907,"Дней Скретч (блок)",12018,NA,81,0,154,"Stysan","human",TRUE,FALSE
"W113","908","Sound","2020-06-30T03:34:55Z",2020,"wiki_minor_edit","Перенаправление на [[Звук]]",44,908,"Sound",5439,NA,44,0,113,"M-A-Z-2005","human",TRUE,FALSE
"W113","909","Sprite","2020-06-30T03:36:10Z",2020,"wiki_minor_edit","Перенаправление на [[Спрайт]]",48,909,"Sprite",5440,NA,48,0,113,"M-A-Z-2005","human",TRUE,FALSE
"W113","910","Репортёр","2020-06-30T03:38:41Z",2020,"wiki_minor_edit","Перенаправление на [[Блок репортёр]]",61,910,"Репортёр",5441,NA,61,0,113,"M-A-Z-2005","human",TRUE,FALSE
"W113","911","Script","2020-06-30T03:41:42Z",2020,"wiki_minor_edit","Перенаправление на [[Скрипт]]",48,911,"Script",5442,NA,48,0,113,"M-A-Z-2005","human",TRUE,FALSE
"W113","912","Scratch 1.4","2020-06-30T03:42:32Z",2020,"wiki_minor_edit","Перенаправление на [[Скретч 1.4]]",52,912,"Scratch 1.4",5443,NA,52,0,113,"M-A-Z-2005","human",TRUE,FALSE
"W113","913","Extension","2020-06-30T03:43:19Z",2020,"wiki_minor_edit","Перенаправление на [[Дополнения]]",56,913,"Extension",5444,NA,56,0,113,"M-A-Z-2005","human",TRUE,FALSE
"W120","913","Extension","2023-07-22T09:16:21Z",2023,"wiki_minor_edit","Перенаправление изменено с [[Дополнения]] на [[Расширения]]",0,913,"Extension",9077,NA,56,0,120,"Idey programm","human",TRUE,FALSE
"W113","914","Pen","2020-06-30T03:44:09Z",2020,"wiki_minor_edit","Перенаправление на [[Перо]]",44,914,"Pen",5445,NA,44,0,113,"M-A-Z-2005","human",TRUE,FALSE
"W113","915","Costume","2020-06-30T03:47:38Z",2020,"wiki_minor_edit","Перенаправление на [[Костюм]]",48,915,"Costume",5447,NA,48,0,113,"M-A-Z-2005","human",TRUE,FALSE
"W113","916","LEGO® WeDo™","2020-06-30T03:50:23Z",2020,"wiki_minor_edit","Перенаправление на [[LEGO Education WeDo 2.0 (дополнение)]]",82,916,"LEGO® WeDo™",5448,NA,82,0,113,"M-A-Z-2005","human",TRUE,FALSE
"W113","917","WeDo","2020-06-30T03:51:24Z",2020,"wiki_minor_edit","Перенаправление на [[LEGO Education WeDo 2.0 (дополнение)]]",82,917,"WeDo",5449,NA,82,0,113,"M-A-Z-2005","human",TRUE,FALSE
"W113","918","Блоки LEGO WeDo","2020-06-30T03:51:55Z",2020,"wiki_minor_edit","Перенаправление на [[LEGO Education WeDo 2.0 (дополнение)]]",82,918,"Блоки LEGO WeDo",5450,NA,82,0,113,"M-A-Z-2005","human",TRUE,FALSE
"W113","919","LEGO WeDo","2020-06-30T03:53:11Z",2020,"wiki_minor_edit","Перенаправление на [[LEGO Education WeDo 2.0 (дополнение)]]",82,919,"LEGO WeDo",5451,NA,82,0,113,"M-A-Z-2005","human",TRUE,FALSE
"W113","920","Блок Лего WeDo","2020-06-30T03:53:38Z",2020,"wiki_minor_edit","Перенаправление на [[LEGO Education WeDo 2.0 (дополнение)]]",82,920,"Блок Лего WeDo",5452,NA,82,0,113,"M-A-Z-2005","human",TRUE,FALSE
"W113","921","Variable","2020-06-30T03:57:02Z",2020,"wiki_minor_edit","Перенаправление на [[Переменная]]",56,921,"Variable",5453,NA,56,0,113,"M-A-Z-2005","human",TRUE,FALSE
"W113","922","Blocks","2020-06-30T03:57:40Z",2020,"wiki_minor_edit","Перенаправление на [[Блок]]",44,922,"Blocks",5454,NA,44,0,113,"M-A-Z-2005","human",TRUE,FALSE
"W113","923","Stage","2020-06-30T03:58:17Z",2020,"wiki_minor_edit","Перенаправление на [[Сцена]]",46,923,"Stage",5455,NA,46,0,113,"M-A-Z-2005","human",TRUE,FALSE
"W113","924","Scripts Area","2020-06-30T03:59:25Z",2020,"wiki_minor_edit","Перенаправление на [[Область скриптов]]",67,924,"Scripts Area",5456,NA,67,0,113,"M-A-Z-2005","human",TRUE,FALSE
"W113","925","List","2020-06-30T04:03:59Z",2020,"wiki_minor_edit","Перенаправление на [[Список]]",48,925,"List",5458,NA,48,0,113,"M-A-Z-2005","human",TRUE,FALSE
"W113","926","Расширение","2020-06-30T04:07:06Z",2020,"wiki_minor_edit","Перенаправление на [[Дополнения]]",56,926,"Расширение",5459,NA,56,0,113,"M-A-Z-2005","human",TRUE,FALSE
"W120","926","Расширение","2023-07-20T12:00:52Z",2023,"wiki_minor_edit","Перенаправление изменено с [[Дополнения]] на [[Расширения]]",0,926,"Расширение",9041,NA,56,0,120,"Idey programm","human",TRUE,FALSE
"W113","927","Reporter Block","2020-06-30T04:11:21Z",2020,"wiki_minor_edit","Перенаправление на [[Репортёр]]",52,927,"Reporter Block",5460,NA,52,0,113,"M-A-Z-2005","human",TRUE,FALSE
"W113","928","Сайт","2020-06-30T04:12:27Z",2020,"wiki_minor_edit","Перенаправление на [[Сайт Скретч]]",57,928,"Сайт",5461,NA,57,0,113,"M-A-Z-2005","human",TRUE,FALSE
"W113","929","Scratch Website","2020-06-30T04:14:35Z",2020,"wiki_minor_edit","Перенаправление на [[Сайт Скретч]]",57,929,"Scratch Website",5462,NA,57,0,113,"M-A-Z-2005","human",TRUE,FALSE
"W217","929","Scratch Website","2023-11-05T20:02:21Z",2023,"wiki_minor_edit","Исправление двойного перенаправления",2,929,"Scratch Website",10218,NA,59,0,217,"AGScratcherBest","human",TRUE,FALSE
"W113","930","Background","2020-06-30T04:16:55Z",2020,"wiki_minor_edit","Перенаправление на [[Фон]]",42,930,"Background",5463,NA,42,0,113,"M-A-Z-2005","human",TRUE,FALSE
"W113","931","Зелёный флаг","2020-06-30T04:19:51Z",2020,"wiki_minor_edit","Перенаправление на [[Когда зелёный флаг нажат (блок)]]",92,931,"Зелёный флаг",5464,NA,92,0,113,"M-A-Z-2005","human",TRUE,FALSE
"W184","931","Зелёный флаг","2023-02-19T09:51:32Z",2023,"wiki_minor_edit","Удалено перенаправление на [[Когда зелёный флаг нажат (блок)]]",4336,931,"Зелёный флаг",7571,NA,4428,0,184,"Alex Ilya","human",TRUE,FALSE
"W113","932","*","2020-06-30T04:24:50Z",2020,"wiki_minor_edit","Перенаправление на [[() * () (блок)]]",54,932,"*",5465,NA,54,0,113,"M-A-Z-2005","human",TRUE,FALSE
"W154","932","*","2023-04-16T11:41:06Z",2023,"wiki_minor_edit","Перенаправление изменено с [[() * () (блок)]] на [[Блок операторов#multiply]]",20,932,"*",8145,NA,74,0,154,"Stysan","human",TRUE,FALSE
"W113","933","-","2020-06-30T04:25:31Z",2020,"wiki_minor_edit","Перенаправление на [[() - () (блок)]]",54,933,"-",5466,NA,54,0,113,"M-A-Z-2005","human",TRUE,FALSE
"W154","933","-","2023-08-30T16:41:18Z",2023,"wiki_minor_edit","Перенаправление изменено с [[() - () (блок)]] на [[Блок операторов#subtract]]",20,933,"-",9300,NA,74,0,154,"Stysan","human",TRUE,FALSE
"W113","934","Изменение цвета блоков","2020-06-30T04:44:22Z",2020,"wiki_minor_edit","M-A-Z-2005 переименовал страницу [[Изменение цвета блоков]] в [[Изменение цвета блоков (для 2.0)]]: В текущей версии Скретч нет возможности изменен…",91,934,"Изменение цвета блоков",5471,NA,91,0,113,"M-A-Z-2005","human",TRUE,FALSE
"W113","936","И (блок)","2020-07-04T03:18:52Z",2020,"wiki_minor_edit","Перенаправление на [[() и () (блок)]]",54,936,"И (блок)",5488,NA,54,0,113,"M-A-Z-2005","human",TRUE,FALSE
"W154","936","И (блок)","2023-08-30T16:49:10Z",2023,"wiki_minor_edit","Перенаправление изменено с [[() и () (блок)]] на [[Блок операторов#and]]",15,936,"И (блок)",9306,NA,69,0,154,"Stysan","human",TRUE,FALSE
"W113","937","Блок операторов/() и ()","2020-07-04T03:49:07Z",2020,"wiki_minor_edit","Новая страница: «{{Карточка блока | scratchblocks = <sb>(() и ())</sb> | категория = Операторы | ссылка = Оперирующий блок |…»",2093,937,"Блок операторов/() и ()",5489,NA,2093,0,113,"M-A-Z-2005","human",TRUE,FALSE
"W113","937","Блок операторов/() и ()","2020-07-04T05:43:06Z",2020,"wiki_minor_edit","",137,937,"Блок операторов/() и ()",5492,NA,2230,0,113,"M-A-Z-2005","human",TRUE,FALSE
"W113","937","Блок операторов/() и ()","2020-07-04T06:06:01Z",2020,"wiki_minor_edit","",0,937,"Блок операторов/() и ()",5493,NA,2230,0,113,"M-A-Z-2005","human",TRUE,FALSE
"W120","937","Блок операторов/() и ()","2022-02-19T07:49:03Z",2022,"wiki_minor_edit","",0,937,"Блок операторов/() и ()",5805,NA,2230,0,120,"Idey programm","human",TRUE,FALSE
"W114","937","Блок операторов/() и ()","2022-11-19T11:03:47Z",2022,"wiki_minor_edit","Gohoski переименовал страницу [[() и () (блок)]] в [[Блок операторов/() и ()]]: Изменение системы статей про блоки",0,937,"Блок операторов/() и ()",6349,NA,2230,0,114,"Gohoski","human",TRUE,FALSE
"W196","937","Блок операторов/() и ()","2023-05-25T13:12:46Z",2023,"wiki_minor_edit","Более правильный код.",84,937,"Блок операторов/() и ()",8475,NA,2314,0,196,"Jevjik712","human",TRUE,FALSE
"W217","937","Блок операторов/() и ()","2023-11-14T22:00:09Z",2023,"wiki_minor_edit","",-41,937,"Блок операторов/() и ()",10402,NA,2273,0,217,"AGScratcherBest","human",TRUE,FALSE
"W217","937","Блок операторов/() и ()","2023-11-26T17:28:46Z",2023,"wiki_minor_edit","Добавил раздел Обходной путь",494,937,"Блок операторов/() и ()",10560,NA,2767,0,217,"AGScratcherBest","human",TRUE,FALSE
"W217","937","Блок операторов/() и ()","2023-11-26T17:31:07Z",2023,"wiki_minor_edit","[[#Обходной путь|→‎О(б)ходной путь]]: эпическая опечатка когда я исправлял опечатку",2,937,"Блок операторов/() и ()",10561,NA,2769,0,217,"AGScratcherBest","human",TRUE,FALSE
"W113","938","+","2020-07-04T03:53:22Z",2020,"wiki_minor_edit","Перенаправление на [[() + () (блок)]]",54,938,"+",5490,NA,54,0,113,"M-A-Z-2005","human",TRUE,FALSE
"W154","938","+","2023-04-16T11:41:30Z",2023,"wiki_minor_edit","Перенаправление изменено с [[() + () (блок)]] на [[Блок операторов#add]]",15,938,"+",8146,NA,69,0,154,"Stysan","human",TRUE,FALSE
"W113","939","И","2020-07-04T03:54:18Z",2020,"wiki_minor_edit","Перенаправление на [[() и () (блок)]]",55,939,"И",5491,NA,55,0,113,"M-A-Z-2005","human",TRUE,FALSE
"W154","939","И","2023-08-30T16:49:09Z",2023,"wiki_minor_edit","Перенаправление изменено с [[() и () (блок)]] на [[Блок операторов#and]]",14,939,"И",9305,NA,69,0,154,"Stysan","human",TRUE,FALSE
"W113","940","Мышка по X (блок)","2020-07-04T07:10:29Z",2020,"wiki_minor_edit","M-A-Z-2005 переименовал страницу [[Мышка по X (блок)]] в [[(x мыши) (блок)]]",59,940,"Мышка по X (блок)",5496,NA,59,0,113,"M-A-Z-2005","human",TRUE,FALSE
"W114","940","Мышка по X (блок)","2023-02-09T18:52:41Z",2023,"wiki_minor_edit","Перенаправление изменено с [[(x мыши) (блок)]] на [[Блок сенсоров#mousex]]",9,940,"Мышка по X (блок)",7377,NA,68,0,114,"Gohoski","human",TRUE,FALSE
"W113","941","Мышка по Y (блок)","2020-07-04T07:20:28Z",2020,"wiki_minor_edit","M-A-Z-2005 переименовал страницу [[Мышка по Y (блок)]] в [[(y мыши) (блок)]]",59,941,"Мышка по Y (блок)",5499,NA,59,0,113,"M-A-Z-2005","human",TRUE,FALSE
"W114","941","Мышка по Y (блок)","2023-02-09T18:53:34Z",2023,"wiki_minor_edit","Перенаправление изменено с [[(y мыши) (блок)]] на [[Блок сенсоров#mousey]]",9,941,"Мышка по Y (блок)",7381,NA,68,0,114,"Gohoski","human",TRUE,FALSE
"W113","942","Блок операторов/() = ()","2020-07-04T07:47:15Z",2020,"wiki_minor_edit","Новая страница: «{{Карточка блока |имя = () = () |категория = Оперирующий блок |версия = 1.0 |тип = Логический блок…»",3166,942,"Блок операторов/() = ()",5502,NA,3166,0,113,"M-A-Z-2005","human",TRUE,FALSE
"W114","942","Блок операторов/() = ()","2022-11-05T07:34:57Z",2022,"wiki_minor_edit","Gohoski переименовал страницу [[() = () (блок)]] в [[Блок операторов/() = ()]] без оставления перенаправления",0,942,"Блок операторов/() = ()",6127,NA,3166,0,114,"Gohoski","human",TRUE,FALSE
"W217","942","Блок операторов/() = ()","2023-11-14T21:56:32Z",2023,"wiki_minor_edit","",-52,942,"Блок операторов/() = ()",10401,NA,3114,0,217,"AGScratcherBest","human",TRUE,FALSE
"W113","943","=","2020-07-04T07:47:54Z",2020,"wiki_minor_edit","Перенаправление на [[() = () (блок)]]",54,943,"=",5503,NA,54,0,113,"M-A-Z-2005","human",TRUE,FALSE
"W154","943","=","2023-08-30T16:43:23Z",2023,"wiki_minor_edit","Перенаправление изменено с [[() = () (блок)]] на [[Блок операторов#equals]]",18,943,"=",9303,NA,72,0,154,"Stysan","human",TRUE,FALSE
"W113","944","Равно (блок)","2020-07-04T07:48:43Z",2020,"wiki_minor_edit","Перенаправление на [[() = () (блок)]]",54,944,"Равно (блок)",5504,NA,54,0,113,"M-A-Z-2005","human",TRUE,FALSE
"W154","944","Равно (блок)","2023-08-30T16:43:15Z",2023,"wiki_minor_edit","Перенаправление изменено с [[() = () (блок)]] на [[Блок операторов#equals]]",18,944,"Равно (блок)",9302,NA,72,0,154,"Stysan","human",TRUE,FALSE
"W113","945","Слить () и () (блок)","2020-07-04T07:51:54Z",2020,"wiki_minor_edit","Перенаправление на [[Объединить () () (блок)]]",73,945,"Слить () и () (блок)",5505,NA,73,0,113,"M-A-Z-2005","human",TRUE,FALSE
"W114","945","Слить () и () (блок)","2022-11-19T12:09:52Z",2022,"wiki_minor_edit","Перенаправление изменено с [[Объединить () () (блок)]] на [[Блок операторов#join]]",-3,945,"Слить () и () (блок)",6372,NA,70,0,114,"Gohoski","human",TRUE,FALSE
"W113","946","Операционная система","2020-07-04T10:11:13Z",2020,"wiki_minor_edit","Новая страница: «File:Operating systems.png|thumb|200px|Примеры проектов, которые были отмечены словами ""операционная сис…»",6886,946,"Операционная система",5506,NA,6886,0,113,"M-A-Z-2005","human",TRUE,FALSE
"W113","946","Операционная система","2020-07-04T10:12:12Z",2020,"wiki_minor_edit","",97,946,"Операционная система",5507,NA,6983,0,113,"M-A-Z-2005","human",TRUE,FALSE
"W111","946","Операционная система","2020-09-18T13:03:44Z",2020,"wiki_minor_edit","/* Пользовательские интерфейсы */",34,946,"Операционная система",5554,NA,7017,0,111,"SergeyD-2010","human",TRUE,FALSE
"W111","946","Операционная система","2020-09-18T13:06:35Z",2020,"wiki_minor_edit","/* Список */",64,946,"Операционная система",5555,NA,7081,0,111,"SergeyD-2010","human",TRUE,FALSE
"W114","946","Операционная система","2020-09-20T12:42:02Z",2020,"wiki_minor_edit","/* Смотрите также */",9,946,"Операционная система",5569,NA,7090,0,114,"Gohoski","human",TRUE,FALSE
"W111","946","Операционная система","2021-01-01T17:03:32Z",2021,"wiki_minor_edit","/* Список */",0,946,"Операционная система",5644,NA,7090,0,111,"SergeyD-2010","human",TRUE,FALSE
"W113","947","JSON","2020-07-06T01:52:44Z",2020,"wiki_minor_edit","Новая страница: «[[:wp:JSON|'''JavaScript Object Notation''']], или '''JSON''', это формат данных, используемый [[Скретч]] для хранен…»",8133,947,"JSON",5509,NA,8133,0,113,"M-A-Z-2005","human",TRUE,FALSE
"W114","949","Как закрыть тему на форуме","2020-07-17T13:03:14Z",2020,"wiki_minor_edit","Новая страница: «{{Незавершённая статья}} Начиная с выхода [[форум]]ов можно закрыть свою или у кого-то тему.…»",948,949,"Как закрыть тему на форуме",5511,NA,948,0,114,"Gohoski","human",TRUE,FALSE
"W132","949","Как закрыть тему на форуме","2021-05-15T19:51:58Z",2021,"wiki_minor_edit","",35,949,"Как закрыть тему на форуме",5756,NA,983,0,132,"Alleksandra-I","human",TRUE,FALSE
"W114","949","Как закрыть тему на форуме","2022-09-13T17:02:59Z",2022,"wiki_minor_edit","/* Закрытие чужой темы */",217,949,"Как закрыть тему на форуме",5890,NA,1200,0,114,"Gohoski","human",TRUE,FALSE
"W114","949","Как закрыть тему на форуме","2022-12-04T09:53:28Z",2022,"wiki_minor_edit","Интервики и категория",190,949,"Как закрыть тему на форуме",6469,NA,1390,0,114,"Gohoski","human",TRUE,FALSE
"W114","949","Как закрыть тему на форуме","2022-12-11T18:04:15Z",2022,"wiki_minor_edit","Завершил статью",236,949,"Как закрыть тему на форуме",6495,NA,1626,0,114,"Gohoski","human",TRUE,FALSE
"W217","949","Как закрыть тему на форуме","2023-11-19T17:06:32Z",2023,"wiki_minor_edit","Scratch → Скретч",7,949,"Как закрыть тему на форуме",10513,NA,1633,0,217,"AGScratcherBest","human",TRUE,FALSE
"W114","949","Как закрыть тему на форуме","2024-02-04T15:16:11Z",2024,"wiki_minor_edit","авто: новая категоризация",0,949,"Как закрыть тему на форуме",11171,NA,1633,0,114,"Gohoski","human",TRUE,FALSE
"W228","949","Как закрыть тему на форуме","2024-03-10T09:00:56Z",2024,"wiki_minor_edit","/* Закрытие своей темы */  Чтобы закрыть свою тему, надо иметь статус [[Скретчер]].",69,949,"Как закрыть тему на форуме",11564,NA,1702,0,228,"BLACKCAT20144PLAYERS","human",TRUE,FALSE
"W114","950","Cloud Data","2020-07-17T13:17:33Z",2020,"wiki_minor_edit","Перенаправление на [[Облачная переменная]]",51,950,"Cloud Data",5512,NA,51,0,114,"Gohoski","human",TRUE,FALSE
"W114","951","Скретчеры","2020-07-17T13:20:46Z",2020,"wiki_minor_edit","Перенаправление на [[Скретчер]]",30,951,"Скретчеры",5513,NA,30,0,114,"Gohoski","human",TRUE,FALSE
"W114","952","Детектор нажатия правой кнопки мыши","2020-07-19T08:53:49Z",2020,"wiki_minor_edit","Новая страница: «{{Устаревшая функция}} Это руководство показывает как обнаружить если правая кнопка мыши…»",1493,952,"Детектор нажатия правой кнопки мыши",5518,NA,1493,0,114,"Gohoski","human",TRUE,FALSE
"W114","952","Детектор нажатия правой кнопки мыши","2022-12-15T11:12:03Z",2022,"wiki_minor_edit","Исправление корявого перевода и смена версии scratchblocks в статье",82,952,"Детектор нажатия правой кнопки мыши",6547,NA,1575,0,114,"Gohoski","human",TRUE,FALSE
"W114","952","Детектор нажатия правой кнопки мыши","2022-12-15T11:13:31Z",2022,"wiki_minor_edit","/* Скрипт */",-148,952,"Детектор нажатия правой кнопки мыши",6548,NA,1427,0,114,"Gohoski","human",TRUE,FALSE
"W114","952","Детектор нажатия правой кнопки мыши","2023-01-15T09:13:56Z",2023,"wiki_minor_edit","Gohoski переименовал страницу [[Обнаружение правой кнопки мыши (1.4)]] в [[Детектор нажатия правой кнопки мыши (для 1.4)]]",0,952,"Детектор нажатия правой кнопки мыши",6800,NA,1427,0,114,"Gohoski","human",TRUE,FALSE
"W114","952","Детектор нажатия правой кнопки мыши","2023-01-15T09:32:02Z",2023,"wiki_minor_edit","",111,952,"Детектор нажатия правой кнопки мыши",6804,NA,1538,0,114,"Gohoski","human",TRUE,FALSE
"W114","952","Детектор нажатия правой кнопки мыши","2023-07-20T13:40:55Z",2023,"wiki_minor_edit","Gohoski переименовал страницу [[Детектор нажатия правой кнопки мыши (для 1.4)]] в [[Детектор нажатия правой кнопки мыши]]: детектор возможно сделать только в 1.4",0,952,"Детектор нажатия правой кнопки мыши",9047,NA,1538,0,114,"Gohoski","human",TRUE,FALSE
"W114","952","Детектор нажатия правой кнопки мыши","2023-07-20T13:42:04Z",2023,"wiki_minor_edit","",-23,952,"Детектор нажатия правой кнопки мыши",9049,NA,1515,0,114,"Gohoski","human",TRUE,FALSE
"W114","952","Детектор нажатия правой кнопки мыши","2024-02-04T15:15:52Z",2024,"wiki_minor_edit","авто: новая категоризация",0,952,"Детектор нажатия правой кнопки мыши",11165,NA,1515,0,114,"Gohoski","human",TRUE,FALSE
"W114","954","Блок видео распознавания","2020-07-31T12:01:00Z",2020,"wiki_minor_edit","Новая страница: «[[File:Видео_распознавание.PNG|258px|thumb|right|Картинка дополнения в меню дополнений.]] '''Видео рас…»",1116,954,"Блок видео распознавания",5524,NA,1116,0,114,"Gohoski","human",TRUE,FALSE
"W114","954","Блок видео распознавания","2022-12-13T19:04:41Z",2022,"wiki_minor_edit","Gohoski переименовал страницу [[Видео распознавание (дополнение)]] в [[Блок видеораспознавания]]: Мы обычно не делаем статьи про дополнения, а про их блоки",0,954,"Блок видео распознавания",6511,NA,1116,0,114,"Gohoski","human",TRUE,FALSE
"W114","954","Блок видео распознавания","2022-12-13T19:05:22Z",2022,"wiki_minor_edit","Gohoski переименовал страницу [[Блок видеораспознавания]] в [[Блок видео распознавания]]: добавил пробел, т. к. в Скретче он есть ",0,954,"Блок видео распознавания",6513,NA,1116,0,114,"Gohoski","human",TRUE,FALSE
"W181","954","Блок видео распознавания","2023-01-22T11:46:33Z",2023,"wiki_minor_edit","Добавлены картинка расширения и шаблон Категории расширений",110,954,"Блок видео распознавания",6973,NA,1226,0,181,"Zuenko-michail","human",TRUE,FALSE
"W181","954","Блок видео распознавания","2023-01-23T04:39:25Z",2023,"wiki_minor_edit","",2736,954,"Блок видео распознавания",6993,NA,3962,0,181,"Zuenko-michail","human",TRUE,FALSE
"W114","954","Блок видео распознавания","2023-01-23T05:05:31Z",2023,"wiki_minor_edit","",18,954,"Блок видео распознавания",6994,NA,3980,0,114,"Gohoski","human",TRUE,FALSE
"W181","954","Блок видео распознавания","2023-01-29T10:10:28Z",2023,"wiki_minor_edit","",37,954,"Блок видео распознавания",7096,NA,4017,0,181,"Zuenko-michail","human",TRUE,FALSE
"W114","954","Блок видео распознавания","2023-02-09T18:25:49Z",2023,"wiki_minor_edit","",8,954,"Блок видео распознавания",7348,NA,4025,0,114,"Gohoski","human",TRUE,FALSE
"W114","954","Блок видео распознавания","2024-02-04T15:23:36Z",2024,"wiki_minor_edit","авто: новая категоризация",0,954,"Блок видео распознавания",11300,NA,4025,0,114,"Gohoski","human",TRUE,FALSE
"W114","954","Блок видео распознавания","2024-02-04T15:27:54Z",2024,"wiki_minor_edit","авто: новая категоризация",2,954,"Блок видео распознавания",11307,NA,4027,0,114,"Gohoski","human",TRUE,FALSE
"W269","954","Блок видео распознавания","2025-05-10T15:47:26Z",2025,"wiki_minor_edit","",38,954,"Блок видео распознавания",13237,NA,4065,0,269,"Tagir14012014","human",TRUE,FALSE
"W269","954","Блок видео распознавания","2025-05-11T07:21:23Z",2025,"wiki_minor_edit","",2,954,"Блок видео распознавания",13251,NA,4067,0,269,"Tagir14012014","human",TRUE,FALSE
"W114","957","Гобо","2020-08-27T11:48:42Z",2020,"wiki_minor_edit","Новая страница: «[[File:Gobo1.png|128px|thumb|Гобо]] '''Гобо''' — [[спрайт]], который входит во все установленные приложени…»",5212,957,"Гобо",5549,NA,5212,0,114,"Gohoski","human",TRUE,FALSE
"W212","957","Гобо","2023-08-12T10:28:28Z",2023,"wiki_minor_edit","/* Эмодзи Гобо */",54,957,"Гобо",9105,NA,5266,0,212,"Freyja-clarebout","human",TRUE,FALSE
"W228","957","Гобо","2024-01-20T17:09:07Z",2024,"wiki_minor_edit","Векторная графика.",-2,957,"Гобо",10976,NA,5264,0,228,"BLACKCAT20144PLAYERS","human",TRUE,FALSE
"W120","968","Сохранение проектов","2020-10-15T08:01:34Z",2020,"wiki_minor_edit","Новая страница: «Проект на Скретч всегда сохраняются почти в любых обстаятельствах.  === Сохранение при на...»",1433,968,"Сохранение проектов",5602,NA,1433,0,120,"Idey programm","human",TRUE,FALSE
"W36","968","Сохранение проектов","2020-10-15T08:28:36Z",2020,"wiki_minor_edit","Исправление орфографических и пунктуационных ошибок",6,968,"Сохранение проектов",5603,NA,1439,0,36,"Mini Kostik","human",TRUE,FALSE
"W114","975","API Скретча","2020-12-02T13:48:49Z",2020,"wiki_minor_edit","Создание страницы",34809,975,"API Скретча",5638,NA,34809,0,114,"Gohoski","human",TRUE,FALSE
"W114","975","API Скретча","2022-10-20T16:42:02Z",2022,"wiki_minor_edit","/* site-api (Устарел) */ Капец я безграмотный. УстаревшЫй...",0,975,"API Скретча",5904,NA,34809,0,114,"Gohoski","human",TRUE,FALSE
"W114","975","API Скретча","2023-01-20T15:48:36Z",2023,"wiki_minor_edit","Gohoski переименовал страницу [[Скретч API]] в [[API Скретча]]: Правильное название по правилам русского языка",0,975,"API Скретча",6863,NA,34809,0,114,"Gohoski","human",TRUE,FALSE
"W217","975","API Скретча","2023-11-18T22:00:54Z",2023,"wiki_minor_edit","Исправление ошибок + Поддержка тёмной темы",-211,975,"API Скретча",10494,NA,34598,0,217,"AGScratcherBest","human",TRUE,FALSE
"W154","975","API Скретча","2024-08-02T10:43:01Z",2024,"wiki_minor_edit","добавил биндинги. scratchattach был страницей сиротой",413,975,"API Скретча",12011,NA,35011,0,154,"Stysan","human",TRUE,FALSE
"W127","981","Ктоблок","2021-01-30T12:57:18Z",2021,"wiki_minor_edit","Создана пустая страница",0,981,"Ктоблок",5651,NA,0,0,127,"Shad9R","human",TRUE,FALSE
"W127","981","Ктоблок","2021-01-30T13:29:13Z",2021,"wiki_minor_edit","",758,981,"Ктоблок",5652,NA,758,0,127,"Shad9R","human",TRUE,FALSE
"W127","981","Ктоблок","2021-01-30T13:36:30Z",2021,"wiki_minor_edit","",45,981,"Ктоблок",5653,NA,803,0,127,"Shad9R","human",TRUE,FALSE
"W127","981","Ктоблок","2021-01-30T13:40:33Z",2021,"wiki_minor_edit","Shad9R переименовал страницу [[Скретч Вики:Create an article]] в [[Котоблок]]: Название подходящее под тему статьи",0,981,"Ктоблок",5654,NA,803,0,127,"Shad9R","human",TRUE,FALSE
"W127","981","Ктоблок","2021-01-30T15:14:42Z",2021,"wiki_minor_edit","Добавление информации",713,981,"Ктоблок",5656,NA,1516,0,127,"Shad9R","human",TRUE,FALSE
"W127","981","Ктоблок","2021-01-30T15:16:15Z",2021,"wiki_minor_edit","",19,981,"Ктоблок",5657,NA,1535,0,127,"Shad9R","human",TRUE,FALSE
"W127","981","Ктоблок","2021-01-30T15:19:56Z",2021,"wiki_minor_edit","Корректировка кода блоков",154,981,"Ктоблок",5658,NA,1689,0,127,"Shad9R","human",TRUE,FALSE
"W127","981","Ктоблок","2021-01-30T16:35:46Z",2021,"wiki_minor_edit","Доп. Информация",-41,981,"Ктоблок",5659,NA,1648,0,127,"Shad9R","human",TRUE,FALSE
"W127","981","Ктоблок","2021-01-30T16:36:48Z",2021,"wiki_minor_edit","",1,981,"Ктоблок",5660,NA,1649,0,127,"Shad9R","human",TRUE,FALSE
"W127","981","Ктоблок","2021-01-30T16:43:22Z",2021,"wiki_minor_edit","Добавлена ссылка на ВП",-111,981,"Ктоблок",5661,NA,1538,0,127,"Shad9R","human",TRUE,FALSE
"W127","981","Ктоблок","2021-01-30T16:55:32Z",2021,"wiki_minor_edit","",1,981,"Ктоблок",5662,NA,1539,0,127,"Shad9R","human",TRUE,FALSE
"W127","981","Ктоблок","2021-01-30T16:57:23Z",2021,"wiki_minor_edit","",-1,981,"Ктоблок",5663,NA,1538,0,127,"Shad9R","human",TRUE,FALSE
"W127","981","Ктоблок","2021-01-30T16:58:49Z",2021,"wiki_minor_edit","",18,981,"Ктоблок",5664,NA,1556,0,127,"Shad9R","human",TRUE,FALSE
"W127","981","Ктоблок","2021-01-31T10:38:11Z",2021,"wiki_minor_edit","",2,981,"Ктоблок",5665,NA,1558,0,127,"Shad9R","human",TRUE,FALSE
"W127","981","Ктоблок","2021-01-31T10:38:42Z",2021,"wiki_minor_edit","",5,981,"Ктоблок",5666,NA,1563,0,127,"Shad9R","human",TRUE,FALSE
"W127","981","Ктоблок","2021-01-31T10:39:07Z",2021,"wiki_minor_edit","",-4,981,"Ктоблок",5667,NA,1559,0,127,"Shad9R","human",TRUE,FALSE
"W127","981","Ктоблок","2021-01-31T14:26:11Z",2021,"wiki_minor_edit","Коррекция описания",168,981,"Ктоблок",5675,NA,1727,0,127,"Shad9R","human",TRUE,FALSE
"W127","981","Ктоблок","2021-01-31T14:51:58Z",2021,"wiki_minor_edit","Добавление блоков",416,981,"Ктоблок",5676,NA,2143,0,127,"Shad9R","human",TRUE,FALSE
"W127","981","Ктоблок","2021-01-31T14:53:21Z",2021,"wiki_minor_edit","",-13,981,"Ктоблок",5677,NA,2130,0,127,"Shad9R","human",TRUE,FALSE
"W127","981","Ктоблок","2021-01-31T14:55:09Z",2021,"wiki_minor_edit","",-79,981,"Ктоблок",5678,NA,2051,0,127,"Shad9R","human",TRUE,FALSE
"W127","981","Ктоблок","2021-01-31T14:57:48Z",2021,"wiki_minor_edit","",4,981,"Ктоблок",5679,NA,2055,0,127,"Shad9R","human",TRUE,FALSE
"W127","981","Ктоблок","2021-01-31T15:00:55Z",2021,"wiki_minor_edit","",-2,981,"Ктоблок",5683,NA,2053,0,127,"Shad9R","human",TRUE,FALSE
"W127","981","Ктоблок","2021-01-31T18:10:10Z",2021,"wiki_minor_edit","Доп.",97,981,"Ктоблок",5699,NA,2150,0,127,"Shad9R","human",TRUE,FALSE
"W127","981","Ктоблок","2021-01-31T18:18:20Z",2021,"wiki_minor_edit","Добавление Предупреждения",-65,981,"Ктоблок",5700,NA,2085,0,127,"Shad9R","human",TRUE,FALSE
"W127","981","Ктоблок","2021-01-31T18:19:21Z",2021,"wiki_minor_edit","",-286,981,"Ктоблок",5701,NA,1799,0,127,"Shad9R","human",TRUE,FALSE
"W127","981","Ктоблок","2021-01-31T18:46:25Z",2021,"wiki_minor_edit","",130,981,"Ктоблок",5702,NA,1929,0,127,"Shad9R","human",TRUE,FALSE
"W127","981","Ктоблок","2021-01-31T18:47:02Z",2021,"wiki_minor_edit","",0,981,"Ктоблок",5703,NA,1929,0,127,"Shad9R","human",TRUE,FALSE
"W127","981","Ктоблок","2021-01-31T18:48:29Z",2021,"wiki_minor_edit","",0,981,"Ктоблок",5704,NA,1929,0,127,"Shad9R","human",TRUE,FALSE
"W127","981","Ктоблок","2021-01-31T18:51:51Z",2021,"wiki_minor_edit","",-11,981,"Ктоблок",5705,NA,1918,0,127,"Shad9R","human",TRUE,FALSE
"W127","981","Ктоблок","2021-01-31T18:57:11Z",2021,"wiki_minor_edit","",-119,981,"Ктоблок",5706,NA,1799,0,127,"Shad9R","human",TRUE,FALSE
"W36","981","Ктоблок","2021-03-22T12:43:52Z",2021,"wiki_minor_edit","Исправление пунктуационных ошибок",13,981,"Ктоблок",5741,NA,1812,0,36,"Mini Kostik","human",TRUE,FALSE
"W113","981","Ктоблок","2021-04-20T04:38:17Z",2021,"wiki_minor_edit","",31,981,"Ктоблок",5747,NA,1843,0,113,"M-A-Z-2005","human",TRUE,FALSE
"W132","981","Ктоблок","2021-05-14T22:04:57Z",2021,"wiki_minor_edit","Исправлено 2020 года, т. к. котоблоки появились и в 2021 году.",-38,981,"Ктоблок",5752,NA,1805,0,132,"Alleksandra-I","human",TRUE,FALSE
"W132","981","Ктоблок","2021-05-15T21:08:59Z",2021,"wiki_minor_edit","",-8,981,"Ктоблок",5757,NA,1797,0,132,"Alleksandra-I","human",TRUE,FALSE
"W140","981","Ктоблок","2021-11-25T14:51:02Z",2021,"wiki_minor_edit","какая - то ошибка со словом ""был"" была поправлена мной",18,981,"Ктоблок",5770,NA,1815,0,140,"Eraryios","human",TRUE,FALSE
"W120","981","Ктоблок","2022-01-21T14:33:14Z",2022,"wiki_minor_edit","Idey programm переименовал страницу [[Котоблок]] в [[Создать страницу]] без оставления перенаправления",0,981,"Ктоблок",5779,NA,1815,0,120,"Idey programm","human",TRUE,FALSE
"W120","981","Ктоблок","2022-01-21T14:33:51Z",2022,"wiki_minor_edit","Idey programm переименовал страницу [[Создать страницу]] в [[Котоблок]]: возврат",0,981,"Ктоблок",5780,NA,1815,0,120,"Idey programm","human",TRUE,FALSE
"W120","981","Ктоблок","2022-01-21T14:34:21Z",2022,"wiki_minor_edit","Полностью удалено содержимое страницы",-1815,981,"Ктоблок",5782,NA,0,0,120,"Idey programm","human",TRUE,FALSE
"W120","981","Ктоблок","2022-01-21T14:35:59Z",2022,"wiki_minor_edit","Idey programm переименовал страницу [[Котоблок]] в [[Создать страницу]] поверх перенаправления и без оставления перенаправления",0,981,"Ктоблок",5783,NA,0,0,120,"Idey programm","human",TRUE,FALSE
"W120","981","Ктоблок","2022-01-21T14:38:08Z",2022,"wiki_minor_edit","Idey programm переименовал страницу [[Создать страницу]] в [[Котоблок]] без оставления перенаправления",0,981,"Ктоблок",5784,NA,0,0,120,"Idey programm","human",TRUE,FALSE
"W120","981","Ктоблок","2022-01-21T14:38:39Z",2022,"wiki_minor_edit","",1815,981,"Ктоблок",5785,NA,1815,0,120,"Idey programm","human",TRUE,FALSE
"W120","981","Ктоблок","2022-01-21T14:39:22Z",2022,"wiki_minor_edit","Idey programm переименовал страницу [[Котоблок]] в [[Создать страницу]]",0,981,"Ктоблок",5786,NA,1815,0,120,"Idey programm","human",TRUE,FALSE
"W120","981","Ктоблок","2022-01-21T14:40:34Z",2022,"wiki_minor_edit","Полностью удалено содержимое страницы",-1815,981,"Ктоблок",5789,NA,0,0,120,"Idey programm","human",TRUE,FALSE
"W120","981","Ктоблок","2022-01-21T14:41:36Z",2022,"wiki_minor_edit","Idey programm переименовал страницу [[Создать страницу]] в [[Ктоблок]]",0,981,"Ктоблок",5790,NA,0,0,120,"Idey programm","human",TRUE,FALSE
"W120","981","Ктоблок","2022-01-21T14:45:19Z",2022,"wiki_minor_edit","",1815,981,"Ктоблок",5792,NA,1815,0,120,"Idey programm","human",TRUE,FALSE
"W114","981","Ктоблок","2022-09-13T17:59:34Z",2022,"wiki_minor_edit","Перенаправление на [[Котоблок]]",-1763,981,"Ктоблок",5893,NA,52,0,114,"Gohoski","human",TRUE,FALSE
"W127","983","Блок управления/Повторять всегда","2021-01-31T13:22:53Z",2021,"wiki_minor_edit","Новая страница: «{{Карточка блока|scratchblocks=<scratchblocks>всегда</scratchblocks>|категория=Контроль|ссылка=Контроль (кат...»",2122,983,"Блок управления/Повторять всегда",5668,NA,2122,0,127,"Shad9R","human",TRUE,FALSE
"W127","983","Блок управления/Повторять всегда","2021-01-31T13:34:14Z",2021,"wiki_minor_edit","Коррекция кода",-54,983,"Блок управления/Повторять всегда",5669,NA,2068,0,127,"Shad9R","human",TRUE,FALSE
"W127","983","Блок управления/Повторять всегда","2021-01-31T13:38:04Z",2021,"wiki_minor_edit","Коррекция",86,983,"Блок управления/Повторять всегда",5670,NA,2154,0,127,"Shad9R","human",TRUE,FALSE
"W127","983","Блок управления/Повторять всегда","2021-01-31T13:40:25Z",2021,"wiki_minor_edit","",-12,983,"Блок управления/Повторять всегда",5671,NA,2142,0,127,"Shad9R","human",TRUE,FALSE
"W127","983","Блок управления/Повторять всегда","2021-01-31T13:42:04Z",2021,"wiki_minor_edit","",5,983,"Блок управления/Повторять всегда",5672,NA,2147,0,127,"Shad9R","human",TRUE,FALSE
"W127","983","Блок управления/Повторять всегда","2021-01-31T13:44:12Z",2021,"wiki_minor_edit","",-5,983,"Блок управления/Повторять всегда",5673,NA,2142,0,127,"Shad9R","human",TRUE,FALSE
"W127","983","Блок управления/Повторять всегда","2021-01-31T13:49:56Z",2021,"wiki_minor_edit","",46,983,"Блок управления/Повторять всегда",5674,NA,2188,0,127,"Shad9R","human",TRUE,FALSE
"W127","983","Блок управления/Повторять всегда","2021-01-31T14:59:14Z",2021,"wiki_minor_edit","",4,983,"Блок управления/Повторять всегда",5680,NA,2192,0,127,"Shad9R","human",TRUE,FALSE
"W127","983","Блок управления/Повторять всегда","2021-01-31T14:59:35Z",2021,"wiki_minor_edit","",-24,983,"Блок управления/Повторять всегда",5681,NA,2168,0,127,"Shad9R","human",TRUE,FALSE
"W127","983","Блок управления/Повторять всегда","2021-01-31T15:00:00Z",2021,"wiki_minor_edit","",20,983,"Блок управления/Повторять всегда",5682,NA,2188,0,127,"Shad9R","human",TRUE,FALSE
"W127","983","Блок управления/Повторять всегда","2021-01-31T15:19:33Z",2021,"wiki_minor_edit","",-1,983,"Блок управления/Повторять всегда",5691,NA,2187,0,127,"Shad9R","human",TRUE,FALSE
"W127","983","Блок управления/Повторять всегда","2021-01-31T17:52:58Z",2021,"wiki_minor_edit","",21,983,"Блок управления/Повторять всегда",5697,NA,2208,0,127,"Shad9R","human",TRUE,FALSE
"W127","983","Блок управления/Повторять всегда","2021-01-31T17:53:22Z",2021,"wiki_minor_edit","",-21,983,"Блок управления/Повторять всегда",5698,NA,2187,0,127,"Shad9R","human",TRUE,FALSE
"W127","983","Блок управления/Повторять всегда","2021-02-06T14:06:20Z",2021,"wiki_minor_edit","",13,983,"Блок управления/Повторять всегда",5707,NA,2200,0,127,"Shad9R","human",TRUE,FALSE
"W127","983","Блок управления/Повторять всегда","2021-02-06T14:07:50Z",2021,"wiki_minor_edit","",12,983,"Блок управления/Повторять всегда",5708,NA,2212,0,127,"Shad9R","human",TRUE,FALSE
"W127","983","Блок управления/Повторять всегда","2021-02-06T14:19:59Z",2021,"wiki_minor_edit","",95,983,"Блок управления/Повторять всегда",5709,NA,2307,0,127,"Shad9R","human",TRUE,FALSE
"W127","983","Блок управления/Повторять всегда","2021-02-06T14:21:47Z",2021,"wiki_minor_edit","Изменение карточки блока",3,983,"Блок управления/Повторять всегда",5710,NA,2310,0,127,"Shad9R","human",TRUE,FALSE
"W127","983","Блок управления/Повторять всегда","2021-02-06T14:22:12Z",2021,"wiki_minor_edit","",-123,983,"Блок управления/Повторять всегда",5711,NA,2187,0,127,"Shad9R","human",TRUE,FALSE
"W165","983","Блок управления/Повторять всегда","2022-11-04T08:10:59Z",2022,"wiki_minor_edit","/* Примеры использования */",219,983,"Блок управления/Повторять всегда",6054,NA,2406,0,165,"RunRun 5","human",TRUE,FALSE
"W114","983","Блок управления/Повторять всегда","2022-11-13T07:37:03Z",2022,"wiki_minor_edit","",-47,983,"Блок управления/Повторять всегда",6284,NA,2359,0,114,"Gohoski","human",TRUE,FALSE
"W120","983","Блок управления/Повторять всегда","2022-11-18T11:07:26Z",2022,"wiki_minor_edit","",37,983,"Блок управления/Повторять всегда",6344,NA,2396,0,120,"Idey programm","human",TRUE,FALSE
"W184","983","Блок управления/Повторять всегда","2023-02-11T15:15:06Z",2023,"wiki_minor_edit","Добавлены ссылки на блоки.",181,983,"Блок управления/Повторять всегда",7455,NA,2577,0,184,"Alex Ilya","human",TRUE,FALSE
"W184","983","Блок управления/Повторять всегда","2023-02-11T15:26:26Z",2023,"wiki_minor_edit","Добавлены ссылки на иностранные виики.",109,983,"Блок управления/Повторять всегда",7456,NA,2686,0,184,"Alex Ilya","human",TRUE,FALSE
"W184","983","Блок управления/Повторять всегда","2023-02-11T15:27:24Z",2023,"wiki_minor_edit","Alex Ilya переименовал страницу [[Всегда (блок)]] в [[Блок управления/Всегда]] без оставления перенаправления",0,983,"Блок управления/Повторять всегда",7457,NA,2686,0,184,"Alex Ilya","human",TRUE,FALSE
"W184","983","Блок управления/Повторять всегда","2023-02-16T06:31:21Z",2023,"wiki_minor_edit","Исправлен тип блока в карточке блока.",11,983,"Блок управления/Повторять всегда",7507,NA,2697,0,184,"Alex Ilya","human",TRUE,FALSE
"W184","983","Блок управления/Повторять всегда","2023-02-16T06:49:51Z",2023,"wiki_minor_edit","Alex Ilya переименовал страницу [[Блок управления/Всегда]] в [[Блок управления/Повторять всегда]]: Название статьи не соответствовало названию блока.",0,983,"Блок управления/Повторять всегда",7508,NA,2697,0,184,"Alex Ilya","human",TRUE,FALSE
"W269","983","Блок управления/Повторять всегда","2025-04-24T10:02:17Z",2025,"wiki_minor_edit","Добавил замену блока!",257,983,"Блок управления/Повторять всегда",12462,NA,2954,0,269,"Tagir14012014","human",TRUE,FALSE
"W269","983","Блок управления/Повторять всегда","2025-04-24T10:21:16Z",2025,"wiki_minor_edit","",69,983,"Блок управления/Повторять всегда",12463,NA,3023,0,269,"Tagir14012014","human",TRUE,FALSE
"W269","983","Блок управления/Повторять всегда","2025-04-24T10:23:50Z",2025,"wiki_minor_edit","",4,983,"Блок управления/Повторять всегда",12464,NA,3027,0,269,"Tagir14012014","human",TRUE,FALSE
"W269","983","Блок управления/Повторять всегда","2025-04-24T10:42:03Z",2025,"wiki_minor_edit","",-37,983,"Блок управления/Повторять всегда",12465,NA,2990,0,269,"Tagir14012014","human",TRUE,FALSE
"W269","983","Блок управления/Повторять всегда","2025-04-24T10:42:26Z",2025,"wiki_minor_edit","",-2,983,"Блок управления/Повторять всегда",12466,NA,2988,0,269,"Tagir14012014","human",TRUE,FALSE
"W270","983","Блок управления/Повторять всегда","2025-05-18T17:54:03Z",2025,"wiki_minor_edit","",7,983,"Блок управления/Повторять всегда",13373,NA,2995,0,270,"Scratch monsters-","human",TRUE,FALSE
"W269","983","Блок управления/Повторять всегда","2025-05-20T06:58:05Z",2025,"wiki_minor_edit","Исправил...",3,983,"Блок управления/Повторять всегда",13377,NA,2998,0,269,"Tagir14012014","human",TRUE,FALSE
"W127","984","Блок операторов/() больше ()","2021-02-24T12:50:36Z",2021,"wiki_minor_edit","Создание страницы",744,984,"Блок операторов/() больше ()",5712,NA,744,0,127,"Shad9R","human",TRUE,FALSE
"W127","984","Блок операторов/() больше ()","2021-02-24T15:45:52Z",2021,"wiki_minor_edit","",140,984,"Блок операторов/() больше ()",5713,NA,884,0,127,"Shad9R","human",TRUE,FALSE
"W127","984","Блок операторов/() больше ()","2021-02-24T15:46:27Z",2021,"wiki_minor_edit","",25,984,"Блок операторов/() больше ()",5714,NA,909,0,127,"Shad9R","human",TRUE,FALSE
"W127","984","Блок операторов/() больше ()","2021-02-24T15:47:12Z",2021,"wiki_minor_edit","",-12,984,"Блок операторов/() больше ()",5715,NA,897,0,127,"Shad9R","human",TRUE,FALSE
"W127","984","Блок операторов/() больше ()","2021-02-24T15:48:04Z",2021,"wiki_minor_edit","",21,984,"Блок операторов/() больше ()",5716,NA,918,0,127,"Shad9R","human",TRUE,FALSE
"W127","984","Блок операторов/() больше ()","2021-02-24T15:50:29Z",2021,"wiki_minor_edit","",70,984,"Блок операторов/() больше ()",5717,NA,988,0,127,"Shad9R","human",TRUE,FALSE
"W127","984","Блок операторов/() больше ()","2021-02-24T16:00:44Z",2021,"wiki_minor_edit","",-33,984,"Блок операторов/() больше ()",5718,NA,955,0,127,"Shad9R","human",TRUE,FALSE
"W127","984","Блок операторов/() больше ()","2021-02-24T16:04:40Z",2021,"wiki_minor_edit","",-29,984,"Блок операторов/() больше ()",5719,NA,926,0,127,"Shad9R","human",TRUE,FALSE
"W127","984","Блок операторов/() больше ()","2021-02-24T16:06:05Z",2021,"wiki_minor_edit","",21,984,"Блок операторов/() больше ()",5720,NA,947,0,127,"Shad9R","human",TRUE,FALSE
"W127","984","Блок операторов/() больше ()","2021-02-24T16:06:33Z",2021,"wiki_minor_edit","",-1,984,"Блок операторов/() больше ()",5721,NA,946,0,127,"Shad9R","human",TRUE,FALSE
"W127","984","Блок операторов/() больше ()","2021-02-24T16:08:19Z",2021,"wiki_minor_edit","",-16,984,"Блок операторов/() больше ()",5722,NA,930,0,127,"Shad9R","human",TRUE,FALSE
"W127","984","Блок операторов/() больше ()","2021-02-24T16:08:55Z",2021,"wiki_minor_edit","",25,984,"Блок операторов/() больше ()",5723,NA,955,0,127,"Shad9R","human",TRUE,FALSE
"W127","984","Блок операторов/() больше ()","2021-02-24T16:14:30Z",2021,"wiki_minor_edit","",-103,984,"Блок операторов/() больше ()",5724,NA,852,0,127,"Shad9R","human",TRUE,FALSE
"W127","984","Блок операторов/() больше ()","2021-02-24T16:15:34Z",2021,"wiki_minor_edit","",3,984,"Блок операторов/() больше ()",5725,NA,855,0,127,"Shad9R","human",TRUE,FALSE
"W127","984","Блок операторов/() больше ()","2021-02-24T16:15:51Z",2021,"wiki_minor_edit","",5,984,"Блок операторов/() больше ()",5726,NA,860,0,127,"Shad9R","human",TRUE,FALSE
"W127","984","Блок операторов/() больше ()","2021-02-24T16:17:11Z",2021,"wiki_minor_edit","",-8,984,"Блок операторов/() больше ()",5727,NA,852,0,127,"Shad9R","human",TRUE,FALSE
"W127","984","Блок операторов/() больше ()","2021-02-24T16:32:33Z",2021,"wiki_minor_edit","Дополнение",639,984,"Блок операторов/() больше ()",5728,NA,1491,0,127,"Shad9R","human",TRUE,FALSE
"W127","984","Блок операторов/() больше ()","2021-02-24T16:35:08Z",2021,"wiki_minor_edit","",-10,984,"Блок операторов/() больше ()",5729,NA,1481,0,127,"Shad9R","human",TRUE,FALSE
"W127","984","Блок операторов/() больше ()","2021-02-24T16:38:25Z",2021,"wiki_minor_edit","",0,984,"Блок операторов/() больше ()",5730,NA,1481,0,127,"Shad9R","human",TRUE,FALSE
"W127","984","Блок операторов/() больше ()","2021-02-24T16:40:27Z",2021,"wiki_minor_edit","",-10,984,"Блок операторов/() больше ()",5731,NA,1471,0,127,"Shad9R","human",TRUE,FALSE
"W127","984","Блок операторов/() больше ()","2021-02-24T16:45:27Z",2021,"wiki_minor_edit","",9,984,"Блок операторов/() больше ()",5732,NA,1480,0,127,"Shad9R","human",TRUE,FALSE
"W127","984","Блок операторов/() больше ()","2021-02-24T16:46:07Z",2021,"wiki_minor_edit","",11,984,"Блок операторов/() больше ()",5733,NA,1491,0,127,"Shad9R","human",TRUE,FALSE
"W127","984","Блок операторов/() больше ()","2021-02-24T16:47:05Z",2021,"wiki_minor_edit","",27,984,"Блок операторов/() больше ()",5734,NA,1518,0,127,"Shad9R","human",TRUE,FALSE
"W127","984","Блок операторов/() больше ()","2021-02-24T16:51:19Z",2021,"wiki_minor_edit","",-1,984,"Блок операторов/() больше ()",5735,NA,1517,0,127,"Shad9R","human",TRUE,FALSE
"W127","984","Блок операторов/() больше ()","2021-02-24T16:56:54Z",2021,"wiki_minor_edit","Добавление ссылок",140,984,"Блок операторов/() больше ()",5736,NA,1657,0,127,"Shad9R","human",TRUE,FALSE
"W127","984","Блок операторов/() больше ()","2021-02-24T17:11:23Z",2021,"wiki_minor_edit","",209,984,"Блок операторов/() больше ()",5737,NA,1866,0,127,"Shad9R","human",TRUE,FALSE
"W127","984","Блок операторов/() больше ()","2021-02-24T17:12:04Z",2021,"wiki_minor_edit","",-31,984,"Блок операторов/() больше ()",5738,NA,1835,0,127,"Shad9R","human",TRUE,FALSE
"W127","984","Блок операторов/() больше ()","2021-02-24T17:13:23Z",2021,"wiki_minor_edit","",20,984,"Блок операторов/() больше ()",5739,NA,1855,0,127,"Shad9R","human",TRUE,FALSE
"W165","984","Блок операторов/() больше ()","2022-11-04T08:22:22Z",2022,"wiki_minor_edit","категория",42,984,"Блок операторов/() больше ()",6061,NA,1897,0,165,"RunRun 5","human",TRUE,FALSE
"W165","984","Блок операторов/() больше ()","2022-11-04T09:59:26Z",2022,"wiki_minor_edit","RunRun 5 переименовал страницу [[Больше (блок)]] в [[() больше () (блок)]]: по тому, что.",0,984,"Блок операторов/() больше ()",6075,NA,1897,0,165,"RunRun 5","human",TRUE,FALSE
"W114","984","Блок операторов/() больше ()","2022-11-05T07:24:09Z",2022,"wiki_minor_edit","Gohoski переименовал страницу [[() больше () (блок)]] в [[Блок операторов/() больше ()]] без оставления перенаправления",0,984,"Блок операторов/() больше ()",6121,NA,1897,0,114,"Gohoski","human",TRUE,FALSE
"W184","984","Блок операторов/() больше ()","2023-02-08T14:10:09Z",2023,"wiki_minor_edit","Исправлена карточка блока. Добавлены ссылки на иностранные статьи.",-50,984,"Блок операторов/() больше ()",7292,NA,1847,0,184,"Alex Ilya","human",TRUE,FALSE
"W184","984","Блок операторов/() больше ()","2023-05-05T13:40:10Z",2023,"wiki_minor_edit","Изменён тип блока в карточке блока.",13,984,"Блок операторов/() больше ()",8274,NA,1860,0,184,"Alex Ilya","human",TRUE,FALSE
"W217","984","Блок операторов/() больше ()","2023-09-17T13:18:33Z",2023,"wiki_minor_edit","",35,984,"Блок операторов/() больше ()",9335,NA,1895,0,217,"AGScratcherBest","human",TRUE,FALSE
"W217","984","Блок операторов/() больше ()","2023-11-27T20:18:03Z",2023,"wiki_minor_edit","—",2,984,"Блок операторов/() больше ()",10567,NA,1897,0,217,"AGScratcherBest","human",TRUE,FALSE
"W114","984","Блок операторов/() больше ()","2024-02-04T15:28:16Z",2024,"wiki_minor_edit","авто: новая категоризация",2,984,"Блок операторов/() больше ()",11314,NA,1899,0,114,"Gohoski","human",TRUE,FALSE
"W127","985","Блок операторов/() меньше ()","2021-02-25T12:57:26Z",2021,"wiki_minor_edit","Новая страница: «{{Незавершённая статья}} {{Карточка   | заголовок = Блок () < ()   | параметр1 = Изображение блока...»",1236,985,"Блок операторов/() меньше ()",5740,NA,1236,0,127,"Shad9R","human",TRUE,FALSE
"W114","985","Блок операторов/() меньше ()","2022-11-05T07:28:42Z",2022,"wiki_minor_edit","",4,985,"Блок операторов/() меньше ()",6123,NA,1240,0,114,"Gohoski","human",TRUE,FALSE
"W114","985","Блок операторов/() меньше ()","2022-11-05T07:29:12Z",2022,"wiki_minor_edit","Gohoski переименовал страницу [[Меньше (блок)]] в [[Блок операторов/() меньше ()]] без оставления перенаправления",0,985,"Блок операторов/() меньше ()",6124,NA,1240,0,114,"Gohoski","human",TRUE,FALSE
"W184","985","Блок операторов/() меньше ()","2023-02-08T14:04:37Z",2023,"wiki_minor_edit","Добавлены примеры использования. Расширена информация о блоке",629,985,"Блок операторов/() меньше ()",7290,NA,1869,0,184,"Alex Ilya","human",TRUE,FALSE
"W184","985","Блок операторов/() меньше ()","2023-02-08T14:05:59Z",2023,"wiki_minor_edit","Удалена ненужная ссылка.",-22,985,"Блок операторов/() меньше ()",7291,NA,1847,0,184,"Alex Ilya","human",TRUE,FALSE
"W184","985","Блок операторов/() меньше ()","2023-05-05T13:41:10Z",2023,"wiki_minor_edit","Изменён тип блока в карточке блока.",13,985,"Блок операторов/() меньше ()",8275,NA,1860,0,184,"Alex Ilya","human",TRUE,FALSE
"W189","985","Блок операторов/() меньше ()","2023-10-14T19:09:31Z",2023,"wiki_minor_edit","измение кода в блоке",0,985,"Блок операторов/() меньше ()",9542,NA,1860,0,189,"Scratch craft 2","human",TRUE,FALSE
"W189","985","Блок операторов/() меньше ()","2023-10-14T19:10:29Z",2023,"wiki_minor_edit","",-3,985,"Блок операторов/() меньше ()",9543,NA,1857,0,189,"Scratch craft 2","human",TRUE,FALSE
"W217","985","Блок операторов/() меньше ()","2023-11-14T21:49:04Z",2023,"wiki_minor_edit","Исправление ошибок в коде + {{[[Шаблон:Блоки|Блоки]]}}",-59,985,"Блок операторов/() меньше ()",10400,NA,1798,0,217,"AGScratcherBest","human",TRUE,FALSE
"W132","995","Сетевая игра","2021-05-15T18:22:40Z",2021,"wiki_minor_edit","Добавила страницу. Постепенно буду добавлять больше информации.",276,995,"Сетевая игра",5755,NA,276,0,132,"Alleksandra-I","human",TRUE,FALSE
"W132","995","Сетевая игра","2021-05-18T17:11:32Z",2021,"wiki_minor_edit","",33,995,"Сетевая игра",5759,NA,309,0,132,"Alleksandra-I","human",TRUE,FALSE
"W173","995","Сетевая игра","2023-02-09T07:19:38Z",2023,"wiki_minor_edit","",1220,995,"Сетевая игра",7322,NA,1529,0,173,"MicroRu","human",TRUE,FALSE
"W173","995","Сетевая игра","2023-02-09T07:22:25Z",2023,"wiki_minor_edit","",4,995,"Сетевая игра",7323,NA,1533,0,173,"MicroRu","human",TRUE,FALSE
"W173","995","Сетевая игра","2023-02-09T07:22:57Z",2023,"wiki_minor_edit","/* Полезные ссылки и туториалы */",-22,995,"Сетевая игра",7324,NA,1511,0,173,"MicroRu","human",TRUE,FALSE
"W173","995","Сетевая игра","2023-02-09T11:08:41Z",2023,"wiki_minor_edit","/* Полезные ссылки */",-359,995,"Сетевая игра",7344,NA,1152,0,173,"MicroRu","human",TRUE,FALSE
"W189","995","Сетевая игра","2023-05-26T19:03:47Z",2023,"wiki_minor_edit","я добавил объяснение почему это работает",105,995,"Сетевая игра",8508,NA,1257,0,189,"Scratch craft 2","human",TRUE,FALSE
"W196","995","Сетевая игра","2023-05-27T05:17:27Z",2023,"wiki_minor_edit","/* Реализация */",63,995,"Сетевая игра",8509,NA,1320,0,196,"Jevjik712","human",TRUE,FALSE
"W120","995","Сетевая игра","2023-06-22T12:39:44Z",2023,"wiki_minor_edit","Исправление неточностей",-19,995,"Сетевая игра",8804,NA,1301,0,120,"Idey programm","human",TRUE,FALSE
"W189","995","Сетевая игра","2023-06-23T08:31:56Z",2023,"wiki_minor_edit","коды",321,995,"Сетевая игра",8807,NA,1622,0,189,"Scratch craft 2","human",TRUE,FALSE
"W120","995","Сетевая игра","2023-06-23T09:07:09Z",2023,"wiki_minor_edit","Исправление неточностей",47,995,"Сетевая игра",8808,NA,1669,0,120,"Idey programm","human",TRUE,FALSE
"W189","995","Сетевая игра","2023-07-17T09:01:54Z",2023,"wiki_minor_edit","/* Код */ продолжил редактирование",98,995,"Сетевая игра",8997,NA,1767,0,189,"Scratch craft 2","human",TRUE,FALSE
"W189","995","Сетевая игра","2023-07-17T09:02:53Z",2023,"wiki_minor_edit","/* Код */коды",2,995,"Сетевая игра",8998,NA,1769,0,189,"Scratch craft 2","human",TRUE,FALSE
"W189","995","Сетевая игра","2023-07-17T09:38:00Z",2023,"wiki_minor_edit","переменная игроки",116,995,"Сетевая игра",9006,NA,1885,0,189,"Scratch craft 2","human",TRUE,FALSE
"W189","995","Сетевая игра","2023-07-17T09:42:15Z",2023,"wiki_minor_edit","/* Коды */ детектор остановки проекта",294,995,"Сетевая игра",9007,NA,2179,0,189,"Scratch craft 2","human",TRUE,FALSE
"W189","995","Сетевая игра","2023-07-17T09:43:43Z",2023,"wiki_minor_edit","детектор остановки проекта в статье",312,995,"Сетевая игра",9008,NA,2491,0,189,"Scratch craft 2","human",TRUE,FALSE
"W189","995","Сетевая игра","2023-07-17T09:53:08Z",2023,"wiki_minor_edit","второй игрок",617,995,"Сетевая игра",9010,NA,3108,0,189,"Scratch craft 2","human",TRUE,FALSE
"W189","995","Сетевая игра","2023-07-17T09:53:46Z",2023,"wiki_minor_edit","исправил ошибку",33,995,"Сетевая игра",9011,NA,3141,0,189,"Scratch craft 2","human",TRUE,FALSE
"W189","995","Сетевая игра","2023-07-17T10:02:46Z",2023,"wiki_minor_edit","внимание...",237,995,"Сетевая игра",9012,NA,3378,0,189,"Scratch craft 2","human",TRUE,FALSE
"W189","995","Сетевая игра","2023-07-17T10:05:17Z",2023,"wiki_minor_edit","небольшое измение",7,995,"Сетевая игра",9013,NA,3385,0,189,"Scratch craft 2","human",TRUE,FALSE
"W189","995","Сетевая игра","2023-07-21T18:45:44Z",2023,"wiki_minor_edit","см. также",73,995,"Сетевая игра",9069,NA,3458,0,189,"Scratch craft 2","human",TRUE,FALSE
"W120","995","Сетевая игра","2023-07-21T18:57:55Z",2023,"wiki_minor_edit","Исправление неточностей",-18,995,"Сетевая игра",9070,NA,3440,0,120,"Idey programm","human",TRUE,FALSE
"W114","995","Сетевая игра","2024-02-04T15:16:59Z",2024,"wiki_minor_edit","авто: новая категоризация",0,995,"Сетевая игра",11187,NA,3440,0,114,"Gohoski","human",TRUE,FALSE
"W218","995","Сетевая игра","2024-04-26T05:54:49Z",2024,"wiki_minor_edit","/* Коды */",1383,995,"Сетевая игра",11682,NA,4823,0,218,"Dgtdvcn","human",TRUE,FALSE
"W217","995","Сетевая игра","2024-04-26T11:58:32Z",2024,"wiki_minor_edit","Отмена правки 11682, сделанной [[Special:Contributions/Dgtdvcn|Dgtdvcn]] ([[User talk:Dgtdvcn|обсуждение]]) отрицательные числа будут считаться за положительные? Или что?",-1383,995,"Сетевая игра",11683,NA,3440,0,217,"AGScratcherBest","human",TRUE,FALSE
"W122","1006","ScratchClient","2022-01-09T07:51:37Z",2022,"wiki_minor_edit","Написал статью о scratchclient и как с ним работать! Зачем я это пишу если актива нету...",3211,1006,"ScratchClient",5773,NA,3211,0,122,"Gagarinten","human",TRUE,FALSE
"W122","1006","ScratchClient","2022-01-09T07:53:12Z",2022,"wiki_minor_edit","Фикс",-2,1006,"ScratchClient",5774,NA,3209,0,122,"Gagarinten","human",TRUE,FALSE
"W120","1006","ScratchClient","2022-01-10T13:39:36Z",2022,"wiki_minor_edit","/* Основы библиотеки */",-63,1006,"ScratchClient",5776,NA,3146,0,120,"Idey programm","human",TRUE,FALSE
"W120","1006","ScratchClient","2022-01-11T12:28:51Z",2022,"wiki_minor_edit","",46,1006,"ScratchClient",5777,NA,3192,0,120,"Idey programm","human",TRUE,FALSE
"W114","1006","ScratchClient","2022-04-03T07:19:23Z",2022,"wiki_minor_edit","",538,1006,"ScratchClient",5825,NA,3730,0,114,"Gohoski","human",TRUE,FALSE
"W196","1006","ScratchClient","2023-05-31T14:47:19Z",2023,"wiki_minor_edit","Добавил ==Работа с переменнами==",331,1006,"ScratchClient",8597,NA,4061,0,196,"Jevjik712","human",TRUE,FALSE
"W196","1006","ScratchClient","2023-05-31T14:48:39Z",2023,"wiki_minor_edit","/* Работа с переменнами */ Немного поправил",36,1006,"ScratchClient",8598,NA,4097,0,196,"Jevjik712","human",TRUE,FALSE
"W120","1006","ScratchClient","2023-07-09T18:45:41Z",2023,"wiki_minor_edit","Завершение статьи",3531,1006,"ScratchClient",8957,NA,7628,0,120,"Idey programm","human",TRUE,FALSE
"W120","1006","ScratchClient","2023-07-09T18:52:06Z",2023,"wiki_minor_edit","",47,1006,"ScratchClient",8958,NA,7675,0,120,"Idey programm","human",TRUE,FALSE
"W120","1006","ScratchClient","2023-07-10T11:05:42Z",2023,"wiki_minor_edit","/* Комментарии */",-162,1006,"ScratchClient",8961,NA,7513,0,120,"Idey programm","human",TRUE,FALSE
"W120","1006","ScratchClient","2023-08-11T18:12:03Z",2023,"wiki_minor_edit","Исправление неточностей",-8,1006,"ScratchClient",9101,NA,7505,0,120,"Idey programm","human",TRUE,FALSE
"W120","1006","ScratchClient","2024-02-29T11:59:47Z",2024,"wiki_minor_edit","Исправление неточностей",-6,1006,"ScratchClient",11485,NA,7499,0,120,"Idey programm","human",TRUE,FALSE
"W114","1006","ScratchClient","2024-11-03T18:08:12Z",2024,"wiki_minor_edit","",27,1006,"ScratchClient",12141,NA,7526,0,114,"Gohoski","human",TRUE,FALSE
"W122","1007","Scratchapi","2022-01-09T08:41:03Z",2022,"wiki_minor_edit","Актива нету! Но это скретч Апи",267,1007,"Scratchapi",5775,NA,267,0,122,"Gagarinten","human",TRUE,FALSE
"W114","1007","Scratchapi","2022-04-03T07:13:09Z",2022,"wiki_minor_edit","Перенаправление на [[Скретч API]]",-215,1007,"Scratchapi",5824,NA,52,0,114,"Gohoski","human",TRUE,FALSE
"W120","1008","TurboWarp","2022-01-12T05:57:06Z",2022,"wiki_minor_edit","Новая страница: «{{Незавершённая статья}}  TurboWarp - редактор [https://ru.scratch-wiki.info/wiki/%D0%A1%D0%BA%D1%80%D0%B5%D1%82%D1%87 Скретч] к...»",2720,1008,"TurboWarp",5778,NA,2720,0,120,"Idey programm","human",TRUE,FALSE
"W148","1008","TurboWarp","2022-07-07T09:08:00Z",2022,"wiki_minor_edit","",122,1008,"TurboWarp",5860,NA,2842,0,148,"Vadim ch-ch","human",TRUE,FALSE
"W114","1008","TurboWarp","2022-11-11T10:33:47Z",2022,"wiki_minor_edit","Отпетачоки и не очень правильные описания аддонов были исправлены",66,1008,"TurboWarp",6245,NA,2908,0,114,"Gohoski","human",TRUE,FALSE
"W120","1008","TurboWarp","2022-11-11T12:07:21Z",2022,"wiki_minor_edit","Исправление неточностей и добавление нового раздела",544,1008,"TurboWarp",6257,NA,3452,0,120,"Idey programm","human",TRUE,FALSE
"W120","1008","TurboWarp","2023-01-20T11:05:05Z",2023,"wiki_minor_edit","",0,1008,"TurboWarp",6853,NA,3452,0,120,"Idey programm","human",TRUE,FALSE
"W120","1008","TurboWarp","2023-01-20T11:05:26Z",2023,"wiki_minor_edit","",1,1008,"TurboWarp",6854,NA,3453,0,120,"Idey programm","human",TRUE,FALSE
"W120","1008","TurboWarp","2023-01-20T11:08:21Z",2023,"wiki_minor_edit","Создание новой ссылки",231,1008,"TurboWarp",6855,NA,3684,0,120,"Idey programm","human",TRUE,FALSE
"W116","1008","TurboWarp","2023-01-21T19:42:12Z",2023,"wiki_minor_edit","Отформатировал текст и исправил ошибки, кидайте тапками если что-то не так",401,1008,"TurboWarp",6921,NA,4085,0,116,"ScratchFilin","human",TRUE,FALSE
"W114","1008","TurboWarp","2023-01-21T19:56:13Z",2023,"wiki_minor_edit","",-41,1008,"TurboWarp",6922,NA,4044,0,114,"Gohoski","human",TRUE,FALSE
"W120","1008","TurboWarp","2023-01-22T14:13:00Z",2023,"wiki_minor_edit","Добавление статей в разделе ""См. Также""",48,1008,"TurboWarp",6988,NA,4092,0,120,"Idey programm","human",TRUE,FALSE
"W120","1008","TurboWarp","2023-04-10T15:07:24Z",2023,"wiki_minor_edit","",253,1008,"TurboWarp",8115,NA,4345,0,120,"Idey programm","human",TRUE,FALSE
"W120","1008","TurboWarp","2023-05-21T09:31:22Z",2023,"wiki_minor_edit","",100,1008,"TurboWarp",8365,NA,4445,0,120,"Idey programm","human",TRUE,FALSE
"W120","1008","TurboWarp","2023-07-20T12:00:03Z",2023,"wiki_minor_edit","Исправление неточностей",-20,1008,"TurboWarp",9040,NA,4425,0,120,"Idey programm","human",TRUE,FALSE
"W189","1008","TurboWarp","2023-10-12T14:43:23Z",2023,"wiki_minor_edit","кое-что изменил и добавил",148,1008,"TurboWarp",9447,NA,4573,0,189,"Scratch craft 2","human",TRUE,FALSE
"W217","1008","TurboWarp","2023-10-12T19:34:27Z",2023,"wiki_minor_edit","Отредактировал (и забыл что надо было не нажимать на карандаш '-')",1,1008,"TurboWarp",9449,NA,4574,0,217,"AGScratcherBest","human",TRUE,FALSE
"W217","1008","TurboWarp","2023-10-12T23:28:04Z",2023,"wiki_minor_edit","/* Ссылки */ Кое-что изменил в Placeholder TurboWarp",154,1008,"TurboWarp",9464,NA,4728,0,217,"AGScratcherBest","human",TRUE,FALSE
"W189","1008","TurboWarp","2023-10-16T09:07:39Z",2023,"wiki_minor_edit","",24,1008,"TurboWarp",9586,NA,4752,0,189,"Scratch craft 2","human",TRUE,FALSE
"W189","1008","TurboWarp","2023-10-16T15:31:46Z",2023,"wiki_minor_edit","",-1,1008,"TurboWarp",9607,NA,4751,0,189,"Scratch craft 2","human",TRUE,FALSE
"W269","1008","TurboWarp","2025-05-11T10:36:18Z",2025,"wiki_minor_edit","",72,1008,"TurboWarp",13269,NA,4823,0,269,"Tagir14012014","human",TRUE,FALSE
"W280","1008","TurboWarp","2025-05-27T16:35:25Z",2025,"wiki_minor_edit","",174,1008,"TurboWarp",13492,NA,4997,0,280,"Floppajump","human",TRUE,FALSE
"W280","1008","TurboWarp","2025-05-27T16:40:39Z",2025,"wiki_minor_edit","Изменил про интерполяцию",-35,1008,"TurboWarp",13493,NA,4962,0,280,"Floppajump","human",TRUE,FALSE
"W280","1008","TurboWarp","2025-05-27T20:54:49Z",2025,"wiki_minor_edit","/* Отключить компилятор */",51,1008,"TurboWarp",13501,NA,5013,0,280,"Floppajump","human",TRUE,FALSE
"W120","1010","Котоблок","2022-01-21T14:39:22Z",2022,"wiki_minor_edit","Idey programm переименовал страницу [[Котоблок]] в [[Создать страницу]]",67,1010,"Котоблок",5787,NA,67,0,120,"Idey programm","human",TRUE,FALSE
"W120","1010","Котоблок","2022-01-21T14:39:48Z",2022,"wiki_minor_edit","Удалено перенаправление на [[Создать страницу]]",1748,1010,"Котоблок",5788,NA,1815,0,120,"Idey programm","human",TRUE,FALSE
"W114","1010","Котоблок","2023-01-26T16:06:03Z",2023,"wiki_minor_edit","",-47,1010,"Котоблок",7052,NA,1768,0,114,"Gohoski","human",TRUE,FALSE
"W114","1010","Котоблок","2023-02-18T20:09:23Z",2023,"wiki_minor_edit","",-1,1010,"Котоблок",7566,NA,1767,0,114,"Gohoski","human",TRUE,FALSE
"W173","1010","Котоблок","2023-03-11T14:14:21Z",2023,"wiki_minor_edit","",3322,1010,"Котоблок",7851,NA,5089,0,173,"MicroRu","human",TRUE,FALSE
"W173","1010","Котоблок","2023-03-11T14:15:38Z",2023,"wiki_minor_edit","",-43,1010,"Котоблок",7852,NA,5046,0,173,"MicroRu","human",TRUE,FALSE
"W173","1010","Котоблок","2023-03-11T14:16:31Z",2023,"wiki_minor_edit","/* Смотрите также */",1,1010,"Котоблок",7853,NA,5047,0,173,"MicroRu","human",TRUE,FALSE
"W173","1010","Котоблок","2023-03-11T14:30:42Z",2023,"wiki_minor_edit","",-5,1010,"Котоблок",7854,NA,5042,0,173,"MicroRu","human",TRUE,FALSE
"W114","1010","Котоблок","2023-03-31T11:05:36Z",2023,"wiki_minor_edit","",39,1010,"Котоблок",8084,NA,5081,0,114,"Gohoski","human",TRUE,FALSE
"W114","1010","Котоблок","2023-06-16T17:33:54Z",2023,"wiki_minor_edit","/* Культура */",-96,1010,"Котоблок",8688,NA,4985,0,114,"Gohoski","human",TRUE,FALSE
"W217","1010","Котоблок","2023-12-24T20:11:01Z",2023,"wiki_minor_edit","/* Форма */ Несуществующий блок слишком красный",-4,1010,"Котоблок",10903,NA,4981,0,217,"AGScratcherBest","human",TRUE,FALSE
"W217","1010","Котоблок","2023-12-25T21:32:27Z",2023,"wiki_minor_edit","/* Внешние ссылки */ {{[[Шаблон:Мёртвая ссылка|мёртвая ссылка]]}}",93,1010,"Котоблок",10913,NA,5074,0,217,"AGScratcherBest","human",TRUE,FALSE
"W114","1010","Котоблок","2024-02-04T15:28:49Z",2024,"wiki_minor_edit","авто: новая категоризация",2,1010,"Котоблок",11326,NA,5076,0,114,"Gohoski","human",TRUE,FALSE
"W228","1010","Котоблок","2024-03-16T09:47:50Z",2024,"wiki_minor_edit","В разделе Форма не хватает оригинальных блоков, чтобы было как в английской Скретч Вики, но мне надо делать уроки.",44,1010,"Котоблок",11586,NA,5120,0,228,"BLACKCAT20144PLAYERS","human",TRUE,FALSE
"W217","1010","Котоблок","2024-03-17T18:50:47Z",2024,"wiki_minor_edit","/* Форма */",312,1010,"Котоблок",11590,NA,5432,0,217,"AGScratcherBest","human",TRUE,FALSE
"W217","1010","Котоблок","2024-03-17T18:57:30Z",2024,"wiki_minor_edit","/* Форма */ забыл добавить форму котоблока",5,1010,"Котоблок",11592,NA,5437,0,217,"AGScratcherBest","human",TRUE,FALSE
"W120","1013","Мои работы","2022-01-21T17:59:41Z",2022,"wiki_minor_edit","Новая страница: «Мои работы - место, где собраны все ваши работы (проекты) и студии. Здесь можно управлять п...»",4301,1013,"Мои работы",5797,NA,4301,0,120,"Idey programm","human",TRUE,FALSE
"W203","1013","Мои работы","2023-07-03T16:02:58Z",2023,"wiki_minor_edit","Небольшие правки неверной информации",25,1013,"Мои работы",8931,NA,4326,0,203,"Codeyro","human",TRUE,FALSE
"W114","1013","Мои работы","2023-07-03T19:29:09Z",2023,"wiki_minor_edit","переписал страницу согласно английской статье",4002,1013,"Мои работы",8934,NA,8328,0,114,"Gohoski","human",TRUE,FALSE
"W228","1013","Мои работы","2024-03-05T16:25:08Z",2024,"wiki_minor_edit","",-43,1013,"Мои работы",11529,NA,8285,0,228,"BLACKCAT20144PLAYERS","human",TRUE,FALSE
"W120","1023","Блок сенсоров/Клавиша () нажата","2022-02-19T16:35:17Z",2022,"wiki_minor_edit","Новая страница: «{{Карточка блока|scratchblocks=<scratchblocks>клавиша [ v] нажата?</scratchblocks>|категория=Сенсор|ссылка=Сенс...»",1888,1023,"Блок сенсоров/Клавиша () нажата",5809,NA,1888,0,120,"Idey programm","human",TRUE,FALSE
"W165","1023","Блок сенсоров/Клавиша () нажата","2022-11-04T22:11:46Z",2022,"wiki_minor_edit","",-149,1023,"Блок сенсоров/Клавиша () нажата",6111,NA,1739,0,165,"RunRun 5","human",TRUE,FALSE
"W165","1023","Блок сенсоров/Клавиша () нажата","2022-11-04T22:16:56Z",2022,"wiki_minor_edit","",139,1023,"Блок сенсоров/Клавиша () нажата",6112,NA,1878,0,165,"RunRun 5","human",TRUE,FALSE
"W165","1023","Блок сенсоров/Клавиша () нажата","2022-11-05T00:44:08Z",2022,"wiki_minor_edit","/* Пример 2 */",20,1023,"Блок сенсоров/Клавиша () нажата",6113,NA,1898,0,165,"RunRun 5","human",TRUE,FALSE
"W165","1023","Блок сенсоров/Клавиша () нажата","2022-11-05T00:45:01Z",2022,"wiki_minor_edit","",0,1023,"Блок сенсоров/Клавиша () нажата",6114,NA,1898,0,165,"RunRun 5","human",TRUE,FALSE
"W114","1023","Блок сенсоров/Клавиша () нажата","2023-02-03T17:53:33Z",2023,"wiki_minor_edit","Gohoski переименовал страницу [[Клавиша () нажата (блок)]] в [[Блок сенсоров/Клавиша () нажата]]",0,1023,"Блок сенсоров/Клавиша () нажата",7210,NA,1898,0,114,"Gohoski","human",TRUE,FALSE
"W120","1023","Блок сенсоров/Клавиша () нажата","2023-07-07T18:11:30Z",2023,"wiki_minor_edit","Интервики",143,1023,"Блок сенсоров/Клавиша () нажата",8949,NA,2041,0,120,"Idey programm","human",TRUE,FALSE
"W120","1024","Блок сенсоров/Мышь нажата?","2022-02-20T06:17:55Z",2022,"wiki_minor_edit","Новая страница: «{{Карточка блока|scratchblocks=<scratchblocks>мышь нажата?</scratchblocks>|категория=Сенсор|ссылка=Сенсор(кат...»",931,1024,"Блок сенсоров/Мышь нажата?",5810,NA,931,0,120,"Idey programm","human",TRUE,FALSE
"W114","1024","Блок сенсоров/Мышь нажата?","2022-12-23T11:43:36Z",2022,"wiki_minor_edit","Gohoski переименовал страницу [[Мышка нажата (блок)]] в [[Блок сенсоров/Мышь нажата? (блок)]]",0,1024,"Блок сенсоров/Мышь нажата?",6650,NA,931,0,114,"Gohoski","human",TRUE,FALSE
"W114","1024","Блок сенсоров/Мышь нажата?","2022-12-23T11:59:06Z",2022,"wiki_minor_edit","Gohoski переименовал страницу [[Блок сенсоров/Мышь нажата? (блок)]] в [[Блок сенсоров/Мышь нажата?]] без оставления перенаправления",0,1024,"Блок сенсоров/Мышь нажата?",6652,NA,931,0,114,"Gohoski","human",TRUE,FALSE
"W189","1024","Блок сенсоров/Мышь нажата?","2023-10-15T17:15:50Z",2023,"wiki_minor_edit","",192,1024,"Блок сенсоров/Мышь нажата?",9566,NA,1123,0,189,"Scratch craft 2","human",TRUE,FALSE
"W217","1024","Блок сенсоров/Мышь нажата?","2023-10-15T17:42:30Z",2023,"wiki_minor_edit","/* пример 2 */",26,1024,"Блок сенсоров/Мышь нажата?",9574,NA,1149,0,217,"AGScratcherBest","human",TRUE,FALSE
"W114","1025","Блок операторов/Буква () в ()","2022-03-01T19:51:17Z",2022,"wiki_minor_edit","Новая страница: «{{Незавершённая статья}}  {{Карточка блока|scratchblocks=<scratchblocks>буква () в ()</scratchblocks>|категория=О...»",3321,1025,"Блок операторов/Буква () в ()",5813,NA,3321,0,114,"Gohoski","human",TRUE,FALSE
"W120","1025","Блок операторов/Буква () в ()","2022-11-18T11:02:58Z",2022,"wiki_minor_edit","",34,1025,"Блок операторов/Буква () в ()",6340,NA,3355,0,120,"Idey programm","human",TRUE,FALSE
"W114","1025","Блок операторов/Буква () в ()","2022-11-19T11:10:12Z",2022,"wiki_minor_edit","Gohoski переименовал страницу [[Буква () в () (блок)]] в [[Блок операторов/Буква () в ()]]: Изменение системы статей про блоки",0,1025,"Блок операторов/Буква () в ()",6354,NA,3355,0,114,"Gohoski","human",TRUE,FALSE
"W120","1025","Блок операторов/Буква () в ()","2023-02-09T08:50:44Z",2023,"wiki_minor_edit","Исправление неточностей и удаление статьи из списка незавершённых",16,1025,"Блок операторов/Буква () в ()",7332,NA,3371,0,120,"Idey programm","human",TRUE,FALSE
"W120","1025","Блок операторов/Буква () в ()","2023-07-07T18:13:23Z",2023,"wiki_minor_edit","Интервики",115,1025,"Блок операторов/Буква () в ()",8950,NA,3486,0,120,"Idey programm","human",TRUE,FALSE
"W217","1025","Блок операторов/Буква () в ()","2023-11-14T22:13:49Z",2023,"wiki_minor_edit","",-11,1025,"Блок операторов/Буква () в ()",10406,NA,3475,0,217,"AGScratcherBest","human",TRUE,FALSE
"W120","1028","Война сообщениями","2022-03-20T10:06:30Z",2022,"wiki_minor_edit","Новая страница: «Скретч - сайт с дружелюбной атмосферой, но не все могут её соблюдать, ведь каждый может в...»",5176,1028,"Война сообщениями",5817,NA,5176,0,120,"Idey programm","human",TRUE,FALSE
"W114","1028","Война сообщениями","2022-11-12T17:11:11Z",2022,"wiki_minor_edit","/* Примеры */ [[Шаблон:Важно]]",-24,1028,"Война сообщениями",6277,NA,5152,0,114,"Gohoski","human",TRUE,FALSE
"W114","1028","Война сообщениями","2022-11-12T17:42:01Z",2022,"wiki_minor_edit","",-170,1028,"Война сообщениями",6279,NA,4982,0,114,"Gohoski","human",TRUE,FALSE
"W120","1028","Война сообщениями","2022-12-06T11:05:38Z",2022,"wiki_minor_edit","Добавление статей в разделе ""См. Также""",42,1028,"Война сообщениями",6475,NA,5024,0,120,"Idey programm","human",TRUE,FALSE
"W217","1028","Война сообщениями","2024-06-13T16:18:53Z",2024,"wiki_minor_edit","/* См. также */ проект пропал",-82,1028,"Война сообщениями",11847,NA,4942,0,217,"AGScratcherBest","human",TRUE,FALSE
"W114","1035","Как использовать API Скретча с помощью Node.js","2022-04-03T12:36:20Z",2022,"wiki_minor_edit","Новая страница: «{{Незавершённая статья}} {{Не для новичков}} На [[Scratch]] можно делать [[Боты|ботов]] с помощью р...»",7196,1035,"Как использовать API Скретча с помощью Node.js",5827,NA,7196,0,114,"Gohoski","human",TRUE,FALSE
"W114","1035","Как использовать API Скретча с помощью Node.js","2022-04-03T12:40:07Z",2022,"wiki_minor_edit","Забыл добавить категорию «Руководство»",46,1035,"Как использовать API Скретча с помощью Node.js",5828,NA,7242,0,114,"Gohoski","human",TRUE,FALSE
"W114","1035","Как использовать API Скретча с помощью Node.js","2022-04-03T17:22:22Z",2022,"wiki_minor_edit","",1850,1035,"Как использовать API Скретча с помощью Node.js",5831,NA,9092,0,114,"Gohoski","human",TRUE,FALSE
"W114","1035","Как использовать API Скретча с помощью Node.js","2022-04-07T14:08:46Z",2022,"wiki_minor_edit","",3186,1035,"Как использовать API Скретча с помощью Node.js",5832,NA,12278,0,114,"Gohoski","human",TRUE,FALSE
"W114","1035","Как использовать API Скретча с помощью Node.js","2022-06-06T06:27:20Z",2022,"wiki_minor_edit","",918,1035,"Как использовать API Скретча с помощью Node.js",5847,NA,13196,0,114,"Gohoski","human",TRUE,FALSE
"W114","1035","Как использовать API Скретча с помощью Node.js","2022-10-20T16:42:41Z",2022,"wiki_minor_edit","/* Как получить комментарии у профиля */ устаревшЫй",1,1035,"Как использовать API Скретча с помощью Node.js",5905,NA,13197,0,114,"Gohoski","human",TRUE,FALSE
"W114","1035","Как использовать API Скретча с помощью Node.js","2023-05-29T12:41:58Z",2023,"wiki_minor_edit","Gohoski переименовал страницу [[Создание ботов на Scratch (JavaScript)]] в [[Как использовать API Скретча с помощью Node.js]]",0,1035,"Как использовать API Скретча с помощью Node.js",8570,NA,13197,0,114,"Gohoski","human",TRUE,FALSE
"W114","1035","Как использовать API Скретча с помощью Node.js","2024-02-04T15:16:18Z",2024,"wiki_minor_edit","авто: новая категоризация",0,1035,"Как использовать API Скретча с помощью Node.js",11173,NA,13197,0,114,"Gohoski","human",TRUE,FALSE
"W114","1035","Как использовать API Скретча с помощью Node.js","2024-11-02T11:17:43Z",2024,"wiki_minor_edit","[[шаблон:правила вики]]",27,1035,"Как использовать API Скретча с помощью Node.js",12126,NA,13224,0,114,"Gohoski","human",TRUE,FALSE
"W148","1050","() или ()","2022-06-11T04:17:44Z",2022,"wiki_minor_edit","Новая страница: «Этот блок находится в ""операторах"". Он выполняет скрипт который идет после него, лишь с ус...»",298,1050,"() или ()",5853,NA,298,0,148,"Vadim ch-ch","human",TRUE,FALSE
"W114","1050","() или ()","2022-12-02T15:23:08Z",2022,"wiki_minor_edit","",44,1050,"() или ()",6434,NA,342,0,114,"Gohoski","human",TRUE,FALSE
"W120","1050","() или ()","2023-01-21T15:26:38Z",2023,"wiki_minor_edit","Добавление карточки блока и примеров использования",529,1050,"() или ()",6894,NA,871,0,120,"Idey programm","human",TRUE,FALSE
"W120","1050","() или ()","2023-01-21T15:28:49Z",2023,"wiki_minor_edit","Создание перенаправления",-823,1050,"() или ()",6895,NA,48,0,120,"Idey programm","human",TRUE,FALSE
"W120","1050","() или ()","2023-01-21T15:29:03Z",2023,"wiki_minor_edit","",-4,1050,"() или ()",6896,NA,44,0,120,"Idey programm","human",TRUE,FALSE
"W120","1050","() или ()","2023-01-21T15:29:42Z",2023,"wiki_minor_edit","",827,1050,"() или ()",6897,NA,871,0,120,"Idey programm","human",TRUE,FALSE
"W120","1050","() или ()","2023-01-21T15:32:06Z",2023,"wiki_minor_edit","",34,1050,"() или ()",6898,NA,905,0,120,"Idey programm","human",TRUE,FALSE
"W114","1050","() или ()","2023-02-09T18:34:22Z",2023,"wiki_minor_edit","Перенаправление на [[Блок операторов#and]]",-836,1050,"() или ()",7350,NA,69,0,114,"Gohoski","human",TRUE,FALSE
"W114","1050","() или ()","2023-02-09T18:35:00Z",2023,"wiki_minor_edit","Перенаправление изменено с [[Блок операторов#and]] на [[Блок операторов#or]]",-1,1050,"() или ()",7351,NA,68,0,114,"Gohoski","human",TRUE,FALSE
"W148","1054","Графический редактор","2022-06-11T04:41:41Z",2022,"wiki_minor_edit","Новая страница: «В редакторе спрайта мы можем перекрасить или изменить спрайт. Файл:Редактор.png|мини|Ред...»",693,1054,"Графический редактор",5857,NA,693,0,148,"Vadim ch-ch","human",TRUE,FALSE
"W165","1054","Графический редактор","2022-11-13T08:09:56Z",2022,"wiki_minor_edit","",45,1054,"Графический редактор",6285,NA,738,0,165,"RunRun 5","human",TRUE,FALSE
"W114","1054","Графический редактор","2022-11-13T08:11:01Z",2022,"wiki_minor_edit","Gohoski переименовал страницу [[Как рисовать в скретч 3.0]] в [[Графический редактор Скретч (для 3.0)]]: Более правильное название в моём мнении",0,1054,"Графический редактор",6286,NA,738,0,114,"Gohoski","human",TRUE,FALSE
"W165","1054","Графический редактор","2022-11-13T08:28:12Z",2022,"wiki_minor_edit","",53232,1054,"Графический редактор",6289,NA,53970,0,165,"RunRun 5","human",TRUE,FALSE
"W165","1054","Графический редактор","2022-11-13T08:45:28Z",2022,"wiki_minor_edit","",549,1054,"Графический редактор",6290,NA,54519,0,165,"RunRun 5","human",TRUE,FALSE
"W165","1054","Графический редактор","2022-11-13T09:56:21Z",2022,"wiki_minor_edit","/* Типы графики */",9,1054,"Графический редактор",6292,NA,54528,0,165,"RunRun 5","human",TRUE,FALSE
"W114","1054","Графический редактор","2022-11-13T16:45:37Z",2022,"wiki_minor_edit","/* Насыщенность */",29,1054,"Графический редактор",6305,NA,54557,0,114,"Gohoski","human",TRUE,FALSE
"W114","1054","Графический редактор","2022-11-13T16:50:10Z",2022,"wiki_minor_edit","/* История */ Маршировать. Вот что происходит, когда Вы используете Google Переводчик для статей",-56,1054,"Графический редактор",6306,NA,54501,0,114,"Gohoski","human",TRUE,FALSE
"W114","1054","Графический редактор","2022-12-03T12:39:48Z",2022,"wiki_minor_edit","",-218,1054,"Графический редактор",6456,NA,54283,0,114,"Gohoski","human",TRUE,FALSE
"W184","1054","Графический редактор","2023-02-08T09:33:26Z",2023,"wiki_minor_edit","/* Типы графики */ Добавлено изображение.",-16,1054,"Графический редактор",7260,NA,54267,0,184,"Alex Ilya","human",TRUE,FALSE
"W114","1054","Графический редактор","2023-02-10T16:46:23Z",2023,"wiki_minor_edit","Gohoski переименовал страницу [[Графический редактор Скретч (для 3.0)]] в [[Графический редактор]]",0,1054,"Графический редактор",7424,NA,54267,0,114,"Gohoski","human",TRUE,FALSE
"W114","1054","Графический редактор","2023-02-10T16:52:39Z",2023,"wiki_minor_edit","",150,1054,"Графический редактор",7432,NA,54417,0,114,"Gohoski","human",TRUE,FALSE
"W114","1054","Графический редактор","2023-02-10T18:55:17Z",2023,"wiki_minor_edit","",440,1054,"Графический редактор",7433,NA,54857,0,114,"Gohoski","human",TRUE,FALSE
"W114","1054","Графический редактор","2023-02-10T18:55:31Z",2023,"wiki_minor_edit","/* Примечания */",-2,1054,"Графический редактор",7434,NA,54855,0,114,"Gohoski","human",TRUE,FALSE
"W184","1054","Графический редактор","2023-03-18T18:53:24Z",2023,"wiki_minor_edit","/* Панель костюмов */  Изменено изображение панели костюмов.",15,1054,"Графический редактор",7955,NA,54870,0,184,"Alex Ilya","human",TRUE,FALSE
"W120","1054","Графический редактор","2023-07-18T10:42:49Z",2023,"wiki_minor_edit","/* Текстовый инструмент */",43,1054,"Графический редактор",9024,NA,54913,0,120,"Idey programm","human",TRUE,FALSE
"W120","1054","Графический редактор","2023-07-18T10:43:43Z",2023,"wiki_minor_edit","/* Текстовый инструмент */",43,1054,"Графический редактор",9025,NA,54956,0,120,"Idey programm","human",TRUE,FALSE
"W120","1054","Графический редактор","2023-07-18T11:34:51Z",2023,"wiki_minor_edit","Исправление неточностей и ошибок перевода, обновление изображений",-803,1054,"Графический редактор",9027,NA,54153,0,120,"Idey programm","human",TRUE,FALSE
"W217","1054","Графический редактор","2023-11-22T21:33:22Z",2023,"wiki_minor_edit","Исправление ошибок",15,1054,"Графический редактор",10540,NA,54168,0,217,"AGScratcherBest","human",TRUE,FALSE
"W217","1054","Графический редактор","2023-11-23T07:22:00Z",2023,"wiki_minor_edit","/* Код */",18,1054,"Графический редактор",10541,NA,54186,0,217,"AGScratcherBest","human",TRUE,FALSE
"W148","1056","Аватар","2022-07-07T09:01:45Z",2022,"wiki_minor_edit","Новая страница: «Аватар это картинка которая отоображается везде(кроме профиля) над ником.  == Появляется...»",1360,1056,"Аватар",5859,NA,1360,0,148,"Vadim ch-ch","human",TRUE,FALSE
"W154","1056","Аватар","2023-04-16T12:08:05Z",2023,"wiki_minor_edit","Ребрендинг + не тупик :)",25,1056,"Аватар",8147,NA,1385,0,154,"Stysan","human",TRUE,FALSE
"W148","1057","Статистика проекта","2022-07-08T03:55:03Z",2022,"wiki_minor_edit","Новая страница: «Статистика проекта это его: # Добавления в избранное # Лайки # Просмотры # Ремиксы. Также е...»",1216,1057,"Статистика проекта",5861,NA,1216,0,148,"Vadim ch-ch","human",TRUE,FALSE
"W148","1058","Блок события","2022-07-23T04:14:30Z",2022,"wiki_minor_edit","Новая страница: «Блоки Событий- это блоки из раздела события. Всего их 7. В этой статье мы рассмотрим кажды...»",1533,1058,"Блок события",5862,NA,1533,0,148,"Vadim ch-ch","human",TRUE,FALSE
"W154","1058","Блок события","2022-11-26T10:17:38Z",2022,"wiki_minor_edit","передать [v ] и ждать +до конца+",16,1058,"Блок события",6405,NA,1549,0,154,"Stysan","human",TRUE,FALSE
"W154","1058","Блок события","2022-11-26T12:14:37Z",2022,"wiki_minor_edit","Блоки событий, статья переписана на 99%, чтобы соответствовать стандартам статей про блоки.",3527,1058,"Блок события",6408,NA,5076,0,154,"Stysan","human",TRUE,FALSE
"W154","1058","Блок события","2022-11-26T12:15:21Z",2022,"wiki_minor_edit","/* Список блоков */",-480,1058,"Блок события",6409,NA,4596,0,154,"Stysan","human",TRUE,FALSE
"W154","1058","Блок события","2022-11-26T12:16:21Z",2022,"wiki_minor_edit","/* Список блоков */",412,1058,"Блок события",6410,NA,5008,0,154,"Stysan","human",TRUE,FALSE
"W154","1058","Блок события","2022-11-26T12:16:44Z",2022,"wiki_minor_edit","/* Список блоков */",-9,1058,"Блок события",6411,NA,4999,0,154,"Stysan","human",TRUE,FALSE
"W114","1058","Блок события","2022-11-26T13:53:55Z",2022,"wiki_minor_edit","Gohoski переименовал страницу [[Блоки Событий]] в [[Блок события]]",0,1058,"Блок события",6413,NA,4999,0,114,"Gohoski","human",TRUE,FALSE
"W114","1058","Блок события","2022-11-26T13:58:51Z",2022,"wiki_minor_edit","",-612,1058,"Блок события",6415,NA,4387,0,114,"Gohoski","human",TRUE,FALSE
"W114","1058","Блок события","2023-01-15T09:26:04Z",2023,"wiki_minor_edit","Якори",255,1058,"Блок события",6803,NA,4642,0,114,"Gohoski","human",TRUE,FALSE
"W181","1058","Блок события","2023-01-22T08:19:23Z",2023,"wiki_minor_edit","Добавлен шаблон Категории блоков",70,1058,"Блок события",6936,NA,4712,0,181,"Zuenko-michail","human",TRUE,FALSE
"W184","1058","Блок события","2023-02-25T09:59:02Z",2023,"wiki_minor_edit","Добавлены ссылки на блоки.",336,1058,"Блок события",7707,NA,5048,0,184,"Alex Ilya","human",TRUE,FALSE
"W189","1058","Блок события","2023-10-07T07:06:41Z",2023,"wiki_minor_edit","добавил новый раздел и новый блок",577,1058,"Блок события",9407,NA,5625,0,189,"Scratch craft 2","human",TRUE,FALSE
"W189","1058","Блок события","2023-10-07T07:14:31Z",2023,"wiki_minor_edit","/* устаревшие блоки */ добавил обходной путь",167,1058,"Блок события",9408,NA,5792,0,189,"Scratch craft 2","human",TRUE,FALSE
"W189","1058","Блок события","2023-10-07T07:15:22Z",2023,"wiki_minor_edit","ссылка",4,1058,"Блок события",9409,NA,5796,0,189,"Scratch craft 2","human",TRUE,FALSE
"W189","1058","Блок события","2023-10-08T17:42:30Z",2023,"wiki_minor_edit","добавил версии...",71,1058,"Блок события",9412,NA,5867,0,189,"Scratch craft 2","human",TRUE,FALSE
"W114","1058","Блок события","2024-02-04T15:28:35Z",2024,"wiki_minor_edit","авто: новая категоризация",2,1058,"Блок события",11321,NA,5869,0,114,"Gohoski","human",TRUE,FALSE
"W114","1070","Блок управления/Ждать () секунд","2022-09-10T12:17:30Z",2022,"wiki_minor_edit","Перевод страницы с Английской Scratch Вики.",5138,1070,"Блок управления/Ждать () секунд",5875,NA,5138,0,114,"Gohoski","human",TRUE,FALSE
"W120","1070","Блок управления/Ждать () секунд","2022-11-18T11:04:42Z",2022,"wiki_minor_edit","",36,1070,"Блок управления/Ждать () секунд",6341,NA,5174,0,120,"Idey programm","human",TRUE,FALSE
"W184","1070","Блок управления/Ждать () секунд","2023-02-09T09:48:07Z",2023,"wiki_minor_edit","Alex Ilya переименовал страницу [[Ждать () секунд (блок)]] в [[Блок управления/Ждать () секунд]]",0,1070,"Блок управления/Ждать () секунд",7339,NA,5174,0,184,"Alex Ilya","human",TRUE,FALSE
"W217","1070","Блок управления/Ждать () секунд","2023-11-14T20:19:40Z",2023,"wiki_minor_edit","Исправление ошибок",-64,1070,"Блок управления/Ждать () секунд",10398,NA,5110,0,217,"AGScratcherBest","human",TRUE,FALSE
"W114","1071","Скретч 0.1","2022-09-10T12:18:30Z",2022,"wiki_minor_edit","Перенаправление на [[Scratch 14Feb04]]",51,1071,"Скретч 0.1",5876,NA,51,0,114,"Gohoski","human",TRUE,FALSE
"W154","1071","Скретч 0.1","2023-08-30T16:50:09Z",2023,"wiki_minor_edit","Перенаправление изменено с [[Scratch 14Feb04]] на [[Скретч 14Feb04]]",5,1071,"Скретч 0.1",9309,NA,56,0,154,"Stysan","human",TRUE,FALSE
"W114","1073","14Feb04","2022-09-10T12:28:16Z",2022,"wiki_minor_edit","Перенаправление на [[Scratch 14Feb04]]",51,1073,"14Feb04",5880,NA,51,0,114,"Gohoski","human",TRUE,FALSE
"W154","1073","14Feb04","2023-08-30T16:50:08Z",2023,"wiki_minor_edit","Перенаправление изменено с [[Scratch 14Feb04]] на [[Скретч 14Feb04]]",5,1073,"14Feb04",9308,NA,56,0,154,"Stysan","human",TRUE,FALSE
"W114","1074","Scratch 0.1","2022-09-10T12:28:31Z",2022,"wiki_minor_edit","Перенаправление на [[Scratch 14Feb04]]",51,1074,"Scratch 0.1",5881,NA,51,0,114,"Gohoski","human",TRUE,FALSE
"W154","1074","Scratch 0.1","2023-08-30T16:50:08Z",2023,"wiki_minor_edit","Перенаправление изменено с [[Scratch 14Feb04]] на [[Скретч 14Feb04]]",5,1074,"Scratch 0.1",9307,NA,56,0,154,"Stysan","human",TRUE,FALSE
"W114","1078","Прыжок","2022-09-12T19:00:55Z",2022,"wiki_minor_edit","(Недоделанный) перевод с английской Scratch Вики.",5277,1078,"Прыжок",5887,NA,5277,0,114,"Gohoski","human",TRUE,FALSE
"W120","1078","Прыжок","2023-06-24T10:12:43Z",2023,"wiki_minor_edit","Перевод некоторых разделов с Английской Вики",3984,1078,"Прыжок",8813,NA,9261,0,120,"Idey programm","human",TRUE,FALSE
"W217","1078","Прыжок","2023-11-05T17:08:39Z",2023,"wiki_minor_edit","Исправление кода",-6,1078,"Прыжок",10198,NA,9255,0,217,"AGScratcherBest","human",TRUE,FALSE
"W114","1078","Прыжок","2024-02-04T15:16:50Z",2024,"wiki_minor_edit","авто: новая категоризация",0,1078,"Прыжок",11184,NA,9255,0,114,"Gohoski","human",TRUE,FALSE
"W114","1090","Scratch 3.0","2022-11-01T07:30:40Z",2022,"wiki_minor_edit","Перенаправление на [[Скретч 3.0]]",52,1090,"Scratch 3.0",5936,NA,52,0,114,"Gohoski","human",TRUE,FALSE
"W114","1091","Scratch 1.3","2022-11-01T08:05:20Z",2022,"wiki_minor_edit","Перенаправление на [[Скретч 1.3]]",52,1091,"Scratch 1.3",5937,NA,52,0,114,"Gohoski","human",TRUE,FALSE
"W163","1092","Блок управления/Повторить () раз","2022-11-01T08:33:36Z",2022,"wiki_minor_edit","Новая страница: «== Описание == <scratchblocks>повторить (10) раз</scratchblocks>  Один из 11 оранжевых блоков управления и о...»",513,1092,"Блок управления/Повторить () раз",5943,NA,513,0,163,"Misha11242","human",TRUE,FALSE
"W114","1092","Блок управления/Повторить () раз","2022-11-01T09:42:03Z",2022,"wiki_minor_edit","",44,1092,"Блок управления/Повторить () раз",5957,NA,557,0,114,"Gohoski","human",TRUE,FALSE
"W120","1092","Блок управления/Повторить () раз","2022-11-18T11:05:23Z",2022,"wiki_minor_edit","",37,1092,"Блок управления/Повторить () раз",6342,NA,594,0,120,"Idey programm","human",TRUE,FALSE
"W184","1092","Блок управления/Повторить () раз","2023-02-02T13:30:18Z",2023,"wiki_minor_edit","Добавлены примеры использования блока.",1941,1092,"Блок управления/Повторить () раз",7165,NA,2535,0,184,"Alex Ilya","human",TRUE,FALSE
"W114","1092","Блок управления/Повторить () раз","2023-02-02T15:33:03Z",2023,"wiki_minor_edit","Gohoski переименовал страницу [[Повторить () раз (блок)]] в [[Блок управления/Повторить () раз]]",0,1092,"Блок управления/Повторить () раз",7166,NA,2535,0,114,"Gohoski","human",TRUE,FALSE
"W120","1092","Блок управления/Повторить () раз","2023-07-07T18:24:28Z",2023,"wiki_minor_edit","Интервики",123,1092,"Блок управления/Повторить () раз",8954,NA,2658,0,120,"Idey programm","human",TRUE,FALSE
"W114","1094","Scratch Вики","2022-11-01T09:31:27Z",2022,"wiki_minor_edit","Перенаправление на [[Скретч Вики]]",57,1094,"Scratch Вики",5953,NA,57,0,114,"Gohoski","human",TRUE,FALSE
"W162","1115","Бесцельный материал","2022-11-03T12:01:13Z",2022,"wiki_minor_edit","Новая страница: «{Незавершённая статья} Бесцельные-проекты,спрайты и т.д которые не имеют смысла.https://scratc...»",593,1115,"Бесцельный материал",6033,NA,593,0,162,"Noobzemla","human",TRUE,FALSE
"W114","1115","Бесцельный материал","2022-11-03T12:07:10Z",2022,"wiki_minor_edit","",68,1115,"Бесцельный материал",6034,NA,661,0,114,"Gohoski","human",TRUE,FALSE
"W114","1115","Бесцельный материал","2022-11-03T12:08:23Z",2022,"wiki_minor_edit","Gohoski переименовал страницу [[Бесцельные]] в [[Бесцельный материал]]",0,1115,"Бесцельный материал",6036,NA,661,0,114,"Gohoski","human",TRUE,FALSE
"W162","1115","Бесцельный материал","2022-11-03T12:10:30Z",2022,"wiki_minor_edit","",-2,1115,"Бесцельный материал",6038,NA,659,0,162,"Noobzemla","human",TRUE,FALSE
"W162","1115","Бесцельный материал","2022-11-03T12:15:16Z",2022,"wiki_minor_edit","",2,1115,"Бесцельный материал",6039,NA,661,0,162,"Noobzemla","human",TRUE,FALSE
"W162","1115","Бесцельный материал","2022-11-03T12:25:08Z",2022,"wiki_minor_edit","",-8,1115,"Бесцельный материал",6041,NA,653,0,162,"Noobzemla","human",TRUE,FALSE
"W162","1115","Бесцельный материал","2022-11-03T15:47:54Z",2022,"wiki_minor_edit","",1,1115,"Бесцельный материал",6045,NA,654,0,162,"Noobzemla","human",TRUE,FALSE
"W120","1115","Бесцельный материал","2022-11-13T09:58:17Z",2022,"wiki_minor_edit","Исправление неточностей",36,1115,"Бесцельный материал",6293,NA,690,0,120,"Idey programm","human",TRUE,FALSE
"W120","1115","Бесцельный материал","2022-11-13T10:00:09Z",2022,"wiki_minor_edit","",58,1115,"Бесцельный материал",6294,NA,748,0,120,"Idey programm","human",TRUE,FALSE
"W120","1115","Бесцельный материал","2022-11-14T11:26:47Z",2022,"wiki_minor_edit","",477,1115,"Бесцельный материал",6308,NA,1225,0,120,"Idey programm","human",TRUE,FALSE
"W180","1115","Бесцельный материал","2022-12-31T16:59:13Z",2022,"wiki_minor_edit","",-47,1115,"Бесцельный материал",6707,NA,1178,0,180,"Veniamin6","human",TRUE,FALSE
"W120","1115","Бесцельный материал","2023-03-26T07:43:54Z",2023,"wiki_minor_edit","Удаление раздела См. Также (ссылки на проект и аккаунт)",-221,1115,"Бесцельный материал",8034,NA,957,0,120,"Idey programm","human",TRUE,FALSE
"W217","1115","Бесцельный материал","2023-11-26T17:06:16Z",2023,"wiki_minor_edit","",-15,1115,"Бесцельный материал",10558,NA,942,0,217,"AGScratcherBest","human",TRUE,FALSE
"W114","1116","Бесцельные","2022-11-03T12:08:23Z",2022,"wiki_minor_edit","Gohoski переименовал страницу [[Бесцельные]] в [[Бесцельный материал]]",73,1116,"Бесцельные",6037,NA,73,0,114,"Gohoski","human",TRUE,FALSE
"W114","1118","Команда Scratch","2022-11-03T16:36:25Z",2022,"wiki_minor_edit","Перенаправление на [[Команда Скретч]]",63,1118,"Команда Scratch",6047,NA,63,0,114,"Gohoski","human",TRUE,FALSE
"W163","1120","Ждать до () (блок)","2022-11-04T08:03:42Z",2022,"wiki_minor_edit","Новая страница: «== Описание ==  <scratchblocks> ждать (1) секунд </scratchblocks> Это блок ожидание. Замените число в овальн...»",698,1120,"Ждать до () (блок)",6053,NA,698,0,163,"Misha11242","human",TRUE,FALSE
"W120","1120","Ждать до () (блок)","2022-11-18T11:06:42Z",2022,"wiki_minor_edit","",37,1120,"Ждать до () (блок)",6343,NA,735,0,120,"Idey programm","human",TRUE,FALSE
"W114","1120","Ждать до () (блок)","2023-02-12T09:04:58Z",2023,"wiki_minor_edit","Перенаправление на [[Блок управления#waituntil]]",-660,1120,"Ждать до () (блок)",7474,NA,75,0,114,"Gohoski","human",TRUE,FALSE
"W163","1121","Блок операторов/() mod ()","2022-11-04T08:20:08Z",2022,"wiki_minor_edit","Новая страница: «== Описание == <scratchblocks> (остаток от деления () на ()) </scratchblocks> Один из блоков-операторов. Пише...»",1514,1121,"Блок операторов/() mod ()",6056,NA,1514,0,163,"Misha11242","human",TRUE,FALSE
"W163","1121","Блок операторов/() mod ()","2022-11-04T08:21:49Z",2022,"wiki_minor_edit","",158,1121,"Блок операторов/() mod ()",6059,NA,1672,0,163,"Misha11242","human",TRUE,FALSE
"W163","1121","Блок операторов/() mod ()","2022-11-04T08:22:14Z",2022,"wiki_minor_edit","/* Описание */",1,1121,"Блок операторов/() mod ()",6060,NA,1673,0,163,"Misha11242","human",TRUE,FALSE
"W163","1121","Блок операторов/() mod ()","2022-11-04T08:29:16Z",2022,"wiki_minor_edit","/* Использование */",-36,1121,"Блок операторов/() mod ()",6064,NA,1637,0,163,"Misha11242","human",TRUE,FALSE
"W165","1121","Блок операторов/() mod ()","2022-11-04T08:37:32Z",2022,"wiki_minor_edit","",464,1121,"Блок операторов/() mod ()",6066,NA,2101,0,165,"RunRun 5","human",TRUE,FALSE
"W114","1121","Блок операторов/() mod ()","2022-11-04T09:32:25Z",2022,"wiki_minor_edit","",-97,1121,"Блок операторов/() mod ()",6069,NA,2004,0,114,"Gohoski","human",TRUE,FALSE
"W114","1121","Блок операторов/() mod ()","2022-11-04T09:34:19Z",2022,"wiki_minor_edit","",-42,1121,"Блок операторов/() mod ()",6070,NA,1962,0,114,"Gohoski","human",TRUE,FALSE
"W165","1121","Блок операторов/() mod ()","2022-11-04T09:57:58Z",2022,"wiki_minor_edit","RunRun 5 переименовал страницу [[Остаток от деления () на () (блок)]] в [[() mod () (блок)]] без оставления перенаправления",0,1121,"Блок операторов/() mod ()",6073,NA,1962,0,165,"RunRun 5","human",TRUE,FALSE
"W114","1121","Блок операторов/() mod ()","2022-11-04T19:33:17Z",2022,"wiki_minor_edit","/* История */",-12,1121,"Блок операторов/() mod ()",6110,NA,1950,0,114,"Gohoski","human",TRUE,FALSE
"W114","1121","Блок операторов/() mod ()","2022-11-19T11:52:44Z",2022,"wiki_minor_edit","Gohoski переименовал страницу [[() mod () (блок)]] в [[Блок операторов/() mod ()]]: Изменение системы статей про блоки",0,1121,"Блок операторов/() mod ()",6365,NA,1950,0,114,"Gohoski","human",TRUE,FALSE
"W114","1121","Блок операторов/() mod ()","2022-12-22T10:46:08Z",2022,"wiki_minor_edit","/* История */",57,1121,"Блок операторов/() mod ()",6643,NA,2007,0,114,"Gohoski","human",TRUE,FALSE
"W184","1121","Блок операторов/() mod ()","2023-02-09T09:04:45Z",2023,"wiki_minor_edit","Добавлена карточка блока и определение.",-26,1121,"Блок операторов/() mod ()",7335,NA,1981,0,184,"Alex Ilya","human",TRUE,FALSE
"W217","1121","Блок операторов/() mod ()","2023-11-14T22:40:47Z",2023,"wiki_minor_edit","",10,1121,"Блок операторов/() mod ()",10409,NA,1991,0,217,"AGScratcherBest","human",TRUE,FALSE
"W163","1123","Блок операторов/Не ()","2022-11-04T09:03:02Z",2022,"wiki_minor_edit","Новая страница: «== Описание == <scratchblocks> <не <>> </scratchblocks> Ещё один блок-оператор. Если условие выдаёт true (правд...»",725,1123,"Блок операторов/Не ()",6068,NA,725,0,163,"Misha11242","human",TRUE,FALSE
"W114","1123","Блок операторов/Не ()","2022-11-19T11:04:50Z",2022,"wiki_minor_edit","",44,1123,"Блок операторов/Не ()",6351,NA,769,0,114,"Gohoski","human",TRUE,FALSE
"W114","1123","Блок операторов/Не ()","2022-11-19T11:05:51Z",2022,"wiki_minor_edit","Gohoski переименовал страницу [[Не (блок)]] в [[Блок операторов/() не ()]]: Изменение системы статей про блоки",0,1123,"Блок операторов/Не ()",6352,NA,769,0,114,"Gohoski","human",TRUE,FALSE
"W114","1123","Блок операторов/Не ()","2022-11-19T11:16:48Z",2022,"wiki_minor_edit","Gohoski переименовал страницу [[Блок операторов/() не ()]] в [[Блок операторов/Не ()]]: Ошибка вышла, простите!",0,1123,"Блок операторов/Не ()",6356,NA,769,0,114,"Gohoski","human",TRUE,FALSE
"W184","1123","Блок операторов/Не ()","2023-02-09T07:47:58Z",2023,"wiki_minor_edit","Добавлены примеры использования. Расширена информация о блоке.",1075,1123,"Блок операторов/Не ()",7326,NA,1844,0,184,"Alex Ilya","human",TRUE,FALSE
"W184","1123","Блок операторов/Не ()","2023-02-09T07:50:23Z",2023,"wiki_minor_edit","Исправлены строки.",10,1123,"Блок операторов/Не ()",7327,NA,1854,0,184,"Alex Ilya","human",TRUE,FALSE
"W217","1123","Блок операторов/Не ()","2023-11-14T22:06:59Z",2023,"wiki_minor_edit","",-53,1123,"Блок операторов/Не ()",10404,NA,1801,0,217,"AGScratcherBest","human",TRUE,FALSE
"W114","1125","Остаток от деления () на () (блок)","2022-11-04T09:59:20Z",2022,"wiki_minor_edit","Перенаправление на [[() mod () (блок)]]",56,1125,"Остаток от деления () на () (блок)",6074,NA,56,0,114,"Gohoski","human",TRUE,FALSE
"W114","1125","Остаток от деления () на () (блок)","2022-11-19T12:04:27Z",2022,"wiki_minor_edit","Перенаправление изменено с [[() mod () (блок)]] на [[Блок операторов#mod]]",13,1125,"Остаток от деления () на () (блок)",6370,NA,69,0,114,"Gohoski","human",TRUE,FALSE
"W165","1126","Больше (блок)","2022-11-04T09:59:26Z",2022,"wiki_minor_edit","RunRun 5 переименовал страницу [[Больше (блок)]] в [[() больше () (блок)]]: по тому, что.",65,1126,"Больше (блок)",6076,NA,65,0,165,"RunRun 5","human",TRUE,FALSE
"W154","1126","Больше (блок)","2023-08-30T16:45:20Z",2023,"wiki_minor_edit","Перенаправление изменено с [[() больше () (блок)]] на [[Блок операторов#greater]]",8,1126,"Больше (блок)",9304,NA,73,0,154,"Stysan","human",TRUE,FALSE
"W114","1128","Scratch 1.x","2022-11-04T12:06:20Z",2022,"wiki_minor_edit","Перенаправление на [[Скретч 1.x]]",52,1128,"Scratch 1.x",6084,NA,52,0,114,"Gohoski","human",TRUE,FALSE
"W114","1129","Скретч 14Feb04","2022-11-04T12:57:53Z",2022,"wiki_minor_edit","Новая страница: «{{Устаревшая функция}} {{Карточка версии Скретч | версия = Scratch 14Feb04 | изображение = Scratch_14Feb04.p...»",6111,1129,"Скретч 14Feb04",6085,NA,6111,0,114,"Gohoski","human",TRUE,FALSE
"W114","1129","Скретч 14Feb04","2022-11-04T13:15:42Z",2022,"wiki_minor_edit","Интервики",42,1129,"Скретч 14Feb04",6086,NA,6153,0,114,"Gohoski","human",TRUE,FALSE
"W114","1129","Скретч 14Feb04","2022-11-29T16:02:00Z",2022,"wiki_minor_edit","/* Функции */ Блок, а не блокИ",-14,1129,"Скретч 14Feb04",6419,NA,6139,0,114,"Gohoski","human",TRUE,FALSE
"W114","1129","Скретч 14Feb04","2022-11-30T18:54:00Z",2022,"wiki_minor_edit","ОЙ, это ещё и на среде вики было... Извиняюсь (Опечатка)",4,1129,"Скретч 14Feb04",6425,NA,6143,0,114,"Gohoski","human",TRUE,FALSE
"W114","1129","Скретч 14Feb04","2022-11-30T19:02:59Z",2022,"wiki_minor_edit","Защитил страницу [[Scratch 14Feb04]]: популярная страница: Вики Среда ([Редактирование=Allow Bots and Administrators] (истекает 19:02, 30 декабря 2022 (UTC)) [Переименование=Allow Bots and Administrators] (истекает 19:02, 30 декабря 2022 (UTC)))",0,1129,"Скретч 14Feb04",6430,NA,6143,0,114,"Gohoski","human",TRUE,FALSE
"W114","1129","Скретч 14Feb04","2022-12-21T08:45:34Z",2022,"wiki_minor_edit","Изменил уровень защиты [[Scratch 14Feb04]]: популярная страница: Вики Среда ([Редактирование=Разрешить ботам и администраторам] (истекает 00:00, 27 декабря 2022 (UTC)) [Переименование=Разрешить ботам и администраторам] (истекает 00:00, 27 декабря 2022 (UTC)))",0,1129,"Скретч 14Feb04",6613,NA,6143,0,114,"Gohoski","human",TRUE,FALSE
"W114","1129","Скретч 14Feb04","2022-12-21T10:37:37Z",2022,"wiki_minor_edit","Gohoski переименовал страницу [[Scratch 14Feb04]] в [[Скретч 14Feb04]]: Насколько я знаю, на этой вики в названиях страниц лучше использовать русское написание Скретч",0,1129,"Скретч 14Feb04",6614,NA,6143,0,114,"Gohoski","human",TRUE,FALSE
"W114","1129","Скретч 14Feb04","2022-12-23T13:21:29Z",2022,"wiki_minor_edit","/* Процедуры в Scratch 14Feb04 */",-29,1129,"Скретч 14Feb04",6654,NA,6114,0,114,"Gohoski","human",TRUE,FALSE
"W114","1129","Скретч 14Feb04","2023-01-25T18:14:35Z",2023,"wiki_minor_edit","[[Шаблон:Избранная статья]]",54,1129,"Скретч 14Feb04",7029,NA,6168,0,114,"Gohoski","human",TRUE,FALSE
"W114","1129","Скретч 14Feb04","2023-03-18T10:23:34Z",2023,"wiki_minor_edit","форматирование",62,1129,"Скретч 14Feb04",7928,NA,6230,0,114,"Gohoski","human",TRUE,FALSE
"W268","1129","Скретч 14Feb04","2025-02-01T16:48:49Z",2025,"wiki_minor_edit","",-36,1129,"Скретч 14Feb04",12173,NA,6194,0,268,"Winkryt","human",TRUE,FALSE
"W114","1131","() + () (блок)","2022-11-04T18:23:10Z",2022,"wiki_minor_edit","Gohoski переименовал страницу [[() + () (блок)]] в [[Блок операторов/() + () (блок)]]",84,1131,"() + () (блок)",6092,NA,84,0,114,"Gohoski","human",TRUE,FALSE
"W114","1131","() + () (блок)","2022-11-04T18:29:12Z",2022,"wiki_minor_edit","Перенаправление изменено с [[Блок операторов/() + () (блок)]] на [[Блок операторов#add]]",-15,1131,"() + () (блок)",6097,NA,69,0,114,"Gohoski","human",TRUE,FALSE
"W114","1132","Блок операторов","2022-11-04T18:27:52Z",2022,"wiki_minor_edit","Новая страница: «{{Незавершённая статья}}  '''Блок операторов''' — это блок, состоящий в категории «Оператор...»",1557,1132,"Блок операторов",6096,NA,1557,0,114,"Gohoski","human",TRUE,FALSE
"W114","1132","Блок операторов","2022-11-05T07:34:42Z",2022,"wiki_minor_edit","",1726,1132,"Блок операторов",6126,NA,3283,0,114,"Gohoski","human",TRUE,FALSE
"W114","1132","Блок операторов","2022-11-19T11:59:41Z",2022,"wiki_minor_edit","Доделал статью",3454,1132,"Блок операторов",6369,NA,6737,0,114,"Gohoski","human",TRUE,FALSE
"W114","1132","Блок операторов","2022-11-19T12:16:30Z",2022,"wiki_minor_edit","/* Список блоков */",106,1132,"Блок операторов",6373,NA,6843,0,114,"Gohoski","human",TRUE,FALSE
"W114","1132","Блок операторов","2022-12-03T11:17:09Z",2022,"wiki_minor_edit","/* Список блоков */ Исправленная ссылка на интервики для блока () от ()",13,1132,"Блок операторов",6451,NA,6856,0,114,"Gohoski","human",TRUE,FALSE
"W181","1132","Блок операторов","2023-01-22T08:21:30Z",2023,"wiki_minor_edit","Добавлен шаблон Категории блоков",74,1132,"Блок операторов",6938,NA,6930,0,181,"Zuenko-michail","human",TRUE,FALSE
"W114","1132","Блок операторов","2023-01-22T09:11:08Z",2023,"wiki_minor_edit","Интервики",126,1132,"Блок операторов",6946,NA,7056,0,114,"Gohoski","human",TRUE,FALSE
"W184","1132","Блок операторов","2023-02-09T08:20:35Z",2023,"wiki_minor_edit","Добавлена карточка блока ""Буква () в ()"".",378,1132,"Блок операторов",7329,NA,7434,0,184,"Alex Ilya","human",TRUE,FALSE
"W114","1132","Блок операторов","2023-02-09T18:44:57Z",2023,"wiki_minor_edit","",13,1132,"Блок операторов",7362,NA,7447,0,114,"Gohoski","human",TRUE,FALSE
"W114","1132","Блок операторов","2023-02-12T06:26:22Z",2023,"wiki_minor_edit","",-20,1132,"Блок операторов",7466,NA,7427,0,114,"Gohoski","human",TRUE,FALSE
"W114","1132","Блок операторов","2024-02-04T15:28:13Z",2024,"wiki_minor_edit","авто: новая категоризация",2,1132,"Блок операторов",11313,NA,7429,0,114,"Gohoski","human",TRUE,FALSE
"W114","1133","() / () (блок)","2022-11-04T18:29:39Z",2022,"wiki_minor_edit","Перенаправление на [[Блок операторов#divide]]",72,1133,"() / () (блок)",6098,NA,72,0,114,"Gohoski","human",TRUE,FALSE
"W114","1134","() * () (блок)","2022-11-04T18:30:09Z",2022,"wiki_minor_edit","Перенаправление на [[Блок операторов#multiply]]",74,1134,"() * () (блок)",6099,NA,74,0,114,"Gohoski","human",TRUE,FALSE
"W114","1135","() - () (блок)","2022-11-04T18:30:36Z",2022,"wiki_minor_edit","Перенаправление на [[Блок операторов#subtract]]",74,1135,"() - () (блок)",6100,NA,74,0,114,"Gohoski","human",TRUE,FALSE
"W114","1136","Блок операторов/() - () (блок)","2022-11-04T18:32:12Z",2022,"wiki_minor_edit","Gohoski переименовал страницу [[Блок операторов/() - () (блок)]] в [[Блок операторов/() - ()]]",73,1136,"Блок операторов/() - () (блок)",6102,NA,73,0,114,"Gohoski","human",TRUE,FALSE
"W114","1137","Блок операторов/() + () (блок)","2022-11-04T18:32:26Z",2022,"wiki_minor_edit","Gohoski переименовал страницу [[Блок операторов/() + () (блок)]] в [[Блок операторов/() + ()]]",73,1137,"Блок операторов/() + () (блок)",6104,NA,73,0,114,"Gohoski","human",TRUE,FALSE
"W114","1138","Блок операторов/() * () (блок)","2022-11-04T18:32:40Z",2022,"wiki_minor_edit","Gohoski переименовал страницу [[Блок операторов/() * () (блок)]] в [[Блок операторов/() * ()]]",73,1138,"Блок операторов/() * () (блок)",6106,NA,73,0,114,"Gohoski","human",TRUE,FALSE
"W114","1139","Блок операторов/() / () (блок)","2022-11-04T18:32:52Z",2022,"wiki_minor_edit","Gohoski переименовал страницу [[Блок операторов/() / () (блок)]] в [[Блок операторов/() / ()]]",73,1139,"Блок операторов/() / () (блок)",6108,NA,73,0,114,"Gohoski","human",TRUE,FALSE
"W114","1141","Выдать случайное от () до () (блок)","2022-11-05T07:13:12Z",2022,"wiki_minor_edit","Перенаправление на [[Блок операторов#random]]",72,1141,"Выдать случайное от () до () (блок)",6120,NA,72,0,114,"Gohoski","human",TRUE,FALSE
"W114","1142","() больше () (блок)","2022-11-05T07:24:31Z",2022,"wiki_minor_edit","Перенаправление на [[Блок операторов#greater]]",73,1142,"() больше () (блок)",6122,NA,73,0,114,"Gohoski","human",TRUE,FALSE
"W114","1143","Меньше (блок)","2022-11-05T07:29:25Z",2022,"wiki_minor_edit","Перенаправление на [[Блок операторов#less]]",70,1143,"Меньше (блок)",6125,NA,70,0,114,"Gohoski","human",TRUE,FALSE
"W114","1144","() = () (блок)","2022-11-05T07:35:11Z",2022,"wiki_minor_edit","Перенаправление на [[Блок операторов#equals]]",72,1144,"() = () (блок)",6128,NA,72,0,114,"Gohoski","human",TRUE,FALSE
"W120","1148","Игра","2022-11-06T11:47:35Z",2022,"wiki_minor_edit","Новая страница: «''Основная статья: [[Типы проектов]]''<br>  Игра - это самый часто встречаемый тип проектов на...»",783,1148,"Игра",6156,NA,783,0,120,"Idey programm","human",TRUE,FALSE
"W120","1148","Игра","2022-11-06T11:49:09Z",2022,"wiki_minor_edit","Idey programm переименовал страницу [[Игры]] в [[Игра]] без оставления перенаправления",0,1148,"Игра",6157,NA,783,0,120,"Idey programm","human",TRUE,FALSE
"W120","1148","Игра","2023-07-07T18:18:15Z",2023,"wiki_minor_edit","Исправление неточностей",31,1148,"Игра",8951,NA,814,0,120,"Idey programm","human",TRUE,FALSE
"W120","1148","Игра","2023-08-01T13:07:17Z",2023,"wiki_minor_edit","",37,1148,"Игра",9087,NA,851,0,120,"Idey programm","human",TRUE,FALSE
"W120","1149","New Scratchers (форум)","2022-11-06T12:05:55Z",2022,"wiki_minor_edit","Новая страница: «{{Незавершённая статья}}  [https://scratch.mit.edu/discuss/6/ Форум ""New Scratchers""] является форумом для Новый...»",521,1149,"New Scratchers (форум)",6162,NA,521,0,120,"Idey programm","human",TRUE,FALSE
"W180","1149","New Scratchers (форум)","2023-02-03T17:15:59Z",2023,"wiki_minor_edit","",3274,1149,"New Scratchers (форум)",7194,NA,3795,0,180,"Veniamin6","human",TRUE,FALSE
"W180","1149","New Scratchers (форум)","2023-02-03T17:18:04Z",2023,"wiki_minor_edit","корректировка",-163,1149,"New Scratchers (форум)",7196,NA,3632,0,180,"Veniamin6","human",TRUE,FALSE
"W120","1149","New Scratchers (форум)","2023-03-03T12:54:43Z",2023,"wiki_minor_edit","Категория:ФоруМ",-2,1149,"New Scratchers (форум)",7732,NA,3630,0,120,"Idey programm","human",TRUE,FALSE
"W180","1149","New Scratchers (форум)","2023-04-16T16:27:50Z",2023,"wiki_minor_edit","",678,1149,"New Scratchers (форум)",8149,NA,4308,0,180,"Veniamin6","human",TRUE,FALSE
"W180","1149","New Scratchers (форум)","2023-04-16T16:30:45Z",2023,"wiki_minor_edit","",-69,1149,"New Scratchers (форум)",8151,NA,4239,0,180,"Veniamin6","human",TRUE,FALSE
"W180","1149","New Scratchers (форум)","2023-04-16T16:39:30Z",2023,"wiki_minor_edit","дата",33,1149,"New Scratchers (форум)",8155,NA,4272,0,180,"Veniamin6","human",TRUE,FALSE
"W114","1149","New Scratchers (форум)","2024-02-04T15:21:06Z",2024,"wiki_minor_edit","авто: новая категоризация",2,1149,"New Scratchers (форум)",11253,NA,4274,0,114,"Gohoski","human",TRUE,FALSE
"W114","1150","Форум для новичков","2022-11-06T12:34:42Z",2022,"wiki_minor_edit","Перенаправление на [[New Scratchers (форум)]]",63,1150,"Форум для новичков",6164,NA,63,0,114,"Gohoski","human",TRUE,FALSE
"W114","1155","Новичку в Скретч Вики","2022-11-06T12:40:47Z",2022,"wiki_minor_edit","Перенаправление на [[Справка:Новичку в Скретч Вики]]",90,1155,"Новичку в Скретч Вики",6173,NA,90,0,114,"Gohoski","human",TRUE,FALSE
"W114","1157","Игры","2022-11-06T15:24:22Z",2022,"wiki_minor_edit","Перенаправление на [[Игра]]",44,1157,"Игры",6186,NA,44,0,114,"Gohoski","human",TRUE,FALSE
"W120","1162","Правила сообщества","2022-11-09T14:51:49Z",2022,"wiki_minor_edit","Новая страница: «На [[Скретч]] нужно оставаться добрым и отзывчивом. Это одно из [https://scratch.mit.edu/community_guidelines п...»",5202,1162,"Правила сообщества",6221,NA,5202,0,120,"Idey programm","human",TRUE,FALSE
"W114","1162","Правила сообщества","2022-11-12T17:37:28Z",2022,"wiki_minor_edit","",3398,1162,"Правила сообщества",6278,NA,8600,0,114,"Gohoski","human",TRUE,FALSE
"W114","1162","Правила сообщества","2023-01-26T16:23:50Z",2023,"wiki_minor_edit","",119,1162,"Правила сообщества",7056,NA,8719,0,114,"Gohoski","human",TRUE,FALSE
"W120","1163","Мут","2022-11-09T15:43:55Z",2022,"wiki_minor_edit","Новая страница: «Мут (от англ. mute - «без звука», «заглушить») - временное лишение права на публикацию коммен...»",2395,1163,"Мут",6222,NA,2395,0,120,"Idey programm","human",TRUE,FALSE
"W120","1163","Мут","2023-03-26T08:14:19Z",2023,"wiki_minor_edit","",25,1163,"Мут",8035,NA,2420,0,120,"Idey programm","human",TRUE,FALSE
"W120","1163","Мут","2023-03-26T08:14:55Z",2023,"wiki_minor_edit","",-1,1163,"Мут",8036,NA,2419,0,120,"Idey programm","human",TRUE,FALSE
"W120","1163","Мут","2023-05-28T11:13:49Z",2023,"wiki_minor_edit","",104,1163,"Мут",8530,NA,2523,0,120,"Idey programm","human",TRUE,FALSE
"W120","1163","Мут","2023-05-28T11:17:30Z",2023,"wiki_minor_edit","Исправление неточностей",20,1163,"Мут",8532,NA,2543,0,120,"Idey programm","human",TRUE,FALSE
"W242","1163","Мут","2025-04-27T13:59:05Z",2025,"wiki_minor_edit","Добавил что дает мут",137,1163,"Мут",12587,NA,2680,0,242,"Ghathe90mm-2","human",TRUE,FALSE
"W120","1164","Правила поведения","2022-11-09T15:47:08Z",2022,"wiki_minor_edit","Перенаправление на [[Правила сообщества]]",71,1164,"Правила поведения",6223,NA,71,0,120,"Idey programm","human",TRUE,FALSE
"W120","1165","Музыкальные проекты","2022-11-09T15:51:23Z",2022,"wiki_minor_edit","Новая страница: «{{Незавершённая статья}} В музыкальных проектах в основном можно прослушать один или нес...»",210,1165,"Музыкальные проекты",6224,NA,210,0,120,"Idey programm","human",TRUE,FALSE
"W120","1165","Музыкальные проекты","2023-06-01T05:40:40Z",2023,"wiki_minor_edit","Перевод некоторых разделов с Английской Вики",3804,1165,"Музыкальные проекты",8608,NA,4014,0,120,"Idey programm","human",TRUE,FALSE
"W120","1165","Музыкальные проекты","2023-06-01T05:41:02Z",2023,"wiki_minor_edit","",4,1165,"Музыкальные проекты",8609,NA,4018,0,120,"Idey programm","human",TRUE,FALSE
"W120","1165","Музыкальные проекты","2023-06-20T16:27:28Z",2023,"wiki_minor_edit","Перевод некоторых разделов с Английской Вики",656,1165,"Музыкальные проекты",8783,NA,4674,0,120,"Idey programm","human",TRUE,FALSE
"W120","1165","Музыкальные проекты","2023-06-20T17:58:32Z",2023,"wiki_minor_edit","Статья завершена",-44,1165,"Музыкальные проекты",8787,NA,4630,0,120,"Idey programm","human",TRUE,FALSE
"W120","1166","Блок музыки","2022-11-09T15:52:13Z",2022,"wiki_minor_edit","Перенаправление на [[Музыкальные проекты]]",73,1166,"Блок музыки",6225,NA,73,0,120,"Idey programm","human",TRUE,FALSE
"W181","1166","Блок музыки","2023-01-21T16:19:04Z",2023,"wiki_minor_edit","Удалено перенаправление на [[Музыкальные проекты]]",2975,1166,"Блок музыки",6906,NA,3048,0,181,"Zuenko-michail","human",TRUE,FALSE
"W114","1166","Блок музыки","2023-01-21T16:21:23Z",2023,"wiki_minor_edit","Gohoski переименовал страницу [[Музыка]] в [[Блок музыки]]: Здесь приняты названия этой формы",0,1166,"Блок музыки",6908,NA,3048,0,114,"Gohoski","human",TRUE,FALSE
"W114","1166","Блок музыки","2023-01-21T18:38:32Z",2023,"wiki_minor_edit","[[Шаблон:Ячейка блока]]",1518,1166,"Блок музыки",6915,NA,4566,0,114,"Gohoski","human",TRUE,FALSE
"W181","1166","Блок музыки","2023-01-22T11:39:02Z",2023,"wiki_minor_edit","Добавлен шаблон Категории расширений",76,1166,"Блок музыки",6970,NA,4642,0,181,"Zuenko-michail","human",TRUE,FALSE
"W181","1166","Блок музыки","2023-01-29T09:36:46Z",2023,"wiki_minor_edit","Zuenko-michail переименовал страницу [[Блок музыки]] в [[Музыка (расширение)]]: Это страница о расширении. Даже на английской вики статья называется Music Extension, но название ""Музыкальное расширение"" будет неверным.",0,1166,"Блок музыки",7081,NA,4642,0,181,"Zuenko-michail","human",TRUE,FALSE
"W114","1166","Блок музыки","2023-01-29T09:49:55Z",2023,"wiki_minor_edit","Откат правок [[Special:Contributions/Zuenko-michail|Zuenko-michail]] ([[User talk:Zuenko-michail|обсуждение]]) к версии [[User:Gohoski|Gohoski]]",-76,1166,"Блок музыки",7086,NA,4566,0,114,"Gohoski","human",TRUE,FALSE
"W114","1166","Блок музыки","2023-01-29T09:50:19Z",2023,"wiki_minor_edit","",76,1166,"Блок музыки",7087,NA,4642,0,114,"Gohoski","human",TRUE,FALSE
"W114","1166","Блок музыки","2023-01-29T09:51:18Z",2023,"wiki_minor_edit","Gohoski переименовал страницу [[Музыка (расширение)]] в [[Блок музыки]] поверх перенаправления: Страницы о блоках принято называть так",0,1166,"Блок музыки",7088,NA,4642,0,114,"Gohoski","human",TRUE,FALSE
"W181","1166","Блок музыки","2023-01-29T10:08:50Z",2023,"wiki_minor_edit","Добавлена категория ""Расширения Скретч 3.0""",61,1166,"Блок музыки",7095,NA,4703,0,181,"Zuenko-michail","human",TRUE,FALSE
"W114","1166","Блок музыки","2024-02-04T15:23:39Z",2024,"wiki_minor_edit","авто: новая категоризация",0,1166,"Блок музыки",11301,NA,4703,0,114,"Gohoski","human",TRUE,FALSE
"W114","1166","Блок музыки","2024-02-04T15:28:10Z",2024,"wiki_minor_edit","авто: новая категоризация",2,1166,"Блок музыки",11312,NA,4705,0,114,"Gohoski","human",TRUE,FALSE
"W269","1166","Блок музыки","2025-05-10T15:46:44Z",2025,"wiki_minor_edit","",38,1166,"Блок музыки",13235,NA,4743,0,269,"Tagir14012014","human",TRUE,FALSE
"W269","1166","Блок музыки","2025-05-10T19:17:39Z",2025,"wiki_minor_edit","",59,1166,"Блок музыки",13246,NA,4802,0,269,"Tagir14012014","human",TRUE,FALSE
"W269","1166","Блок музыки","2025-05-11T07:20:57Z",2025,"wiki_minor_edit","",2,1166,"Блок музыки",13249,NA,4804,0,269,"Tagir14012014","human",TRUE,FALSE
"W120","1167","Рисунок","2022-11-09T15:53:46Z",2022,"wiki_minor_edit","Новая страница: «''Основная статья: [[Типы проектов]]''<br>  Рисунок - в таких проектах можно встретить один сп...»",471,1167,"Рисунок",6226,NA,471,0,120,"Idey programm","human",TRUE,FALSE
"W114","1168","Правила Сообщества","2022-11-09T17:11:28Z",2022,"wiki_minor_edit","Перенаправление на [[Правила сообщества]]",71,1168,"Правила Сообщества",6231,NA,71,0,114,"Gohoski","human",TRUE,FALSE
"W114","1172","Блоки операторов","2022-11-11T10:44:16Z",2022,"wiki_minor_edit","Перенаправление на [[Блок операторов]]",65,1172,"Блоки операторов",6247,NA,65,0,114,"Gohoski","human",TRUE,FALSE
"W120","1177","Анимация спрайта","2022-11-11T11:42:08Z",2022,"wiki_minor_edit","Новая страница: «{{Незавершённая статья}} ''Основная статья: [[Анимация]]'' === 3D анимация === Это особый вид Stop Mo...»",2245,1177,"Анимация спрайта",6252,NA,2245,0,120,"Idey programm","human",TRUE,FALSE
"W114","1177","Анимация спрайта","2022-11-11T12:53:50Z",2022,"wiki_minor_edit","Т. к. ориг. статья является просто частичной копией со статьи [[Анимация]], я сделал перенаправление на неё",-2184,1177,"Анимация спрайта",6260,NA,61,0,114,"Gohoski","human",TRUE,FALSE
"W120","1178","Scratch Team","2022-11-11T11:45:52Z",2022,"wiki_minor_edit","Перенаправление на [[Команда Скретч]]",63,1178,"Scratch Team",6253,NA,63,0,120,"Idey programm","human",TRUE,FALSE
"W163","1179","Другие блоки","2022-11-11T11:53:44Z",2022,"wiki_minor_edit","Новая страница: «== другие блоки ==  <scratchblocks> определить функция (=) <?>  </scratchblocks>  Блок программы скретч. Сдела...»",3314,1179,"Другие блоки",6254,NA,3314,0,163,"Misha11242","human",TRUE,FALSE
"W114","1179","Другие блоки","2022-11-11T12:49:26Z",2022,"wiki_minor_edit","Gohoski переименовал страницу [[Дополнительный блок]] в [[Мой блок]]: Более правильное название",0,1179,"Другие блоки",6258,NA,3314,0,114,"Gohoski","human",TRUE,FALSE
"W181","1179","Другие блоки","2023-01-21T13:52:16Z",2023,"wiki_minor_edit","",6543,1179,"Другие блоки",6883,NA,9857,0,181,"Zuenko-michail","human",TRUE,FALSE
"W181","1179","Другие блоки","2023-01-21T13:53:35Z",2023,"wiki_minor_edit","Zuenko-michail переименовал страницу [[Мой блок]] в [[Другие блоки]]: Сейчас категория называется ""Другие блоки"".",0,1179,"Другие блоки",6884,NA,9857,0,181,"Zuenko-michail","human",TRUE,FALSE
"W181","1179","Другие блоки","2023-01-22T08:25:18Z",2023,"wiki_minor_edit","Добавлен шаблон Категории блоков",79,1179,"Другие блоки",6941,NA,9936,0,181,"Zuenko-michail","human",TRUE,FALSE
"W173","1179","Другие блоки","2023-08-08T13:46:12Z",2023,"wiki_minor_edit","",-2,1179,"Другие блоки",9096,NA,9934,0,173,"MicroRu","human",TRUE,FALSE
"W173","1179","Другие блоки","2023-08-08T13:49:47Z",2023,"wiki_minor_edit","/* Запуск скриптов без обновления экрана */",-17,1179,"Другие блоки",9098,NA,9917,0,173,"MicroRu","human",TRUE,FALSE
"W114","1179","Другие блоки","2024-02-04T15:28:43Z",2024,"wiki_minor_edit","авто: новая категоризация",2,1179,"Другие блоки",11324,NA,9919,0,114,"Gohoski","human",TRUE,FALSE
"W234","1179","Другие блоки","2024-02-29T14:25:22Z",2024,"wiki_minor_edit","Добавила начало к блоку ""Определить Говорить Текст Ждать Секунд Скорость текста""",520,1179,"Другие блоки",11490,NA,10439,0,234,"EIizabet-2015","human",TRUE,FALSE
"W217","1179","Другие блоки","2024-02-29T14:34:34Z",2024,"wiki_minor_edit","Вроде этот текст не нужен, также первое лицо в статьях запрещено",-520,1179,"Другие блоки",11492,NA,9919,0,217,"AGScratcherBest","human",TRUE,FALSE
"W114","1182","Дополнительный блок","2022-11-11T12:49:26Z",2022,"wiki_minor_edit","Gohoski переименовал страницу [[Дополнительный блок]] в [[Мой блок]]: Более правильное название",51,1182,"Дополнительный блок",6259,NA,51,0,114,"Gohoski","human",TRUE,FALSE
"W114","1182","Дополнительный блок","2023-01-21T14:06:17Z",2023,"wiki_minor_edit","Исправление двойного перенаправления",8,1182,"Дополнительный блок",6889,NA,59,0,114,"Gohoski","human",TRUE,FALSE
"W114","1183","API Скретч","2022-11-11T12:57:35Z",2022,"wiki_minor_edit","Перенаправление на [[Скретч API]]",52,1183,"API Скретч",6261,NA,52,0,114,"Gohoski","human",TRUE,FALSE
"W114","1185","Страница пользователя","2022-11-12T13:44:59Z",2022,"wiki_minor_edit","Перенаправление на [[Пользователь]]",60,1185,"Страница пользователя",6270,NA,60,0,114,"Gohoski","human",TRUE,FALSE
"W114","1186","Русская Скретч Вики","2022-11-12T15:11:27Z",2022,"wiki_minor_edit","Перенаправление на [[Скретч Вики#Русская Вики]]",81,1186,"Русская Скретч Вики",6273,NA,81,0,114,"Gohoski","human",TRUE,FALSE
"W114","1186","Русская Скретч Вики","2023-01-29T19:15:17Z",2023,"wiki_minor_edit","Перенаправление изменено с [[Скретч Вики#Русская Вики]] на [[Скретч Вики#Русская вики]]",0,1186,"Русская Скретч Вики",7124,NA,81,0,114,"Gohoski","human",TRUE,FALSE
"W120","1188","Языковые форумы","2022-11-12T18:21:06Z",2022,"wiki_minor_edit","Новая страница: «Для групп [[Скретчер | Скретчеров]] из крупных стран существуют свои '''''языковые форумы'''''...»",1021,1188,"Языковые форумы",6280,NA,1021,0,120,"Idey programm","human",TRUE,FALSE
"W114","1188","Языковые форумы","2022-11-12T19:14:41Z",2022,"wiki_minor_edit","",1142,1188,"Языковые форумы",6281,NA,2163,0,114,"Gohoski","human",TRUE,FALSE
"W114","1188","Языковые форумы","2022-11-13T07:16:46Z",2022,"wiki_minor_edit","/* Список */ Форум «Africa» создан не для одного языка, а для всех африканских языков.",0,1188,"Языковые форумы",6282,NA,2163,0,114,"Gohoski","human",TRUE,FALSE
"W114","1188","Языковые форумы","2022-11-17T11:37:53Z",2022,"wiki_minor_edit","Интервики",115,1188,"Языковые форумы",6335,NA,2278,0,114,"Gohoski","human",TRUE,FALSE
"W217","1188","Языковые форумы","2023-11-18T17:57:44Z",2023,"wiki_minor_edit","[[Категория:Форум]]",34,1188,"Языковые форумы",10488,NA,2312,0,217,"AGScratcherBest","human",TRUE,FALSE
"W114","1188","Языковые форумы","2024-02-04T15:21:55Z",2024,"wiki_minor_edit","авто: новая категоризация",2,1188,"Языковые форумы",11268,NA,2314,0,114,"Gohoski","human",TRUE,FALSE
"W114","1189","Scratch API","2022-11-13T07:36:05Z",2022,"wiki_minor_edit","Перенаправление на [[Скретч API]]",52,1189,"Scratch API",6283,NA,52,0,114,"Gohoski","human",TRUE,FALSE
"W114","1190","Как рисовать в скретч 3.0","2022-11-13T08:11:01Z",2022,"wiki_minor_edit","Gohoski переименовал страницу [[Как рисовать в скретч 3.0]] в [[Графический редактор Скретч (для 3.0)]]: Более правильное название в моём мнении",101,1190,"Как рисовать в скретч 3.0",6287,NA,101,0,114,"Gohoski","human",TRUE,FALSE
"W114","1194","Scratch 2.0","2022-11-13T15:18:34Z",2022,"wiki_minor_edit","Перенаправление на [[Скретч 2.0]]",52,1194,"Scratch 2.0",6304,NA,52,0,114,"Gohoski","human",TRUE,FALSE
"W120","1195","Проекты-ходилки","2022-11-14T11:40:10Z",2022,"wiki_minor_edit","Создание страницы ""Проекты-ходилки""",1055,1195,"Проекты-ходилки",6309,NA,1055,0,120,"Idey programm","human",TRUE,FALSE
"W120","1195","Проекты-ходилки","2023-07-10T11:45:20Z",2023,"wiki_minor_edit","Дополнил статью",988,1195,"Проекты-ходилки",8962,NA,2043,0,120,"Idey programm","human",TRUE,FALSE
"W217","1195","Проекты-ходилки","2023-09-13T10:11:02Z",2023,"wiki_minor_edit","Исправлена опечатка ""парвило""",0,1195,"Проекты-ходилки",9331,NA,2043,0,217,"AGScratcherBest","human",TRUE,FALSE
"W114","1196","Scratch Wiki:Become a contributor","2022-11-15T12:02:45Z",2022,"wiki_minor_edit","Перенаправление на [[Скретч Вики:Стать участником]]",89,1196,"Scratch Wiki:Become a contributor",6311,NA,89,0,114,"Gohoski","human",TRUE,FALSE
"W120","1197","Боты","2022-11-15T14:29:49Z",2022,"wiki_minor_edit","Новая страница: «{{Незавершённая статья}} Бот - ''преимущ.'' программа, написанная на каком-либо языке для оп...»",1514,1197,"Боты",6315,NA,1514,0,120,"Idey programm","human",TRUE,FALSE
"W120","1197","Боты","2023-04-10T15:19:52Z",2023,"wiki_minor_edit","Добавление типов",541,1197,"Боты",8116,NA,2055,0,120,"Idey programm","human",TRUE,FALSE
"W120","1198","Имя пользователя (значения)","2022-11-15T14:46:03Z",2022,"wiki_minor_edit","Новая страница: «{{Незавершённая статья}} {{Неоднозначность}} Имя пользователя<ref>Слова: Никнейм (от греч. nɪk...»",1094,1198,"Имя пользователя (значения)",6316,NA,1094,0,120,"Idey programm","human",TRUE,FALSE
"W114","1198","Имя пользователя (значения)","2022-12-15T10:35:06Z",2022,"wiki_minor_edit","",-956,1198,"Имя пользователя (значения)",6544,NA,138,0,114,"Gohoski","human",TRUE,FALSE
"W114","1198","Имя пользователя (значения)","2023-06-30T12:10:58Z",2023,"wiki_minor_edit","Gohoski переименовал страницу [[Имя пользователя]] в [[Имя пользователя (значения)]]",0,1198,"Имя пользователя (значения)",8856,NA,138,0,114,"Gohoski","human",TRUE,FALSE
"W114","1202","Scratch Wiki","2022-11-17T11:34:29Z",2022,"wiki_minor_edit","Перенаправление на [[Скретч Вики]]",57,1202,"Scratch Wiki",6333,NA,57,0,114,"Gohoski","human",TRUE,FALSE
"W114","1203","Scratch Around the World","2022-11-17T11:34:53Z",2022,"wiki_minor_edit","Перенаправление на [[Языковые форумы]]",65,1203,"Scratch Around the World",6334,NA,65,0,114,"Gohoski","human",TRUE,FALSE
"W120","1204","Other Languages (форум)","2022-11-18T09:43:08Z",2022,"wiki_minor_edit","Перенаправление на [[Языковые форумы]]",65,1204,"Other Languages (форум)",6336,NA,65,0,120,"Idey programm","human",TRUE,FALSE
"W120","1205","Translating Scratch (форум)","2022-11-18T09:45:38Z",2022,"wiki_minor_edit","Перенаправление на [[Языковые форумы]]",65,1205,"Translating Scratch (форум)",6337,NA,65,0,120,"Idey programm","human",TRUE,FALSE
"W114","1205","Translating Scratch (форум)","2022-11-19T12:23:48Z",2022,"wiki_minor_edit","Перенаправление на якорь",46,1205,"Translating Scratch (форум)",6375,NA,111,0,114,"Gohoski","human",TRUE,FALSE
"W120","1206","Список форумов","2022-11-18T10:53:46Z",2022,"wiki_minor_edit","Новая страница: «''В этой статье перечислены все основные форумы Скретч и ссылки на '''статьи в Скретч Вики'...»",1735,1206,"Список форумов",6338,NA,1735,0,120,"Idey programm","human",TRUE,FALSE
"W180","1206","Список форумов","2023-01-21T19:38:01Z",2023,"wiki_minor_edit","",-2,1206,"Список форумов",6919,NA,1733,0,180,"Veniamin6","human",TRUE,FALSE
"W180","1206","Список форумов","2023-01-21T19:38:41Z",2023,"wiki_minor_edit","",2,1206,"Список форумов",6920,NA,1735,0,180,"Veniamin6","human",TRUE,FALSE
"W180","1206","Список форумов","2023-02-03T16:50:08Z",2023,"wiki_minor_edit","Veniamin6 переименовал страницу [[Полный список форумов Скретч]] в [[Список форумов]]: это название легче найти в поиске",0,1206,"Список форумов",7187,NA,1735,0,180,"Veniamin6","human",TRUE,FALSE
"W180","1206","Список форумов","2023-02-03T17:06:39Z",2023,"wiki_minor_edit","перевёл заголовки на русский",-41,1206,"Список форумов",7192,NA,1694,0,180,"Veniamin6","human",TRUE,FALSE
"W180","1206","Список форумов","2023-02-04T06:17:23Z",2023,"wiki_minor_edit","исправление",-5,1206,"Список форумов",7218,NA,1689,0,180,"Veniamin6","human",TRUE,FALSE
"W180","1206","Список форумов","2023-03-14T16:58:33Z",2023,"wiki_minor_edit","",134,1206,"Список форумов",7894,NA,1823,0,180,"Veniamin6","human",TRUE,FALSE
"W180","1206","Список форумов","2023-03-14T16:58:55Z",2023,"wiki_minor_edit","",2,1206,"Список форумов",7895,NA,1825,0,180,"Veniamin6","human",TRUE,FALSE
"W180","1206","Список форумов","2023-03-17T15:07:59Z",2023,"wiki_minor_edit","",1495,1206,"Список форумов",7912,NA,3320,0,180,"Veniamin6","human",TRUE,FALSE
"W180","1206","Список форумов","2023-03-17T15:17:29Z",2023,"wiki_minor_edit","",3401,1206,"Список форумов",7915,NA,6721,0,180,"Veniamin6","human",TRUE,FALSE
"W114","1207","Операторы (категория)","2022-11-18T17:27:27Z",2022,"wiki_minor_edit","Перенаправление на [[Блок операторов]]",65,1207,"Операторы (категория)",6346,NA,65,0,114,"Gohoski","human",TRUE,FALSE
"W114","1208","() и () (блок)","2022-11-19T11:03:47Z",2022,"wiki_minor_edit","Gohoski переименовал страницу [[() и () (блок)]] в [[Блок операторов/() и ()]]: Изменение системы статей про блоки",74,1208,"() и () (блок)",6350,NA,74,0,114,"Gohoski","human",TRUE,FALSE
"W114","1208","() и () (блок)","2023-02-09T18:33:22Z",2023,"wiki_minor_edit","Перенаправление изменено с [[Блок операторов/() и ()]] на [[Блок операторов#and]]",-5,1208,"() и () (блок)",7349,NA,69,0,114,"Gohoski","human",TRUE,FALSE
"W114","1209","Не (блок)","2022-11-19T11:05:51Z",2022,"wiki_minor_edit","Gohoski переименовал страницу [[Не (блок)]] в [[Блок операторов/() не ()]]: Изменение системы статей про блоки",76,1209,"Не (блок)",6353,NA,76,0,114,"Gohoski","human",TRUE,FALSE
"W114","1209","Не (блок)","2023-02-09T18:35:51Z",2023,"wiki_minor_edit","Перенаправление изменено с [[Блок операторов/() не ()]] на [[Блок операторов#not]]",-7,1209,"Не (блок)",7353,NA,69,0,114,"Gohoski","human",TRUE,FALSE
"W114","1210","Буква () в () (блок)","2022-11-19T11:10:12Z",2022,"wiki_minor_edit","Gohoski переименовал страницу [[Буква () в () (блок)]] в [[Блок операторов/Буква () в ()]]: Изменение системы статей про блоки",85,1210,"Буква () в () (блок)",6355,NA,85,0,114,"Gohoski","human",TRUE,FALSE
"W114","1210","Буква () в () (блок)","2023-02-09T18:37:25Z",2023,"wiki_minor_edit","Перенаправление изменено с [[Блок операторов/Буква () в ()]] на [[Блок операторов#letter]]",-13,1210,"Буква () в () (блок)",7356,NA,72,0,114,"Gohoski","human",TRUE,FALSE
"W114","1211","Блок операторов/() не ()","2022-11-19T11:16:48Z",2022,"wiki_minor_edit","Gohoski переименовал страницу [[Блок операторов/() не ()]] в [[Блок операторов/Не ()]]: Ошибка вышла, простите!",73,1211,"Блок операторов/() не ()",6357,NA,73,0,114,"Gohoski","human",TRUE,FALSE
"W114","1212","Оперирующий Блок","2022-11-19T11:44:34Z",2022,"wiki_minor_edit","Перенаправление на [[Блок операторов]]",65,1212,"Оперирующий Блок",6359,NA,65,0,114,"Gohoski","human",TRUE,FALSE
"W114","1213","Операторы","2022-11-19T11:44:52Z",2022,"wiki_minor_edit","Перенаправление на [[Блок операторов]]",65,1213,"Операторы",6361,NA,65,0,114,"Gohoski","human",TRUE,FALSE
"W114","1214","Длина () (блок)","2022-11-19T11:45:10Z",2022,"wiki_minor_edit","Gohoski переименовал страницу [[Длина () (блок)]] в [[Блок операторов/Длина ()]]",79,1214,"Длина () (блок)",6363,NA,79,0,114,"Gohoski","human",TRUE,FALSE
"W114","1214","Длина () (блок)","2023-02-09T18:37:50Z",2023,"wiki_minor_edit","Перенаправление изменено с [[Блок операторов/Длина ()]] на [[Блок операторов#length]]",-7,1214,"Длина () (блок)",7357,NA,72,0,114,"Gohoski","human",TRUE,FALSE
"W114","1215","() mod () (блок)","2022-11-19T11:52:44Z",2022,"wiki_minor_edit","Gohoski переименовал страницу [[() mod () (блок)]] в [[Блок операторов/() mod ()]]: Изменение системы статей про блоки",75,1215,"() mod () (блок)",6366,NA,75,0,114,"Gohoski","human",TRUE,FALSE
"W114","1215","() mod () (блок)","2022-11-19T12:04:48Z",2022,"wiki_minor_edit","Перенаправление изменено с [[Блок операторов/() mod ()]] на [[Блок операторов#mod]]",-6,1215,"() mod () (блок)",6371,NA,69,0,114,"Gohoski","human",TRUE,FALSE
"W114","1216","Округлить () (блок)","2022-11-19T11:56:23Z",2022,"wiki_minor_edit","Gohoski переименовал страницу [[Округлить () (блок)]] в [[Блок операторов/Округлить ()]]: Изменение системы статей про блоки",87,1216,"Округлить () (блок)",6368,NA,87,0,114,"Gohoski","human",TRUE,FALSE
"W114","1216","Округлить () (блок)","2023-02-09T18:39:50Z",2023,"wiki_minor_edit","Перенаправление изменено с [[Блок операторов/Округлить ()]] на [[Блок операторов#round]]",-16,1216,"Округлить () (блок)",7359,NA,71,0,114,"Gohoski","human",TRUE,FALSE
"W114","1217","() меньше () (блок)","2022-11-19T13:21:39Z",2022,"wiki_minor_edit","Перенаправление на [[Блок операторов#less]]",70,1217,"() меньше () (блок)",6377,NA,70,0,114,"Gohoski","human",TRUE,FALSE
"W114","1218","Остаток от деления () на ()","2022-11-19T13:23:50Z",2022,"wiki_minor_edit","Перенаправление на [[Блок операторов#mod]]",69,1218,"Остаток от деления () на ()",6378,NA,69,0,114,"Gohoski","human",TRUE,FALSE
"W114","1219","Объединить () и () (блок)","2022-11-19T13:24:28Z",2022,"wiki_minor_edit","Перенаправление на [[Блок операторов#join]]",70,1219,"Объединить () и () (блок)",6379,NA,70,0,114,"Gohoski","human",TRUE,FALSE
"W173","1222","TurboWarp Packager","2022-11-25T20:00:57Z",2022,"wiki_minor_edit","Добавлена новая статья.",1886,1222,"TurboWarp Packager",6401,NA,1886,0,173,"MicroRu","human",TRUE,FALSE
"W114","1222","TurboWarp Packager","2022-11-26T10:05:27Z",2022,"wiki_minor_edit","Используйте, пожалуйста, обычные ссылки для страниц на этой Вики, а не внешние ссылки",212,1222,"TurboWarp Packager",6403,NA,2098,0,114,"Gohoski","human",TRUE,FALSE
"W120","1222","TurboWarp Packager","2022-11-27T14:19:50Z",2022,"wiki_minor_edit","/* См. также */ Статья о TurboWarp",16,1222,"TurboWarp Packager",6417,NA,2114,0,120,"Idey programm","human",TRUE,FALSE
"W154","1223","Перейти в X: () Y: () (блок)","2022-11-26T10:05:18Z",2022,"wiki_minor_edit","перенаправление",65,1223,"Перейти в X: () Y: () (блок)",6402,NA,65,0,154,"Stysan","human",TRUE,FALSE
"W114","1223","Перейти в X: () Y: () (блок)","2022-11-26T10:06:45Z",2022,"wiki_minor_edit","Более правильное перенаправление",-1,1223,"Перейти в X: () Y: () (блок)",6404,NA,64,0,114,"Gohoski","human",TRUE,FALSE
"W114","1225","Блоки Событий","2022-11-26T13:53:55Z",2022,"wiki_minor_edit","Gohoski переименовал страницу [[Блоки Событий]] в [[Блок события]]",59,1225,"Блоки Событий",6414,NA,59,0,114,"Gohoski","human",TRUE,FALSE
"W114","1226","Статья месяца","2022-11-30T18:56:05Z",2022,"wiki_minor_edit","Перенаправление на [[Scratch 14Feb04]]",51,1226,"Статья месяца",6427,NA,51,0,114,"Gohoski","human",TRUE,FALSE
"W114","1226","Статья месяца","2023-01-03T18:33:18Z",2023,"wiki_minor_edit","Перенаправление изменено с [[Scratch 14Feb04]] на [[Scratchblocks]]",-2,1226,"Статья месяца",6741,NA,49,0,114,"Gohoski","human",TRUE,FALSE
"W114","1226","Статья месяца","2023-01-26T10:01:53Z",2023,"wiki_minor_edit","новая избранная статья",33,1226,"Статья месяца",7044,NA,82,0,114,"Gohoski","human",TRUE,FALSE
"W114","1226","Статья месяца","2023-02-23T11:29:33Z",2023,"wiki_minor_edit","Перенаправление изменено с [[Куратор главной страницы]] на [[Приветственный комитет]]",-3,1226,"Статья месяца",7673,NA,79,0,114,"Gohoski","human",TRUE,FALSE
"W114","1226","Статья месяца","2023-04-25T13:17:39Z",2023,"wiki_minor_edit","Перенаправление изменено с [[Приветственный комитет]] на [[Ремикс]]",-31,1226,"Статья месяца",8221,NA,48,0,114,"Gohoski","human",TRUE,FALSE
"W114","1226","Статья месяца","2023-08-31T13:49:58Z",2023,"wiki_minor_edit","Перенаправление изменено с [[Ремикс]] на [[Скретч 2.0]]",4,1226,"Статья месяца",9319,NA,52,0,114,"Gohoski","human",TRUE,FALSE
"W217","1226","Статья месяца","2023-12-10T19:03:38Z",2023,"wiki_minor_edit","Перенаправление изменено с [[Скретч 2.0]] на [[Подписчик]]",2,1226,"Статья месяца",10800,NA,54,0,217,"AGScratcherBest","human",TRUE,FALSE
"W114","1226","Статья месяца","2024-08-31T11:30:13Z",2024,"wiki_minor_edit","упс",10,1226,"Статья месяца",12073,NA,64,0,114,"Gohoski","human",TRUE,FALSE
"W114","1226","Статья месяца","2024-10-23T09:46:26Z",2024,"wiki_minor_edit","Перенаправление изменено с [[Предупреждение]] на [[Фонд Скретча]]",-5,1226,"Статья месяца",12100,NA,59,0,114,"Gohoski","human",TRUE,FALSE
"W174","1231","Блок видеозахвата","2022-12-03T10:22:10Z",2022,"wiki_minor_edit","Новая страница: «'''Блок видео захвата''' - Это <ref>Блок</ref> который находится в дополнении <ref>Видео распознав...»",330,1231,"Блок видеозахвата",6442,NA,330,0,174,"Okun Leva","human",TRUE,FALSE
"W174","1231","Блок видеозахвата","2022-12-03T10:25:03Z",2022,"wiki_minor_edit","",45,1231,"Блок видеозахвата",6443,NA,375,0,174,"Okun Leva","human",TRUE,FALSE
"W114","1231","Блок видеозахвата","2022-12-03T11:01:16Z",2022,"wiki_minor_edit","",-90,1231,"Блок видеозахвата",6447,NA,285,0,114,"Gohoski","human",TRUE,FALSE
"W114","1231","Блок видеозахвата","2022-12-13T19:03:26Z",2022,"wiki_minor_edit","Перенаправление на [[Видео распознавание (дополнение)]]",-189,1231,"Блок видеозахвата",6510,NA,96,0,114,"Gohoski","human",TRUE,FALSE
"W114","1231","Блок видеозахвата","2022-12-13T19:07:23Z",2022,"wiki_minor_edit","простите за кашу с перенаправлениями из-за переименований",-14,1231,"Блок видеозахвата",6517,NA,82,0,114,"Gohoski","human",TRUE,FALSE
"W120","1233","Блок сенсоров/Громкость","2022-12-03T11:15:42Z",2022,"wiki_minor_edit","Новая страница: «{{Незавершённая статья}} {{Карточка блока | scratchblocks = <sb>громкость</sb> | категория = Сенсоры | с...»",808,1233,"Блок сенсоров/Громкость",6450,NA,808,0,120,"Idey programm","human",TRUE,FALSE
"W120","1233","Блок сенсоров/Громкость","2022-12-03T11:18:20Z",2022,"wiki_minor_edit","Idey programm переименовал страницу [[Громкость (блок)]] в [[Блок сенсоров/Громкость]]: Переименования страницы под новые стандарты",0,1233,"Блок сенсоров/Громкость",6452,NA,808,0,120,"Idey programm","human",TRUE,FALSE
"W184","1233","Блок сенсоров/Громкость","2023-02-03T12:20:03Z",2023,"wiki_minor_edit","Добавлены примеры использования.",580,1233,"Блок сенсоров/Громкость",7184,NA,1388,0,184,"Alex Ilya","human",TRUE,FALSE
"W120","1233","Блок сенсоров/Громкость","2023-03-10T14:49:15Z",2023,"wiki_minor_edit","",375,1233,"Блок сенсоров/Громкость",7841,NA,1763,0,120,"Idey programm","human",TRUE,FALSE
"W180","1233","Блок сенсоров/Громкость","2023-05-24T06:22:35Z",2023,"wiki_minor_edit","завершено",355,1233,"Блок сенсоров/Громкость",8450,NA,2118,0,180,"Veniamin6","human",TRUE,FALSE
"W120","1234","Громкость (блок)","2022-12-03T11:18:21Z",2022,"wiki_minor_edit","Idey programm переименовал страницу [[Громкость (блок)]] в [[Блок сенсоров/Громкость]]: Переименования страницы под новые стандарты",80,1234,"Громкость (блок)",6453,NA,80,0,120,"Idey programm","human",TRUE,FALSE
"W114","1234","Громкость (блок)","2023-02-09T18:55:52Z",2023,"wiki_minor_edit","Перенаправление изменено с [[Блок сенсоров/Громкость]] на [[Блок сенсоров#loudness]]",-10,1234,"Громкость (блок)",7384,NA,70,0,114,"Gohoski","human",TRUE,FALSE
"W120","1235","Разрешение к использованию микрофона","2022-12-04T05:01:26Z",2022,"wiki_minor_edit","Новая страница: «{{Информация|В данной статье рассказывается о разрешении к микрофону непосредственно на...»",1775,1235,"Разрешение к использованию микрофона",6459,NA,1775,0,120,"Idey programm","human",TRUE,FALSE
"W120","1236","Звуковые записи","2022-12-04T05:11:46Z",2022,"wiki_minor_edit","Новая страница: «На [[Скретч]] можно создавать свои звуки и звуковые записи. Это может быть всё что угодно:...»",1392,1236,"Звуковые записи",6460,NA,1392,0,120,"Idey programm","human",TRUE,FALSE
"W120","1236","Звуковые записи","2023-03-22T09:53:10Z",2023,"wiki_minor_edit","Добавление статей в разделе ""См. Также""",78,1236,"Звуковые записи",7988,NA,1470,0,120,"Idey programm","human",TRUE,FALSE
"W120","1237","Создать страницу","2022-12-04T05:13:00Z",2022,"wiki_minor_edit","Перенаправление на [[Скретч Вики:Создать статью]]",85,1237,"Создать страницу",6461,NA,85,0,120,"Idey programm","human",TRUE,FALSE
"W114","1240","Год анимации","2022-12-04T08:07:53Z",2022,"wiki_minor_edit","Gohoski переименовал страницу [[Год анимации]] в [[Год анимаций]] поверх перенаправления: По-моему, необходимо писать в множественном числе. возврат",59,1240,"Год анимации",6466,NA,59,0,114,"Gohoski","human",TRUE,FALSE
"W120","1248","Жалоба (сайт)","2022-12-06T11:15:20Z",2022,"wiki_minor_edit","Перенаправление на [[Жалоба]]",48,1248,"Жалоба (сайт)",6478,NA,48,0,120,"Idey programm","human",TRUE,FALSE
"W154","1254","Видео (блок)","2022-12-13T18:47:39Z",2022,"wiki_minor_edit","Перенаправление на [[Видео распознавание (дополнение)]]",96,1254,"Видео (блок)",6500,NA,96,0,154,"Stysan","human",TRUE,FALSE
"W154","1255","Если-иначе (блок)","2022-12-13T18:55:30Z",2022,"wiki_minor_edit","Перенаправление на [[Https://ru.scratch-wiki.info/wiki/Блок управления#ifelse]]",162,1255,"Если-иначе (блок)",6502,NA,162,0,154,"Stysan","human",TRUE,FALSE
"W154","1255","Если-иначе (блок)","2022-12-13T18:56:06Z",2022,"wiki_minor_edit","Перенаправление изменено с [[Https://ru.scratch-wiki.info/wiki/Блок управления#ifelse]] на [[Блок управления#ifelse]]",-34,1255,"Если-иначе (блок)",6503,NA,128,0,154,"Stysan","human",TRUE,FALSE
"W154","1256","Если (блок)","2022-12-13T18:57:10Z",2022,"wiki_minor_edit","Перенаправление на [[Блок управления#if]]",68,1256,"Если (блок)",6505,NA,68,0,154,"Stysan","human",TRUE,FALSE
"W154","1257","Задать () значение () (блок)","2022-12-13T18:59:04Z",2022,"wiki_minor_edit","Перенаправление на [[Блок переменной#setto]]",71,1257,"Задать () значение () (блок)",6506,NA,71,0,154,"Stysan","human",TRUE,FALSE
"W217","1257","Задать () значение () (блок)","2023-10-12T20:01:35Z",2023,"wiki_minor_edit","Мне что, надо сделать так с каждым блоком? ПФФ... лучше бы мне помогли...",0,1257,"Задать () значение () (блок)",9452,NA,71,0,217,"AGScratcherBest","human",TRUE,FALSE
"W154","1258","Изменить () на () (блок)","2022-12-13T18:59:59Z",2022,"wiki_minor_edit","Перенаправление на [[Блок переменной#changeby]]",74,1258,"Изменить () на () (блок)",6507,NA,74,0,154,"Stysan","human",TRUE,FALSE
"W217","1258","Изменить () на () (блок)","2023-10-12T20:05:55Z",2023,"wiki_minor_edit","Визуальный редактор перестал работать. Понял.",0,1258,"Изменить () на () (блок)",9453,NA,74,0,217,"AGScratcherBest","human",TRUE,FALSE
"W114","1260","Видео распознавание (дополнение)","2022-12-13T19:04:41Z",2022,"wiki_minor_edit","Gohoski переименовал страницу [[Видео распознавание (дополнение)]] в [[Блок видеораспознавания]]: Мы обычно не делаем статьи про дополнения, а про их блоки",81,1260,"Видео распознавание (дополнение)",6512,NA,81,0,114,"Gohoski","human",TRUE,FALSE
"W154","1260","Видео распознавание (дополнение)","2023-08-30T16:50:34Z",2023,"wiki_minor_edit","Перенаправление изменено с [[Блок видеораспознавания]] на [[Блок видео распознавания]]",1,1260,"Видео распознавание (дополнение)",9310,NA,82,0,154,"Stysan","human",TRUE,FALSE
"W114","1261","Блок видеораспознавания","2022-12-13T19:05:22Z",2022,"wiki_minor_edit","Gohoski переименовал страницу [[Блок видеораспознавания]] в [[Блок видео распознавания]]: добавил пробел, т. к. в Скретче он есть ",82,1261,"Блок видеораспознавания",6514,NA,82,0,114,"Gohoski","human",TRUE,FALSE
"W154","1262","Или (блок)","2022-12-13T19:06:37Z",2022,"wiki_minor_edit","Новая страница: «#перенаправление [Блок операторов#or]]»",67,1262,"Или (блок)",6515,NA,67,0,154,"Stysan","human",TRUE,FALSE
"W154","1262","Или (блок)","2022-12-13T19:06:50Z",2022,"wiki_minor_edit","",-1,1262,"Или (блок)",6516,NA,66,0,154,"Stysan","human",TRUE,FALSE
"W154","1262","Или (блок)","2022-12-13T19:07:43Z",2022,"wiki_minor_edit","Перенаправление на [[Блок операторов#or]]",2,1262,"Или (блок)",6518,NA,68,0,154,"Stysan","human",TRUE,FALSE
"W154","1263","Блок операторов/() или ()","2022-12-13T19:08:27Z",2022,"wiki_minor_edit","Перенаправление на [[Блок операторов#or]]",68,1263,"Блок операторов/() или ()",6519,NA,68,0,154,"Stysan","human",TRUE,FALSE
"W184","1263","Блок операторов/() или ()","2023-02-08T18:25:57Z",2023,"wiki_minor_edit","",1814,1263,"Блок операторов/() или ()",7311,NA,1882,0,184,"Alex Ilya","human",TRUE,FALSE
"W184","1263","Блок операторов/() или ()","2023-02-09T07:36:58Z",2023,"wiki_minor_edit","Удалено перенаправление на [[Блок операторов#or]]",-70,1263,"Блок операторов/() или ()",7325,NA,1812,0,184,"Alex Ilya","human",TRUE,FALSE
"W217","1263","Блок операторов/() или ()","2023-11-14T22:03:21Z",2023,"wiki_minor_edit","",4,1263,"Блок операторов/() или ()",10403,NA,1816,0,217,"AGScratcherBest","human",TRUE,FALSE
"W177","1265","Scratchblocks","2022-12-14T11:48:43Z",2022,"wiki_minor_edit","Новая страница: «Scratchblocks, также известный как scratchblocks4, - это плагин для [[Скретч Вики]] и Форум (для 2.0)|Форум...»",1252,1265,"Scratchblocks",6525,NA,1252,0,177,"Greg1234567890f","human",TRUE,FALSE
"W177","1265","Scratchblocks","2022-12-14T11:51:26Z",2022,"wiki_minor_edit","",45,1265,"Scratchblocks",6526,NA,1297,0,177,"Greg1234567890f","human",TRUE,FALSE
"W114","1265","Scratchblocks","2022-12-14T12:48:35Z",2022,"wiki_minor_edit","Дополнил перевод и добавил интервики",4515,1265,"Scratchblocks",6528,NA,5812,0,114,"Gohoski","human",TRUE,FALSE
"W177","1265","Scratchblocks","2022-12-14T14:23:35Z",2022,"wiki_minor_edit","",13,1265,"Scratchblocks",6532,NA,5825,0,177,"Greg1234567890f","human",TRUE,FALSE
"W177","1265","Scratchblocks","2022-12-14T15:38:03Z",2022,"wiki_minor_edit","Добавлен новый раздел",1698,1265,"Scratchblocks",6533,NA,7523,0,177,"Greg1234567890f","human",TRUE,FALSE
"W177","1265","Scratchblocks","2022-12-15T07:50:20Z",2022,"wiki_minor_edit","",2123,1265,"Scratchblocks",6539,NA,9646,0,177,"Greg1234567890f","human",TRUE,FALSE
"W177","1265","Scratchblocks","2022-12-15T09:57:30Z",2022,"wiki_minor_edit","",125,1265,"Scratchblocks",6540,NA,9771,0,177,"Greg1234567890f","human",TRUE,FALSE
"W114","1265","Scratchblocks","2022-12-15T10:16:20Z",2022,"wiki_minor_edit","",85,1265,"Scratchblocks",6542,NA,9856,0,114,"Gohoski","human",TRUE,FALSE
"W114","1265","Scratchblocks","2022-12-28T17:18:20Z",2022,"wiki_minor_edit","Защитил страницу [[Scratchblocks]]: популярная страница: Вики Среда ([Редактирование=Разрешено только администраторам] (истекает 00:00, 25 января 2023 (UTC)))",0,1265,"Scratchblocks",6671,NA,9856,0,114,"Gohoski","human",TRUE,FALSE
"W114","1265","Scratchblocks","2022-12-28T18:37:49Z",2022,"wiki_minor_edit","Уменьшил кол-во ссылок",-93,1265,"Scratchblocks",6676,NA,9763,0,114,"Gohoski","human",TRUE,FALSE
"W114","1265","Scratchblocks","2023-01-14T14:11:09Z",2023,"wiki_minor_edit","Комментарий только один",-131,1265,"Scratchblocks",6787,NA,9632,0,114,"Gohoski","human",TRUE,FALSE
"W114","1265","Scratchblocks","2023-01-25T18:13:56Z",2023,"wiki_minor_edit","[[Шаблон:Избранная статья]]",56,1265,"Scratchblocks",7028,NA,9688,0,114,"Gohoski","human",TRUE,FALSE
"W114","1265","Scratchblocks","2023-01-29T11:52:07Z",2023,"wiki_minor_edit","",11,1265,"Scratchblocks",7113,NA,9699,0,114,"Gohoski","human",TRUE,FALSE
"W217","1265","Scratchblocks","2023-12-16T23:50:56Z",2023,"wiki_minor_edit","",-294,1265,"Scratchblocks",10872,NA,9405,0,217,"AGScratcherBest","human",TRUE,FALSE
"W217","1265","Scratchblocks","2025-04-08T09:54:13Z",2025,"wiki_minor_edit","на форумах теперь 3.0 блоки",-121,1265,"Scratchblocks",12242,NA,9284,0,217,"AGScratcherBest","human",TRUE,FALSE
"W154","1267","Из чего сделан Скретч?","2022-12-14T16:24:40Z",2022,"wiki_minor_edit","Stysan переименовал страницу [[Из чего сделан Скретч?]] в [[На чём написан Скретч?]]: соответствие английской интервики",76,1267,"Из чего сделан Скретч?",6537,NA,76,0,154,"Stysan","human",TRUE,FALSE
"W114","1284","Scratch 14Feb04","2022-12-21T10:37:37Z",2022,"wiki_minor_edit","Gohoski переименовал страницу [[Scratch 14Feb04]] в [[Скретч 14Feb04]]: Насколько я знаю, на этой вики в названиях страниц лучше использовать русское написание Скретч",56,1284,"Scratch 14Feb04",6615,NA,56,0,114,"Gohoski","human",TRUE,FALSE
"W178","1287","Скретч 11Oct03","2022-12-21T16:26:40Z",2022,"wiki_minor_edit","Добавил. Надо доперевести кусок переменных, процедуры, и т.п.",2165,1287,"Скретч 11Oct03",6632,NA,2165,0,178,"Tfilipp","human",TRUE,FALSE
"W178","1287","Скретч 11Oct03","2022-12-21T16:27:03Z",2022,"wiki_minor_edit","",0,1287,"Скретч 11Oct03",6633,NA,2165,0,178,"Tfilipp","human",TRUE,FALSE
"W114","1287","Скретч 11Oct03","2022-12-21T17:14:31Z",2022,"wiki_minor_edit","Оформил статью и немного дополнил её",803,1287,"Скретч 11Oct03",6638,NA,2968,0,114,"Gohoski","human",TRUE,FALSE
"W114","1287","Скретч 11Oct03","2022-12-21T18:51:45Z",2022,"wiki_minor_edit","Интервики",24,1287,"Скретч 11Oct03",6640,NA,2992,0,114,"Gohoski","human",TRUE,FALSE
"W178","1287","Скретч 11Oct03","2022-12-22T06:49:24Z",2022,"wiki_minor_edit","",660,1287,"Скретч 11Oct03",6642,NA,3652,0,178,"Tfilipp","human",TRUE,FALSE
"W120","1287","Скретч 11Oct03","2023-03-05T10:38:38Z",2023,"wiki_minor_edit","Добавление шаблонов",71,1287,"Скретч 11Oct03",7764,NA,3723,0,120,"Idey programm","human",TRUE,FALSE
"W114","1287","Скретч 11Oct03","2023-03-09T12:20:22Z",2023,"wiki_minor_edit","",12,1287,"Скретч 11Oct03",7827,NA,3735,0,114,"Gohoski","human",TRUE,FALSE
"W114","1290","Мышка нажата (блок)","2022-12-23T11:43:36Z",2022,"wiki_minor_edit","Gohoski переименовал страницу [[Мышка нажата (блок)]] в [[Блок сенсоров/Мышь нажата? (блок)]]",95,1290,"Мышка нажата (блок)",6651,NA,95,0,114,"Gohoski","human",TRUE,FALSE
"W180","1294","Приветственный комитет","2022-12-29T06:53:07Z",2022,"wiki_minor_edit","Новая страница: «Приветственный комитет(по англ. Scratch Welcoming Committee)-- это [https://scratch.mit.edu/studios/146521/ студия], где п...»",1334,1294,"Приветственный комитет",6680,NA,1334,0,180,"Veniamin6","human",TRUE,FALSE
"W180","1294","Приветственный комитет","2022-12-29T06:53:55Z",2022,"wiki_minor_edit","добавление заголовка",68,1294,"Приветственный комитет",6681,NA,1402,0,180,"Veniamin6","human",TRUE,FALSE
"W180","1294","Приветственный комитет","2022-12-30T06:27:50Z",2022,"wiki_minor_edit","",1,1294,"Приветственный комитет",6691,NA,1403,0,180,"Veniamin6","human",TRUE,FALSE
"W180","1294","Приветственный комитет","2023-01-09T07:16:17Z",2023,"wiki_minor_edit","",-293,1294,"Приветственный комитет",6771,NA,1110,0,180,"Veniamin6","human",TRUE,FALSE
"W120","1294","Приветственный комитет","2023-01-20T11:30:32Z",2023,"wiki_minor_edit","Исправление неточностей и ошибок",29,1294,"Приветственный комитет",6857,NA,1139,0,120,"Idey programm","human",TRUE,FALSE
"W180","1294","Приветственный комитет","2023-01-31T16:27:48Z",2023,"wiki_minor_edit","",11976,1294,"Приветственный комитет",7138,NA,13115,0,180,"Veniamin6","human",TRUE,FALSE
"W180","1294","Приветственный комитет","2023-01-31T16:30:02Z",2023,"wiki_minor_edit","",68,1294,"Приветственный комитет",7139,NA,13183,0,180,"Veniamin6","human",TRUE,FALSE
"W180","1294","Приветственный комитет","2023-01-31T16:35:39Z",2023,"wiki_minor_edit","",-1702,1294,"Приветственный комитет",7140,NA,11481,0,180,"Veniamin6","human",TRUE,FALSE
"W180","1294","Приветственный комитет","2023-01-31T16:39:34Z",2023,"wiki_minor_edit","",-277,1294,"Приветственный комитет",7141,NA,11204,0,180,"Veniamin6","human",TRUE,FALSE
"W180","1294","Приветственный комитет","2023-01-31T16:40:22Z",2023,"wiki_minor_edit","",-171,1294,"Приветственный комитет",7142,NA,11033,0,180,"Veniamin6","human",TRUE,FALSE
"W180","1294","Приветственный комитет","2023-01-31T16:40:53Z",2023,"wiki_minor_edit","",-171,1294,"Приветственный комитет",7143,NA,10862,0,180,"Veniamin6","human",TRUE,FALSE
"W180","1294","Приветственный комитет","2023-01-31T16:41:38Z",2023,"wiki_minor_edit","Отмена правки 7143, сделанной [[Special:Contributions/Veniamin6|Veniamin6]] ([[User talk:Veniamin6|обсуждение]])",171,1294,"Приветственный комитет",7144,NA,11033,0,180,"Veniamin6","human",TRUE,FALSE
"W180","1294","Приветственный комитет","2023-01-31T16:42:22Z",2023,"wiki_minor_edit","",-125,1294,"Приветственный комитет",7145,NA,10908,0,180,"Veniamin6","human",TRUE,FALSE
"W180","1294","Приветственный комитет","2023-01-31T16:43:12Z",2023,"wiki_minor_edit","",9,1294,"Приветственный комитет",7146,NA,10917,0,180,"Veniamin6","human",TRUE,FALSE
"W180","1294","Приветственный комитет","2023-01-31T16:49:37Z",2023,"wiki_minor_edit","добавил пару ссылок",79,1294,"Приветственный комитет",7147,NA,10996,0,180,"Veniamin6","human",TRUE,FALSE
"W180","1294","Приветственный комитет","2023-01-31T16:50:00Z",2023,"wiki_minor_edit","",-134,1294,"Приветственный комитет",7148,NA,10862,0,180,"Veniamin6","human",TRUE,FALSE
"W114","1294","Приветственный комитет","2023-01-31T17:17:12Z",2023,"wiki_minor_edit","",738,1294,"Приветственный комитет",7150,NA,11600,0,114,"Gohoski","human",TRUE,FALSE
"W180","1294","Приветственный комитет","2023-01-31T17:32:21Z",2023,"wiki_minor_edit","",6,1294,"Приветственный комитет",7151,NA,11606,0,180,"Veniamin6","human",TRUE,FALSE
"W180","1294","Приветственный комитет","2023-02-06T16:10:26Z",2023,"wiki_minor_edit","добавил проверяторов",275,1294,"Приветственный комитет",7243,NA,11881,0,180,"Veniamin6","human",TRUE,FALSE
"W180","1294","Приветственный комитет","2023-02-07T05:29:34Z",2023,"wiki_minor_edit","Исправил неточности и заменил рецензентов на экспертов)",-555,1294,"Приветственный комитет",7246,NA,11326,0,180,"Veniamin6","human",TRUE,FALSE
"W114","1294","Приветственный комитет","2023-02-16T16:02:21Z",2023,"wiki_minor_edit","",102,1294,"Приветственный комитет",7514,NA,11428,0,114,"Gohoski","human",TRUE,FALSE
"W114","1294","Приветственный комитет","2023-02-18T17:20:01Z",2023,"wiki_minor_edit","",31,1294,"Приветственный комитет",7562,NA,11459,0,114,"Gohoski","human",TRUE,FALSE
"W114","1294","Приветственный комитет","2023-02-23T11:51:39Z",2023,"wiki_minor_edit","Вики Среда",56,1294,"Приветственный комитет",7675,NA,11515,0,114,"Gohoski","human",TRUE,FALSE
"W114","1294","Приветственный комитет","2023-02-23T11:52:45Z",2023,"wiki_minor_edit","Защитил страницу [[Приветственный комитет]]: популярная страница: Вики Среда ([Редактирование=Разрешить ботам и администраторам] (истекает 00:00, 29 марта 2023 (UTC)) [Переименование=Разрешить ботам и администраторам] (истекает 00:00, 29 марта 2023 (UTC)))",0,1294,"Приветственный комитет",7676,NA,11515,0,114,"Gohoski","human",TRUE,FALSE
"W114","1294","Приветственный комитет","2023-03-10T15:14:58Z",2023,"wiki_minor_edit","",0,1294,"Приветственный комитет",7843,NA,11515,0,114,"Gohoski","human",TRUE,FALSE
"W114","1294","Приветственный комитет","2023-03-18T06:46:54Z",2023,"wiki_minor_edit","Изменил настройки защиты для «[[Приветственный комитет]]»: необходимо изменять часть статьи ([Редактирование=Разрешено только автоподтверждённым участникам] (истекает 00:00, 29 марта 2023 (UTC)) [Переименование=Разрешено только автоподтверждённым участникам] (истекает 00:00, 29 марта 2023 (UTC)))",0,1294,"Приветственный комитет",7923,NA,11515,0,114,"Gohoski","human",TRUE,FALSE
"W180","1294","Приветственный комитет","2023-03-18T07:04:40Z",2023,"wiki_minor_edit","изменения экспертов",-52,1294,"Приветственный комитет",7924,NA,11463,0,180,"Veniamin6","human",TRUE,FALSE
"W180","1294","Приветственный комитет","2023-05-08T11:50:42Z",2023,"wiki_minor_edit","изменения в составе кураторов",0,1294,"Приветственный комитет",8282,NA,11463,0,180,"Veniamin6","human",TRUE,FALSE
"W180","1294","Приветственный комитет","2023-05-08T11:53:00Z",2023,"wiki_minor_edit","",-5,1294,"Приветственный комитет",8283,NA,11458,0,180,"Veniamin6","human",TRUE,FALSE
"W180","1294","Приветственный комитет","2023-06-01T06:28:00Z",2023,"wiki_minor_edit","+эксперт",10,1294,"Приветственный комитет",8610,NA,11468,0,180,"Veniamin6","human",TRUE,FALSE
"W180","1295","Дизайнерская студия","2022-12-29T09:40:55Z",2022,"wiki_minor_edit","Veniamin6 переименовал страницу [[Дизайнерская студия]] в [[Студия Дизайна Скретча]]: В русском переводе название именно такое",78,1295,"Дизайнерская студия",6687,NA,78,0,180,"Veniamin6","human",TRUE,FALSE
"W180","1297","Куратор студии дизайна Скретча","2022-12-30T06:43:26Z",2022,"wiki_minor_edit","Новая страница: «== Кто такой Куратор Студии Дизайна Скретча? == Куратор(менеджер) Студии Дизайна Скретча --...»",1158,1297,"Куратор студии дизайна Скретча",6692,NA,1158,0,180,"Veniamin6","human",TRUE,FALSE
"W180","1297","Куратор студии дизайна Скретча","2022-12-30T06:44:00Z",2022,"wiki_minor_edit","",-4,1297,"Куратор студии дизайна Скретча",6693,NA,1154,0,180,"Veniamin6","human",TRUE,FALSE
"W180","1297","Куратор студии дизайна Скретча","2022-12-30T06:44:19Z",2022,"wiki_minor_edit","",-1,1297,"Куратор студии дизайна Скретча",6694,NA,1153,0,180,"Veniamin6","human",TRUE,FALSE
"W180","1297","Куратор студии дизайна Скретча","2022-12-30T06:53:13Z",2022,"wiki_minor_edit","Veniamin6 переименовал страницу [[Куратор дизайнерской студии]] в [[Куратор Студии Дизайна Скретча]]: правильный перевод именно такой",0,1297,"Куратор студии дизайна Скретча",6698,NA,1153,0,180,"Veniamin6","human",TRUE,FALSE
"W180","1297","Куратор студии дизайна Скретча","2022-12-30T06:54:37Z",2022,"wiki_minor_edit","",0,1297,"Куратор студии дизайна Скретча",6700,NA,1153,0,180,"Veniamin6","human",TRUE,FALSE
"W217","1297","Куратор студии дизайна Скретча","2024-02-02T15:12:14Z",2024,"wiki_minor_edit","AGScratcherBest переименовал страницу [[Куратор Студии Дизайна Скретча]] в [[Куратор студии дизайна Скретча]] без оставления перенаправления: В русском языке каждое слово не пишется с большой буквой",0,1297,"Куратор студии дизайна Скретча",11087,NA,1153,0,217,"AGScratcherBest","human",TRUE,FALSE
"W180","1298","Помощник Студии Дизайна Скретча","2022-12-30T06:51:11Z",2022,"wiki_minor_edit","Новая страница: «== Кто такой помощник Студии Дизайна Скретча? == Это пользователь, который активно отвечае...»",985,1298,"Помощник Студии Дизайна Скретча",6695,NA,985,0,180,"Veniamin6","human",TRUE,FALSE
"W180","1298","Помощник Студии Дизайна Скретча","2022-12-30T06:51:21Z",2022,"wiki_minor_edit","",3,1298,"Помощник Студии Дизайна Скретча",6696,NA,988,0,180,"Veniamin6","human",TRUE,FALSE
"W180","1298","Помощник Студии Дизайна Скретча","2022-12-30T06:52:16Z",2022,"wiki_minor_edit","",15,1298,"Помощник Студии Дизайна Скретча",6697,NA,1003,0,180,"Veniamin6","human",TRUE,FALSE
"W180","1298","Помощник Студии Дизайна Скретча","2023-05-20T18:09:06Z",2023,"wiki_minor_edit","полностью переписал статью",508,1298,"Помощник Студии Дизайна Скретча",8359,NA,1511,0,180,"Veniamin6","human",TRUE,FALSE
"W180","1298","Помощник Студии Дизайна Скретча","2023-05-21T14:38:25Z",2023,"wiki_minor_edit","Перенаправление на [[Студия Дизайна Скретча#Помощник Студии Дизайна Скретча]]",-1373,1298,"Помощник Студии Дизайна Скретча",8376,NA,138,0,180,"Veniamin6","human",TRUE,FALSE
"W180","1299","Куратор дизайнерской студии","2022-12-30T06:53:13Z",2022,"wiki_minor_edit","Veniamin6 переименовал страницу [[Куратор дизайнерской студии]] в [[Куратор Студии Дизайна Скретча]]: правильный перевод именно такой",93,1299,"Куратор дизайнерской студии",6699,NA,93,0,180,"Veniamin6","human",TRUE,FALSE
"W180","1301","Студия Дизайна Скретча/Темы","2023-01-02T15:36:50Z",2023,"wiki_minor_edit","Список SDS тем. Незавершенно",1829,1301,"Студия Дизайна Скретча/Темы",6710,NA,1829,0,180,"Veniamin6","human",TRUE,FALSE
"W180","1301","Студия Дизайна Скретча/Темы","2023-01-02T15:37:36Z",2023,"wiki_minor_edit","",1,1301,"Студия Дизайна Скретча/Темы",6711,NA,1830,0,180,"Veniamin6","human",TRUE,FALSE
"W180","1301","Студия Дизайна Скретча/Темы","2023-01-02T15:38:43Z",2023,"wiki_minor_edit","",-22,1301,"Студия Дизайна Скретча/Темы",6712,NA,1808,0,180,"Veniamin6","human",TRUE,FALSE
"W180","1301","Студия Дизайна Скретча/Темы","2023-01-02T15:40:46Z",2023,"wiki_minor_edit","",10,1301,"Студия Дизайна Скретча/Темы",6713,NA,1818,0,180,"Veniamin6","human",TRUE,FALSE
"W180","1301","Студия Дизайна Скретча/Темы","2023-01-02T15:45:39Z",2023,"wiki_minor_edit","",11,1301,"Студия Дизайна Скретча/Темы",6714,NA,1829,0,180,"Veniamin6","human",TRUE,FALSE
"W180","1301","Студия Дизайна Скретча/Темы","2023-01-02T15:46:20Z",2023,"wiki_minor_edit","/* Список тем */",10,1301,"Студия Дизайна Скретча/Темы",6715,NA,1839,0,180,"Veniamin6","human",TRUE,FALSE
"W180","1301","Студия Дизайна Скретча/Темы","2023-01-02T15:46:54Z",2023,"wiki_minor_edit","/* Список тем */",21,1301,"Студия Дизайна Скретча/Темы",6716,NA,1860,0,180,"Veniamin6","human",TRUE,FALSE
"W180","1301","Студия Дизайна Скретча/Темы","2023-01-02T15:47:31Z",2023,"wiki_minor_edit","",-42,1301,"Студия Дизайна Скретча/Темы",6717,NA,1818,0,180,"Veniamin6","human",TRUE,FALSE
"W180","1301","Студия Дизайна Скретча/Темы","2023-01-02T16:07:34Z",2023,"wiki_minor_edit","",-1,1301,"Студия Дизайна Скретча/Темы",6718,NA,1817,0,180,"Veniamin6","human",TRUE,FALSE
"W180","1301","Студия Дизайна Скретча/Темы","2023-01-02T16:08:01Z",2023,"wiki_minor_edit","",-1,1301,"Студия Дизайна Скретча/Темы",6719,NA,1816,0,180,"Veniamin6","human",TRUE,FALSE
"W180","1301","Студия Дизайна Скретча/Темы","2023-01-02T17:50:49Z",2023,"wiki_minor_edit","",-10,1301,"Студия Дизайна Скретча/Темы",6720,NA,1806,0,180,"Veniamin6","human",TRUE,FALSE
"W180","1301","Студия Дизайна Скретча/Темы","2023-01-02T17:52:43Z",2023,"wiki_minor_edit","",0,1301,"Студия Дизайна Скретча/Темы",6721,NA,1806,0,180,"Veniamin6","human",TRUE,FALSE
"W180","1301","Студия Дизайна Скретча/Темы","2023-01-02T18:11:46Z",2023,"wiki_minor_edit","",70,1301,"Студия Дизайна Скретча/Темы",6722,NA,1876,0,180,"Veniamin6","human",TRUE,FALSE
"W180","1301","Студия Дизайна Скретча/Темы","2023-01-02T18:14:51Z",2023,"wiki_minor_edit","/* Список тем */",194,1301,"Студия Дизайна Скретча/Темы",6723,NA,2070,0,180,"Veniamin6","human",TRUE,FALSE
"W180","1301","Студия Дизайна Скретча/Темы","2023-01-02T18:22:58Z",2023,"wiki_minor_edit","",366,1301,"Студия Дизайна Скретча/Темы",6724,NA,2436,0,180,"Veniamin6","human",TRUE,FALSE
"W180","1301","Студия Дизайна Скретча/Темы","2023-01-02T20:35:28Z",2023,"wiki_minor_edit","Добавление студий",681,1301,"Студия Дизайна Скретча/Темы",6725,NA,3117,0,180,"Veniamin6","human",TRUE,FALSE
"W114","1301","Студия Дизайна Скретча/Темы","2023-01-03T16:06:24Z",2023,"wiki_minor_edit","Перевод с [[:en:Scratch Design Studio/Studios|англ. вики]]",19554,1301,"Студия Дизайна Скретча/Темы",6731,NA,22671,0,114,"Gohoski","human",TRUE,FALSE
"W114","1301","Студия Дизайна Скретча/Темы","2023-01-30T18:07:31Z",2023,"wiki_minor_edit","",321,1301,"Студия Дизайна Скретча/Темы",7134,NA,22992,0,114,"Gohoski","human",TRUE,FALSE
"W184","1301","Студия Дизайна Скретча/Темы","2023-02-19T15:23:09Z",2023,"wiki_minor_edit","Переведены описания студий с 1 по 50.",2709,1301,"Студия Дизайна Скретча/Темы",7578,NA,25701,0,184,"Alex Ilya","human",TRUE,FALSE
"W120","1301","Студия Дизайна Скретча/Темы","2023-02-19T16:13:35Z",2023,"wiki_minor_edit","/* Список */ Перевод описаний 51-100",2133,1301,"Студия Дизайна Скретча/Темы",7583,NA,27834,0,120,"Idey programm","human",TRUE,FALSE
"W180","1301","Студия Дизайна Скретча/Темы","2023-02-19T16:20:48Z",2023,"wiki_minor_edit","перевод некоторых слов",-84,1301,"Студия Дизайна Скретча/Темы",7586,NA,27750,0,180,"Veniamin6","human",TRUE,FALSE
"W180","1301","Студия Дизайна Скретча/Темы","2023-02-20T16:50:06Z",2023,"wiki_minor_edit","перевод 9 студий",2531,1301,"Студия Дизайна Скретча/Темы",7598,NA,30281,0,180,"Veniamin6","human",TRUE,FALSE
"W180","1301","Студия Дизайна Скретча/Темы","2023-05-20T18:20:43Z",2023,"wiki_minor_edit","",0,1301,"Студия Дизайна Скретча/Темы",8363,NA,30281,0,180,"Veniamin6","human",TRUE,FALSE
"W114","1301","Студия Дизайна Скретча/Темы","2023-07-19T16:30:36Z",2023,"wiki_minor_edit","/* Список */ Magic Tricks",1157,1301,"Студия Дизайна Скретча/Темы",9032,NA,31438,0,114,"Gohoski","human",TRUE,FALSE
"W114","1302","Студия Дизайна Скретча/Студия","2023-01-03T11:30:16Z",2023,"wiki_minor_edit","Новая страница: «{{#if: {{{4|{{{Нет обложки|}}}}}}| https://uploads.scratch.mit.edu/get_image/gallery/272531_100x75.png| https://uploads.scratch.mit.edu/get_image/galler...»",490,1302,"Студия Дизайна Скретча/Студия",6728,NA,490,0,114,"Gohoski","human",TRUE,FALSE
"W114","1302","Студия Дизайна Скретча/Студия","2023-01-03T16:11:38Z",2023,"wiki_minor_edit","",-1,1302,"Студия Дизайна Скретча/Студия",6732,NA,489,0,114,"Gohoski","human",TRUE,FALSE
"W114","1302","Студия Дизайна Скретча/Студия","2024-02-04T14:40:07Z",2024,"wiki_minor_edit","авто: новая категоризация",12,1302,"Студия Дизайна Скретча/Студия",11153,NA,501,0,114,"Gohoski","human",TRUE,FALSE
"W114","1303","Студия Дизайна Скретча/Текущая студия","2023-01-03T11:34:27Z",2023,"wiki_minor_edit","Новая страница: «{{:Студия Дизайна Скретча/Студия|32552757|Научные открытия|От открытия воды на планете до нов...»",633,1303,"Студия Дизайна Скретча/Текущая студия",6729,NA,633,0,114,"Gohoski","human",TRUE,FALSE
"W114","1303","Студия Дизайна Скретча/Текущая студия","2023-01-30T18:05:56Z",2023,"wiki_minor_edit","",-101,1303,"Студия Дизайна Скретча/Текущая студия",7133,NA,532,0,114,"Gohoski","human",TRUE,FALSE
"W180","1303","Студия Дизайна Скретча/Текущая студия","2023-03-30T16:59:31Z",2023,"wiki_minor_edit","новая студия",127,1303,"Студия Дизайна Скретча/Текущая студия",8080,NA,659,0,180,"Veniamin6","human",TRUE,FALSE
"W180","1303","Студия Дизайна Скретча/Текущая студия","2023-05-20T18:17:47Z",2023,"wiki_minor_edit","обновил",79,1303,"Студия Дизайна Скретча/Текущая студия",8362,NA,738,0,180,"Veniamin6","human",TRUE,FALSE
"W114","1303","Студия Дизайна Скретча/Текущая студия","2023-07-19T16:31:41Z",2023,"wiki_minor_edit","A Stroll through the Woods",-294,1303,"Студия Дизайна Скретча/Текущая студия",9033,NA,444,0,114,"Gohoski","human",TRUE,FALSE
"W114","1303","Студия Дизайна Скретча/Текущая студия","2024-02-04T14:40:10Z",2024,"wiki_minor_edit","авто: новая категоризация",12,1303,"Студия Дизайна Скретча/Текущая студия",11154,NA,456,0,114,"Gohoski","human",TRUE,FALSE
"W114","1305","1 апреля в Скретч","2023-01-03T16:13:39Z",2023,"wiki_minor_edit","Gohoski переименовал страницу [[1 апреля в Скретч]] в [[День смеха]]: На англ. вики так",55,1305,"1 апреля в Скретч",6734,NA,55,0,114,"Gohoski","human",TRUE,FALSE
"W114","1306","Среда вики","2023-01-03T16:22:09Z",2023,"wiki_minor_edit","Gohoski переименовал страницу [[Среда вики]] в [[Скретч Вики:Среда вики]]: Статья о Скретч Вики, но не о самом Скретч",77,1306,"Среда вики",6736,NA,77,0,114,"Gohoski","human",TRUE,FALSE
"W114","1307","Вики Среда","2023-01-03T16:23:34Z",2023,"wiki_minor_edit","Перенаправление на [[Скретч Вики:Среда вики]]",77,1307,"Вики Среда",6737,NA,77,0,114,"Gohoski","human",TRUE,FALSE
"W114","1314","Обнаружение правой кнопки мыши (1.4)","2023-01-15T09:13:56Z",2023,"wiki_minor_edit","Gohoski переименовал страницу [[Обнаружение правой кнопки мыши (1.4)]] в [[Детектор нажатия правой кнопки мыши (для 1.4)]]",115,1314,"Обнаружение правой кнопки мыши (1.4)",6801,NA,115,0,114,"Gohoski","human",TRUE,FALSE
"W114","1320","Обход блокировки сайта Scratch","2023-01-18T17:37:56Z",2023,"wiki_minor_edit","Gohoski переименовал страницу [[Обход блокировки сайта Scratch]] в [[Обход блокировки сайта Скретч]]: лучше использовать русское написание Скретч",91,1320,"Обход блокировки сайта Scratch",6833,NA,91,0,114,"Gohoski","human",TRUE,FALSE
"W114","1320","Обход блокировки сайта Scratch","2023-05-23T11:13:30Z",2023,"wiki_minor_edit","Исправление двойного перенаправления",2,1320,"Обход блокировки сайта Scratch",8420,NA,93,0,114,"Gohoski","human",TRUE,FALSE
"W269","1320","Обход блокировки сайта Scratch","2025-05-05T08:32:50Z",2025,"wiki_minor_edit","Удалено перенаправление на [[Обход блокировки сайта Скретча]]",26,1320,"Обход блокировки сайта Scratch",12907,NA,119,0,269,"Tagir14012014","human",TRUE,FALSE
"W269","1320","Обход блокировки сайта Scratch","2025-05-05T08:33:07Z",2025,"wiki_minor_edit","Перенаправление на [[Обход блокировки сайта Скретча]]",-26,1320,"Обход блокировки сайта Scratch",12908,NA,93,0,269,"Tagir14012014","human",TRUE,FALSE
"W120","1326","Show and Tell (форум)","2023-01-20T10:41:43Z",2023,"wiki_minor_edit","Новая страница: «{{Незавершённая статья}} Show and Tell (с анг. «Показать и рассказать») - англоязычный форум Скр...»",738,1326,"Show and Tell (форум)",6851,NA,738,0,120,"Idey programm","human",TRUE,FALSE
"W180","1326","Show and Tell (форум)","2023-01-20T20:07:50Z",2023,"wiki_minor_edit","Добавил ссылку на форум и добавил информацию",159,1326,"Show and Tell (форум)",6871,NA,897,0,180,"Veniamin6","human",TRUE,FALSE
"W114","1326","Show and Tell (форум)","2023-01-21T10:25:17Z",2023,"wiki_minor_edit","<small>Немного</small> дополнил перевод и добавил интервики",691,1326,"Show and Tell (форум)",6873,NA,1588,0,114,"Gohoski","human",TRUE,FALSE
"W180","1326","Show and Tell (форум)","2023-02-03T17:00:41Z",2023,"wiki_minor_edit","",2332,1326,"Show and Tell (форум)",7190,NA,3920,0,180,"Veniamin6","human",TRUE,FALSE
"W180","1326","Show and Tell (форум)","2023-02-03T17:04:30Z",2023,"wiki_minor_edit","небольшие корректировки",-168,1326,"Show and Tell (форум)",7191,NA,3752,0,180,"Veniamin6","human",TRUE,FALSE
"W120","1326","Show and Tell (форум)","2023-02-11T14:13:32Z",2023,"wiki_minor_edit","",-9,1326,"Show and Tell (форум)",7451,NA,3743,0,120,"Idey programm","human",TRUE,FALSE
"W180","1326","Show and Tell (форум)","2023-04-18T17:33:26Z",2023,"wiki_minor_edit","карточка",473,1326,"Show and Tell (форум)",8169,NA,4216,0,180,"Veniamin6","human",TRUE,FALSE
"W180","1326","Show and Tell (форум)","2023-05-23T16:04:17Z",2023,"wiki_minor_edit","",8,1326,"Show and Tell (форум)",8428,NA,4224,0,180,"Veniamin6","human",TRUE,FALSE
"W120","1327","Закреплённые темы (форум)","2023-01-20T11:03:10Z",2023,"wiki_minor_edit","Новая страница: «В отличии от [[Языковые форумы|языковых форумов]] английские<ref>Нужно отметить, что такие...»",1569,1327,"Закреплённые темы (форум)",6852,NA,1569,0,120,"Idey programm","human",TRUE,FALSE
"W217","1327","Закреплённые темы (форум)","2023-11-18T17:57:15Z",2023,"wiki_minor_edit","[[Категория:Форум]]",48,1327,"Закреплённые темы (форум)",10487,NA,1617,0,217,"AGScratcherBest","human",TRUE,FALSE
"W114","1327","Закреплённые темы (форум)","2024-02-04T15:21:37Z",2024,"wiki_minor_edit","авто: новая категоризация",2,1327,"Закреплённые темы (форум)",11262,NA,1619,0,114,"Gohoski","human",TRUE,FALSE
"W120","1328","Расскажи и покажи","2023-01-20T11:16:23Z",2023,"wiki_minor_edit","Перенаправление на [[Show and Tell (форум)]]",62,1328,"Расскажи и покажи",6856,NA,62,0,120,"Idey programm","human",TRUE,FALSE
"W114","1330","Скретч API","2023-01-20T15:48:36Z",2023,"wiki_minor_edit","Gohoski переименовал страницу [[Скретч API]] в [[API Скретча]]: Правильное название по правилам русского языка",54,1330,"Скретч API",6864,NA,54,0,114,"Gohoski","human",TRUE,FALSE
"W114","1332","Плеер Java","2023-01-20T18:55:37Z",2023,"wiki_minor_edit","Gohoski переименовал страницу [[Плеер Java]] в [[Java-плеер]]: Правильное название по правилам русского языка",51,1332,"Плеер Java",6870,NA,51,0,114,"Gohoski","human",TRUE,FALSE
"W181","1335","Категории блоков","2023-01-21T11:16:18Z",2023,"wiki_minor_edit","Новая страница: «'''Категории блоков''' — это способ сортировки [[блок]]ов в [[Палитра блоков|палитре блоков]]...»",6735,1335,"Категории блоков",6876,NA,6735,0,181,"Zuenko-michail","human",TRUE,FALSE
"W181","1335","Категории блоков","2023-01-21T11:18:49Z",2023,"wiki_minor_edit","",20,1335,"Категории блоков",6877,NA,6755,0,181,"Zuenko-michail","human",TRUE,FALSE
"W181","1335","Категории блоков","2023-01-21T16:20:37Z",2023,"wiki_minor_edit","Исправление ссылки на Расширения Скретч",13,1335,"Категории блоков",6907,NA,6768,0,181,"Zuenko-michail","human",TRUE,FALSE
"W181","1335","Категории блоков","2023-01-22T08:27:16Z",2023,"wiki_minor_edit","Добавлен шаблон Категории блоков",36,1335,"Категории блоков",6942,NA,6804,0,181,"Zuenko-michail","human",TRUE,FALSE
"W114","1335","Категории блоков","2024-02-04T15:28:46Z",2024,"wiki_minor_edit","авто: новая категоризация",2,1335,"Категории блоков",11325,NA,6806,0,114,"Gohoski","human",TRUE,FALSE
"W181","1338","Мой блок","2023-01-21T13:53:35Z",2023,"wiki_minor_edit","Zuenko-michail переименовал страницу [[Мой блок]] в [[Другие блоки]]: Сейчас категория называется ""Другие блоки"".",59,1338,"Мой блок",6885,NA,59,0,181,"Zuenko-michail","human",TRUE,FALSE
"W120","1340","Ник","2023-01-21T15:37:17Z",2023,"wiki_minor_edit","Перенаправление на [[Имя пользователя (аккаунт)]]",84,1340,"Ник",6899,NA,84,0,120,"Idey programm","human",TRUE,FALSE
"W114","1342","Музыка","2023-01-21T16:21:23Z",2023,"wiki_minor_edit","Gohoski переименовал страницу [[Музыка]] в [[Блок музыки]]: Здесь приняты названия этой формы",57,1342,"Музыка",6909,NA,57,0,114,"Gohoski","human",TRUE,FALSE
"W180","1344","Project Ideas (форум)","2023-01-21T19:36:32Z",2023,"wiki_minor_edit","Новая страница: «Этот форум скретча переводится на русский как ""проектные идеи"". Здесь ты можешь предложи...»",226,1344,"Project Ideas (форум)",6918,NA,226,0,180,"Veniamin6","human",TRUE,FALSE
"W120","1344","Project Ideas (форум)","2023-03-03T12:56:17Z",2023,"wiki_minor_edit","",46,1344,"Project Ideas (форум)",7734,NA,272,0,120,"Idey programm","human",TRUE,FALSE
"W180","1344","Project Ideas (форум)","2023-03-17T15:12:34Z",2023,"wiki_minor_edit","",2766,1344,"Project Ideas (форум)",7913,NA,3038,0,180,"Veniamin6","human",TRUE,FALSE
"W120","1344","Project Ideas (форум)","2023-03-17T16:02:44Z",2023,"wiki_minor_edit","",10,1344,"Project Ideas (форум)",7919,NA,3048,0,120,"Idey programm","human",TRUE,FALSE
"W180","1344","Project Ideas (форум)","2023-04-16T16:33:49Z",2023,"wiki_minor_edit","карточка",456,1344,"Project Ideas (форум)",8153,NA,3504,0,180,"Veniamin6","human",TRUE,FALSE
"W180","1344","Project Ideas (форум)","2023-04-16T16:41:25Z",2023,"wiki_minor_edit","дата",30,1344,"Project Ideas (форум)",8157,NA,3534,0,180,"Veniamin6","human",TRUE,FALSE
"W180","1344","Project Ideas (форум)","2023-05-23T16:04:49Z",2023,"wiki_minor_edit","",-2,1344,"Project Ideas (форум)",8429,NA,3532,0,180,"Veniamin6","human",TRUE,FALSE
"W114","1344","Project Ideas (форум)","2024-02-04T15:21:13Z",2024,"wiki_minor_edit","авто: новая категоризация",2,1344,"Project Ideas (форум)",11255,NA,3534,0,114,"Gohoski","human",TRUE,FALSE
"W181","1348","Блок сенсоров","2023-01-22T09:48:34Z",2023,"wiki_minor_edit","Новая страница: «{{Категории блоков|категория=сенсоры}} '''Сенсоры''' — одна из Категории блоков|категорий...»",9345,1348,"Блок сенсоров",6947,NA,9345,0,181,"Zuenko-michail","human",TRUE,FALSE
"W114","1348","Блок сенсоров","2023-01-22T09:55:03Z",2023,"wiki_minor_edit","Gohoski переименовал страницу [[Блоки сенсоров]] в [[Блок сенсоров]] поверх перенаправления: Лучше использовать в названии ед. ч. слова «блок»",0,1348,"Блок сенсоров",6951,NA,9345,0,114,"Gohoski","human",TRUE,FALSE
"W184","1348","Блок сенсоров","2023-02-03T06:19:07Z",2023,"wiki_minor_edit","Добавлены ссылки на блоки.",466,1348,"Блок сенсоров",7176,NA,9811,0,184,"Alex Ilya","human",TRUE,FALSE
"W114","1348","Блок сенсоров","2023-02-03T17:57:17Z",2023,"wiki_minor_edit","",-77,1348,"Блок сенсоров",7216,NA,9734,0,114,"Gohoski","human",TRUE,FALSE
"W184","1348","Блок сенсоров","2023-02-06T08:10:21Z",2023,"wiki_minor_edit","Добавлены недостающие ссылки.",299,1348,"Блок сенсоров",7241,NA,10033,0,184,"Alex Ilya","human",TRUE,FALSE
"W184","1348","Блок сенсоров","2023-03-07T17:45:13Z",2023,"wiki_minor_edit","Исправлена ссылка блока ""Сбросить таймер"".",17,1348,"Блок сенсоров",7792,NA,10050,0,184,"Alex Ilya","human",TRUE,FALSE
"W114","1348","Блок сенсоров","2024-02-04T15:28:27Z",2024,"wiki_minor_edit","авто: новая категоризация",2,1348,"Блок сенсоров",11318,NA,10052,0,114,"Gohoski","human",TRUE,FALSE
"W114","1350","Блоки сенсоров","2023-01-22T09:55:03Z",2023,"wiki_minor_edit","Gohoski переименовал страницу [[Блоки сенсоров]] в [[Блок сенсоров]] поверх перенаправления: Лучше использовать в названии ед. ч. слова «блок»",61,1350,"Блоки сенсоров",6952,NA,61,0,114,"Gohoski","human",TRUE,FALSE
"W114","1351","Блок переменной","2023-01-22T10:16:55Z",2023,"wiki_minor_edit","Gohoski переименовал страницу [[Блок переменной]] в [[Блок переменных]] поверх перенаправления: Переменная же не одна :)",65,1351,"Блок переменной",6955,NA,65,0,114,"Gohoski","human",TRUE,FALSE
"W120","1352","Истории","2023-01-22T10:37:16Z",2023,"wiki_minor_edit","Новая страница: «'''История''' - один из основных [[Типы проектов|типов проектов]], представляющая из себя по...»",913,1352,"Истории",6959,NA,913,0,120,"Idey programm","human",TRUE,FALSE
"W181","1364","Облачные данные","2023-01-23T04:36:25Z",2023,"wiki_minor_edit","Перенаправление на [[Облачная переменная]]",73,1364,"Облачные данные",6992,NA,73,0,181,"Zuenko-michail","human",TRUE,FALSE
"W181","1367","Блок текст в речь","2023-01-23T06:09:33Z",2023,"wiki_minor_edit","Новая страница: «[[Файл:音声合成.png|thumb|right|200px|Картинка расширения Текст в речь в Скретч 3.0]] {{Категории расшир...»",4282,1367,"Блок текст в речь",7001,NA,4282,0,181,"Zuenko-michail","human",TRUE,FALSE
"W181","1367","Блок текст в речь","2023-01-29T10:11:03Z",2023,"wiki_minor_edit","Добавлена категория ""Расширения Скретч 3.0""",17,1367,"Блок текст в речь",7097,NA,4299,0,181,"Zuenko-michail","human",TRUE,FALSE
"W114","1367","Блок текст в речь","2024-02-04T15:23:48Z",2024,"wiki_minor_edit","авто: новая категоризация",0,1367,"Блок текст в речь",11304,NA,4299,0,114,"Gohoski","human",TRUE,FALSE
"W114","1367","Блок текст в речь","2024-02-04T15:28:37Z",2024,"wiki_minor_edit","авто: новая категоризация",2,1367,"Блок текст в речь",11322,NA,4301,0,114,"Gohoski","human",TRUE,FALSE
"W269","1367","Блок текст в речь","2025-05-10T15:38:51Z",2025,"wiki_minor_edit","",38,1367,"Блок текст в речь",13232,NA,4339,0,269,"Tagir14012014","human",TRUE,FALSE
"W269","1367","Блок текст в речь","2025-05-11T07:21:38Z",2025,"wiki_minor_edit","",2,1367,"Блок текст в речь",13252,NA,4341,0,269,"Tagir14012014","human",TRUE,FALSE
"W114","1368","Блок переводчика Google","2023-01-24T12:07:09Z",2023,"wiki_minor_edit","Gohoski переименовал страницу [[Блок переводчика Google]] в [[Блок перевода]]",61,1368,"Блок переводчика Google",7003,NA,61,0,114,"Gohoski","human",TRUE,FALSE
"W114","1369","Блок переводчика","2023-01-24T12:07:23Z",2023,"wiki_minor_edit","Перенаправление на [[Блок перевода]]",61,1369,"Блок переводчика",7004,NA,61,0,114,"Gohoski","human",TRUE,FALSE
"W114","1370","Перевести","2023-01-24T12:07:34Z",2023,"wiki_minor_edit","Перенаправление на [[Блок перевода]]",61,1370,"Перевести",7005,NA,61,0,114,"Gohoski","human",TRUE,FALSE
"W114","1372","Идти ( ) шагов","2023-01-24T18:17:59Z",2023,"wiki_minor_edit","Gohoski переименовал страницу [[Идти ( ) шагов]] в [[Блок движения/Идти () шагов]]",84,1372,"Идти ( ) шагов",7011,NA,84,0,114,"Gohoski","human",TRUE,FALSE
"W114","1376","Профиль (2.0)","2023-01-25T18:59:25Z",2023,"wiki_minor_edit","Gohoski переименовал страницу [[Профиль (2.0)]] в [[Профиль (для 2.0)]]",63,1376,"Профиль (2.0)",7036,NA,63,0,114,"Gohoski","human",TRUE,FALSE
"W114","1376","Профиль (2.0)","2023-01-25T19:09:46Z",2023,"wiki_minor_edit","Перенаправление изменено с [[Профиль (для 2.0)]] на [[Профиль]]",-13,1376,"Профиль (2.0)",7040,NA,50,0,114,"Gohoski","human",TRUE,FALSE
"W114","1377","Профиль (для 2.0)","2023-01-25T19:09:25Z",2023,"wiki_minor_edit","Gohoski переименовал страницу [[Профиль (для 2.0)]] в [[Профиль]]: Профиль текущей версии Скретч",50,1377,"Профиль (для 2.0)",7039,NA,50,0,114,"Gohoski","human",TRUE,FALSE
"W114","1378","Профиль (1.4)","2023-01-25T19:10:08Z",2023,"wiki_minor_edit","Gohoski переименовал страницу [[Профиль (1.4)]] в [[Профиль (для 1.4)]]",63,1378,"Профиль (1.4)",7042,NA,63,0,114,"Gohoski","human",TRUE,FALSE
"W114","1382","Сообщения","2023-01-26T16:19:07Z",2023,"wiki_minor_edit","Перенаправление на [[Сообщения (значения)]]",73,1382,"Сообщения",7055,NA,73,0,114,"Gohoski","human",TRUE,FALSE
"W120","1387","Сенсор(категория)","2023-01-27T13:56:47Z",2023,"wiki_minor_edit","Новая страница: «{{Незавершённая статья}} ''Основная статья: [[Блок сенсоров]]''<br>  '''Сенсоры''' — одна из Кат...»",784,1387,"Сенсор(категория)",7062,NA,784,0,120,"Idey programm","human",TRUE,FALSE
"W114","1387","Сенсор(категория)","2023-01-27T14:46:02Z",2023,"wiki_minor_edit","Перенаправление на [[Блок сенсоров]]",-723,1387,"Сенсор(категория)",7063,NA,61,0,114,"Gohoski","human",TRUE,FALSE
"W181","1392","Блок рисования","2023-01-29T09:40:48Z",2023,"wiki_minor_edit","Zuenko-michail переименовал страницу [[Блок рисования]] в [[Перо (расширение)]]: Эта статья о расширении, на английской вики она называется Pen Extension",67,1392,"Блок рисования",7085,NA,67,0,181,"Zuenko-michail","human",TRUE,FALSE
"W114","1392","Блок рисования","2023-01-29T17:45:59Z",2023,"wiki_minor_edit","Исправление двойного перенаправления",-14,1392,"Блок рисования",7119,NA,53,0,114,"Gohoski","human",TRUE,FALSE
"W114","1393","Музыка (расширение)","2023-01-29T09:51:18Z",2023,"wiki_minor_edit","Gohoski переименовал страницу [[Музыка (расширение)]] в [[Блок музыки]] поверх перенаправления: Страницы о блоках принято называть так",57,1393,"Музыка (расширение)",7089,NA,57,0,114,"Gohoski","human",TRUE,FALSE
"W114","1394","Перо (расширение)","2023-01-29T09:57:47Z",2023,"wiki_minor_edit","Gohoski переименовал страницу [[Перо (расширение)]] в [[Блок пера]]",53,1394,"Перо (расширение)",7091,NA,53,0,114,"Gohoski","human",TRUE,FALSE
"W114","1397","() содержит ()?","2023-01-29T10:29:19Z",2023,"wiki_minor_edit","Gohoski переименовал страницу [[() содержит ()?]] в [[() содержит ()? (значения)]]",78,1397,"() содержит ()?",7102,NA,78,0,114,"Gohoski","human",TRUE,FALSE
"W114","1401","Новичок","2023-01-29T17:56:46Z",2023,"wiki_minor_edit","Gohoski переименовал страницу [[Новичок]] в [[Новый скретчер]]: Статус называется не Новичок",63,1401,"Новичок",7122,NA,63,0,114,"Gohoski","human",TRUE,FALSE
"W180","1405","Propose Projects to be Featured","2023-02-01T06:25:58Z",2023,"wiki_minor_edit","Новая страница: «Студия ""Предлагай проекты для избрания"" (англ. аббревиатура -- PPTBF) это студия , где Скретче...»",2155,1405,"Propose Projects to be Featured",7154,NA,2155,0,180,"Veniamin6","human",TRUE,FALSE
"W180","1405","Propose Projects to be Featured","2023-02-01T06:30:56Z",2023,"wiki_minor_edit","добавил ссылки",86,1405,"Propose Projects to be Featured",7155,NA,2241,0,180,"Veniamin6","human",TRUE,FALSE
"W180","1405","Propose Projects to be Featured","2023-02-01T06:31:21Z",2023,"wiki_minor_edit","",-2,1405,"Propose Projects to be Featured",7156,NA,2239,0,180,"Veniamin6","human",TRUE,FALSE
"W180","1405","Propose Projects to be Featured","2023-02-01T06:39:02Z",2023,"wiki_minor_edit","",44,1405,"Propose Projects to be Featured",7158,NA,2283,0,180,"Veniamin6","human",TRUE,FALSE
"W180","1405","Propose Projects to be Featured","2023-02-01T06:45:25Z",2023,"wiki_minor_edit","",72,1405,"Propose Projects to be Featured",7159,NA,2355,0,180,"Veniamin6","human",TRUE,FALSE
"W180","1405","Propose Projects to be Featured","2023-02-01T06:45:52Z",2023,"wiki_minor_edit","",-5,1405,"Propose Projects to be Featured",7160,NA,2350,0,180,"Veniamin6","human",TRUE,FALSE
"W180","1405","Propose Projects to be Featured","2023-02-01T06:46:33Z",2023,"wiki_minor_edit","",43,1405,"Propose Projects to be Featured",7161,NA,2393,0,180,"Veniamin6","human",TRUE,FALSE
"W180","1405","Propose Projects to be Featured","2023-02-01T06:59:09Z",2023,"wiki_minor_edit","",0,1405,"Propose Projects to be Featured",7162,NA,2393,0,180,"Veniamin6","human",TRUE,FALSE
"W180","1405","Propose Projects to be Featured","2023-02-01T06:59:35Z",2023,"wiki_minor_edit","",0,1405,"Propose Projects to be Featured",7163,NA,2393,0,180,"Veniamin6","human",TRUE,FALSE
"W114","1405","Propose Projects to be Featured","2023-02-02T15:54:07Z",2023,"wiki_minor_edit","",249,1405,"Propose Projects to be Featured",7170,NA,2642,0,114,"Gohoski","human",TRUE,FALSE
"W114","1405","Propose Projects to be Featured","2023-02-02T15:54:29Z",2023,"wiki_minor_edit","Gohoski переименовал страницу [[Propose Projets to be Featured]] в [[Propose Projects to be Featured]] без оставления перенаправления: очепаточка)",0,1405,"Propose Projects to be Featured",7171,NA,2642,0,114,"Gohoski","human",TRUE,FALSE
"W120","1405","Propose Projects to be Featured","2023-03-19T08:46:10Z",2023,"wiki_minor_edit","",-31,1405,"Propose Projects to be Featured",7960,NA,2611,0,120,"Idey programm","human",TRUE,FALSE
"W114","1408","Повторить () раз (блок)","2023-02-02T15:33:04Z",2023,"wiki_minor_edit","Gohoski переименовал страницу [[Повторить () раз (блок)]] в [[Блок управления/Повторить () раз]]",94,1408,"Повторить () раз (блок)",7167,NA,94,0,114,"Gohoski","human",TRUE,FALSE
"W114","1408","Повторить () раз (блок)","2023-02-02T15:44:09Z",2023,"wiki_minor_edit","Перенаправление изменено с [[Блок управления/Повторить () раз]] на [[Блок управления#repeat]]",-22,1408,"Повторить () раз (блок)",7169,NA,72,0,114,"Gohoski","human",TRUE,FALSE
"W184","1409","Блок сенсоров/Касается ()","2023-02-02T19:16:29Z",2023,"wiki_minor_edit","Создание страницы.",2323,1409,"Блок сенсоров/Касается ()",7173,NA,2323,0,184,"Alex Ilya","human",TRUE,FALSE
"W114","1409","Блок сенсоров/Касается ()","2023-02-03T17:50:13Z",2023,"wiki_minor_edit","Gohoski переименовал страницу [[Касается () (блок)]] в [[Блок сенсоров/Касается ()]] без оставления перенаправления",0,1409,"Блок сенсоров/Касается ()",7204,NA,2323,0,114,"Gohoski","human",TRUE,FALSE
"W114","1409","Блок сенсоров/Касается ()","2023-02-10T14:58:55Z",2023,"wiki_minor_edit","",-65,1409,"Блок сенсоров/Касается ()",7403,NA,2258,0,114,"Gohoski","human",TRUE,FALSE
"W189","1409","Блок сенсоров/Касается ()","2023-10-25T19:23:29Z",2023,"wiki_minor_edit","",351,1409,"Блок сенсоров/Касается ()",9918,NA,2609,0,189,"Scratch craft 2","human",TRUE,FALSE
"W114","1409","Блок сенсоров/Касается ()","2024-02-04T15:28:29Z",2024,"wiki_minor_edit","авто: новая категоризация",2,1409,"Блок сенсоров/Касается ()",11319,NA,2611,0,114,"Gohoski","human",TRUE,FALSE
"W184","1410","Имя участника (блок)","2023-02-03T06:15:06Z",2023,"wiki_minor_edit","Alex Ilya переименовал страницу [[Имя участника (блок)]] в [[Имя пользователя (блок)]]: В данный момент не существует блока ""Имя участника"".",78,1410,"Имя участника (блок)",7175,NA,78,0,184,"Alex Ilya","human",TRUE,FALSE
"W114","1410","Имя участника (блок)","2023-02-09T19:03:54Z",2023,"wiki_minor_edit","Перенаправление изменено с [[Имя пользователя (блок)]] на [[Блок сенсоров#username]]",-8,1410,"Имя участника (блок)",7394,NA,70,0,114,"Gohoski","human",TRUE,FALSE
"W184","1413","Блок операторов/Объединить () ()","2023-02-03T09:25:14Z",2023,"wiki_minor_edit","Новая страница: «{{Незавершённая статья}}  ==Описание блока== {{Карточка блока |Название=Объединить () () |код=о...»",1484,1413,"Блок операторов/Объединить () ()",7181,NA,1484,0,184,"Alex Ilya","human",TRUE,FALSE
"W184","1413","Блок операторов/Объединить () ()","2023-02-09T08:30:03Z",2023,"wiki_minor_edit","Добавлен раздел ""Смотрите также"", добавлены ссылки на иностранные вики, добавлено несколько примеров, убран раздел ""Описание блока"".",466,1413,"Блок операторов/Объединить () ()",7330,NA,1950,0,184,"Alex Ilya","human",TRUE,FALSE
"W189","1413","Блок операторов/Объединить () ()","2023-06-18T14:02:29Z",2023,"wiki_minor_edit","/* Примеры использования */ исправил блок",0,1413,"Блок операторов/Объединить () ()",8731,NA,1950,0,189,"Scratch craft 2","human",TRUE,FALSE
"W217","1413","Блок операторов/Объединить () ()","2023-11-14T22:09:40Z",2023,"wiki_minor_edit","",108,1413,"Блок операторов/Объединить () ()",10405,NA,2058,0,217,"AGScratcherBest","human",TRUE,FALSE
"W184","1415","Блок сенсоров/Текущий ()","2023-02-03T11:49:33Z",2023,"wiki_minor_edit","Новая страница: «{{Карточка блока|scratchblocks=<scratchblocks>(текущий ( v))</scratchblocks>|категория=Сенсоры|ссылка=Блок сенс...»",2488,1415,"Блок сенсоров/Текущий ()",7183,NA,2488,0,184,"Alex Ilya","human",TRUE,FALSE
"W114","1415","Блок сенсоров/Текущий ()","2023-02-03T17:49:04Z",2023,"wiki_minor_edit","Gohoski переименовал страницу [[Текущий () (блок)]] в [[Блок сенсоров/Текущий ()]]",0,1415,"Блок сенсоров/Текущий ()",7198,NA,2488,0,114,"Gohoski","human",TRUE,FALSE
"W184","1416","Время (блок)","2023-02-03T12:27:40Z",2023,"wiki_minor_edit","Перенаправление на [[Текущий () (блок)]]",64,1416,"Время (блок)",7185,NA,64,0,184,"Alex Ilya","human",TRUE,FALSE
"W184","1417","Блок сенсоров/Сбросить таймер","2023-02-03T15:18:28Z",2023,"wiki_minor_edit","Новая страница: «==Описание блока== {{Карточка блока|scratchblocks=<scratchblocks>сбросить таймер</scratchblocks>|категория=Сен...»",1633,1417,"Блок сенсоров/Сбросить таймер",7186,NA,1633,0,184,"Alex Ilya","human",TRUE,FALSE
"W114","1417","Блок сенсоров/Сбросить таймер","2023-02-03T17:49:51Z",2023,"wiki_minor_edit","Gohoski переименовал страницу [[Перезапустить таймер (блок)]] в [[Блок сенсоров/Перезапустить таймер]] без оставления перенаправления",0,1417,"Блок сенсоров/Сбросить таймер",7201,NA,1633,0,114,"Gohoski","human",TRUE,FALSE
"W114","1417","Блок сенсоров/Сбросить таймер","2023-02-10T14:58:55Z",2023,"wiki_minor_edit","",-69,1417,"Блок сенсоров/Сбросить таймер",7404,NA,1564,0,114,"Gohoski","human",TRUE,FALSE
"W184","1417","Блок сенсоров/Сбросить таймер","2023-03-07T17:42:33Z",2023,"wiki_minor_edit","Alex Ilya переименовал страницу [[Блок сенсоров/Перезапустить таймер]] в [[Блок сенсоров/Сбросить таймер]]: Не существует блока ""Перезапустить таймер"".",0,1417,"Блок сенсоров/Сбросить таймер",7790,NA,1564,0,184,"Alex Ilya","human",TRUE,FALSE
"W217","1417","Блок сенсоров/Сбросить таймер","2023-11-27T20:19:37Z",2023,"wiki_minor_edit","—",2,1417,"Блок сенсоров/Сбросить таймер",10570,NA,1566,0,217,"AGScratcherBest","human",TRUE,FALSE
"W189","1417","Блок сенсоров/Сбросить таймер","2023-12-24T18:21:07Z",2023,"wiki_minor_edit","/* Примеры использования */",109,1417,"Блок сенсоров/Сбросить таймер",10899,NA,1675,0,189,"Scratch craft 2","human",TRUE,FALSE
"W189","1417","Блок сенсоров/Сбросить таймер","2023-12-24T18:21:37Z",2023,"wiki_minor_edit","",-1,1417,"Блок сенсоров/Сбросить таймер",10900,NA,1674,0,189,"Scratch craft 2","human",TRUE,FALSE
"W217","1417","Блок сенсоров/Сбросить таймер","2023-12-24T19:59:07Z",2023,"wiki_minor_edit","Исправляйте код плиз",-38,1417,"Блок сенсоров/Сбросить таймер",10901,NA,1636,0,217,"AGScratcherBest","human",TRUE,FALSE
"W217","1417","Блок сенсоров/Сбросить таймер","2023-12-24T20:04:23Z",2023,"wiki_minor_edit","Правильная версия в котором добавили блок",3,1417,"Блок сенсоров/Сбросить таймер",10902,NA,1639,0,217,"AGScratcherBest","human",TRUE,FALSE
"W180","1418","Полный список форумов Скретч","2023-02-03T16:50:08Z",2023,"wiki_minor_edit","Veniamin6 переименовал страницу [[Полный список форумов Скретч]] в [[Список форумов]]: это название легче найти в поиске",63,1418,"Полный список форумов Скретч",7188,NA,63,0,180,"Veniamin6","human",TRUE,FALSE
"W184","1419","Блок сенсоров/Таймер","2023-02-03T16:51:36Z",2023,"wiki_minor_edit","Новая страница: «==Описание блока== {{Карточка блока|scratchblocks=<scratchblocks>(таймер)</scratchblocks>|категория=Сенсоры|ссы...»",1891,1419,"Блок сенсоров/Таймер",7189,NA,1891,0,184,"Alex Ilya","human",TRUE,FALSE
"W114","1419","Блок сенсоров/Таймер","2023-02-03T17:50:01Z",2023,"wiki_minor_edit","Gohoski переименовал страницу [[Таймер (блок)]] в [[Блок сенсоров/Таймер]]",0,1419,"Блок сенсоров/Таймер",7202,NA,1891,0,114,"Gohoski","human",TRUE,FALSE
"W120","1420","Рисунки","2023-02-03T17:15:41Z",2023,"wiki_minor_edit","Новая страница: «Рисунок - один из основных [[Типы проектов|типов проектов]], представляющий из себя програ...»",442,1420,"Рисунки",7193,NA,442,0,120,"Idey programm","human",TRUE,FALSE
"W120","1420","Рисунки","2023-02-03T17:17:55Z",2023,"wiki_minor_edit","Перенаправление на [[Рисунок]]",-392,1420,"Рисунки",7195,NA,50,0,120,"Idey programm","human",TRUE,FALSE
"W114","1421","Текущий () (блок)","2023-02-03T17:49:04Z",2023,"wiki_minor_edit","Gohoski переименовал страницу [[Текущий () (блок)]] в [[Блок сенсоров/Текущий ()]]",79,1421,"Текущий () (блок)",7199,NA,79,0,114,"Gohoski","human",TRUE,FALSE
"W114","1421","Текущий () (блок)","2023-02-09T18:58:57Z",2023,"wiki_minor_edit","Перенаправление изменено с [[Блок сенсоров/Текущий ()]] на [[Блок сенсоров#current]]",-10,1421,"Текущий () (блок)",7388,NA,69,0,114,"Gohoski","human",TRUE,FALSE
"W114","1422","Таймер (блок)","2023-02-03T17:50:01Z",2023,"wiki_minor_edit","Gohoski переименовал страницу [[Таймер (блок)]] в [[Блок сенсоров/Таймер]]",74,1422,"Таймер (блок)",7203,NA,74,0,114,"Gohoski","human",TRUE,FALSE
"W114","1422","Таймер (блок)","2023-02-09T18:56:31Z",2023,"wiki_minor_edit","Перенаправление изменено с [[Блок сенсоров/Таймер]] на [[Блок сенсоров#timer]]",-7,1422,"Таймер (блок)",7386,NA,67,0,114,"Gohoski","human",TRUE,FALSE
"W114","1423","Касается цвета () (блок)","2023-02-03T17:52:31Z",2023,"wiki_minor_edit","Gohoski переименовал страницу [[Касается цвета () (блок)]] в [[/Касается цвета ()]]",67,1423,"Касается цвета () (блок)",7207,NA,67,0,114,"Gohoski","human",TRUE,FALSE
"W114","1423","Касается цвета () (блок)","2023-02-09T18:46:42Z",2023,"wiki_minor_edit","Перенаправление изменено с [[/Касается цвета ()]] на [[Блок сенсоров#touchingcolor]]",8,1423,"Касается цвета () (блок)",7364,NA,75,0,114,"Gohoski","human",TRUE,FALSE
"W114","1424","Клавиша () нажата (блок)","2023-02-03T17:53:33Z",2023,"wiki_minor_edit","Gohoski переименовал страницу [[Клавиша () нажата (блок)]] в [[Блок сенсоров/Клавиша () нажата]]",92,1424,"Клавиша () нажата (блок)",7211,NA,92,0,114,"Gohoski","human",TRUE,FALSE
"W114","1424","Клавиша () нажата (блок)","2023-02-09T18:50:37Z",2023,"wiki_minor_edit","Перенаправление изменено с [[Блок сенсоров/Клавиша () нажата]] на [[Блок сенсоров#keypressed]]",-20,1424,"Клавиша () нажата (блок)",7372,NA,72,0,114,"Gohoski","human",TRUE,FALSE
"W180","1425","Announcements (форум)","2023-02-04T06:29:42Z",2023,"wiki_minor_edit","Новая страница: «Форум ""Анонсы"" - это форум в [[Скретч|Скретче]], где можно найти обновления от Команда Scratch|...»",3660,1425,"Announcements (форум)",7219,NA,3660,0,180,"Veniamin6","human",TRUE,FALSE
"W180","1425","Announcements (форум)","2023-02-04T06:30:00Z",2023,"wiki_minor_edit","",-17,1425,"Announcements (форум)",7220,NA,3643,0,180,"Veniamin6","human",TRUE,FALSE
"W120","1425","Announcements (форум)","2023-03-03T12:54:14Z",2023,"wiki_minor_edit","Категория:ФоруМ",-2,1425,"Announcements (форум)",7731,NA,3641,0,120,"Idey programm","human",TRUE,FALSE
"W120","1425","Announcements (форум)","2023-03-03T13:02:27Z",2023,"wiki_minor_edit","Добавление ссылок",232,1425,"Announcements (форум)",7738,NA,3873,0,120,"Idey programm","human",TRUE,FALSE
"W120","1425","Announcements (форум)","2023-03-03T13:03:33Z",2023,"wiki_minor_edit","",-28,1425,"Announcements (форум)",7739,NA,3845,0,120,"Idey programm","human",TRUE,FALSE
"W180","1425","Announcements (форум)","2023-04-16T16:23:42Z",2023,"wiki_minor_edit","карточка",603,1425,"Announcements (форум)",8148,NA,4448,0,180,"Veniamin6","human",TRUE,FALSE
"W180","1425","Announcements (форум)","2023-04-16T16:31:18Z",2023,"wiki_minor_edit","",-35,1425,"Announcements (форум)",8152,NA,4413,0,180,"Veniamin6","human",TRUE,FALSE
"W180","1425","Announcements (форум)","2023-04-16T16:40:50Z",2023,"wiki_minor_edit","дата",30,1425,"Announcements (форум)",8156,NA,4443,0,180,"Veniamin6","human",TRUE,FALSE
"W180","1425","Announcements (форум)","2023-05-23T16:03:37Z",2023,"wiki_minor_edit","",6,1425,"Announcements (форум)",8427,NA,4449,0,180,"Veniamin6","human",TRUE,FALSE
"W114","1425","Announcements (форум)","2024-02-04T15:20:37Z",2024,"wiki_minor_edit","авто: новая категоризация",2,1425,"Announcements (форум)",11245,NA,4451,0,114,"Gohoski","human",TRUE,FALSE
"W180","1426","Help with Scripts (форум)","2023-02-04T06:37:28Z",2023,"wiki_minor_edit","Новая страница: «Форум ""Помощь со скриптами"" является частью Форумов Скретча, посвященных оказанию помощ...»",2537,1426,"Help with Scripts (форум)",7221,NA,2537,0,180,"Veniamin6","human",TRUE,FALSE
"W120","1426","Help with Scripts (форум)","2023-03-03T12:55:02Z",2023,"wiki_minor_edit","Категория:ФоруМ",-2,1426,"Help with Scripts (форум)",7733,NA,2535,0,120,"Idey programm","human",TRUE,FALSE
"W120","1426","Help with Scripts (форум)","2023-03-03T15:37:16Z",2023,"wiki_minor_edit","Добавление ссылок",22,1426,"Help with Scripts (форум)",7744,NA,2557,0,120,"Idey programm","human",TRUE,FALSE
"W114","1426","Help with Scripts (форум)","2023-04-16T09:34:56Z",2023,"wiki_minor_edit","",418,1426,"Help with Scripts (форум)",8144,NA,2975,0,114,"Gohoski","human",TRUE,FALSE
"W180","1426","Help with Scripts (форум)","2023-04-16T16:30:10Z",2023,"wiki_minor_edit","исправление ошибок",-23,1426,"Help with Scripts (форум)",8150,NA,2952,0,180,"Veniamin6","human",TRUE,FALSE
"W184","1427","Блок сенсоров/Ответ","2023-02-04T09:12:50Z",2023,"wiki_minor_edit","Новая страница: «{{Незавершённая статья}}  {{Карточка блока|scratchblocks=<scratchblocks>(ответ)</scratchblocks>|категория=Сенсо...»",1670,1427,"Блок сенсоров/Ответ",7223,NA,1670,0,184,"Alex Ilya","human",TRUE,FALSE
"W184","1427","Блок сенсоров/Ответ","2023-02-04T09:13:39Z",2023,"wiki_minor_edit","Исправлена опечатка.",0,1427,"Блок сенсоров/Ответ",7224,NA,1670,0,184,"Alex Ilya","human",TRUE,FALSE
"W120","1427","Блок сенсоров/Ответ","2023-03-10T14:33:29Z",2023,"wiki_minor_edit","",318,1427,"Блок сенсоров/Ответ",7839,NA,1988,0,120,"Idey programm","human",TRUE,FALSE
"W180","1428","Collaboration (форум)","2023-02-04T16:52:34Z",2023,"wiki_minor_edit","Новая страница: «Форум ""Сотрудничество"" - это [[Форум|форум]] в [[Скретч|Скретче]], где участники Скретча ""Объ...»",2717,1428,"Collaboration (форум)",7233,NA,2717,0,180,"Veniamin6","human",TRUE,FALSE
"W120","1428","Collaboration (форум)","2023-03-03T12:56:37Z",2023,"wiki_minor_edit","Категория:ФоруМ",-2,1428,"Collaboration (форум)",7735,NA,2715,0,120,"Idey programm","human",TRUE,FALSE
"W120","1428","Collaboration (форум)","2023-03-03T13:11:54Z",2023,"wiki_minor_edit","Добавление ссылок",69,1428,"Collaboration (форум)",7742,NA,2784,0,120,"Idey programm","human",TRUE,FALSE
"W180","1428","Collaboration (форум)","2023-04-16T16:36:51Z",2023,"wiki_minor_edit","карточка",468,1428,"Collaboration (форум)",8154,NA,3252,0,180,"Veniamin6","human",TRUE,FALSE
"W180","1428","Collaboration (форум)","2023-04-16T16:41:58Z",2023,"wiki_minor_edit","дата",30,1428,"Collaboration (форум)",8158,NA,3282,0,180,"Veniamin6","human",TRUE,FALSE
"W180","1428","Collaboration (форум)","2023-05-23T16:14:16Z",2023,"wiki_minor_edit","",-53,1428,"Collaboration (форум)",8430,NA,3229,0,180,"Veniamin6","human",TRUE,FALSE
"W114","1428","Collaboration (форум)","2024-02-04T15:20:53Z",2024,"wiki_minor_edit","авто: новая категоризация",2,1428,"Collaboration (форум)",11250,NA,3231,0,114,"Gohoski","human",TRUE,FALSE
"W184","1429","Блок сенсоров/Перетаскивать ()","2023-02-04T18:11:57Z",2023,"wiki_minor_edit","Новая страница: «{{Карточка блока|scratchblocks=<scratchblocks>перетаскивать ( v)</scratchblocks>|категория=Сенсоры|ссылка=Блок...»",2082,1429,"Блок сенсоров/Перетаскивать ()",7235,NA,2082,0,184,"Alex Ilya","human",TRUE,FALSE
"W217","1429","Блок сенсоров/Перетаскивать ()","2023-12-14T18:52:32Z",2023,"wiki_minor_edit","AGScratcherBest переименовал страницу [[Блок сенсоров/Перетаскивать]] в [[Блок сенсоров/Перетаскивать ()]]",0,1429,"Блок сенсоров/Перетаскивать ()",10838,NA,2082,0,217,"AGScratcherBest","human",TRUE,FALSE
"W114","1431","Массачусетский Технологический Институт","2023-02-05T15:30:02Z",2023,"wiki_minor_edit","Перенаправление на [[Массачусетский технологический институт]]",112,1431,"Массачусетский Технологический Институт",7238,NA,112,0,114,"Gohoski","human",TRUE,FALSE
"W184","1432","Блок сенсоров/() от ()","2023-02-06T06:44:23Z",2023,"wiki_minor_edit","Новая страница: «{{Карточка блока|scratchblocks=<scratchblocks>[ v] от ( v)</scratchblocks>|категория=Сенсоры|ссылка=Блок сенсоров...»",2138,1432,"Блок сенсоров/() от ()",7239,NA,2138,0,184,"Alex Ilya","human",TRUE,FALSE
"W184","1433","Блок сенсоров/Цвет () касается цвета ()?","2023-02-06T07:59:55Z",2023,"wiki_minor_edit","Новая страница: «{{Карточка блока|scratchblocks=<scratchblocks>цвет (#00f) касается цвета (#f00)?</scratchblocks>|категория=Сенсор|с...»",2635,1433,"Блок сенсоров/Цвет () касается цвета ()?",7240,NA,2635,0,184,"Alex Ilya","human",TRUE,FALSE
"W217","1433","Блок сенсоров/Цвет () касается цвета ()?","2024-08-31T11:35:02Z",2024,"wiki_minor_edit","—",2,1433,"Блок сенсоров/Цвет () касается цвета ()?",12075,NA,2637,0,217,"AGScratcherBest","human",TRUE,FALSE
"W180","1434","Requests (форум)","2023-02-06T16:21:53Z",2023,"wiki_minor_edit","Новая страница: «== Что содержит форум == Форум запросов содержит два типа тем: запросы на создание объекта...»",6967,1434,"Requests (форум)",7244,NA,6967,0,180,"Veniamin6","human",TRUE,FALSE
"W120","1434","Requests (форум)","2023-03-03T12:56:58Z",2023,"wiki_minor_edit","Категория:ФоруМ",-2,1434,"Requests (форум)",7736,NA,6965,0,120,"Idey programm","human",TRUE,FALSE
"W180","1434","Requests (форум)","2023-04-16T16:44:56Z",2023,"wiki_minor_edit","карточка",643,1434,"Requests (форум)",8159,NA,7608,0,180,"Veniamin6","human",TRUE,FALSE
"W180","1434","Requests (форум)","2023-04-16T16:45:34Z",2023,"wiki_minor_edit","",-56,1434,"Requests (форум)",8160,NA,7552,0,180,"Veniamin6","human",TRUE,FALSE
"W180","1434","Requests (форум)","2023-05-23T16:15:11Z",2023,"wiki_minor_edit","",-237,1434,"Requests (форум)",8431,NA,7315,0,180,"Veniamin6","human",TRUE,FALSE
"W114","1434","Requests (форум)","2024-02-04T15:21:21Z",2024,"wiki_minor_edit","авто: новая категоризация",2,1434,"Requests (форум)",11257,NA,7317,0,114,"Gohoski","human",TRUE,FALSE
"W184","1435","Блок операторов/() содержит ()","2023-02-07T08:24:16Z",2023,"wiki_minor_edit","Новая страница: «{{Карточка блока | scratchblocks = <sb>[] содержит []?</sb> | категория = Операторы | ссылка = Блок операт...»",1130,1435,"Блок операторов/() содержит ()",7248,NA,1130,0,184,"Alex Ilya","human",TRUE,FALSE
"W184","1435","Блок операторов/() содержит ()","2023-02-07T08:29:04Z",2023,"wiki_minor_edit","Добавлены ссылки на иностранные виики.",96,1435,"Блок операторов/() содержит ()",7249,NA,1226,0,184,"Alex Ilya","human",TRUE,FALSE
"W184","1435","Блок операторов/() содержит ()","2023-02-09T08:49:40Z",2023,"wiki_minor_edit","Добавлен раздел ""Смотрите также""",172,1435,"Блок операторов/() содержит ()",7331,NA,1398,0,184,"Alex Ilya","human",TRUE,FALSE
"W217","1435","Блок операторов/() содержит ()","2023-11-14T22:38:00Z",2023,"wiki_minor_edit","",16,1435,"Блок операторов/() содержит ()",10408,NA,1414,0,217,"AGScratcherBest","human",TRUE,FALSE
"W184","1438","Блок операторов/() от ()","2023-02-07T17:39:26Z",2023,"wiki_minor_edit","Новая страница: «{{Карточка блока | scratchblocks = <sb>([ v] от ()::operators)</sb> | категория = Операторы | ссылка = Блок опера...»",10014,1438,"Блок операторов/() от ()",7253,NA,10014,0,184,"Alex Ilya","human",TRUE,FALSE
"W184","1438","Блок операторов/() от ()","2023-02-08T13:05:34Z",2023,"wiki_minor_edit","Добавлены объяснения функций ln и log.",1145,1438,"Блок операторов/() от ()",7281,NA,11159,0,184,"Alex Ilya","human",TRUE,FALSE
"W217","1438","Блок операторов/() от ()","2023-11-14T22:45:36Z",2023,"wiki_minor_edit","",18,1438,"Блок операторов/() от ()",10410,NA,11177,0,217,"AGScratcherBest","human",TRUE,FALSE
"W217","1438","Блок операторов/() от ()","2023-11-14T22:46:38Z",2023,"wiki_minor_edit","случайно написал Scratchblocks вместо scratchblocks, извините",0,1438,"Блок операторов/() от ()",10411,NA,11177,0,217,"AGScratcherBest","human",TRUE,FALSE
"W173","1444","Блок micro:bit","2023-02-08T11:20:48Z",2023,"wiki_minor_edit","Новая страница: «{{Незавершённая статья}}. Файл:Картинка расширения micro-bit в Скретч 3.0.png|thumb|right|200px|Картинка...»",458,1444,"Блок micro:bit",7270,NA,458,0,173,"MicroRu","human",TRUE,FALSE
"W173","1444","Блок micro:bit","2023-02-08T12:08:44Z",2023,"wiki_minor_edit","",-1,1444,"Блок micro:bit",7274,NA,457,0,173,"MicroRu","human",TRUE,FALSE
"W173","1444","Блок micro:bit","2023-02-09T06:25:44Z",2023,"wiki_minor_edit","",5671,1444,"Блок micro:bit",7315,NA,6128,0,173,"MicroRu","human",TRUE,FALSE
"W173","1444","Блок micro:bit","2023-02-09T06:28:07Z",2023,"wiki_minor_edit","/* Блоки */",56,1444,"Блок micro:bit",7316,NA,6184,0,173,"MicroRu","human",TRUE,FALSE
"W173","1444","Блок micro:bit","2023-02-09T06:30:43Z",2023,"wiki_minor_edit","/* Блоки */",611,1444,"Блок micro:bit",7317,NA,6795,0,173,"MicroRu","human",TRUE,FALSE
"W173","1444","Блок micro:bit","2023-02-09T06:39:57Z",2023,"wiki_minor_edit","",245,1444,"Блок micro:bit",7318,NA,7040,0,173,"MicroRu","human",TRUE,FALSE
"W180","1444","Блок micro:bit","2023-02-09T07:17:13Z",2023,"wiki_minor_edit","",0,1444,"Блок micro:bit",7321,NA,7040,0,180,"Veniamin6","human",TRUE,FALSE
"W173","1444","Блок micro:bit","2023-02-09T09:48:18Z",2023,"wiki_minor_edit","/* Блоки */",0,1444,"Блок micro:bit",7341,NA,7040,0,173,"MicroRu","human",TRUE,FALSE
"W180","1444","Блок micro:bit","2023-02-09T10:05:22Z",2023,"wiki_minor_edit","размер исправлен",0,1444,"Блок micro:bit",7342,NA,7040,0,180,"Veniamin6","human",TRUE,FALSE
"W173","1444","Блок micro:bit","2023-02-09T11:11:51Z",2023,"wiki_minor_edit","/* Полезные ссылки */",-2,1444,"Блок micro:bit",7345,NA,7038,0,173,"MicroRu","human",TRUE,FALSE
"W217","1444","Блок micro:bit","2023-11-14T20:05:06Z",2023,"wiki_minor_edit","Исправление ошибок",-56,1444,"Блок micro:bit",10396,NA,6982,0,217,"AGScratcherBest","human",TRUE,FALSE
"W217","1444","Блок micro:bit","2023-12-20T12:38:03Z",2023,"wiki_minor_edit","",6,1444,"Блок micro:bit",10890,NA,6988,0,217,"AGScratcherBest","human",TRUE,FALSE
"W114","1444","Блок micro:bit","2024-02-04T15:23:33Z",2024,"wiki_minor_edit","авто: новая категоризация",0,1444,"Блок micro:bit",11299,NA,6988,0,114,"Gohoski","human",TRUE,FALSE
"W269","1444","Блок micro:bit","2025-05-10T15:38:01Z",2025,"wiki_minor_edit","",38,1444,"Блок micro:bit",13230,NA,7026,0,269,"Tagir14012014","human",TRUE,FALSE
"W269","1444","Блок micro:bit","2025-05-11T07:22:21Z",2025,"wiki_minor_edit","",2,1444,"Блок micro:bit",13255,NA,7028,0,269,"Tagir14012014","human",TRUE,FALSE
"W180","1453","Bugs and Glitches (форум)","2023-02-08T15:42:30Z",2023,"wiki_minor_edit","Новая страница: «Форум ""Ошибки и глюки"" - это форум в [[Скретч|Скретче]], где [[Скретчеры]] могут сообщать об о...»",4113,1453,"Bugs and Glitches (форум)",7293,NA,4113,0,180,"Veniamin6","human",TRUE,FALSE
"W180","1453","Bugs and Glitches (форум)","2023-02-08T15:44:04Z",2023,"wiki_minor_edit","исправил ошибку",-51,1453,"Bugs and Glitches (форум)",7294,NA,4062,0,180,"Veniamin6","human",TRUE,FALSE
"W120","1453","Bugs and Glitches (форум)","2023-03-03T12:57:30Z",2023,"wiki_minor_edit","Категория:ФоруМ",-2,1453,"Bugs and Glitches (форум)",7737,NA,4060,0,120,"Idey programm","human",TRUE,FALSE
"W120","1453","Bugs and Glitches (форум)","2023-03-03T13:07:22Z",2023,"wiki_minor_edit","Добавление ссылок",39,1453,"Bugs and Glitches (форум)",7740,NA,4099,0,120,"Idey programm","human",TRUE,FALSE
"W120","1453","Bugs and Glitches (форум)","2023-03-03T13:07:45Z",2023,"wiki_minor_edit","",0,1453,"Bugs and Glitches (форум)",7741,NA,4099,0,120,"Idey programm","human",TRUE,FALSE
"W180","1453","Bugs and Glitches (форум)","2023-04-20T17:43:33Z",2023,"wiki_minor_edit","карточка",403,1453,"Bugs and Glitches (форум)",8177,NA,4502,0,180,"Veniamin6","human",TRUE,FALSE
"W114","1453","Bugs and Glitches (форум)","2024-02-04T15:20:49Z",2024,"wiki_minor_edit","авто: новая категоризация",2,1453,"Bugs and Glitches (форум)",11249,NA,4504,0,114,"Gohoski","human",TRUE,FALSE
"W173","1454","Массрепорт","2023-02-08T17:31:42Z",2023,"wiki_minor_edit","Новая страница: «{{Важно|При злоупотреблении репортами Вас могут забанить не только по аккаунту, но и по IP-...»",731,1454,"Массрепорт",7295,NA,731,0,173,"MicroRu","human",TRUE,FALSE
"W173","1454","Массрепорт","2023-02-08T18:22:14Z",2023,"wiki_minor_edit","",99,1454,"Массрепорт",7308,NA,830,0,173,"MicroRu","human",TRUE,FALSE
"W173","1454","Массрепорт","2023-02-08T18:25:07Z",2023,"wiki_minor_edit","",32,1454,"Массрепорт",7310,NA,862,0,173,"MicroRu","human",TRUE,FALSE
"W173","1454","Массрепорт","2023-02-08T18:29:34Z",2023,"wiki_minor_edit","",0,1454,"Массрепорт",7312,NA,862,0,173,"MicroRu","human",TRUE,FALSE
"W173","1454","Массрепорт","2023-02-08T18:42:18Z",2023,"wiki_minor_edit","",-2,1454,"Массрепорт",7313,NA,860,0,173,"MicroRu","human",TRUE,FALSE
"W173","1454","Массрепорт","2023-04-19T15:15:00Z",2023,"wiki_minor_edit","",0,1454,"Массрепорт",8174,NA,860,0,173,"MicroRu","human",TRUE,FALSE
"W173","1461","Блок сенсора","2023-02-09T08:54:23Z",2023,"wiki_minor_edit","Перенаправление на [[Блок сенсоров]]",61,1461,"Блок сенсора",7334,NA,61,0,173,"MicroRu","human",TRUE,FALSE
"W184","1462","Ждать () секунд (блок)","2023-02-09T09:48:07Z",2023,"wiki_minor_edit","Alex Ilya переименовал страницу [[Ждать () секунд (блок)]] в [[Блок управления/Ждать () секунд]]",92,1462,"Ждать () секунд (блок)",7340,NA,92,0,184,"Alex Ilya","human",TRUE,FALSE
"W114","1462","Ждать () секунд (блок)","2023-06-03T18:56:49Z",2023,"wiki_minor_edit","Перенаправление изменено с [[Блок управления/Ждать () секунд]] на [[Блок управления#wait]]",-22,1462,"Ждать () секунд (блок)",8620,NA,70,0,114,"Gohoski","human",TRUE,FALSE
"W114","1464","() или () (блок)","2023-02-09T18:35:18Z",2023,"wiki_minor_edit","Перенаправление на [[Блок операторов#or]]",68,1464,"() или () (блок)",7352,NA,68,0,114,"Gohoski","human",TRUE,FALSE
"W114","1465","Не () (блок)","2023-02-09T18:36:06Z",2023,"wiki_minor_edit","Перенаправление на [[Блок операторов#not]]",69,1465,"Не () (блок)",7354,NA,69,0,114,"Gohoski","human",TRUE,FALSE
"W114","1466","Объединить () () (блок)","2023-02-09T18:36:41Z",2023,"wiki_minor_edit","Перенаправление на [[Блок операторов#join]]",70,1466,"Объединить () () (блок)",7355,NA,70,0,114,"Gohoski","human",TRUE,FALSE
"W114","1467","() содержит () (блок)","2023-02-09T18:38:51Z",2023,"wiki_minor_edit","Перенаправление на [[() содержит ()? (значения)]]",78,1467,"() содержит () (блок)",7358,NA,78,0,114,"Gohoski","human",TRUE,FALSE
"W114","1468","() от () (блок)","2023-02-09T18:40:28Z",2023,"wiki_minor_edit","Перенаправление на [[() от () (значения)]]",65,1468,"() от () (блок)",7360,NA,65,0,114,"Gohoski","human",TRUE,FALSE
"W114","1469","() от () (значения)","2023-02-09T18:43:27Z",2023,"wiki_minor_edit","Новая страница: «{{Неоднозначность}}  * [[Блок сенсоров#of|[ v] от ( v)]] — блок в категории «Сенсоры» * Блок опер...»",251,1469,"() от () (значения)",7361,NA,251,0,114,"Gohoski","human",TRUE,FALSE
"W114","1470","Касается ()? (блок)","2023-02-09T18:46:01Z",2023,"wiki_minor_edit","Перенаправление на [[Блок сенсоров#touching]]",70,1470,"Касается ()? (блок)",7363,NA,70,0,114,"Gohoski","human",TRUE,FALSE
"W114","1471","Касается цвета ()? (блок)","2023-02-09T18:47:16Z",2023,"wiki_minor_edit","Перенаправление на [[Блок сенсоров#touchingcolor]]",75,1471,"Касается цвета ()? (блок)",7365,NA,75,0,114,"Gohoski","human",TRUE,FALSE
"W114","1472","Цвет () касается цвета () (блок)","2023-02-09T18:47:58Z",2023,"wiki_minor_edit","Перенаправление на [[Блок сенсоров#coloristouching]]",77,1472,"Цвет () касается цвета () (блок)",7366,NA,77,0,114,"Gohoski","human",TRUE,FALSE
"W114","1473","Цвет () касается цвета ()? (блок)","2023-02-09T18:48:00Z",2023,"wiki_minor_edit","Перенаправление на [[Блок сенсоров#coloristouching]]",77,1473,"Цвет () касается цвета ()? (блок)",7367,NA,77,0,114,"Gohoski","human",TRUE,FALSE
"W114","1474","Расстояние до () (блок)","2023-02-09T18:48:34Z",2023,"wiki_minor_edit","Перенаправление на [[Блок сенсоров#distanceto]]",72,1474,"Расстояние до () (блок)",7368,NA,72,0,114,"Gohoski","human",TRUE,FALSE
"W114","1475","Спросить () и ждать (блок)","2023-02-09T18:49:01Z",2023,"wiki_minor_edit","Перенаправление на [[Блок сенсоров#askandwait]]",72,1475,"Спросить () и ждать (блок)",7369,NA,72,0,114,"Gohoski","human",TRUE,FALSE
"W114","1476","Ответ (блок)","2023-02-09T18:49:19Z",2023,"wiki_minor_edit","Перенаправление на [[Блок сенсоров#answer]]",68,1476,"Ответ (блок)",7370,NA,68,0,114,"Gohoski","human",TRUE,FALSE
"W114","1477","(ответ) (блок)","2023-02-09T18:49:36Z",2023,"wiki_minor_edit","Перенаправление на [[Блок сенсоров#answer]]",68,1477,"(ответ) (блок)",7371,NA,68,0,114,"Gohoski","human",TRUE,FALSE
"W114","1478","Клавиша () нажата? (блок)","2023-02-09T18:50:45Z",2023,"wiki_minor_edit","Перенаправление на [[Блок сенсоров#keypressed]]",72,1478,"Клавиша () нажата? (блок)",7373,NA,72,0,114,"Gohoski","human",TRUE,FALSE
"W114","1479","Мышь нажата? (блок)","2023-02-09T18:51:28Z",2023,"wiki_minor_edit","Перенаправление на [[Блок сенсоров#mousedown]]",71,1479,"Мышь нажата? (блок)",7374,NA,71,0,114,"Gohoski","human",TRUE,FALSE
"W114","1480","X мыши (блок)","2023-02-09T18:52:10Z",2023,"wiki_minor_edit","Перенаправление на [[Блок сенсоров#mousex]]",68,1480,"X мыши (блок)",7375,NA,68,0,114,"Gohoski","human",TRUE,FALSE
"W114","1481","Х мыши (блок)","2023-02-09T18:52:30Z",2023,"wiki_minor_edit","Перенаправление на [[Блок сенсоров#mousex]]",68,1481,"Х мыши (блок)",7376,NA,68,0,114,"Gohoski","human",TRUE,FALSE
"W114","1482","Мышка по Х (блок)","2023-02-09T18:52:49Z",2023,"wiki_minor_edit","Перенаправление на [[Блок сенсоров#mousex]]",68,1482,"Мышка по Х (блок)",7378,NA,68,0,114,"Gohoski","human",TRUE,FALSE
"W114","1483","Y мыши (блок)","2023-02-09T18:53:15Z",2023,"wiki_minor_edit","Перенаправление на [[Блок сенсоров#mousey]]",68,1483,"Y мыши (блок)",7379,NA,68,0,114,"Gohoski","human",TRUE,FALSE
"W114","1484","У мыши (блок)","2023-02-09T18:53:23Z",2023,"wiki_minor_edit","Перенаправление на [[Блок сенсоров#mousey]]",68,1484,"У мыши (блок)",7380,NA,68,0,114,"Gohoski","human",TRUE,FALSE
"W114","1485","Перетаскивать (блок)","2023-02-09T18:54:36Z",2023,"wiki_minor_edit","Перенаправление на [[Блок сенсоров#setdragmode]]",73,1485,"Перетаскивать (блок)",7382,NA,73,0,114,"Gohoski","human",TRUE,FALSE
"W114","1486","Перетаскивать () (блок)","2023-02-09T18:54:53Z",2023,"wiki_minor_edit","Перенаправление на [[Блок сенсоров#setdragmode]]",73,1486,"Перетаскивать () (блок)",7383,NA,73,0,114,"Gohoski","human",TRUE,FALSE
"W114","1487","(громкость) (блок)","2023-02-09T18:56:05Z",2023,"wiki_minor_edit","Перенаправление на [[Блок сенсоров#loudness]]",70,1487,"(громкость) (блок)",7385,NA,70,0,114,"Gohoski","human",TRUE,FALSE
"W114","1488","Сбросить таймер (блок)","2023-02-09T18:58:13Z",2023,"wiki_minor_edit","Перенаправление на [[Блок сенсоров#resettimer]]",72,1488,"Сбросить таймер (блок)",7387,NA,72,0,114,"Gohoski","human",TRUE,FALSE
"W114","1489","Текущий (блок)","2023-02-09T18:59:13Z",2023,"wiki_minor_edit","Перенаправление на [[Блок сенсоров#current]]",69,1489,"Текущий (блок)",7389,NA,69,0,114,"Gohoski","human",TRUE,FALSE
"W114","1490","Дней с 2000 г (блок)","2023-02-09T18:59:39Z",2023,"wiki_minor_edit","Перенаправление на [[Блок сенсоров#dayssince2000]]",75,1490,"Дней с 2000 г (блок)",7390,NA,75,0,114,"Gohoski","human",TRUE,FALSE
"W154","1490","Дней с 2000 г (блок)","2024-08-08T08:31:19Z",2024,"wiki_minor_edit","поправил перенаправление",6,1490,"Дней с 2000 г (блок)",12017,NA,81,0,154,"Stysan","human",TRUE,FALSE
"W114","1491","Дней с 01.01.2000 (блок)","2023-02-09T19:02:13Z",2023,"wiki_minor_edit","Перенаправление на [[Блок сенсоров#dayssince2000]]",75,1491,"Дней с 01.01.2000 (блок)",7392,NA,75,0,114,"Gohoski","human",TRUE,FALSE
"W114","1492","Имя пользователя (блок)","2023-02-09T19:03:12Z",2023,"wiki_minor_edit","Перенаправление на [[Блок сенсоров#username]]",70,1492,"Имя пользователя (блок)",7393,NA,70,0,114,"Gohoski","human",TRUE,FALSE
"W120","1493","Звуковой редактор","2023-02-10T09:45:01Z",2023,"wiki_minor_edit","Новая страница: «[[Файл:Редактор звука Скретч 3.0.png|мини|Звуковой редактор в [[Скретч 3.0]].]] Звуковой редакто...»",6439,1493,"Звуковой редактор",7397,NA,6439,0,120,"Idey programm","human",TRUE,FALSE
"W114","1493","Звуковой редактор","2023-02-10T11:13:32Z",2023,"wiki_minor_edit","Gohoski переименовал страницу [[Звуковой редактор (для 3.0)]] в [[Звуковой редактор]]: сейчас Скретч 3.0, и я не думаю что требуется указание версии",0,1493,"Звуковой редактор",7399,NA,6439,0,114,"Gohoski","human",TRUE,FALSE
"W114","1493","Звуковой редактор","2023-02-10T15:05:42Z",2023,"wiki_minor_edit","",99,1493,"Звуковой редактор",7405,NA,6538,0,114,"Gohoski","human",TRUE,FALSE
"W114","1493","Звуковой редактор","2023-02-10T15:10:49Z",2023,"wiki_minor_edit","",11,1493,"Звуковой редактор",7407,NA,6549,0,114,"Gohoski","human",TRUE,FALSE
"W120","1493","Звуковой редактор","2023-03-22T09:51:26Z",2023,"wiki_minor_edit","/* Прошлые функции */ Добавление шаблона {{Устаревшая функция}}",41,1493,"Звуковой редактор",7987,NA,6590,0,120,"Idey programm","human",TRUE,FALSE
"W114","1493","Звуковой редактор","2023-03-22T18:53:48Z",2023,"wiki_minor_edit","",24,1493,"Звуковой редактор",7999,NA,6614,0,114,"Gohoski","human",TRUE,FALSE
"W189","1493","Звуковой редактор","2023-10-15T08:01:06Z",2023,"wiki_minor_edit","",0,1493,"Звуковой редактор",9545,NA,6614,0,189,"Scratch craft 2","human",TRUE,FALSE
"W114","1495","Звуковой редактор (для 3.0)","2023-02-10T11:13:32Z",2023,"wiki_minor_edit","Gohoski переименовал страницу [[Звуковой редактор (для 3.0)]] в [[Звуковой редактор]]: сейчас Скретч 3.0, и я не думаю что требуется указание версии",69,1495,"Звуковой редактор (для 3.0)",7400,NA,69,0,114,"Gohoski","human",TRUE,FALSE
"W120","1496","Библиотека звуков","2023-02-10T11:24:02Z",2023,"wiki_minor_edit","Новая страница: «[[Файл:Библиотека звуков.png|мини|Библиотека звуков в [[Скретч 3.0]].]] '''Библиотека звуков''' {{-...»",3216,1496,"Библиотека звуков",7401,NA,3216,0,120,"Idey programm","human",TRUE,FALSE
"W120","1496","Библиотека звуков","2023-02-10T11:28:12Z",2023,"wiki_minor_edit","Добавление нового раздела и раздела ""См. Также""",521,1496,"Библиотека звуков",7402,NA,3737,0,120,"Idey programm","human",TRUE,FALSE
"W120","1496","Библиотека звуков","2023-03-27T12:18:31Z",2023,"wiki_minor_edit","Интервики",64,1496,"Библиотека звуков",8058,NA,3801,0,120,"Idey programm","human",TRUE,FALSE
"W114","1498","Играть звук () (блок)","2023-02-10T15:22:40Z",2023,"wiki_minor_edit","Перенаправление на [[Блок звука#play]]",60,1498,"Играть звук () (блок)",7408,NA,60,0,114,"Gohoski","human",TRUE,FALSE
"W114","1499","Играть звук (блок)","2023-02-10T15:22:52Z",2023,"wiki_minor_edit","Перенаправление на [[Блок звука#play]]",60,1499,"Играть звук (блок)",7409,NA,60,0,114,"Gohoski","human",TRUE,FALSE
"W114","1500","Играть звук () до конца (блок)","2023-02-10T15:23:44Z",2023,"wiki_minor_edit","Перенаправление на [[Блок звука#playud]]",62,1500,"Играть звук () до конца (блок)",7410,NA,62,0,114,"Gohoski","human",TRUE,FALSE
"W120","1501","Дней с 2000 года (блок)","2023-02-10T16:10:30Z",2023,"wiki_minor_edit","Перенаправление на [[Блок сенсоров/Дней с 2000 г]]",81,1501,"Дней с 2000 года (блок)",7412,NA,81,0,120,"Idey programm","human",TRUE,FALSE
"W114","1501","Дней с 2000 года (блок)","2023-02-10T16:44:43Z",2023,"wiki_minor_edit","Перенаправление изменено с [[Блок сенсоров/Дней с 2000 г]] на [[Блок сенсоров#dayssince2000]]",-6,1501,"Дней с 2000 года (блок)",7422,NA,75,0,114,"Gohoski","human",TRUE,FALSE
"W120","1502","Перезапустить таймер (блок)","2023-02-10T16:11:08Z",2023,"wiki_minor_edit","Перенаправление на [[Блок сенсоров/Перезапустить таймер]]",101,1502,"Перезапустить таймер (блок)",7413,NA,101,0,120,"Idey programm","human",TRUE,FALSE
"W114","1502","Перезапустить таймер (блок)","2023-02-10T16:44:04Z",2023,"wiki_minor_edit","Перенаправление изменено с [[Блок сенсоров/Перезапустить таймер]] на [[Блок сенсоров#resettimer]]",-29,1502,"Перезапустить таймер (блок)",7421,NA,72,0,114,"Gohoski","human",TRUE,FALSE
"W120","1503","Касается () (блок)","2023-02-10T16:11:33Z",2023,"wiki_minor_edit","Перенаправление на [[Блок сенсоров/Касается ()]]",81,1503,"Касается () (блок)",7414,NA,81,0,120,"Idey programm","human",TRUE,FALSE
"W114","1503","Касается () (блок)","2023-02-10T16:40:32Z",2023,"wiki_minor_edit","Перенаправление изменено с [[Блок сенсоров/Касается ()]] на [[Блок сенсоров#touching]]",-11,1503,"Касается () (блок)",7420,NA,70,0,114,"Gohoski","human",TRUE,FALSE
"W120","1504","Цвет () касается () (блок)","2023-02-10T16:12:48Z",2023,"wiki_minor_edit","Перенаправление на [[Блок сенсоров/Цвет () касается цвета ()?]]",105,1504,"Цвет () касается () (блок)",7415,NA,105,0,120,"Idey programm","human",TRUE,FALSE
"W114","1504","Цвет () касается () (блок)","2023-02-10T16:45:25Z",2023,"wiki_minor_edit","Перенаправление изменено с [[Блок сенсоров/Цвет () касается цвета ()?]] на [[Блок сенсоров#coloristouching]]",-28,1504,"Цвет () касается () (блок)",7423,NA,77,0,114,"Gohoski","human",TRUE,FALSE
"W120","1505","(x мыши) (блок)","2023-02-10T16:13:31Z",2023,"wiki_minor_edit","Перенаправление на [[Блок сенсоров/X мыши]]",72,1505,"(x мыши) (блок)",7416,NA,72,0,120,"Idey programm","human",TRUE,FALSE
"W114","1505","(x мыши) (блок)","2023-02-10T16:40:01Z",2023,"wiki_minor_edit","Перенаправление изменено с [[Блок сенсоров/X мыши]] на [[Блок сенсоров#mousex]]",-4,1505,"(x мыши) (блок)",7419,NA,68,0,114,"Gohoski","human",TRUE,FALSE
"W114","1508","Графический редактор Скретч (для 3.0)","2023-02-10T16:46:23Z",2023,"wiki_minor_edit","Gohoski переименовал страницу [[Графический редактор Скретч (для 3.0)]] в [[Графический редактор]]",75,1508,"Графический редактор Скретч (для 3.0)",7425,NA,75,0,114,"Gohoski","human",TRUE,FALSE
"W114","1509","Графический редактор Скретч (для 2.0)","2023-02-10T16:46:35Z",2023,"wiki_minor_edit","Gohoski переименовал страницу [[Графический редактор Скретч (для 2.0)]] в [[Графический редактор (для 2.0)]]",88,1509,"Графический редактор Скретч (для 2.0)",7427,NA,88,0,114,"Gohoski","human",TRUE,FALSE
"W114","1510","Графический редактор Скретч (значения)","2023-02-10T16:47:05Z",2023,"wiki_minor_edit","Gohoski переименовал страницу [[Графический редактор Скретч (значения)]] в [[Графический редактор (значения)]]",94,1510,"Графический редактор Скретч (значения)",7429,NA,94,0,114,"Gohoski","human",TRUE,FALSE
"W120","1511","Подпись","2023-02-10T16:49:23Z",2023,"wiki_minor_edit","Новая страница: «{{Незавершённая статья}} [[Файл:Подпись после поста.png|мини|Пост, имеющий подпись.]] '''Подпи...»",2166,1511,"Подпись",7431,NA,2166,0,120,"Idey programm","human",TRUE,FALSE
"W120","1511","Подпись","2023-02-11T09:15:39Z",2023,"wiki_minor_edit","",263,1511,"Подпись",7438,NA,2429,0,120,"Idey programm","human",TRUE,FALSE
"W120","1511","Подпись","2023-02-11T09:25:45Z",2023,"wiki_minor_edit","Перевод некоторых разделов с Английской Вики",1037,1511,"Подпись",7439,NA,3466,0,120,"Idey programm","human",TRUE,FALSE
"W120","1511","Подпись","2023-02-11T09:32:05Z",2023,"wiki_minor_edit","/* Как установить/изменить подпись */ Добавление изображения кнопки ""Change your signature""",147,1511,"Подпись",7442,NA,3613,0,120,"Idey programm","human",TRUE,FALSE
"W114","1511","Подпись","2023-02-11T14:36:30Z",2023,"wiki_minor_edit","",40,1511,"Подпись",7454,NA,3653,0,114,"Gohoski","human",TRUE,FALSE
"W114","1511","Подпись","2024-02-04T15:21:43Z",2024,"wiki_minor_edit","авто: новая категоризация",2,1511,"Подпись",11264,NA,3655,0,114,"Gohoski","human",TRUE,FALSE
"W114","1512","Плеер Flash","2023-02-11T09:06:57Z",2023,"wiki_minor_edit","Gohoski переименовал страницу [[Плеер Flash]] в [[Flash-плеер]]",52,1512,"Плеер Flash",7437,NA,52,0,114,"Gohoski","human",TRUE,FALSE
"W120","1514","Ask () and Wait","2023-02-11T09:34:11Z",2023,"wiki_minor_edit","Перенаправление на [[Блок сенсоров/Спросить () и ждать]]",95,1514,"Ask () and Wait",7443,NA,95,0,120,"Idey programm","human",TRUE,FALSE
"W114","1517","Форум (для 2.0)","2023-02-11T13:47:36Z",2023,"wiki_minor_edit","Gohoski переименовал страницу [[Форум (для 2.0)]] в [[Форум]]: В настоящее время форумы с дизайном 2.0",46,1517,"Форум (для 2.0)",7450,NA,46,0,114,"Gohoski","human",TRUE,FALSE
"W120","1518","Правила Скретч","2023-02-11T14:14:09Z",2023,"wiki_minor_edit","Перенаправление на [[Правила сообщества]]",71,1518,"Правила Скретч",7452,NA,71,0,120,"Idey programm","human",TRUE,FALSE
"W120","1519","Предупреждение","2023-02-11T14:33:40Z",2023,"wiki_minor_edit","Новая страница: «{{Незавершённая статья}} Любой [[пользователь]] может получить ''предупреждение'' за наруше...»",1791,1519,"Предупреждение",7453,NA,1791,0,120,"Idey programm","human",TRUE,FALSE
"W180","1519","Предупреждение","2023-05-25T06:20:03Z",2023,"wiki_minor_edit","завершено",4296,1519,"Предупреждение",8469,NA,6087,0,180,"Veniamin6","human",TRUE,FALSE
"W114","1519","Предупреждение","2024-08-25T18:57:10Z",2024,"wiki_minor_edit","",582,1519,"Предупреждение",12036,NA,6669,0,114,"Gohoski","human",TRUE,FALSE
"W114","1519","Предупреждение","2024-08-26T11:57:34Z",2024,"wiki_minor_edit","",651,1519,"Предупреждение",12039,NA,7320,0,114,"Gohoski","human",TRUE,FALSE
"W217","1519","Предупреждение","2024-08-31T11:24:40Z",2024,"wiki_minor_edit","Откат правок [[Special:Contributions/Gohoski|Gohoski]] ([[User talk:Gohoski|обсуждение]]) к последней версии [[User:Veniamin6|Veniamin6]]",-1233,1519,"Предупреждение",12070,NA,6087,0,217,"AGScratcherBest","human",TRUE,FALSE
"W217","1519","Предупреждение","2024-08-31T11:25:25Z",2024,"wiki_minor_edit","Отмена правки 12070, сделанной [[Special:Contributions/AGScratcherBest|AGScratcherBest]] ([[User talk:AGScratcherBest|обсуждение]]) ой",1233,1519,"Предупреждение",12071,NA,7320,0,217,"AGScratcherBest","human",TRUE,FALSE
"W184","1520","Блок управления/Если (), то","2023-02-11T16:31:32Z",2023,"wiki_minor_edit","Новая страница: «{{Карточка блока|scratchblocks=<scratchblocks>если <>, то</scratchblocks>|категория=управление|ссылка=Блок упр...»",2604,1520,"Блок управления/Если (), то",7458,NA,2604,0,184,"Alex Ilya","human",TRUE,FALSE
"W114","1520","Блок управления/Если (), то","2023-02-12T08:57:20Z",2023,"wiki_minor_edit","",92,1520,"Блок управления/Если (), то",7470,NA,2696,0,114,"Gohoski","human",TRUE,FALSE
"W184","1522","Блок управления/Если (), иначе","2023-02-11T17:34:19Z",2023,"wiki_minor_edit","Новая страница: «{{Карточка блока |scratchblocks=<scratchblocks>если <>, то иначе</scratchblocks> |категория=управление |ссылка=Б...»",2045,1522,"Блок управления/Если (), иначе",7461,NA,2045,0,184,"Alex Ilya","human",TRUE,FALSE
"W114","1524","Черновик","2023-02-12T08:35:35Z",2023,"wiki_minor_edit","Перенаправление на [[Скретч Вики:Черновик]]",74,1524,"Черновик",7467,NA,74,0,114,"Gohoski","human",TRUE,FALSE
"W114","1524","Черновик","2023-06-30T18:20:36Z",2023,"wiki_minor_edit","Статья про галочку «Draft»",2769,1524,"Черновик",8867,NA,2843,0,114,"Gohoski","human",TRUE,FALSE
"W114","1525","Свежие правки","2023-02-12T08:39:23Z",2023,"wiki_minor_edit","Перенаправление на [[Служебная:Свежие правки]]",80,1525,"Свежие правки",7468,NA,80,0,114,"Gohoski","human",TRUE,FALSE
"W114","1526","Повторять всегда (блок)","2023-02-12T09:03:49Z",2023,"wiki_minor_edit","Перенаправление на [[Блок управления#forever]]",73,1526,"Повторять всегда (блок)",7471,NA,73,0,114,"Gohoski","human",TRUE,FALSE
"W114","1527","Если (), то (блок)","2023-02-12T09:04:10Z",2023,"wiki_minor_edit","Перенаправление на [[Блок управления#if]]",68,1527,"Если (), то (блок)",7472,NA,68,0,114,"Gohoski","human",TRUE,FALSE
"W114","1528","Если (), то, иначе (блок)","2023-02-12T09:04:21Z",2023,"wiki_minor_edit","Перенаправление на [[Блок управления#ifelse]]",72,1528,"Если (), то, иначе (блок)",7473,NA,72,0,114,"Gohoski","human",TRUE,FALSE
"W114","1529","Повторять пока не () (блок)","2023-02-12T09:05:20Z",2023,"wiki_minor_edit","Перенаправление на [[Блок управления#repeatuntil]]",77,1529,"Повторять пока не () (блок)",7475,NA,77,0,114,"Gohoski","human",TRUE,FALSE
"W114","1530","Когда я начинаю как клон (блок)","2023-02-12T09:05:55Z",2023,"wiki_minor_edit","Перенаправление на [[Блок управления#startasclone]]",78,1530,"Когда я начинаю как клон (блок)",7477,NA,78,0,114,"Gohoski","human",TRUE,FALSE
"W114","1531","Создать клон (блок)","2023-02-12T09:06:27Z",2023,"wiki_minor_edit","Перенаправление на [[Блок управления#createclone]]",77,1531,"Создать клон (блок)",7478,NA,77,0,114,"Gohoski","human",TRUE,FALSE
"W114","1532","Удалить клон (блок)","2023-02-12T09:07:28Z",2023,"wiki_minor_edit","Перенаправление на [[Блок управления#deleteclone]]",77,1532,"Удалить клон (блок)",7479,NA,77,0,114,"Gohoski","human",TRUE,FALSE
"W114","1533","Блок внешности","2023-02-12T10:58:05Z",2023,"wiki_minor_edit","Gohoski переименовал страницу [[Блок внешности]] в [[Блок внешнего вида]]: Сейчас категория называется так",70,1533,"Блок внешности",7484,NA,70,0,114,"Gohoski","human",TRUE,FALSE
"W120","1536","Сенсоры (категория)","2023-02-12T11:14:17Z",2023,"wiki_minor_edit","Перенаправление на [[Блок сенсоров]]",61,1536,"Сенсоры (категория)",7487,NA,61,0,120,"Idey programm","human",TRUE,FALSE
"W120","1537","Движение (категория)","2023-02-12T11:15:09Z",2023,"wiki_minor_edit","Перенаправление на [[Блок движения]]",61,1537,"Движение (категория)",7488,NA,61,0,120,"Idey programm","human",TRUE,FALSE
"W184","1538","Блок управления/Ждать до ()","2023-02-12T11:34:28Z",2023,"wiki_minor_edit","Новая страница: «{{Карточка блока|scratchblocks=<scratchblocks>ждать до <></scratchblocks>|категория=Управление|ссылка=Блок упр...»",2338,1538,"Блок управления/Ждать до ()",7489,NA,2338,0,184,"Alex Ilya","human",TRUE,FALSE
"W207","1538","Блок управления/Ждать до ()","2024-06-12T03:38:10Z",2024,"wiki_minor_edit","/* Обходной путь */",28,1538,"Блок управления/Ждать до ()",11829,NA,2366,0,207,"Scratch-on-ENS","human",TRUE,FALSE
"W207","1538","Блок управления/Ждать до ()","2024-06-12T03:38:40Z",2024,"wiki_minor_edit","/* Обходной путь */",0,1538,"Блок управления/Ждать до ()",11830,NA,2366,0,207,"Scratch-on-ENS","human",TRUE,FALSE
"W217","1538","Блок управления/Ждать до ()","2024-06-12T13:10:29Z",2024,"wiki_minor_edit","Для чего этот блок нужен?",-28,1538,"Блок управления/Ждать до ()",11842,NA,2338,0,217,"AGScratcherBest","human",TRUE,FALSE
"W114","1539","Звуковой редактор Скретч","2023-02-12T11:57:02Z",2023,"wiki_minor_edit","Перенаправление на [[Звуковой редактор]]",69,1539,"Звуковой редактор Скретч",7491,NA,69,0,114,"Gohoski","human",TRUE,FALSE
"W120","1541","Adacraft","2023-02-12T14:08:23Z",2023,"wiki_minor_edit","Новая страница: «{{Незавершённая статья}} [[Файл:Редактор Adacraft.png|мини|Редактор Adacraft]] '''Adacraft''' {{-}} одна из С...»",5023,1541,"Adacraft",7493,NA,5023,0,120,"Idey programm","human",TRUE,FALSE
"W120","1541","Adacraft","2023-05-28T10:31:27Z",2023,"wiki_minor_edit","",210,1541,"Adacraft",8524,NA,5233,0,120,"Idey programm","human",TRUE,FALSE
"W120","1541","Adacraft","2023-07-20T11:26:19Z",2023,"wiki_minor_edit","Интервики",31,1541,"Adacraft",9038,NA,5264,0,120,"Idey programm","human",TRUE,FALSE
"W269","1541","Adacraft","2025-05-11T10:37:06Z",2025,"wiki_minor_edit","",71,1541,"Adacraft",13270,NA,5335,0,269,"Tagir14012014","human",TRUE,FALSE
"W184","1542","Блок управления/Повторять пока не ()","2023-02-12T16:49:38Z",2023,"wiki_minor_edit","Новая страница: «{{Карточка блока|scratchblocks=<scratchblocks>повторять пока не <></scratchblocks>|категория=управление|ссылк...»",2278,1542,"Блок управления/Повторять пока не ()",7494,NA,2278,0,184,"Alex Ilya","human",TRUE,FALSE
"W217","1542","Блок управления/Повторять пока не ()","2023-11-27T20:19:06Z",2023,"wiki_minor_edit","—",2,1542,"Блок управления/Повторять пока не ()",10569,NA,2280,0,217,"AGScratcherBest","human",TRUE,FALSE
"W180","1543","Project Save & Level Codes (форум)","2023-02-12T17:48:45Z",2023,"wiki_minor_edit","Новая страница: «Форум ""Коды сохранения проекта и уровней"" - это форум в Скретче, где [[Скретчеры]] могут пуб...»",2084,1543,"Project Save & Level Codes (форум)",7495,NA,2084,0,180,"Veniamin6","human",TRUE,FALSE
"W120","1543","Project Save & Level Codes (форум)","2023-02-12T17:51:45Z",2023,"wiki_minor_edit","Категория:ФоруМ",-2,1543,"Project Save & Level Codes (форум)",7496,NA,2082,0,120,"Idey programm","human",TRUE,FALSE
"W180","1543","Project Save & Level Codes (форум)","2023-04-17T18:02:09Z",2023,"wiki_minor_edit","карточка",573,1543,"Project Save & Level Codes (форум)",8161,NA,2655,0,180,"Veniamin6","human",TRUE,FALSE
"W180","1543","Project Save & Level Codes (форум)","2023-04-17T18:06:38Z",2023,"wiki_minor_edit","измнил размер",1,1543,"Project Save & Level Codes (форум)",8162,NA,2656,0,180,"Veniamin6","human",TRUE,FALSE
"W114","1543","Project Save & Level Codes (форум)","2024-02-04T15:21:16Z",2024,"wiki_minor_edit","авто: новая категоризация",2,1543,"Project Save & Level Codes (форум)",11256,NA,2658,0,114,"Gohoski","human",TRUE,FALSE
"W184","1544","Блок управления/Стоп ()","2023-02-13T11:04:46Z",2023,"wiki_minor_edit","Новая страница: «{{Карточка блока|scratchblocks=<scratchblocks>стоп [ v]</scratchblocks>|категория=Управление|ссылка=Блок управ...»",2917,1544,"Блок управления/Стоп ()",7497,NA,2917,0,184,"Alex Ilya","human",TRUE,FALSE
"W217","1544","Блок управления/Стоп ()","2023-10-03T18:53:32Z",2023,"wiki_minor_edit","Обин? Может один?",0,1544,"Блок управления/Стоп ()",9393,NA,2917,0,217,"AGScratcherBest","human",TRUE,FALSE
"W184","1545","Блок управления/Когда я начинаю как клон","2023-02-13T14:53:11Z",2023,"wiki_minor_edit","Новая страница: «{{Карточка блока|scratchblocks=<scratchblocks>когда я начинаю как клон</scratchblocks>|категория=Управление|с...»",2244,1545,"Блок управления/Когда я начинаю как клон",7498,NA,2244,0,184,"Alex Ilya","human",TRUE,FALSE
"W184","1545","Блок управления/Когда я начинаю как клон","2023-02-14T11:15:53Z",2023,"wiki_minor_edit","Исправлены ссылки в разделе ""См. также"".",-2,1545,"Блок управления/Когда я начинаю как клон",7500,NA,2242,0,184,"Alex Ilya","human",TRUE,FALSE
"W184","1545","Блок управления/Когда я начинаю как клон","2023-02-16T06:03:01Z",2023,"wiki_minor_edit","Добавлен недостающий блок в примерах использования.",45,1545,"Блок управления/Когда я начинаю как клон",7505,NA,2287,0,184,"Alex Ilya","human",TRUE,FALSE
"W184","1545","Блок управления/Когда я начинаю как клон","2023-02-18T08:11:54Z",2023,"wiki_minor_edit","Исправлено одно слово в тексте.",33,1545,"Блок управления/Когда я начинаю как клон",7533,NA,2320,0,184,"Alex Ilya","human",TRUE,FALSE
"W184","1546","Блок управления/Создать клон ()","2023-02-14T11:14:43Z",2023,"wiki_minor_edit","Новая страница: «{{Карточка блока|scratchblocks=<scratchblocks>создать клон ( v)</scratchblocks>|категория=Управление|ссылка=Бл...»",2590,1546,"Блок управления/Создать клон ()",7499,NA,2590,0,184,"Alex Ilya","human",TRUE,FALSE
"W189","1546","Блок управления/Создать клон ()","2023-10-19T12:09:20Z",2023,"wiki_minor_edit","",69,1546,"Блок управления/Создать клон ()",9771,NA,2659,0,189,"Scratch craft 2","human",TRUE,FALSE
"W217","1546","Блок управления/Создать клон ()","2023-10-19T12:15:29Z",2023,"wiki_minor_edit","",0,1546,"Блок управления/Создать клон ()",9773,NA,2659,0,217,"AGScratcherBest","human",TRUE,FALSE
"W114","1547","Всегда (блок)","2023-02-15T19:08:07Z",2023,"wiki_minor_edit","Перенаправление на [[Блок управления#forever]]",73,1547,"Всегда (блок)",7504,NA,73,0,114,"Gohoski","human",TRUE,FALSE
"W184","1548","Блок управления/Удалить клон","2023-02-16T06:25:58Z",2023,"wiki_minor_edit","Новая страница: «{{Карточка блока|scratchblocks=<scratchblocks>удалить клон</scratchblocks>|категория=Управление|ссылка=Блок...»",2099,1548,"Блок управления/Удалить клон",7506,NA,2099,0,184,"Alex Ilya","human",TRUE,FALSE
"W184","1549","Блок управления/Всегда","2023-02-16T06:49:51Z",2023,"wiki_minor_edit","Alex Ilya переименовал страницу [[Блок управления/Всегда]] в [[Блок управления/Повторять всегда]]: Название статьи не соответствовало названию блока.",97,1549,"Блок управления/Всегда",7509,NA,97,0,184,"Alex Ilya","human",TRUE,FALSE
"W120","1555","Экспорт","2023-02-17T11:08:17Z",2023,"wiki_minor_edit","Перенаправление на [[Экспорт и импорт]]",66,1555,"Экспорт",7521,NA,66,0,120,"Idey programm","human",TRUE,FALSE
"W114","1562","Плагин блоков","2023-02-18T11:41:11Z",2023,"wiki_minor_edit","Перенаправление на [[Scratchblocks]]",49,1562,"Плагин блоков",7543,NA,49,0,114,"Gohoski","human",TRUE,FALSE
"W184","1564","Блок события/Когда зелёный флаг нажат","2023-02-18T16:05:26Z",2023,"wiki_minor_edit","Новая страница: «{{Карточка блока|scratchblocks=<scratchblocks>когда щёлкнут по зелёному флагу</scratchblocks>|категория=Управление|ссылка=Блок события|версия=28Feb05|код=когда щёлкнут по зелёному флагу|тип=Блок шапка}} '''Когда зелёный флаг нажат''' - это [[блок события]], по форме [[блок шапка]]. Он...»",5411,1564,"Блок события/Когда зелёный флаг нажат",7553,NA,5411,0,184,"Alex Ilya","human",TRUE,FALSE
"W184","1564","Блок события/Когда зелёный флаг нажат","2023-02-23T10:30:08Z",2023,"wiki_minor_edit","Исправлена ссылка в карточке блока.",-6,1564,"Блок события/Когда зелёный флаг нажат",7632,NA,5405,0,184,"Alex Ilya","human",TRUE,FALSE
"W120","1564","Блок события/Когда зелёный флаг нажат","2023-03-03T16:01:36Z",2023,"wiki_minor_edit","Добавление шаблона блоков",30,1564,"Блок события/Когда зелёный флаг нажат",7747,NA,5435,0,120,"Idey programm","human",TRUE,FALSE
"W186","1564","Блок события/Когда зелёный флаг нажат","2023-03-08T11:24:33Z",2023,"wiki_minor_edit","В блоках {передать (сообщение v)} обычно можно использовать переменную в качестве сообщения, которое передаётся в блоке, а в этой статье блоки {передать} имели поле, которое заполнить переменными нельзя.",0,1564,"Блок события/Когда зелёный флаг нажат",7807,NA,5435,0,186,"KaKoY tO cHeL","human",TRUE,FALSE
"W180","1565","Questions about Scratch (форум)","2023-02-18T16:37:14Z",2023,"wiki_minor_edit","Новая страница: «Форум ""Вопросы о Scratch"" - это [[форум]] в [[Скретч|Скретче]], где Скретчеры могут обратиться за помощью, получить совет и многое другое. До обновления форума 26 января он назывался ""Всё о Скретче""  == Что содержит форум == Эта обширная категория форума содержит вс...»",4442,1565,"Questions about Scratch (форум)",7554,NA,4442,0,180,"Veniamin6","human",TRUE,FALSE
"W180","1565","Questions about Scratch (форум)","2023-02-18T16:38:05Z",2023,"wiki_minor_edit","",-17,1565,"Questions about Scratch (форум)",7555,NA,4425,0,180,"Veniamin6","human",TRUE,FALSE
"W180","1565","Questions about Scratch (форум)","2023-04-18T18:53:42Z",2023,"wiki_minor_edit","карточка",483,1565,"Questions about Scratch (форум)",8173,NA,4908,0,180,"Veniamin6","human",TRUE,FALSE
"W180","1565","Questions about Scratch (форум)","2023-04-20T17:51:22Z",2023,"wiki_minor_edit","карточка",-1,1565,"Questions about Scratch (форум)",8180,NA,4907,0,180,"Veniamin6","human",TRUE,FALSE
"W180","1565","Questions about Scratch (форум)","2023-05-23T16:15:53Z",2023,"wiki_minor_edit","",24,1565,"Questions about Scratch (форум)",8432,NA,4931,0,180,"Veniamin6","human",TRUE,FALSE
"W120","1567","Как мне изменить свою подпись?","2023-02-19T13:23:49Z",2023,"wiki_minor_edit","Новая страница: «''Основная статья: [[Подпись]]'' [[Файл:Кнопка ""Change your signature"".png|мини|Кнопка «Change your signature» внизу домашней страницы.]] Чтобы создать/изменить свою [[подпись]], вам необходимо посетить [[форум:|домашнюю страницу форумов]] и пролистать страницу до самого конца. Ест...»",1195,1567,"Как мне изменить свою подпись?",7572,NA,1195,0,120,"Idey programm","human",TRUE,FALSE
"W114","1567","Как мне изменить свою подпись?","2023-02-19T13:40:29Z",2023,"wiki_minor_edit","",565,1567,"Как мне изменить свою подпись?",7577,NA,1760,0,114,"Gohoski","human",TRUE,FALSE
"W114","1567","Как мне изменить свою подпись?","2024-02-04T15:21:40Z",2024,"wiki_minor_edit","авто: новая категоризация",2,1567,"Как мне изменить свою подпись?",11263,NA,1762,0,114,"Gohoski","human",TRUE,FALSE
"W120","1568","Project","2023-02-19T13:25:58Z",2023,"wiki_minor_edit","Перенаправление на [[Проект]]",48,1568,"Project",7573,NA,48,0,120,"Idey programm","human",TRUE,FALSE
"W120","1569","Scratch Day","2023-02-19T13:26:40Z",2023,"wiki_minor_edit","Перенаправление на [[День Скретч]]",57,1569,"Scratch Day",7574,NA,57,0,120,"Idey programm","human",TRUE,FALSE
"W154","1569","Scratch Day","2024-08-08T08:21:56Z",2024,"wiki_minor_edit","убрал двойное перенаправление",2,1569,"Scratch Day",12014,NA,59,0,154,"Stysan","human",TRUE,FALSE
"W120","1570","Pick Random () to () (block)","2023-02-19T13:29:49Z",2023,"wiki_minor_edit","Перенаправление на [[Блок операторов/Выдать случайное от () до ()]]",113,1570,"Pick Random () to () (block)",7575,NA,113,0,120,"Idey programm","human",TRUE,FALSE
"W120","1571","Clone","2023-02-19T13:31:38Z",2023,"wiki_minor_edit","Перенаправление на [[Клонирование]]",60,1571,"Clone",7576,NA,60,0,120,"Idey programm","human",TRUE,FALSE
"W114","1575","Детектор турбо-режима","2023-02-19T16:30:56Z",2023,"wiki_minor_edit","Новая страница: «'''Обнаружить [[турбо-режим]]''' можно через простой скрипт: <scratchblocks>когда щёлкнут по зелёному флагу сбросить таймер повторить (10) раз    переключить фон на (пожалуйста, подождите v) end если <(таймер) > [0.1]> , то    переключить фон на (пожалуйста, включите турбо-реж...»",3266,1575,"Детектор турбо-режима",7587,NA,3266,0,114,"Gohoski","human",TRUE,FALSE
"W114","1575","Детектор турбо-режима","2023-02-19T16:33:33Z",2023,"wiki_minor_edit","/* Пошаговое выполнение */",-1,1575,"Детектор турбо-режима",7588,NA,3265,0,114,"Gohoski","human",TRUE,FALSE
"W114","1575","Детектор турбо-режима","2023-02-19T16:34:22Z",2023,"wiki_minor_edit","/* Пошаговое выполнение */",-13,1575,"Детектор турбо-режима",7589,NA,3252,0,114,"Gohoski","human",TRUE,FALSE
"W189","1575","Детектор турбо-режима","2023-10-06T19:41:29Z",2023,"wiki_minor_edit","добавил раздел",893,1575,"Детектор турбо-режима",9400,NA,4145,0,189,"Scratch craft 2","human",TRUE,FALSE
"W189","1575","Детектор турбо-режима","2023-10-17T14:03:44Z",2023,"wiki_minor_edit","",54,1575,"Детектор турбо-режима",9662,NA,4199,0,189,"Scratch craft 2","human",TRUE,FALSE
"W189","1575","Детектор турбо-режима","2023-10-17T14:04:02Z",2023,"wiki_minor_edit","",1,1575,"Детектор турбо-режима",9663,NA,4200,0,189,"Scratch craft 2","human",TRUE,FALSE
"W114","1575","Детектор турбо-режима","2024-02-04T15:16:00Z",2024,"wiki_minor_edit","авто: новая категоризация",0,1575,"Детектор турбо-режима",11168,NA,4200,0,114,"Gohoski","human",TRUE,FALSE
"W180","1576","Рекомендуемые студии","2023-02-19T17:14:59Z",2023,"wiki_minor_edit","Новая страница: «Раздел ""Избранные студии"" на Главной странице показывает [[Студия|студии]], которые [[Команда Скретч]] сочла достаточно интересными, чтобы быть представленными. Некоторые студии представлены, потому что команда Скретч хочет вдохновить сообщество на соз...»",5231,1576,"Рекомендуемые студии",7590,NA,5231,0,180,"Veniamin6","human",TRUE,FALSE
"W180","1576","Рекомендуемые студии","2023-02-20T05:04:09Z",2023,"wiki_minor_edit","",-614,1576,"Рекомендуемые студии",7592,NA,4617,0,180,"Veniamin6","human",TRUE,FALSE
"W180","1576","Рекомендуемые студии","2023-02-20T16:37:50Z",2023,"wiki_minor_edit","",772,1576,"Рекомендуемые студии",7595,NA,5389,0,180,"Veniamin6","human",TRUE,FALSE
"W180","1576","Рекомендуемые студии","2023-02-20T16:43:23Z",2023,"wiki_minor_edit","",93,1576,"Рекомендуемые студии",7597,NA,5482,0,180,"Veniamin6","human",TRUE,FALSE
"W180","1576","Рекомендуемые студии","2023-02-24T05:33:39Z",2023,"wiki_minor_edit","обновление студии",3,1576,"Рекомендуемые студии",7684,NA,5485,0,180,"Veniamin6","human",TRUE,FALSE
"W180","1576","Рекомендуемые студии","2023-02-25T06:47:44Z",2023,"wiki_minor_edit","обновлено",-27,1576,"Рекомендуемые студии",7703,NA,5458,0,180,"Veniamin6","human",TRUE,FALSE
"W180","1576","Рекомендуемые студии","2023-03-14T16:28:16Z",2023,"wiki_minor_edit","",-931,1576,"Рекомендуемые студии",7890,NA,4527,0,180,"Veniamin6","human",TRUE,FALSE
"W180","1576","Рекомендуемые студии","2023-05-19T06:35:24Z",2023,"wiki_minor_edit","",-8,1576,"Рекомендуемые студии",8347,NA,4519,0,180,"Veniamin6","human",TRUE,FALSE
"W180","1576","Рекомендуемые студии","2023-05-19T18:24:36Z",2023,"wiki_minor_edit","Veniamin6 переименовал страницу [[Избранные студии]] в [[Рекомендуемые студии]]: в русском переводе именно так",0,1576,"Рекомендуемые студии",8350,NA,4519,0,180,"Veniamin6","human",TRUE,FALSE
"W180","1576","Рекомендуемые студии","2023-05-19T18:25:55Z",2023,"wiki_minor_edit","",8,1576,"Рекомендуемые студии",8354,NA,4527,0,180,"Veniamin6","human",TRUE,FALSE
"W114","1576","Рекомендуемые студии","2023-07-20T14:47:32Z",2023,"wiki_minor_edit","оформление и дополнение",976,1576,"Рекомендуемые студии",9053,NA,5503,0,114,"Gohoski","human",TRUE,FALSE
"W114","1584","Сообщения (значения)","2023-02-21T16:08:02Z",2023,"wiki_minor_edit","Новая страница: «{{Неоднозначность}} * [[Сообщения и уведомления|Сообщения]] — сообщения на странице сообщений; * [[Комментарий (сайт)|Сообщения]] — комментарий на проекте, студии или пользователе.»",322,1584,"Сообщения (значения)",7615,NA,322,0,114,"Gohoski","human",TRUE,FALSE
"W120","1586","Громкость (Блок)","2023-02-22T08:55:18Z",2023,"wiki_minor_edit","Перенаправление на [[Блок сенсоров/Громкость]]",80,1586,"Громкость (Блок)",7620,NA,80,0,120,"Idey programm","human",TRUE,FALSE
"W120","1587","Форумы Скретч","2023-02-22T08:58:00Z",2023,"wiki_minor_edit","Перенаправление на [[Форум]]",46,1587,"Форумы Скретч",7621,NA,46,0,120,"Idey programm","human",TRUE,FALSE
"W120","1589","Скрыться","2023-02-22T08:59:50Z",2023,"wiki_minor_edit","Перенаправление на [[Блок внешнего вида/Спрятаться]]",91,1589,"Скрыться",7623,NA,91,0,120,"Idey programm","human",TRUE,FALSE
"W120","1590","Автономная версия Скретч","2023-02-23T06:54:17Z",2023,"wiki_minor_edit","Перенаправление на [[Автономный редактор]]",73,1590,"Автономная версия Скретч",7627,NA,73,0,120,"Idey programm","human",TRUE,FALSE
"W120","1591","Автономный редактор","2023-02-23T08:26:24Z",2023,"wiki_minor_edit","Перевод некоторых разделов с Английской Вики",3758,1591,"Автономный редактор",7628,NA,3758,0,120,"Idey programm","human",TRUE,FALSE
"W120","1591","Автономный редактор","2023-02-26T07:26:32Z",2023,"wiki_minor_edit","Интервики",169,1591,"Автономный редактор",7712,NA,3927,0,120,"Idey programm","human",TRUE,FALSE
"W120","1591","Автономный редактор","2023-05-28T12:01:34Z",2023,"wiki_minor_edit","Перевод некоторых разделов с Английской Вики",1119,1591,"Автономный редактор",8537,NA,5046,0,120,"Idey programm","human",TRUE,FALSE
"W120","1592","Блоки контроля","2023-02-23T08:29:54Z",2023,"wiki_minor_edit","Перенаправление на [[Блок управления]]",65,1592,"Блоки контроля",7629,NA,65,0,120,"Idey programm","human",TRUE,FALSE
"W120","1594","Блок Makey Makey","2023-02-23T09:57:32Z",2023,"wiki_minor_edit","Новая страница: «[[Файл:Изображение расширения Makey Makey.png|мини|Картинка расширения Makey Makey в [[Скретч 3.0]].]] {{Категории расширений|категория=Makey Makey}} '''Расширение Makey Makey''' — это расширение , добавленное в [[Скретч 3.0]] вскоре после выпуска, которое может подключаться к устройст...»",1832,1594,"Блок Makey Makey",7631,NA,1832,0,120,"Idey programm","human",TRUE,FALSE
"W120","1594","Блок Makey Makey","2023-02-26T07:22:32Z",2023,"wiki_minor_edit","Интервики",60,1594,"Блок Makey Makey",7710,NA,1892,0,120,"Idey programm","human",TRUE,FALSE
"W203","1594","Блок Makey Makey","2023-06-11T13:38:08Z",2023,"wiki_minor_edit","Изменён заголовок на более правильный",49,1594,"Блок Makey Makey",8657,NA,1941,0,203,"Codeyro","human",TRUE,FALSE
"W217","1594","Блок Makey Makey","2023-11-14T20:01:35Z",2023,"wiki_minor_edit","Исправление ошибок",25,1594,"Блок Makey Makey",10395,NA,1966,0,217,"AGScratcherBest","human",TRUE,FALSE
"W114","1594","Блок Makey Makey","2024-02-04T15:23:53Z",2024,"wiki_minor_edit","авто: новая категоризация",0,1594,"Блок Makey Makey",11305,NA,1966,0,114,"Gohoski","human",TRUE,FALSE
"W269","1594","Блок Makey Makey","2025-05-10T15:37:39Z",2025,"wiki_minor_edit","",38,1594,"Блок Makey Makey",13229,NA,2004,0,269,"Tagir14012014","human",TRUE,FALSE
"W269","1594","Блок Makey Makey","2025-05-10T19:16:07Z",2025,"wiki_minor_edit","",59,1594,"Блок Makey Makey",13243,NA,2063,0,269,"Tagir14012014","human",TRUE,FALSE
"W269","1594","Блок Makey Makey","2025-05-10T19:16:26Z",2025,"wiki_minor_edit","",0,1594,"Блок Makey Makey",13244,NA,2063,0,269,"Tagir14012014","human",TRUE,FALSE
"W269","1594","Блок Makey Makey","2025-05-10T19:16:59Z",2025,"wiki_minor_edit","",0,1594,"Блок Makey Makey",13245,NA,2063,0,269,"Tagir14012014","human",TRUE,FALSE
"W269","1594","Блок Makey Makey","2025-05-11T07:22:03Z",2025,"wiki_minor_edit","",2,1594,"Блок Makey Makey",13254,NA,2065,0,269,"Tagir14012014","human",TRUE,FALSE
"W184","1595","Блок события/Когда клавиша () нажата","2023-02-23T10:39:00Z",2023,"wiki_minor_edit","Новая страница: «{{Карточка блока|scratchblocks=<scratchblocks>Когда клавиша [ v] нажата</scratchblocks>|категория=Событие|ссылка=Блок события|версия=28Feb05|код=когда клавиша [ v] нажата|тип=Блок шапка}} '''Когда клавиша () нажата''' - это [[блок события]], по форме [[блок шапка]]. Он запускает скрипты, пр...»",2967,1595,"Блок события/Когда клавиша () нажата",7633,NA,2967,0,184,"Alex Ilya","human",TRUE,FALSE
"W184","1595","Блок события/Когда клавиша () нажата","2023-02-23T10:40:35Z",2023,"wiki_minor_edit","Изменена версия скретча, в которой был добавлен блок (в карточке блока).",-4,1595,"Блок события/Когда клавиша () нажата",7634,NA,2963,0,184,"Alex Ilya","human",TRUE,FALSE
"W120","1595","Блок события/Когда клавиша () нажата","2023-03-03T16:10:53Z",2023,"wiki_minor_edit","Добавление шаблона блоков",30,1595,"Блок события/Когда клавиша () нажата",7748,NA,2993,0,120,"Idey programm","human",TRUE,FALSE
"W120","1597","Думать () () секунд (блок)","2023-02-23T11:14:33Z",2023,"wiki_minor_edit","Перенаправление на [[Блок внешнего вида/Думать () () секунд]]",102,1597,"Думать () () секунд (блок)",7643,NA,102,0,120,"Idey programm","human",TRUE,FALSE
"W120","1598","Думать () (блок)","2023-02-23T11:15:03Z",2023,"wiki_minor_edit","Перенаправление на [[Блок внешнего вида/Думать ()]]",86,1598,"Думать () (блок)",7644,NA,86,0,120,"Idey programm","human",TRUE,FALSE
"W120","1599","Если касается края, оттолкнуться","2023-02-23T11:15:31Z",2023,"wiki_minor_edit","Перенаправление на [[Блок движения/Если касается края, оттолкнуться]]",122,1599,"Если касается края, оттолкнуться",7645,NA,122,0,120,"Idey programm","human",TRUE,FALSE
"W120","1600","Изменить костюм на () (блок)","2023-02-23T11:15:57Z",2023,"wiki_minor_edit","Перенаправление на [[Блок внешнего вида/Изменить костюм на ()]]",108,1600,"Изменить костюм на () (блок)",7646,NA,108,0,120,"Idey programm","human",TRUE,FALSE
"W120","1602","Изменить размер на ()% (блок)","2023-02-23T11:16:28Z",2023,"wiki_minor_edit","Перенаправление на [[Блок внешнего вида/Изменить размер на ()%]]",109,1602,"Изменить размер на ()% (блок)",7648,NA,109,0,120,"Idey programm","human",TRUE,FALSE
"W120","1603","Изменить эффект () на () (блок)","2023-02-23T11:17:08Z",2023,"wiki_minor_edit","Перенаправление на [[Блок внешнего вида/Изменить эффект () на ()]]",111,1603,"Изменить эффект () на () (блок)",7649,NA,111,0,120,"Idey programm","human",TRUE,FALSE
"W120","1604","Костюм () (блок)","2023-02-23T11:17:29Z",2023,"wiki_minor_edit","Перенаправление на [[Блок внешнего вида/Костюм ()]]",86,1604,"Костюм () (блок)",7650,NA,86,0,120,"Idey programm","human",TRUE,FALSE
"W120","1605","Перейти в () слой (блок)","2023-02-23T11:17:57Z",2023,"wiki_minor_edit","Перенаправление на [[Блок внешнего вида/Перейти в () слой]]",100,1605,"Перейти в () слой (блок)",7651,NA,100,0,120,"Idey programm","human",TRUE,FALSE
"W120","1606","Переключить фон на () (блок)","2023-02-23T11:18:21Z",2023,"wiki_minor_edit","Перенаправление на [[Блок внешнего вида/Переключить фон на ()]]",108,1606,"Переключить фон на () (блок)",7652,NA,108,0,120,"Idey programm","human",TRUE,FALSE
"W120","1607","Показаться (блок)","2023-02-23T11:18:41Z",2023,"wiki_minor_edit","Перенаправление на [[Блок внешнего вида/Показаться]]",91,1607,"Показаться (блок)",7653,NA,91,0,120,"Idey programm","human",TRUE,FALSE
"W120","1609","Размер (блок)","2023-02-23T11:19:03Z",2023,"wiki_minor_edit","Перенаправление на [[Блок внешнего вида/Размер]]",83,1609,"Размер (блок)",7655,NA,83,0,120,"Idey programm","human",TRUE,FALSE
"W120","1610","Сказать () (блок)","2023-02-23T11:19:22Z",2023,"wiki_minor_edit","Перенаправление на [[Блок внешнего вида/Сказать ()]]",88,1610,"Сказать () (блок)",7656,NA,88,0,120,"Idey programm","human",TRUE,FALSE
"W120","1613","Спрятаться (блок)","2023-02-23T11:20:38Z",2023,"wiki_minor_edit","Перенаправление на [[Блок внешнего вида/Спрятаться]]",91,1613,"Спрятаться (блок)",7659,NA,91,0,120,"Idey programm","human",TRUE,FALSE
"W120","1613","Спрятаться (блок)","2023-02-23T11:24:29Z",2023,"wiki_minor_edit","Полностью удалено содержимое страницы",-91,1613,"Спрятаться (блок)",7669,NA,0,0,120,"Idey programm","human",TRUE,FALSE
"W154","1613","Спрятаться (блок)","2023-08-30T08:26:04Z",2023,"wiki_minor_edit","Перенаправление на [[Блок внешнего вида/Спрятаться]]",91,1613,"Спрятаться (блок)",9292,NA,91,0,154,"Stysan","human",TRUE,FALSE
"W120","1614","Убрать графические эффекты (блок)","2023-02-23T11:20:59Z",2023,"wiki_minor_edit","Перенаправление на [[Блок внешнего вида/Убрать графические эффекты]]",121,1614,"Убрать графические эффекты (блок)",7660,NA,121,0,120,"Idey programm","human",TRUE,FALSE
"W120","1614","Убрать графические эффекты (блок)","2023-02-23T11:24:19Z",2023,"wiki_minor_edit","Полностью удалено содержимое страницы",-121,1614,"Убрать графические эффекты (блок)",7668,NA,0,0,120,"Idey programm","human",TRUE,FALSE
"W154","1614","Убрать графические эффекты (блок)","2023-08-30T09:20:46Z",2023,"wiki_minor_edit","Перенаправление на [[Блок внешнего вида/Убрать графические эффекты]]",121,1614,"Убрать графические эффекты (блок)",9294,NA,121,0,154,"Stysan","human",TRUE,FALSE
"W120","1615","Установить размер ()% (блок)","2023-02-23T11:21:20Z",2023,"wiki_minor_edit","Перенаправление на [[Блок внешнего вида/Установить размер ()%]]",108,1615,"Установить размер ()% (блок)",7661,NA,108,0,120,"Idey programm","human",TRUE,FALSE
"W120","1615","Установить размер ()% (блок)","2023-02-23T11:23:54Z",2023,"wiki_minor_edit","Полностью удалено содержимое страницы",-108,1615,"Установить размер ()% (блок)",7667,NA,0,0,120,"Idey programm","human",TRUE,FALSE
"W154","1615","Установить размер ()% (блок)","2023-08-30T09:21:32Z",2023,"wiki_minor_edit","Перенаправление на [[Блок внешнего вида/Установить размер ()%]]",108,1615,"Установить размер ()% (блок)",9295,NA,108,0,154,"Stysan","human",TRUE,FALSE
"W120","1616","Установить эффект () () (блок)","2023-02-23T11:21:47Z",2023,"wiki_minor_edit","Перенаправление на [[Блок внешнего вида/Установить эффект () ()]]",110,1616,"Установить эффект () () (блок)",7662,NA,110,0,120,"Idey programm","human",TRUE,FALSE
"W120","1616","Установить эффект () () (блок)","2023-02-23T11:23:39Z",2023,"wiki_minor_edit","Полностью удалено содержимое страницы",-110,1616,"Установить эффект () () (блок)",7666,NA,0,0,120,"Idey programm","human",TRUE,FALSE
"W154","1616","Установить эффект () () (блок)","2023-08-30T09:22:05Z",2023,"wiki_minor_edit","Перенаправление на [[Блок внешнего вида/Установить эффект () ()]]",110,1616,"Установить эффект () () (блок)",9296,NA,110,0,154,"Stysan","human",TRUE,FALSE
"W184","1618","Блок события/Когда спрайт нажат","2023-02-23T18:51:07Z",2023,"wiki_minor_edit","Новая страница: «{{Карточка блока|scratchblocks=<scratchblocks>когда спрайт нажат</scratchblocks>|категория=Событие|ссылка=Блок события|версия=1.0|код=когда спрайт нажат|тип=Блок шапка}} '''Когда клавиша () нажата''' - это [[блок события]], по форме [[блок шапка]]. Он запускает скрипты, присоединённы...»",1778,1618,"Блок события/Когда спрайт нажат",7681,NA,1778,0,184,"Alex Ilya","human",TRUE,FALSE
"W120","1618","Блок события/Когда спрайт нажат","2023-03-03T16:11:25Z",2023,"wiki_minor_edit","Добавление шаблона блоков",30,1618,"Блок события/Когда спрайт нажат",7749,NA,1808,0,120,"Idey programm","human",TRUE,FALSE
"W184","1618","Блок события/Когда спрайт нажат","2023-03-07T12:45:59Z",2023,"wiki_minor_edit","",-7,1618,"Блок события/Когда спрайт нажат",7786,NA,1801,0,184,"Alex Ilya","human",TRUE,FALSE
"W194","1618","Блок события/Когда спрайт нажат","2023-05-24T15:12:53Z",2023,"wiki_minor_edit","Добавил раздел Обходной путь",349,1618,"Блок события/Когда спрайт нажат",8465,NA,2150,0,194,"Umnik123","human",TRUE,FALSE
"W180","1618","Блок события/Когда спрайт нажат","2023-05-24T17:44:09Z",2023,"wiki_minor_edit","",-2,1618,"Блок события/Когда спрайт нажат",8467,NA,2148,0,180,"Veniamin6","human",TRUE,FALSE
"W120","1624","Статистика","2023-02-24T08:41:02Z",2023,"wiki_minor_edit","Перевод некоторых разделов с Английской Вики",7744,1624,"Статистика",7689,NA,7744,0,120,"Idey programm","human",TRUE,FALSE
"W120","1624","Статистика","2023-02-26T07:29:00Z",2023,"wiki_minor_edit","Интервики",76,1624,"Статистика",7713,NA,7820,0,120,"Idey programm","human",TRUE,FALSE
"W184","1625","Блок события/Когда фон сменился на ()","2023-02-24T09:44:38Z",2023,"wiki_minor_edit","Новая страница: «{{Карточка блока|scratchblocks=<scratchblocks>когда фон сменился на [ v]</scratchblocks>|категория=Событие|ссылка=Блок события|версия=2.0|код=когда фон сменился на [ v]|тип=Блок шапка}} '''Когда фон сменился на ()''' - это [[блок события]], по форме [[блок шапка]]. Он запускает скрипты, пр...»",2141,1625,"Блок события/Когда фон сменился на ()",7690,NA,2141,0,184,"Alex Ilya","human",TRUE,FALSE
"W120","1625","Блок события/Когда фон сменился на ()","2023-03-03T16:11:51Z",2023,"wiki_minor_edit","Добавление шаблона блоков",30,1625,"Блок события/Когда фон сменился на ()",7750,NA,2171,0,120,"Idey programm","human",TRUE,FALSE
"W217","1625","Блок события/Когда фон сменился на ()","2024-08-31T11:28:37Z",2024,"wiki_minor_edit","—",2,1625,"Блок события/Когда фон сменился на ()",12072,NA,2173,0,217,"AGScratcherBest","human",TRUE,FALSE
"W120","1626","Автономный редактор Скретч","2023-02-24T10:24:11Z",2023,"wiki_minor_edit","Перенаправление на [[Автономный редактор]]",73,1626,"Автономный редактор Скретч",7693,NA,73,0,120,"Idey programm","human",TRUE,FALSE
"W184","1627","Блок события/Когда () больше ()","2023-02-24T10:59:34Z",2023,"wiki_minor_edit","Новая страница: «{{Карточка блока |scratchblocks=<scratchblocks>когда [ v] > ()</scratchblocks> |категория=Событие |ссылка=Блок события |версия=2.0 |код=когда [ v] > () |тип=Блок шапка}} '''Когда () больше ()''' - это [[блок события]], по форме [[блок шапка]]. Он запускает скрипты, присоединённые к нему, когда выб...»",2500,1627,"Блок события/Когда () больше ()",7694,NA,2500,0,184,"Alex Ilya","human",TRUE,FALSE
"W120","1627","Блок события/Когда () больше ()","2023-03-03T16:12:14Z",2023,"wiki_minor_edit","Добавление шаблона блоков",30,1627,"Блок события/Когда () больше ()",7751,NA,2530,0,120,"Idey programm","human",TRUE,FALSE
"W184","1628","Блок события/Когда я получу ()","2023-02-24T12:42:30Z",2023,"wiki_minor_edit","Новая страница: «{{Карточка блока |scratchblocks=<scratchblocks>когда я получу [ v]</scratchblocks> |категория=Событие |ссылка=Блок события |версия=14feb04 |код=когда я получу [ v] |тип=Блок шапка}} '''Когда я получу ()''' - это [[блок события]], по форме [[блок шапка]]. Он запускает скрипты, присоединённые к н...»",2144,1628,"Блок события/Когда я получу ()",7697,NA,2144,0,184,"Alex Ilya","human",TRUE,FALSE
"W120","1628","Блок события/Когда я получу ()","2023-03-03T16:12:39Z",2023,"wiki_minor_edit","Добавление шаблона блоков",30,1628,"Блок события/Когда я получу ()",7752,NA,2174,0,120,"Idey programm","human",TRUE,FALSE
"W189","1628","Блок события/Когда я получу ()","2024-05-29T13:55:35Z",2024,"wiki_minor_edit","",24,1628,"Блок события/Когда я получу ()",11760,NA,2198,0,189,"Scratch craft 2","human",TRUE,FALSE
"W184","1629","Блок события/Передать ()","2023-02-24T13:30:01Z",2023,"wiki_minor_edit","Новая страница: «{{Карточка блока |scratchblocks=<scratchblocks>передать [ v]</scratchblocks> |категория=Событие |ссылка=Блок события |версия=14feb04 |код=передать [ v] |тип=Обычный блок}}  '''Передать ()''' - это [[блок события]], по форме [[обычный блок]]. При запуске он передаёт указанное Передача сообще...»",1400,1629,"Блок события/Передать ()",7699,NA,1400,0,184,"Alex Ilya","human",TRUE,FALSE
"W184","1629","Блок события/Передать ()","2023-02-24T13:45:32Z",2023,"wiki_minor_edit","Я случайно нажал на кнопку создать статью, а я ещё не закончил её писать. Вот сейчас дополнил статью.",809,1629,"Блок события/Передать ()",7700,NA,2209,0,184,"Alex Ilya","human",TRUE,FALSE
"W180","1630","Suggestions (форум)","2023-02-25T07:03:10Z",2023,"wiki_minor_edit","Новая страница: «Форум ""Предложения"" - это форум в Скретче, где Скретчеры могут предлагать улучшения для будущих версий Скретча или его веб-сайта и форумов.  == Содержание == В отличие от большинства форумов, форум предложений содержит только один тип тем {{-}} предложения....»",7985,1630,"Suggestions (форум)",7704,NA,7985,0,180,"Veniamin6","human",TRUE,FALSE
"W120","1630","Suggestions (форум)","2023-02-25T07:56:41Z",2023,"wiki_minor_edit","Исправление неточностей и добавление ссылок",320,1630,"Suggestions (форум)",7705,NA,8305,0,120,"Idey programm","human",TRUE,FALSE
"W180","1630","Suggestions (форум)","2023-04-20T17:39:51Z",2023,"wiki_minor_edit","карточка",516,1630,"Suggestions (форум)",8176,NA,8821,0,180,"Veniamin6","human",TRUE,FALSE
"W180","1630","Suggestions (форум)","2023-05-23T15:44:38Z",2023,"wiki_minor_edit","",-2,1630,"Suggestions (форум)",8425,NA,8819,0,180,"Veniamin6","human",TRUE,FALSE
"W180","1630","Suggestions (форум)","2023-05-23T16:18:29Z",2023,"wiki_minor_edit","",14,1630,"Suggestions (форум)",8434,NA,8833,0,180,"Veniamin6","human",TRUE,FALSE
"W114","1630","Suggestions (форум)","2024-02-04T15:21:27Z",2024,"wiki_minor_edit","авто: новая категоризация",2,1630,"Suggestions (форум)",11258,NA,8835,0,114,"Gohoski","human",TRUE,FALSE
"W184","1631","Блок события/Передать () и ждать до конца","2023-02-25T09:54:20Z",2023,"wiki_minor_edit","Новая страница: «{{Карточка блока |scratchblocks=<scratchblocks>передать [ v] и ждать до конца</scratchblocks> |категория=Событие |ссылка=Блок события |версия=14feb04 |код=передать [ v] и ждать до конца |тип=Обычный блок}}  '''Передать () и ждать до конца''' - это [[блок события]], по форме [[обычный блок]]. Пр...»",2768,1631,"Блок события/Передать () и ждать до конца",7706,NA,2768,0,184,"Alex Ilya","human",TRUE,FALSE
"W120","1631","Блок события/Передать () и ждать до конца","2023-03-03T16:13:25Z",2023,"wiki_minor_edit","Добавление шаблона блоков",30,1631,"Блок события/Передать () и ждать до конца",7753,NA,2798,0,120,"Idey programm","human",TRUE,FALSE
"W120","1633","Правила форумов","2023-02-26T13:56:08Z",2023,"wiki_minor_edit","Новая страница: «{{Незавершённая статья}} '''Правила [[форум]]ов [[Скретч]]''' в основном состоят из [[Правила сообщества|правил сообщества Скретч]], но всё-таки есть и некоторые дополнительные правила, чтобы не превратить [[форум]]ы в мусор. == Правила Языковые форумы|языковых...»",4368,1633,"Правила форумов",7714,NA,4368,0,120,"Idey programm","human",TRUE,FALSE
"W120","1633","Правила форумов","2023-07-07T14:12:22Z",2023,"wiki_minor_edit","/* Правила англоязычных форумов */",190,1633,"Правила форумов",8945,NA,4558,0,120,"Idey programm","human",TRUE,FALSE
"W217","1633","Правила форумов","2023-10-12T22:54:57Z",2023,"wiki_minor_edit","/* Правила языковых форумов */ Новая тема (Правка НЕ через визуальный редактор, потому что ссылки почему-то не могу поменять в визуальном редакторе)",1,1633,"Правила форумов",9463,NA,4559,0,217,"AGScratcherBest","human",TRUE,FALSE
"W184","1634","Блок звука/Включить звук ()","2023-02-28T11:08:58Z",2023,"wiki_minor_edit","Новая страница: «{{Карточка блока |scratchblocks=<scratchblocks>включить звук [ v]</scratchblocks> |категория=Звук |ссылка=Блок звука |версия=1.0 |код=включить звук [ v] |тип=Обычный блок}}  '''Включить звук ()''' - это [[блок звука]], по форме [[обычный блок]]. При своём выполнении он воспроизводит указанн...»",2343,1634,"Блок звука/Включить звук ()",7717,NA,2343,0,184,"Alex Ilya","human",TRUE,FALSE
"W114","1634","Блок звука/Включить звук ()","2024-02-04T15:30:08Z",2024,"wiki_minor_edit","",-16,1634,"Блок звука/Включить звук ()",11330,NA,2327,0,114,"Gohoski","human",TRUE,FALSE
"W184","1635","Блок звука/Играть звук () до конца","2023-03-02T17:21:40Z",2023,"wiki_minor_edit","Новая страница: «{{Карточка блока |scratchblocks=<scratchblocks>играть звук [ v] до конца</scratchblocks> |категория=Звук |ссылка=Блок звука |версия=1.0 |код=играть звук [ v] до конца |тип=Обычный блок}}  '''Играть звук () до конца''' - это [[блок звука]], по форме [[обычный блок]]. Он воспроизводит указанный...»",2451,1635,"Блок звука/Играть звук () до конца",7721,NA,2451,0,184,"Alex Ilya","human",TRUE,FALSE
"W189","1635","Блок звука/Играть звук () до конца","2023-10-16T09:15:27Z",2023,"wiki_minor_edit","",0,1635,"Блок звука/Играть звук () до конца",9587,NA,2451,0,189,"Scratch craft 2","human",TRUE,FALSE
"W189","1635","Блок звука/Играть звук () до конца","2023-10-16T09:16:21Z",2023,"wiki_minor_edit","",0,1635,"Блок звука/Играть звук () до конца",9588,NA,2451,0,189,"Scratch craft 2","human",TRUE,FALSE
"W217","1635","Блок звука/Играть звук () до конца","2023-11-20T12:42:12Z",2023,"wiki_minor_edit","",0,1635,"Блок звука/Играть звук () до конца",10520,NA,2451,0,217,"AGScratcherBest","human",TRUE,FALSE
"W184","1636","Блок звука/Остановить все звуки","2023-03-03T06:03:54Z",2023,"wiki_minor_edit","Новая страница: «{{Карточка блока |scratchblocks=<scratchblocks>остановить все звуки</scratchblocks> |категория=Звук |ссылка=Блок звука |версия=1.0 |код=остановить все звуки |тип=Обычный блок}}  '''Остановить все звуки''' - это [[блок звука]], по форме [[обычный блок]]. Блок остановит любые звуки, восп...»",2099,1636,"Блок звука/Остановить все звуки",7722,NA,2099,0,184,"Alex Ilya","human",TRUE,FALSE
"W189","1636","Блок звука/Остановить все звуки","2023-11-09T15:08:28Z",2023,"wiki_minor_edit","/* Примеры использования */",0,1636,"Блок звука/Остановить все звуки",10306,NA,2099,0,189,"Scratch craft 2","human",TRUE,FALSE
"W189","1636","Блок звука/Остановить все звуки","2023-11-09T15:09:02Z",2023,"wiki_minor_edit","/* Предложения */",0,1636,"Блок звука/Остановить все звуки",10307,NA,2099,0,189,"Scratch craft 2","human",TRUE,FALSE
"W184","1637","Блок звука/Изменить () эффект на ()","2023-03-03T06:47:47Z",2023,"wiki_minor_edit","Новая страница: «{{Карточка блока |scratchblocks=<scratchblocks>изменить [ v] эффект на []</scratchblocks> |категория=Звук |ссылка=Блок звука |версия=3.0 |код=изменить [ v] эффект на [] |тип=Обычный блок}}  '''Изменить () эффект на ()''' - это [[блок звука]], по форме [[обычный блок]]. Он изменяет выбранный зву...»",3099,1637,"Блок звука/Изменить () эффект на ()",7723,NA,3099,0,184,"Alex Ilya","human",TRUE,FALSE
"W184","1637","Блок звука/Изменить () эффект на ()","2023-03-03T06:50:27Z",2023,"wiki_minor_edit","Добавлена ссылка иностранную вики.",46,1637,"Блок звука/Изменить () эффект на ()",7724,NA,3145,0,184,"Alex Ilya","human",TRUE,FALSE
"W217","1637","Блок звука/Изменить () эффект на ()","2023-11-26T17:15:49Z",2023,"wiki_minor_edit","",14,1637,"Блок звука/Изменить () эффект на ()",10559,NA,3159,0,217,"AGScratcherBest","human",TRUE,FALSE
"W184","1638","Блок звука/Установить эффект () в ()","2023-03-03T07:29:35Z",2023,"wiki_minor_edit","Новая страница: «{{Карточка блока |scratchblocks=<scratchblocks>установить эффект [ v] в []</scratchblocks> |категория=Звук |ссылка=Блок звука |версия=3.0 |код=установить эффект [ v] в [] |тип=Обычный блок}}  '''Установить эффект () в ()''' - это [[блок звука]], по форме [[обычный блок]]. Он устанавливает выбран...»",3433,1638,"Блок звука/Установить эффект () в ()",7725,NA,3433,0,184,"Alex Ilya","human",TRUE,FALSE
"W184","1639","Блок звука/Убрать звуковые эффекты","2023-03-03T08:14:46Z",2023,"wiki_minor_edit","Новая страница: «{{Карточка блока |scratchblocks=<scratchblocks>убрать звуковые эффекты</scratchblocks> |категория=Звук |ссылка=Блок звука |версия=3.0 |код=убрать звуковые эффекты |тип=Обычный блок}}  '''Убрать звуковые эффекты''' - это [[блок звука]], по форме [[обычный блок]]. Он очищает все звуков...»",1850,1639,"Блок звука/Убрать звуковые эффекты",7726,NA,1850,0,184,"Alex Ilya","human",TRUE,FALSE
"W184","1640","Блок звука/Изменить громкость на ()","2023-03-03T09:01:27Z",2023,"wiki_minor_edit","Новая страница: «{{Карточка блока |scratchblocks=<scratchblocks>изменить громкость на []</scratchblocks> |категория=Звук |ссылка=Блок звука |версия=1.2 |код=изменить громкость на [] |тип=Обычный блок}}  '''Изменить громкость на ()''' - это [[блок звука]], по форме [[обычный блок]]. Он изменяет Блок звука/...»",1690,1640,"Блок звука/Изменить громкость на ()",7727,NA,1690,0,184,"Alex Ilya","human",TRUE,FALSE
"W184","1640","Блок звука/Изменить громкость на ()","2023-03-03T09:25:16Z",2023,"wiki_minor_edit","Немного дополнена информация о блоке.",42,1640,"Блок звука/Изменить громкость на ()",7728,NA,1732,0,184,"Alex Ilya","human",TRUE,FALSE
"W184","1641","Блок звука/Установить громкость ()%","2023-03-03T10:57:59Z",2023,"wiki_minor_edit","Новая страница: «{{Карточка блока |scratchblocks=<scratchblocks>установить громкость []%</scratchblocks> |категория=Звук |ссылка=Блок звука |версия=1.2 |код=установить громкость []% |тип=Обычный блок}}  '''Установить громкость ()%''' - это [[блок звука]], по форме [[обычный блок]]. Он устанавливает Блок з...»",2783,1641,"Блок звука/Установить громкость ()%",7729,NA,2783,0,184,"Alex Ilya","human",TRUE,FALSE
"W120","1642","Главной странице","2023-03-03T12:52:23Z",2023,"wiki_minor_edit","Перенаправление на [[Главная страница]]",67,1642,"Главной странице",7730,NA,67,0,120,"Idey programm","human",TRUE,FALSE
"W120","1644","Скретч 14feb04","2023-03-03T15:42:13Z",2023,"wiki_minor_edit","Перенаправление на [[Скретч 14Feb04]]",56,1644,"Скретч 14feb04",7745,NA,56,0,120,"Idey programm","human",TRUE,FALSE
"W120","1645","Скретч 14Mar05","2023-03-03T15:59:42Z",2023,"wiki_minor_edit","Перевод некоторых разделов с Английской Вики",1674,1645,"Скретч 14Mar05",7746,NA,1674,0,120,"Idey programm","human",TRUE,FALSE
"W120","1645","Скретч 14Mar05","2023-03-03T16:16:01Z",2023,"wiki_minor_edit","Интервики",23,1645,"Скретч 14Mar05",7754,NA,1697,0,120,"Idey programm","human",TRUE,FALSE
"W120","1646","Скретч 22Dec04","2023-03-03T16:45:53Z",2023,"wiki_minor_edit","Перевод некоторых разделов с Английской Вики",1650,1646,"Скретч 22Dec04",7755,NA,1650,0,120,"Idey programm","human",TRUE,FALSE
"W184","1647","Скретч 13Oct04","2023-03-04T10:34:55Z",2023,"wiki_minor_edit","Новая страница: «{{Устаревшая функция}}  {{Карточка версии Скретч| версия=Скретч 13Oct04| изображение=Scratch 0.2.png| предыдущая версия=14Feb04| следующая версия=28Feb05| дата выпуска=13 октября 2004| загрузка=[https://web.archive.org/web/20140831152225/https://llk.media.mit.edu/courses/software/scratch/Scratch13Oct04-old.zip 13Oct04 Windows] {{*}} [https://w...»",3294,1647,"Скретч 13Oct04",7756,NA,3294,0,184,"Alex Ilya","human",TRUE,FALSE
"W184","1647","Скретч 13Oct04","2023-03-04T10:45:58Z",2023,"wiki_minor_edit","Немного изменено описание версии.",71,1647,"Скретч 13Oct04",7757,NA,3365,0,184,"Alex Ilya","human",TRUE,FALSE
"W184","1647","Скретч 13Oct04","2023-03-04T10:59:55Z",2023,"wiki_minor_edit","",1,1647,"Скретч 13Oct04",7759,NA,3366,0,184,"Alex Ilya","human",TRUE,FALSE
"W120","1647","Скретч 13Oct04","2023-03-05T10:39:30Z",2023,"wiki_minor_edit","Интервики",23,1647,"Скретч 13Oct04",7765,NA,3389,0,120,"Idey programm","human",TRUE,FALSE
"W184","1648","Скретч 28Feb05","2023-03-04T10:59:41Z",2023,"wiki_minor_edit","Новая страница: «{{Устаревшая функция}}  {{Карточка версии Скретч| версия=Скретч 28Feb05| изображение=Scratch 0.3.png| предыдущая версия=13Oct04| следующая версия=14Mar05| дата выпуска=28 февраля 2005| загрузка=[https://scratcharchive.naleksuh.com/Scratch28Feb05.image 28Feb05]}}  '''Скретч 28Feb05''' созданный 28 февраля 2005 года, б...»",2990,1648,"Скретч 28Feb05",7758,NA,2990,0,184,"Alex Ilya","human",TRUE,FALSE
"W120","1648","Скретч 28Feb05","2023-03-05T08:53:12Z",2023,"wiki_minor_edit","Перевод некоторых разделов с Английской Вики",23,1648,"Скретч 28Feb05",7761,NA,3013,0,120,"Idey programm","human",TRUE,FALSE
"W120","1649","Скретч 28May05","2023-03-05T09:03:16Z",2023,"wiki_minor_edit","Перевод некоторых разделов с Английской Вики",1473,1649,"Скретч 28May05",7762,NA,1473,0,120,"Idey programm","human",TRUE,FALSE
"W184","1649","Скретч 28May05","2023-03-05T11:39:28Z",2023,"wiki_minor_edit","Изменено ВСЁ",1137,1649,"Скретч 28May05",7775,NA,2610,0,184,"Alex Ilya","human",TRUE,FALSE
"W184","1649","Скретч 28May05","2023-03-05T11:41:10Z",2023,"wiki_minor_edit","Добавлен шаблон ""Версии Скретч""",31,1649,"Скретч 28May05",7776,NA,2641,0,184,"Alex Ilya","human",TRUE,FALSE
"W120","1650","Сенсорный блок","2023-03-05T10:36:37Z",2023,"wiki_minor_edit","Перенаправление на [[Блок сенсоров]]",61,1650,"Сенсорный блок",7763,NA,61,0,120,"Idey programm","human",TRUE,FALSE
"W184","1661","Блок звука/Громкость звука","2023-03-07T11:45:31Z",2023,"wiki_minor_edit","Новая страница: «{{Карточка блока |scratchblocks=<scratchblocks>(громкость звука)</scratchblocks> |категория=Звук |ссылка=Блок звука |версия=1.2 |код=(громкость звука) |тип=Блок репортёр}}  '''Громкость звука''' - это [[блок звука]], по форме [[блок репортёр]]. Он возвращает текущее значение громкости ...»",1763,1661,"Блок звука/Громкость звука",7779,NA,1763,0,184,"Alex Ilya","human",TRUE,FALSE
"W184","1662","Блок сенсоров/Перезапустить таймер","2023-03-07T17:42:33Z",2023,"wiki_minor_edit","Alex Ilya переименовал страницу [[Блок сенсоров/Перезапустить таймер]] в [[Блок сенсоров/Сбросить таймер]]: Не существует блока ""Перезапустить таймер"".",91,1662,"Блок сенсоров/Перезапустить таймер",7791,NA,91,0,184,"Alex Ilya","human",TRUE,FALSE
"W120","1664","Скретч 27Jul06","2023-03-08T07:07:58Z",2023,"wiki_minor_edit","Перевод некоторых разделов с Английской Вики",2827,1664,"Скретч 27Jul06",7797,NA,2827,0,120,"Idey programm","human",TRUE,FALSE
"W114","1664","Скретч 27Jul06","2023-03-08T12:00:07Z",2023,"wiki_minor_edit","/* Новые возможности */",289,1664,"Скретч 27Jul06",7810,NA,3116,0,114,"Gohoski","human",TRUE,FALSE
"W114","1664","Скретч 27Jul06","2023-03-18T10:36:20Z",2023,"wiki_minor_edit","",177,1664,"Скретч 27Jul06",7932,NA,3293,0,114,"Gohoski","human",TRUE,FALSE
"W120","1665","Скретч 06Oct06","2023-03-08T07:16:19Z",2023,"wiki_minor_edit","Перевод некоторых разделов с Английской Вики",1347,1665,"Скретч 06Oct06",7798,NA,1347,0,120,"Idey programm","human",TRUE,FALSE
"W120","1665","Скретч 06Oct06","2023-03-08T07:25:54Z",2023,"wiki_minor_edit","",0,1665,"Скретч 06Oct06",7799,NA,1347,0,120,"Idey programm","human",TRUE,FALSE
"W114","1665","Скретч 06Oct06","2023-03-08T15:47:33Z",2023,"wiki_minor_edit","",237,1665,"Скретч 06Oct06",7815,NA,1584,0,114,"Gohoski","human",TRUE,FALSE
"W120","1666","Скретч 16Jan06","2023-03-08T07:27:57Z",2023,"wiki_minor_edit","Перевод некоторых разделов с Английской Вики",1380,1666,"Скретч 16Jan06",7800,NA,1380,0,120,"Idey programm","human",TRUE,FALSE
"W114","1666","Скретч 16Jan06","2023-03-18T10:39:31Z",2023,"wiki_minor_edit","",80,1666,"Скретч 16Jan06",7933,NA,1460,0,114,"Gohoski","human",TRUE,FALSE
"W120","1667","Скретч 16Dec06","2023-03-08T07:38:42Z",2023,"wiki_minor_edit","Перевод некоторых разделов с Английской Вики",1334,1667,"Скретч 16Dec06",7802,NA,1334,0,120,"Idey programm","human",TRUE,FALSE
"W114","1667","Скретч 16Dec06","2023-03-18T10:27:24Z",2023,"wiki_minor_edit","",25,1667,"Скретч 16Dec06",7930,NA,1359,0,114,"Gohoski","human",TRUE,FALSE
"W114","1667","Скретч 16Dec06","2023-03-18T10:28:50Z",2023,"wiki_minor_edit","",52,1667,"Скретч 16Dec06",7931,NA,1411,0,114,"Gohoski","human",TRUE,FALSE
"W217","1667","Скретч 16Dec06","2023-11-01T18:36:18Z",2023,"wiki_minor_edit","[[Шаблон:День смеха]]",23,1667,"Скретч 16Dec06",10082,NA,1434,0,217,"AGScratcherBest","human",TRUE,FALSE
"W184","1668","Блок внешнего вида/Говорить () () секунд","2023-03-08T10:03:06Z",2023,"wiki_minor_edit","Новая страница: «{{Карточка блока |scratchblocks=<scratchblocks>говорить [] () секунд</scratchblocks> |категория=Внешний вид |ссылка=Блок внешнего вида |версия=1.0 |код=говорить [] () секунд |тип=Обычный блок}}  '''Говорить () () секунд''' - это [[Блок внешнего вида]], по форме [[Обычный блок]]. Блок отобража...»",3580,1668,"Блок внешнего вида/Говорить () () секунд",7803,NA,3580,0,184,"Alex Ilya","human",TRUE,FALSE
"W184","1668","Блок внешнего вида/Говорить () () секунд","2023-03-08T14:56:26Z",2023,"wiki_minor_edit","Добавлено недостающее слово.",13,1668,"Блок внешнего вида/Говорить () () секунд",7814,NA,3593,0,184,"Alex Ilya","human",TRUE,FALSE
"W184","1671","Блок внешнего вида/Сказать ()","2023-03-08T12:02:22Z",2023,"wiki_minor_edit","Новая страница: «{{Карточка блока |scratchblocks=<scratchblocks>сказать []</scratchblocks> |категория=Внешний вид |ссылка=Блок внешнего вида |версия=13Oct04 |код=сказать [] |тип=Обычный блок}}  '''Сказать ()''' - это [[Блок внешнего вида]], по форме [[Обычный блок]]. Блок выдает своему спрайту речевой пузыр...»",4257,1671,"Блок внешнего вида/Сказать ()",7811,NA,4257,0,184,"Alex Ilya","human",TRUE,FALSE
"W114","1672","() от () (блок операторов)","2023-03-08T12:02:42Z",2023,"wiki_minor_edit","Перенаправление на [[Блок операторов#of]]",68,1672,"() от () (блок операторов)",7812,NA,68,0,114,"Gohoski","human",TRUE,FALSE
"W184","1673","Блок внешнего вида/Думать () () секунд","2023-03-08T14:55:35Z",2023,"wiki_minor_edit","Новая страница: «{{Карточка блока |scratchblocks=<scratchblocks>думать [] () секунд</scratchblocks> |категория=Внешний вид |ссылка=Блок внешнего вида |версия=1.0 |код=думать [] () секунд |тип=Обычный блок}}  '''Думать () () секунд''' - это [[Блок внешнего вида]], по форме [[Обычный блок]]. Блок отображает рече...»",3435,1673,"Блок внешнего вида/Думать () () секунд",7813,NA,3435,0,184,"Alex Ilya","human",TRUE,FALSE
"W217","1673","Блок внешнего вида/Думать () () секунд","2023-11-27T20:15:56Z",2023,"wiki_minor_edit","&",2,1673,"Блок внешнего вида/Думать () () секунд",10565,NA,3437,0,217,"AGScratcherBest","human",TRUE,FALSE
"W184","1677","Блок внешнего вида/Думать ()","2023-03-09T09:58:01Z",2023,"wiki_minor_edit","Новая страница: «{{Карточка блока |scratchblocks=<scratchblocks>думать []</scratchblocks> |категория=Внешний вид |ссылка=Блок внешнего вида |версия=13Oct04 |код=думать [] |тип=Обычный блок}}  '''Думать ()''' — это [[Блок внешнего вида]], по форме [[Обычный блок]]. Блок выдает своему спрайту мысленный пузыр...»",3452,1677,"Блок внешнего вида/Думать ()",7821,NA,3452,0,184,"Alex Ilya","human",TRUE,FALSE
"W120","1683","SB3","2023-03-10T06:49:49Z",2023,"wiki_minor_edit","Перенаправление на [[Формат файлов Скретч (для 3.0)]]",87,1683,"SB3",7836,NA,87,0,120,"Idey programm","human",TRUE,FALSE
"W114","1683","SB3","2023-03-10T11:33:53Z",2023,"wiki_minor_edit","Перенаправление изменено с [[Формат файлов Скретч (для 3.0)]] на [[Формат файлов Скретч]]",-13,1683,"SB3",7837,NA,74,0,114,"Gohoski","human",TRUE,FALSE
"W114","1684","Wiki Wednesday","2023-03-11T11:05:17Z",2023,"wiki_minor_edit","Перенаправление на [[Скретч Вики:Среда вики]]",77,1684,"Wiki Wednesday",7844,NA,77,0,114,"Gohoski","human",TRUE,FALSE
"W114","1685","Заглавная страница/Другие языки","2023-03-11T12:41:05Z",2023,"wiki_minor_edit","Новая страница: «Скретч Вики есть не только на русском, но и на многих других языках. {| style=""text-align: center;"" |[[Файл:Логотип английской Скретч Вики.png|x70px|link=:en:]]  [[:en:|English]] |[[Файл:Логотип немецкой Скретч Вики.png|x70px|link=:de:]]  [[:de:|Deutsch]] | Файл:Логотип индонезийской Скретч Вики.PNG|x70px|link=...»",1600,1685,"Заглавная страница/Другие языки",7846,NA,1600,0,114,"Gohoski","human",TRUE,FALSE
"W114","1685","Заглавная страница/Другие языки","2023-03-11T12:42:26Z",2023,"wiki_minor_edit","",39,1685,"Заглавная страница/Другие языки",7847,NA,1639,0,114,"Gohoski","human",TRUE,FALSE
"W114","1685","Заглавная страница/Другие языки","2023-03-11T12:44:20Z",2023,"wiki_minor_edit","",145,1685,"Заглавная страница/Другие языки",7848,NA,1784,0,114,"Gohoski","human",TRUE,FALSE
"W114","1685","Заглавная страница/Другие языки","2023-03-16T12:30:31Z",2023,"wiki_minor_edit","я совсем забыл про французскую вики...",246,1685,"Заглавная страница/Другие языки",7906,NA,2030,0,114,"Gohoski","human",TRUE,FALSE
"W114","1685","Заглавная страница/Другие языки","2023-03-18T10:55:28Z",2023,"wiki_minor_edit","",117,1685,"Заглавная страница/Другие языки",7935,NA,2147,0,114,"Gohoski","human",TRUE,FALSE
"W114","1685","Заглавная страница/Другие языки","2023-06-28T12:00:49Z",2023,"wiki_minor_edit","литовская вики",85,1685,"Заглавная страница/Другие языки",8838,NA,2232,0,114,"Gohoski","human",TRUE,FALSE
"W114","1685","Заглавная страница/Другие языки","2025-06-25T00:16:23Z",2025,"wiki_minor_edit","",2,1685,"Заглавная страница/Другие языки",14239,NA,2234,0,114,"Gohoski","human",TRUE,FALSE
"W114","1687","Создание чат-бота","2023-03-12T10:44:01Z",2023,"wiki_minor_edit","Новая страница: «'''Чат-бот''' — это программа, которая позволяет имитировать общение с компьютером или приложением. Чат-бота можно разработать и в [[Скретч]]е; в Скретче есть множество списков, операторов, и необходимых блоков, особенно блок Спросить () и ждать (блок)|<sb>сп...»",10391,1687,"Создание чат-бота",7857,NA,10391,0,114,"Gohoski","human",TRUE,FALSE
"W114","1687","Создание чат-бота","2023-03-12T11:13:29Z",2023,"wiki_minor_edit","",-16,1687,"Создание чат-бота",7866,NA,10375,0,114,"Gohoski","human",TRUE,FALSE
"W114","1687","Создание чат-бота","2023-03-12T14:59:29Z",2023,"wiki_minor_edit","Исправление кода",-268,1687,"Создание чат-бота",7877,NA,10107,0,114,"Gohoski","human",TRUE,FALSE
"W114","1687","Создание чат-бота","2023-03-19T10:00:26Z",2023,"wiki_minor_edit","{{Интерактивный проект}}",54,1687,"Создание чат-бота",7965,NA,10161,0,114,"Gohoski","human",TRUE,FALSE
"W114","1687","Создание чат-бота","2023-03-19T10:02:52Z",2023,"wiki_minor_edit","",-2,1687,"Создание чат-бота",7966,NA,10159,0,114,"Gohoski","human",TRUE,FALSE
"W218","1687","Создание чат-бота","2023-09-23T12:12:22Z",2023,"wiki_minor_edit","Я раскрыл то, зачем создавать эти переменные и списки",336,1687,"Создание чат-бота",9343,NA,10495,0,218,"Dgtdvcn","human",TRUE,FALSE
"W218","1687","Создание чат-бота","2023-09-23T12:16:16Z",2023,"wiki_minor_edit","/* Краткое описание */",-22,1687,"Создание чат-бота",9344,NA,10473,0,218,"Dgtdvcn","human",TRUE,FALSE
"W217","1687","Создание чат-бота","2023-11-18T14:15:58Z",2023,"wiki_minor_edit","Тут кто-то забыл {{[[Шаблон:Избранная статья|Избранная статья]]}}",57,1687,"Создание чат-бота",10481,NA,10530,0,217,"AGScratcherBest","human",TRUE,FALSE
"W114","1687","Создание чат-бота","2024-02-04T15:17:18Z",2024,"wiki_minor_edit","авто: новая категоризация",0,1687,"Создание чат-бота",11194,NA,10530,0,114,"Gohoski","human",TRUE,FALSE
"W120","1688","Элемент списка","2023-03-12T15:29:32Z",2023,"wiki_minor_edit","Перевод некоторых разделов с Английской Вики",2357,1688,"Элемент списка",7879,NA,2357,0,120,"Idey programm","human",TRUE,FALSE
"W184","1690","Блок внешнего вида/Изменить костюм на ()","2023-03-14T07:27:24Z",2023,"wiki_minor_edit","Новая страница: «{{Карточка блока |scratchblocks=<scratchblocks>изменить костюм на ( v)</scratchblocks> |категория=Внешний вид |ссылка=Блок внешнего вида |версия=13Oct04 |код=изменить костюм на ( v) |тип=Обычный блок}}  '''Изменить костюм на ()''' — это [[Блок внешнего вида]], по форме [[Обычный блок]]. Он из...»",4935,1690,"Блок внешнего вида/Изменить костюм на ()",7887,NA,4935,0,184,"Alex Ilya","human",TRUE,FALSE
"W184","1691","Блок внешнего вида/Следующий костюм","2023-03-14T09:49:00Z",2023,"wiki_minor_edit","Новая страница: «{{Карточка блока |scratchblocks=<scratchblocks>следующий костюм</scratchblocks> |категория=Внешний вид |ссылка=Блок внешнего вида |версия=1.0 |код=следующий костюм |тип=Обычный блок}}  '''Следующий костюм''' — это [[Блок внешнего вида]], по форме [[Обычный блок]]. Он меняет [[костюм]]...»",3466,1691,"Блок внешнего вида/Следующий костюм",7888,NA,3466,0,184,"Alex Ilya","human",TRUE,FALSE
"W189","1691","Блок внешнего вида/Следующий костюм","2024-06-11T08:07:04Z",2024,"wiki_minor_edit","",4,1691,"Блок внешнего вида/Следующий костюм",11819,NA,3470,0,189,"Scratch craft 2","human",TRUE,FALSE
"W180","1693","Things I'm Making and Creating (форум)","2023-03-14T16:46:54Z",2023,"wiki_minor_edit","Новая страница: «Форум ""Вещи, которые я создаю""  - это форум в [[Скретч|Скретче]], где [[скретчер]]ы могут обсуждать то, над чем они работают за пределами Scratch.  == Что содержит форум == Форум предназначен для тем, в которых обсуждаются проекты, не обязательно связанные с [Скретч...»",2292,1693,"Things I'm Making and Creating (форум)",7892,NA,2292,0,180,"Veniamin6","human",TRUE,FALSE
"W114","1693","Things I'm Making and Creating (форум)","2023-03-17T15:53:50Z",2023,"wiki_minor_edit","",102,1693,"Things I'm Making and Creating (форум)",7917,NA,2394,0,114,"Gohoski","human",TRUE,FALSE
"W114","1693","Things I'm Making and Creating (форум)","2023-03-17T15:55:10Z",2023,"wiki_minor_edit","",46,1693,"Things I'm Making and Creating (форум)",7918,NA,2440,0,114,"Gohoski","human",TRUE,FALSE
"W180","1693","Things I'm Making and Creating (форум)","2023-04-20T17:52:53Z",2023,"wiki_minor_edit","карточка",617,1693,"Things I'm Making and Creating (форум)",8181,NA,3057,0,180,"Veniamin6","human",TRUE,FALSE
"W180","1693","Things I'm Making and Creating (форум)","2023-04-20T17:55:43Z",2023,"wiki_minor_edit","",-133,1693,"Things I'm Making and Creating (форум)",8183,NA,2924,0,180,"Veniamin6","human",TRUE,FALSE
"W114","1693","Things I'm Making and Creating (форум)","2024-02-04T15:21:31Z",2024,"wiki_minor_edit","авто: новая категоризация",2,1693,"Things I'm Making and Creating (форум)",11259,NA,2926,0,114,"Gohoski","human",TRUE,FALSE
"W180","1694","Things I'm Making and Creating","2023-03-14T17:01:58Z",2023,"wiki_minor_edit","Новая страница: «Форум ""Вещи, которые я создаю""  - это форум в [[Скретч|Скретче]], где [[скретчер]]ы могут обсуждать то, над чем они работают за пределами Scratch.  == Что содержит форум == Форум предназначен для тем, в которых обсуждаются проекты, не обязательно связанные с [Скретч...»",2292,1694,"Things I'm Making and Creating",7896,NA,2292,0,180,"Veniamin6","human",TRUE,FALSE
"W180","1694","Things I'm Making and Creating","2023-03-17T15:16:44Z",2023,"wiki_minor_edit","",10,1694,"Things I'm Making and Creating",7914,NA,2302,0,180,"Veniamin6","human",TRUE,FALSE
"W114","1694","Things I'm Making and Creating","2023-03-17T15:51:10Z",2023,"wiki_minor_edit","Перенаправление на [[Things I'm Making and Creating (форум)]]",-2223,1694,"Things I'm Making and Creating",7916,NA,79,0,114,"Gohoski","human",TRUE,FALSE
"W120","1695","Что сделать на Скретч","2023-03-15T15:18:36Z",2023,"wiki_minor_edit","Перенаправление на [[Что сделать на Скретч?]]",76,1695,"Что сделать на Скретч",7897,NA,76,0,120,"Idey programm","human",TRUE,FALSE
"W120","1696","Свои работы","2023-03-15T15:23:22Z",2023,"wiki_minor_edit","Перенаправление на [[Мои работы]]",55,1696,"Свои работы",7898,NA,55,0,120,"Idey programm","human",TRUE,FALSE
"W184","1698","Блок внешнего вида/Переключить фон на ()","2023-03-16T07:27:39Z",2023,"wiki_minor_edit","Новая страница: «{{Карточка блока |scratchblocks=<scratchblocks>переключить фон на ( v)</scratchblocks> |категория=Внешний вид |ссылка=Блок внешнего вида |версия=2.0 |код=переключить фон на ( v) |тип=Обычный блок}}  '''Переключить фон на ()''' — это [[Блок внешнего вида]], по форме [[Обычный блок]]. Он изме...»",2866,1698,"Блок внешнего вида/Переключить фон на ()",7902,NA,2866,0,184,"Alex Ilya","human",TRUE,FALSE
"W217","1698","Блок внешнего вида/Переключить фон на ()","2023-10-07T16:36:17Z",2023,"wiki_minor_edit","дополнительныетри... Может дополнительные три?",1,1698,"Блок внешнего вида/Переключить фон на ()",9411,NA,2867,0,217,"AGScratcherBest","human",TRUE,FALSE
"W184","1699","Блок внешнего вида/Следующий фон","2023-03-16T08:44:24Z",2023,"wiki_minor_edit","Новая страница: «{{Карточка блока |scratchblocks=<scratchblocks>следующий фон</scratchblocks> |категория=Внешний вид |ссылка=Блок внешнего вида |версия=2.0 |код=следующий фон |тип=Обычный блок}}  '''Следующий фон''' — это [[Блок внешнего вида]], по форме [[Обычный блок]]. Он меняет [[фон]] [[сцена|сцены]]...»",2564,1699,"Блок внешнего вида/Следующий фон",7903,NA,2564,0,184,"Alex Ilya","human",TRUE,FALSE
"W194","1699","Блок внешнего вида/Следующий фон","2023-05-25T13:11:21Z",2023,"wiki_minor_edit","Исправлена грамматическая ошибка, исправлена ошибка в разделе Обходной путь и заменён несуществующий блок ""Ждать"" на ""Ждать () секунд""",19,1699,"Блок внешнего вида/Следующий фон",8474,NA,2583,0,194,"Umnik123","human",TRUE,FALSE
"W180","1700","Things I'm Reading and Playing (форум)","2023-03-16T12:04:27Z",2023,"wiki_minor_edit","Новая страница: «Форум ""То, что я читаю и во что играю""  - это форум в [[Скретч]]е для обсуждения книг, фильмов, игр или чего-либо еще, что нравится читать, играть или смотреть.  ==Что содержит форум == Как следует из названия, форум предназначен для обсуждения того, что скретчер...»",1661,1700,"Things I'm Reading and Playing (форум)",7904,NA,1661,0,180,"Veniamin6","human",TRUE,FALSE
"W114","1700","Things I'm Reading and Playing (форум)","2023-03-27T08:35:04Z",2023,"wiki_minor_edit","Gohoski переименовал страницу [[Things I'm Reading and Playing]] в [[Things I'm Reading and Playing (форум)]]: форум",0,1700,"Things I'm Reading and Playing (форум)",8052,NA,1661,0,114,"Gohoski","human",TRUE,FALSE
"W180","1700","Things I'm Reading and Playing (форум)","2023-04-20T17:55:28Z",2023,"wiki_minor_edit","карточка",531,1700,"Things I'm Reading and Playing (форум)",8182,NA,2192,0,180,"Veniamin6","human",TRUE,FALSE
"W180","1700","Things I'm Reading and Playing (форум)","2023-04-25T10:31:52Z",2023,"wiki_minor_edit","интервики",29,1700,"Things I'm Reading and Playing (форум)",8216,NA,2221,0,180,"Veniamin6","human",TRUE,FALSE
"W114","1700","Things I'm Reading and Playing (форум)","2024-02-04T15:21:34Z",2024,"wiki_minor_edit","авто: новая категоризация",2,1700,"Things I'm Reading and Playing (форум)",11261,NA,2223,0,114,"Gohoski","human",TRUE,FALSE
"W180","1701","Advanced Topics (форум)","2023-03-16T12:20:29Z",2023,"wiki_minor_edit","Новая страница: «Форум ""Расширенные темы"" - это форум в [[Скретч]]е, где [[скретчер]]ы могут обсуждать расширенные темы, такие как модификации Скретча и сторонние веб-сайты, использующие API Скретча, и другие технические темы о [[Скретч]]е. Этот форум чем-то похож на форумы по п...»",6605,1701,"Advanced Topics (форум)",7905,NA,6605,0,180,"Veniamin6","human",TRUE,FALSE
"W180","1701","Advanced Topics (форум)","2023-04-20T17:45:31Z",2023,"wiki_minor_edit","карточка",775,1701,"Advanced Topics (форум)",8178,NA,7380,0,180,"Veniamin6","human",TRUE,FALSE
"W180","1701","Advanced Topics (форум)","2023-05-23T16:17:31Z",2023,"wiki_minor_edit","",44,1701,"Advanced Topics (форум)",8433,NA,7424,0,180,"Veniamin6","human",TRUE,FALSE
"W180","1702","Connecting to the Physical World (форум)","2023-03-16T17:24:23Z",2023,"wiki_minor_edit","Новая страница: «Форум ""Связь с физическим миру"" - это форум в [[Скретч]]е, где [[Скретчеры]] могут обсуждать темы, связанные с досками Pico, LEGO WeDo и подключением проектов Скретч с физическим миром. До обновления форума 26 января 2012 года форум назывался Sensor Boards.<ref>https://web.archive.org/web...»",3108,1702,"Connecting to the Physical World (форум)",7907,NA,3108,0,180,"Veniamin6","human",TRUE,FALSE
"W180","1702","Connecting to the Physical World (форум)","2023-04-17T18:10:29Z",2023,"wiki_minor_edit","карточка",539,1702,"Connecting to the Physical World (форум)",8163,NA,3647,0,180,"Veniamin6","human",TRUE,FALSE
"W180","1702","Connecting to the Physical World (форум)","2023-04-17T18:17:24Z",2023,"wiki_minor_edit","",-6,1702,"Connecting to the Physical World (форум)",8166,NA,3641,0,180,"Veniamin6","human",TRUE,FALSE
"W180","1702","Connecting to the Physical World (форум)","2023-05-23T16:19:45Z",2023,"wiki_minor_edit","",61,1702,"Connecting to the Physical World (форум)",8435,NA,3702,0,180,"Veniamin6","human",TRUE,FALSE
"W114","1702","Connecting to the Physical World (форум)","2024-02-04T15:20:57Z",2024,"wiki_minor_edit","авто: новая категоризация",2,1702,"Connecting to the Physical World (форум)",11251,NA,3704,0,114,"Gohoski","human",TRUE,FALSE
"W180","1703","Developing Scratch Extensions (форум)","2023-03-16T17:30:53Z",2023,"wiki_minor_edit","Новая страница: «""""Разработка расширений Scratch"""" является преемником форума разработчика расширений.  == Что содержит форум == Как и его предшественник, этот форум содержит рекламу и обсуждение разработки расширений Скретча.  == Активность == Активность на этом форуме низка...»",756,1703,"Developing Scratch Extensions (форум)",7908,NA,756,0,180,"Veniamin6","human",TRUE,FALSE
"W180","1703","Developing Scratch Extensions (форум)","2023-03-16T17:32:12Z",2023,"wiki_minor_edit","ссылки",14,1703,"Developing Scratch Extensions (форум)",7909,NA,770,0,180,"Veniamin6","human",TRUE,FALSE
"W180","1703","Developing Scratch Extensions (форум)","2023-04-17T18:13:51Z",2023,"wiki_minor_edit","карточка",477,1703,"Developing Scratch Extensions (форум)",8164,NA,1247,0,180,"Veniamin6","human",TRUE,FALSE
"W114","1703","Developing Scratch Extensions (форум)","2024-02-04T15:21:00Z",2024,"wiki_minor_edit","авто: новая категоризация",2,1703,"Developing Scratch Extensions (форум)",11252,NA,1249,0,114,"Gohoski","human",TRUE,FALSE
"W180","1704","Open Source Projects (форум)","2023-03-17T15:04:28Z",2023,"wiki_minor_edit","Новая страница: «Форум ""Проекты с открытым исходным кодом"" - это [[форум]] в [[Скретч]]е, где [[скретчер]]ы могут обсуждать различные [[проект]]ы с открытым исходным кодом. В октябре 2022 года, на нем было меньше всего тем или сообщений, чем на любом форуме (за исключением языковы...»",4467,1704,"Open Source Projects (форум)",7911,NA,4467,0,180,"Veniamin6","human",TRUE,FALSE
"W120","1704","Open Source Projects (форум)","2023-03-17T16:03:27Z",2023,"wiki_minor_edit","",10,1704,"Open Source Projects (форум)",7920,NA,4477,0,120,"Idey programm","human",TRUE,FALSE
"W180","1704","Open Source Projects (форум)","2023-04-17T18:16:58Z",2023,"wiki_minor_edit","карточка",481,1704,"Open Source Projects (форум)",8165,NA,4958,0,180,"Veniamin6","human",TRUE,FALSE
"W114","1704","Open Source Projects (форум)","2024-02-04T15:21:09Z",2024,"wiki_minor_edit","авто: новая категоризация",2,1704,"Open Source Projects (форум)",11254,NA,4960,0,114,"Gohoski","human",TRUE,FALSE
"W184","1706","Блок внешнего вида/Изменить размер на ()%","2023-03-18T10:56:33Z",2023,"wiki_minor_edit","Новая страница: «{{Карточка блока |scratchblocks=<scratchblocks>изменить размер на ()%</scratchblocks> |категория=Внешний вид |ссылка=Блок внешнего вида |версия=1.0 |код=изменить размер на ()% |тип=Обычный блок}}  '''Изменить размер на ()%''' — это [[Блок внешнего вида]], по форме [[Обычный блок]]. Блок изм...»",2645,1706,"Блок внешнего вида/Изменить размер на ()%",7936,NA,2645,0,184,"Alex Ilya","human",TRUE,FALSE
"W184","1706","Блок внешнего вида/Изменить размер на ()%","2023-03-18T11:02:55Z",2023,"wiki_minor_edit","Изменена версия Скретча, в которой был добавлен блок.",4,1706,"Блок внешнего вида/Изменить размер на ()%",7937,NA,2649,0,184,"Alex Ilya","human",TRUE,FALSE
"W184","1706","Блок внешнего вида/Изменить размер на ()%","2023-03-20T07:38:10Z",2023,"wiki_minor_edit","Изменена версия Скретча, в которой был добавлен блок.",0,1706,"Блок внешнего вида/Изменить размер на ()%",7978,NA,2649,0,184,"Alex Ilya","human",TRUE,FALSE
"W120","1706","Блок внешнего вида/Изменить размер на ()%","2023-07-07T18:22:45Z",2023,"wiki_minor_edit","Интервики",161,1706,"Блок внешнего вида/Изменить размер на ()%",8953,NA,2810,0,120,"Idey programm","human",TRUE,FALSE
"W120","1707","Модификации Скретч","2023-03-18T13:49:16Z",2023,"wiki_minor_edit","Перенаправление на [[Список модификаций Скретч]]",84,1707,"Модификации Скретч",7939,NA,84,0,120,"Idey programm","human",TRUE,FALSE
"W120","1710","Облачной список","2023-03-19T08:40:20Z",2023,"wiki_minor_edit","Перенаправление на [[Облачный список]]",65,1710,"Облачной список",7959,NA,65,0,120,"Idey programm","human",TRUE,FALSE
"W114","1712","Клон","2023-03-19T10:17:58Z",2023,"wiki_minor_edit","Перенаправление на [[Клонирование]]",60,1712,"Клон",7967,NA,60,0,114,"Gohoski","human",TRUE,FALSE
"W184","1713","Блок внешнего вида/Изменить эффект () на ()","2023-03-19T10:33:22Z",2023,"wiki_minor_edit","Новая страница: «{{Карточка блока |scratchblocks=<scratchblocks>изменить эффект [ v] на ()</scratchblocks> |категория=Внешний вид |ссылка=Блок внешнего вида |версия=28May05 |код=изменить эффект [ v] на () |тип=Обычный блок}}  '''Изменить эффект () на ()''' — это [[Блок внешнего вида]], по форме [[Обычный блок]]....»",3136,1713,"Блок внешнего вида/Изменить эффект () на ()",7968,NA,3136,0,184,"Alex Ilya","human",TRUE,FALSE
"W184","1713","Блок внешнего вида/Изменить эффект () на ()","2023-03-19T12:09:05Z",2023,"wiki_minor_edit","Немного изменена ссылка на статью о графических эффектах.",53,1713,"Блок внешнего вида/Изменить эффект () на ()",7971,NA,3189,0,184,"Alex Ilya","human",TRUE,FALSE
"W189","1713","Блок внешнего вида/Изменить эффект () на ()","2023-10-25T19:40:34Z",2023,"wiki_minor_edit","/* Примеры использования */",587,1713,"Блок внешнего вида/Изменить эффект () на ()",9919,NA,3776,0,189,"Scratch craft 2","human",TRUE,FALSE
"W189","1713","Блок внешнего вида/Изменить эффект () на ()","2023-10-25T19:42:05Z",2023,"wiki_minor_edit","/* Примеры использования */",-587,1713,"Блок внешнего вида/Изменить эффект () на ()",9920,NA,3189,0,189,"Scratch craft 2","human",TRUE,FALSE
"W184","1714","Блок внешнего вида/Установить эффект () ()","2023-03-19T12:54:08Z",2023,"wiki_minor_edit","Новая страница: «{{Карточка блока |scratchblocks=<scratchblocks>установить эффект [ v] ()</scratchblocks> |категория=Внешний вид |ссылка=Блок внешнего вида |версия=28May05 |код=установить эффект [ v] () |тип=Обычный блок}}  '''Установить эффект () ()''' — это [[Блок внешнего вида]], по форме [[Обычный блок]]. Он...»",3372,1714,"Блок внешнего вида/Установить эффект () ()",7972,NA,3372,0,184,"Alex Ilya","human",TRUE,FALSE
"W189","1714","Блок внешнего вида/Установить эффект () ()","2023-10-25T19:42:34Z",2023,"wiki_minor_edit","/* Примеры использования */",586,1714,"Блок внешнего вида/Установить эффект () ()",9921,NA,3958,0,189,"Scratch craft 2","human",TRUE,FALSE
"W184","1715","Блок внешнего вида/Установить размер ()%","2023-03-20T06:52:22Z",2023,"wiki_minor_edit","Новая страница: «{{Карточка блока |scratchblocks=<scratchblocks>установить размер ()%</scratchblocks> |категория=Внешний вид |ссылка=Блок внешнего вида |версия=28May05 |код=установить размер ()% |тип=Обычный блок}}  '''Установить размер ()%''' — это [[Блок внешнего вида]], по форме [[Обычный блок]]. Он уста...»",2574,1715,"Блок внешнего вида/Установить размер ()%",7974,NA,2574,0,184,"Alex Ilya","human",TRUE,FALSE
"W184","1715","Блок внешнего вида/Установить размер ()%","2023-03-20T06:59:12Z",2023,"wiki_minor_edit","Добавлены ссылки на иностранные вики.",150,1715,"Блок внешнего вида/Установить размер ()%",7975,NA,2724,0,184,"Alex Ilya","human",TRUE,FALSE
"W184","1715","Блок внешнего вида/Установить размер ()%","2023-03-20T07:39:28Z",2023,"wiki_minor_edit","Изменена версия Скретча, в которой был добавлен блок.",0,1715,"Блок внешнего вида/Установить размер ()%",7979,NA,2724,0,184,"Alex Ilya","human",TRUE,FALSE
"W184","1716","Блок внешнего вида/Убрать графические эффекты","2023-03-20T07:27:09Z",2023,"wiki_minor_edit","Новая страница: «{{Карточка блока |scratchblocks=<scratchblocks>убрать графические эффекты</scratchblocks> |категория=Внешний вид |ссылка=Блок внешнего вида |версия=28May05 |код=убрать графические эффекты |тип=Обычный блок}}  '''Убрать графические эффекты''' — это [[Блок внешнего вида]], по форме О...»",2801,1716,"Блок внешнего вида/Убрать графические эффекты",7977,NA,2801,0,184,"Alex Ilya","human",TRUE,FALSE
"W184","1724","Блок внешнего вида/Показаться","2023-03-23T13:19:46Z",2023,"wiki_minor_edit","Новая страница: «{{Карточка блока |scratchblocks=<scratchblocks>показаться</scratchblocks> |категория=Внешний вид |ссылка=Блок внешнего вида |версия=13Oct04 |код=показаться |тип=Обычный блок |ширина=33%}}  '''Показаться''' — это [[Блок внешнего вида]], по форме [[Обычный блок]]. Он делает свой [[спрайт]] и...»",2953,1724,"Блок внешнего вида/Показаться",8004,NA,2953,0,184,"Alex Ilya","human",TRUE,FALSE
"W184","1724","Блок внешнего вида/Показаться","2023-03-24T06:00:48Z",2023,"wiki_minor_edit","",0,1724,"Блок внешнего вида/Показаться",8006,NA,2953,0,184,"Alex Ilya","human",TRUE,FALSE
"W184","1724","Блок внешнего вида/Показаться","2023-03-24T06:10:13Z",2023,"wiki_minor_edit","",50,1724,"Блок внешнего вида/Показаться",8007,NA,3003,0,184,"Alex Ilya","human",TRUE,FALSE
"W184","1725","Блок внешнего вида/Спрятаться","2023-03-24T06:10:26Z",2023,"wiki_minor_edit","Новая страница: «{{Карточка блока |scratchblocks=<scratchblocks>спрятаться</scratchblocks> |категория=Внешний вид |ссылка=Блок внешнего вида |версия=13Oct04 |код=спрятаться |тип=Обычный блок}}  '''Спрятаться''' — это [[Блок внешнего вида]], по форме [[Обычный блок]]. Он делает свой [[спрайт]] или клонир...»",4319,1725,"Блок внешнего вида/Спрятаться",8008,NA,4319,0,184,"Alex Ilya","human",TRUE,FALSE
"W184","1725","Блок внешнего вида/Спрятаться","2023-03-24T06:47:36Z",2023,"wiki_minor_edit","Для дня смеха.",25,1725,"Блок внешнего вида/Спрятаться",8010,NA,4344,0,184,"Alex Ilya","human",TRUE,FALSE
"W189","1725","Блок внешнего вида/Спрятаться","2023-10-11T09:51:05Z",2023,"wiki_minor_edit","исправил ошибку",5,1725,"Блок внешнего вида/Спрятаться",9430,NA,4349,0,189,"Scratch craft 2","human",TRUE,FALSE
"W114","1734","Создай Свой Собственный Блок (СССБ)","2023-03-25T10:57:55Z",2023,"wiki_minor_edit","Gohoski переименовал страницу [[Создай Свой Собственный Блок (СССБ)]] в [[Snap!]] поверх перенаправления",41,1734,"Создай Свой Собственный Блок (СССБ)",8028,NA,41,0,114,"Gohoski","human",TRUE,FALSE
"W114","1740","Things I'm Reading and Playing","2023-03-27T08:35:04Z",2023,"wiki_minor_edit","Gohoski переименовал страницу [[Things I'm Reading and Playing]] в [[Things I'm Reading and Playing (форум)]]: форум",79,1740,"Things I'm Reading and Playing",8053,NA,79,0,114,"Gohoski","human",TRUE,FALSE
"W114","1746","April Fools Day - Suggest-Show-Question-Bugs-Help-Glitch-Tell-Etc (форум)","2023-03-30T10:28:06Z",2023,"wiki_minor_edit","Новый форум!",3022,1746,"April Fools Day - Suggest-Show-Question-Bugs-Help-Glitch-Tell-Etc (форум)",8074,NA,3022,0,114,"Gohoski","human",TRUE,FALSE
"W114","1746","April Fools Day - Suggest-Show-Question-Bugs-Help-Glitch-Tell-Etc (форум)","2023-03-30T10:29:20Z",2023,"wiki_minor_edit","добавил дату",45,1746,"April Fools Day - Suggest-Show-Question-Bugs-Help-Glitch-Tell-Etc (форум)",8075,NA,3067,0,114,"Gohoski","human",TRUE,FALSE
"W180","1746","April Fools Day - Suggest-Show-Question-Bugs-Help-Glitch-Tell-Etc (форум)","2023-04-11T16:11:58Z",2023,"wiki_minor_edit","вроде завершена",-42,1746,"April Fools Day - Suggest-Show-Question-Bugs-Help-Glitch-Tell-Etc (форум)",8130,NA,3025,0,180,"Veniamin6","human",TRUE,FALSE
"W114","1746","April Fools Day - Suggest-Show-Question-Bugs-Help-Glitch-Tell-Etc (форум)","2023-04-13T17:38:21Z",2023,"wiki_minor_edit","Нет, не завершена; надо перевести некоторые разделы, и немного обрезать начало",8,1746,"April Fools Day - Suggest-Show-Question-Bugs-Help-Glitch-Tell-Etc (форум)",8133,NA,3033,0,114,"Gohoski","human",TRUE,FALSE
"W114","1746","April Fools Day - Suggest-Show-Question-Bugs-Help-Glitch-Tell-Etc (форум)","2023-04-15T10:40:16Z",2023,"wiki_minor_edit","Докончил статью",2534,1746,"April Fools Day - Suggest-Show-Question-Bugs-Help-Glitch-Tell-Etc (форум)",8136,NA,5567,0,114,"Gohoski","human",TRUE,FALSE
"W180","1746","April Fools Day - Suggest-Show-Question-Bugs-Help-Glitch-Tell-Etc (форум)","2023-04-20T13:43:08Z",2023,"wiki_minor_edit","исправил англ. перевод",-123,1746,"April Fools Day - Suggest-Show-Question-Bugs-Help-Glitch-Tell-Etc (форум)",8175,NA,5444,0,180,"Veniamin6","human",TRUE,FALSE
"W114","1746","April Fools Day - Suggest-Show-Question-Bugs-Help-Glitch-Tell-Etc (форум)","2024-02-04T15:20:41Z",2024,"wiki_minor_edit","авто: новая категоризация",2,1746,"April Fools Day - Suggest-Show-Question-Bugs-Help-Glitch-Tell-Etc (форум)",11247,NA,5446,0,114,"Gohoski","human",TRUE,FALSE
"W189","1751","Блок внешнего вида/Перейти на () слой","2023-04-05T15:56:27Z",2023,"wiki_minor_edit","я добавил для чего нужен блок, пока что всё",219,1751,"Блок внешнего вида/Перейти на () слой",8086,NA,219,0,189,"Scratch craft 2","human",TRUE,FALSE
"W120","1751","Блок внешнего вида/Перейти на () слой","2023-04-05T16:26:20Z",2023,"wiki_minor_edit","Оформление",415,1751,"Блок внешнего вида/Перейти на () слой",8087,NA,634,0,120,"Idey programm","human",TRUE,FALSE
"W184","1751","Блок внешнего вида/Перейти на () слой","2023-04-05T16:41:43Z",2023,"wiki_minor_edit","Изменено ВСЁ.",1829,1751,"Блок внешнего вида/Перейти на () слой",8088,NA,2463,0,184,"Alex Ilya","human",TRUE,FALSE
"W184","1751","Блок внешнего вида/Перейти на () слой","2023-04-15T10:23:07Z",2023,"wiki_minor_edit","",-6,1751,"Блок внешнего вида/Перейти на () слой",8134,NA,2457,0,184,"Alex Ilya","human",TRUE,FALSE
"W114","1754","Заглавная страница/Мобильная версия","2023-04-09T18:59:39Z",2023,"wiki_minor_edit","Мобильная версия заглавной страницы",1912,1754,"Заглавная страница/Мобильная версия",8110,NA,1912,0,114,"Gohoski","human",TRUE,FALSE
"W114","1754","Заглавная страница/Мобильная версия","2023-05-21T11:26:32Z",2023,"wiki_minor_edit","",302,1754,"Заглавная страница/Мобильная версия",8372,NA,2214,0,114,"Gohoski","human",TRUE,FALSE
"W114","1754","Заглавная страница/Мобильная версия","2023-10-17T18:11:01Z",2023,"wiki_minor_edit","",-302,1754,"Заглавная страница/Мобильная версия",9723,NA,1912,0,114,"Gohoski","human",TRUE,FALSE
"W189","1754","Заглавная страница/Мобильная версия","2023-10-25T10:13:33Z",2023,"wiki_minor_edit","",201,1754,"Заглавная страница/Мобильная версия",9884,NA,2113,0,189,"Scratch craft 2","human",TRUE,FALSE
"W114","1754","Заглавная страница/Мобильная версия","2023-10-26T18:11:23Z",2023,"wiki_minor_edit","Защитил страницу [[Заглавная страница/Мобильная версия]]: популярная страница ([Редактирование=Разрешено только администраторам] (бессрочно) [Переименование=Разрешено только администраторам] (бессрочно))",0,1754,"Заглавная страница/Мобильная версия",9933,NA,2113,0,114,"Gohoski","human",TRUE,FALSE
"W114","1758","Paint Editor","2023-04-10T18:01:46Z",2023,"wiki_minor_edit","Перенаправление на [[Графический редактор]]",75,1758,"Paint Editor",8127,NA,75,0,114,"Gohoski","human",TRUE,FALSE
"W114","1759","Команда Скретч","2023-04-10T19:04:59Z",2023,"wiki_minor_edit","Gohoski переименовал страницу [[Команда Скретч]] в [[Команда Скретча]]: слово склоняется",65,1759,"Команда Скретч",8129,NA,65,0,114,"Gohoski","human",TRUE,FALSE
"W184","1762","Блок внешнего вида/Перейти () на () слоя","2023-04-15T11:48:54Z",2023,"wiki_minor_edit","Новая страница: «{{Карточка блока |scratchblocks=<scratchblocks>перейти [ v] на () слоя</scratchblocks> |категория=Внешний вид |ссылка=Блок внешнего вида |версия=3.0 |код=перейти [ v] на () слоя |тип=Обычный блок}}  '''Перейти () на () слоя''' — это [[Блок внешнего вида]], по форме [[Обычный блок]]. Он перемещае...»",2369,1762,"Блок внешнего вида/Перейти () на () слоя",8138,NA,2369,0,184,"Alex Ilya","human",TRUE,FALSE
"W180","1763","День Скретч","2023-04-15T17:51:17Z",2023,"wiki_minor_edit","Veniamin6 переименовал страницу [[День Скретч]] в [[День Скретча]]: новые нормы",59,1763,"День Скретч",8140,NA,59,0,180,"Veniamin6","human",TRUE,FALSE
"W180","1767","Questions About Scratch (форум)","2023-04-20T17:47:56Z",2023,"wiki_minor_edit","Перенаправление на [[Questions about Scratch (форум)]]",72,1767,"Questions About Scratch (форум)",8179,NA,72,0,180,"Veniamin6","human",TRUE,FALSE
"W180","1768","Блок внешнего вида/Костюм ()","2023-04-21T19:46:37Z",2023,"wiki_minor_edit","Новая страница: «""'Костюм ()""'  - это блок внешнего вида в [[Scratch 3.0]]. Этот блок доступен только в [[спрайт]]ах. Он возвращает номер [[костюм]]а или название костюма.  Этот блок может отображаться как сценический монитор. ==Использование== Переход к предыдущему костюму <scratchblocks>из...»",886,1768,"Блок внешнего вида/Костюм ()",8185,NA,886,0,180,"Veniamin6","human",TRUE,FALSE
"W180","1768","Блок внешнего вида/Костюм ()","2023-04-22T05:50:54Z",2023,"wiki_minor_edit","карточка",267,1768,"Блок внешнего вида/Костюм ()",8186,NA,1153,0,180,"Veniamin6","human",TRUE,FALSE
"W180","1768","Блок внешнего вида/Костюм ()","2023-04-22T13:29:15Z",2023,"wiki_minor_edit","+ {{Блоки|Внешность}}",34,1768,"Блок внешнего вида/Костюм ()",8189,NA,1187,0,180,"Veniamin6","human",TRUE,FALSE
"W184","1768","Блок внешнего вида/Костюм ()","2023-04-22T15:37:59Z",2023,"wiki_minor_edit","Изменена версия добавления блока, описание блока, добавлены разделы ""Выпадающее меню"" и ""См. также"", добавлены ссылки на иностранные вики.",632,1768,"Блок внешнего вида/Костюм ()",8194,NA,1819,0,184,"Alex Ilya","human",TRUE,FALSE
"W184","1768","Блок внешнего вида/Костюм ()","2023-04-22T16:07:05Z",2023,"wiki_minor_edit","",2,1768,"Блок внешнего вида/Костюм ()",8197,NA,1821,0,184,"Alex Ilya","human",TRUE,FALSE
"W180","1769","Блок внешнего вида/Фон ()","2023-04-22T06:00:12Z",2023,"wiki_minor_edit","Новая страница: «{{Карточка блока |scratchblocks=<scratchblocks>(фон [ v])</scratchblocks> |категория=Внешний вид |ссылка=Блок внешнего вида |версия=3.0 |код=(фон [ v]) |тип=Обычный блок}} ""Блок внешнего вида/Фон ()'"" - это Блок внешнего вида и в [[Скретч 3.0]]. Он возвращает номер фона или название фона. Это...»",1362,1769,"Блок внешнего вида/Фон ()",8187,NA,1362,0,180,"Veniamin6","human",TRUE,FALSE
"W180","1769","Блок внешнего вида/Фон ()","2023-04-22T13:29:36Z",2023,"wiki_minor_edit","+{{Блоки|Внешность}}",34,1769,"Блок внешнего вида/Фон ()",8190,NA,1396,0,180,"Veniamin6","human",TRUE,FALSE
"W184","1769","Блок внешнего вида/Фон ()","2023-04-22T15:48:20Z",2023,"wiki_minor_edit","Изменено описание блока, добавлены разделы ""Выпадающее меню"" и ""См. также"", добавлены ссылки на иностранные вики.",507,1769,"Блок внешнего вида/Фон ()",8195,NA,1903,0,184,"Alex Ilya","human",TRUE,FALSE
"W184","1769","Блок внешнего вида/Фон ()","2023-04-22T16:06:42Z",2023,"wiki_minor_edit","",2,1769,"Блок внешнего вида/Фон ()",8196,NA,1905,0,184,"Alex Ilya","human",TRUE,FALSE
"W180","1770","Блок внешнего вида/Размер","2023-04-22T06:17:49Z",2023,"wiki_minor_edit","Новая страница: «{{Карточка блока |scratchblocks=<scratchblocks>размер</scratchblocks> |категория=Внешний вид |ссылка=Блок внешнего вида |версия=1.0 |код=(размер) |тип=Обычный блок}} ""'Размер""' - это Блок внешнего вида]. Блок сохраняет размер [[спрайт]]а и также может отображаться как сценический мо...»",1998,1770,"Блок внешнего вида/Размер",8188,NA,1998,0,180,"Veniamin6","human",TRUE,FALSE
"W180","1770","Блок внешнего вида/Размер","2023-04-22T13:29:52Z",2023,"wiki_minor_edit","+{{Блоки|Внешность}}",34,1770,"Блок внешнего вида/Размер",8191,NA,2032,0,180,"Veniamin6","human",TRUE,FALSE
"W184","1770","Блок внешнего вида/Размер","2023-04-22T19:26:19Z",2023,"wiki_minor_edit","Нет времени рассказывать об изменениях.",337,1770,"Блок внешнего вида/Размер",8198,NA,2369,0,184,"Alex Ilya","human",TRUE,FALSE
"W154","1770","Блок внешнего вида/Размер","2023-08-30T16:52:13Z",2023,"wiki_minor_edit","[[проект]]s заменил на [[проект]]ы, это имба",1,1770,"Блок внешнего вида/Размер",9311,NA,2370,0,154,"Stysan","human",TRUE,FALSE
"W217","1770","Блок внешнего вида/Размер","2023-11-27T20:18:40Z",2023,"wiki_minor_edit","Пробел перед —",1,1770,"Блок внешнего вида/Размер",10568,NA,2371,0,217,"AGScratcherBest","human",TRUE,FALSE
"W120","1771","Анимационные проекты","2023-04-22T13:38:34Z",2023,"wiki_minor_edit","Перенаправление на [[Анимация]]",52,1771,"Анимационные проекты",8192,NA,52,0,120,"Idey programm","human",TRUE,FALSE
"W114","1772","Обход блокировки сайта Скретч","2023-04-24T18:03:10Z",2023,"wiki_minor_edit","Gohoski переименовал страницу [[Обход блокировки сайта Скретч]] в [[Обход блокировки сайта Скретча]]: слово склоняется",93,1772,"Обход блокировки сайта Скретч",8205,NA,93,0,114,"Gohoski","human",TRUE,FALSE
