"author_anon","object_id","pageid","page_title","source_namespace","author_id","author_name","category"
"D3",1,1,"Заглавная страница",0,3,"Patarakin",NA
"D2291",1,1,"Заглавная страница",0,2291,"ShimVlad",NA
"D3",4,4,"SimCity",0,3,"Patarakin",NA
"D3",5,5,"Dragon Architect",0,3,"Patarakin",NA
"D3",6,6,"SCool",0,3,"Patarakin",NA
"D3",7,7,"Kodable",0,3,"Patarakin",NA
"D3",8,8,"Rapid Router",0,3,"Patarakin",NA
"D3",9,9,"AutoThinking",0,3,"Patarakin",NA
"D3",10,10,"CodeMonkey",0,3,"Patarakin",NA
"D3",11,11,"Minecraft Hour of Code",0,3,"Patarakin",NA
"D3",12,12,"Zoombinis",0,3,"Patarakin",NA
"D3",13,13,"Program Your Robot",0,3,"Patarakin",NA
"D3",14,14,"Pic2Programm",0,3,"Patarakin",NA
"D3",15,15,"Pletora",0,3,"Patarakin",NA
"D3",16,16,"RoboTIC",0,3,"Patarakin",NA
"D3",17,17,"Code-The-Mime",0,3,"Patarakin",NA
"D3",18,18,"TAPASPlay",0,3,"Patarakin",NA
"D3",19,19,"ARQuest",0,3,"Patarakin",NA
"D373",19,19,"ARQuest",0,373,"Pocrovskii Alexander",NA
"D3",20,20,"CodyColor",0,3,"Patarakin",NA
"D3",21,21,"Penguin Go",0,3,"Patarakin",NA
"D3",22,22,"MiniColon",0,3,"Patarakin",NA
"D3",23,23,"Lightbot",0,3,"Patarakin",NA
"D3",24,24,"Foldit",0,3,"Patarakin",NA
"D3",25,25,"Pac-Man",0,3,"Patarakin",NA
"D3",26,26,"My Make Believe Castle",0,3,"Patarakin",NA
"D3",27,27,"Mario Bros",0,3,"Patarakin",NA
"D3",28,28,"Frogger",0,3,"Patarakin",NA
"D3",70,70,"Персональные данные",0,3,"Patarakin",NA
"D3",71,71,"Исполнитель",0,3,"Patarakin",NA
"D3",72,72,"Рекурсия",0,3,"Patarakin",NA
"D3",73,73,"Абстракция",0,3,"Patarakin",NA
"D3",74,74,"Алгоритм",0,3,"Patarakin",NA
"D137",74,74,"Алгоритм",0,137,"Елизавета",NA
"D3",75,75,"Генетический алгоритм",0,3,"Patarakin",NA
"D3",76,76,"Код",0,3,"Patarakin",NA
"D3",77,77,"Паттерн",0,3,"Patarakin",NA
"D3",78,78,"Декомпозиция",0,3,"Patarakin",NA
"D3",79,79,"Вычислительное мышление",0,3,"Patarakin",NA
"D3",80,80,"Данные",0,3,"Patarakin",NA
"D3",81,81,"Переменная",0,3,"Patarakin",NA
"D3",82,82,"Процедура",0,3,"Patarakin",NA
"D3",83,83,"Сортировка",0,3,"Patarakin",NA
"D1222",83,83,"Сортировка",0,1222,"ChalovDmitry",NA
"D3",84,84,"Элемент",0,3,"Patarakin",NA
"D3",85,85,"Массив",0,3,"Patarakin",NA
"D3",86,86,"Список",0,3,"Patarakin",NA
"D3",87,87,"Логическое выражение",0,3,"Patarakin",NA
"D3",88,88,"Вычислительное участие",0,3,"Patarakin",NA
"D3",89,89,"Клон",0,3,"Patarakin",NA
"D3",90,90,"Цикл",0,3,"Patarakin",NA
"D3",91,91,"Компьютерная игра",0,3,"Patarakin",NA
"D3",92,92,"Трансформация",0,3,"Patarakin",NA
"D3",93,93,"Цифровой след",0,3,"Patarakin",NA
"D3",94,94,"Возможность",0,3,"Patarakin",NA
"D3",95,95,"Место связности",0,3,"Patarakin",NA
"D3",96,96,"Дружественное средство",0,3,"Patarakin",NA
"D3",97,97,"Социальный объект",0,3,"Patarakin",NA
"D3",98,98,"Цифровой объект",0,3,"Patarakin",NA
"D3",99,99,"Цифровой учебный объект",0,3,"Patarakin",NA
"D26",99,99,"Цифровой учебный объект",0,26,"N.n.zhelonkin",NA
"D411",99,99,"Цифровой учебный объект",0,411,"Vakhrushevavs521",NA
"D416",99,99,"Цифровой учебный объект",0,416,"PolinaPetrenko",NA
"D3",100,100,"Цифровая история",0,3,"Patarakin",NA
"D3",101,101,"Ценности сообщества",0,3,"Patarakin",NA
"D3",102,102,"Умения совместной сетевой деятельности",0,3,"Patarakin",NA
"D3",103,103,"Субъектность продуктивная",0,3,"Patarakin",NA
"D3",104,104,"Субъектность",0,3,"Patarakin",NA
"D3",105,105,"Статус участника сообщества",0,3,"Patarakin",NA
"D3",106,106,"Средство деятельности",0,3,"Patarakin",NA
"D3",107,107,"Среда цифровая",0,3,"Patarakin",NA
"D3",108,108,"Среда окружающая",0,3,"Patarakin",NA
"D3",109,109,"Социограмма",0,3,"Patarakin",NA
"D3",110,110,"Сообщество практики",0,3,"Patarakin",NA
"D3",111,111,"Сообщество (кластер)",0,3,"Patarakin",NA
"D3",112,112,"Совместная сетевая деятельность",0,3,"Patarakin",NA
"D3",113,113,"Аналитика учебная",0,3,"Patarakin",NA
"D3",114,114,"Биграф",0,3,"Patarakin",NA
"D3",115,115,"Большие данные",0,3,"Patarakin",NA
"D3",116,116,"Наука о сетях",0,3,"Patarakin",NA
"D3",117,117,"Гражданская наука",0,3,"Patarakin",NA
"D3",118,118,"Типология участников сообществ",0,3,"Patarakin",NA
"D3",119,119,"Культура участия",0,3,"Patarakin",NA
"D3",120,120,"Вики",0,3,"Patarakin",NA
"D3",121,121,"Теория поля",0,3,"Patarakin",NA
"D3",122,122,"Генеративная социология",0,3,"Patarakin",NA
"D3",123,123,"Конструкционизм",0,3,"Patarakin",NA
"D3",124,124,"Длинный хвост",0,3,"Patarakin",NA
"D3",125,125,"Профессиональный любитель",0,3,"Patarakin",NA
"D3",126,126,"Школа самбы",0,3,"Patarakin",NA
"D1223",126,126,"Школа самбы",0,1223,"Кекелева",NA
"D3",127,127,"Когнитивный излишек",0,3,"Patarakin",NA
"D3",128,128,"Законное периферийное участие",0,3,"Patarakin",NA
"D3",129,129,"Иерархия",0,3,"Patarakin",NA
"D3",130,130,"Суперразум",0,3,"Patarakin",NA
"D3",131,131,"Сообщество (community)",0,3,"Patarakin",NA
"D3",132,132,"Сетевое сообщество",0,3,"Patarakin",NA
"D3",133,133,"Дизайн",0,3,"Patarakin",NA
"D3",134,134,"Гипертекст",0,3,"Patarakin",NA
"D3",135,135,"Рынок",0,3,"Patarakin",NA
"D3",136,136,"Демократия",0,3,"Patarakin",NA
"D3",137,137,"Экосистема",0,3,"Patarakin",NA
"D3",138,138,"Общинное достояние",0,3,"Patarakin",NA
"D3",139,139,"Вычислительная экономика",0,3,"Patarakin",NA
"D3",140,140,"Цифровая трансформация",0,3,"Patarakin",NA
"D3",141,141,"Репозиторий",0,3,"Patarakin",NA
"D3",142,142,"Выполняемая статья",0,3,"Patarakin",NA
"D3",143,143,"Эксперимент",0,3,"Patarakin",NA
"D3",144,144,"Гигантская компонента",0,3,"Patarakin",NA
"D3",145,145,"Граф",0,3,"Patarakin",NA
"D3",146,146,"Flocking",0,3,"Patarakin",NA
"D3",147,147,"Team Assembly",0,3,"Patarakin",NA
"D3",148,148,"Плотность",0,3,"Patarakin",NA
"D3",149,149,"Центральность",0,3,"Patarakin",NA
"D3",150,150,"Кластеризация",0,3,"Patarakin",NA
"D3",151,151,"Агент",0,3,"Patarakin",NA
"D3",152,152,"Агентное моделирование",0,3,"Patarakin",NA
"D3",153,153,"Дизайн мышление",0,3,"Patarakin",NA
"D3",154,154,"Сетевое мышление",0,3,"Patarakin",NA
"D3",155,155,"Искусственный интеллект",0,3,"Patarakin",NA
"D1375",155,155,"Искусственный интеллект",0,1375,"Елизавета Ефимова-Финкель",NA
"D3",156,156,"Квест",0,3,"Patarakin",NA
"D3",157,157,"Аркада",0,3,"Patarakin",NA
"D3",158,158,"Время",0,3,"Patarakin",NA
"D119",158,158,"Время",0,119,"Twilane",NA
"D3",159,159,"Зона ближайшего развития",0,3,"Patarakin",NA
"D3",160,160,"Скаффолдинг",0,3,"Patarakin",NA
"D3",161,161,"Препятствие",0,3,"Patarakin",NA
"D3",162,162,"Обрыв",0,3,"Patarakin",NA
"D3",173,173,"Algol",0,3,"Patarakin",NA
"D3",174,174,"Pascal",0,3,"Patarakin",NA
"D3",175,175,"Лого",0,3,"Patarakin",NA
"D3",176,176,"AlgoBrix",0,3,"Patarakin",NA
"D3",177,177,"Tynker",0,3,"Patarakin",NA
"D3",178,178,"Pocket Code",0,3,"Patarakin",NA
"D3",179,179,"Prolog",0,3,"Patarakin",NA
"D3",180,180,"AgentCubes",0,3,"Patarakin",NA
"D3",181,181,"Agentsheets",0,3,"Patarakin",NA
"D3",182,182,"AlgoBlock",0,3,"Patarakin",NA
"D3",183,183,"Alice",0,3,"Patarakin",NA
"D3",184,184,"App Inventor",0,3,"Patarakin",NA
"D7",184,184,"App Inventor",0,7,"Yarmakhov",NA
"D3",185,185,"AppLab",0,3,"Patarakin",NA
"D3",186,186,"JavaScript",0,3,"Patarakin",NA
"D3",187,187,"Kumir",0,3,"Patarakin",NA
"D10",187,187,"Kumir",0,10,"RomanovaMI",NA
"D3",188,188,"Basic",0,3,"Patarakin",NA
"D13",188,188,"Basic",0,13,"VoronkovaNR",NA
"D120",188,188,"Basic",0,120,"Иван Васильев",NA
"D3",189,189,"Beetle Blocks",0,3,"Patarakin",NA
"D3",190,190,"Blockly",0,3,"Patarakin",NA
"D7",190,190,"Blockly",0,7,"Yarmakhov",NA
"D3",191,191,"Boxer",0,3,"Patarakin",NA
"D3",192,192,"HyperCard",0,3,"Patarakin",NA
"D3",193,193,"Cargo-Bot",0,3,"Patarakin",NA
"D3",194,194,"Codemoji",0,3,"Patarakin",NA
"D3",195,195,"CoffeeScript",0,3,"Patarakin",NA
"D3",196,196,"Etoys",0,3,"Patarakin",NA
"D3",197,197,"Flip",0,3,"Patarakin",NA
"D3",198,198,"GameBlox",0,3,"Patarakin",NA
"D3",199,199,"Gamefroot",0,3,"Patarakin",NA
"D3",200,200,"Globaloria",0,3,"Patarakin",NA
"D3",201,201,"Gnuplot",0,3,"Patarakin",NA
"D3",202,202,"Kodu",0,3,"Patarakin",NA
"D3",203,203,"Java",0,3,"Patarakin",NA
"D3",204,204,"Greenfoot",0,3,"Patarakin",NA
"D3",205,205,"LogoBlocks",0,3,"Patarakin",NA
"D3",206,206,"LogoWriter",0,3,"Patarakin",NA
"D3",207,207,"Looking Glass",0,3,"Patarakin",NA
"D3",208,208,"Mama",0,3,"Patarakin",NA
"D3",209,209,"Move the Turtle",0,3,"Patarakin",NA
"D3",210,210,"NetLogo",0,3,"Patarakin",NA
"D3",211,211,"NetsBlox",0,3,"Patarakin",NA
"D3",212,212,"Python",0,3,"Patarakin",NA
"D3",213,213,"ABC",0,3,"Patarakin",NA
"D3",214,214,"Scratch",0,3,"Patarakin",NA
"D137",214,214,"Scratch",0,137,"Елизавета",NA
"D3",215,215,"Josef",0,3,"Patarakin",NA
"D3",216,216,"Perl",0,3,"Patarakin",NA
"D3",217,217,"Битва Големов",0,3,"Patarakin",NA
"D3",218,218,"Blockly Games",0,3,"Patarakin",NA
"D3",219,219,"Snap!",0,3,"Patarakin",NA
"D3",220,220,"PHP",0,3,"Patarakin",NA
"D3",221,221,"MakeCode",0,3,"Patarakin",NA
"D3",222,222,"Mozilla Thimble",0,3,"Patarakin",NA
"D3",223,223,"Piktomir",0,3,"Patarakin",NA
"D3",224,224,"Rapira",0,3,"Patarakin",NA
"D3",225,225,"Squeak",0,3,"Patarakin",NA
"D3",226,226,"Sophie",0,3,"Patarakin",NA
"D3",227,227,"R",0,3,"Patarakin",NA
"D3",228,228,"Scheme",0,3,"Patarakin",NA
"D3",229,229,"Thunkable",0,3,"Patarakin",NA
"D3",230,230,"The Incredible Machine",0,3,"Patarakin",NA
"D3",231,231,"ToonTalk",0,3,"Patarakin",NA
"D3",232,232,"UCB Logo",0,3,"Patarakin",NA
"D3",233,233,"Stagecast Creator",0,3,"Patarakin",NA
"D3",234,234,"Smalltalk",0,3,"Patarakin",NA
"D3",235,235,"ПервоЛого",0,3,"Patarakin",NA
"D3",236,236,"Lisp",0,3,"Patarakin",NA
"D3",237,237,"Robo Pro Light",0,3,"Patarakin",NA
"D3",238,238,"Karel",0,3,"Patarakin",NA
"D3",239,239,"Karel++",0,3,"Patarakin",NA
"D3",240,240,"Hopscotch",0,3,"Patarakin",NA
"D3",241,241,"Hack",0,3,"Patarakin",NA
"D3",242,242,"Tangible Programming Bricks",0,3,"Patarakin",NA
"D3",243,243,"StarLogo Nova",0,3,"Patarakin",NA
"D3",244,244,"BlueJ",0,3,"Patarakin",NA
"D3",245,245,"Gamestar Mechanic",0,3,"Patarakin",NA
"D3",246,246,"Semantic MediaWiki",0,3,"Patarakin",NA
"D3",247,247,"GeoGebra",0,3,"Patarakin",NA
"D14",247,247,"GeoGebra",0,14,"Марина Андреевна К",NA
"D3",248,248,"Desmos",0,3,"Patarakin",NA
"D3",249,249,"Julia",0,3,"Patarakin",NA
"D3",250,250,"GP",0,3,"Patarakin",NA
"D3",251,251,"StarLogo",0,3,"Patarakin",NA
"D3",252,252,"Pencil Code",0,3,"Patarakin",NA
"D3",253,253,"MicroBlocks",0,3,"Patarakin",NA
"D3",254,254,"Ruby",0,3,"Patarakin",NA
"D3",255,255,"Clojure",0,3,"Patarakin",NA
"D3",256,256,"Lua",0,3,"Patarakin",NA
"D3",257,257,"Wolfram",0,3,"Patarakin",NA
"D3",260,260,"Computational Thinker",0,3,"Patarakin",NA
"D3",262,262,"Innovative Designer",0,3,"Patarakin",NA
"D3",263,263,"Knowledge Constructor",0,3,"Patarakin",NA
"D3",264,264,"Empowered Learner",0,3,"Patarakin",NA
"D3",265,265,"Creative Communicator",0,3,"Patarakin",NA
"D3",268,268,"Алгоритмизация",0,3,"Patarakin",NA
"D3",269,269,"Global Collaborator",0,3,"Patarakin",NA
"D3",278,278,"Patarakin/Sandbox",0,3,"Patarakin",NA
"D3",287,287,"Черепашки NetLogo",0,3,"Patarakin",NA
"D3",293,293,"Logo",0,3,"Patarakin",NA
"D3",314,314,"Грамотно выбирать ИКТ для поддержки конкретных методик обучения и преподавания",0,3,"Patarakin",NA
"D3",317,317,"Способен конструктивно действовать даже в ситуациях неуспеха",0,3,"Patarakin",NA
"D3",318,318,"Present content designed for specific audiences",0,3,"Patarakin",NA
"D3",319,319,"Умеет строить математические объекты информатики",0,3,"Patarakin",NA
"D3",320,320,"Identify a problem and select appropriate technology tools to explore",0,3,"Patarakin",NA
"D3",321,321,"Освоение начальных форм познавательной и личностной рефлексии",0,3,"Patarakin",NA
"D3",322,322,"Identify types of technologies in their world",0,3,"Patarakin",NA
"D3",323,323,"Select collaborative technologies and use them to work with others",0,3,"Patarakin",NA
"D3",324,324,"Learn about various technologies that can be used to connect to others or make their leaning environments personal",0,3,"Patarakin",NA
"D3",325,325,"Recognize performance feedback from digital tools",0,3,"Patarakin",NA
"D3",326,326,"Explore a variety of technologies that will help them in their learning",0,3,"Patarakin",NA
"D3",327,327,"Practice responsible use of technology through teacher-guided online activities",0,3,"Patarakin",NA
"D3",328,328,"Understand how to be careful when using devices and how to be safe online",0,3,"Patarakin",NA
"D3",329,329,"Learn about ownership and sharing of information",0,3,"Patarakin",NA
"D3",330,330,"Demonstrate an understanding that technology is all around them and the importance of keeping their information private",0,3,"Patarakin",NA
"D3",331,331,"Evaluating whether a database contains appropriately current and pertinent information",0,3,"Patarakin",NA
"D3",332,332,"Use digital tools and resources, contained within a classroom platform",0,3,"Patarakin",NA
"D3",333,333,"Become familiar with age-appropriate criteria for evaluating digital content",0,3,"Patarakin",NA
"D3",334,334,"Explore a variety of teacher-selected tools to organize information",0,3,"Patarakin",NA
"D3",335,335,"Explore real-world issues and problems and share their ideas",0,3,"Patarakin",NA
"D3",336,336,"Ask questions, suggest solutions, test ideas to solve problems",0,3,"Patarakin",NA
"D3",337,337,"Use age-appropriate digital and non-digital tools to design something",0,3,"Patarakin",NA
"D3",338,338,"Demonstrate perseverance when working to complete a challenging task",0,3,"Patarakin",NA
"D3",339,339,"Use a design process to develop ideas or creations",0,3,"Patarakin",NA
"D3",340,340,"Analyze age-appropriate data",0,3,"Patarakin",NA
"D3",341,341,"Break a problem into parts and identify ways to solve the problem",0,3,"Patarakin",NA
"D3",342,342,"Understand how technology is used to make a task easier",0,3,"Patarakin",NA
"D3",343,343,"Students choose different tools for creating something new",0,3,"Patarakin",NA
"D3",344,344,"Use digital tools to create original works",0,3,"Patarakin",NA
"D3",345,345,"Share ideas in multiple ways",0,3,"Patarakin",NA
"D3",346,346,"Select technology to share their ideas",0,3,"Patarakin",NA
"D3",347,347,"Use technology to communicate with others",0,3,"Patarakin",NA
"D3",348,348,"Students use technology tools to work with friends",0,3,"Patarakin",NA
"D3",349,349,"Take on different team roles",0,3,"Patarakin",NA
"D3",350,350,"Use age-appropriate technologies to work together",0,3,"Patarakin",NA
"D3",351,351,"Develop learning goals in collaboration with an educator, select the technology tools to achieve them",0,3,"Patarakin",NA
"D3",352,352,"Build a network of experts and peers within school policy",0,3,"Patarakin",NA
"D3",353,353,"Seek from feedback from both people and features embedded in digital tools",0,3,"Patarakin",NA
"D3",354,354,"Begin to transfer their learning to different tools or learning environments",0,3,"Patarakin",NA
"D3",355,355,"Demonstrate an understanding of the role an online identity plays in the digital world",0,3,"Patarakin",NA
"D3",356,356,"Practice and encourage others in safe, legal and ethical behavior",0,3,"Patarakin",NA
"D3",357,357,"Demonstrate an understanding of what personal data is",0,3,"Patarakin",NA
"D3",358,358,"Demonstrate and encourage respect for intellectual property",0,3,"Patarakin",NA
"D3",359,359,"Collaborate with a teacher to employ appropriate research techniques to locate digital resources",0,3,"Patarakin",NA
"D3",360,360,"Explore real-world problems and issues and collaborate with others to find answers or solutions",0,3,"Patarakin",NA
"D3",361,361,"Organize information and make meaningful connections between resources",0,3,"Patarakin",NA
"D3",362,362,"Learn how to evaluate sources",0,3,"Patarakin",NA
"D3",363,363,"Explore and practice how a design process works to generate ideas",0,3,"Patarakin",NA
"D3",364,364,"Use digital and non-digital tools to plan and manage a design process",0,3,"Patarakin",NA
"D3",365,365,"Demonstrate perseverance when working with open-ended problems",0,3,"Patarakin",NA
"D3",366,366,"Engage in a cyclical design process to develop prototypes",0,3,"Patarakin",NA
"D3",367,367,"Explore or solve problems by selecting technology for data analysis",0,3,"Patarakin",NA
"D3",368,368,"Understand and explore basic concepts related to automation, patterns and algorithmic thinking",0,3,"Patarakin",NA
"D3",369,369,"Select effective technology to represent data",0,3,"Patarakin",NA
"D3",370,370,"Break down problems into smaller parts, identify key information and propose solutions",0,3,"Patarakin",NA
"D3",371,371,"Utilize the features and functions of a variety of creation or communication tools",0,3,"Patarakin",NA
"D3",372,372,"Create original works and learn strategies for remixing",0,3,"Patarakin",NA
"D3",373,373,"Learn about audience and consider their expected audience",0,3,"Patarakin",NA
"D3",374,374,"Create digital artifacts to communicate ideas visuall",0,3,"Patarakin",NA
"D3",375,375,"Use digital tools to work with friends and people from different backgrounds",0,3,"Patarakin",NA
"D3",376,376,"Explore different points of view on various topics",0,3,"Patarakin",NA
"D3",377,377,"Perform a variety of roles within a team using age-appropriate technology",0,3,"Patarakin",NA
"D3",378,378,"Work with others using collaborative technologies to explore local and global issues",0,3,"Patarakin",NA
"D3",379,379,"Identify and develop online networks within school policy",0,3,"Patarakin",NA
"D3",380,380,"Transfer their knowledge and skills to learn how to use new technologies",0,3,"Patarakin",NA
"D3",381,381,"Actively seek performance feedback from people",0,3,"Patarakin",NA
"D3",382,382,"Manage their digital identities and reputations within school policy",0,3,"Patarakin",NA
"D3",383,383,"Demonstrate and advocate for an understanding of intellectual property with both print and digital media",0,3,"Patarakin",NA
"D3",384,384,"Locate and collect resources from a variety of sources and organize assets into collections",0,3,"Patarakin",NA
"D3",385,385,"Practice and demonstrate the ability to evaluate resources",0,3,"Patarakin",NA
"D3",386,386,"Practice the ability to effectively use research strategies",0,3,"Patarakin",NA
"D3",387,387,"Demonstrate and advocate for positive, safe, legal and ethical habits",0,3,"Patarakin",NA
"D3",388,388,"Demonstrate an understanding of what personal data is and how to keep it private and secure",0,3,"Patarakin",NA
"D3",389,389,"Explore real-world issues and problems and actively pursue an understanding of them and solutions for them",0,3,"Patarakin",NA
"D3",390,390,"Practice defining problems to solve by computing for data analysis, modeling or algorithmic thinking",0,3,"Patarakin",NA
"D3",391,391,"Find or organize data and use technology to analyze and represent it to solve problems and make decisions",0,3,"Patarakin",NA
"D3",392,392,"Break problems into component parts, identify key pieces and use that information to problem solve",0,3,"Patarakin",NA
"D3",393,393,"Demonstrate an understanding of how automation works",0,3,"Patarakin",NA
"D3",394,394,"Select appropriate platforms and tools to create, share and communicate their work",0,3,"Patarakin",NA
"D3",395,395,"Create original works or responsibly repurpose other digital resources into new creative works",0,3,"Patarakin",NA
"D3",396,396,"Communicate complex ideas clearly using various digital tools",0,3,"Patarakin",NA
"D3",397,397,"Use digital tools to interact with others to develop a richer understanding of different perspectives",0,3,"Patarakin",NA
"D3",398,398,"Use collaborative technologies to connect with others, including peers, experts and community members, to learn about issues and problems",0,3,"Patarakin",NA
"D3",399,399,"Determine their role on a team to meet goals, based on their knowledge of technology and content",0,3,"Patarakin",NA
"D3",400,400,"Engage in a design process and employ it to generate ideas",0,3,"Patarakin",NA
"D3",401,401,"Select and use digital tools to support a design process",0,3,"Patarakin",NA
"D3",402,402,"Engage in a design process to develop, test and revise prototypes",0,3,"Patarakin",NA
"D3",403,403,"Demonstrate an ability to persevere and handle greater ambiguity as they work to solve open-ended problems",0,3,"Patarakin",NA
"D3",404,404,"Составить и записать алгоритм для конкретного исполнителя",0,3,"Patarakin",NA
"D3",405,405,"Приобретение первоначальных представлений о компьютерной грамотности",0,3,"Patarakin",NA
"D3",406,406,"Умение действовать в соответствии с алгоритмом и строить простейшие алгоритмы",0,3,"Patarakin",NA
"D3",407,407,"Представлять, анализировать и интерпретировать данные",0,3,"Patarakin",NA
"D3",408,408,"Оценивать вероятность события в простейших случаях",0,3,"Patarakin",NA
"D3",409,409,"Знает о базах данных, их структуре, средствах создания и работы с ними",0,3,"Patarakin",NA
"D3",410,410,"Знает нормы информационной этики и права",0,3,"Patarakin",NA
"D3",411,411,"Знает о о кодировании и декодировании данных",0,3,"Patarakin",NA
"D3",412,412,"Знание алгоритмов поиска и сортировки",0,3,"Patarakin",NA
"D3",413,413,"Знание основных алгоритмов обработки числовой и текстовой информации",0,3,"Patarakin",NA
"D3",414,414,"Осуществлять выбор наиболее эффективных способов решения задач в зависимости от конкретных условий",0,3,"Patarakin",NA
"D3",415,415,"Осуществлять расширенный поиск информации с использованием ресурсов библиотек и сети Интернет",0,3,"Patarakin",NA
"D3",416,416,"Осуществлять запись (фиксацию) выборочной информации об окружающем мире и о себе самом",0,3,"Patarakin",NA
"D3",417,417,"Осуществлять поиск необходимой информации для выполнения учебных заданий",0,3,"Patarakin",NA
"D3",418,418,"Осуществлять синтез как составление целого из частей",0,3,"Patarakin",NA
"D3",419,419,"Владение элементарными навыками формализации прикладной задачи",0,3,"Patarakin",NA
"D3",420,420,"Задавать вопросы, необходимые для организации собственной деятельности и сотрудничества с партнёром",0,3,"Patarakin",NA
"D3",421,421,"Владение универсальным языком программирования высокого уровня",0,3,"Patarakin",NA
"D3",422,422,"Владение навыками познавательной рефлексии",0,3,"Patarakin",NA
"D3",423,423,"Appropriation (the ability to meaningfully sample and remix media content)",0,3,"Patarakin",NA
"D3",424,424,"Networking",0,3,"Patarakin",NA
"D3",425,425,"Negotiation",0,3,"Patarakin",NA
"D3",426,426,"Selecting and organizing slides for distinct presentations to different audiences",0,3,"Patarakin",NA
"D3",427,427,"Simulation (the ability to interpret and construct dynamic models of real world processes)",0,3,"Patarakin",NA
"D3",428,428,"Multitasking",0,3,"Patarakin",NA
"D3",429,429,"Arranging personnel information into an organizational chart",0,3,"Patarakin",NA
"D3",430,430,"Articulate personal learning goals, select and manage appropriate technologies to achieve them",0,3,"Patarakin",NA
"D3",431,431,"Sorting files, emails or database returns to clarify clusters of related information",0,3,"Patarakin",NA
"D3",432,432,"Записывать, фиксировать информацию об окружающем мире с помощью инструментов ИКТ",0,3,"Patarakin",NA
"D3",433,433,"Знание принципов и процедур набора персонала",0,3,"Patarakin",NA
"D3",434,434,"Выявление потребностей в развитии других людей",0,3,"Patarakin",NA
"D3",435,435,"Управление подчиненными, включая установление стандартов деятельности и мониторинг производительности",0,3,"Patarakin",NA
"D3",436,436,"Непосредственная работа с людьми",0,3,"Patarakin",NA
"D3",437,437,"Рекрутинг, проведение собеседований, отбора, найма сотрудников в организацию",0,3,"Patarakin",NA
"D3",438,438,"Способность запоминать информацию",0,3,"Patarakin",NA
"D3",439,439,"Анализ информации и выбора наилучшего решения",0,3,"Patarakin",NA
"D3",440,440,"Способность сложения, вычитания, умножения или деления",0,3,"Patarakin",NA
"D3",442,442,"Способность применять общие правила к конкретным задачам производить ответы, которые имеют смысл",0,3,"Patarakin",NA
"D3",443,443,"Сбор и обработка информации, используемой в профессиональной деятельности",0,3,"Patarakin",NA
"D3",444,444,"Обеспечение личной помощи, медицинской помощь, эмоциональной поддержки, или другой личной помощи другим людям.",0,3,"Patarakin",NA
"D3",445,445,"Компиляция, кодирования, классификации, расчета, табулирование, аудита или проверки информации или данных",0,3,"Patarakin",NA
"D3",446,446,"Разработка программного обеспечения, создание функций, ввод данных, обработка информации",0,3,"Patarakin",NA
"D3",447,447,"Формулируют задачи в виде, подходящем для решения с помощью современных технологий",0,3,"Patarakin",NA
"D3",448,448,"Define different types of authority",0,3,"Patarakin",NA
"D3",449,449,"Use research tools and indicators of authority to determine the credibility of sources",0,3,"Patarakin",NA
"D3",450,450,"Recognize that authoritative content may be packaged formally or informally and may include sources of all media types",0,3,"Patarakin",NA
"D3",451,451,"Acknowledge they are developing their own authoritative voices in a particular area and recognize the responsibilities this entails",0,3,"Patarakin",NA
"D3",452,452,"Знания о человеческом поведении и деятельности",0,3,"Patarakin",NA
"D3",453,453,"Общение с людьми вне организации, представление информации для клиентов, общественности, правительства и других внешних источников",0,3,"Patarakin",NA
"D3",454,454,"Способность генерировать или использовать различные наборы правил для объединения или группировки вещей по-разному",0,3,"Patarakin",NA
"D3",455,455,"Умение правильно выбрать математические методы и формулы для решения проблемы",0,3,"Patarakin",NA
"D3",456,456,"Умение слушать и понимать информацию и идеи, представленные посредством произносимых слов и предложений",0,3,"Patarakin",NA
"D3",457,457,"Способность быстро разбираться, комбинировать и организовывать информацию в значимые модели",0,3,"Patarakin",NA
"D3",458,458,"Способность параллельного выполнения двух или более видов деятельности",0,3,"Patarakin",NA
"D3",459,459,"Способность читать и понимать информацию и идеи, представленные в письменном виде",0,3,"Patarakin",NA
"D3",460,460,"Способность передавать информацию и идеи в письменном виде, так чтобы идеи были понятны другим",0,3,"Patarakin",NA
"D3",461,461,"Understand that many disciplines have acknowledged authorities in the sense of well-known scholars",0,3,"Patarakin",NA
"D3",462,462,"Навык самостоятельной информационно-познавательной деятельности",0,3,"Patarakin",NA
"D3",463,463,"Последовательно и полно передавать партнёру необходимую информацию как ориентир для построения действия",0,3,"Patarakin",NA
"D3",464,464,"Различать виды информации по способам ее восприятия человеком и по способам ее представления на материальных носителях",0,3,"Patarakin",NA
"D3",465,465,"Умеет использовать средства информационных и коммуникационных технологий",0,3,"Patarakin",NA
"D3",466,466,"Умеет работать с геоинформационными системами",0,3,"Patarakin",NA
"D3",467,467,"Умение использовать средства информационных и коммуникационных технологий",0,3,"Patarakin",NA
"D3",468,468,"Умения соблюдать нормы информационной этики и права",0,3,"Patarakin",NA
"D3",469,469,"Читать информацию, представленную в виде таблицы, диаграммы, графика",0,3,"Patarakin",NA
"D3",470,470,"Умеет использовать различные способы поиска",0,3,"Patarakin",NA
"D3",471,471,"Логическое мышление",0,3,"Patarakin",NA
"D3",472,472,"Разъяснить, как их работа в классе соотносится с институциональной и/или государственной политикой и содействует ее реализации",0,3,"Patarakin",NA
"D3",473,473,"Проанализировать образовательные стандарты и определить возможности для использования ИКТ в педагогических целях",0,3,"Patarakin",NA
"D3",474,474,"Иметь представление о функциях оборудования и стандартных офисных приложений и уметь их использовать",0,3,"Patarakin",NA
"D3",475,475,"Организовать пространство для занятий для поддержки различных методик инклюзивного обучения",0,3,"Patarakin",NA
"D3",476,476,"Использовать ИКТ для самостоятельного профессионального развития",0,3,"Patarakin",NA
"D3",477,477,"Разрабатывать, модифицировать и применять в учебном процессе педагогические практики, соответствующие международным документам",0,3,"Patarakin",NA
"D3",478,478,"Интегрировать ИКТ в программу изучения конкретного предмета",0,3,"Patarakin",NA
"D3",479,479,"Разрабатывать проектные учебные мероприятия с использованием ИКТ",0,3,"Patarakin",NA
"D3",480,480,"Сочетать различные цифровые инструменты и ресурсы",0,3,"Patarakin",NA
"D3",481,481,"Применять гибкий подход к использованию цифровых инструментов",0,3,"Patarakin",NA
"D3",482,482,"Использовать технологии для взаимодействия с профессиональным сообществом",0,3,"Patarakin",NA
"D3",483,483,"Критически оценивать институциональные и государственные образовательные политики",0,3,"Patarakin",NA
"D3",484,484,"Определять пути максимально эффективного использования личностно-ориентированного подхода к обучению",0,3,"Patarakin",NA
"D3",485,485,"При определении параметров обучения предусмотреть поощрение учащихся к самоорганизации",0,3,"Patarakin",NA
"D3",486,486,"Участвовать в формировании сообществ знаний",0,3,"Patarakin",NA
"D3",487,487,"Играть ведущую роль в разработке ИКТ-стратегии школы",0,3,"Patarakin",NA
"D3",488,488,"Постоянно заниматься инновационной деятельностью",0,3,"Patarakin",NA
"D3",489,489,"Ensure all students have skilled teachers who actively use technology to meet student learning needs",0,3,"Patarakin",NA
"D3",490,490,"Ensure all students have access to the technology and connectivity necessary to participate in authentic and engaging learning opportunities",0,3,"Patarakin",NA
"D3",491,491,"Model digital citizenship by critically evaluating online resources",0,3,"Patarakin",NA
"D3",492,492,"Cultivate responsible online behavior",0,3,"Patarakin",NA
"D3",493,493,"Engage education stakeholders in developing and adopting a shared vision for using technology",0,3,"Patarakin",NA
"D3",494,494,"Build on the shared vision by collaboratively creating a strategic plan",0,3,"Patarakin",NA
"D3",495,495,"Evaluate progress on the strategic plan",0,3,"Patarakin",NA
"D3",496,496,"Communicate effectively with stakeholders to gather input on the plan",0,3,"Patarakin",NA
"D3",497,497,"Share lessons learned and the impact of learning with technology with other education leaders",0,3,"Patarakin",NA
"D3",498,498,"Empower educators to exercise professional agency",0,3,"Patarakin",NA
"D3",499,499,"Build the confidence and competency of educators to put the ISTE Standards for Students and Educators into practice",0,3,"Patarakin",NA
"D3",500,500,"Inspire a culture of innovation and collaboration that allows the time and space to explore and experiment with digital tools",0,3,"Patarakin",NA
"D3",501,501,"Support educators in using technology to advance learning that meets the diverse needs",0,3,"Patarakin",NA
"D3",502,502,"Develop learning assessments that provide a personalized, actionable view of student progress in real time",0,3,"Patarakin",NA
"D3",503,503,"Lead teams to collaboratively establish robust infrastructure and systems needed to implement the strategic plan",0,3,"Patarakin",NA
"D3",504,504,"Ensure that resources for supporting the effective use of technology for learning are sufficient and scalable to meet future demand",0,3,"Patarakin",NA
"D3",505,505,"Protect privacy and security by ensuring that students and staff observe effective privacy and data management policies",0,3,"Patarakin",NA
"D3",506,506,"Establish partnerships that support the strategic vision, achieve learning priorities and improve operations",0,3,"Patarakin",NA
"D3",507,507,"Set goals to remain current on emerging technologies for learning",0,3,"Patarakin",NA
"D3",508,508,"Participate regularly in online professional learning networks to collaboratively learn with and mentor other professionals",0,3,"Patarakin",NA
"D3",509,509,"Use technology to regularly engage in reflective practices that support personal and professional growth",0,3,"Patarakin",NA
"D3",510,510,"Develop the skills needed to lead and navigate change",0,3,"Patarakin",NA
"D3",537,537,"Организовать взаимодействие персонажей",0,3,"Patarakin",NA
"D3",538,538,"Посчитать и сохранить значение",0,3,"Patarakin",NA
"D3",539,539,"Генерировать новых агентов",0,3,"Patarakin",NA
"D3",540,540,"Поглощать агентов",0,3,"Patarakin",NA
"D3",541,541,"Сталкиваться",0,3,"Patarakin",NA
"D150",541,541,"Сталкиваться",0,150,"Shull",NA
"D3",542,542,"Превращаться в другого агента",0,3,"Patarakin",NA
"D3",543,543,"Перемещаться случайным образом",0,3,"Patarakin",NA
"D3",544,544,"Преследовать другого агента",0,3,"Patarakin",NA
"D3",545,545,"Перевозить другого агента на себе",0,3,"Patarakin",NA
"D3",546,546,"Толкать",0,3,"Patarakin",NA
"D3",547,547,"Тащить",0,3,"Patarakin",NA
"D3",548,548,"Распространяться",0,3,"Patarakin",NA
"D3",549,549,"Поиск восхождением к вершине",0,3,"Patarakin",NA
"D3",550,550,"Подчиняться клавишам клавиатуры",0,3,"Patarakin",NA
"D3",622,622,"LeMill",0,3,"Patarakin",NA
"D3",623,623,"AO3",0,3,"Patarakin",NA
"D3",624,624,"Media MOO",0,3,"Patarakin",NA
"D3",625,625,"Wikipedia",0,3,"Patarakin",NA
"D3",626,626,"Principia Cybernetica Web",0,3,"Patarakin",NA
"D3",627,627,"WikiHow",0,3,"Patarakin",NA
"D3",628,628,"Academia.edu",0,3,"Patarakin",NA
"D3",629,629,"GitHub",0,3,"Patarakin",NA
"D3",630,630,"Stack OverFlow",0,3,"Patarakin",NA
"D155",630,630,"Stack OverFlow",0,155,"Виталий Хабаров",NA
"D3",631,631,"YouTube",0,3,"Patarakin",NA
"D3",632,632,"Second Life",0,3,"Patarakin",NA
"D3",633,633,"Zooniverse",0,3,"Patarakin",NA
"D3",634,634,"FoldIt сообщество",0,3,"Patarakin",NA
"D3",635,635,"Amazon Turk",0,3,"Patarakin",NA
"D3",636,636,"CloudWorks",0,3,"Patarakin",NA
"D3",637,637,"Сitizencyberlab",0,3,"Patarakin",NA
"D3",638,638,"Педсовет",0,3,"Patarakin",NA
"D3",639,639,"Modeling Commons",0,3,"Patarakin",NA
"D3",640,640,"MOOSE Crossing",0,3,"Patarakin",NA
"D3",641,641,"ISTE Commons",0,3,"Patarakin",NA
"D3",642,642,"Сообщество Scratch",0,3,"Patarakin",NA
"D3",643,643,"Сообщество NetLogo",0,3,"Patarakin",NA
"D3",644,644,"Scifabric",0,3,"Patarakin",NA
"D3",645,645,"LangOER",0,3,"Patarakin",NA
"D3",646,646,"GlobalLab",0,3,"Patarakin",NA
"D3",647,647,"ScratchEd",0,3,"Patarakin",NA
"D3",648,648,"Инфоурок",0,3,"Patarakin",NA
"D3",649,649,"Twitter",0,3,"Patarakin",NA
"D3",650,650,"Eyewire",0,3,"Patarakin",NA
"D3",651,651,"FaceBook",0,3,"Patarakin",NA
"D3",652,652,"CyberForum.ru",0,3,"Patarakin",NA
"D3",653,653,"ClubHouse",0,3,"Patarakin",NA
"D3",655,655,"Луркоморье",0,3,"Patarakin",NA
"D3",656,656,"Quora",0,3,"Patarakin",NA
"D3",657,657,"Scratch&mit",0,3,"Patarakin",NA
"D3",658,658,"Сообщество Zotero",0,3,"Patarakin",NA
"D3",659,659,"Сообщество GeoGebra",0,3,"Patarakin",NA
"D3",660,660,"Сообщество BlocksCAD",0,3,"Patarakin",NA
"D3",661,661,"MyExperiment",0,3,"Patarakin",NA
"D3",662,662,"Сообщество МЭШ",0,3,"Patarakin",NA
"D3",663,663,"CoMSES",0,3,"Patarakin",NA
"D3",665,665,"Git diagrams",0,3,"Patarakin",NA
"D156",665,665,"Git diagrams",0,156,"Nvlomovtseva",NA
"D3",666,666,"Mermaid",0,3,"Patarakin",NA
"D3",667,667,"Mermaid/ClassDiagram",0,3,"Patarakin",NA
"D3",668,668,"Mermaid/SequenceDiagram",0,3,"Patarakin",NA
"D3",669,669,"Mermaid/Flowchart",0,3,"Patarakin",NA
"D3",670,670,"Diagrams",0,3,"Patarakin",NA
"D3",672,672,"Making Objects Move in Scrollers",0,3,"Patarakin",NA
"D3",673,673,"Making a Sprite Follow the Mouse",0,3,"Patarakin",NA
"D3",674,674,"Shooting Projectiles",0,3,"Patarakin",NA
"D3",675,675,"Mouse-Over",0,3,"Patarakin",NA
"D3",676,676,"Turn-Based RPG",0,3,"Patarakin",NA
"D3",677,677,"Making Scratch Crash (1.4)",0,3,"Patarakin",NA
"D3",678,678,"Detecting Turbo Mode",0,3,"Patarakin",NA
"D3",679,679,"Jumping",0,3,"Patarakin",NA
"D3",680,680,"Event-Based Programming",0,3,"Patarakin",NA
"D3",681,681,"Sound On/Off Button",0,3,"Patarakin",NA
"D3",682,682,"3D Wireframes",0,3,"Patarakin",NA
"D3",683,683,"Using Clones for Particle Effects",0,3,"Patarakin",NA
"D3",684,684,"Creating a Chat Bot",0,3,"Patarakin",NA
"D3",685,685,"Making Scratch Crash",0,3,"Patarakin",NA
"D3",686,686,"Detecting Clones",0,3,"Patarakin",NA
"D3",687,687,"Conversations",0,3,"Patarakin",NA
"D3",688,688,"Advanced Clone Usage",0,3,"Patarakin",NA
"D3",689,689,"Improving Scripts",0,3,"Patarakin",NA
"D3",690,690,"Setting the Time",0,3,"Patarakin",NA
"D3",691,691,"Creating a Quiz",0,3,"Patarakin",NA
"D3",692,692,"Stoppable Timer",0,3,"Patarakin",NA
"D3",693,693,"Extensive Scrolling Engine",0,3,"Patarakin",NA
"D3",694,694,"Multidirectional Scrolling",0,3,"Patarakin",NA
"D3",695,695,"Number Pad Detection",0,3,"Patarakin",NA
"D3",696,696,"Wall-Jumping",0,3,"Patarakin",NA
"D3",697,697,"Saving Data",0,3,"Patarakin",NA
"D3",698,698,"How to Create a Countdown",0,3,"Patarakin",NA
"D3",699,699,"How to Make a Three-Dimensional Project",0,3,"Patarakin",NA
"D3",700,700,"How to Make a Tower Defense Game",0,3,"Patarakin",NA
"D3",701,701,"How to Make a Two-Player Racing Game",0,3,"Patarakin",NA
"D3",702,702,"How to Make an RPG Overworld",0,3,"Patarakin",NA
"D3",703,703,"How to Snap to a Grid",0,3,"Patarakin",NA
"D3",704,704,"Global High Scores",0,3,"Patarakin",NA
"D3",705,705,"Making a Trail",0,3,"Patarakin",NA
"D3",706,706,"Advanced Platformer Physics",0,3,"Patarakin",NA
"D3",707,707,"How to Create a Clock",0,3,"Patarakin",NA
"D3",708,708,"Making a Note Block Project",0,3,"Patarakin",NA
"D3",709,709,"Creating a Main Menu",0,3,"Patarakin",NA
"D3",710,710,"Separating Clone and Sprite Triggers",0,3,"Patarakin",NA
"D3",711,711,"Making a Script Repeat for a Set Amount of Time",0,3,"Patarakin",NA
"D3",712,712,"Scrolling (sprites)",0,3,"Patarakin",NA
"D3",713,713,"3D Patterns",0,3,"Patarakin",NA
"D3",714,714,"Mouse Wheel Scrolling Detection",0,3,"Patarakin",NA
"D3",715,715,"Hitbox",0,3,"Patarakin",NA
"D3",716,716,"Scrolling (creating a scroller)",0,3,"Patarakin",NA
"D3",717,717,"How to Make a Basic Platformer",0,3,"Patarakin",NA
"D3",718,718,"How to Keep Score in a Game",0,3,"Patarakin",NA
"D3",719,719,"Removing an Item from a List (by value)",0,3,"Patarakin",NA
"D3",720,720,"Heap",0,3,"Patarakin",NA
"D3",721,721,"Animating a Sprite",0,3,"Patarakin",NA
"D3",722,722,"Animated GIF",0,3,"Patarakin",NA
"D3",723,723,"Object Attraction",0,3,"Patarakin",NA
"D3",724,724,"Object Repulsion",0,3,"Patarakin",NA
"D3",725,725,"Simple Username Cloud List",0,3,"Patarakin",NA
"D3",726,726,"Multidimensional Arrays",0,3,"Patarakin",NA
"D3",727,727,"Lip Sync",0,3,"Patarakin",NA
"D3",728,728,"Text Rendering",0,3,"Patarakin",NA
"D3",729,729,"Drawing with the Mouse",0,3,"Patarakin",NA
"D3",730,730,"Examples of Scripts with Pen Blocks",0,3,"Patarakin",NA
"D3",731,731,"How to Create a Sphere with Pen",0,3,"Patarakin",NA
"D3",732,732,"How to Go Off the Screen Edge",0,3,"Patarakin",NA
"D3",733,733,"Render Script",0,3,"Patarakin",NA
"D3",734,734,"How to Create a Slideshow",0,3,"Patarakin",NA
"D3",735,735,"Slideshows",0,3,"Patarakin",NA
"D3",736,736,"How to Move Sprites with the Arrow Keys",0,3,"Patarakin",NA
"D3",737,737,"Switching Between Screens",0,3,"Patarakin",NA
"D3",738,738,"How to Make a Typewriter Effect",0,3,"Patarakin",NA
"D3",739,739,"Making an FPS Counter",0,3,"Patarakin",NA
"D3",740,740,"Sending Cloud Data Signals",0,3,"Patarakin",NA
"D3",741,741,"How to Make a Physics Engine",0,3,"Patarakin",NA
"D3",742,742,"Pen Particles",0,3,"Patarakin",NA
"D3",743,743,"Calculating Pi",0,3,"Patarakin",NA
"D3",744,744,"Bezier Curve",0,3,"Patarakin",NA
"D3",745,745,"Smoothing Data",0,3,"Patarakin",NA
"D3",746,746,"Rendering Lists",0,3,"Patarakin",NA
"D3",747,747,"Scrolling Platformer Tutorial",0,3,"Patarakin",NA
"D3",748,748,"Additional Keys",0,3,"Patarakin",NA
"D3",749,749,"Life Simulator Tutorial",0,3,"Patarakin",NA
"D3",750,750,"Driving Engine",0,3,"Patarakin",NA
"D3",751,751,"Making Sprites Detect and Sense Other Sprites",0,3,"Patarakin",NA
"D3",752,752,"How to Make a Dropdown Menu",0,3,"Patarakin",NA
"D3",753,753,"Pause and Resume Music",0,3,"Patarakin",NA
"D3",754,754,"How to Create a Key Tapping Sensor",0,3,"Patarakin",NA
"D3",755,755,"How to Make a Calculator",0,3,"Patarakin",NA
"D3",756,756,"How to Make a Basic Shooter",0,3,"Patarakin",NA
"D3",757,757,"How to Make a Top Down Scroller Game",0,3,"Patarakin",NA
"D3",758,758,"How to Evaluate an Expression",0,3,"Patarakin",NA
"D3",759,759,"Text Engine",0,3,"Patarakin",NA
"D3",761,761,"Non-Euclidean Game Tutorial",0,3,"Patarakin",NA
"D3",762,762,"Binary Conversion",0,3,"Patarakin",NA
"D3",763,763,"Pen Scrolling",0,3,"Patarakin",NA
"D3",764,764,"Advanced Platformer Tutorial",0,3,"Patarakin",NA
"D3",765,765,"How to Make Game AI",0,3,"Patarakin",NA
"D3",766,766,"How to Make an Operating System",0,3,"Patarakin",NA
"D3",767,767,"Movement",0,3,"Patarakin",NA
"D3",768,768,"How to Make a Translator",0,3,"Patarakin",NA
"D3",769,769,"How to Make Dice",0,3,"Patarakin",NA
"D3",770,770,"How to Define a Reporter Block",0,3,"Patarakin",NA
"D3",771,771,"How to Check if Cloud Variables Have a Connection Error",0,3,"Patarakin",NA
"D3",772,772,"Creating a Programming Language",0,3,"Patarakin",NA
"D3",773,773,"How to Shuffle a List",0,3,"Patarakin",NA
"D3",774,774,"How to Make a Drawing Tool",0,3,"Patarakin",NA
"D3",775,775,"Interface Detection",0,3,"Patarakin",NA
"D3",776,776,"Counting Sprites",0,3,"Patarakin",NA
"D3",777,777,"Mouse Scrolling",0,3,"Patarakin",NA
"D3",778,778,"How to Make a Toggle",0,3,"Patarakin",NA
"D3",779,779,"Pathfinding",0,3,"Patarakin",NA
"D3",780,780,"Stop Detection",0,3,"Patarakin",NA
"D3",781,781,"Recursion and Fractals",0,3,"Patarakin",NA
"D3",782,782,"Pie Chart Creation",0,3,"Patarakin",NA
"D3",783,783,"Making Scratch Crash (2.0)",0,3,"Patarakin",NA
"D3",784,784,"Implementing Grids",0,3,"Patarakin",NA
"D201",784,784,"Implementing Grids",0,201,"Александра",NA
"D3",785,785,"Right Mouse Detection",0,3,"Patarakin",NA
"D3",786,786,"How to Make a Title Screen and Levels",0,3,"Patarakin",NA
"D3",787,787,"Single Frame",0,3,"Patarakin",NA
"D3",788,788,"How to Get Number of Costumes of a Sprite",0,3,"Patarakin",NA
"D3",789,789,"How to Create a Character Designer",0,3,"Patarakin",NA
"D3",790,790,"How to Make a Clicker Game",0,3,"Patarakin",NA
"D3",791,791,"How to Make a Role-Playing Game",0,3,"Patarakin",NA
"D3",792,792,"Parallax",0,3,"Patarakin",NA
"D3",793,793,"Whitelist",0,3,"Patarakin",NA
"D3",794,794,"Debugging Scripts",0,3,"Patarakin",NA
"D3",795,795,"Wall Sensors",0,3,"Patarakin",NA
"D3",796,796,"3-Dimensional Sound",0,3,"Patarakin",NA
"D3",797,797,"Advanced Scrolling Platformer Tutorial",0,3,"Patarakin",NA
"D3",798,798,"How to Move a Sprite in a Spiral",0,3,"Patarakin",NA
"D3",799,799,"Projectile Simulation",0,3,"Patarakin",NA
"D3",800,800,"How to Make a Mouse Trail",0,3,"Patarakin",NA
"D3",801,801,"How to Create a Zoom Effect",0,3,"Patarakin",NA
"D3",803,803,"Platformer",0,3,"Patarakin",NA
"D3",807,807,"PlantUML",0,3,"Patarakin",NA
"D3",808,808,"Graphviz",0,3,"Patarakin",NA
"D3",809,809,"Archimate",0,3,"Patarakin",NA
"D3",810,810,"Fork",0,3,"Patarakin",NA
"D3",812,812,"Sequence Diagram",0,3,"Patarakin",NA
"D3",813,813,"Use Case Diagram",0,3,"Patarakin",NA
"D3",814,814,"Activity diagram",0,3,"Patarakin",NA
"D3",816,816,"Mermaid/EcologicalEducation",0,3,"Patarakin",NA
"D3",817,817,"Tweeki",0,3,"Patarakin",NA
"D3",819,819,"List",0,3,"Patarakin",NA
"D3",820,820,"Semantic Result Formats",0,3,"Patarakin",NA
"D3",821,821,"Recursion",0,3,"Patarakin",NA
"D3",825,825,"ФГОС",0,3,"Patarakin",NA
"D3",826,826,"Федеральный государственный образовательный стандарт",0,3,"Patarakin",NA
"D3",827,827,"Федеральный государственный образовательный стандарт начального общего образования",0,3,"Patarakin",NA
"D3",828,828,"Примерная основная образовательная программа начального общего образования",0,3,"Patarakin",NA
"D3",829,829,"ONet",0,3,"Patarakin",NA
"D3",830,830,"Robot",0,3,"Patarakin",NA
"D3",834,834,"Arduino",0,3,"Patarakin",NA
"D136",834,834,"Arduino",0,136,"Gaidukovd",NA
"D3",835,835,"Hummingbird",0,3,"Patarakin",NA
"D3",836,836,"Lego Mindstorms",0,3,"Patarakin",NA
"D3",837,837,"LEGO WeDo",0,3,"Patarakin",NA
"D3",845,845,"Введение в курс Алгоритмы и структуры данных",0,3,"Patarakin",NA
"D3",852,852,"Имя статьи",0,3,"Patarakin",NA
"D3",854,854,"Wiki",0,3,"Patarakin",NA
"D3",856,856,"Jenkins",0,3,"Patarakin",NA
"D3",857,857,"Digital Citizen",0,3,"Patarakin",NA
"D3",858,858,"Продвижение участника",0,3,"Patarakin",NA
"D3",859,859,"SciSnap!",0,3,"Patarakin",NA
"D3",860,860,"Клика",0,3,"Patarakin",NA
"D3",861,861,"Community",0,3,"Patarakin",NA
"D3",862,862,"Graphviz/Test",0,3,"Patarakin",NA
"D3",863,863,"Типология профессиональных знаний O*Net",0,3,"Patarakin",NA
"D3",864,864,"ISTE standards for students (2017)/Table",0,3,"Patarakin",NA
"D3",870,870,"Государственный Дарвиновский музей",0,3,"Patarakin",NA
"D3",871,871,"Большой планетарий Москвы",0,3,"Patarakin",NA
"D3",872,872,"Государственный геологический музей им. В.И. Вернадского",0,3,"Patarakin",NA
"D3",873,873,"Музей науки Нижегородского государственного университета",0,3,"Patarakin",NA
"D3",874,874,"Hummingbird Robotics Kit",0,3,"Patarakin",NA
"D3",875,875,"Библиотека им. Пушкина, г. Пермь",0,3,"Patarakin",NA
"D3",876,876,"Nim",0,3,"Patarakin",NA
"D3",877,877,"Объект первого класса",0,3,"Patarakin",NA
"D3",879,879,"Robbo",0,3,"Patarakin",NA
"D3",881,881,"Сквик",0,3,"Patarakin",NA
"D3",882,882,"Виртуальный пациент",0,3,"Patarakin",NA
"D3",886,886,"Куча (структура данных)",0,3,"Patarakin",NA
"D3",889,889,"Kotlin",0,3,"Patarakin",NA
"D3",891,891,"Как оценить Scratch проект",0,3,"Patarakin",NA
"D3",892,892,"Scratch/VisualCommands",0,3,"Patarakin",NA
"D3",893,893,"Scratch/Управление",0,3,"Patarakin",NA
"D3",894,894,"Scratch/Движение",0,3,"Patarakin",NA
"D3",895,895,"Scratch/Данные",0,3,"Patarakin",NA
"D3",896,896,"Scratch/Внешность",0,3,"Patarakin",NA
"D3",897,897,"Scratch/Музыка",0,3,"Patarakin",NA
"D3",898,898,"Scratch/События",0,3,"Patarakin",NA
"D3",899,899,"Scratch/Сенсоры",0,3,"Patarakin",NA
"D3",900,900,"Scratch/Операторы",0,3,"Patarakin",NA
"D3",901,901,"Scratch/Другие блоки",0,3,"Patarakin",NA
"D3",904,904,"Wiki (инструмент)",0,3,"Patarakin",NA
"D112",904,904,"Wiki (инструмент)",0,112,"AnnaK",NA
"D3",906,906,"Диаграмма формирования экологической культуры",0,3,"Patarakin",NA
"D8",906,906,"Диаграмма формирования экологической культуры",0,8,"FortunatovAA",NA
"D8",907,907,"Технологический подход",0,8,"FortunatovAA",NA
"D8",908,908,"===== Песочница =====",0,8,"FortunatovAA",NA
"D3",909,909,"Перечень моделей",0,3,"Patarakin",NA
"D8",909,909,"Перечень моделей",0,8,"FortunatovAA",NA
"D84",909,909,"Перечень моделей",0,84,"Мохаммад Самира",NA
"D85",909,909,"Перечень моделей",0,85,"PetrovaSA",NA
"D87",909,909,"Перечень моделей",0,87,"Alina Igorevna",NA
"D88",909,909,"Перечень моделей",0,88,"PadalkoYV",NA
"D89",909,909,"Перечень моделей",0,89,"Alina",NA
"D92",909,909,"Перечень моделей",0,92,"GrigoriPetrov",NA
"D93",909,909,"Перечень моделей",0,93,"AstafevaTV",NA
"D94",909,909,"Перечень моделей",0,94,"ZaruboAM",NA
"D95",909,909,"Перечень моделей",0,95,"Дементьева Мария Владимировна",NA
"D96",909,909,"Перечень моделей",0,96,"GrinevFP",NA
"D97",909,909,"Перечень моделей",0,97,"Vladislav",NA
"D98",909,909,"Перечень моделей",0,98,"Milena Atakshieva",NA
"D99",909,909,"Перечень моделей",0,99,"VladislavMGPU",NA
"D100",909,909,"Перечень моделей",0,100,"KhizhnyakVS158",NA
"D101",909,909,"Перечень моделей",0,101,"Rabota",NA
"D102",909,909,"Перечень моделей",0,102,"Неизученный ананас1",NA
"D103",909,909,"Перечень моделей",0,103,"EvgenovaKA",NA
"D104",909,909,"Перечень моделей",0,104,"GoryushinaNI",NA
"D105",909,909,"Перечень моделей",0,105,"Krukerik Alexandra",NA
"D106",909,909,"Перечень моделей",0,106,"Шалашов Кирилл",NA
"D107",909,909,"Перечень моделей",0,107,"AfanasevDV",NA
"D108",909,909,"Перечень моделей",0,108,"Носова Юлия",NA
"D110",909,909,"Перечень моделей",0,110,"Polezhaeva Mariya",NA
"D3",910,910,"Деятельностный подход",0,3,"Patarakin",NA
"D8",910,910,"Деятельностный подход",0,8,"FortunatovAA",NA
"D8",911,911,"Междисциплинарный подход",0,8,"FortunatovAA",NA
"D8",912,912,"Комплексный подход",0,8,"FortunatovAA",NA
"D8",913,913,"Личностный подход",0,8,"FortunatovAA",NA
"D8",914,914,"Системный подход",0,8,"FortunatovAA",NA
"D8",915,915,"Методологический подход",0,8,"FortunatovAA",NA
"D8",916,916,"Аксиологический подход",0,8,"FortunatovAA",NA
"D8",917,917,"Личностно-ориентированный подход",0,8,"FortunatovAA",NA
"D8",918,918,"Акмеологический подход",0,8,"FortunatovAA",NA
"D8",919,919,"Культурологический подход",0,8,"FortunatovAA",NA
"D8",920,920,"Историко-краеведческий подход",0,8,"FortunatovAA",NA
"D8",921,921,"Принцип культуросообразности и ориентации на универсальные ценности",0,8,"FortunatovAA",NA
"D8",922,922,"Принцип природосообразности",0,8,"FortunatovAA",NA
"D8",923,923,"Принцип многоуровневости",0,8,"FortunatovAA",NA
"D8",924,924,"Принцип единства интеграции и дифференциации",0,8,"FortunatovAA",NA
"D8",925,925,"Принцип гуманизации",0,8,"FortunatovAA",NA
"D8",926,926,"Принцип экологизации",0,8,"FortunatovAA",NA
"D8",927,927,"Принцип универсальности",0,8,"FortunatovAA",NA
"D8",928,928,"Принцип системности",0,8,"FortunatovAA",NA
"D8",929,929,"1.2 Аналитические модели: структурные, динамические, факторные, типологические и социально-технологические",0,8,"FortunatovAA",NA
"D8",930,930,"1.3 Модели организации образовательного процесса",0,8,"FortunatovAA",NA
"D8",931,931,"1.5 По подходу(ам), лежащего в основе модели",0,8,"FortunatovAA",NA
"D8",932,932,"== '''Функции экологической культуры: анализ определений''' ==",0,8,"FortunatovAA",NA
"D3",933,933,"Вычислительная наука",0,3,"Patarakin",NA
"D3",936,936,"AgentScript",0,3,"Patarakin",NA
"D3",937,937,"GAMA",0,3,"Patarakin",NA
"D3",938,938,"Boolean",0,3,"Patarakin",NA
"D3",939,939,"Variable",0,3,"Patarakin",NA
"D3",940,940,"Логический тип",0,3,"Patarakin",NA
"D3",941,941,"Вики - коллективная работа со знаниями",0,3,"Patarakin",NA
"D3",943,943,"Variables",0,3,"Patarakin",NA
"D3",944,944,"Memex",0,3,"Patarakin",NA
"D3",945,945,"Введение в курс Проектирование и разработка приложений",0,3,"Patarakin",NA
"D3",946,946,"Программирование робототехнических устройств (Введение)",0,3,"Patarakin",NA
"D3",947,947,"Taxonomic sandbox",0,3,"Patarakin",NA
"D3",948,948,"Racket",0,3,"Patarakin",NA
"D3",949,949,"Kawa",0,3,"Patarakin",NA
"D3",950,950,"Roblox",0,3,"Patarakin",NA
"D7",951,951,"Neil Fraser",0,7,"Yarmakhov",NA
"D3",952,952,"Hal Abelson",0,3,"Patarakin",NA
"D7",952,952,"Hal Abelson",0,7,"Yarmakhov",NA
"D7",954,954,"MIT",0,7,"Yarmakhov",NA
"D7",958,958,"ННГУ",0,7,"Yarmakhov",NA
"D3",963,963,"SMW diagrams",0,3,"Patarakin",NA
"D8",968,968,"Модель развития экологической культуры обучающихся",0,8,"FortunatovAA",NA
"D3",970,970,"Команды к черепахам NetLogo",0,3,"Patarakin",NA
"D3",971,971,"Как создавать породы агентов",0,3,"Patarakin",NA
"D3",972,972,"Алгоритм сортировки",0,3,"Patarakin",NA
"D3",973,973,"Как пользоваться волшебными словами внутри вики",0,3,"Patarakin",NA
"D3",974,974,"Как пользоваться различными пространствами вики",0,3,"Patarakin",NA
"D3",976,976,"LEGO Boost",0,3,"Patarakin",NA
"D3",979,979,"Plants vs. Zombies",0,3,"Patarakin",NA
"D3",980,980,"Cellverse",0,3,"Patarakin",NA
"D3",984,984,"Mindstorms",0,3,"Patarakin",NA
"D3",995,995,"ГАОУ ВО МГПУ",0,3,"Patarakin",NA
"D11",995,995,"ГАОУ ВО МГПУ",0,11,"EliseevAV",NA
"D3",1003,1003,"Lego Spike Prime",0,3,"Patarakin",NA
"D3",1013,1013,"LEGO Mindstorms EV3",0,3,"Patarakin",NA
"D17",1013,1013,"LEGO Mindstorms EV3",0,17,"Tatyana",NA
"D135",1013,1013,"LEGO Mindstorms EV3",0,135,"Абдуллаева Снежана",NA
"D8",1017,1017,"Модель формирования экологической культуры учащихся в системе дополнительного эколого-биологического образования",0,8,"FortunatovAA",NA
"D8",1019,1019,"Модель формирования экологической культуры учащихся в системе дополнительного образования",0,8,"FortunatovAA",NA
"D3",1020,1020,"Диаграмма Хазарского Словаря",0,3,"Patarakin",NA
"D3",1021,1021,"Papert",0,3,"Patarakin",NA
"D3",1022,1022,"Wilensky",0,3,"Patarakin",NA
"D3",1023,1023,"Виленский",0,3,"Patarakin",NA
"D3",1024,1024,"Паперт",0,3,"Patarakin",NA
"D3",1025,1025,"Пейперт",0,3,"Patarakin",NA
"D3",1026,1026,"Structure and Interpretation of Computer Programs",0,3,"Patarakin",NA
"D3",1027,1027,"Turtle Geometry: The Computer as a Medium for Exploring Mathematics",0,3,"Patarakin",NA
"D3",1028,1028,"DiSessa",0,3,"Patarakin",NA
"D3",1029,1029,"Дидактика",0,3,"Patarakin",NA
"D3",1030,1030,"Модель формирования экологической культуры старшеклассников во внеурочной деятельности с помощью проектных технологий",0,3,"Patarakin",NA
"D8",1030,1030,"Модель формирования экологической культуры старшеклассников во внеурочной деятельности с помощью проектных технологий",0,8,"FortunatovAA",NA
"D224",1030,1030,"Модель формирования экологической культуры старшеклассников во внеурочной деятельности с помощью проектных технологий",0,224,"Fortunatov A.A.",NA
"D3",1031,1031,"Карта счастья",0,3,"Patarakin",NA
"D130",1031,1031,"Карта счастья",0,130,"Мамаева",NA
"D3",1032,1032,"Колесо цветов",0,3,"Patarakin",NA
"D3",1033,1033,"Структуры данных (диаграмма)",0,3,"Patarakin",NA
"D3",1034,1034,"Конечный автомат (диаграмма)",0,3,"Patarakin",NA
"D3",1035,1035,"Генетический алгоритм (диаграмма)",0,3,"Patarakin",NA
"D3",1036,1036,"Нейронная сеть (диаграмма)",0,3,"Patarakin",NA
"D3",1037,1037,"Диаграмма классов",0,3,"Patarakin",NA
"D3",1038,1038,"DICOM (диаграмма)",0,3,"Patarakin",NA
"D3",1039,1039,"Задача об обедающих философах (диаграмма)",0,3,"Patarakin",NA
"D3",1040,1040,"HCLS semantic web map",0,3,"Patarakin",NA
"D3",1041,1041,"Resnick",0,3,"Patarakin",NA
"D3",1042,1042,"Резник",0,3,"Patarakin",NA
"D3",1046,1046,"Протеом",0,3,"Patarakin",NA
"D3",1047,1047,"Мотив (молекулярная биология)",0,3,"Patarakin",NA
"D32",1047,1047,"Мотив (молекулярная биология)",0,32,"Наталья",NA
"D3",1048,1048,"Геном",0,3,"Patarakin",NA
"D32",1048,1048,"Геном",0,32,"Наталья",NA
"D33",1048,1048,"Геном",0,33,"Voronin Aleksandr",NA
"D66",1048,1048,"Геном",0,66,"V Kalinin",NA
"D70",1048,1048,"Геном",0,70,"Vinniksv",NA
"D3",1049,1049,"Генная онтология",0,3,"Patarakin",NA
"D3",1050,1050,"Метапрограммирование",0,3,"Patarakin",NA
"D3",1051,1051,"Harvey",0,3,"Patarakin",NA
"D3",1052,1052,"Харви",0,3,"Patarakin",NA
"D3",1053,1053,"Brian Harvey",0,3,"Patarakin",NA
"D3",1054,1054,"Как добавить видео на страницу вики",0,3,"Patarakin",NA
"D3",1055,1055,"Ergo Jr",0,3,"Patarakin",NA
"D3",1056,1056,"Роббо Отто",0,3,"Patarakin",NA
"D3",1057,1057,"Как добавить изображение на вики страницу",0,3,"Patarakin",NA
"D3",1058,1058,"Как добавить диаграмму связей на вики страницу",0,3,"Patarakin",NA
"D3",1059,1059,"Коллективное представление знаний внутри систем медицинского образования",0,3,"Patarakin",NA
"D55",1059,1059,"Коллективное представление знаний внутри систем медицинского образования",0,55,"Светлана Архипова",NA
"D3",1063,1063,"Цифровая дидактика",0,3,"Patarakin",NA
"D7",1063,1063,"Цифровая дидактика",0,7,"Yarmakhov",NA
"D32",1064,1064,"Саранск",0,32,"Наталья",NA
"D3",1065,1065,"Город",0,3,"Patarakin",NA
"D21",1065,1065,"Город",0,21,"Теплякова А.Ю.",NA
"D3",1072,1072,"Датасет",0,3,"Patarakin",NA
"D7",1072,1072,"Датасет",0,7,"Yarmakhov",NA
"D44",1072,1072,"Датасет",0,44,"Ольга Балдина",NA
"D45",1072,1072,"Датасет",0,45,"S.v.ivanova",NA
"D54",1072,1072,"Датасет",0,54,"L.A.Sharonova",NA
"D112",1072,1072,"Датасет",0,112,"AnnaK",NA
"D117",1072,1072,"Датасет",0,117,"DistAsi",NA
"D3",1080,1080,"Bacillariophyta",0,3,"Patarakin",NA
"D3",1081,1081,"Anabaena",0,3,"Patarakin",NA
"D69",1081,1081,"Anabaena",0,69,"Сынбулатов",NA
"D3",1082,1082,"Acetobacter",0,3,"Patarakin",NA
"D3",1083,1083,"Acidilobus",0,3,"Patarakin",NA
"D3",1084,1084,"Acinetobacter",0,3,"Patarakin",NA
"D3",1085,1085,"Babesia",0,3,"Patarakin",NA
"D68",1085,1085,"Babesia",0,68,"А.А. Гаранин",NA
"D3",1086,1086,"Frankia",0,3,"Patarakin",NA
"D47",1086,1086,"Frankia",0,47,"L.a.lazareva",NA
"D3",1087,1087,"Micrococcus",0,3,"Patarakin",NA
"D48",1087,1087,"Micrococcus",0,48,"Яшихина Анна",NA
"D3",1088,1088,"Mycobacterium",0,3,"Patarakin",NA
"D9",1088,1088,"Mycobacterium",0,9,"Cyganov",NA
"D41",1088,1088,"Mycobacterium",0,41,"Напалкова Светлана Александровна",NA
"D3",1089,1089,"Streptomyces",0,3,"Patarakin",NA
"D3",1090,1090,"Bifidobacterium",0,3,"Patarakin",NA
"D43",1090,1090,"Bifidobacterium",0,43,"Анастасия Сергеевна Цибина",NA
"D50",1090,1090,"Bifidobacterium",0,50,"Munina Irina Ivanovna",NA
"D57",1090,1090,"Bifidobacterium",0,57,"Rezeda",NA
"D3",1091,1091,"Chlamydia",0,3,"Patarakin",NA
"D21",1091,1091,"Chlamydia",0,21,"Теплякова А.Ю.",NA
"D63",1091,1091,"Chlamydia",0,63,"E.A.POKIDYSHEVA",NA
"D3",1098,1098,"Lincosamides",0,3,"Patarakin",NA
"D3",1099,1099,"Tetracyclines",0,3,"Patarakin",NA
"D3",1100,1100,"Macrolides",0,3,"Patarakin",NA
"D60",1100,1100,"Macrolides",0,60,"Юнусова Юлия",NA
"D32",1132,1132,"Уравнение",0,32,"Наталья",NA
"D77",1154,1154,"Нутрициология",0,77,"Горбачев Дмитрий",NA
"D54",1155,1155,"Медицина",0,54,"L.A.Sharonova",NA
"D64",1155,1155,"Медицина",0,64,"Ариша",NA
"D3",1156,1156,"Генетика",0,3,"Patarakin",NA
"D65",1156,1156,"Генетика",0,65,"Yu.V.myakisheva",NA
"D33",1157,1157,"Фармация",0,33,"Voronin Aleksandr",NA
"D39",1157,1157,"Фармация",0,39,"Avdeeva",NA
"D62",1157,1157,"Фармация",0,62,"Виктория",NA
"D66",1158,1158,"Неврология",0,66,"V Kalinin",NA
"D61",1159,1159,"Лекарственное обеспечение населения",0,61,"Петрухина",NA
"D71",1160,1160,"Профилактическая медицина",0,71,"Гаврюшин Михаил Юрьевич",NA
"D61",1162,1162,"Лекарственными препаратами",0,61,"Петрухина",NA
"D58",1163,1163,"Сестринское дело",0,58,"A.o.volodina",NA
"D70",1167,1167,"Частичное отсутствие зубов",0,70,"Vinniksv",NA
"D79",1169,1169,"Ортодонтия",0,79,"POPOVNV",NA
"D3",1172,1172,"Наследственность",0,3,"Patarakin",NA
"D32",1172,1172,"Наследственность",0,32,"Наталья",NA
"D65",1172,1172,"Наследственность",0,65,"Yu.V.myakisheva",NA
"D66",1172,1172,"Наследственность",0,66,"V Kalinin",NA
"D39",1173,1173,"Лекарствах",0,39,"Avdeeva",NA
"D3",1182,1182,"Цефалоспорины",0,3,"Patarakin",NA
"D23",1182,1182,"Цефалоспорины",0,23,"Сидоров Александр Юрьевич",NA
"D29",1184,1184,"Макролиды",0,29,"Гладунова Елена Павловна",NA
"D44",1185,1185,"Подкаст",0,44,"Ольга Балдина",NA
"D44",1186,1186,"Стрим",0,44,"Ольга Балдина",NA
"D3",1187,1187,"Метрология",0,3,"Patarakin",NA
"D33",1187,1187,"Метрология",0,33,"Voronin Aleksandr",NA
"D52",1188,1188,"Хинолоны и фторхинолоны",0,52,"Блинкова Полина",NA
"D60",1188,1188,"Хинолоны и фторхинолоны",0,60,"Юнусова Юлия",NA
"D3",1189,1189,"Онтология",0,3,"Patarakin",NA
"D7",1189,1189,"Онтология",0,7,"Yarmakhov",NA
"D42",1189,1189,"Онтология",0,42,"D.G.Rogozhin",NA
"D54",1189,1189,"Онтология",0,54,"L.A.Sharonova",NA
"D3",1191,1191,"Гигиена",0,3,"Patarakin",NA
"D71",1191,1191,"Гигиена",0,71,"Гаврюшин Михаил Юрьевич",NA
"D24",1192,1192,"Карбапенемы",0,24,"Dreytsers",NA
"D3",1193,1193,"Генная инженерия",0,3,"Patarakin",NA
"D70",1193,1193,"Генная инженерия",0,70,"Vinniksv",NA
"D3",1194,1194,"Мутация",0,3,"Patarakin",NA
"D32",1194,1194,"Мутация",0,32,"Наталья",NA
"D61",1194,1194,"Мутация",0,61,"Петрухина",NA
"D71",1196,1196,"Профилактику",0,71,"Гаврюшин Михаил Юрьевич",NA
"D3",1197,1197,"Блог",0,3,"Patarakin",NA
"D7",1197,1197,"Блог",0,7,"Yarmakhov",NA
"D45",1197,1197,"Блог",0,45,"S.v.ivanova",NA
"D3",1198,1198,"Генотип",0,3,"Patarakin",NA
"D32",1198,1198,"Генотип",0,32,"Наталья",NA
"D65",1198,1198,"Генотип",0,65,"Yu.V.myakisheva",NA
"D42",1199,1199,"Видеоролик",0,42,"D.G.Rogozhin",NA
"D27",1200,1200,"Вебинар",0,27,"KurenkovAV",NA
"D3",1201,1201,"Профилактика",0,3,"Patarakin",NA
"D71",1201,1201,"Профилактика",0,71,"Гаврюшин Михаил Юрьевич",NA
"D3",1202,1202,"Наследственные болезни",0,3,"Patarakin",NA
"D66",1202,1202,"Наследственные болезни",0,66,"V Kalinin",NA
"D60",1203,1203,"Neisseria spp",0,60,"Юнусова Юлия",NA
"D31",1204,1204,"Microsoft Teams",0,31,"Куркина",NA
"D53",1205,1205,"Тандем. ЭИОС.",0,53,"E.v.menzul",NA
"D53",1206,1206,"Тандем.",0,53,"E.v.menzul",NA
"D3",1207,1207,"MS Teams",0,3,"Patarakin",NA
"D25",1207,1207,"MS Teams",0,25,"VladimirovaTY",NA
"D33",1208,1208,"Химическая метрология",0,33,"Voronin Aleksandr",NA
"D31",1209,1209,"Тандем",0,31,"Куркина",NA
"D27",1210,1210,"Moodle",0,27,"KurenkovAV",NA
"D3",1212,1212,"Болезнь Паркинсона",0,3,"Patarakin",NA
"D32",1212,1212,"Болезнь Паркинсона",0,32,"Наталья",NA
"D66",1212,1212,"Болезнь Паркинсона",0,66,"V Kalinin",NA
"D27",1213,1213,"ЭИОС",0,27,"KurenkovAV",NA
"D53",1213,1213,"ЭИОС",0,53,"E.v.menzul",NA
"D3",1214,1214,"Скринкаст",0,3,"Patarakin",NA
"D42",1214,1214,"Скринкаст",0,42,"D.G.Rogozhin",NA
"D3",1215,1215,"Болезнь паркинсона",0,3,"Patarakin",NA
"D31",1216,1216,"Презентация",0,31,"Куркина",NA
"D3",1219,1219,"Категория СамГМУ 1",0,3,"Patarakin",NA
"D58",1219,1219,"Категория СамГМУ 1",0,58,"A.o.volodina",NA
"D63",1220,1220,"Кокки",0,63,"E.A.POKIDYSHEVA",NA
"D3",1222,1222,"Sir Michael Philip Jagger",0,3,"Patarakin",NA
"D69",1222,1222,"Sir Michael Philip Jagger",0,69,"Сынбулатов",NA
"D3",1224,1224,"APL",0,3,"Patarakin",NA
"D3",1226,1226,"Как редактировать собственный блок в Snap!",0,3,"Patarakin",NA
"D3",1229,1229,"Алгоритмы - скрещиваем Snap! и Wiki",0,3,"Patarakin",NA
"D10",1229,1229,"Алгоритмы - скрещиваем Snap! и Wiki",0,10,"RomanovaMI",NA
"D3",1231,1231,"Как установить Snap! на отдельный компьютер",0,3,"Patarakin",NA
"D3",1233,1233,"Создание приложений Snap! NetsBlox App Inventor",0,3,"Patarakin",NA
"D3",1234,1234,"Программирование роботов - Snap!",0,3,"Patarakin",NA
"D17",1234,1234,"Программирование роботов - Snap!",0,17,"Tatyana",NA
"D3",1239,1239,"Как включить Snap! проект в состав вики страницы",0,3,"Patarakin",NA
"D3",1244,1244,"Snap!/Layers",0,3,"Patarakin",NA
"D3",1245,1245,"Snap!/Other sprites",0,3,"Patarakin",NA
"D3",1246,1246,"J",0,3,"Patarakin",NA
"D3",1247,1247,"Lynx",0,3,"Patarakin",NA
"D3",1248,1248,"Технологии семантического веба. Возможности структурирования информации внутри Semantic MediaWiki",0,3,"Patarakin",NA
"D3",1249,1249,"Как получить изображение Scratch блоков",0,3,"Patarakin",NA
"D3",1250,1250,"R (язык программирования)",0,3,"Patarakin",NA
"D3",1251,1251,"XML",0,3,"Patarakin",NA
"D3",1252,1252,"Unicode",0,3,"Patarakin",NA
"D3",1253,1253,"WWW",0,3,"Patarakin",NA
"D202",1253,1253,"WWW",0,202,"PopovaED",NA
"D208",1253,1253,"WWW",0,208,"Sophie Nik",NA
"D225",1253,1253,"WWW",0,225,"Алина Олифир",NA
"D3",1259,1259,"Диаграмма простой таксономии",0,3,"Patarakin",NA
"D3",1260,1260,"URI",0,3,"Patarakin",NA
"D3",1261,1261,"RDF",0,3,"Patarakin",NA
"D3",1264,1264,"Блок-схемы и данные",0,3,"Patarakin",NA
"D3",1265,1265,"Блок-схема",0,3,"Patarakin",NA
"D3",1266,1266,"Flowchart",0,3,"Patarakin",NA
"D3",1269,1269,"Проектирование приложений (MerMaid)",0,3,"Patarakin",NA
"D3",1270,1270,"Разработка приложений (Snap!)",0,3,"Patarakin",NA
"D3",1275,1275,"YarmakhovSandbox",0,3,"Patarakin",NA
"D7",1275,1275,"YarmakhovSandbox",0,7,"Yarmakhov",NA
"D3",1277,1277,"Типы данных и датасеты",0,3,"Patarakin",NA
"D3",1284,1284,"Аналитика совместной деятельности и поведения отдельных пользователей",0,3,"Patarakin",NA
"D3",1285,1285,"Выращивание данных",0,3,"Patarakin",NA
"D3",1286,1286,"Kaggle",0,3,"Patarakin",NA
"D3",1287,1287,"Массив (тип данных)",0,3,"Patarakin",NA
"D3",1288,1288,"Радужная таблица",0,3,"Patarakin",NA
"D3",1289,1289,"Параллельный массив",0,3,"Patarakin",NA
"D3",1290,1290,"V-список",0,3,"Patarakin",NA
"D3",1291,1291,"Объектный пул",0,3,"Patarakin",NA
"D3",1292,1292,"Ассоциативный массив",0,3,"Patarakin",NA
"D3",1293,1293,"Кортеж (информатика)",0,3,"Patarakin",NA
"D3",1294,1294,"Контентно-адресуемое хранилище данных",0,3,"Patarakin",NA
"D3",1295,1295,"Таблица поиска",0,3,"Patarakin",NA
"D3",1296,1296,"Сериализация",0,3,"Patarakin",NA
"D3",1297,1297,"Лес непересекающихся множеств",0,3,"Patarakin",NA
"D3",1298,1298,"Сливаемая куча",0,3,"Patarakin",NA
"D3",1299,1299,"Абстрактный тип данных",0,3,"Patarakin",NA
"D3",1300,1300,"Суффиксный массив",0,3,"Patarakin",NA
"D3",1301,1301,"Система непересекающихся множеств",0,3,"Patarakin",NA
"D3",1302,1302,"Произвольный доступ",0,3,"Patarakin",NA
"D3",1303,1303,"Последовательный доступ",0,3,"Patarakin",NA
"D3",1304,1304,"Динамический массив",0,3,"Patarakin",NA
"D3",1305,1305,"Битовая карта",0,3,"Patarakin",NA
"D3",1306,1306,"Множество (тип данных)",0,3,"Patarakin",NA
"D3",1307,1307,"Составная единица информации",0,3,"Patarakin",NA
"D3",1308,1308,"Класс (программирование)",0,3,"Patarakin",NA
"D3",1309,1309,"Ориентированный ациклический граф",0,3,"Patarakin",NA
"D3",1310,1310,"Ярусно-параллельная форма графа",0,3,"Patarakin",NA
"D3",1311,1311,"Поток данных",0,3,"Patarakin",NA
"D3",1312,1312,"Динамическое распределение памяти",0,3,"Patarakin",NA
"D3",1313,1313,"Коллекция (программирование)",0,3,"Patarakin",NA
"D3",1314,1314,"Разреженный массив",0,3,"Patarakin",NA
"D3",1315,1315,"Хеш-таблица",0,3,"Patarakin",NA
"D3",1316,1316,"Структура данных",0,3,"Patarakin",NA
"D3",1317,1317,"Узел (информатика)",0,3,"Patarakin",NA
"D3",1318,1318,"Индексация (программирование)",0,3,"Patarakin",NA
"D3",1319,1319,"Таблица символов",0,3,"Patarakin",NA
"D3",1321,1321,"Буферное окно",0,3,"Patarakin",NA
"D3",1322,1322,"Тип-произведение",0,3,"Patarakin",NA
"D3",1323,1323,"Конструктор (функциональное программирование)",0,3,"Patarakin",NA
"D3",1324,1324,"XOR-связный список",0,3,"Patarakin",NA
"D3",1325,1325,"Список (информатика)",0,3,"Patarakin",NA
"D3",1326,1326,"Контейнер (программирование)",0,3,"Patarakin",NA
"D3",1327,1327,"Куча (память)",0,3,"Patarakin",NA
"D3",1328,1328,"Типаж (абстрактный тип)",0,3,"Patarakin",NA
"D3",1329,1329,"Пирамида изображений",0,3,"Patarakin",NA
"D3",1330,1330,"Последовательный контейнер",0,3,"Patarakin",NA
"D3",1331,1331,"Суффиксный автомат",0,3,"Patarakin",NA
"D3",1332,1332,"Дерево палиндромов",0,3,"Patarakin",NA
"D3",1333,1333,"Самоорганизующийся список",0,3,"Patarakin",NA
"D3",1334,1334,"Уточнение разбиения",0,3,"Patarakin",NA
"D3",1335,1335,"Кукушкин фильтр",0,3,"Patarakin",NA
"D3",1337,1337,"Линейный поиск",0,3,"Patarakin",NA
"D3",1338,1338,"Интерполяционный поиск",0,3,"Patarakin",NA
"D3",1339,1339,"Задача поиска ближайшего соседа",0,3,"Patarakin",NA
"D3",1340,1340,"Троичный поиск",0,3,"Patarakin",NA
"D3",1341,1341,"Метод золотого сечения",0,3,"Patarakin",NA
"D3",1342,1342,"Дихотомия",0,3,"Patarakin",NA
"D3",1343,1343,"Метод перебора",0,3,"Patarakin",NA
"D3",1344,1344,"Алгоритм выбора",0,3,"Patarakin",NA
"D3",1345,1345,"Альфа-бета-отсечение",0,3,"Patarakin",NA
"D3",1346,1346,"Поиск в глубину",0,3,"Patarakin",NA
"D3",1347,1347,"Ключ для определения",0,3,"Patarakin",NA
"D3",1348,1348,"Алгоритм бога",0,3,"Patarakin",NA
"D3",1349,1349,"Математика кубика Рубика",0,3,"Patarakin",NA
"D3",1350,1350,"Поиск в пространстве состояний",0,3,"Patarakin",NA
"D3",1351,1351,"Поиск в ширину",0,3,"Patarakin",NA
"D3",1352,1352,"Поиск длиннейшей подстроки-палиндрома",0,3,"Patarakin",NA
"D3",1353,1353,"Универсальное хеширование",0,3,"Patarakin",NA
"D3",1354,1354,"Двоичный поиск",0,3,"Patarakin",NA
"D3",1355,1355,"Лексикографический поиск в ширину",0,3,"Patarakin",NA
"D3",1356,1356,"Кукушкино хеширование",0,3,"Patarakin",NA
"D3",1357,1357,"Линейное зондирование",0,3,"Patarakin",NA
"D3",1358,1358,"Locality-sensitive hashing",0,3,"Patarakin",NA
"D3",1359,1359,"Игра на поиск",0,3,"Patarakin",NA
"D3",1360,1360,"Лучевой поиск",0,3,"Patarakin",NA
"D3",1361,1361,"Алгоритм поиска B*",0,3,"Patarakin",NA
"D3",1362,1362,"Поиск точки перехода",0,3,"Patarakin",NA
"D3",1363,1363,"SMA*",0,3,"Patarakin",NA
"D3",1364,1364,"Поиск по краям",0,3,"Patarakin",NA
"D3",1365,1365,"Алгоритм поиска D*",0,3,"Patarakin",NA
"D3",1367,1367,"Вычислительная сложность",0,3,"Patarakin",NA
"D3",1368,1368,"Построение сетевых сообществ. Введение",0,3,"Patarakin",NA
"D3",1369,1369,"Аналитика",0,3,"Patarakin",NA
"D3",1370,1370,"Деятельность",0,3,"Patarakin",NA
"D3",1371,1371,"Документ",0,3,"Patarakin",NA
"D3",1372,1372,"Инструмент",0,3,"Patarakin",NA
"D3",1373,1373,"Коллекция",0,3,"Patarakin",NA
"D3",1374,1374,"Коэволюция",0,3,"Patarakin",NA
"D3",1375,1375,"Отбор",0,3,"Patarakin",NA
"D3",1376,1376,"Сетевая культура",0,3,"Patarakin",NA
"D3",1377,1377,"Сеть",0,3,"Patarakin",NA
"D3",1378,1378,"Сетевой анализ",0,3,"Patarakin",NA
"D3",1379,1379,"Субъект",0,3,"Patarakin",NA
"D3",1380,1380,"Субъектность деятельности",0,3,"Patarakin",NA
"D3",1381,1381,"Эволюция",0,3,"Patarakin",NA
"D3",1384,1384,"Функциональное программирование",0,3,"Patarakin",NA
"D3",1385,1385,"Языки реализации алгоритмов. Операции над списками",0,3,"Patarakin",NA
"D3",1388,1388,"Географические координаты",0,3,"Patarakin",NA
"D3",1392,1392,"NetSci",0,3,"Patarakin",NA
"D3",1393,1393,"Информатика",0,3,"Patarakin",NA
"D412",1393,1393,"Информатика",0,412,"VetoshkinaAS",NA
"D3",1400,1400,"Habr",0,3,"Patarakin",NA
"D115",1400,1400,"Habr",0,115,"Khabarov",NA
"D155",1400,1400,"Habr",0,155,"Виталий Хабаров",NA
"D3",1430,1430,"Diagram of Ecosystem",0,3,"Patarakin",NA
"D3",1432,1432,"Diagram of competences",0,3,"Patarakin",NA
"D3",1433,1433,"Diagram of Educational Theories",0,3,"Patarakin",NA
"D3",1434,1434,"Diagrams Значения элементов",0,3,"Patarakin",NA
"D3",1435,1435,"ZooUniverse Diagram",0,3,"Patarakin",NA
"D3",1437,1437,"Wiki Diagram",0,3,"Patarakin",NA
"D3",1438,1438,"Как обратиться к внешним данным из вики",0,3,"Patarakin",NA
"D3",1440,1440,"Алгоритмы и структуры данных - промежуточный отчёт",0,3,"Patarakin",NA
"D10",1440,1440,"Алгоритмы и структуры данных - промежуточный отчёт",0,10,"RomanovaMI",NA
"D3",1445,1445,"StackOverFlow Diagram",0,3,"Patarakin",NA
"D3",1447,1447,"Digida diagrams",0,3,"Patarakin",NA
"D3",1448,1448,"Вычислительная дидактика",0,3,"Patarakin",NA
"D3",1449,1449,"Наследсвенные болезни",0,3,"Patarakin",NA
"D3",1450,1450,"Ген",0,3,"Patarakin",NA
"D3",1451,1451,"Collaborative knowledge ACM (dataset)",0,3,"Patarakin",NA
"D3",1461,1461,"Робототехника",0,3,"Patarakin",NA
"D412",1461,1461,"Робототехника",0,412,"VetoshkinaAS",NA
"D3",1462,1462,"Построение сетевых сообществ",0,3,"Patarakin",NA
"D3",1464,1464,"Программирование робототехнических устройств",0,3,"Patarakin",NA
"D3",1466,1466,"HTML",0,3,"Patarakin",NA
"D120",1466,1466,"HTML",0,120,"Иван Васильев",NA
"D119",1467,1467,"Двигатель",0,119,"Twilane",NA
"D119",1470,1470,"Детерминация",0,119,"Twilane",NA
"D3",1471,1471,"Функция",0,3,"Patarakin",NA
"D119",1471,1471,"Функция",0,119,"Twilane",NA
"D3",1474,1474,"Finch Robot",0,3,"Patarakin",NA
"D3",1475,1475,"Анализ и интерпретация данных (syllabus)",0,3,"Patarakin",NA
"D1024",1475,1475,"Анализ и интерпретация данных (syllabus)",0,1024,"Evgeniia Petrova",NA
"D3",1477,1477,"Ceebot 4",0,3,"Patarakin",NA
"D122",1477,1477,"Ceebot 4",0,122,"Madara",NA
"D3",1478,1478,"Нейронная сеть",0,3,"Patarakin",NA
"D122",1478,1478,"Нейронная сеть",0,122,"Madara",NA
"D856",1478,1478,"Нейронная сеть",0,856,"Склезнева Ксения",NA
"D3",1480,1480,"База знаний",0,3,"Patarakin",NA
"D3",1481,1481,"Дополненная реальность",0,3,"Patarakin",NA
"D3",1482,1482,"Виртуальная реальность",0,3,"Patarakin",NA
"D3",1483,1483,"Цифровая трансформация образования",0,3,"Patarakin",NA
"D3",1484,1484,"Data in Education Seminar",0,3,"Patarakin",NA
"D3",1485,1485,"Библиографический датасет 1",0,3,"Patarakin",NA
"D6",1485,1485,"Библиографический датасет 1",0,6,"Viktoriia",NA
"D3",1486,1486,"Нозология",0,3,"Patarakin",NA
"D3",1487,1487,"Очная сессия в САМГМУ",0,3,"Patarakin",NA
"D3",1505,1505,"MedicalOntologyDiagram",0,3,"Patarakin",NA
"D3",1506,1506,"Внешние онтологии (диаграммы)",0,3,"Patarakin",NA
"D3",1507,1507,"Video games (dataset)",0,3,"Patarakin",NA
"D19",1507,1507,"Video games (dataset)",0,19,"Мартынов Д.В",NA
"D3",1508,1508,"Киберфизическое пространство СамГМУ",0,3,"Patarakin",NA
"D3",1519,1519,"Learning Apps",0,3,"Patarakin",NA
"D3",1520,1520,"Microsoft Power Point",0,3,"Patarakin",NA
"D3",1521,1521,"Zoom",0,3,"Patarakin",NA
"D3",1522,1522,"Canva",0,3,"Patarakin",NA
"D3",1523,1523,"OBS Studio",0,3,"Patarakin",NA
"D3",1524,1524,"Git",0,3,"Patarakin",NA
"D3",1525,1525,"Compendium LD",0,3,"Patarakin",NA
"D3",1526,1526,"VUE",0,3,"Patarakin",NA
"D3",1527,1527,"Zotero",0,3,"Patarakin",NA
"D3",1528,1528,"VOSviewer",0,3,"Patarakin",NA
"D6",1528,1528,"VOSviewer",0,6,"Viktoriia",NA
"D3",1529,1529,"CODAP",0,3,"Patarakin",NA
"D465",1529,1529,"CODAP",0,465,"RabotaNS",NA
"D3",1530,1530,"ShinyItemAnalysis",0,3,"Patarakin",NA
"D3",1531,1531,"RAWGraphs",0,3,"Patarakin",NA
"D3",1532,1532,"BehaviorSpace",0,3,"Patarakin",NA
"D3",1533,1533,"WebGrid",0,3,"Patarakin",NA
"D3",1534,1534,"Tilda",0,3,"Patarakin",NA
"D3",1535,1535,"Web Scraper",0,3,"Patarakin",NA
"D3",1536,1536,"Notion",0,3,"Patarakin",NA
"D3",1537,1537,"Roam research",0,3,"Patarakin",NA
"D3",1538,1538,"Logseq",0,3,"Patarakin",NA
"D3",1539,1539,"Mozaik education",0,3,"Patarakin",NA
"D3",1540,1540,"TheBrain",0,3,"Patarakin",NA
"D3",1541,1541,"Twine",0,3,"Patarakin",NA
"D3",1542,1542,"ProProfs",0,3,"Patarakin",NA
"D3",1543,1543,"Virtual robotics toolkit",0,3,"Patarakin",NA
"D3",1549,1549,"Языки (диаграмма класса)",0,3,"Patarakin",NA
"D3",1567,1567,"Как задать свойства породе объектов",0,3,"Patarakin",NA
"D3",1568,1568,"BN diagram",0,3,"Patarakin",NA
"D3",1569,1569,"ICD 10",0,3,"Patarakin",NA
"D3",1570,1570,"Компетентность",0,3,"Patarakin",NA
"D3",1571,1571,"Компетенция",0,3,"Patarakin",NA
"D3",1572,1572,"Модель компетенций",0,3,"Patarakin",NA
"D3",1573,1573,"Профиль компетенций",0,3,"Patarakin",NA
"D3",1574,1574,"Типология умений",0,3,"Patarakin",NA
"D3",1575,1575,"Компетенции от MicroSoft",0,3,"Patarakin",NA
"D3",1576,1576,"Типология профессиональных интересов O*Net",0,3,"Patarakin",NA
"D3",1577,1577,"Типология способностей O*Net",0,3,"Patarakin",NA
"D3",1578,1578,"Типология трудовых действий O*Net",0,3,"Patarakin",NA
"D3",1579,1579,"Типология условий работы O*Net",0,3,"Patarakin",NA
"D3",1580,1580,"Профессиональный стандарт",0,3,"Patarakin",NA
"D3",1581,1581,"Диаграмма класса профессиональный стандарт",0,3,"Patarakin",NA
"D3",1583,1583,"Диаграмма Ганта",0,3,"Patarakin",NA
"D3",1584,1584,"Диаграмма профиля компетенций",0,3,"Patarakin",NA
"D3",1586,1586,"Диаграмма формирования компетентного профиля",0,3,"Patarakin",NA
"D3",1588,1588,"Выполняемые статьи",0,3,"Patarakin",NA
"D3",1589,1589,"Выполняемая публикация",0,3,"Patarakin",NA
"D3",1591,1591,"Books (dataset)",0,3,"Patarakin",NA
"D3",1592,1592,"Cities (dataset)",0,3,"Patarakin",NA
"D127",1601,1601,"Якушева Татьяна Сергеевна/csv",0,127,"Якушева Татьяна Сергеевна",NA
"D3",1602,1602,"Food (dataset)",0,3,"Patarakin",NA
"D134",1602,1602,"Food (dataset)",0,134,"Юлия Хурманенок",NA
"D3",1603,1603,"Astronauts (dataset)",0,3,"Patarakin",NA
"D134",1603,1603,"Astronauts (dataset)",0,134,"Юлия Хурманенок",NA
"D3",1609,1609,"Graduate (dataset)",0,3,"Patarakin",NA
"D124",1609,1609,"Graduate (dataset)",0,124,"Новикова Анна Адександровна",NA
"D3",1610,1610,"Библиометрические исследования",0,3,"Patarakin",NA
"D6",1610,1610,"Библиометрические исследования",0,6,"Viktoriia",NA
"D3",1611,1611,"Демографическая статистика",0,3,"Patarakin",NA
"D3",1612,1612,"Граунт",0,3,"Patarakin",NA
"D3",1613,1613,"Bills of Mortality (dataset)",0,3,"Patarakin",NA
"D3",1614,1614,"Озеро данных",0,3,"Patarakin",NA
"D3",1615,1615,"JSON",0,3,"Patarakin",NA
"D202",1615,1615,"JSON",0,202,"PopovaED",NA
"D208",1615,1615,"JSON",0,208,"Sophie Nik",NA
"D3",1616,1616,"GFF",0,3,"Patarakin",NA
"D3",1622,1622,"Лог-файл",0,3,"Patarakin",NA
"D3",1625,1625,"Семинар по Данным в Образовании 30.11.22",0,3,"Patarakin",NA
"D3",1626,1626,"Collaboration (dataset)",0,3,"Patarakin",NA
"D3",1628,1628,"Preschool Digital Scopus",0,3,"Patarakin",NA
"D3",1629,1629,"Наука о данных",0,3,"Patarakin",NA
"D3",1630,1630,"Data Science",0,3,"Patarakin",NA
"D3",1632,1632,"Big O notation",0,3,"Patarakin",NA
"D3",1633,1633,"Временная сложность алгоритма",0,3,"Patarakin",NA
"D3",1634,1634,"Как проверить массив на наличие дублей",0,3,"Patarakin",NA
"D3",1635,1635,"Swift",0,3,"Patarakin",NA
"D3",1636,1636,"Бинарный поиск",0,3,"Patarakin",NA
"D3",1637,1637,"Решить задачу коммивояжёра",0,3,"Patarakin",NA
"D3",1638,1638,"Псевдокод",0,3,"Patarakin",NA
"D3",1639,1639,"Как обратиться к внешним данным из Snap!",0,3,"Patarakin",NA
"D3",1640,1640,"Binary search (diagram)",0,3,"Patarakin",NA
"D3",1643,1643,"Billionaires (dataset)",0,3,"Patarakin",NA
"D195",1643,1643,"Billionaires (dataset)",0,195,"Vera Safonova",NA
"D3",1646,1646,"Publishers (Dataset)",0,3,"Patarakin",NA
"D83",1646,1646,"Publishers (Dataset)",0,83,"Seljukovadm",NA
"D3",1647,1647,"COVID (dataset 1)",0,3,"Patarakin",NA
"D19",1647,1647,"COVID (dataset 1)",0,19,"Мартынов Д.В",NA
"D3",1650,1650,"Biblioshiny",0,3,"Patarakin",NA
"D3",1651,1651,"C",0,3,"Patarakin",NA
"D3",1652,1652,"C++",0,3,"Patarakin",NA
"D3",1653,1653,"Tinkercad",0,3,"Patarakin",NA
"D83",1653,1653,"Tinkercad",0,83,"Seljukovadm",NA
"D3",1655,1655,"Glitch",0,3,"Patarakin",NA
"D3",1664,1664,"Диаграмма Санкей",0,3,"Patarakin",NA
"D3",1665,1665,"Вовлеченность студентов Л2",0,3,"Patarakin",NA
"D6",1665,1665,"Вовлеченность студентов Л2",0,6,"Viktoriia",NA
"D3",1666,1666,"Вовлеченность студентов при использовании LearningApps",0,3,"Patarakin",NA
"D6",1666,1666,"Вовлеченность студентов при использовании LearningApps",0,6,"Viktoriia",NA
"D3",1668,1668,"WoS",0,3,"Patarakin",NA
"D6",1668,1668,"WoS",0,6,"Viktoriia",NA
"D3",1672,1672,"Интеллект человека",0,3,"Patarakin",NA
"D3",1673,1673,"Персептрон",0,3,"Patarakin",NA
"D3",1674,1674,"Машинное обучение",0,3,"Patarakin",NA
"D3",1675,1675,"Семантика",0,3,"Patarakin",NA
"D3",1676,1676,"Экспертная система",0,3,"Patarakin",NA
"D3",1677,1677,"Семантический поиск",0,3,"Patarakin",NA
"D3",1678,1678,"Коннекционизм",0,3,"Patarakin",NA
"D3",1679,1679,"Нейросеть",0,3,"Patarakin",NA
"D3",1680,1680,"Регрессионный анализ",0,3,"Patarakin",NA
"D3",1681,1681,"Как добавить листинг программы на вики страницу",0,3,"Patarakin",NA
"D3",1682,1682,"Фрактал",0,3,"Patarakin",NA
"D3",1684,1684,"Треугольник Серпинского",0,3,"Patarakin",NA
"D3",1688,1688,"School Scores (USA dataset)",0,3,"Patarakin",NA
"D3",1692,1692,"Алгоритмы сортировки",0,3,"Patarakin",NA
"D3",1693,1693,"Сортировка пузырьком",0,3,"Patarakin",NA
"D3",1694,1694,"Сортировка вставками",0,3,"Patarakin",NA
"D3",1695,1695,"Быстрая сортировка",0,3,"Patarakin",NA
"D3",1696,1696,"Псевдокод (язык описания алгоритмов)",0,3,"Patarakin",NA
"D3",1699,1699,"Сортировка выбором",0,3,"Patarakin",NA
"D3",1701,1701,"Алгоритмы и структуры данных (syllabus)",0,3,"Patarakin",NA
"D3",1703,1703,"Как получить список случайных значений",0,3,"Patarakin",NA
"D262",1703,1703,"Как получить список случайных значений",0,262,"Рязанцева Александра",NA
"D3",1708,1708,"Язык программирования",0,3,"Patarakin",NA
"D3",1710,1710,"Сервопривод",0,3,"Patarakin",NA
"D136",1710,1710,"Сервопривод",0,136,"Gaidukovd",NA
"D135",1711,1711,"Шаговый двигатель",0,135,"Абдуллаева Снежана",NA
"D3",1717,1717,"Цифровая синхронизация (диаграмма)",0,3,"Patarakin",NA
"D135",1717,1717,"Цифровая синхронизация (диаграмма)",0,135,"Абдуллаева Снежана",NA
"D3",1718,1718,"Сеть коммутатора (диаграмма)",0,3,"Patarakin",NA
"D120",1718,1718,"Сеть коммутатора (диаграмма)",0,120,"Иван Васильев",NA
"D3",1719,1719,"Trinket рисуем дом",0,3,"Patarakin",NA
"D120",1719,1719,"Trinket рисуем дом",0,120,"Иван Васильев",NA
"D3",1721,1721,"Семантическая сеть (диаграмма)",0,3,"Patarakin",NA
"D3",1722,1722,"Семантическая сеть",0,3,"Patarakin",NA
"D3",1723,1723,"Дерево решений",0,3,"Patarakin",NA
"D3",1724,1724,"Граф знаний",0,3,"Patarakin",NA
"D3",1725,1725,"Генетический алгоритм (блок-схема)",0,3,"Patarakin",NA
"D3",1726,1726,"Нейроэволюция",0,3,"Patarakin",NA
"D3",1727,1727,"Эмерджентность",0,3,"Patarakin",NA
"D3",1728,1728,"Веб-скрепинг",0,3,"Patarakin",NA
"D120",1729,1729,"EmbedScratch рисуем дом",0,120,"Иван Васильев",NA
"D3",1731,1731,"Как создать новую статью в вики",0,3,"Patarakin",NA
"D138",1735,1735,"Прототипирование",0,138,"РодионАндреевич",NA
"D3",1739,1739,"Разработка системы для взаимодействия между Robot Operating System и iOS",0,3,"Patarakin",NA
"D122",1739,1739,"Разработка системы для взаимодействия между Robot Operating System и iOS",0,122,"Madara",NA
"D122",1740,1740,"Диаграмма деятельности для варианта соединения с ROSBridge",0,122,"Madara",NA
"D122",1741,1741,"Управление роботом-манипулятором",0,122,"Madara",NA
"D3",1745,1745,"Dragon Age (серия видеоигр)",0,3,"Patarakin",NA
"D119",1745,1745,"Dragon Age (серия видеоигр)",0,119,"Twilane",NA
"D3",1746,1746,"Диаграмма состояний",0,3,"Patarakin",NA
"D119",1746,1746,"Диаграмма состояний",0,119,"Twilane",NA
"D119",1747,1747,"Statechart diagram",0,119,"Twilane",NA
"D119",1748,1748,"UNIX Family 'Tree'",0,119,"Twilane",NA
"D3",1750,1750,"Программа для регулировки жалюзи и света, за счет потенциометра и отображение его значения на экран с часами",0,3,"Patarakin",NA
"D119",1750,1750,"Программа для регулировки жалюзи и света, за счет потенциометра и отображение его значения на экран с часами",0,119,"Twilane",NA
"D3",1751,1751,"Codey Rocky",0,3,"Patarakin",NA
"D135",1751,1751,"Codey Rocky",0,135,"Абдуллаева Снежана",NA
"D135",1752,1752,"Глубокое обучение",0,135,"Абдуллаева Снежана",NA
"D3",1754,1754,"Как правильно оформить ссылку на вики страницу",0,3,"Patarakin",NA
"D3",1755,1755,"VEX Robotics",0,3,"Patarakin",NA
"D138",1755,1755,"VEX Robotics",0,138,"РодионАндреевич",NA
"D3",1756,1756,"Вычислительное мышление (диаграммы)",0,3,"Patarakin",NA
"D3",1757,1757,"Сайты российских школ",0,3,"Patarakin",NA
"D3",1758,1758,"External Data Extension",0,3,"Patarakin",NA
"D3",1760,1760,"Сайты российских школ/RF",0,3,"Patarakin",NA
"D3",1762,1762,"Сайты российских школ/com",0,3,"Patarakin",NA
"D3",1763,1763,"Сайты российских школ/Ru",0,3,"Patarakin",NA
"D3",1764,1764,"Чат-бот",0,3,"Patarakin",NA
"D3",1765,1765,"Элиза (чат-бот)",0,3,"Patarakin",NA
"D3",1766,1766,"ChatGPT",0,3,"Patarakin",NA
"D3",1767,1767,"Oberon",0,3,"Patarakin",NA
"D3",1768,1768,"База данных",0,3,"Patarakin",NA
"D137",1768,1768,"База данных",0,137,"Елизавета",NA
"D3",1769,1769,"Games (biblio dataset)",0,3,"Patarakin",NA
"D3",1770,1770,"Научная статья",0,3,"Patarakin",NA
"D112",1770,1770,"Научная статья",0,112,"AnnaK",NA
"D3",1771,1771,"PICASO 3D",0,3,"Patarakin",NA
"D138",1771,1771,"PICASO 3D",0,138,"РодионАндреевич",NA
"D3",1774,1774,"Незримый колледж",0,3,"Patarakin",NA
"D3",1775,1775,"Командная наука",0,3,"Patarakin",NA
"D3",1777,1777,"Программный код",0,3,"Patarakin",NA
"D3",1778,1778,"Модель белка",0,3,"Patarakin",NA
"D3",1779,1779,"Сценарий урока",0,3,"Patarakin",NA
"D3",1780,1780,"Сценарий",0,3,"Patarakin",NA
"D3",1781,1781,"Модель NetLogo",0,3,"Patarakin",NA
"D3",1782,1782,"Learning design",0,3,"Patarakin",NA
"D3",1783,1783,"Учебный дизайн",0,3,"Patarakin",NA
"D3",1784,1784,"Learning Design",0,3,"Patarakin",NA
"D3",1785,1785,"Библиографическая запись",0,3,"Patarakin",NA
"D112",1785,1785,"Библиографическая запись",0,112,"AnnaK",NA
"D3",1786,1786,"Базы данных",0,3,"Patarakin",NA
"D3",1787,1787,"Веб-приложение",0,3,"Patarakin",NA
"D3",1788,1788,"Mathematica",0,3,"Patarakin",NA
"D3",1789,1789,"Сайты российских школ/200",0,3,"Patarakin",NA
"D3",1791,1791,"Онтология модели пользователя",0,3,"Patarakin",NA
"D3",1792,1792,"Онтология FOAF",0,3,"Patarakin",NA
"D3",1793,1793,"ACM Digital Library",0,3,"Patarakin",NA
"D3",1795,1795,"Библиографический анализ области знаний",0,3,"Patarakin",NA
"D3",1803,1803,"Raku",0,3,"Patarakin",NA
"D3",1804,1804,"Временная сложность",0,3,"Patarakin",NA
"D3",1805,1805,"Как вставлять химические формулы в тексты вики статей",0,3,"Patarakin",NA
"D3",1806,1806,"K-means",0,3,"Patarakin",NA
"D3",1807,1807,"Artificial Intelligence",0,3,"Patarakin",NA
"D3",1808,1808,"AI",0,3,"Patarakin",NA
"D3",1809,1809,"ANN",0,3,"Patarakin",NA
"D3",1813,1813,"ChatbotACM (dataset)",0,3,"Patarakin",NA
"D3",1815,1815,"GoogleSchool 01(dataset)",0,3,"Patarakin",NA
"D3",1816,1816,"GoogleSchool 02(dataset)",0,3,"Patarakin",NA
"D3",1817,1817,"Бартл",0,3,"Patarakin",NA
"D3",1818,1818,"Таксономия Бартла",0,3,"Patarakin",NA
"D3",1821,1821,"Взаимное копирование МЭШ (датасет)",0,3,"Patarakin",NA
"D293",1821,1821,"Взаимное копирование МЭШ (датасет)",0,293,"Юлия",NA
"D3",1823,1823,"Scopus Games (dataset)",0,3,"Patarakin",NA
"D3",1824,1824,"Letopisi 2006 (dataset)",0,3,"Patarakin",NA
"D3",1825,1825,"Invisible College Scopus (dataset)",0,3,"Patarakin",NA
"D3",1826,1826,"Актор",0,3,"Patarakin",NA
"D3",1827,1827,"Модель акторов",0,3,"Patarakin",NA
"D3",1828,1828,"Rust",0,3,"Patarakin",NA
"D3",1829,1829,"Интерактивный блокнот",0,3,"Patarakin",NA
"D3",1830,1830,"Jupyter",0,3,"Patarakin",NA
"D3",1831,1831,"Computer Science Logo Style",0,3,"Patarakin",NA
"D3",1832,1832,"Simply Scheme: Introducing Computer Science",0,3,"Patarakin",NA
"D3",1833,1833,"Alan Kay",0,3,"Patarakin",NA
"D3",1834,1834,"Kay",0,3,"Patarakin",NA
"D3",1836,1836,"What video games have to teach us about learning and literacy",0,3,"Patarakin",NA
"D3",1837,1837,"Gee",0,3,"Patarakin",NA
"D3",1838,1838,"Literacy and Education",0,3,"Patarakin",NA
"D3",1839,1839,"Активное эссе",0,3,"Patarakin",NA
"D389",1839,1839,"Активное эссе",0,389,"Natalya",NA
"D3",1840,1840,"Dynabook",0,3,"Patarakin",NA
"D3",1841,1841,"Pharo",0,3,"Patarakin",NA
"D3",1842,1842,"R for Data Science",0,3,"Patarakin",NA
"D3",1843,1843,"Tidy Modeling with R",0,3,"Patarakin",NA
"D3",1844,1844,"An Introduction to Agent-Based Modeling: Modeling Natural, Social, and Engineered Complex Systems with NetLogo",0,3,"Patarakin",NA
"D3",1845,1845,"The Media Equation: How People Treat Computers, Television, and New Media Like Real People and Places",0,3,"Patarakin",NA
"D3",1846,1846,"Growing Artificial Societies: Social Science From the Bottom Up (Complex Adaptive Systems)",0,3,"Patarakin",NA
"D3",1847,1847,"Turtles, termites, and traffic jams: explorations in massively parallel microworld",0,3,"Patarakin",NA
"D3",1848,1848,"Data farming",0,3,"Patarakin",NA
"D3",1849,1849,"Agent-Based and Individual-Based Modeling: A Practical Introduction",0,3,"Patarakin",NA
"D3",1850,1850,"Mesa",0,3,"Patarakin",NA
"D3",1851,1851,"Agents.jl",0,3,"Patarakin",NA
"D3",1853,1853,"Генеративный искусственный интеллект",0,3,"Patarakin",NA
"D176",1853,1853,"Генеративный искусственный интеллект",0,176,"Kapterev",NA
"D3",1854,1854,"Quarto",0,3,"Patarakin",NA
"D3",1855,1855,"Eliza",0,3,"Patarakin",NA
"D3",1856,1856,"The Wiki Way: Quick Collaboration on the Web",0,3,"Patarakin",NA
"D3",1857,1857,"Вард Каннингэм",0,3,"Patarakin",NA
"D3",1858,1858,"Cunningham",0,3,"Patarakin",NA
"D3",1859,1859,"Вард Кеннингэм",0,3,"Patarakin",NA
"D3",1863,1863,"Исполняемая публикация",0,3,"Patarakin",NA
"D3",1865,1865,"Dimensions",0,3,"Patarakin",NA
"D6",1865,1865,"Dimensions",0,6,"Viktoriia",NA
"D3",1866,1866,"RStudio",0,3,"Patarakin",NA
"D3",1867,1867,"Markdown",0,3,"Patarakin",NA
"D3",1868,1868,"CSV",0,3,"Patarakin",NA
"D3",1869,1869,"Анализ данных",0,3,"Patarakin",NA
"D3",1870,1870,"Стандартная ошибка",0,3,"Patarakin",NA
"D3",1871,1871,"Матрица",0,3,"Patarakin",NA
"D3",1872,1872,"Вектор",0,3,"Patarakin",NA
"D3",1873,1873,"Химия",0,3,"Patarakin",NA
"D3",1874,1874,"Биология",0,3,"Patarakin",NA
"D3",1875,1875,"DRAKON",0,3,"Patarakin",NA
"D3",1876,1876,"Как вырастить данные в искусственном сообществе",0,3,"Patarakin",NA
"D3",1879,1879,"Модель",0,3,"Patarakin",NA
"D112",1879,1879,"Модель",0,112,"AnnaK",NA
"D112",1880,1880,"Модель обеспечения качества",0,112,"AnnaK",NA
"D3",1883,1883,"Norman",0,3,"Patarakin",NA
"D3",1884,1884,"The Design of Everyday Things",0,3,"Patarakin",NA
"D3",1885,1885,"Норман",0,3,"Patarakin",NA
"D3",1886,1886,"Гибсон",0,3,"Patarakin",NA
"D3",1887,1887,"Экологический подход к зрительному восприятию",0,3,"Patarakin",NA
"D3",1888,1888,"Разработка компьютерных учебников и обучающих систем",0,3,"Patarakin",NA
"D3",1889,1889,"Стили и методы программирования",0,3,"Patarakin",NA
"D3",1890,1890,"Феномен науки: Кибернетический подход к эволюции",0,3,"Patarakin",NA
"D3",1891,1891,"РЕФАЛ",0,3,"Patarakin",NA
"D3",1892,1892,"Epstein",0,3,"Patarakin",NA
"D3",1893,1893,"Growing artificial societies: Social science from the bottom up",0,3,"Patarakin",NA
"D3",1897,1897,"Интегрированная среда разработки",0,3,"Patarakin",NA
"D3",1898,1898,"IDE",0,3,"Patarakin",NA
"D3",1899,1899,"Турчин",0,3,"Patarakin",NA
"D3",1900,1900,"Рефал",0,3,"Patarakin",NA
"D3",1901,1901,"КуМир",0,3,"Patarakin",NA
"D3",1902,1902,"Кушниренко",0,3,"Patarakin",NA
"D3",1903,1903,"Мифический человеко-месяц или как создаются программные системы",0,3,"Patarakin",NA
"D3",1904,1904,"СИСТЕМНАЯ ИНЖЕНЕРИЯ — 2022",0,3,"Patarakin",NA
"D3",1905,1905,"Технологии программирования (факультатив)",0,3,"Patarakin",NA
"D141",1905,1905,"Технологии программирования (факультатив)",0,141,"TaranEY",NA
"D3",1906,1906,"Технология программирования",0,3,"Patarakin",NA
"D3",1907,1907,"Язык высокого уровня",0,3,"Patarakin",NA
"D3",1908,1908,"Head First. Паттерны проектирования",0,3,"Patarakin",NA
"D3",1909,1909,"Оркестр играет без дирижера: размышления об эволюции некоторых технических систем и управлении ими",0,3,"Patarakin",NA
"D3",1910,1910,"Таксономия Толлингеровой",0,3,"Patarakin",NA
"D3",1915,1915,"Midjourney",0,3,"Patarakin",NA
"D3",1916,1916,"Программирование на языках высокого уровня",0,3,"Patarakin",NA
"D3",1917,1917,"UML",0,3,"Patarakin",NA
"D3",1919,1919,"Open Sources: Voices from the Open Source Revolution",0,3,"Patarakin",NA
"D3",1921,1921,"Cinema 4D",0,3,"Patarakin",NA
"D3",1927,1927,"Paint Tool SAI",0,3,"Patarakin",NA
"D141",1927,1927,"Paint Tool SAI",0,141,"TaranEY",NA
"D3",1929,1929,"Объектно-ориентированное программирование",0,3,"Patarakin",NA
"D3",1930,1930,"Инкапсуляция",0,3,"Patarakin",NA
"D3",1931,1931,"Google Collab",0,3,"Patarakin",NA
"D3",1934,1934,"Blown to Bits",0,3,"Patarakin",NA
"D3",1957,1957,"Языковая модель",0,3,"Patarakin",NA
"D3",1959,1959,"Искусственный игровой интеллект",0,3,"Patarakin",NA
"D3",1960,1960,"Вероятностное программирование",0,3,"Patarakin",NA
"D3",1961,1961,"Church",0,3,"Patarakin",NA
"D3",1963,1963,"Генеративно-состязательная сеть",0,3,"Patarakin",NA
"D3",1964,1964,"OpenAI Codex",0,3,"Patarakin",NA
"D3",1965,1965,"GPT",0,3,"Patarakin",NA
"D3",1966,1966,"Signature pedagogy",0,3,"Patarakin",NA
"D3",1969,1969,"Требования к программному обеспечению",0,3,"Patarakin",NA
"D3",1970,1970,"Классификация требований (диаграмма)",0,3,"Patarakin",NA
"D3",1971,1971,"Диаграмма прецедентов",0,3,"Patarakin",NA
"D3",1972,1972,"Прецедент",0,3,"Patarakin",NA
"D3",1973,1973,"Диаграмма пути пользователя",0,3,"Patarakin",NA
"D142",1974,1974,"Диаграмма курса «Технологии программирования»",0,142,"Давлетшина Алина",NA
"D3",1975,1975,"Жизненный цикл программы",0,3,"Patarakin",NA
"D142",1975,1975,"Жизненный цикл программы",0,142,"Давлетшина Алина",NA
"D3",1976,1976,"Frequency Distribution Analysis Library",0,3,"Patarakin",NA
"D3",1981,1981,"Наследование",0,3,"Patarakin",NA
"D3",1982,1982,"Делегирование",0,3,"Patarakin",NA
"D3",1983,1983,"Как создать исполняемую публикацию по теме: научная школа университета",0,3,"Patarakin",NA
"D6",1983,1983,"Как создать исполняемую публикацию по теме: научная школа университета",0,6,"Viktoriia",NA
"D6",1985,1985,"Библиосет: контекст исполняемых публикаций",0,6,"Viktoriia",NA
"D6",1986,1986,"Библиосет: теория исполняемых публикаций",0,6,"Viktoriia",NA
"D3",1987,1987,"Библиосет: исполняемые публикации",0,3,"Patarakin",NA
"D6",1987,1987,"Библиосет: исполняемые публикации",0,6,"Viktoriia",NA
"D3",1988,1988,"Scopus",0,3,"Patarakin",NA
"D6",1988,1988,"Scopus",0,6,"Viktoriia",NA
"D3",1989,1989,"ELibrary.Ru",0,3,"Patarakin",NA
"D6",1989,1989,"ELibrary.Ru",0,6,"Viktoriia",NA
"D3",1990,1990,"Foo",0,3,"Patarakin",NA
"D3",1993,1993,"Библиосет: публикационная активность ВВГУ",0,3,"Patarakin",NA
"D6",1993,1993,"Библиосет: публикационная активность ВВГУ",0,6,"Viktoriia",NA
"D3",1994,1994,"Библиосет: публикационная активность МГПУ",0,3,"Patarakin",NA
"D6",1994,1994,"Библиосет: публикационная активность МГПУ",0,6,"Viktoriia",NA
"D6",1995,1995,"Библиосет: публикационная активность ДВФУ",0,6,"Viktoriia",NA
"D3",1997,1997,"Робот",0,3,"Patarakin",NA
"D3",1999,1999,"Гистограмма",0,3,"Patarakin",NA
"D3",2000,2000,"Диаграмма",0,3,"Patarakin",NA
"D3",2001,2001,"Описать датасет при помощи описательной статистики",0,3,"Patarakin",NA
"D3",2002,2002,"Сообщество LeaderID",0,3,"Patarakin",NA
"D156",2002,2002,"Сообщество LeaderID",0,156,"Nvlomovtseva",NA
"D3",2003,2003,"Zotero Diagram",0,3,"Patarakin",NA
"D112",2003,2003,"Zotero Diagram",0,112,"AnnaK",NA
"D3",2008,2008,"ГОСТ 19.202-78",0,3,"Patarakin",NA
"D3",2009,2009,"ГОСТ 19.106-78",0,3,"Patarakin",NA
"D3",2010,2010,"ГОСТ Р 59895-2021",0,3,"Patarakin",NA
"D3",2011,2011,"СанПиН 1.2.3685-21",0,3,"Patarakin",NA
"D3",2012,2012,"Образование",0,3,"Patarakin",NA
"D3",2014,2014,"Жизненный цикл программ",0,3,"Patarakin",NA
"D3",2015,2015,"ГОСТ Р ИСО/МЭК 12207-2010",0,3,"Patarakin",NA
"D3",2016,2016,"ГОСТ 19.701—90",0,3,"Patarakin",NA
"D3",2017,2017,"Каскадная разработка",0,3,"Patarakin",NA
"D3",2018,2018,"Эволюционная разработка",0,3,"Patarakin",NA
"D3",2019,2019,"Диаграмма связи школы и технологий",0,3,"Patarakin",NA
"D3",2020,2020,"Как провести сравнение источников на вики странице",0,3,"Patarakin",NA
"D3",2021,2021,"Как узнать распределение всех статей по свойству",0,3,"Patarakin",NA
"D3",2022,2022,"Minsky",0,3,"Patarakin",NA
"D3",2023,2023,"Минский",0,3,"Patarakin",NA
"D3",2024,2024,"Сообщество разума",0,3,"Patarakin",NA
"D3",2025,2025,"Кей",0,3,"Patarakin",NA
"D3",2028,2028,"Дилемма заключённого",0,3,"Patarakin",NA
"D3",2032,2032,"Паттерн вычислительного мышления",0,3,"Patarakin",NA
"D3",2033,2033,"Зона ближайшего потока",0,3,"Patarakin",NA
"D3",2034,2034,"Repenning",0,3,"Patarakin",NA
"D3",2035,2035,"ISTE standards for students (2017)",0,3,"Patarakin",NA
"D3",2042,2042,"Lieberman",0,3,"Patarakin",NA
"D3",2043,2043,"Using Prototypical Objects to Implement Shared Behavior in Object Oriented Systems",0,3,"Patarakin",NA
"D3",2045,2045,"Сценарное моделирование",0,3,"Patarakin",NA
"D3",2046,2046,"IMS Learning Design",0,3,"Patarakin",NA
"D3",2047,2047,"Сценарное моделирование (диаграмма)",0,3,"Patarakin",NA
"D3",2048,2048,"UNESCO (ИКТ-компетентность учителей)",0,3,"Patarakin",NA
"D3",2049,2049,"Структура ИКТ-компетентности UNESCO/Таблица",0,3,"Patarakin",NA
"D3",2050,2050,"Ключевые компетенции для Европы (1996)",0,3,"Patarakin",NA
"D117",2051,2051,"Сообщество Classroom 2.0",0,117,"DistAsi",NA
"D3",2053,2053,"ForumScheme",0,3,"Patarakin",NA
"D117",2053,2053,"ForumScheme",0,117,"DistAsi",NA
"D3",2055,2055,"Children Learning to Code",0,3,"Patarakin",NA
"D3",2056,2056,"Patarakin",0,3,"Patarakin",NA
"D3",2057,2057,"Форум",0,3,"Patarakin",NA
"D3",2058,2058,"Викиграмма",0,3,"Patarakin",NA
"D3",2059,2059,"Как интерпретировать социограмму",0,3,"Patarakin",NA
"D3",2061,2061,"Незримый колледж МЭШ",0,3,"Patarakin",NA
"D3",2062,2062,"Использовать данные МЭШ для моделирования поведения учителей",0,3,"Patarakin",NA
"D3",2073,2073,"Flocking (model)",0,3,"Patarakin",NA
"D3",2076,2076,"Sugarscape model",0,3,"Patarakin",NA
"D3",2078,2078,"Программированное обучение",0,3,"Patarakin",NA
"D3",2080,2080,"Inquiry based learning",0,3,"Patarakin",NA
"D3",2081,2081,"Педагогика профессий",0,3,"Patarakin",NA
"D3",2082,2082,"Большая языковая модель",0,3,"Patarakin",NA
"D3",2083,2083,"LLM",0,3,"Patarakin",NA
"D3",2084,2084,"Скретч",0,3,"Patarakin",NA
"D3",2085,2085,"Как перевести Scratch в Snap!",0,3,"Patarakin",NA
"D3",2087,2087,"Forum (dataset)",0,3,"Patarakin",NA
"D117",2087,2087,"Forum (dataset)",0,117,"DistAsi",NA
"D3",2089,2089,"Мастер-класс «Совместная работа со знаниями на поле цифровой дидактики»",0,3,"Patarakin",NA
"D3",2090,2090,"Бихевиоризм",0,3,"Patarakin",NA
"D3",2091,2091,"Коннективизм",0,3,"Patarakin",NA
"D3",2092,2092,"Конструктивизм",0,3,"Patarakin",NA
"D3",2093,2093,"Педагогический дизайн",0,3,"Patarakin",NA
"D3",2094,2094,"IMS Global LD",0,3,"Patarakin",NA
"D3",2102,2102,"Легитимное периферийное участие",0,3,"Patarakin",NA
"D3",2105,2105,"Обратиться к объектам по их свойствам",0,3,"Patarakin",NA
"D3",2110,2110,"Организовать обмен сообщениями между агентами",0,3,"Patarakin",NA
"D3",2111,2111,"Диаграмма класса",0,3,"Patarakin",NA
"D148",2111,2111,"Диаграмма класса",0,148,"Dmitriy",NA
"D3",2113,2113,"Языки программирования Time-line",0,3,"Patarakin",NA
"D159",2113,2113,"Языки программирования Time-line",0,159,"Lazarevms",NA
"D3",2119,2119,"- Концепция: Множественные присваивания значений в Python",0,3,"Patarakin",NA
"D159",2119,2119,"- Концепция: Множественные присваивания значений в Python",0,159,"Lazarevms",NA
"D3",2120,2120,"Wenger",0,3,"Patarakin",NA
"D3",2121,2121,"Communities of Practice",0,3,"Patarakin",NA
"D3",2122,2122,"Объект, помогающий думать",0,3,"Patarakin",NA
"D159",2126,2126,"Lazarevms",0,159,"Lazarevms",NA
"D3",2129,2129,"Веерная матрица",0,3,"Patarakin",NA
"D3",2130,2130,"Таблица",0,3,"Patarakin",NA
"D3",2131,2131,"Как делать таблицы в вики",0,3,"Patarakin",NA
"D3",2133,2133,"URL",0,3,"Patarakin",NA
"D3",2138,2138,"Notepad++",0,3,"Patarakin",NA
"D3",2139,2139,"Представить данные датасета в виде графа",0,3,"Patarakin",NA
"D3",2141,2141,"Представить объекты на географической карте в вики",0,3,"Patarakin",NA
"D3",2142,2142,"Изучить информатиков МЭШ",0,3,"Patarakin",NA
"D3",2145,2145,"Computational thinking (ACM)",0,3,"Patarakin",NA
"D3",2149,2149,"DBSnap",0,3,"Patarakin",NA
"D3",2150,2150,"Вольфрам, Стивен",0,3,"Patarakin",NA
"D3",2151,2151,"Stephen Wolfram",0,3,"Patarakin",NA
"D3",2152,2152,"SLAM",0,3,"Patarakin",NA
"D3",2153,2153,"EM-алгоритм",0,3,"Patarakin",NA
"D3",2154,2154,"Теорема Байеса",0,3,"Patarakin",NA
"D3",2156,2156,"Robot Operating System",0,3,"Patarakin",NA
"D3",2157,2157,"ROS",0,3,"Patarakin",NA
"D3",2158,2158,"Habr diagram",0,3,"Patarakin",NA
"D155",2158,2158,"Habr diagram",0,155,"Виталий Хабаров",NA
"D3",2160,2160,"What Is ChatGPT Doing ... and Why Does It Work?",0,3,"Patarakin",NA
"D3",2161,2161,"GenAI",0,3,"Patarakin",NA
"D3",2163,2163,"Анализ социальных сетей/Ключевые понятия",0,3,"Patarakin",NA
"D3",2164,2164,"Сетевые метрики",0,3,"Patarakin",NA
"D3",2165,2165,"On-line masters",0,3,"Patarakin",NA
"D3",2166,2166,"A new kind of science",0,3,"Patarakin",NA
"D3",2167,2167,"Модульное программирование",0,3,"Patarakin",NA
"D3",2168,2168,"Модульное программирование (диаграмма)",0,3,"Patarakin",NA
"D3",2169,2169,"Roblox (диаграмма)",0,3,"Patarakin",NA
"D3",2174,2174,"Лямбда-исчисление",0,3,"Patarakin",NA
"D3",2175,2175,"Периодическая система химических элементов",0,3,"Patarakin",NA
"D3",2177,2177,"Периодическая система",0,3,"Patarakin",NA
"D3",2178,2178,"Множественная регрессия",0,3,"Patarakin",NA
"D3",2180,2180,"Регрессия",0,3,"Patarakin",NA
"D156",2181,2181,"PokemonDataset",0,156,"Nvlomovtseva",NA
"D3",2182,2182,"Схема алгоритма для робота-геолога",0,3,"Patarakin",NA
"D3",2184,2184,"Задача",0,3,"Patarakin",NA
"D3",2185,2185,"Таксономия Блума",0,3,"Patarakin",NA
"D3",2186,2186,"Предмет",0,3,"Patarakin",NA
"D111",2191,2191,"Форум классных руководителей (ФКР)",0,111,"Yuvshulgina",NA
"D111",2194,2194,"Мероприятие",0,111,"Yuvshulgina",NA
"D363",2194,2194,"Мероприятие",0,363,"Арзамаскина Виктория",NA
"D3",2196,2196,"Barsik",0,3,"Patarakin",NA
"D148",2196,2196,"Barsik",0,148,"Dmitriy",NA
"D3",2203,2203,"Естественные науки",0,3,"Patarakin",NA
"D3",2204,2204,"География",0,3,"Patarakin",NA
"D3",2206,2206,"Maps for MediaWiki",0,3,"Patarakin",NA
"D3",2208,2208,"Критическое мышление",0,3,"Patarakin",NA
"D3",2209,2209,"Перенос практик генеративного ИИ в естественно-научное образование",0,3,"Patarakin",NA
"D3",2210,2210,"Poe",0,3,"Patarakin",NA
"D3",2217,2217,"Как GenAI трансформирует поле цифровой дидактики",0,3,"Patarakin",NA
"D3",2221,2221,"Ontology of digital literacy",0,3,"Patarakin",NA
"D3",2222,2222,"Ontology of geographic literacy",0,3,"Patarakin",NA
"D3",2224,2224,"Как думают географы и как на это повлияет GenAI",0,3,"Patarakin",NA
"D3",2229,2229,"Data in Education Seminar/29 03 2023",0,3,"Patarakin",NA
"D3",2232,2232,"Смешанное обучение",0,3,"Patarakin",NA
"D3",2233,2233,"Совместная работа со знаниями на поле цифровой дидактики",0,3,"Patarakin",NA
"D3",2234,2234,"Data in Education Seminar/31 05 2023",0,3,"Patarakin",NA
"D3",2235,2235,"PDCA cycle",0,3,"Patarakin",NA
"D3",2237,2237,"Технологии программирования (факультатив)/03.05.2023",0,3,"Patarakin",NA
"D3",2239,2239,"Fireflies (model)",0,3,"Patarakin",NA
"D3",2241,2241,"Fire (model)",0,3,"Patarakin",NA
"D3",2243,2243,"Piaget-Vygotsky (model)",0,3,"Patarakin",NA
"D3",2245,2245,"Team Assembly (model)",0,3,"Patarakin",NA
"D3",2246,2246,"Leaders & Followers (model)",0,3,"Patarakin",NA
"D3",2247,2247,"Constructing various learning activities on the Semantic MediaWiki playground",0,3,"Patarakin",NA
"D3",2251,2251,"Приходько Оксана Георгиевна",0,3,"Patarakin",NA
"D169",2251,2251,"Приходько Оксана Георгиевна",0,169,"Kamyshnikovaej",NA
"D3",2253,2253,"Технологии программирования (факультатив)/10.05.2023",0,3,"Patarakin",NA
"D3",2259,2259,"Медицинский центр (диаграмма)",0,3,"Patarakin",NA
"D3",2261,2261,"Смартфон (диаграмма)",0,3,"Patarakin",NA
"D3",2265,2265,"Models Communities",0,3,"Patarakin",NA
"D3",2267,2267,"Технологии программирования (факультатив)/17.05.2023",0,3,"Patarakin",NA
"D3",2268,2268,"Объединение языков многоагентного моделирования в учебном процессе на базе MediaWiki",0,3,"Patarakin",NA
"D3",2269,2269,"Генеалогия многоагентных сред (диаграмма)",0,3,"Patarakin",NA
"D3",2270,2270,"Макроскоп",0,3,"Patarakin",NA
"D3",2271,2271,"Термиты",0,3,"Patarakin",NA
"D3",2272,2272,"Субъект коллективный",0,3,"Patarakin",NA
"D3",2273,2273,"Продукт деятельности",0,3,"Patarakin",NA
"D3",2275,2275,"Сообщество StarLogo",0,3,"Patarakin",NA
"D3",2276,2276,"Сообщество Snap!",0,3,"Patarakin",NA
"D3",2277,2277,"Segregation (model)",0,3,"Patarakin",NA
"D510",2277,2277,"Segregation (model)",0,510,"Yulia",NA
"D3",2281,2281,"Macroscope",0,3,"Patarakin",NA
"D3",2282,2282,"ODD принципы",0,3,"Patarakin",NA
"D3",2283,2283,"Life (model)",0,3,"Patarakin",NA
"D374",2283,2283,"Life (model)",0,374,"PolezhaevaMA",NA
"D3",2284,2284,"Dawkins Weasel",0,3,"Patarakin",NA
"D3",2285,2285,"Butterfly model",0,3,"Patarakin",NA
"D3",2287,2287,"Artificial Anasazi",0,3,"Patarakin",NA
"D3",2290,2290,"Вычислительная история",0,3,"Patarakin",NA
"D3",2291,2291,"Sugarscape",0,3,"Patarakin",NA
"D3",2292,2292,"Prisoner's dilemma",0,3,"Patarakin",NA
"D3",2293,2293,"Urban Suite - Economic Disparity",0,3,"Patarakin",NA
"D3",2294,2294,"How to connect Lua and C++",0,3,"Patarakin",NA
"D3",2295,2295,"Rytr",0,3,"Patarakin",NA
"D3",2296,2296,"Humata",0,3,"Patarakin",NA
"D3",2297,2297,"PaperBrain",0,3,"Patarakin",NA
"D3",2298,2298,"Kandinsky 2.1",0,3,"Patarakin",NA
"D3",2302,2302,"TutorAI",0,3,"Patarakin",NA
"D3",2303,2303,"WolframAlpha",0,3,"Patarakin",NA
"D3",2304,2304,"Face generator",0,3,"Patarakin",NA
"D3",2305,2305,"DreamAI",0,3,"Patarakin",NA
"D3",2307,2307,"AI content generation 06062023",0,3,"Patarakin",NA
"D3",2308,2308,"Papercup",0,3,"Patarakin",NA
"D3",2310,2310,"CreatiCode",0,3,"Patarakin",NA
"D3",2311,2311,"Merlin ChatGPT App",0,3,"Patarakin",NA
"D3",2314,2314,"Craiyon",0,3,"Patarakin",NA
"D3",2319,2319,"Ora",0,3,"Patarakin",NA
"D3",2320,2320,"PerplexityAI",0,3,"Patarakin",NA
"D3",2323,2323,"YandexGPT",0,3,"Patarakin",NA
"D3",2333,2333,"Создай пояснение к понятию цифровая дидактика",0,3,"Patarakin",NA
"D3",2334,2334,"Создать модули учебного курса",0,3,"Patarakin",NA
"D3",2335,2335,"Создай аннотацию к учебному видео",0,3,"Patarakin",NA
"D3",2336,2336,"Создай онтологию Computer Science",0,3,"Patarakin",NA
"D3",2337,2337,"Создай онтологию цифровой грамотности",0,3,"Patarakin",NA
"D3",2338,2338,"Создать онтологию географической грамотности",0,3,"Patarakin",NA
"D3",2340,2340,"Создай учебные задачи на различных языках программирования",0,3,"Patarakin",NA
"D3",2341,2341,"Собери примеры образовательных сообщества",0,3,"Patarakin",NA
"D3",2342,2342,"Создай диаграммы взаимодействия внутри сетевых сообществ",0,3,"Patarakin",NA
"D3",2343,2343,"Создай диаграмму классов для взаимодействия доктор - пациент",0,3,"Patarakin",NA
"D3",2344,2344,"Создай иллюстрации к рассказу по биологии",0,3,"Patarakin",NA
"D3",2345,2345,"Создай формулы химических соединений и реакций для начального курса химии",0,3,"Patarakin",NA
"D3",2346,2346,"Приведи примеры учебных задач по математике 5 класс",0,3,"Patarakin",NA
"D3",2347,2347,"Приведи примеры использования Graphviz на уроках химии",0,3,"Patarakin",NA
"D3",2348,2348,"Создай помощника для создания программ на языках блочного программирования",0,3,"Patarakin",NA
"D3",2349,2349,"Создай определение цифровой географии",0,3,"Patarakin",NA
"D3",2350,2350,"Собери перечень информационных компетенций",0,3,"Patarakin",NA
"D3",2351,2351,"Создай примеры вопросов по программированию на языках высокого уровня",0,3,"Patarakin",NA
"D3",2352,2352,"Создай 50 примеров задач по робототехнике для школьников",0,3,"Patarakin",NA
"D3",2353,2353,"Создай схемы алгоритмов для образовательных роботов",0,3,"Patarakin",NA
"D3",2354,2354,"Создай управляющий алгоритм для робота",0,3,"Patarakin",NA
"D3",2356,2356,"GigaChat",0,3,"Patarakin",NA
"D22",2356,2356,"GigaChat",0,22,"LPavlikova",NA
"D3",2357,2357,"Алиса придумай задания для школьников",0,3,"Patarakin",NA
"D173",2357,2357,"Алиса придумай задания для школьников",0,173,"Abushkindb",NA
"D3",2361,2361,"Hypotenuse AI",0,3,"Patarakin",NA
"D176",2361,2361,"Hypotenuse AI",0,176,"Kapterev",NA
"D176",2362,2362,"Spin Rewriter 13",0,176,"Kapterev",NA
"D3",2365,2365,"Поиск виртуальных математических лабораторий",0,3,"Patarakin",NA
"D178",2365,2365,"Поиск виртуальных математических лабораторий",0,178,"Mathdigit",NA
"D3",2367,2367,"Генерировать изображения",0,3,"Patarakin",NA
"D3",2376,2376,"Лотман",0,3,"Patarakin",NA
"D3",2377,2377,"Семиосфера",0,3,"Patarakin",NA
"D3",2379,2379,"Биосфера",0,3,"Patarakin",NA
"D3",2381,2381,"Artbreeder",0,3,"Patarakin",NA
"D3",2382,2382,"Ai dungeon",0,3,"Patarakin",NA
"D3",2385,2385,"Remix",0,3,"Patarakin",NA
"D3",2387,2387,"Создать фантастический мир в Artbreeder",0,3,"Patarakin",NA
"D3",2393,2393,"Игра",0,3,"Patarakin",NA
"D3",2394,2394,"Game",0,3,"Patarakin",NA
"D3",2395,2395,"AI content generation 28062023",0,3,"Patarakin",NA
"D3",2396,2396,"Урбанистика",0,3,"Patarakin",NA
"D150",2396,2396,"Урбанистика",0,150,"Shull",NA
"D3",2397,2397,"Семиосфера: культура и взрыв, внутри мыслящих миров, статьи, исследования, заметки",0,3,"Patarakin",NA
"D3",2400,2400,"Prompt",0,3,"Patarakin",NA
"D3",2401,2401,"Промпт",0,3,"Patarakin",NA
"D3",2402,2402,"Напиши статью о понятии prompt и новой профессии учителя создателя промптов для создания учебных задач",0,3,"Patarakin",NA
"D3",2407,2407,"Картировать научный ландшафт",0,3,"Patarakin",NA
"D3",2409,2409,"Термиты с журналом",0,3,"Patarakin",NA
"D3",2410,2410,"Lobster (fish-dataset)",0,3,"Patarakin",NA
"D3",2411,2411,"Спортивная команда",0,3,"Patarakin",NA
"D3",2413,2413,"Audionotes",0,3,"Patarakin",NA
"D3",2414,2414,"Автономия",0,3,"Patarakin",NA
"D3",2415,2415,"Самодетерминация",0,3,"Patarakin",NA
"D3",2416,2416,"Теория учебных задач: психолого-педагогический аспект",0,3,"Patarakin",NA
"D3",2417,2417,"LangChain",0,3,"Patarakin",NA
"D3",2418,2418,"Переформулируй текст в вопросы к учебнику",0,3,"Patarakin",NA
"D3",2420,2420,"Профессия учителя-создателя промптов",0,3,"Patarakin",NA
"D3",2421,2421,"Интернет вещей",0,3,"Patarakin",NA
"D3",2422,2422,"Грамотность",0,3,"Patarakin",NA
"D3",2423,2423,"Цифровая грамотность",0,3,"Patarakin",NA
"D1377",2423,2423,"Цифровая грамотность",0,1377,"Юлия Бусыгина",NA
"D3",2425,2425,"Lens",0,3,"Patarakin",NA
"D3",2426,2426,"Облачные технологии",0,3,"Patarakin",NA
"D3",2427,2427,"Как использовать облачные данные в Scratch",0,3,"Patarakin",NA
"D3",2428,2428,"AWS",0,3,"Patarakin",NA
"D3",2429,2429,"FaaS",0,3,"Patarakin",NA
"D3",2430,2430,"API",0,3,"Patarakin",NA
"D202",2430,2430,"API",0,202,"PopovaED",NA
"D207",2430,2430,"API",0,207,"Bashkatova Anna",NA
"D208",2430,2430,"API",0,208,"Sophie Nik",NA
"D3",2431,2431,"Gist",0,3,"Patarakin",NA
"D3",2432,2432,"Codeanywhere",0,3,"Patarakin",NA
"D3",2434,2434,"Cloud technologies (syllabus)",0,3,"Patarakin",NA
"D3",2435,2435,"Python IDLE",0,3,"Patarakin",NA
"D3",2437,2437,"HTTP",0,3,"Patarakin",NA
"D202",2437,2437,"HTTP",0,202,"PopovaED",NA
"D208",2437,2437,"HTTP",0,208,"Sophie Nik",NA
"D211",2437,2437,"HTTP",0,211,"Malchevskayapa",NA
"D3",2438,2438,"MQTT",0,3,"Patarakin",NA
"D3",2448,2448,"Как записать скринкаст при помощи OBS",0,3,"Patarakin",NA
"D3",2450,2450,"Проектирование и разработка приложений (syllabus)",0,3,"Patarakin",NA
"D3",2452,2452,"Обработка больших данных (syllabus)",0,3,"Patarakin",NA
"D3",2454,2454,"Mastering Shiny: Build Interactive Apps, Reports, and Dashboards Powered by R",0,3,"Patarakin",NA
"D3",2455,2455,"Shiny",0,3,"Patarakin",NA
"D3",2458,2458,"Shinyappsio",0,3,"Patarakin",NA
"D3",2459,2459,"Wickham",0,3,"Patarakin",NA
"D3",2462,2462,"Mastering Shiny: Build Interactive Apps",0,3,"Patarakin",NA
"D3",2464,2464,"Работа с API социальных сетей и облачных сервисов (syllabus)",0,3,"Patarakin",NA
"D3",2467,2467,"Разработка мобильных приложений (syllabus)",0,3,"Patarakin",NA
"D3",2504,2504,"App Inventor 2 (book)",0,3,"Patarakin",NA
"D3",2505,2505,"AppInventor Basic Components",0,3,"Patarakin",NA
"D3",2507,2507,"Bubble.io",0,3,"Patarakin",NA
"D3",2509,2509,"OctoStudio",0,3,"Patarakin",NA
"D3",2510,2510,"Scratch API",0,3,"Patarakin",NA
"D3",2535,2535,"Development of computational thinking based on collective interaction in MediaWiki and multi-agent approach",0,3,"Patarakin",NA
"D3",2536,2536,"Active Essay",0,3,"Patarakin",NA
"D3",2538,2538,"Как использовать Scratch API",0,3,"Patarakin",NA
"D3",2544,2544,"APIs for social scientists: A collaborative review",0,3,"Patarakin",NA
"D3",2547,2547,"Blocks(2.0)",0,3,"Patarakin",NA
"D3",2552,2552,"Управление",0,3,"Patarakin",NA
"D3",2556,2556,"Создать первую модель в NetLogo Web",0,3,"Patarakin",NA
"D3",2558,2558,"Создать первую модель в StarLogo Nova",0,3,"Patarakin",NA
"D3",2559,2559,"Как узнать в вики время",0,3,"Patarakin",NA
"D3",2562,2562,"Interactive web-based data visualization with R",0,3,"Patarakin",NA
"D3",2563,2563,"Interactive web-based data visualization with R, plotly, and shiny",0,3,"Patarakin",NA
"D3",2564,2564,"Computer Science with Snap! by Examples",0,3,"Patarakin",NA
"D3",2565,2565,"Initiation to Algorithmics with Scratch",0,3,"Patarakin",NA
"D143",2571,2571,"Как заменить символы в строке?",0,143,"Die Toten Engel",NA
"D3",2572,2572,"Как встроить статью в другую статью?",0,3,"Patarakin",NA
"D143",2572,2572,"Как встроить статью в другую статью?",0,143,"Die Toten Engel",NA
"D3",2574,2574,"Объединение языков многоагентного моделирования в учебном процессе на базе MediaWiki (Robbo-2023)",0,3,"Patarakin",NA
"D3",2575,2575,"Как собрать своё первое приложение Shinу",0,3,"Patarakin",NA
"D3",2579,2579,"Как работать со списками в Snap!",0,3,"Patarakin",NA
"D3",2583,2583,"Как создать мир и заселить его разными породами",0,3,"Patarakin",NA
"D3",2584,2584,"CURL",0,3,"Patarakin",NA
"D3",2585,2585,"Curl",0,3,"Patarakin",NA
"D3",2587,2587,"Как использовать визуальные блоки на вики страницах",0,3,"Patarakin",NA
"D3",2594,2594,"Генерация учебных задач при помощи генеративных моделей",0,3,"Patarakin",NA
"D3",2595,2595,"Использование генеративного искусственного интеллекта для формирования вычислительного мышления школьников",0,3,"Patarakin",NA
"D3",2599,2599,"Путь черепахи: эволюция LOGO-подобных языков",0,3,"Patarakin",NA
"D3",2600,2600,"Learn ggplot2 using Shiny App",0,3,"Patarakin",NA
"D3",2601,2601,"LISP",0,3,"Patarakin",NA
"D3",2602,2602,"Как обратиться к API из Snap!",0,3,"Patarakin",NA
"D3",2609,2609,"Как создать первое мобильное приложение в App Inventor",0,3,"Patarakin",NA
"D3",2613,2613,"Working with MediaWiki",0,3,"Patarakin",NA
"D3",2614,2614,"Как добавлять на вики страницу элементы интерфейса",0,3,"Patarakin",NA
"D3",2615,2615,"Как строить графики на вики страницах",0,3,"Patarakin",NA
"D3",2627,2627,"Perceptrons: an introduction to computational geometry",0,3,"Patarakin",NA
"D3",2629,2629,"Генеративный искусственный интеллект- новая Черепашка, помогающая думать",0,3,"Patarakin",NA
"D3",2632,2632,"MATLAB",0,3,"Patarakin",NA
"D195",2632,2632,"MATLAB",0,195,"Vera Safonova",NA
"D3",2637,2637,"Как использовать Web API with App Inventor",0,3,"Patarakin",NA
"D3",2639,2639,"App Inventor/Use Interface",0,3,"Patarakin",NA
"D3",2643,2643,"Как поделиться своим приложением App Inventor",0,3,"Patarakin",NA
"D3",2644,2644,"Как установить своё приложение App Inventor на телефон",0,3,"Patarakin",NA
"D3",2648,2648,"Использование сред агентного моделирования для изучения городской среды",0,3,"Patarakin",NA
"D3",2649,2649,"Студия Collab Challenge (dataset)",0,3,"Patarakin",NA
"D3",2654,2654,"Команда",0,3,"Patarakin",NA
"D3",2657,2657,"Urban Suite - Awareness",0,3,"Patarakin",NA
"D3",2660,2660,"Как собрать данные об отношениях участника в сети Scratch",0,3,"Patarakin",NA
"D3",2670,2670,"Snap/Menu",0,3,"Patarakin",NA
"D3",2672,2672,"DetectiveStudio (dataset)",0,3,"Patarakin",NA
"D217",2674,2674,"MathsandMoths",0,217,"Vitaliy",NA
"D3",2675,2675,"Algebrace",0,3,"Patarakin",NA
"D217",2675,2675,"Algebrace",0,217,"Vitaliy",NA
"D3",2676,2676,"Bucket and Tiles",0,3,"Patarakin",NA
"D217",2676,2676,"Bucket and Tiles",0,217,"Vitaliy",NA
"D3",2677,2677,"Eat the Pi",0,3,"Patarakin",NA
"D217",2677,2677,"Eat the Pi",0,217,"Vitaliy",NA
"D3",2678,2678,"Bina's Adventure",0,3,"Patarakin",NA
"D217",2678,2678,"Bina's Adventure",0,217,"Vitaliy",NA
"D217",2679,2679,"Mathamazing",0,217,"Vitaliy",NA
"D217",2680,2680,"Space Explorer",0,217,"Vitaliy",NA
"D3",2681,2681,"Simple Machine",0,3,"Patarakin",NA
"D217",2681,2681,"Simple Machine",0,217,"Vitaliy",NA
"D217",2682,2682,"Magnet Game",0,217,"Vitaliy",NA
"D217",2683,2683,"Tower Defense",0,217,"Vitaliy",NA
"D3",2684,2684,"Fight The Virus",0,3,"Patarakin",NA
"D217",2684,2684,"Fight The Virus",0,217,"Vitaliy",NA
"D3",2685,2685,"Breaking Out The Bats",0,3,"Patarakin",NA
"D217",2685,2685,"Breaking Out The Bats",0,217,"Vitaliy",NA
"D3",2686,2686,"Fishing and Bait",0,3,"Patarakin",NA
"D217",2686,2686,"Fishing and Bait",0,217,"Vitaliy",NA
"D3",2687,2687,"Green City",0,3,"Patarakin",NA
"D217",2687,2687,"Green City",0,217,"Vitaliy",NA
"D3",2688,2688,"Cell Game",0,3,"Patarakin",NA
"D217",2688,2688,"Cell Game",0,217,"Vitaliy",NA
"D3",2689,2689,"Elemenchery",0,3,"Patarakin",NA
"D217",2689,2689,"Elemenchery",0,217,"Vitaliy",NA
"D3",2690,2690,"Simulation models on the field of computational didactics",0,3,"Patarakin",NA
"D3",2694,2694,"Sprite",0,3,"Patarakin",NA
"D3",2695,2695,"Спрайт",0,3,"Patarakin",NA
"D3",2698,2698,"Объект (программирование)",0,3,"Patarakin",NA
"D3",2699,2699,"Объект",0,3,"Patarakin",NA
"D3",2711,2711,"Установить эмулятор App Inventor на компьютер",0,3,"Patarakin",NA
"D3",2712,2712,"Использовать Notifier для вывода сообщений",0,3,"Patarakin",NA
"D3",2715,2715,"Как использовать холст и шарики (анимация)",0,3,"Patarakin",NA
"D3",2722,2722,"Какие есть функции для списков?",0,3,"Patarakin",NA
"D169",2722,2722,"Какие есть функции для списков?",0,169,"Kamyshnikovaej",NA
"D3",2723,2723,"Mobile Education",0,3,"Patarakin",NA
"D3",2725,2725,"Outstanding User Interfaces with Shiny",0,3,"Patarakin",NA
"D3",2726,2726,"Postman",0,3,"Patarakin",NA
"D3",2727,2727,"MediaWiki API",0,3,"Patarakin",NA
"D1231",2727,2727,"MediaWiki API",0,1231,"Ключникова Дарья",NA
"D3",2728,2728,"CORS",0,3,"Patarakin",NA
"D3",2731,2731,"Как использовать песочницу MediaWiki API",0,3,"Patarakin",NA
"D3",2736,2736,"Песочница MediaWiki API",0,3,"Patarakin",NA
"D217",2745,2745,"Мобильные образовательные приложения",0,217,"Vitaliy",NA
"D217",2746,2746,"Электронные учебники (E-books)",0,217,"Vitaliy",NA
"D217",2747,2747,"Онлайн-курсы",0,217,"Vitaliy",NA
"D217",2748,2748,"Мобильные учебные платформы",0,217,"Vitaliy",NA
"D217",2749,2749,"Образовательные мобильные игры",0,217,"Vitaliy",NA
"D3",2750,2750,"MscGen",0,3,"Patarakin",NA
"D3",2751,2751,"Swift Playgrounds",0,3,"Patarakin",NA
"D217",2751,2751,"Swift Playgrounds",0,217,"Vitaliy",NA
"D3",2752,2752,"Процедурное программирование",0,3,"Patarakin",NA
"D3",2753,2753,"Freddi Fish",0,3,"Patarakin",NA
"D3",2754,2754,"Multiple choice",0,3,"Patarakin",NA
"D3",2755,2755,"Торндайк",0,3,"Patarakin",NA
"D3",2756,2756,"Вопросы множественного выбора",0,3,"Patarakin",NA
"D3",2757,2757,"Открытый вопрос",0,3,"Patarakin",NA
"D3",2758,2758,"Open-Ended Question",0,3,"Patarakin",NA
"D3",2764,2764,"Сценарий урока/PlanUML",0,3,"Patarakin",NA
"D3",2767,2767,"Сценарий урока/Graphviz",0,3,"Patarakin",NA
"D3",2776,2776,"Как рассказать историю рождения и гибели шариков в App Inventor",0,3,"Patarakin",NA
"D3",2778,2778,"Как представить JSON из API в виде диаграммы PlantUML",0,3,"Patarakin",NA
"D3",2784,2784,"Как показать информацию об участнике из Scratch сообщества в App Inventor",0,3,"Patarakin",NA
"D3",2785,2785,"Как использовать рюкзак в App Inventor",0,3,"Patarakin",NA
"D208",2785,2785,"Как использовать рюкзак в App Inventor",0,208,"Sophie Nik",NA
"D3",2786,2786,"Генерация новых агентов в App Inventor",0,3,"Patarakin",NA
"D200",2786,2786,"Генерация новых агентов в App Inventor",0,200,"SafinaMR",NA
"D3",2787,2787,"Как использовать рюкзак для получения навыков в App Inventor",0,3,"Patarakin",NA
"D208",2787,2787,"Как использовать рюкзак для получения навыков в App Inventor",0,208,"Sophie Nik",NA
"D3",2817,2817,"Как представить взаимодействие акторов в Mermaid",0,3,"Patarakin",NA
"D3",2818,2818,"Как представить схему процесса передачи сообщения при помощи PlantUML",0,3,"Patarakin",NA
"D217",2821,2821,"MILLEE",0,217,"Vitaliy",NA
"D3",2823,2823,"Game design",0,3,"Patarakin",NA
"D3",2824,2824,"Гейм дизайн",0,3,"Patarakin",NA
"D217",2825,2825,"OLE Nepal",0,217,"Vitaliy",NA
"D185",2826,2826,"Клонов",0,185,"ElenaGrcaheva",NA
"D185",2827,2827,"О создании клонов",0,185,"ElenaGrcaheva",NA
"D3",2828,2828,"Как создавать клоны в Scratch",0,3,"Patarakin",NA
"D3",2829,2829,"Как использовать клоны в Scratch",0,3,"Patarakin",NA
"D185",2829,2829,"Как использовать клоны в Scratch",0,185,"ElenaGrcaheva",NA
"D3",2830,2830,"Как управлять поведением спрайта в Snap!",0,3,"Patarakin",NA
"D3",2831,2831,"Как копировать поведение агентов в Snap!",0,3,"Patarakin",NA
"D194",2831,2831,"Как копировать поведение агентов в Snap!",0,194,"VolkovAJ",NA
"D3",2832,2832,"Общая диаграмма взаимодействия в сетевых сообществах",0,3,"Patarakin",NA
"D3",2834,2834,"Mobile and Immersive Learning for Literacy in Emerging Economies",0,3,"Patarakin",NA
"D3",2835,2835,"OLE-Nepal",0,3,"Patarakin",NA
"D217",2835,2835,"OLE-Nepal",0,217,"Vitaliy",NA
"D3",2836,2836,"XO-1",0,3,"Patarakin",NA
"D3",2837,2837,"1 ученик:1 компьютер",0,3,"Patarakin",NA
"D3",2840,2840,"Цифровая экология 2008",0,3,"Patarakin",NA
"D3",2841,2841,"Компьютерная Пустынь 2009",0,3,"Patarakin",NA
"D3",2843,2843,"Ремикс",0,3,"Patarakin",NA
"D3",2844,2844,"Backpack",0,3,"Patarakin",NA
"D3",2845,2845,"Рюкзак",0,3,"Patarakin",NA
"D3",2847,2847,"Мобильное обучение",0,3,"Patarakin",NA
"D3",2849,2849,"Microsoft Access",0,3,"Patarakin",NA
"D3",2850,2850,"TinyDB",0,3,"Patarakin",NA
"D217",2852,2852,"EducaMovil: Mobile Educational Games Made Easy",0,217,"Vitaliy",NA
"D217",2857,2857,"Snake",0,217,"Vitaliy",NA
"D3",2859,2859,"Использование клавиш клавиатуры в App Inventor",0,3,"Patarakin",NA
"D221",2859,2859,"Использование клавиш клавиатуры в App Inventor",0,221,"Елизавета Шепелева",NA
"D3",2862,2862,"Как сравнить followers following для участника Scratch",0,3,"Patarakin",NA
"D3",2863,2863,"Как представить вики статью в App Inventor",0,3,"Patarakin",NA
"D3",2864,2864,"Проект ""Учитель на замену""",0,3,"Patarakin",NA
"D220",2864,2864,"Проект ""Учитель на замену""",0,220,"Voznesenskayanv",NA
"D3",2865,2865,"База данных MediaWiki",0,3,"Patarakin",NA
"D3",2866,2866,"Система Управления Базами Данных",0,3,"Patarakin",NA
"D3",2867,2867,"СУБД",0,3,"Patarakin",NA
"D3",2868,2868,"Как управлять поведением агентов на основании их пространственных характеристик",0,3,"Patarakin",NA
"D3",2871,2871,"Как представить вики страницу в Snap!",0,3,"Patarakin",NA
"D3",2874,2874,"Statechart diagram (Диаграмма состояний)",0,3,"Patarakin",NA
"D3",2875,2875,"Диаграмма последовательности",0,3,"Patarakin",NA
"D3",2876,2876,"Actor",0,3,"Patarakin",NA
"D3",2877,2877,"UML Class (диаграмма)",0,3,"Patarakin",NA
"D3",2879,2879,"MediaWiki",0,3,"Patarakin",NA
"D3",2880,2880,"RobotC",0,3,"Patarakin",NA
"D3",2881,2881,"STEM",0,3,"Patarakin",NA
"D3",2886,2886,"Как собрать данные API запроса в Dictionary",0,3,"Patarakin",NA
"D3",2892,2892,"Сетевые образовательные сообщества: анализ больших данных",0,3,"Patarakin",NA
"D3",2893,2893,"Team Science",0,3,"Patarakin",NA
"D3",2900,2900,"REST",0,3,"Patarakin",NA
"D202",2900,2900,"REST",0,202,"PopovaED",NA
"D207",2900,2900,"REST",0,207,"Bashkatova Anna",NA
"D208",2900,2900,"REST",0,208,"Sophie Nik",NA
"D3",2901,2901,"ACRL",0,3,"Patarakin",NA
"D3",2902,2902,"Luau",0,3,"Patarakin",NA
"D3",2903,2903,"Fennel",0,3,"Patarakin",NA
"D3",2905,2905,"ScratchJR",0,3,"Patarakin",NA
"D208",2905,2905,"ScratchJR",0,208,"Sophie Nik",NA
"D3",2908,2908,"Митчелл Резник",0,3,"Patarakin",NA
"D3",2911,2911,"Sims",0,3,"Patarakin",NA
"D3",2912,2912,"SimAnt",0,3,"Patarakin",NA
"D3",2916,2916,"Как использовать Google таблицы",0,3,"Patarakin",NA
"D208",2916,2916,"Как использовать Google таблицы",0,208,"Sophie Nik",NA
"D3",2919,2919,"IoT",0,3,"Patarakin",NA
"D161",2920,2920,"Как сделать сортировку в массиве?",0,161,"KuptsovaID",NA
"D3",2921,2921,"MQTT4Snap!",0,3,"Patarakin",NA
"D3",2928,2928,"Как организовать обмен сообщениями через MQTT4Snap!",0,3,"Patarakin",NA
"D3",2931,2931,"Internet of Things",0,3,"Patarakin",NA
"D3",2932,2932,"Мультимодальность",0,3,"Patarakin",NA
"D3",2933,2933,"Multimodality",0,3,"Patarakin",NA
"D3",2934,2934,"Minecraft",0,3,"Patarakin",NA
"D3",2935,2935,"Miro",0,3,"Patarakin",NA
"D207",2935,2935,"Miro",0,207,"Bashkatova Anna",NA
"D3",2939,2939,"Математика",0,3,"Patarakin",NA
"D412",2939,2939,"Математика",0,412,"VetoshkinaAS",NA
"D3",2945,2945,"KTurtle",0,3,"Patarakin",NA
"D193",2945,2945,"KTurtle",0,193,"Максимова Виктория",NA
"D3",2946,2946,"Kturtle",0,3,"Patarakin",NA
"D3",2947,2947,"Федеральный государственный образовательный стандарт основного общего образования",0,3,"Patarakin",NA
"D3",2948,2948,"ФГОС ООО/Общие положения",0,3,"Patarakin",NA
"D3",2949,2949,"ФГОС ООО/Требования к структуре",0,3,"Patarakin",NA
"D3",2950,2950,"ФГОС ООО/Требования к результатам освоения",0,3,"Patarakin",NA
"D3",2953,2953,"User interface",0,3,"Patarakin",NA
"D3",2954,2954,"Интерфейс пользователя",0,3,"Patarakin",NA
"D3",2955,2955,"Ui",0,3,"Patarakin",NA
"D3",2959,2959,"Как сделать определитель животных",0,3,"Patarakin",NA
"D201",2959,2959,"Как сделать определитель животных",0,201,"Александра",NA
"D3",2962,2962,"Как имитировать поведение покупателей в магазине",0,3,"Patarakin",NA
"D3",2963,2963,"Как собрать новости сообщества Scratch",0,3,"Patarakin",NA
"D3",2965,2965,"Figma",0,3,"Patarakin",NA
"D205",2965,2965,"Figma",0,205,"SokolovaMarina",NA
"D225",2966,2966,"Draw.io",0,225,"Алина Олифир",NA
"D3",2967,2967,"Tableau",0,3,"Patarakin",NA
"D211",2967,2967,"Tableau",0,211,"Malchevskayapa",NA
"D3",2968,2968,"Реализация магистерских программ в гибридном формате",0,3,"Patarakin",NA
"D220",2968,2968,"Реализация магистерских программ в гибридном формате",0,220,"Voznesenskayanv",NA
"D3",2970,2970,"CREATIVE LEARNING IN THE CONTEXT OF ELECTRONIC COMMUNICATION NETWORKS",0,3,"Patarakin",NA
"D3",2971,2971,"Vygotsky as a person to think with about computer science and psychology",0,3,"Patarakin",NA
"D3",2975,2975,"Создание игры ""Угадай число"" в App Inventor",0,3,"Patarakin",NA
"D207",2975,2975,"Создание игры ""Угадай число"" в App Inventor",0,207,"Bashkatova Anna",NA
"D3",2980,2980,"Как создать Викторину в App Inventor",0,3,"Patarakin",NA
"D225",2980,2980,"Как создать Викторину в App Inventor",0,225,"Алина Олифир",NA
"D3",2987,2987,"Кибернетика",0,3,"Patarakin",NA
"D3",2988,2988,"Кибернетика и общество",0,3,"Patarakin",NA
"D3",2989,2989,"Кибернетический манифест",0,3,"Patarakin",NA
"D3",2990,2990,"Сценарий урока/PlantUML2",0,3,"Patarakin",NA
"D3",3004,3004,"Как использовать Google Colab",0,3,"Patarakin",NA
"D207",3004,3004,"Как использовать Google Colab",0,207,"Bashkatova Anna",NA
"D3",3006,3006,"Google Colab",0,3,"Patarakin",NA
"D3",3009,3009,"CODAP API",0,3,"Patarakin",NA
"D203",3012,3012,"Создание игры ""Мяч в Руках"" в App Inventor",0,203,"Диана Кахуджи",NA
"D211",3023,3023,"Как использовать Яндекс.Диск",0,211,"Malchevskayapa",NA
"D225",3024,3024,"Как использовать Dropbox",0,225,"Алина Олифир",NA
"D205",3030,3030,"Как использовать Microsoft OneDrive",0,205,"SokolovaMarina",NA
"D202",3044,3044,"Как создать игру ""Лопни шарик"" в App Inventor",0,202,"PopovaED",NA
"D203",3045,3045,"Как использовать Notion",0,203,"Диана Кахуджи",NA
"D204",3049,3049,"Создание игры ""VladPong Duel"" в App Inventor",0,204,"Vkargin",NA
"D3",3072,3072,"Brainscape",0,3,"Patarakin",NA
"D204",3072,3072,"Brainscape",0,204,"Vkargin",NA
"D3",3076,3076,"Kahoot!",0,3,"Patarakin",NA
"D203",3076,3076,"Kahoot!",0,203,"Диана Кахуджи",NA
"D215",3079,3079,"Как работать с Google Colab",0,215,"Овсепян Милена",NA
"D3",3081,3081,"Adobe Spark",0,3,"Patarakin",NA
"D202",3081,3081,"Adobe Spark",0,202,"PopovaED",NA
"D3",3082,3082,"Как использовать Kaggle для поиска датасетов",0,3,"Patarakin",NA
"D202",3082,3082,"Как использовать Kaggle для поиска датасетов",0,202,"PopovaED",NA
"D225",3084,3084,"Dropbox",0,225,"Алина Олифир",NA
"D3",3088,3088,"Как управлять поведением агентов в App Inventor",0,3,"Patarakin",NA
"D3",3097,3097,"Генеративный ИИ естественно-научного контента",0,3,"Patarakin",NA
"D3",3113,3113,"Культура",0,3,"Patarakin",NA
"D3",3114,3114,"Мем",0,3,"Patarakin",NA
"D3",3115,3115,"Литература",0,3,"Patarakin",NA
"D3",3117,3117,"Учебная аналитика",0,3,"Patarakin",NA
"D3",3118,3118,"Learning Analytics",0,3,"Patarakin",NA
"D3",3119,3119,"Аналитика мультимодальная",0,3,"Patarakin",NA
"D3",3120,3120,"Multimodal learning analytics",0,3,"Patarakin",NA
"D3",3121,3121,"MMLA",0,3,"Patarakin",NA
"D3",3122,3122,"Chronoviz",0,3,"Patarakin",NA
"D3",3128,3128,"Уравнение Колмогорова",0,3,"Patarakin",NA
"D3",3129,3129,"Латур",0,3,"Patarakin",NA
"D3",3132,3132,"Футбольное поле с множеством мячиков",0,3,"Patarakin",NA
"D3",3133,3133,"Патаракин",0,3,"Patarakin",NA
"D3",3138,3138,"Цепь Маркова",0,3,"Patarakin",NA
"D3",3139,3139,"Тишина как общинное достояние",0,3,"Patarakin",NA
"D3",3140,3140,"Иллич",0,3,"Patarakin",NA
"D3",3141,3141,"Thinking Like a Tree",0,3,"Patarakin",NA
"D3",3142,3142,"Data in Education Seminar/28 02 2024",0,3,"Patarakin",NA
"D3",3143,3143,"Образовательная робототехника",0,3,"Patarakin",NA
"D3",3144,3144,"Построение сетевых сообществ/Видео",0,3,"Patarakin",NA
"D3",3145,3145,"Вычислительная биология",0,3,"Patarakin",NA
"D3",3146,3146,"Пуанкаре",0,3,"Patarakin",NA
"D3",3147,3147,"Разработка мобильных приложений (syllabus)/Video",0,3,"Patarakin",NA
"D3",3148,3148,"Программирование (математики и физики)",0,3,"Patarakin",NA
"D3",3162,3162,"Физика",0,3,"Patarakin",NA
"D250",3180,3180,"Как создать расписание",0,250,"Sachkova Galina",NA
"D248",3181,3181,"Как создать мобильную игру?",0,248,"Игорь Буц",NA
"D3",3182,3182,"MIT App Inventor",0,3,"Patarakin",NA
"D248",3183,3183,"Как создать игру?",0,248,"Игорь Буц",NA
"D258",3185,3185,"Как создать сервис для совместного шопинга",0,258,"Sergeewa Anastasiia",NA
"D3",3187,3187,"Basketball analytics",0,3,"Patarakin",NA
"D3",3188,3188,"Дифференциальное уравнение",0,3,"Patarakin",NA
"D3",3189,3189,"Дифференциальное уравнение в частных производных",0,3,"Patarakin",NA
"D3",3190,3190,"Partial Differential Equations",0,3,"Patarakin",NA
"D3",3191,3191,"PDE",0,3,"Patarakin",NA
"D3",3192,3192,"ABM",0,3,"Patarakin",NA
"D3",3193,3193,"Клеточный автомат",0,3,"Patarakin",NA
"D3",3194,3194,"Игра «Жизнь»",0,3,"Patarakin",NA
"D3",3195,3195,"Цифровая физика",0,3,"Patarakin",NA
"D3",3196,3196,"Диффузия",0,3,"Patarakin",NA
"D3",3197,3197,"Solid Diffusion (model)",0,3,"Patarakin",NA
"D3",3202,3202,"Snap!/Projects",0,3,"Patarakin",NA
"D3",3203,3203,"Как скопировать данные в буфер обмена в Snap!",0,3,"Patarakin",NA
"D3",3205,3205,"Степень посредничества",0,3,"Patarakin",NA
"D3",3206,3206,"Slime (агрегация слизевиков)",0,3,"Patarakin",NA
"D3",3209,3209,"Preferential Attachment",0,3,"Patarakin",NA
"D3",3212,3212,"Repast",0,3,"Patarakin",NA
"D3",3213,3213,"Проксемика",0,3,"Patarakin",NA
"D3",3214,3214,"Мультимодальная аналитика",0,3,"Patarakin",NA
"D3",3215,3215,"Проксемика класса",0,3,"Patarakin",NA
"D3",3216,3216,"Линейная регрессия",0,3,"Patarakin",NA
"D3",3217,3217,"Самоконтроль цифровой",0,3,"Patarakin",NA
"D3",3219,3219,"Google Sheets",0,3,"Patarakin",NA
"D1267",3219,3219,"Google Sheets",0,1267,"Вольдемар",NA
"D3",3220,3220,"Регулярные выражения",0,3,"Patarakin",NA
"D3",3221,3221,"Как подготовить данные для библиометрического исследования",0,3,"Patarakin",NA
"D3",3224,3224,"Connectedpapers",0,3,"Patarakin",NA
"D3",3226,3226,"Загрузить данные из внешнего CSV файла в App Inventor",0,3,"Patarakin",NA
"D3",3231,3231,"Как управлять численностью агентов Starlogo",0,3,"Patarakin",NA
"D239",3232,3232,"Как не задавить человека танком",0,239,"Казанский Иван",NA
"D3",3233,3233,"Coffee (dataset)",0,3,"Patarakin",NA
"D250",3234,3234,"Трекер отслеживания задач",0,250,"Sachkova Galina",NA
"D263",3236,3236,"Josephine AL Living Tips",0,263,"HowTogetmorequalitybacklinks",NA
"D3",3238,3238,"Цифровые инструменты учителей",0,3,"Patarakin",NA
"D234",3238,3238,"Цифровые инструменты учителей",0,234,"MariaMyshkina",NA
"D3",3240,3240,"Virus on a Network",0,3,"Patarakin",NA
"D234",3240,3240,"Virus on a Network",0,234,"MariaMyshkina",NA
"D3",3242,3242,"Dashboard",0,3,"Patarakin",NA
"D3",3243,3243,"Дашборд",0,3,"Patarakin",NA
"D3",3244,3244,"Электронная таблица",0,3,"Patarakin",NA
"D3",3245,3245,"Excel",0,3,"Patarakin",NA
"D3",3246,3246,"Arduino (язык)",0,3,"Patarakin",NA
"D3",3247,3247,"Snap4arduino",0,3,"Patarakin",NA
"D3",3248,3248,"Snap4Arduino",0,3,"Patarakin",NA
"D3",3250,3250,"Scala",0,3,"Patarakin",NA
"D3",3251,3251,"Исследовательский анализ данных",0,3,"Patarakin",NA
"D3",3252,3252,"EDA",0,3,"Patarakin",NA
"D3",3260,3260,"Kepler",0,3,"Patarakin",NA
"D3",3263,3263,"Как записать данные из App Inventor в Google Sheets",0,3,"Patarakin",NA
"D3",3266,3266,"Google Forms",0,3,"Patarakin",NA
"D3",3274,3274,"Как собрать все корпуса МГПУ на карте",0,3,"Patarakin",NA
"D253",3277,3277,"Планирование бюджета для мероприятия",0,253,"Валерия Морозова",NA
"D3",3278,3278,"Resident Evil",0,3,"Patarakin",NA
"D3",3279,3279,"OpenGMS",0,3,"Patarakin",NA
"D3",3280,3280,"Репозиторий OpenGMS",0,3,"Patarakin",NA
"D3",3283,3283,"Систематический обзор",0,3,"Patarakin",NA
"D3",3284,3284,"Mc tutor bot",0,3,"Patarakin",NA
"D3",3286,3286,"OpenMole",0,3,"Patarakin",NA
"D3",3287,3287,"Образовательная технология",0,3,"Patarakin",NA
"D7",3287,3287,"Образовательная технология",0,7,"Yarmakhov",NA
"D24",3287,3287,"Образовательная технология",0,24,"Dreytsers",NA
"D264",3287,3287,"Образовательная технология",0,264,"EVSmolin777",NA
"D265",3287,3287,"Образовательная технология",0,265,"Alexbard2000",NA
"D266",3287,3287,"Образовательная технология",0,266,"Анастасия",NA
"D267",3287,3287,"Образовательная технология",0,267,"Ловчаков Максим Геннадьевич",NA
"D268",3287,3287,"Образовательная технология",0,268,"Zaharova am",NA
"D269",3287,3287,"Образовательная технология",0,269,"NavelskayaMA169",NA
"D270",3287,3287,"Образовательная технология",0,270,"Елена Верясова",NA
"D271",3287,3287,"Образовательная технология",0,271,"EzkinaAA",NA
"D273",3287,3287,"Образовательная технология",0,273,"PaninaVA",NA
"D278",3287,3287,"Образовательная технология",0,278,"Алексей Верясов",NA
"D279",3287,3287,"Образовательная технология",0,279,"Копейкина Екатерина",NA
"D280",3287,3287,"Образовательная технология",0,280,"Пётр Хоменко",NA
"D281",3287,3287,"Образовательная технология",0,281,"Белкин Е.",NA
"D306",3287,3287,"Образовательная технология",0,306,"Батакова Евгения Леонидовна",NA
"D315",3287,3287,"Образовательная технология",0,315,"KucheryavyyIS",NA
"D317",3287,3287,"Образовательная технология",0,317,"SvetLana",NA
"D319",3287,3287,"Образовательная технология",0,319,"Вадим Накул",NA
"D269",3312,3312,"Развитие критического мышления",0,269,"NavelskayaMA169",NA
"D270",3313,3313,"Проблемное обучение",0,270,"Елена Верясова",NA
"D3",3314,3314,"Игровые технологии",0,3,"Patarakin",NA
"D265",3314,3314,"Игровые технологии",0,265,"Alexbard2000",NA
"D264",3315,3315,"Гуманно-личностный подход к ребенку",0,264,"EVSmolin777",NA
"D3",3316,3316,"Проектное обучение",0,3,"Patarakin",NA
"D274",3316,3316,"Проектное обучение",0,274,"Ireene19",NA
"D271",3317,3317,"Технология уровневой дифференциации",0,271,"EzkinaAA",NA
"D264",3318,3318,"Обучение в деятельности",0,264,"EVSmolin777",NA
"D267",3319,3319,"Технологии физического воспитания, сбережения и укрепления здоровья",0,267,"Ловчаков Максим Геннадьевич",NA
"D279",3323,3323,"Технология дифференцированного обучения по интересам детей",0,279,"Копейкина Екатерина",NA
"D3",3324,3324,"Педагогика",0,3,"Patarakin",NA
"D279",3324,3324,"Педагогика",0,279,"Копейкина Екатерина",NA
"D270",3325,3325,"Технология проведения дискуссий",0,270,"Елена Верясова",NA
"D3",3326,3326,"MARS",0,3,"Patarakin",NA
"D7",3327,3327,"Интерактивные технологии",0,7,"Yarmakhov",NA
"D266",3327,3327,"Интерактивные технологии",0,266,"Анастасия",NA
"D268",3327,3327,"Интерактивные технологии",0,268,"Zaharova am",NA
"D3",3328,3328,"Педагогика сотрудничества",0,3,"Patarakin",NA
"D266",3328,3328,"Педагогика сотрудничества",0,266,"Анастасия",NA
"D3",3329,3329,"OpenRefine",0,3,"Patarakin",NA
"D278",3330,3330,"Гуманно-личностная технология Ш.А. Амонашвили",0,278,"Алексей Верясов",NA
"D266",3331,3331,"Технология «Развитие критического мышления через чтение и письмо» (РКМЧП)",0,266,"Анастасия",NA
"D278",3332,3332,"Технология витагенного образования",0,278,"Алексей Верясов",NA
"D3",3333,3333,"How to make a TimeLine",0,3,"Patarakin",NA
"D7",3334,3334,"Технология коммуникативного обучения иноязычной культуре",0,7,"Yarmakhov",NA
"D281",3334,3334,"Технология коммуникативного обучения иноязычной культуре",0,281,"Белкин Е.",NA
"D3",3338,3338,"Создать процедуру с входными параметрами",0,3,"Patarakin",NA
"D3",3340,3340,"Технологии интеграции в образовании",0,3,"Patarakin",NA
"D273",3340,3340,"Технологии интеграции в образовании",0,273,"PaninaVA",NA
"D3",3343,3343,"Передать значения другому экрану App Inventor",0,3,"Patarakin",NA
"D3",3345,3345,"Как построить диаграмму в App Inventor",0,3,"Patarakin",NA
"D3",3346,3346,"AI content generation 27032024",0,3,"Patarakin",NA
"D3",3347,3347,"История",0,3,"Patarakin",NA
"D3",3348,3348,"История науки",0,3,"Patarakin",NA
"D3",3349,3349,"История математики",0,3,"Patarakin",NA
"D3",3350,3350,"Гибридное обучение",0,3,"Patarakin",NA
"D7",3350,3350,"Гибридное обучение",0,7,"Yarmakhov",NA
"D1587",3350,3350,"Гибридное обучение",0,1587,"Scherbatov Maxim",NA
"D3",3351,3351,"Адаптация",0,3,"Patarakin",NA
"D281",3352,3352,"Развивающее обучение",0,281,"Белкин Е.",NA
"D7",3354,3354,"Технология раннего и интенсивного обучения грамоте (Н.А. Зайцев)",0,7,"Yarmakhov",NA
"D267",3354,3354,"Технология раннего и интенсивного обучения грамоте (Н.А. Зайцев)",0,267,"Ловчаков Максим Геннадьевич",NA
"D3",3359,3359,"Тамагочи Ронни",0,3,"Patarakin",NA
"D252",3359,3359,"Тамагочи Ронни",0,252,"Makarova Katya",NA
"D3",3362,3362,"Сообщество",0,3,"Patarakin",NA
"D3",3363,3363,"Деятельное сообщество",0,3,"Patarakin",NA
"D3",3364,3364,"Как дополнить датасет из MediaWiki API в мобильном приложении",0,3,"Patarakin",NA
"D3",3368,3368,"Формирование представлений о географии",0,3,"Patarakin",NA
"D3",3369,3369,"Формирование первичных компетенций использования территориального подхода как основы географического мышления",0,3,"Patarakin",NA
"D3",3370,3370,"Формирование представлений и основополагающих теоретических знаний о целостности и неоднородности Земли как планеты людей",0,3,"Patarakin",NA
"D3",3371,3371,"Овладение элементарными практическими умениями использования приборов для определения характеристик компонентов географической среды",0,3,"Patarakin",NA
"D3",3372,3372,"Овладение основами картографической грамотности и использования географической карты как одного из языков международного общения",0,3,"Patarakin",NA
"D3",3373,3373,"Овладение основными навыками нахождения, использования и презентации географической информации",0,3,"Patarakin",NA
"D3",3374,3374,"Формирование умений и навыков использования разнообразных географических знаний в повседневной жизни",0,3,"Patarakin",NA
"D3",3375,3375,"Формирование представлений об особенностях деятельности людей на различных территориях",0,3,"Patarakin",NA
"D7",3377,3377,"Школа-парк (М.А. Балабан)",0,7,"Yarmakhov",NA
"D24",3377,3377,"Школа-парк (М.А. Балабан)",0,24,"Dreytsers",NA
"D7",3378,3378,"Технология свободного труда (С. Френе)",0,7,"Yarmakhov",NA
"D24",3378,3378,"Технология свободного труда (С. Френе)",0,24,"Dreytsers",NA
"D7",3379,3379,"Технология Дальтон-план (Е. Паркхерст)",0,7,"Yarmakhov",NA
"D24",3379,3379,"Технология Дальтон-план (Е. Паркхерст)",0,24,"Dreytsers",NA
"D7",3380,3380,"Технология саморазвития (М. Монтессори)",0,7,"Yarmakhov",NA
"D24",3380,3380,"Технология саморазвития (М. Монтессори)",0,24,"Dreytsers",NA
"D7",3381,3381,"Вальдорфская педагогика (Р. Штейнер)",0,7,"Yarmakhov",NA
"D24",3381,3381,"Вальдорфская педагогика (Р. Штейнер)",0,24,"Dreytsers",NA
"D3",3389,3389,"Как создать и добавить свойство в SMW вики",0,3,"Patarakin",NA
"D3",3390,3390,"ТРИЗ-педагогика",0,3,"Patarakin",NA
"D265",3390,3390,"ТРИЗ-педагогика",0,265,"Alexbard2000",NA
"D3",3391,3391,"Дизайн, анализ и моделирование сетевых сообществ",0,3,"Patarakin",NA
"D3",3392,3392,"Joyteka",0,3,"Patarakin",NA
"D282",3392,3392,"Joyteka",0,282,"Levinpamgpu",NA
"D282",3393,3393,"Якласс",0,282,"Levinpamgpu",NA
"D7",3395,3395,"Технология интенсификации обучения на основе схемных и знаковых моделей учебного материала (В.Ф.Шаталов)",0,7,"Yarmakhov",NA
"D268",3395,3395,"Технология интенсификации обучения на основе схемных и знаковых моделей учебного материала (В.Ф.Шаталов)",0,268,"Zaharova am",NA
"D7",3397,3397,"Селевко Г. К. Энциклопедия образовательных технологий",0,7,"Yarmakhov",NA
"D271",3398,3398,"Перевернутый класс (Flipped classroom)",0,271,"EzkinaAA",NA
"D7",3399,3399,"Кларин М. В. Инновационные модели обучения",0,7,"Yarmakhov",NA
"D285",3403,3403,"Создание счётчика калорий с последующим построением чартов",0,285,"KravtsovaAE",NA
"D285",3404,3404,"Создание счётчика калорий",0,285,"KravtsovaAE",NA
"D3",3405,3405,"Диаграмма класса Studio Scratch",0,3,"Patarakin",NA
"D3",3407,3407,"Хакатон МГПУ 2024",0,3,"Patarakin",NA
"D250",3407,3407,"Хакатон МГПУ 2024",0,250,"Sachkova Galina",NA
"D3",3409,3409,"Проект «Мастерская знаний» Института ИИ МГУ",0,3,"Patarakin",NA
"D3",3410,3410,"Как представить схему активности пешехода",0,3,"Patarakin",NA
"D3",3411,3411,"График функции",0,3,"Patarakin",NA
"D3",3413,3413,"SAP Build Apps",0,3,"Patarakin",NA
"D3",3416,3416,"Накапливать энергию",0,3,"Patarakin",NA
"D3",3417,3417,"Воспроизводимость",0,3,"Patarakin",NA
"D3",3418,3418,"Teammate",0,3,"Patarakin",NA
"D3",3419,3419,"Товарищ по команде",0,3,"Patarakin",NA
"D3",3420,3420,"Human-AI teams",0,3,"Patarakin",NA
"D3",3421,3421,"QGIS",0,3,"Patarakin",NA
"D3",3422,3422,"GAML",0,3,"Patarakin",NA
"D3",3423,3423,"Система деятельности (диаграмма)",0,3,"Patarakin",NA
"D3",3424,3424,"Картография",0,3,"Patarakin",NA
"D3",3425,3425,"Географическая карта",0,3,"Patarakin",NA
"D3",3426,3426,"Карта",0,3,"Patarakin",NA
"D3",3427,3427,"Диаграмма связей",0,3,"Patarakin",NA
"D3",3428,3428,"FreeMind",0,3,"Patarakin",NA
"D3",3429,3429,"Hugging Face",0,3,"Patarakin",NA
"D3",3431,3431,"Modeling Social Behavior: Mathematical and Agent-Based Models of Social Dynamics and Cultural Evolution",0,3,"Patarakin",NA
"D3",3432,3432,"Центральная предельная теорема",0,3,"Patarakin",NA
"D3",3433,3433,"Individual-Based Models of Cultural Evolution: A Step-by-Step Guide Using R",0,3,"Patarakin",NA
"D3",3434,3434,"Модель Лотки — Вольтерры",0,3,"Patarakin",NA
"D3",3435,3435,"Среды блочного программирования для вычислительной географии",0,3,"Patarakin",NA
"D274",3436,3436,"Дуальное образование",0,274,"Ireene19",NA
"D3",3438,3438,"Диаграмма деятельности",0,3,"Patarakin",NA
"D3",3439,3439,"Теория деятельности",0,3,"Patarakin",NA
"D3",3441,3441,"Моделировать реальные ситуации на языке алгебры",0,3,"Patarakin",NA
"D3",3442,3442,"Владение простейшими способами представления и анализа статистических данных",0,3,"Patarakin",NA
"D3",3443,3443,"Владение методами моделирования",0,3,"Patarakin",NA
"D3",3445,3445,"ISTE",0,3,"Patarakin",NA
"D3",3446,3446,"The ABCs of How We Learn",0,3,"Patarakin",NA
"D3",3453,3453,"Traffic jams",0,3,"Patarakin",NA
"D511",3453,3453,"Traffic jams",0,511,"Самира Мохаммад",NA
"D3",3456,3456,"Air Pollution - Buses and Cars",0,3,"Patarakin",NA
"D1287",3456,3456,"Air Pollution - Buses and Cars",0,1287,"KhlopkovVE518",NA
"D3",3459,3459,"GIS",0,3,"Patarakin",NA
"D3",3460,3460,"Объекты и пространства",0,3,"Patarakin",NA
"D3",3461,3461,"Сценарий учебной деятельности",0,3,"Patarakin",NA
"D3",3462,3462,"Геоинформатика",0,3,"Patarakin",NA
"D3",3466,3466,"Насосы и испарение",0,3,"Patarakin",NA
"D3",3468,3468,"How to graph with StarLogo Nova",0,3,"Patarakin",NA
"D279",3471,3471,"Технология дифференцированного обучения по интересам детей (И.Н.Закатова)",0,279,"Копейкина Екатерина",NA
"D279",3473,3473,"Модель «Технология воспитания экологической культуры»",0,279,"Копейкина Екатерина",NA
"D3",3474,3474,"RNetLogo",0,3,"Patarakin",NA
"D268",3475,3475,"Технологии индивидуализации обучения (И.Унт)",0,268,"Zaharova am",NA
"D3",3478,3478,"DREAM",0,3,"Patarakin",NA
"D3",3480,3480,"Задать цвет части поля",0,3,"Patarakin",NA
"D3",3482,3482,"Определить и использовать цвет точки под собой",0,3,"Patarakin",NA
"D3",3483,3483,"Смертность",0,3,"Patarakin",NA
"D3",3484,3484,"NetLogo/Files",0,3,"Patarakin",NA
"D3",3485,3485,"Экспонента",0,3,"Patarakin",NA
"D3",3487,3487,"Убегать от противника",0,3,"Patarakin",NA
"D3",3489,3489,"Вернуться к предыдущей версии текста",0,3,"Patarakin",NA
"D251",3493,3493,"ЭКО-приложение с советами по переработке",0,251,"VereinaMS",NA
"D3",3494,3494,"Размножение",0,3,"Patarakin",NA
"D3",3495,3495,"Поиск",0,3,"Patarakin",NA
"D257",3499,3499,"Карта кафе и ресторанов Москвы",0,257,"Makarova Viktoria",NA
"D3",3503,3503,"Как задать свойства миру StarLogo Nova",0,3,"Patarakin",NA
"D3",3504,3504,"Социотехническая система",0,3,"Patarakin",NA
"D245",3506,3506,"Моя молчаливая лиса",0,245,"ShvedovaSS",NA
"D258",3512,3512,"Приложение для планирования посещения мест",0,258,"Sergeewa Anastasiia",NA
"D255",3516,3516,"AI CHAT",0,255,"Vanyarina Julia",NA
"D247",3529,3529,"Приложение ""Книга рецептов""",0,247,"BelikMary",NA
"D3",3531,3531,"Расчёт зарплаты",0,3,"Patarakin",NA
"D289",3531,3531,"Расчёт зарплаты",0,289,"EgorovAS",NA
"D3",3548,3548,"Лес с зайцами и волками",0,3,"Patarakin",NA
"D238",3548,3548,"Лес с зайцами и волками",0,238,"Максим Скляднев",NA
"D241",3548,3548,"Лес с зайцами и волками",0,241,"Зинаида",NA
"D249",3550,3550,"Английский для школьников",0,249,"Виктория Капранова",NA
"D3",3568,3568,"The princess is collecting coins and planting flowers near her castle.",0,3,"Patarakin",NA
"D236",3568,3568,"The princess is collecting coins and planting flowers near her castle.",0,236,"Alina Ermakova",NA
"D241",3569,3569,"The ball gathers the stars",0,241,"Зинаида",NA
"D3",3570,3570,"Выбор ваканский по городам",0,3,"Patarakin",NA
"D3",3586,3586,"SQL",0,3,"Patarakin",NA
"D7",3594,3594,"Технология совершенствования общеучебных умений в начальной школе (В.Н. Зайцев)",0,7,"Yarmakhov",NA
"D306",3596,3596,"Модель временнóго погружения М.П. Щетинина",0,306,"Батакова Евгения Леонидовна",NA
"D3",3597,3597,"Электричество",0,3,"Patarakin",NA
"D3",3598,3598,"Электрон",0,3,"Patarakin",NA
"D3",3599,3599,"Коэффициент кластеризации",0,3,"Patarakin",NA
"D3",3600,3600,"Стая",0,3,"Patarakin",NA
"D3",3602,3602,"Insightmaker",0,3,"Patarakin",NA
"D241",3603,3603,"Dog chases cat and cat chases mouse",0,241,"Зинаида",NA
"D3",3604,3604,"This is my fish!",0,3,"Patarakin",NA
"D235",3604,3604,"This is my fish!",0,235,"Екатерина",NA
"D3",3605,3605,"Labyrinth",0,3,"Patarakin",NA
"D235",3605,3605,"Labyrinth",0,235,"Екатерина",NA
"D3",3606,3606,"Hungry raccoon",0,3,"Patarakin",NA
"D262",3606,3606,"Hungry raccoon",0,262,"Рязанцева Александра",NA
"D262",3608,3608,"The cowboy cat",0,262,"Рязанцева Александра",NA
"D3",3609,3609,"Clock",0,3,"Patarakin",NA
"D262",3609,3609,"Clock",0,262,"Рязанцева Александра",NA
"D3",3610,3610,"Поезд и рыбы",0,3,"Patarakin",NA
"D239",3610,3610,"Поезд и рыбы",0,239,"Казанский Иван",NA
"D271",3626,3626,"Авторская технология преподавания математики В.Л. Ильина",0,271,"EzkinaAA",NA
"D3",3627,3627,"Охота морских коньков",0,3,"Patarakin",NA
"D243",3627,3627,"Охота морских коньков",0,243,"Сакович Полина",NA
"D243",3628,3628,"Охота рыб",0,243,"Сакович Полина",NA
"D3",3629,3629,"Статистика",0,3,"Patarakin",NA
"D3",3630,3630,"Jamovi",0,3,"Patarakin",NA
"D3",3631,3631,"Математическая статистика",0,3,"Patarakin",NA
"D3",3632,3632,"LMS",0,3,"Patarakin",NA
"D3",3633,3633,"Нормальное распределение",0,3,"Patarakin",NA
"D3",3634,3634,"Классификация, регрессия и другие алгоритмы Data Mining с использованием R",0,3,"Patarakin",NA
"D3",3636,3636,"ODD protocol",0,3,"Patarakin",NA
"D3",3637,3637,"Энгестрём",0,3,"Patarakin",NA
"D3",3638,3638,"Треугольник Энгестрёма",0,3,"Patarakin",NA
"D3",3639,3639,"Имитационное моделирование",0,3,"Patarakin",NA
"D3",3642,3642,"Коэффициент Джини",0,3,"Patarakin",NA
"D3",3643,3643,"Кривая Лоренца",0,3,"Patarakin",NA
"D3",3645,3645,"Great white shark",0,3,"Patarakin",NA
"D307",3645,3645,"Great white shark",0,307,"Степанов Максим",NA
"D3",3647,3647,"Данные образовательные",0,3,"Patarakin",NA
"D3",3649,3649,"Trello",0,3,"Patarakin",NA
"D3",3650,3650,"Giraffe collecting coins",0,3,"Patarakin",NA
"D240",3650,3650,"Giraffe collecting coins",0,240,"Полина",NA
"D3",3653,3653,"Bears",0,3,"Patarakin",NA
"D244",3653,3653,"Bears",0,244,"Мария",NA
"D3",3654,3654,"Как собрать информацию о группе СЦТО-231м",0,3,"Patarakin",NA
"D290",3656,3656,"Что делают в МЭШ учителя иностранного языка",0,290,"Козлова Марина",NA
"D292",3656,3656,"Что делают в МЭШ учителя иностранного языка",0,292,"Ирина К",NA
"D304",3656,3656,"Что делают в МЭШ учителя иностранного языка",0,304,"Mary 926",NA
"D281",3657,3657,"Концепция холистической педагогики",0,281,"Белкин Е.",NA
"D274",3658,3658,"Модель «Интегрирование (объединение) учебных дисциплин»",0,274,"Ireene19",NA
"D266",3659,3659,"Технология обучения математике на основе решения задач (Р.Г. Хазанкин)",0,266,"Анастасия",NA
"D267",3660,3660,"«Система Шаталова»",0,267,"Ловчаков Максим Геннадьевич",NA
"D306",3661,3661,"Технология мастерских",0,306,"Батакова Евгения Леонидовна",NA
"D265",3662,3662,"Педагогика свободы Л.Н. Толстого",0,265,"Alexbard2000",NA
"D306",3663,3663,"Технология эвристического образования (А.В. Хуторской)",0,306,"Батакова Евгения Леонидовна",NA
"D3",3664,3664,"Smaldino",0,3,"Patarakin",NA
"D3",3665,3665,"CommBuild",0,3,"Patarakin",NA
"D310",3667,3667,"Мотивация – как фактор управления профессиональным развитием педагогических работников общеобразовательной организации",0,310,"Наталья26",NA
"D3",3673,3673,"Собирание учеников в классы",0,3,"Patarakin",NA
"D293",3675,3675,"Качество образования",0,293,"Юлия",NA
"D3",3676,3676,"Что делают в МЭШ учителя литературы",0,3,"Patarakin",NA
"D313",3676,3676,"Что делают в МЭШ учителя литературы",0,313,"Egorovsn051",NA
"D3",3677,3677,"Что делают в МЭШ учителя математики",0,3,"Patarakin",NA
"D303",3677,3677,"Что делают в МЭШ учителя математики",0,303,"Салихов Марсель",NA
"D3",3680,3680,"Стивен Кови",0,3,"Patarakin",NA
"D313",3680,3680,"Стивен Кови",0,313,"Egorovsn051",NA
"D3",3683,3683,"Что делают в МЭШ учителя английского языка",0,3,"Patarakin",NA
"D3",3685,3685,"Инструменты мотивации профессионального развития педагогических кадров",0,3,"Patarakin",NA
"D310",3685,3685,"Инструменты мотивации профессионального развития педагогических кадров",0,310,"Наталья26",NA
"D3",3688,3688,"Epistemix",0,3,"Patarakin",NA
"D3",3689,3689,"Sorting Things Out",0,3,"Patarakin",NA
"D3",3690,3690,"Сложная адаптивная система",0,3,"Patarakin",NA
"D3",3692,3692,"Complex network analysis",0,3,"Patarakin",NA
"D3",3693,3693,"Network Workbench",0,3,"Patarakin",NA
"D3",3694,3694,"Сторителлинг",0,3,"Patarakin",NA
"D3",3695,3695,"Story telling",0,3,"Patarakin",NA
"D3",3696,3696,"ODD",0,3,"Patarakin",NA
"D3",3697,3697,"VOMAS",0,3,"Patarakin",NA
"D3",3698,3698,"Валидность",0,3,"Patarakin",NA
"D3",3699,3699,"Валидация",0,3,"Patarakin",NA
"D315",3704,3704,"Система поэтапного обучения физике (Н.Н. Палтышев)",0,315,"KucheryavyyIS",NA
"D315",3705,3705,"Модель межпредметных связей",0,315,"KucheryavyyIS",NA
"D279",3706,3706,"Концепция гражданского образования",0,279,"Копейкина Екатерина",NA
"D278",3707,3707,"Технология витагенного образования (А.С.Белкин)",0,278,"Алексей Верясов",NA
"D278",3708,3708,"Технологии групповой деятельности",0,278,"Алексей Верясов",NA
"D315",3709,3709,"Модели интеграции содержания в учебных дисциплинах",0,315,"KucheryavyyIS",NA
"D3",3710,3710,"Мета-анализ",0,3,"Patarakin",NA
"D270",3711,3711,"«Экология и диалектика» (Л.В. Тарасов)",0,270,"Елена Верясова",NA
"D278",3711,3711,"«Экология и диалектика» (Л.В. Тарасов)",0,278,"Алексей Верясов",NA
"D317",3712,3712,"Технология «Дебаты»",0,317,"SvetLana",NA
"D317",3713,3713,"Тренинговые технологии",0,317,"SvetLana",NA
"D317",3714,3714,"Коллективный способ обучения КСО (А.Г.Ривин)",0,317,"SvetLana",NA
"D275",3715,3715,"Технология обучения детей с признаками одаренности",0,275,"Радкевич Павел",NA
"D280",3718,3718,"Технология музыкального воспитания школьников Д.Б. Кабалевского",0,280,"Пётр Хоменко",NA
"D280",3719,3719,"Модель формирования понятий Дж.Брунера",0,280,"Пётр Хоменко",NA
"D3",3720,3720,"Модель обучения через опыт (Дж.Колб)",0,3,"Patarakin",NA
"D280",3720,3720,"Модель обучения через опыт (Дж.Колб)",0,280,"Пётр Хоменко",NA
"D3",3721,3721,"Wall",0,3,"Patarakin",NA
"D3",3722,3722,"Уолл",0,3,"Patarakin",NA
"D3",3723,3723,"Diligence, Patience, and Humility",0,3,"Patarakin",NA
"D3",3724,3724,"Психологические вопросы сознательности учения",0,3,"Patarakin",NA
"D3",3733,3733,"On memory",0,3,"Patarakin",NA
"D3",3734,3734,"Minecraft: Education Edition",0,3,"Patarakin",NA
"D325",3739,3739,"Официальный сайт Болливуд Казино: Регистрация и первый шаг к успеху",0,325,"Utilojifi",NA
"D3",3741,3741,"Искусственная жизнь и русские биологи начала двадцатого века",0,3,"Patarakin",NA
"D3",3744,3744,"Естественное и искусственное в социотехнических системах",0,3,"Patarakin",NA
"D3",3746,3746,"Основы компьютерного моделирования (Syllabus)",0,3,"Patarakin",NA
"D3",3747,3747,"Агентность",0,3,"Patarakin",NA
"D231",3747,3747,"Агентность",0,231,"Glazunova",NA
"D3",3748,3748,"Агентность и саморегуляция (сетевые модели)",0,3,"Patarakin",NA
"D231",3748,3748,"Агентность и саморегуляция (сетевые модели)",0,231,"Glazunova",NA
"D3",3749,3749,"Modelica",0,3,"Patarakin",NA
"D3",3751,3751,"Awash in Data",0,3,"Patarakin",NA
"D3",3752,3752,"As We May Think",0,3,"Patarakin",NA
"D3",3753,3753,"Эпистомеология",0,3,"Patarakin",NA
"D3",3754,3754,"Эволюционная эпистомеология",0,3,"Patarakin",NA
"D3",3755,3755,"Мировой суперорганизм",0,3,"Patarakin",NA
"D3",3759,3759,"Modeling Course 2024",0,3,"Patarakin",NA
"D231",3760,3760,"Родительские стратегии выбора школ",0,231,"Glazunova",NA
"D321",3760,3760,"Родительские стратегии выбора школ",0,321,"DmitriiMilokhin",NA
"D321",3761,3761,"Тимитро",0,321,"DmitriiMilokhin",NA
"D3",3762,3762,"Диаграмма учебного курса",0,3,"Patarakin",NA
"D3",3812,3812,"20 things to do",0,3,"Patarakin",NA
"D3",3813,3813,"Акторно-сетевая теория",0,3,"Patarakin",NA
"D3",3817,3817,"Визуализация данных в образовании (Syllabus)",0,3,"Patarakin",NA
"D3",3832,3832,"Информационные системы (Syllabus)",0,3,"Patarakin",NA
"D3",3835,3835,"Программирование на языках высокого уровня/dg uml",0,3,"Patarakin",NA
"D3",3855,3855,"Кумир",0,3,"Patarakin",NA
"D3",3856,3856,"Питон",0,3,"Patarakin",NA
"D392",3856,3856,"Питон",0,392,"Sergey",NA
"D393",3857,3857,"1С",0,393,"IvanchukMD",NA
"D3",3858,3858,"Психология",0,3,"Patarakin",NA
"D397",3858,3858,"Психология",0,397,"Tatiana Nigay",NA
"D1096",3858,3858,"Психология",0,1096,"EkaterinaRodionovaIoe2025",NA
"D1639",3858,3858,"Психология",0,1639,"Ирина Масленникова",NA
"D3",3859,3859,"Паскаль",0,3,"Patarakin",NA
"D407",3861,3861,"CSS",0,407,"Marya Aks",NA
"D389",3863,3863,"Blender",0,389,"Natalya",NA
"D3",3878,3878,"Чирлидинг",0,3,"Patarakin",NA
"D416",3878,3878,"Чирлидинг",0,416,"PolinaPetrenko",NA
"D416",3880,3880,"Спорт",0,416,"PolinaPetrenko",NA
"D3",3882,3882,"School Choice ABM",0,3,"Patarakin",NA
"D3",3884,3884,"Multi-mediator model",0,3,"Patarakin",NA
"D3",3885,3885,"МЭШ",0,3,"Patarakin",NA
"D3",3901,3901,"Lego WeDo",0,3,"Patarakin",NA
"D3",3912,3912,"Transforming Teaching Practices",0,3,"Patarakin",NA
"D3",3914,3914,"The Media Equation",0,3,"Patarakin",NA
"D425",3919,3919,"Система Well-being как профилактика выгорания преподавателей в образовательных организациях",0,425,"OzhogA",NA
"D3",3955,3955,"Patterns of Technology in Education",0,3,"Patarakin",NA
"D438",3965,3965,"Эсхатологический миф в текстах альбома ""Клубника со льдом или Любовь до гроба"" группы ""Крематорий""",0,438,"Мухлаев Даниил",NA
"D3",3968,3968,"Роль А.В. Никитенко в издании романа Н.В. Гоголя ""Мёртвые души""",0,3,"Patarakin",NA
"D411",3968,3968,"Роль А.В. Никитенко в издании романа Н.В. Гоголя ""Мёртвые души""",0,411,"Vakhrushevavs521",NA
"D430",3968,3968,"Роль А.В. Никитенко в издании романа Н.В. Гоголя ""Мёртвые души""",0,430,"Зинаида Новикова",NA
"D433",3968,3968,"Роль А.В. Никитенко в издании романа Н.В. Гоголя ""Мёртвые души""",0,433,"Отиашвили Маргарита",NA
"D3",3972,3972,"Стилистическое новаторство И.А. Бродского в преподавании литературы на примере опубликованных лекций",0,3,"Patarakin",NA
"D430",3972,3972,"Стилистическое новаторство И.А. Бродского в преподавании литературы на примере опубликованных лекций",0,430,"Зинаида Новикова",NA
"D433",3972,3972,"Стилистическое новаторство И.А. Бродского в преподавании литературы на примере опубликованных лекций",0,433,"Отиашвили Маргарита",NA
"D439",3972,3972,"Стилистическое новаторство И.А. Бродского в преподавании литературы на примере опубликованных лекций",0,439,"Стариков Андрей",NA
"D3",4012,4012,"Ветвление",0,3,"Patarakin",NA
"D3",4037,4037,"Дуальность города в текстах рэп-исполнителей",0,3,"Patarakin",NA
"D414",4037,4037,"Дуальность города в текстах рэп-исполнителей",0,414,"Ирина",NA
"D455",4037,4037,"Дуальность города в текстах рэп-исполнителей",0,455,"Кехваев Артур",NA
"D3",4044,4044,"Николай Гумилев и Африка: путешествия как источник вдохновения",0,3,"Patarakin",NA
"D430",4044,4044,"Николай Гумилев и Африка: путешествия как источник вдохновения",0,430,"Зинаида Новикова",NA
"D435",4044,4044,"Николай Гумилев и Африка: путешествия как источник вдохновения",0,435,"Александр Куроптев",NA
"D632",4044,4044,"Николай Гумилев и Африка: путешествия как источник вдохновения",0,632,"Куроптев Александр",NA
"D3",4049,4049,"Креолизованный текст на уроке литературы как способ повышения читательской грамотности в 8-9 классах",0,3,"Patarakin",NA
"D436",4049,4049,"Креолизованный текст на уроке литературы как способ повышения читательской грамотности в 8-9 классах",0,436,"Михайлова Елизавета",NA
"D430",4052,4052,"Феминизация архетипа ""дева в беде"" в русской литературе в историческом контексте",0,430,"Зинаида Новикова",NA
"D437",4052,4052,"Феминизация архетипа ""дева в беде"" в русской литературе в историческом контексте",0,437,"Синькова Анастасия",NA
"D435",4054,4054,"Николай Гумилев и Африка: Путешествия как источник вдохновения",0,435,"Александр Куроптев",NA
"D3",4059,4059,"Группа",0,3,"Patarakin",NA
"D3",4061,4061,"FMSLogo",0,3,"Patarakin",NA
"D3",4063,4063,"Гипотеза",0,3,"Patarakin",NA
"D3",4064,4064,"Корреляция",0,3,"Patarakin",NA
"D3",4068,4068,"Собрать данные с поля Starlogo Nova",0,3,"Patarakin",NA
"D367",4068,4068,"Собрать данные с поля Starlogo Nova",0,367,"Сычёва Ксения",NA
"D3",4070,4070,"Как посчитать несчастливых горожан",0,3,"Patarakin",NA
"D298",4075,4075,"Презентационный материал",0,298,"Zalimovich",NA
"D3",4102,4102,"Влияние книдского мифа на формирование образов героев в повести И.С. Тургенева ""Клара Милич""",0,3,"Patarakin",NA
"D430",4102,4102,"Влияние книдского мифа на формирование образов героев в повести И.С. Тургенева ""Клара Милич""",0,430,"Зинаида Новикова",NA
"D458",4102,4102,"Влияние книдского мифа на формирование образов героев в повести И.С. Тургенева ""Клара Милич""",0,458,"Светлана Ефимова",NA
"D3",4103,4103,"Роль идей И.А. Бунина в формировании закатного романа М.А. Булгакова",0,3,"Patarakin",NA
"D430",4103,4103,"Роль идей И.А. Бунина в формировании закатного романа М.А. Булгакова",0,430,"Зинаида Новикова",NA
"D454",4103,4103,"Роль идей И.А. Бунина в формировании закатного романа М.А. Булгакова",0,454,"Наталья Ковязина",NA
"D3",4104,4104,"""Агасферовский комплекс"" в контексте образа Рудина в романе И.С. Тургенева",0,3,"Patarakin",NA
"D430",4104,4104,"""Агасферовский комплекс"" в контексте образа Рудина в романе И.С. Тургенева",0,430,"Зинаида Новикова",NA
"D452",4104,4104,"""Агасферовский комплекс"" в контексте образа Рудина в романе И.С. Тургенева",0,452,"Александра Канаева",NA
"D3",4106,4106,"Лингвистика",0,3,"Patarakin",NA
"D416",4106,4106,"Лингвистика",0,416,"PolinaPetrenko",NA
"D3",4107,4107,"Структурная лингвистика",0,3,"Patarakin",NA
"D3",4108,4108,"Семиотика",0,3,"Patarakin",NA
"D3",4109,4109,"Колб",0,3,"Patarakin",NA
"D3",4110,4110,"Kolb",0,3,"Patarakin",NA
"D3",4112,4112,"Многоагентное моделирование в изучении группового поведения (Syllabus)",0,3,"Patarakin",NA
"D3",4115,4115,"Многоагентное моделирование в изучении группового поведения (Syllabus)/Diagram",0,3,"Patarakin",NA
"D394",4118,4118,"Использование рекурсивного способа вычисления факториала в Snap!",0,394,"LesikAA",NA
"D3",4124,4124,"Амбивалентная роль человека в сюжете поглощения в повести Н.В. Гоголя ""Тарас Бульба""",0,3,"Patarakin",NA
"D450",4124,4124,"Амбивалентная роль человека в сюжете поглощения в повести Н.В. Гоголя ""Тарас Бульба""",0,450,"Кулаков Вадим",NA
"D3",4131,4131,"ABM Constructor",0,3,"Patarakin",NA
"D3",4136,4136,"Мифопоэтика инсектного кода в романе В. Пелевина ""Жизнь насекомых""",0,3,"Patarakin",NA
"D430",4136,4136,"Мифопоэтика инсектного кода в романе В. Пелевина ""Жизнь насекомых""",0,430,"Зинаида Новикова",NA
"D470",4136,4136,"Мифопоэтика инсектного кода в романе В. Пелевина ""Жизнь насекомых""",0,470,"Богданова Снежанна",NA
"D3",4145,4145,"Mann–Whitney U test",0,3,"Patarakin",NA
"D3",4146,4146,"Статистическая значимость",0,3,"Patarakin",NA
"D3",4147,4147,"Статистический критерий",0,3,"Patarakin",NA
"D3",4148,4148,"Выборка",0,3,"Patarakin",NA
"D3",4158,4158,"Фестиваль Дружба МГПУ 2023",0,3,"Patarakin",NA
"D3",4173,4173,"Новелла Серебряного века: проблемы классификации",0,3,"Patarakin",NA
"D430",4173,4173,"Новелла Серебряного века: проблемы классификации",0,430,"Зинаида Новикова",NA
"D469",4173,4173,"Новелла Серебряного века: проблемы классификации",0,469,"Марина Луканина",NA
"D497",4173,4173,"Новелла Серебряного века: проблемы классификации",0,497,"Пушкин Елисей Викторович",NA
"D512",4174,4174,"Диета «Стол №4»: легкий путь к здоровому пищеварению",0,512,"Utupoh",NA
"D3",4179,4179,"Трава, еноты и медведи",0,3,"Patarakin",NA
"D361",4179,4179,"Трава, еноты и медведи",0,361,"Тимошенко Софья",NA
"D362",4179,4179,"Трава, еноты и медведи",0,362,"Степа",NA
"D3",4180,4180,"Трава и еноты",0,3,"Patarakin",NA
"D3",4181,4181,"Присвоение энергии жертвы",0,3,"Patarakin",NA
"D3",4182,4182,"Влияние параметра доброты на поведение",0,3,"Patarakin",NA
"D366",4182,4182,"Влияние параметра доброты на поведение",0,366,"Sofya Motspan",NA
"D3",4184,4184,"Коты и собаки на улице",0,3,"Patarakin",NA
"D359",4184,4184,"Коты и собаки на улице",0,359,"Lera Kitya",NA
"D3",4185,4185,"Процесс отбора и появления новых пород",0,3,"Patarakin",NA
"D374",4185,4185,"Процесс отбора и появления новых пород",0,374,"PolezhaevaMA",NA
"D510",4185,4185,"Процесс отбора и появления новых пород",0,510,"Yulia",NA
"D3",4186,4186,"Обучение педагогов и учеников",0,3,"Patarakin",NA
"D371",4186,4186,"Обучение педагогов и учеников",0,371,"Крукерик Александра",NA
"D374",4186,4186,"Обучение педагогов и учеников",0,374,"PolezhaevaMA",NA
"D3",4187,4187,"Смурфики и Гаргамель",0,3,"Patarakin",NA
"D369",4187,4187,"Смурфики и Гаргамель",0,369,"Наталья Захарова",NA
"D3",4188,4188,"Модель посещаемости студентов в учебное заведение в зависимости от негативных факторов",0,3,"Patarakin",NA
"D373",4188,4188,"Модель посещаемости студентов в учебное заведение в зависимости от негативных факторов",0,373,"Pocrovskii Alexander",NA
"D451",4190,4190,"Мотив ""сокровищ"" духовных и материальных в романах И.А. Гончарова ""Обыкновенная история"" и ""Обломов""",0,451,"Маргарита Васильева",NA
"D3",4192,4192,"Мотив ""сокровищ"" в романе И.А. Гончарова ""Обыкновенная история""",0,3,"Patarakin",NA
"D430",4192,4192,"Мотив ""сокровищ"" в романе И.А. Гончарова ""Обыкновенная история""",0,430,"Зинаида Новикова",NA
"D451",4192,4192,"Мотив ""сокровищ"" в романе И.А. Гончарова ""Обыкновенная история""",0,451,"Маргарита Васильева",NA
"D3",4194,4194,"Учебный объект",0,3,"Patarakin",NA
"D373",4196,4196,"Бакалавриат",0,373,"Pocrovskii Alexander",NA
"D3",4201,4201,"Data Growth in Educational Simulation Communities",0,3,"Patarakin",NA
"D3",4202,4202,"Exploring Management Processes with Agent-Based Models",0,3,"Patarakin",NA
"D3",4203,4203,"Creating Active Essays Using Agent Models",0,3,"Patarakin",NA
"D3",4205,4205,"Многоагентное моделирование",0,3,"Patarakin",NA
"D3",4206,4206,"Моделирование",0,3,"Patarakin",NA
"D412",4210,4210,"Схемотехника",0,412,"VetoshkinaAS",NA
"D412",4212,4212,"Компьютер",0,412,"VetoshkinaAS",NA
"D3",4214,4214,"Английский язык",0,3,"Patarakin",NA
"D416",4214,4214,"Английский язык",0,416,"PolinaPetrenko",NA
"D3",4218,4218,"Гоголевские реминисценции в повести Ф. М. Достоевского ""Дядюшкин сон""",0,3,"Patarakin",NA
"D501",4218,4218,"Гоголевские реминисценции в повести Ф. М. Достоевского ""Дядюшкин сон""",0,501,"Шалимова Елена",NA
"D416",4219,4219,"Испанский язык",0,416,"PolinaPetrenko",NA
"D416",4220,4220,"Хинди",0,416,"PolinaPetrenko",NA
"D411",4223,4223,"MathCat-2023 МГПУ",0,411,"Vakhrushevavs521",NA
"D497",4223,4223,"MathCat-2023 МГПУ",0,497,"Пушкин Елисей Викторович",NA
"D411",4224,4224,"MathCat-2023",0,411,"Vakhrushevavs521",NA
"D411",4225,4225,"MathCat-2024 МГПУ",0,411,"Vakhrushevavs521",NA
"D497",4225,4225,"MathCat-2024 МГПУ",0,497,"Пушкин Елисей Викторович",NA
"D415",4226,4226,"Antisummit МГПУ 2024",0,415,"Нарыкова виктория",NA
"D415",4227,4227,"Red Brick Fest 2024 МГПУ",0,415,"Нарыкова виктория",NA
"D399",4230,4230,"Лес со случайными деревьями",0,399,"Smolkina Anastasia",NA
"D402",4233,4233,"Рисуем цветы",0,402,"YachenkoSM",NA
"D413",4237,4237,"ТАЛАНТ-2023 МГПУ",0,413,"AliyaSa",NA
"D3",4239,4239,"Психология собак",0,3,"Patarakin",NA
"D408",4239,4239,"Психология собак",0,408,"Mouse",NA
"D408",4240,4240,"Https://journal.tinkoff.ru/dog-psychology/",0,408,"Mouse",NA
"D408",4242,4242,"Adobe Photoshop",0,408,"Mouse",NA
"D416",4242,4242,"Adobe Photoshop",0,416,"PolinaPetrenko",NA
"D408",4244,4244,"Https://student.mgpu.ru/studorg/maximus/",0,408,"Mouse",NA
"D408",4247,4247,"Maximus",0,408,"Mouse",NA
"D889",4247,4247,"Maximus",0,889,"CherenkovIR",NA
"D3",4248,4248,"Насекомые",0,3,"Patarakin",NA
"D3",4252,4252,"Настольный теннис",0,3,"Patarakin",NA
"D518",4252,4252,"Настольный теннис",0,518,"Annapvorman",NA
"D3",4265,4265,"Soccer Simulation",0,3,"Patarakin",NA
"D530",4266,4266,"Погода в Москве",0,530,"MarinaShishkina",NA
"D3",4270,4270,"Футбол",0,3,"Patarakin",NA
"D3",4277,4277,"Вампирская эпидемия",0,3,"Patarakin",NA
"D357",4277,4277,"Вампирская эпидемия",0,357,"Агишева Виктория",NA
"D3",4279,4279,"Terrible weather in a small town",0,3,"Patarakin",NA
"D354",4279,4279,"Terrible weather in a small town",0,354,"Drel'Tar",NA
"D3",4281,4281,"Let' fly",0,3,"Patarakin",NA
"D358",4281,4281,"Let' fly",0,358,"Dimentry",NA
"D3",4282,4282,"Line's dinner",0,3,"Patarakin",NA
"D365",4282,4282,"Line's dinner",0,365,"ViktoriaZH",NA
"D360",4283,4283,"Https://www.slnova.org/Kseniya/projects/924641/",0,360,"Kseniya",NA
"D3",4284,4284,"Spread of the virus",0,3,"Patarakin",NA
"D355",4284,4284,"Spread of the virus",0,355,"Nikita Pechko",NA
"D3",4285,4285,"Elephants giraffes dragons",0,3,"Patarakin",NA
"D360",4285,4285,"Elephants giraffes dragons",0,360,"Kseniya",NA
"D420",4286,4286,"The killer train",0,420,"Zanmly",NA
"D356",4287,4287,"Https://www.slnova.org/ir.riss/projects/923818/",0,356,"Ir.riss",NA
"D3",4288,4288,"The report from the Antarctica",0,3,"Patarakin",NA
"D356",4288,4288,"The report from the Antarctica",0,356,"Ir.riss",NA
"D3",4291,4291,"Penguienes VS Dragons",0,3,"Patarakin",NA
"D353",4291,4291,"Penguienes VS Dragons",0,353,"Pogonin",NA
"D353",4292,4292,"Https://www.slnova.org/pogonin/projects/929360/",0,353,"Pogonin",NA
"D3",4294,4294,"Модель-симулятор распространения вируса в теле",0,3,"Patarakin",NA
"D419",4294,4294,"Модель-симулятор распространения вируса в теле",0,419,"Гудилин Кирилл",NA
"D3",4295,4295,"Коты и собачки",0,3,"Patarakin",NA
"D417",4295,4295,"Коты и собачки",0,417,"GrigorevaSofy",NA
"D3",4297,4297,"V mire morscom",0,3,"Patarakin",NA
"D3",4298,4298,"Big money kills",0,3,"Patarakin",NA
"D364",4298,4298,"Big money kills",0,364,"Колокольцев Егор",NA
"D3",4305,4305,"Мяч",0,3,"Patarakin",NA
"D3",4307,4307,"Game artificial intelligence",0,3,"Patarakin",NA
"D3",4310,4310,"Exploring Management Processes with Agent-Based Models/Diagram",0,3,"Patarakin",NA
"D3",4311,4311,"Data Growth in Educational Simulation Communities/Diagram",0,3,"Patarakin",NA
"D3",4313,4313,"Выбрать ближайшего к мячу партнёра",0,3,"Patarakin",NA
"D568",4414,4414,"Арканоид",0,568,"AnotnovVA207",NA
"D572",4414,4414,"Арканоид",0,572,"Всеволод Антонов",NA
"D3",4417,4417,"Save the forest from people",0,3,"Patarakin",NA
"D362",4417,4417,"Save the forest from people",0,362,"Степа",NA
"D3",4419,4419,"Обработка данных о машинах",0,3,"Patarakin",NA
"D572",4419,4419,"Обработка данных о машинах",0,572,"Всеволод Антонов",NA
"D3",4431,4431,"Community of Practice (model)",0,3,"Patarakin",NA
"D3",4437,4437,"Баскетбол",0,3,"Patarakin",NA
"D3",4444,4444,"Специфика интерпретации образа Дон Жуана в романе И.А. Гончарова ""Обрыв""",0,3,"Patarakin",NA
"D415",4444,4444,"Специфика интерпретации образа Дон Жуана в романе И.А. Гончарова ""Обрыв""",0,415,"Нарыкова виктория",NA
"D430",4444,4444,"Специфика интерпретации образа Дон Жуана в романе И.А. Гончарова ""Обрыв""",0,430,"Зинаида Новикова",NA
"D468",4444,4444,"Специфика интерпретации образа Дон Жуана в романе И.А. Гончарова ""Обрыв""",0,468,"Акопян Стелла Араиковна",NA
"D453",4446,4446,"Специфика романного сюжета в творчестве Ф.М. Достоевского",0,453,"Анастасия Ермилова",NA
"D3",4447,4447,"Понимание массовых сцен в истории достоевсковедения",0,3,"Patarakin",NA
"D430",4447,4447,"Понимание массовых сцен в истории достоевсковедения",0,430,"Зинаида Новикова",NA
"D453",4447,4447,"Понимание массовых сцен в истории достоевсковедения",0,453,"Анастасия Ермилова",NA
"D593",4459,4459,"Рейтинг казино на деньги: как выбрать лучшее казино онлайн",0,593,"Ovokas",NA
"D3",4469,4469,"Футбол в системе советской внутренней и внешней политики от оттепели до перестройки",0,3,"Patarakin",NA
"D430",4469,4469,"Футбол в системе советской внутренней и внешней политики от оттепели до перестройки",0,430,"Зинаида Новикова",NA
"D547",4469,4469,"Футбол в системе советской внутренней и внешней политики от оттепели до перестройки",0,547,"Роман Гричениченко",NA
"D3",4470,4470,"История путешествия Жермены де Сталь по России в 1812 г.",0,3,"Patarakin",NA
"D549",4470,4470,"История путешествия Жермены де Сталь по России в 1812 г.",0,549,"Александра Румянцева",NA
"D3",4471,4471,"Бургхард Кристоф Миних. Историография",0,3,"Patarakin",NA
"D415",4471,4471,"Бургхард Кристоф Миних. Историография",0,415,"Нарыкова виктория",NA
"D430",4471,4471,"Бургхард Кристоф Миних. Историография",0,430,"Зинаида Новикова",NA
"D546",4471,4471,"Бургхард Кристоф Миних. Историография",0,546,"Мария Плебух",NA
"D3",4472,4472,"Взаимодействие опричной и земской администраций",0,3,"Patarakin",NA
"D430",4472,4472,"Взаимодействие опричной и земской администраций",0,430,"Зинаида Новикова",NA
"D552",4472,4472,"Взаимодействие опричной и земской администраций",0,552,"Синицын Иван",NA
"D3",4473,4473,"Обсуждение проекта введения мирового суда в начале 1860-х гг.",0,3,"Patarakin",NA
"D563",4473,4473,"Обсуждение проекта введения мирового суда в начале 1860-х гг.",0,563,"Маркова Светлана",NA
"D3",4474,4474,"Переписка С.П. Шишкина как источник по изучению деятельности председателя Ярославского Верхнего земского суда во 2-ой половине XVIII в.",0,3,"Patarakin",NA
"D415",4474,4474,"Переписка С.П. Шишкина как источник по изучению деятельности председателя Ярославского Верхнего земского суда во 2-ой половине XVIII в.",0,415,"Нарыкова виктория",NA
"D430",4474,4474,"Переписка С.П. Шишкина как источник по изучению деятельности председателя Ярославского Верхнего земского суда во 2-ой половине XVIII в.",0,430,"Зинаида Новикова",NA
"D548",4474,4474,"Переписка С.П. Шишкина как источник по изучению деятельности председателя Ярославского Верхнего земского суда во 2-ой половине XVIII в.",0,548,"Ева Минарик",NA
"D3",4475,4475,"Российско-китайские отношения во взглядах конституционных демократов",0,3,"Patarakin",NA
"D545",4475,4475,"Российско-китайские отношения во взглядах конституционных демократов",0,545,"Ляпина Екатерина",NA
"D3",4476,4476,"Нормативные акты, определившие становление системы социального обеспечения России в 1917-1925 годах",0,3,"Patarakin",NA
"D412",4476,4476,"Нормативные акты, определившие становление системы социального обеспечения России в 1917-1925 годах",0,412,"VetoshkinaAS",NA
"D430",4476,4476,"Нормативные акты, определившие становление системы социального обеспечения России в 1917-1925 годах",0,430,"Зинаида Новикова",NA
"D518",4476,4476,"Нормативные акты, определившие становление системы социального обеспечения России в 1917-1925 годах",0,518,"Annapvorman",NA
"D550",4476,4476,"Нормативные акты, определившие становление системы социального обеспечения России в 1917-1925 годах",0,550,"Анастасия Ковальчук",NA
"D600",4477,4477,"Добро пожаловать на Киного — ваш идеальный онлайн-кинотеатр",0,600,"Iqufov",NA
"D3",4478,4478,"Древнерусские войска на полях сражений в Северо-Западной Руси",0,3,"Patarakin",NA
"D413",4478,4478,"Древнерусские войска на полях сражений в Северо-Западной Руси",0,413,"AliyaSa",NA
"D565",4478,4478,"Древнерусские войска на полях сражений в Северо-Западной Руси",0,565,"Зарипов Роман",NA
"D3",4486,4486,"Взятие и оборона Самарканда в воспоминаниях российских офицеров",0,3,"Patarakin",NA
"D415",4486,4486,"Взятие и оборона Самарканда в воспоминаниях российских офицеров",0,415,"Нарыкова виктория",NA
"D555",4486,4486,"Взятие и оборона Самарканда в воспоминаниях российских офицеров",0,555,"Губанов Александр",NA
"D3",4487,4487,"Оценка Русско-японской войны в зарубежной прессе 1904-1905 гг.",0,3,"Patarakin",NA
"D430",4487,4487,"Оценка Русско-японской войны в зарубежной прессе 1904-1905 гг.",0,430,"Зинаида Новикова",NA
"D560",4487,4487,"Оценка Русско-японской войны в зарубежной прессе 1904-1905 гг.",0,560,"Ольховников Илья",NA
"D567",4488,4488,"Действие немецко-фашистских захватчиков в оккупированном Волокамске",0,567,"Куценко Анна Юрьевна",NA
"D3",4489,4489,"Явление ""нетчиков"" в службе провинциального дворянства в России в XVII в.",0,3,"Patarakin",NA
"D571",4489,4489,"Явление ""нетчиков"" в службе провинциального дворянства в России в XVII в.",0,571,"Поздняков Глеб",NA
"D3",4490,4490,"Деятельность великого князя Сергея Александровича на посту генерал-губернатора Москвы",0,3,"Patarakin",NA
"D415",4490,4490,"Деятельность великого князя Сергея Александровича на посту генерал-губернатора Москвы",0,415,"Нарыкова виктория",NA
"D430",4490,4490,"Деятельность великого князя Сергея Александровича на посту генерал-губернатора Москвы",0,430,"Зинаида Новикова",NA
"D563",4490,4490,"Деятельность великого князя Сергея Александровича на посту генерал-губернатора Москвы",0,563,"Маркова Светлана",NA
"D565",4490,4490,"Деятельность великого князя Сергея Александровича на посту генерал-губернатора Москвы",0,565,"Зарипов Роман",NA
"D569",4490,4490,"Деятельность великого князя Сергея Александровича на посту генерал-губернатора Москвы",0,569,"Ольга Травкина",NA
"D3",4491,4491,"Действия немецко-фашистских захватчиков в оккупированном Волоколамске",0,3,"Patarakin",NA
"D567",4491,4491,"Действия немецко-фашистских захватчиков в оккупированном Волоколамске",0,567,"Куценко Анна Юрьевна",NA
"D562",4492,4492,"Изменение положения Царства Польского после восстания 1830-1831 гг.",0,562,"Михайлов Максим",NA
"D567",4493,4493,"Действие немецко-фашистских захватчиков в оккупированном Волоколамске",0,567,"Куценко Анна Юрьевна",NA
"D411",4494,4494,"Создание гимназий, уездных и приходских училищ в Московском учебном округе в 1803-1825",0,411,"Vakhrushevavs521",NA
"D430",4494,4494,"Создание гимназий, уездных и приходских училищ в Московском учебном округе в 1803-1825",0,430,"Зинаида Новикова",NA
"D559",4494,4494,"Создание гимназий, уездных и приходских училищ в Московском учебном округе в 1803-1825",0,559,"Волков Павел",NA
"D564",4495,4495,"Миграция китайских эмигрантов в Семиречье в 1868-1917 гг.",0,564,"Карнаухова Светлана",NA
"D3",4496,4496,"Афганская война в советской прессе (1979 - 1989)",0,3,"Patarakin",NA
"D566",4496,4496,"Афганская война в советской прессе (1979 - 1989)",0,566,"Малютин Дмитрий",NA
"D411",4497,4497,"Миграция китайских эмигрантов в Семиречье в 1868-1917 гг",0,411,"Vakhrushevavs521",NA
"D430",4497,4497,"Миграция китайских эмигрантов в Семиречье в 1868-1917 гг",0,430,"Зинаида Новикова",NA
"D564",4497,4497,"Миграция китайских эмигрантов в Семиречье в 1868-1917 гг",0,564,"Карнаухова Светлана",NA
"D3",4504,4504,"Концептуальная карта",0,3,"Patarakin",NA
"D3",4513,4513,"Dynamic Learning Environments: Creating Courses with Semantic MediaWiki",0,3,"Patarakin",NA
"D3",4516,4516,"Dynamic Learning Environments: Creating Courses with Semantic MediaWiki/Diagram",0,3,"Patarakin",NA
"D3",4524,4524,"Русское студенческое христианское движение в 1920-30 годы",0,3,"Patarakin",NA
"D592",4524,4524,"Русское студенческое христианское движение в 1920-30 годы",0,592,"Ильнур",NA
"D413",4525,4525,"Сравнение досуга столичного и московского дворянства второй половины XVIII века",0,413,"AliyaSa",NA
"D553",4525,4525,"Сравнение досуга столичного и московского дворянства второй половины XVIII века",0,553,"Валерия Назмиева",NA
"D3",4541,4541,"Отношения СССР с Китаем в годы кризиса Версальско-Вашингтонской системы: Советско-китайский договор о ненападении 1937г.",0,3,"Patarakin",NA
"D415",4541,4541,"Отношения СССР с Китаем в годы кризиса Версальско-Вашингтонской системы: Советско-китайский договор о ненападении 1937г.",0,415,"Нарыкова виктория",NA
"D621",4541,4541,"Отношения СССР с Китаем в годы кризиса Версальско-Вашингтонской системы: Советско-китайский договор о ненападении 1937г.",0,621,"Барышников Иван",NA
"D700",4541,4541,"Отношения СССР с Китаем в годы кризиса Версальско-Вашингтонской системы: Советско-китайский договор о ненападении 1937г.",0,700,"Kdkddkd",NA
"D3",4563,4563,"Snap! Soccer Simulation",0,3,"Patarakin",NA
"D402",4564,4564,"Убеги от краба",0,402,"YachenkoSM",NA
"D402",4565,4565,"Бантики",0,402,"YachenkoSM",NA
"D416",4566,4566,"Волейбол",0,416,"PolinaPetrenko",NA
"D678",4566,4566,"Волейбол",0,678,"DyachkovAlexander",NA
"D402",4567,4567,"Ученики и данные о них",0,402,"YachenkoSM",NA
"D399",4572,4572,"Блоки для клонов: создание, присвоение ID, команда всем клонам, удаление клонов",0,399,"Smolkina Anastasia",NA
"D3",4574,4574,"Блоки для клонов (создание и присвоение ID ..)",0,3,"Patarakin",NA
"D3",4576,4576,"Нормативные акты системы социального обеспечения России в 1917-1925 годах",0,3,"Patarakin",NA
"D633",4581,4581,"Ремонт квартир под ключ в Москве: Ваш идеальный дом начинается здесь!",0,633,"Aqihet",NA
"D634",4582,4582,"Ремонт квартир в Москве и области",0,634,"Izebam",NA
"D3",4586,4586,"Проблема подхода к изучению поэмы Н.В. Гоголя ""Мертвые души"" в 9-м классе",0,3,"Patarakin",NA
"D471",4586,4586,"Проблема подхода к изучению поэмы Н.В. Гоголя ""Мертвые души"" в 9-м классе",0,471,"Ганина Мария",NA
"D1221",4586,4586,"Проблема подхода к изучению поэмы Н.В. Гоголя ""Мертвые души"" в 9-м классе",0,1221,"Хачатрян",NA
"D3",4589,4589,"Человеческие пороки в ""Маленьких трагедиях"" А.С. Пушкина",0,3,"Patarakin",NA
"D430",4589,4589,"Человеческие пороки в ""Маленьких трагедиях"" А.С. Пушкина",0,430,"Зинаида Новикова",NA
"D539",4589,4589,"Человеческие пороки в ""Маленьких трагедиях"" А.С. Пушкина",0,539,"Аннамурадов Довлет",NA
"D707",4589,4589,"Человеческие пороки в ""Маленьких трагедиях"" А.С. Пушкина",0,707,"Dovlet",NA
"D3",4600,4600,"Обсуждение концепции ""Москва - Третий Рим"" на страницах журнала ""Русская беседа"" в период 1856—1860 гг.",0,3,"Patarakin",NA
"D411",4600,4600,"Обсуждение концепции ""Москва - Третий Рим"" на страницах журнала ""Русская беседа"" в период 1856—1860 гг.",0,411,"Vakhrushevavs521",NA
"D558",4600,4600,"Обсуждение концепции ""Москва - Третий Рим"" на страницах журнала ""Русская беседа"" в период 1856—1860 гг.",0,558,"Сухоцкая Олеся",NA
"D3",4611,4611,"Ментальная карта",0,3,"Patarakin",NA
"D3",4612,4612,"Обрыв (роман)",0,3,"Patarakin",NA
"D3",4613,4613,"Гончаров",0,3,"Patarakin",NA
"D3",4624,4624,"Класс",0,3,"Patarakin",NA
"D549",4627,4627,"Жермена де Сталь и русская литература первой трети XIX века",0,549,"Александра Румянцева",NA
"D555",4628,4628,"Взятие Самарканда в воспоминаниях российских офицеров",0,555,"Губанов Александр",NA
"D645",4633,4633,"Простой вход в 1win: пошаговая инструкция",0,645,"Obadexuw",NA
"D404",4636,4636,"Угадай число!",0,404,"Маргарита Сидоренко",NA
"D404",4637,4637,"Звёздное небо",0,404,"Маргарита Сидоренко",NA
"D3",4650,4650,"Народный суд как компонент колониального дискурса в отечественной историографии",0,3,"Patarakin",NA
"D411",4650,4650,"Народный суд как компонент колониального дискурса в отечественной историографии",0,411,"Vakhrushevavs521",NA
"D570",4650,4650,"Народный суд как компонент колониального дискурса в отечественной историографии",0,570,"Духанин Денис Александрович",NA
"D413",4653,4653,"Бадминтон",0,413,"AliyaSa",NA
"D3",4657,4657,"Школа",0,3,"Patarakin",NA
"D3",4658,4658,"GenderDeSegregationSchool",0,3,"Patarakin",NA
"D3",4660,4660,"School Education Competition",0,3,"Patarakin",NA
"D655",4663,4663,"Рейтинг казино: Как выбрать идеальное онлайн казино для игры",0,655,"Ybewoseny",NA
"D3",4669,4669,"Нормативные акты 1917-1925",0,3,"Patarakin",NA
"D663",4682,4682,"Рейтинг казино 2024: топ-10 лучших заведений",0,663,"Egabufydu",NA
"D3",4688,4688,"Историография Среднеазиатского восстания 1916 года",0,3,"Patarakin",NA
"D430",4688,4688,"Историография Среднеазиатского восстания 1916 года",0,430,"Зинаида Новикова",NA
"D543",4688,4688,"Историография Среднеазиатского восстания 1916 года",0,543,"Егор Гафуров",NA
"D412",4691,4691,"Конный спорт",0,412,"VetoshkinaAS",NA
"D548",4692,4692,"Переписка С.П. Шишкина как источник по изучению деятельности председателя ярославского Верхнего земского суда во 2-ой половине XVIII века.",0,548,"Ева Минарик",NA
"D412",4693,4693,"СПО Спецназ",0,412,"VetoshkinaAS",NA
"D3",4699,4699,"Городской рынок на Дону в условиях Гражданской войны (1918 – 1919 гг.)",0,3,"Patarakin",NA
"D561",4699,4699,"Городской рынок на Дону в условиях Гражданской войны (1918 – 1919 гг.)",0,561,"Сотникова Анастасия",NA
"D3",4702,4702,"Data in Education Seminar/19 12 2024",0,3,"Patarakin",NA
"D3",4703,4703,"Карта знаний",0,3,"Patarakin",NA
"D678",4706,4706,"Whitespace",0,678,"DyachkovAlexander",NA
"D678",4708,4708,"Изотерический язык программирования",0,678,"DyachkovAlexander",NA
"D3",4709,4709,"Паттерны проектирования (Design patterns)",0,3,"Patarakin",NA
"D678",4709,4709,"Паттерны проектирования (Design patterns)",0,678,"DyachkovAlexander",NA
"D3",4713,4713,"Как использовать сцены в Snap!",0,3,"Patarakin",NA
"D408",4714,4714,"Юшкова/SandBox",0,408,"Mouse",NA
"D3",4715,4715,"Рэп",0,3,"Patarakin",NA
"D680",4715,4715,"Рэп",0,680,"Kiss Love",NA
"D416",4716,4716,"Французский язык",0,416,"PolinaPetrenko",NA
"D680",4717,4717,"Бит (инструментал)",0,680,"Kiss Love",NA
"D680",4718,4718,"Бит",0,680,"Kiss Love",NA
"D680",4719,4719,"Минусовая фонограмма",0,680,"Kiss Love",NA
"D3",4722,4722,"Инженерия",0,3,"Patarakin",NA
"D3",4728,4728,"Фрагментарное изучение лирики А.А. Блока в средней школе на уроках литературы",0,3,"Patarakin",NA
"D430",4728,4728,"Фрагментарное изучение лирики А.А. Блока в средней школе на уроках литературы",0,430,"Зинаида Новикова",NA
"D457",4728,4728,"Фрагментарное изучение лирики А.А. Блока в средней школе на уроках литературы",0,457,"Догадов Максим",NA
"D3",4729,4729,"Мистика в лирических произведениях А.С. Пушкина",0,3,"Patarakin",NA
"D430",4729,4729,"Мистика в лирических произведениях А.С. Пушкина",0,430,"Зинаида Новикова",NA
"D456",4729,4729,"Мистика в лирических произведениях А.С. Пушкина",0,456,"Амельченко Ольга",NA
"D457",4729,4729,"Мистика в лирических произведениях А.С. Пушкина",0,457,"Догадов Максим",NA
"D637",4739,4739,"Халхин-гол в оценке современных историков и политиков",0,637,"Тигран Епремян",NA
"D3",4741,4741,"Thinkquest",0,3,"Patarakin",NA
"D638",4742,4742,"Нацистский геноцид народов СССР в процессе создания Рейхскомиссариата Московиена",0,638,"Андрианов Владимир Андреевич",NA
"D690",4751,4751,"Фильмы и Сериалы онлайн на KinoGO",0,690,"Ylyquj",NA
"D3",4755,4755,"Политика имперского центра в отношении Царства Польского в ХIХ – начале ХХ века",0,3,"Patarakin",NA
"D562",4755,4755,"Политика имперского центра в отношении Царства Польского в ХIХ – начале ХХ века",0,562,"Михайлов Максим",NA
"D394",4760,4760,"Взаимодействие двух шариков и их клонирование",0,394,"LesikAA",NA
"D394",4761,4761,"Фильтрация книг на английском языке из Dataset Bibliography",0,394,"LesikAA",NA
"D387",4772,4772,"Winter tree",0,387,"Borisova Tanya",NA
"D387",4775,4775,"Where are you going?",0,387,"Borisova Tanya",NA
"D404",4776,4776,"Получение прогноза погоды в Snap!",0,404,"Маргарита Сидоренко",NA
"D387",4777,4777,"Fruits",0,387,"Borisova Tanya",NA
"D387",4778,4778,"Девочки и мальчики",0,387,"Borisova Tanya",NA
"D387",4779,4779,"Space",0,387,"Borisova Tanya",NA
"D636",4785,4785,"Куда ты идёшь?",0,636,"LebedevAV",NA
"D636",4786,4786,"Ну погоди",0,636,"LebedevAV",NA
"D404",4787,4787,"Получение более точного прогноза погоды в Snap!",0,404,"Маргарита Сидоренко",NA
"D636",4788,4788,"Список мальчиков ( вместо мальчиков волк из Ну погоди) и девочек",0,636,"LebedevAV",NA
"D636",4789,4789,"Автомобильный конвеер",0,636,"LebedevAV",NA
"D636",4793,4793,"Отрисовка миндаля по курсору мыши",0,636,"LebedevAV",NA
"D404",4795,4795,"Более точный прогноз по",0,404,"Маргарита Сидоренко",NA
"D404",4798,4798,"Проноз погоды",0,404,"Маргарита Сидоренко",NA
"D404",4799,4799,"Более точный прогноз погоды",0,404,"Маргарита Сидоренко",NA
"D404",4800,4800,"Прогноз погоды",0,404,"Маргарита Сидоренко",NA
"D698",4806,4806,"Смотрите на оригинальном сайте киного фильмы и сериалы онлайн",0,698,"Olirypok",NA
"D544",4812,4812,"Московское купечество",0,544,"Медведева Елизавета",NA
"D700",4815,4815,"Советско-китайский договор о ненападении 1937г.",0,700,"Kdkddkd",NA
"D570",4817,4817,"Историография религиозного вопроса в Галицейском генерал-губернаторстве в 1915-1916 гг.",0,570,"Духанин Денис Александрович",NA
"D711",4827,4827,"LyazinEA",0,711,"Bahtuk",NA
"D3",4837,4837,"Lua/Таблица",0,3,"Patarakin",NA
"D3",4841,4841,"Lua/Tutorial",0,3,"Patarakin",NA
"D3",4845,4845,"How to Design Programs",0,3,"Patarakin",NA
"D3",4899,4899,"Скиннер",0,3,"Patarakin",NA
"D3",4900,4900,"Skinner",0,3,"Patarakin",NA
"D3",4901,4901,"Teachable Agent",0,3,"Patarakin",NA
"D3",4902,4902,"Betty's Brain",0,3,"Patarakin",NA
"D3",4910,4910,"Roblox Studio",0,3,"Patarakin",NA
"D3",4911,4911,"GDevelop",0,3,"Patarakin",NA
"D3",4917,4917,"LÖVE",0,3,"Patarakin",NA
"D3",4919,4919,"Инженерное мышление",0,3,"Patarakin",NA
"D437",4920,4920,"Феминизация архетипа ""дева в беде"" в славянской мифологии в историческом контексте",0,437,"Синькова Анастасия",NA
"D3",4922,4922,"Щедровицкий, Георгий",0,3,"Patarakin",NA
"D3",4923,4923,"Щедровицкий",0,3,"Patarakin",NA
"D3",4924,4924,"Фуллер",0,3,"Patarakin",NA
"D3",4925,4925,"Суперорганизм",0,3,"Patarakin",NA
"D3",4926,4926,"Маслоу",0,3,"Patarakin",NA
"D3",4927,4927,"Креативность",0,3,"Patarakin",NA
"D3",4929,4929,"Дьюи",0,3,"Patarakin",NA
"D3",4932,4932,"Эфемеризация",0,3,"Patarakin",NA
"D3",4933,4933,"Синергетика",0,3,"Patarakin",NA
"D3",4934,4934,"Vygotsky",0,3,"Patarakin",NA
"D3",4935,4935,"Выготский",0,3,"Patarakin",NA
"D791",4941,4941,"Твоя игра с 1win начинается здесь",0,791,"Yjypy",NA
"D3",4943,4943,"ZeroBrane Studio",0,3,"Patarakin",NA
"D3",4948,4948,"PhET",0,3,"Patarakin",NA
"D3",4949,4949,"PhET Interactive Simulations",0,3,"Patarakin",NA
"D794",4955,4955,"Музыка",0,794,"Дарья Мраева",NA
"D1223",4955,4955,"Музыка",0,1223,"Кекелева",NA
"D794",4957,4957,"Бег",0,794,"Дарья Мраева",NA
"D3",4958,4958,"Геометрия",0,3,"Patarakin",NA
"D794",4958,4958,"Геометрия",0,794,"Дарья Мраева",NA
"D794",4959,4959,"Декарт",0,794,"Дарья Мраева",NA
"D794",4961,4961,"Удмуртия",0,794,"Дарья Мраева",NA
"D3",4965,4965,"Телеметрия",0,3,"Patarakin",NA
"D3",4967,4967,"Snap! Blocks",0,3,"Patarakin",NA
"D3",4973,4973,"Ершов",0,3,"Patarakin",NA
"D3",4974,4974,"Программирование — вторая грамотность",0,3,"Patarakin",NA
"D3",4980,4980,"Игровая механика",0,3,"Patarakin",NA
"D3",4981,4981,"Game mechanic",0,3,"Patarakin",NA
"D3",4989,4989,"MediaWiki Syntax",0,3,"Patarakin",NA
"D3",4996,4996,"Винер",0,3,"Patarakin",NA
"D3",4997,4997,"Пиаже",0,3,"Patarakin",NA
"D3",5006,5006,"Механика",0,3,"Patarakin",NA
"D3",5007,5007,"Техника",0,3,"Patarakin",NA
"D3",5008,5008,"Мехатроника",0,3,"Patarakin",NA
"D3",5012,5012,"The model thinker: What you need to know to make data work for you",0,3,"Patarakin",NA
"D3",5035,5035,"1C",0,3,"Patarakin",NA
"D3",5036,5036,"Love2d",0,3,"Patarakin",NA
"D3",5037,5037,"Пользовательский интерфейс",0,3,"Patarakin",NA
"D3",5038,5038,"RGB",0,3,"Patarakin",NA
"D3",5043,5043,"Code Genie",0,3,"Patarakin",NA
"D3",5044,5044,"Inventive Minds: Marvin Minsky on Education",0,3,"Patarakin",NA
"D3",5045,5045,"Abelson",0,3,"Patarakin",NA
"D3",5046,5046,"LOGO",0,3,"Patarakin",NA
"D3",5047,5047,"Программирование",0,3,"Patarakin",NA
"D3",5048,5048,"Fortran",0,3,"Patarakin",NA
"D3",5082,5082,"Kodular",0,3,"Patarakin",NA
"D3",5083,5083,"Сотрудничество",0,3,"Patarakin",NA
"D3",5084,5084,"Элементы интерфейса",0,3,"Patarakin",NA
"D3",5085,5085,"Мобильное приложение",0,3,"Patarakin",NA
"D3",5088,5088,"Solar 2D",0,3,"Patarakin",NA
"D3",5089,5089,"Construct",0,3,"Patarakin",NA
"D3",5091,5091,"Mobile Base",0,3,"Patarakin",NA
"D3",5109,5109,"Schedule - приложение",0,3,"Patarakin",NA
"D891",5109,5109,"Schedule - приложение",0,891,"DzhamalovaSS",NA
"D894",5113,5113,"Таймер дел",0,894,"PrishletsovaKS",NA
"D3",5118,5118,"Hypercard",0,3,"Patarakin",NA
"D3",5122,5122,"Firebase",0,3,"Patarakin",NA
"D3",5124,5124,"Как написать курсовую работу по программированию",0,3,"Patarakin",NA
"D3",5128,5128,"Learning mechanic",0,3,"Patarakin",NA
"D1631",5128,5128,"Learning mechanic",0,1631,"Grrbasis",NA
"D3",5129,5129,"Механика обучения",0,3,"Patarakin",NA
"D3",5142,5142,"Density (model)",0,3,"Patarakin",NA
"D3",5143,5143,"MIT APP inventor",0,3,"Patarakin",NA
"D3",5144,5144,"Капибара",0,3,"Patarakin",NA
"D3",5146,5146,"GPT Adventure",0,3,"Patarakin",NA
"D3",5151,5151,"Компьютерная графика",0,3,"Patarakin",NA
"D3",5152,5152,"Видеоигра",0,3,"Patarakin",NA
"D3",5153,5153,"Векторная графика",0,3,"Patarakin",NA
"D3",5154,5154,"Растровая графика",0,3,"Patarakin",NA
"D3",5156,5156,"Computer graphics in Snap!",0,3,"Patarakin",NA
"D263",5159,5159,"SGF Locksmith Services of Bolivar",0,263,"HowTogetmorequalitybacklinks",NA
"D3",5168,5168,"Астрономия",0,3,"Patarakin",NA
"D3",5171,5171,"Выпускник O*net2/Трудовые действия/Физические действия",0,3,"Patarakin",NA
"D3",5176,5176,"Learn2love",0,3,"Patarakin",NA
"D3",5180,5180,"Replit",0,3,"Patarakin",NA
"D3",5181,5181,"BASIC",0,3,"Patarakin",NA
"D3",5188,5188,"Принцессы скрываются в замках (модель)",0,3,"Patarakin",NA
"D3",5190,5190,"Dart",0,3,"Patarakin",NA
"D3",5191,5191,"Flutter",0,3,"Patarakin",NA
"D3",5192,5192,"Виджет",0,3,"Patarakin",NA
"D3",5195,5195,"Bubble",0,3,"Patarakin",NA
"D3",5203,5203,"Visual Studio Code",0,3,"Patarakin",NA
"D3",5204,5204,"Android Studio",0,3,"Patarakin",NA
"D3",5206,5206,"VS Code",0,3,"Patarakin",NA
"D3",5209,5209,"Разработка мобильных приложений (syllabus)/Diagram",0,3,"Patarakin",NA
"D3",5210,5210,"Среда",0,3,"Patarakin",NA
"D3",5211,5211,"Очертания",0,3,"Patarakin",NA
"D3",5212,5212,"Жест",0,3,"Patarakin",NA
"D3",5218,5218,"Photoshop",0,3,"Patarakin",NA
"D3",5234,5234,"GUTS",0,3,"Patarakin",NA
"D3",5235,5235,"Computational thinking",0,3,"Patarakin",NA
"D901",5237,5237,"Трекер привычек",0,901,"FedyshinaSP",NA
"D3",5238,5238,"Операционализация",0,3,"Patarakin",NA
"D3",5239,5239,"Фальсифицируемость",0,3,"Patarakin",NA
"D3",5242,5242,"Жизненный цикл мобильного приложения",0,3,"Patarakin",NA
"D3",5243,5243,"Жизненный цикл",0,3,"Patarakin",NA
"D3",5244,5244,"Perplexity.ai",0,3,"Patarakin",NA
"D3",5246,5246,"Природа зла в трагедии Гёте «Фауст»",0,3,"Patarakin",NA
"D957",5246,5246,"Природа зла в трагедии Гёте «Фауст»",0,957,"Бессмертный Игорь",NA
"D3",5253,5253,"Learning analytics methods and tutorials: A practical guide using R",0,3,"Patarakin",NA
"D3",5258,5258,"Нулевая гипотеза",0,3,"Patarakin",NA
"D3",5260,5260,"Команды с мячиками",0,3,"Patarakin",NA
"D964",5265,5265,"Самые распространенные ошибки при получении визы в Испанию",0,964,"Asesowe",NA
"D965",5280,5280,"Функция Max",0,965,"NikiforovVV",NA
"D965",5281,5281,"Процедура ""Звезда""",0,965,"NikiforovVV",NA
"D969",5284,5284,"Why do gamers pick Mostbet?",0,969,"TrElaxad",NA
"D978",5319,5319,"Магистратура",0,978,"Алексей Краснов",NA
"D3",5337,5337,"Сбор данных с вечеринки",0,3,"Patarakin",NA
"D865",5337,5337,"Сбор данных с вечеринки",0,865,"Annet 199",NA
"D3",5338,5338,"Информация с детской площадки",0,3,"Patarakin",NA
"D999",5338,5338,"Информация с детской площадки",0,999,"Alexandra Valyaeva",NA
"D3",5339,5339,"Информация про машины",0,3,"Patarakin",NA
"D865",5339,5339,"Информация про машины",0,865,"Annet 199",NA
"D876",5340,5340,"Призрак считает числа и сохраняет ошибки",0,876,"Alexadr Retling",NA
"D870",5341,5341,"Пингвины",0,870,"Sasha Zhivulko",NA
"D879",5342,5342,"Сбор данных о студентах",0,879,"Jasmina Rahmonova",NA
"D877",5343,5343,"Сбор данных о морских обитателях",0,877,"Anna Dolezhal",NA
"D870",5344,5344,"Жучок в опасности",0,870,"Sasha Zhivulko",NA
"D866",5345,5345,"Информация о деревьях",0,866,"Vadim Molchanov",NA
"D3",5349,5349,"Catch-up",0,3,"Patarakin",NA
"D866",5349,5349,"Catch-up",0,866,"Vadim Molchanov",NA
"D870",5350,5350,"Как узнать информацию о пингвинах",0,870,"Sasha Zhivulko",NA
"D868",5351,5351,"Ведьма считает волшебные шары",0,868,"Elizabeth Roganova",NA
"D870",5351,5351,"Ведьма считает волшебные шары",0,870,"Sasha Zhivulko",NA
"D869",5352,5352,"Информация про дома",0,869,"Daria Shender",NA
"D868",5353,5353,"Три в ряд",0,868,"Elizabeth Roganova",NA
"D869",5354,5354,"Клоны осьмногов",0,869,"Daria Shender",NA
"D866",5355,5355,"Охота",0,866,"Vadim Molchanov",NA
"D877",5356,5356,"Решение геометрических задач",0,877,"Anna Dolezhal",NA
"D873",5357,5357,"Космическая стрелялка",0,873,"Светлана Панькина",NA
"D873",5358,5358,"Викторина по теме «Сложение и вычитание отрицательных чисел»",0,873,"Светлана Панькина",NA
"D870",5359,5359,"Информация о пингвина",0,870,"Sasha Zhivulko",NA
"D869",5360,5360,"Деление с летучей мышью",0,869,"Daria Shender",NA
"D868",5361,5361,"Ведьма",0,868,"Elizabeth Roganova",NA
"D878",5362,5362,"Исследование облаков",0,878,"Polina Novosadova",NA
"D999",5363,5363,"Игра mario",0,999,"Alexandra Valyaeva",NA
"D868",5364,5364,"Ведьма летает и считает шары на базе snap!",0,868,"Elizabeth Roganova",NA
"D878",5365,5365,"Осьминог-математик",0,878,"Polina Novosadova",NA
"D865",5368,5368,"Мини-игра",0,865,"Annet 199",NA
"D865",5369,5369,"Викторина по умножению",0,865,"Annet 199",NA
"D870",5370,5370,"Информация о классе балета",0,870,"Sasha Zhivulko",NA
"D3",5373,5373,"Трекер настроения",0,3,"Patarakin",NA
"D890",5373,5373,"Трекер настроения",0,890,"MukhanovaAI",NA
"D3",5374,5374,"Ликбез по инструменту Thunkable",0,3,"Patarakin",NA
"D890",5374,5374,"Ликбез по инструменту Thunkable",0,890,"MukhanovaAI",NA
"D890",5376,5376,"Глав страница",0,890,"MukhanovaAI",NA
"D890",5378,5378,"Rabota glav",0,890,"MukhanovaAI",NA
"D890",5380,5380,"Исть",0,890,"MukhanovaAI",NA
"D890",5385,5385,"Dashboards MoodTrack",0,890,"MukhanovaAI",NA
"D890",5386,5386,"Ноаца",0,890,"MukhanovaAI",NA
"D890",5388,5388,"Googlesheet MoodTrack",0,890,"MukhanovaAI",NA
"D890",5390,5390,"Not label",0,890,"MukhanovaAI",NA
"D3",5391,5391,"Справочник с местами для фотосъемки",0,3,"Patarakin",NA
"D889",5391,5391,"Справочник с местами для фотосъемки",0,889,"CherenkovIR",NA
"D890",5395,5395,"Airtable",0,890,"MukhanovaAI",NA
"D3",5396,5396,"AirTable",0,3,"Patarakin",NA
"D890",5396,5396,"AirTable",0,890,"MukhanovaAI",NA
"D890",5397,5397,"Dashboards",0,890,"MukhanovaAI",NA
"D890",5398,5398,"Google sheet",0,890,"MukhanovaAI",NA
"D3",5446,5446,"Как анализировать выживание рыб и акул",0,3,"Patarakin",NA
"D3",5454,5454,"Игра в цвета",0,3,"Patarakin",NA
"D898",5454,5454,"Игра в цвета",0,898,"Arlinskaya Alexandra",NA
"D3",5460,5460,"Калькулятор",0,3,"Patarakin",NA
"D1005",5460,5460,"Калькулятор",0,1005,"SemenyachenkoDY",NA
"D1044",5460,5460,"Калькулятор",0,1044,"GutnikovaMA",NA
"D897",5470,5470,"Кулинарная книга",0,897,"SeleverstovaSN",NA
"D3",5472,5472,"Дневник сна",0,3,"Patarakin",NA
"D1041",5472,5472,"Дневник сна",0,1041,"VoznesenskayaVE",NA
"D897",5473,5473,"Поймай мышку",0,897,"SeleverstovaSN",NA
"D3",5474,5474,"Переводчик",0,3,"Patarakin",NA
"D892",5474,5474,"Переводчик",0,892,"BashashkinAM",NA
"D893",5475,5475,"Трекер книг",0,893,"SabitovaAB",NA
"D3",5493,5493,"Викторина ""Блиц-Мозг""",0,3,"Patarakin",NA
"D895",5493,5493,"Викторина ""Блиц-Мозг""",0,895,"TyapkinaPA",NA
"D896",5503,5503,"Приложение с отзывами на кинофильмы",0,896,"DulisKS",NA
"D896",5516,5516,"Программа с отзывами на кинофильмы",0,896,"DulisKS",NA
"D1043",5518,5518,"Цитата дня",0,1043,"KharlamovaAO",NA
"D1044",5522,5522,"Дневник суточной активности",0,1044,"GutnikovaMA",NA
"D3",5523,5523,"Мини-игры",0,3,"Patarakin",NA
"D897",5523,5523,"Мини-игры",0,897,"SeleverstovaSN",NA
"D3",5530,5530,"Расчет бюджета",0,3,"Patarakin",NA
"D939",5530,5530,"Расчет бюджета",0,939,"TatarinovaEM",NA
"D3",5532,5532,"Игра на внимательность",0,3,"Patarakin",NA
"D1045",5532,5532,"Игра на внимательность",0,1045,"IlinaAS",NA
"D3",5545,5545,"Игра Кликер 3Д печать",0,3,"Patarakin",NA
"D1042",5545,5545,"Игра Кликер 3Д печать",0,1042,"Boiko Konstantin",NA
"D3",5556,5556,"Графическое рисование",0,3,"Patarakin",NA
"D3",5564,5564,"Келли",0,3,"Patarakin",NA
"D3",5565,5565,"Gaines",0,3,"Patarakin",NA
"D3",5569,5569,"Как видоизменять граф",0,3,"Patarakin",NA
"D858",5577,5577,"DOLY",0,858,"Матюшина Виктория Романовна",NA
"D3",5579,5579,"Робот-эколог: уборка мусора и озеленение парка в StarLogo Nova",0,3,"Patarakin",NA
"D858",5579,5579,"Робот-эколог: уборка мусора и озеленение парка в StarLogo Nova",0,858,"Матюшина Виктория Романовна",NA
"D3",5582,5582,"Экологическая цепочка цветок - пчела - лягушка",0,3,"Patarakin",NA
"D1055",5582,5582,"Экологическая цепочка цветок - пчела - лягушка",0,1055,"Агафонова Анна",NA
"D3",5583,5583,"Эконометрика",0,3,"Patarakin",NA
"D3",5584,5584,"Коэффициент корреляции",0,3,"Patarakin",NA
"D3",5585,5585,"Пирсон",0,3,"Patarakin",NA
"D3",5601,5601,"Big Data with R",0,3,"Patarakin",NA
"D3",5602,5602,"Spark",0,3,"Patarakin",NA
"D3",5603,5603,"Bert",0,3,"Patarakin",NA
"D1073",5605,5605,"Обзор программ высшего образования по психологии в Москве",0,1073,"Yruhuzyd",NA
"D3",5620,5620,"Экономика",0,3,"Patarakin",NA
"D3",5621,5621,"Causal Inference",0,3,"Patarakin",NA
"D3",5622,5622,"Causal Inference in R",0,3,"Patarakin",NA
"D3",5623,5623,"Causal Inference: The Mixtape",0,3,"Patarakin",NA
"D3",5625,5625,"Инженерная лаборатория «Проект и ум» на базе школьного технопарка",0,3,"Patarakin",NA
"D910",5625,5625,"Инженерная лаборатория «Проект и ум» на базе школьного технопарка",0,910,"Авзалова Айгуль Ильдаровна",NA
"D881",5631,5631,"Цифровые компетенции учителей",0,881,"Евгения",NA
"D3",5632,5632,"Рамки цифровой зрелости школы",0,3,"Patarakin",NA
"D881",5632,5632,"Рамки цифровой зрелости школы",0,881,"Евгения",NA
"D3",5636,5636,"Данные из модели о привлечении учеников в школы Китая",0,3,"Patarakin",NA
"D3",5637,5637,"DigCompOrg",0,3,"Patarakin",NA
"D881",5637,5637,"DigCompOrg",0,881,"Евгения",NA
"D3",5638,5638,"Проблема вовлеченности школьников в интеллектуальные состязания",0,3,"Patarakin",NA
"D885",5638,5638,"Проблема вовлеченности школьников в интеллектуальные состязания",0,885,"Marytikova",NA
"D884",5639,5639,"Коммуникативные навыки",0,884,"Ирина Ноосва",NA
"D884",5640,5640,"Равные возможности в классе: стратегии для успеха каждого ребенка",0,884,"Ирина Ноосва",NA
"D3",5642,5642,"Амонашвили",0,3,"Patarakin",NA
"D1096",5642,5642,"Амонашвили",0,1096,"EkaterinaRodionovaIoe2025",NA
"D1096",5643,5643,"Монтессори",0,1096,"EkaterinaRodionovaIoe2025",NA
"D1096",5644,5644,"Школьное сообщество",0,1096,"EkaterinaRodionovaIoe2025",NA
"D1100",5649,5649,"Биография Хилари Дафф",0,1100,"Niceoutsider70",NA
"D881",5650,5650,"Ae-MoYS",0,881,"Евгения",NA
"D886",5652,5652,"Сетевая образовательная программа инженерного направления в массовой школе",0,886,"Aznureev",NA
"D881",5653,5653,"Сетевые профессиональные сообщества",0,881,"Евгения",NA
"D881",5654,5654,"ELearning Roadmap",0,881,"Евгения",NA
"D3",5665,5665,"Как построить социограмму совместной деятельности по теме инженерного образования",0,3,"Patarakin",NA
"D910",5666,5666,"Социограмма совместной деятельности по теме инженерного образования",0,910,"Авзалова Айгуль Ильдаровна",NA
"D3",5670,5670,"Управление профессиональным развитием педагогов ОО (на примере компетенции ""формирование коммуникативных навыков школьников)",0,3,"Patarakin",NA
"D884",5670,5670,"Управление профессиональным развитием педагогов ОО (на примере компетенции ""формирование коммуникативных навыков школьников)",0,884,"Ирина Ноосва",NA
"D911",5671,5671,"Организационная метафора",0,911,"Татьяна З",NA
"D1116",5675,5675,"Реализация международных программ",0,1116,"Anna Stets",NA
"D1103",5676,5676,"Репетиторство",0,1103,"Милана Керимова",NA
"D1121",5681,5681,"Подарочные наборы с логотипом",0,1121,"Upozilum",NA
"D3",5694,5694,"Introduction to Econometrics with R",0,3,"Patarakin",NA
"D3",5716,5716,"Психолингвистика",0,3,"Patarakin",NA
"D3",5717,5717,"Text Mining with R",0,3,"Patarakin",NA
"D3",5718,5718,"TF-IDF",0,3,"Patarakin",NA
"D3",5719,5719,"Анализ тональности текста",0,3,"Patarakin",NA
"D3",5720,5720,"Токенизация",0,3,"Patarakin",NA
"D3",5721,5721,"Нормализация текста",0,3,"Patarakin",NA
"D3",5722,5722,"Стемминг",0,3,"Patarakin",NA
"D3",5723,5723,"Терм-документная матрица",0,3,"Patarakin",NA
"D3",5724,5724,"Социально-экономическая статистика и эконометрика (syllabus)",0,3,"Patarakin",NA
"D3",5725,5725,"Дружелюбная эконометрика",0,3,"Patarakin",NA
"D1152",5726,5726,"Септик оникс официальный сайт производителя в Москве",0,1152,"Seekocean8",NA
"D4",5732,5732,"TestWiget",0,4,"Burov",NA
"D3",5741,5741,"Информационно-коммуникативные технологии в научной деятельности (syllabus) 2025",0,3,"Patarakin",NA
"D3",5742,5742,"Технологии и инструменты цифрового образования (syllabus) 2025",0,3,"Patarakin",NA
"D3",5743,5743,"Introductory Statistics for Economics",0,3,"Patarakin",NA
"D3",5744,5744,"Методы информационного анализа текста (syllabus) 2025",0,3,"Patarakin",NA
"D3",5751,5751,"Language Change",0,3,"Patarakin",NA
"D3",5753,5753,"Закон всемирного тяготения",0,3,"Patarakin",NA
"D3",5754,5754,"Поппер",0,3,"Patarakin",NA
"D3",5755,5755,"Анализ временных рядов",0,3,"Patarakin",NA
"D3",5756,5756,"Wealth Distribution",0,3,"Patarakin",NA
"D2067",5756,5756,"Wealth Distribution",0,2067,"Амирреза",NA
"D3",5757,5757,"Буш",0,3,"Patarakin",NA
"D3",5758,5758,"Вард Кэннингем",0,3,"Patarakin",NA
"D3",5759,5759,"Rumor Mill",0,3,"Patarakin",NA
"D1170",5773,5773,"Аэлина Габидуллина/Песочница",0,1170,"Аэлина Габидуллина",NA
"D3",5778,5778,"Simple Economy",0,3,"Patarakin",NA
"D3",5782,5782,"Генеральная совокупность",0,3,"Patarakin",NA
"D3",5783,5783,"Переменная (статистика)",0,3,"Patarakin",NA
"D3",5784,5784,"Социология",0,3,"Patarakin",NA
"D3",5785,5785,"Социальная статистика",0,3,"Patarakin",NA
"D3",5786,5786,"OpenAlex",0,3,"Patarakin",NA
"D3",5794,5794,"Математическое ожидание",0,3,"Patarakin",NA
"D3",5795,5795,"Дисперсия",0,3,"Patarakin",NA
"D3",5796,5796,"Стандартное отклонение",0,3,"Patarakin",NA
"D3",5798,5798,"Central Limit Theorem",0,3,"Patarakin",NA
"D3",5800,5800,"Random Basic Advanced",0,3,"Patarakin",NA
"D3",5801,5801,"Функция полезности",0,3,"Patarakin",NA
"D3",5802,5802,"Парная регрессия",0,3,"Patarakin",NA
"D3",5803,5803,"Спецификация модели",0,3,"Patarakin",NA
"D3",5805,5805,"Временной ряд",0,3,"Patarakin",NA
"D3",5806,5806,"Система эконометрических уравнений",0,3,"Patarakin",NA
"D3",5808,5808,"Метод наименьших квадратов",0,3,"Patarakin",NA
"D3",5809,5809,"МНК",0,3,"Patarakin",NA
"D3",5811,5811,"Оценка значимости параметров линейной регрессии",0,3,"Patarakin",NA
"D1197",5826,5826,"Совет Студентов и Аспирантов",0,1197,"Григорий Глаголенко",NA
"D1205",5827,5827,"PostgreSQL",0,1205,"TyulenevAV",NA
"D3",5828,5828,"Qwen",0,3,"Patarakin",NA
"D1199",5828,5828,"Qwen",0,1199,"Евгения Будянская",NA
"D1201",5828,5828,"Qwen",0,1201,"OlesyaPirozhkova",NA
"D3",5836,5836,"Deepseek",0,3,"Patarakin",NA
"D3",5841,5841,"Основы компьютерного моделирования (Syllabus) 2025",0,3,"Patarakin",NA
"D3",5842,5842,"Джи",0,3,"Patarakin",NA
"D3",5844,5844,"Мультимодальная учебная аналитика",0,3,"Patarakin",NA
"D3",5845,5845,"Информационные системы (Syllabus) 2025",0,3,"Patarakin",NA
"D3",5846,5846,"Культурно-историческая психология",0,3,"Patarakin",NA
"D3",5847,5847,"AgentSheets",0,3,"Patarakin",NA
"D3",5848,5848,"ЗБР",0,3,"Patarakin",NA
"D3",5850,5850,"Schwartz",0,3,"Patarakin",NA
"D3",5855,5855,"Методы анализа больших данных (Syllabus) 2025",0,3,"Patarakin",NA
"D3",5857,5857,"CORGIS",0,3,"Patarakin",NA
"D3",5867,5867,"Участники:Mironov",0,3,"Patarakin",NA
"D1220",5867,5867,"Участники:Mironov",0,1220,"Mironov",NA
"D1222",5867,5867,"Участники:Mironov",0,1222,"ChalovDmitry",NA
"D1218",5879,5879,"Коррекционная педагогика",0,1218,"Аниканова Мария Сергеевна",NA
"D3",5894,5894,"Интернет-вещей",0,3,"Patarakin",NA
"D1233",5895,5895,"Тут ИНФА предложения вносит",0,1233,"Infectedsword64",NA
"D3",5897,5897,"VOYANT Tools",0,3,"Patarakin",NA
"D1172",5897,5897,"VOYANT Tools",0,1172,"Антюхова Эльза",NA
"D3",5921,5921,"Особенности самопрезентации психолога в цифровой среде",0,3,"Patarakin",NA
"D1173",5921,5921,"Особенности самопрезентации психолога в цифровой среде",0,1173,"Айжан Ужинкина",NA
"D3",5943,5943,"Роль научно-психологических метафор в становлении профессионально-понятий",0,3,"Patarakin",NA
"D1170",5943,5943,"Роль научно-психологических метафор в становлении профессионально-понятий",0,1170,"Аэлина Габидуллина",NA
"D3",5945,5945,"Взаимосвязь развития математической компетентности и особенностей письменной и устной речи",0,3,"Patarakin",NA
"D1172",5945,5945,"Взаимосвязь развития математической компетентности и особенностей письменной и устной речи",0,1172,"Антюхова Эльза",NA
"D1843",5945,5945,"Взаимосвязь развития математической компетентности и особенностей письменной и устной речи",0,1843,"Novikova Evgeniia",NA
"D3",5948,5948,"Облачные технологии (Syllabus) 2025",0,3,"Patarakin",NA
"D3",5980,5980,"Методы информационного анализа текста (syllabus) 2025/Урок 1",0,3,"Patarakin",NA
"D3",5982,5982,"Статистическая модель",0,3,"Patarakin",NA
"D1299",5994,5994,"Наглядный",0,1299,"Диляра",NA
"D1300",6006,6006,"Термопакеты для чувствительных продуктов",0,1300,"Upuly",NA
"D686",6008,6008,"Корреляция сельскохозяйственного производства и численности населения Переславского района (в современных границах) в 1913–1937 гг.",0,686,"Георгий Тришин",NA
"D3",6015,6015,"Economic Disparity",0,3,"Patarakin",NA
"D3",6016,6016,"Эндогенность",0,3,"Patarakin",NA
"D3",6017,6017,"Пространственная автокорреляция",0,3,"Patarakin",NA
"D3",6018,6018,"Гетероскедастичность",0,3,"Patarakin",NA
"D1305",6019,6019,"NTXPRIME.com отзывы",0,1305,"Enterbash7",NA
"D3",6020,6020,"Дисперсия случайной ошибки",0,3,"Patarakin",NA
"D3",6021,6021,"Гомоскедастичность",0,3,"Patarakin",NA
"D3",6022,6022,"Economic Disparity/R simulation",0,3,"Patarakin",NA
"D3",6023,6023,"Тест Бройша — Пагана",0,3,"Patarakin",NA
"D3",6024,6024,"Economic Disparity/Experiments",0,3,"Patarakin",NA
"D3",6025,6025,"Мультиколлинеарность",0,3,"Patarakin",NA
"D3",6029,6029,"Систематизация образовательных практик взаимодействия людей и генеративных ИИ-агентов",0,3,"Patarakin",NA
"D3",6040,6040,"Человеко-машинная команда",0,3,"Patarakin",NA
"D3",6041,6041,"HUMAT",0,3,"Patarakin",NA
"D3",6050,6050,"Литература как терапия: как читать тексты для самопознания и снятия стресса",0,3,"Patarakin",NA
"D1254",6050,6050,"Литература как терапия: как читать тексты для самопознания и снятия стресса",0,1254,"Подгорнова Инесса",NA
"D1251",6051,6051,"Детская литература: как привить ребёнку любовь к чтению?",0,1251,"Чекарев Тимур",NA
"D430",6052,6052,"Комплексный анализ для ЕГЭ: от шаблонного сочинения к филологическому исследованию",0,430,"Зинаида Новикова",NA
"D1254",6052,6052,"Комплексный анализ для ЕГЭ: от шаблонного сочинения к филологическому исследованию",0,1254,"Подгорнова Инесса",NA
"D1257",6052,6052,"Комплексный анализ для ЕГЭ: от шаблонного сочинения к филологическому исследованию",0,1257,"Куц София",NA
"D1258",6052,6052,"Комплексный анализ для ЕГЭ: от шаблонного сочинения к филологическому исследованию",0,1258,"Камилла Порохня",NA
"D1314",6055,6055,"Фанфик: классификация, рейтинги, оформление. Создаём фанфик с нуля",0,1314,"Маякова Юлия",NA
"D1252",6056,6056,"""Война и мир"" Л.Н. Толстого: о народе для народа",0,1252,"Светлишина Софья",NA
"D1258",6058,6058,"Мир драматургии А.А. Милна: ключи к пониманию",0,1258,"Камилла Порохня",NA
"D1259",6060,6060,"От ""Семи самураев"" до ""Убить Билла"": кодекс бусидо в большом кино",0,1259,"Кристина Пышкина",NA
"D1256",6061,6061,"Искусство чтения: как понимать классическую литературу",0,1256,"Семенова Вероника",NA
"D1255",6063,6063,"Психология повседневности в прозе Антона Чехова и Ги де Мопассана",0,1255,"Эскина Мария",NA
"D1248",6068,6068,"Пушкин и серебряный век русской литературы.",0,1248,"Котенков Андрей",NA
"D430",6069,6069,"С легкостью пера - пиши как классик!",0,430,"Зинаида Новикова",NA
"D1241",6069,6069,"С легкостью пера - пиши как классик!",0,1241,"Ефремов Михаил",NA
"D1249",6069,6069,"С легкостью пера - пиши как классик!",0,1249,"Анна Вертилецкая",NA
"D3",6070,6070,"Медиаобразование в школе: от информации к осознанному выбору",0,3,"Patarakin",NA
"D430",6070,6070,"Медиаобразование в школе: от информации к осознанному выбору",0,430,"Зинаида Новикова",NA
"D1242",6070,6070,"Медиаобразование в школе: от информации к осознанному выбору",0,1242,"Полина Баженова",NA
"D1306",6073,6073,"Психология и философия в ""Преступлении и наказании"" Ф.М.Достоевского",0,1306,"Анна Кирпичинина",NA
"D430",6075,6075,"Главное из школьной классики литературы: курс для 8-11 классов",0,430,"Зинаида Новикова",NA
"D1239",6075,6075,"Главное из школьной классики литературы: курс для 8-11 классов",0,1239,"Валерия Кошенко",NA
"D1245",6077,6077,"Диалог русской литературы с античностью",0,1245,"Иванов Алексей",NA
"D1246",6079,6079,"Русская классика на театральной сцене",0,1246,"Алина Борискина",NA
"D1412",6079,6079,"Русская классика на театральной сцене",0,1412,"Гудкова Дарья",NA
"D1243",6081,6081,"Средства художественной выразительности в материалах ЕГЭ",0,1243,"Ольга Дождева",NA
"D3",6085,6085,"Socio-semantic network analysis",0,3,"Patarakin",NA
"D430",6094,6094,"Краткая история русской литературы XVIII века",0,430,"Зинаида Новикова",NA
"D1253",6094,6094,"Краткая история русской литературы XVIII века",0,1253,"Петров Николай",NA
"D1329",6095,6095,"ТК-Контейнер - международные грузоперевозки, международная коммерческая работа с контейнерами",0,1329,"Towereither1",NA
"D1330",6096,6096,"Roomsee - маркетплейс дизайнерской мебели и декора",0,1330,"Assetlabor8",NA
"D3",6102,6102,"Тенденции развития международного образования 2025",0,3,"Patarakin",NA
"D7",6102,6102,"Тенденции развития международного образования 2025",0,7,"Yarmakhov",NA
"D3",6109,6109,"Многоагентные модели в составе активных эссе на поле цифровой дидактики",0,3,"Patarakin",NA
"D3",6112,6112,"T-тест",0,3,"Patarakin",NA
"D3",6113,6113,"T-критерий",0,3,"Patarakin",NA
"D3",6114,6114,"T-test",0,3,"Patarakin",NA
"D3",6115,6115,"Критерий Стьюдента",0,3,"Patarakin",NA
"D3",6117,6117,"Нелинейная регрессия",0,3,"Patarakin",NA
"D3",6135,6135,"VSCode",0,3,"Patarakin",NA
"D1360",6140,6140,"Навесное оборудование для спецтехники: обеспечьте безопасность и надежность c Partner24",0,1360,"Ezafuc",NA
"D3",6141,6141,"Тенденции развития международного образования 2025/Занятие 1",0,3,"Patarakin",NA
"D7",6141,6141,"Тенденции развития международного образования 2025/Занятие 1",0,7,"Yarmakhov",NA
"D3",6151,6151,"Graduates",0,3,"Patarakin",NA
"D3",6153,6153,"Testimate (CODAP)",0,3,"Patarakin",NA
"D3",6182,6182,"Война на страницах: подготовка к итоговому сочинению",0,3,"Patarakin",NA
"D430",6182,6182,"Война на страницах: подготовка к итоговому сочинению",0,430,"Зинаида Новикова",NA
"D1380",6182,6182,"Война на страницах: подготовка к итоговому сочинению",0,1380,"Karina Dolina",NA
"D3",6183,6183,"Нескучный абсурд: Даниил Хармс на уроке литературы",0,3,"Patarakin",NA
"D1241",6183,6183,"Нескучный абсурд: Даниил Хармс на уроке литературы",0,1241,"Ефремов Михаил",NA
"D3",6185,6185,"F-test",0,3,"Patarakin",NA
"D3",6186,6186,"F-тест",0,3,"Patarakin",NA
"D3",6187,6187,"Критерий Фишера",0,3,"Patarakin",NA
"D3",6188,6188,"Тест Стьюдента",0,3,"Patarakin",NA
"D3",6189,6189,"«Художественная речь»",0,3,"Patarakin",NA
"D1240",6189,6189,"«Художественная речь»",0,1240,"Телешов Никита",NA
"D1385",6190,6190,"Спортивные товары интернет-магазина Медведь",0,1385,"Unepid",NA
"D3",6191,6191,"Статистическое мышление",0,3,"Patarakin",NA
"D1244",6192,6192,"От слова к смыслу: как читать и понимать художественные тексты",0,1244,"Климкина Полина",NA
"D3",6193,6193,"(ANOVA)",0,3,"Patarakin",NA
"D3",6194,6194,"Дисперсионный анализ",0,3,"Patarakin",NA
"D3",6195,6195,"ANOVA",0,3,"Patarakin",NA
"D3",6197,6197,"Тест Шапиро-Уилка",0,3,"Patarakin",NA
"D3",6198,6198,"Хи-квадрат",0,3,"Patarakin",NA
"D3",6199,6199,"Тест Дарбина-Уотсона",0,3,"Patarakin",NA
"D3",6201,6201,"Тренд",0,3,"Patarakin",NA
"D3",6202,6202,"Сезонность",0,3,"Patarakin",NA
"D3",6203,6203,"Цикличность",0,3,"Patarakin",NA
"D3",6204,6204,"Durbin-Watson test",0,3,"Patarakin",NA
"D3",6205,6205,"Критерий Дарбина-Уотсона",0,3,"Patarakin",NA
"D3",6206,6206,"Breusch-Pagan test",0,3,"Patarakin",NA
"D3",6207,6207,"Shapiro-Wilk test",0,3,"Patarakin",NA
"D3",6208,6208,"Тест Харке — Бера",0,3,"Patarakin",NA
"D3",6209,6209,"Тест Уайта",0,3,"Patarakin",NA
"D3",6210,6210,"White test",0,3,"Patarakin",NA
"D3",6211,6211,"Jarque-Bera test",0,3,"Patarakin",NA
"D3",6212,6212,"Фактор инфляции дисперсии",0,3,"Patarakin",NA
"D3",6213,6213,"Variance Inflation Factor",0,3,"Patarakin",NA
"D3",6214,6214,"Тест Дики — Фуллера",0,3,"Patarakin",NA
"D3",6215,6215,"Единичный корень",0,3,"Patarakin",NA
"D3",6216,6216,"Авторегрессионная модель",0,3,"Patarakin",NA
"D3",6217,6217,"ADF тест",0,3,"Patarakin",NA
"D3",6218,6218,"Тест Филлипса-Перрона",0,3,"Patarakin",NA
"D3",6219,6219,"PP тест",0,3,"Patarakin",NA
"D3",6220,6220,"Chi-square test",0,3,"Patarakin",NA
"D3",6221,6221,"KPSS тест",0,3,"Patarakin",NA
"D3",6222,6222,"Lagrange Multiplier test",0,3,"Patarakin",NA
"D3",6223,6223,"Тест множителей Лагранжа",0,3,"Patarakin",NA
"D3",6224,6224,"Эконометрическая модель",0,3,"Patarakin",NA
"D3",6231,6231,"Геймификация (тренд)",0,3,"Patarakin",NA
"D7",6231,6231,"Геймификация (тренд)",0,7,"Yarmakhov",NA
"D1372",6231,6231,"Геймификация (тренд)",0,1372,"DmitryRz",NA
"D1375",6231,6231,"Геймификация (тренд)",0,1375,"Елизавета Ефимова-Финкель",NA
"D1586",6231,6231,"Геймификация (тренд)",0,1586,"BudilovskiiAV",NA
"D3",6234,6234,"Модель данных",0,3,"Patarakin",NA
"D3",6236,6236,"Формирующее оценивание (тренд)",0,3,"Patarakin",NA
"D7",6236,6236,"Формирующее оценивание (тренд)",0,7,"Yarmakhov",NA
"D1374",6236,6236,"Формирующее оценивание (тренд)",0,1374,"Tasya-Fe",NA
"D1897",6236,6236,"Формирующее оценивание (тренд)",0,1897,"ShepelAM612",NA
"D3",6237,6237,"Тенденции развития международного образования 2025/Занятие 2",0,3,"Patarakin",NA
"D7",6237,6237,"Тенденции развития международного образования 2025/Занятие 2",0,7,"Yarmakhov",NA
"D1372",6237,6237,"Тенденции развития международного образования 2025/Занятие 2",0,1372,"DmitryRz",NA
"D1375",6237,6237,"Тенденции развития международного образования 2025/Занятие 2",0,1375,"Елизавета Ефимова-Финкель",NA
"D3",6238,6238,"Цифровой помощник (тренд)",0,3,"Patarakin",NA
"D7",6238,6238,"Цифровой помощник (тренд)",0,7,"Yarmakhov",NA
"D1372",6238,6238,"Цифровой помощник (тренд)",0,1372,"DmitryRz",NA
"D3",6239,6239,"Микрообучение (тренд)",0,3,"Patarakin",NA
"D7",6239,6239,"Микрообучение (тренд)",0,7,"Yarmakhov",NA
"D1643",6239,6239,"Микрообучение (тренд)",0,1643,"Середняк Ярослав",NA
"D3",6240,6240,"Персонализация (тренд)",0,3,"Patarakin",NA
"D7",6240,6240,"Персонализация (тренд)",0,7,"Yarmakhov",NA
"D1369",6240,6240,"Персонализация (тренд)",0,1369,"MrleN19",NA
"D1371",6240,6240,"Персонализация (тренд)",0,1371,"KhazanovaAA",NA
"D1375",6240,6240,"Персонализация (тренд)",0,1375,"Елизавета Ефимова-Финкель",NA
"D1642",6240,6240,"Персонализация (тренд)",0,1642,"Перепелятникова Анастасия",NA
"D1733",6240,6240,"Персонализация (тренд)",0,1733,"Кузнецов Кирилл",NA
"D3",6241,6241,"Иммерсивное обучение (тренд)",0,3,"Patarakin",NA
"D7",6241,6241,"Иммерсивное обучение (тренд)",0,7,"Yarmakhov",NA
"D1586",6241,6241,"Иммерсивное обучение (тренд)",0,1586,"BudilovskiiAV",NA
"D3",6242,6242,"Soft skills (тренд)",0,3,"Patarakin",NA
"D7",6242,6242,"Soft skills (тренд)",0,7,"Yarmakhov",NA
"D1367",6242,6242,"Soft skills (тренд)",0,1367,"Alishari",NA
"D1377",6242,6242,"Soft skills (тренд)",0,1377,"Юлия Бусыгина",NA
"D3",6243,6243,"Компетентностный подход (тренд)",0,3,"Patarakin",NA
"D7",6243,6243,"Компетентностный подход (тренд)",0,7,"Yarmakhov",NA
"D1378",6243,6243,"Компетентностный подход (тренд)",0,1378,"Iulija 1998",NA
"D1631",6243,6243,"Компетентностный подход (тренд)",0,1631,"Grrbasis",NA
"D1821",6243,6243,"Компетентностный подход (тренд)",0,1821,"KornevaNS",NA
"D3",6245,6245,"Автокорреляция уровней временного ряда",0,3,"Patarakin",NA
"D3",6246,6246,"Исключение тенденции",0,3,"Patarakin",NA
"D3",6247,6247,"Тенденция",0,3,"Patarakin",NA
"D3",6249,6249,"Автокорреляция в остатках",0,3,"Patarakin",NA
"D3",6250,6250,"Автокорреляция",0,3,"Patarakin",NA
"D3",6251,6251,"Система показателей социально-экономической статистики",0,3,"Patarakin",NA
"D3",6253,6253,"Геймификация",0,3,"Patarakin",NA
"D3",6254,6254,"Компетентностный подход",0,3,"Patarakin",NA
"D3",6255,6255,"Микрообучение",0,3,"Patarakin",NA
"D3",6256,6256,"Персонализация",0,3,"Patarakin",NA
"D3",6257,6257,"Формирующее оценивание",0,3,"Patarakin",NA
"D3",6258,6258,"Гибридное обучение (тренд)",0,3,"Patarakin",NA
"D1372",6258,6258,"Гибридное обучение (тренд)",0,1372,"DmitryRz",NA
"D1376",6258,6258,"Гибридное обучение (тренд)",0,1376,"OksanaOS036",NA
"D1397",6258,6258,"Гибридное обучение (тренд)",0,1397,"Денис Осокин",NA
"D7",6259,6259,"Портфолио",0,7,"Yarmakhov",NA
"D3",6260,6260,"Инструментальная переменная",0,3,"Patarakin",NA
"D1368",6261,6261,"VarWin Education",0,1368,"Анастасия014",NA
"D1375",6262,6262,"Delitex",0,1375,"Елизавета Ефимова-Финкель",NA
"D3",6263,6263,"Скрайбинг",0,3,"Patarakin",NA
"D1371",6263,6263,"Скрайбинг",0,1371,"KhazanovaAA",NA
"D1372",6264,6264,"Учи.ру",0,1372,"DmitryRz",NA
"D1369",6266,6266,"Маскот",0,1369,"MrleN19",NA
"D3",6267,6267,"Case Study",0,3,"Patarakin",NA
"D1367",6267,6267,"Case Study",0,1367,"Alishari",NA
"D1370",6268,6268,"VR Chemistry Lab",0,1370,"Маргарита",NA
"D1376",6269,6269,"Character.ai",0,1376,"OksanaOS036",NA
"D3",6270,6270,"Панельные данные",0,3,"Patarakin",NA
"D3",6271,6271,"Потребительский выбор (модель)",0,3,"Patarakin",NA
"D3",6273,6273,"Множественная корреляция",0,3,"Patarakin",NA
"D3",6274,6274,"Фиктивная переменная",0,3,"Patarakin",NA
"D3",6281,6281,"Причинность",0,3,"Patarakin",NA
"D3",6286,6286,"Сетевые сообщества (социо-технические и социо-семантические сети)",0,3,"Patarakin",NA
"D1403",6302,6302,"Изготовление изделий из камня на заказ",0,1403,"Cornynumber8",NA
"D1246",6313,6313,"Комизм по-чеховски",0,1246,"Алина Борискина",NA
"D1247",6313,6313,"Комизм по-чеховски",0,1247,"Олеся",NA
"D1414",6315,6315,"Kaida Connector - высококачественные разъемы и соединители",0,1414,"Scaretense",NA
"D3",6346,6346,"Школа 1329 Москва",0,3,"Patarakin",NA
"D3",6347,6347,"Школа 2120 Москва",0,3,"Patarakin",NA
"D3",6350,6350,"Тенденции развития международного образования 2025/Занятие 3",0,3,"Patarakin",NA
"D7",6350,6350,"Тенденции развития международного образования 2025/Занятие 3",0,7,"Yarmakhov",NA
"D7",6351,6351,"Таблица тенденций международного образования",0,7,"Yarmakhov",NA
"D1367",6351,6351,"Таблица тенденций международного образования",0,1367,"Alishari",NA
"D1368",6351,6351,"Таблица тенденций международного образования",0,1368,"Анастасия014",NA
"D1369",6351,6351,"Таблица тенденций международного образования",0,1369,"MrleN19",NA
"D1370",6351,6351,"Таблица тенденций международного образования",0,1370,"Маргарита",NA
"D1371",6351,6351,"Таблица тенденций международного образования",0,1371,"KhazanovaAA",NA
"D1372",6351,6351,"Таблица тенденций международного образования",0,1372,"DmitryRz",NA
"D1374",6351,6351,"Таблица тенденций международного образования",0,1374,"Tasya-Fe",NA
"D1375",6351,6351,"Таблица тенденций международного образования",0,1375,"Елизавета Ефимова-Финкель",NA
"D1376",6351,6351,"Таблица тенденций международного образования",0,1376,"OksanaOS036",NA
"D1397",6351,6351,"Таблица тенденций международного образования",0,1397,"Денис Осокин",NA
"D1586",6351,6351,"Таблица тенденций международного образования",0,1586,"BudilovskiiAV",NA
"D1587",6351,6351,"Таблица тенденций международного образования",0,1587,"Scherbatov Maxim",NA
"D1631",6351,6351,"Таблица тенденций международного образования",0,1631,"Grrbasis",NA
"D1639",6351,6351,"Таблица тенденций международного образования",0,1639,"Ирина Масленникова",NA
"D1642",6351,6351,"Таблица тенденций международного образования",0,1642,"Перепелятникова Анастасия",NA
"D1643",6351,6351,"Таблица тенденций международного образования",0,1643,"Середняк Ярослав",NA
"D1733",6351,6351,"Таблица тенденций международного образования",0,1733,"Кузнецов Кирилл",NA
"D1821",6351,6351,"Таблица тенденций международного образования",0,1821,"KornevaNS",NA
"D1897",6351,6351,"Таблица тенденций международного образования",0,1897,"ShepelAM612",NA
"D7",6353,6353,"Содержание коференции Цифровая дидактика 2025",0,7,"Yarmakhov",NA
"D1367",6353,6353,"Содержание коференции Цифровая дидактика 2025",0,1367,"Alishari",NA
"D1370",6353,6353,"Содержание коференции Цифровая дидактика 2025",0,1370,"Маргарита",NA
"D1371",6353,6353,"Содержание коференции Цифровая дидактика 2025",0,1371,"KhazanovaAA",NA
"D1372",6353,6353,"Содержание коференции Цифровая дидактика 2025",0,1372,"DmitryRz",NA
"D1375",6353,6353,"Содержание коференции Цифровая дидактика 2025",0,1375,"Елизавета Ефимова-Финкель",NA
"D3",6354,6354,"Диаграмма рассеяния",0,3,"Patarakin",NA
"D1375",6360,6360,"Галлюцинация нейросетей",0,1375,"Елизавета Ефимова-Финкель",NA
"D1369",6361,6361,"Персонализация образовательного процесса",0,1369,"MrleN19",NA
"D1377",6362,6362,"SEL (social-emotional learning)",0,1377,"Юлия Бусыгина",NA
"D1367",6364,6364,"AI-DRIVEN LEARNING ANALYTICS",0,1367,"Alishari",NA
"D1372",6365,6365,"Цифровое зеркало",0,1372,"DmitryRz",NA
"D1371",6370,6370,"ИИ-агент (Ростелеком Лицей)",0,1371,"KhazanovaAA",NA
"D1368",6371,6371,"ИИ-агент",0,1368,"Анастасия014",NA
"D1367",6372,6372,"AI-Driven Learning Analytics",0,1367,"Alishari",NA
"D3",6373,6373,"Педагогическая симуляция",0,3,"Patarakin",NA
"D1378",6373,6373,"Педагогическая симуляция",0,1378,"Iulija 1998",NA
"D3",6376,6376,"Матрица корреляций",0,3,"Patarakin",NA
"D1370",6377,6377,"VR Chemistry Lab, понятие мягкой саморегуляции",0,1370,"Маргарита",NA
"D7",6378,6378,"Гибкая персонализация и развитие метакогнитивных навыков",0,7,"Yarmakhov",NA
"D1370",6378,6378,"Гибкая персонализация и развитие метакогнитивных навыков",0,1370,"Маргарита",NA
"D1444",6379,6379,"Форум о заработке в интернете",0,1444,"Tyrantcoward8",NA
"D1255",6381,6381,"Внедрение искусственного интеллекта в профессиональную деятельность филолога",0,1255,"Эскина Мария",NA
"D3",6383,6383,"Регрессор",0,3,"Patarakin",NA
"D3",6384,6384,"Независимая переменная",0,3,"Patarakin",NA
"D3",6385,6385,"Объясняющая переменная",0,3,"Patarakin",NA
"D1306",6387,6387,"Психология и философия в ""Преступлении и наказании"" Ф. М. Достоевского.",0,1306,"Анна Кирпичинина",NA
"D1314",6388,6388,"Собачье сердце» Владимира Бортко: ключ к аргументу в сочинении ЕГЭ по литературе",0,1314,"Маякова Юлия",NA
"D1314",6389,6389,"«Собачье сердце» Владимира Бортко: ключ к аргументу в сочинении ЕГЭ по литературе",0,1314,"Маякова Юлия",NA
"D3",6392,6392,"Chi-Squared",0,3,"Patarakin",NA
"D3",6393,6393,"Diagnostics for Simple Linear Regression",0,3,"Patarakin",NA
"D3",6395,6395,"Серебряный век русской литературы: поэзия, бунт и пророчество на пороге катастрофы",0,3,"Patarakin",NA
"D1244",6395,6395,"Серебряный век русской литературы: поэзия, бунт и пророчество на пороге катастрофы",0,1244,"Климкина Полина",NA
"D3",6396,6396,"Информационно-коммуникативные технологии в научной деятельности (syllabus) 2025/РФ",0,3,"Patarakin",NA
"D3",6404,6404,"Google Docs",0,3,"Patarakin",NA
"D3",6405,6405,"Документы Google",0,3,"Patarakin",NA
"D3",6406,6406,"Remote Procedure Call",0,3,"Patarakin",NA
"D3",6407,6407,"Удалённый Вызов Процедуры",0,3,"Patarakin",NA
"D1412",6412,6412,"Текст в диалоге с читателем: романное творчество Андрея Белого",0,1412,"Гудкова Дарья",NA
"D3",6427,6427,"Minority Game",0,3,"Patarakin",NA
"D3",6432,6432,"Wolf-Sheep Predation",0,3,"Patarakin",NA
"D3",6434,6434,"Wandering Letters",0,3,"Patarakin",NA
"D3",6442,6442,"Как провести регрессионный анализ",0,3,"Patarakin",NA
"D3",6460,6460,"Влияние параметров визуальной составляющей креолизованного текста на восприятие бренда и потребительское поведение",0,3,"Patarakin",NA
"D1178",6460,6460,"Влияние параметров визуальной составляющей креолизованного текста на восприятие бренда и потребительское поведение",0,1178,"Анастасия Синенькая",NA
"D3",6462,6462,"Мотив (сетевой анализ)",0,3,"Patarakin",NA
"D3",6463,6463,"SDA",0,3,"Patarakin",NA
"D3",6464,6464,"TEMPO",0,3,"Patarakin",NA
"D3",6465,6465,"Small group discussion",0,3,"Patarakin",NA
"D1170",6466,6466,"Метафора Айсберга",0,1170,"Аэлина Габидуллина",NA
"D1170",6472,6472,"Мозг – нейронная сеть",0,1170,"Аэлина Габидуллина",NA
"D1170",6473,6473,"Метафора",0,1170,"Аэлина Габидуллина",NA
"D3",6477,6477,"Креолизованный текст",0,3,"Patarakin",NA
"D3",6478,6478,"Как провести анализ временного ряда",0,3,"Patarakin",NA
"D3",6480,6480,"Time Series Lab",0,3,"Patarakin",NA
"D3",6483,6483,"Преподавание",0,3,"Patarakin",NA
"D7",6486,6486,"Тенденции развития международного образования 2025/Занятие 4",0,7,"Yarmakhov",NA
"D7",6487,6487,"Граф тенденций международного образования",0,7,"Yarmakhov",NA
"D1733",6487,6487,"Граф тенденций международного образования",0,1733,"Кузнецов Кирилл",NA
"D7",6492,6492,"Чимборасо",0,7,"Yarmakhov",NA
"D1586",6492,6492,"Чимборасо",0,1586,"BudilovskiiAV",NA
"D1639",6492,6492,"Чимборасо",0,1639,"Ирина Масленникова",NA
"D1897",6492,6492,"Чимборасо",0,1897,"ShepelAM612",NA
"D1368",6497,6497,"ИИ-агент (МГПУ)",0,1368,"Анастасия014",NA
"D1370",6498,6498,"Автономия в обучении",0,1370,"Маргарита",NA
"D7",6499,6499,"Учебная аналитика на основе ИИ",0,7,"Yarmakhov",NA
"D1367",6499,6499,"Учебная аналитика на основе ИИ",0,1367,"Alishari",NA
"D7",6500,6500,"Иммерсивное обучение (тренд),гибкая персонализация и развитие метакогнитивных навыков",0,7,"Yarmakhov",NA
"D3",6505,6505,"VorobevaEkaterina/Wolf-Sheep",0,3,"Patarakin",NA
"D1193",6505,6505,"VorobevaEkaterina/Wolf-Sheep",0,1193,"Kate",NA
"D1193",6507,6507,"DataLens",0,1193,"Kate",NA
"D1377",6508,6508,"Адаптивное обучение",0,1377,"Юлия Бусыгина",NA
"D1370",6510,6510,"Мягкая саморегуляция",0,1370,"Маргарита",NA
"D1378",6512,6512,"Искусственный интеллект в образовании",0,1378,"Iulija 1998",NA
"D1370",6513,6513,"Гибкая персонализация и развитие метакогнитивных навыков (тренд)",0,1370,"Маргарита",NA
"D1376",6516,6516,"Формирование мышления",0,1376,"OksanaOS036",NA
"D3",6517,6517,"Datawrapper",0,3,"Patarakin",NA
"D1193",6525,6525,"VorobevaEkaterina/SimpleEconomy",0,1193,"Kate",NA
"D3",6526,6526,"Матрица смежности",0,3,"Patarakin",NA
"D3",6527,6527,"Adjacency matrix",0,3,"Patarakin",NA
"D3",6528,6528,"Connectivity matrix",0,3,"Patarakin",NA
"D3",6531,6531,"ZPD",0,3,"Patarakin",NA
"D3",6532,6532,"Social Network Analysis",0,3,"Patarakin",NA
"D3",6533,6533,"Логистическая функция",0,3,"Patarakin",NA
"D3",6534,6534,"Методы информационного анализа текста (syllabus) 2025/Урок 2",0,3,"Patarakin",NA
"D3",6535,6535,"Особенности влияния сгенерированных и авторских медитативных текстов на эмоциональное состояние студентов в стрессовой ситуации",0,3,"Patarakin",NA
"D1211",6535,6535,"Особенности влияния сгенерированных и авторских медитативных текстов на эмоциональное состояние студентов в стрессовой ситуации",0,1211,"Соколова Елена",NA
"D3",6539,6539,"RPC",0,3,"Patarakin",NA
"D3",6540,6540,"Сообщение",0,3,"Patarakin",NA
"D3",6543,6543,"Взаимосвязь мотивации и речи у студентов в контексте получения высшего образования",0,3,"Patarakin",NA
"D1181",6543,6543,"Взаимосвязь мотивации и речи у студентов в контексте получения высшего образования",0,1181,"Ирина Фейнберг",NA
"D3",6544,6544,"Мотивация",0,3,"Patarakin",NA
"D1181",6544,6544,"Мотивация",0,1181,"Ирина Фейнберг",NA
"D1181",6545,6545,"Речь",0,1181,"Ирина Фейнберг",NA
"D1181",6546,6546,"Психологическая готовность",0,1181,"Ирина Фейнберг",NA
"D3",6553,6553,"Как организовать обмен сообщениями в комнате NetsBlox",0,3,"Patarakin",NA
"D3",6555,6555,"Message",0,3,"Patarakin",NA
"D3",6558,6558,"Разработка мер по укреплению национального языкового сознания в условиях ведения гибридной войны",0,3,"Patarakin",NA
"D3",6559,6559,"Психологические стратегии критического игнорирования в интернет-среде",0,3,"Patarakin",NA
"D1179",6559,6559,"Психологические стратегии критического игнорирования в интернет-среде",0,1179,"Грабаровская Анастасия",NA
"D3",6560,6560,"Стресс",0,3,"Patarakin",NA
"D1211",6560,6560,"Стресс",0,1211,"Соколова Елена",NA
"D3",6564,6564,"Кодирование данных",0,3,"Patarakin",NA
"D3",6565,6565,"Машинное обучение/Глоссарий",0,3,"Patarakin",NA
"D3",6566,6566,"Методы анализа больших данных (Syllabus) 2025/Lesson ML",0,3,"Patarakin",NA
"D3",6569,6569,"Медитация",0,3,"Patarakin",NA
"D1211",6569,6569,"Медитация",0,1211,"Соколова Елена",NA
"D1211",6570,6570,"Эмоция",0,1211,"Соколова Елена",NA
"D3",6571,6571,"Авторы и книги (модель)",0,3,"Patarakin",NA
"D3",6576,6576,"Сводная таблица",0,3,"Patarakin",NA
"D3",6577,6577,"Pivot table",0,3,"Patarakin",NA
"D3",6578,6578,"Анализ временных рядов/R",0,3,"Patarakin",NA
"D3",6579,6579,"Практическое задание по анализу временных рядов",0,3,"Patarakin",NA
"D1499",6611,6611,"ПСК Аксиома - Строительство с гарантией качества",0,1499,"Yjimezu",NA
"D1501",6614,6614,"Маркировка пива и слабоалкогольных напитков",0,1501,"Yvimyniv",NA
"D1519",6647,6647,"Кухонный фартук, который не стыдно показать",0,1519,"Ehahex",NA
"D1493",6651,6651,"Источники и историография приобретения Россией южного берега Каспийского моря в 1720-х гг.",0,1493,"Ван Рейден Ксения",NA
"D1495",6651,6651,"Источники и историография приобретения Россией южного берега Каспийского моря в 1720-х гг.",0,1495,"Емельянова Лидия",NA
"D1516",6652,6652,"Национальный вопрос в годы Великой российской революции 1917 года",0,1516,"Ковалев Никита",NA
"D430",6653,6653,"Государственные культурные центры как инструмент российско-израильского взаимодействия (2007–2020 гг.)",0,430,"Зинаида Новикова",NA
"D1491",6653,6653,"Государственные культурные центры как инструмент российско-израильского взаимодействия (2007–2020 гг.)",0,1491,"Антоненко Илья",NA
"D1380",6659,6659,"Война на страницах: подготовка к итоговому сочинению.",0,1380,"Karina Dolina",NA
"D1532",6661,6661,"Роспромтест - получить сертификат соответствия",0,1532,"Recallgenius4",NA
"D1177",6668,6668,"Конструирование ценностной картины мира женщины в сакральных текстах (на материале Ригведы)",0,1177,"Турганбаева Алина",NA
"D3",6681,6681,"Telegram group",0,3,"Patarakin",NA
"D3",6693,6693,"Логистическая регрессия",0,3,"Patarakin",NA
"D3",6698,6698,"Образовательное взаимодействие",0,3,"Patarakin",NA
"D1546",6702,6702,"Подготовка к ОГЭ / ЕГЭ по математике онлайн репетитор Алексей Бобров",0,1546,"Priorbull6",NA
"D3",6725,6725,"Описательная статистика",0,3,"Patarakin",NA
"D3",6726,6726,"Интернет",0,3,"Patarakin",NA
"D1563",6726,6726,"Интернет",0,1563,"Maria Ledneva",NA
"D3",6729,6729,"Internet",0,3,"Patarakin",NA
"D1281",6731,6731,"Археология",0,1281,"YakovlevAN645",NA
"D1281",6733,6733,"Специалитет",0,1281,"YakovlevAN645",NA
"D1281",6734,6734,"Патаракин Е.Д.",0,1281,"YakovlevAN645",NA
"D1281",6738,6738,"Машинное обучение платформы",0,1281,"YakovlevAN645",NA
"D1280",6748,6748,"Абушкин Д.Б.",0,1280,"Pospelov",NA
"D1492",6755,6755,"Политика умиротворения Кавказа в период наместничества И.И.Воронцова-Дашкова",0,1492,"Гуртовой Алексей Павлович",NA
"D1505",6756,6756,"Воспоминания студентов Петрограда о Февральской революции 1917 г.",0,1505,"Мельников Дмитрий",NA
"D1508",6760,6760,"Развитие исторической научной школы МГПУ в 1995-2025гг.",0,1508,"Спицына Анна",NA
"D1504",6762,6762,"Историография Куликовской битвы",0,1504,"Науменко Евгений",NA
"D1490",6763,6763,"Советская и французская молодежь 1956-1969: культурное взаимовлияние",0,1490,"Дудник Петр",NA
"D3",6764,6764,"Студенты Петрограда во время Февральской революции 1917 г.: по материалам дневников",0,3,"Patarakin",NA
"D1505",6764,6764,"Студенты Петрограда во время Февральской революции 1917 г.: по материалам дневников",0,1505,"Мельников Дмитрий",NA
"D3",6772,6772,"Как проводить статистические вычисления в Lua",0,3,"Patarakin",NA
"D1574",6774,6774,"Центр дополнительного профессионального образования «Академия МНИА» в Москве",0,1574,"Bleedrather",NA
"D3",6775,6775,"Распределение",0,3,"Patarakin",NA
"D1397",6778,6778,"Blended learning («смешанное обучение»)",0,1397,"Денис Осокин",NA
"D3",6779,6779,"Социально-экономическая статистика и эконометрика/exam questions",0,3,"Patarakin",NA
"D1280",6780,6780,"LMS Moodle",0,1280,"Pospelov",NA
"D1577",6781,6781,"Winshark Casino",0,1577,"Ozogypik",NA
"D1581",6785,6785,"December Exhibitions of Nikas Safronov to Open Cultural Dialogue with India",0,1581,"Shallowdress71",NA
"D3",6789,6789,"Закон Парето",0,3,"Patarakin",NA
"D3",6806,6806,"ДМНК",0,3,"Patarakin",NA
"D3",6807,6807,"ДМНК/R",0,3,"Patarakin",NA
"D1378",6809,6809,"Майнкрафт",0,1378,"Iulija 1998",NA
"D1378",6810,6810,"Маркус Алексей Перссон",0,1378,"Iulija 1998",NA
"D1378",6811,6811,"Sandbox",0,1378,"Iulija 1998",NA
"D1378",6812,6812,"Шон Ваннелл (Sean Vanaman) и Джейсон Грэйвс (Jason Graves)",0,1378,"Iulija 1998",NA
"D1378",6814,6814,"Райан Бейкер (Ryan S. Baker)",0,1378,"Iulija 1998",NA
"D1378",6817,6817,"Персонализированное обучение",0,1378,"Iulija 1998",NA
"D1378",6818,6818,"Джон Дьюи (John Dewey)",0,1378,"Iulija 1998",NA
"D1378",6819,6819,"ООО Манго Телеком",0,1378,"Iulija 1998",NA
"D1378",6821,6821,"TeachLivE™",0,1378,"Iulija 1998",NA
"D1586",6822,6822,"VR\AR method in educational process",0,1586,"BudilovskiiAV",NA
"D1588",6824,6824,"Завод весового оборудования ООО «ЗВО»",0,1588,"Defineshed5",NA
"D1589",6825,6825,"Купить лакокрасочные материалы для дерева и деревянных изделий",0,1589,"Ypobop",NA
"D1587",6826,6826,"Перевернутый класс",0,1587,"Scherbatov Maxim",NA
"D3",6828,6828,"Влияние Общесоюзного дома моделей и Министерства легкой промышленности на моду в СССР 1960-1969 гг.",0,3,"Patarakin",NA
"D1506",6828,6828,"Влияние Общесоюзного дома моделей и Министерства легкой промышленности на моду в СССР 1960-1969 гг.",0,1506,"Родькин Руслан",NA
"D1608",6851,6851,"FBMdata - аналитика и статистика, создание отчетов метрики из социальных сетей",0,1608,"Repealassign8",NA
"D1603",6864,6864,"Робот-полицейский: уборка монет в городском парке в StarLogo Nova",0,1603,"Abiltys",NA
"D1513",6876,6876,"Адаптация европейских новшеств в XV-XVII в Русской повседневности",0,1513,"Ярославцева Виктория",NA
"D1629",6886,6886,"Купить индукционную варочную панель",0,1629,"Omofeqis",NA
"D1630",6886,6886,"Купить индукционную варочную панель",0,1630,"Yvykozah",NA
"D1512",6892,6892,"Юсуповы в истории Музея изящных искусств",0,1512,"Морозова Юлия",NA
"D1202",6893,6893,"Нейросети",0,1202,"Дамдинова Кристина",NA
"D1202",6894,6894,"Cyberleninka",0,1202,"Дамдинова Кристина",NA
"D1202",6895,6895,"Босенко Тимур Муртазович...",0,1202,"Дамдинова Кристина",NA
"D3",6901,6901,"Netlogo",0,3,"Patarakin",NA
"D3",6902,6902,"ИИ",0,3,"Patarakin",NA
"D1642",6912,6912,"Ассинхронное обучение",0,1642,"Перепелятникова Анастасия",NA
"D1643",6913,6913,"Varvara VR",0,1643,"Середняк Ярослав",NA
"D7",6918,6918,"Тенденции развития международного образования 2025/Занятие 6",0,7,"Yarmakhov",NA
"D7",6919,6919,"Тенденции развития международного образования 2025/Занятие 5",0,7,"Yarmakhov",NA
"D1631",6924,6924,"Платформы электронного обучения",0,1631,"Grrbasis",NA
"D1631",6925,6925,"Дистанционное обучение",0,1631,"Grrbasis",NA
"D1377",6926,6926,"Эмоциональный интеллект",0,1377,"Юлия Бусыгина",NA
"D3",6927,6927,"A/B тестирование",0,3,"Patarakin",NA
"D1374",6928,6928,"Рефлексия",0,1374,"Tasya-Fe",NA
"D1377",6929,6929,"Эмоциональный интеллект (эмоциональный интеллект)",0,1377,"Юлия Бусыгина",NA
"D3",6933,6933,"Метод Монте-Карло",0,3,"Patarakin",NA
"D3",6935,6935,"Метод Монте-Карло/Lesson",0,3,"Patarakin",NA
"D3",6941,6941,"Качественная переменная",0,3,"Patarakin",NA
"D3",6942,6942,"Категориальная переменная",0,3,"Patarakin",NA
"D3",6943,6943,"Коэффициент вариации",0,3,"Patarakin",NA
"D3",6944,6944,"Относительное стандартное отклонение",0,3,"Patarakin",NA
"D3",6945,6945,"Дескриптивная статистика",0,3,"Patarakin",NA
"D3",6959,6959,"Wealth Distribution/Lesson R",0,3,"Patarakin",NA
"D1397",6960,6960,"Blended learning",0,1397,"Денис Осокин",NA
"D3",6970,6970,"Состояние Парето",0,3,"Patarakin",NA
"D3",6972,6972,"NetLogo Wealth Distribution 07122025",0,3,"Patarakin",NA
"D1665",6977,6977,"MYGJ - гид по профессиональным услугам и DIY",0,1665,"Echosniff1",NA
"D3",6980,6980,"Проект для курса социально-экономической статистики и эконометрики",0,3,"Patarakin",NA
"D3",6985,6985,"Text Mining with R: A Tidy Approach",0,3,"Patarakin",NA
"D3",6991,6991,"Как извлечь данные из категории Digida",0,3,"Patarakin",NA
"D1518",6994,6994,"Роль хиппи в становлении независимого пацифистского движения в СССР в 1970-е годы",0,1518,"Дарья Крымова",NA
"D1556",6995,6995,"Источники и историография по теме ""Промысловая кооперации в СССР в 1950-е годы""",0,1556,"Иван Артюшкин",NA
"D430",6999,6999,"Трансформация доноса в России из правового инструмента государства в политический в XVII веке",0,430,"Зинаида Новикова",NA
"D1652",6999,6999,"Трансформация доноса в России из правового инструмента государства в политический в XVII веке",0,1652,"Роман",NA
"D3",7012,7012,"Совет по делам Русской православной церкви в системе государственно-церковных отношений в СССР в 1943-1965 гг.",0,3,"Patarakin",NA
"D1502",7012,7012,"Совет по делам Русской православной церкви в системе государственно-церковных отношений в СССР в 1943-1965 гг.",0,1502,"Валерия Гвоздева",NA
"D3",7041,7041,"Как сравнить тексты",0,3,"Patarakin",NA
"D3",7043,7043,"Поверхностный анализ текста",0,3,"Patarakin",NA
"D3",7044,7044,"Как провести поверхностный анализ текста",0,3,"Patarakin",NA
"D3",7045,7045,"Voyant Tools",0,3,"Patarakin",NA
"D3",7047,7047,"Как провести лингвистический анализ текста",0,3,"Patarakin",NA
"D3",7048,7048,"Как провести семантический анализ текста",0,3,"Patarakin",NA
"D1490",7049,7049,"Советская и французская молодежь 1956-1969: взаимосвязь и взаимовлияние",0,1490,"Дудник Петр",NA
"D1497",7050,7050,"Бюрократия в публицистических произведениях Михаила Осиповича Меньшикова",0,1497,"Кочемазов Александр",NA
"D1510",7052,7052,"Нормативное регулирование положения РПЦ в СССР в 1943-1945 гг.",0,1510,"Совакова Мария",NA
"D3",7053,7053,"Каспийские походы Донского казачества ""за зипунами"" в царствование Михаила Федоровича.",0,3,"Patarakin",NA
"D430",7053,7053,"Каспийские походы Донского казачества ""за зипунами"" в царствование Михаила Федоровича.",0,430,"Зинаида Новикова",NA
"D1571",7053,7053,"Каспийские походы Донского казачества ""за зипунами"" в царствование Михаила Федоровича.",0,1571,"Shaurfim",NA
"D1695",7056,7056,"Автомобильные дилеры в России",0,1695,"Defendsnub8",NA
"D3",7059,7059,"Распределение Парето",0,3,"Patarakin",NA
"D3",7060,7060,"Квартиль",0,3,"Patarakin",NA
"D3",7061,7061,"Медиана",0,3,"Patarakin",NA
"D3",7062,7062,"Остаток",0,3,"Patarakin",NA
"D3",7063,7063,"Выброс",0,3,"Patarakin",NA
"D3",7064,7064,"QQ Graph",0,3,"Patarakin",NA
"D3",7065,7065,"Регрессионная модель",0,3,"Patarakin",NA
"D3",7066,7066,"Ethnocentrism (model)",0,3,"Patarakin",NA
"D1200",7066,7066,"Ethnocentrism (model)",0,1200,"PanshinaZina",NA
"D1293",7066,7066,"Ethnocentrism (model)",0,1293,"Yakov",NA
"D3",7072,7072,"Остатки",0,3,"Patarakin",NA
"D1702",7078,7078,"Ритуальные венки: символы прощания и памяти",0,1702,"Iquhydiny",NA
"D1705",7084,7084,"Купить жалюзи и шторы в Москве",0,1705,"Castlechase7",NA
"D3",7087,7087,"StatKey",0,3,"Patarakin",NA
"D3",7095,7095,"Scatterplot",0,3,"Patarakin",NA
"D3",7096,7096,"Butterfly model new",0,3,"Patarakin",NA
"D1296",7096,7096,"Butterfly model new",0,1296,"Полина Чижикова",NA
"D3",7097,7097,"Boxplot",0,3,"Patarakin",NA
"D3",7098,7098,"Диаграмма размаха",0,3,"Patarakin",NA
"D3",7099,7099,"Ящик с усами",0,3,"Patarakin",NA
"D1716",7112,7112,"Создание современной электроники",0,1716,"Merryscarce1",NA
"D1717",7113,7113,"Платформа для хранения даннных",0,1717,"Ysokoxy",NA
"D1718",7116,7116,"Чат GPT нейросеть",0,1718,"Eletofys",NA
"D1531",7131,7131,"Школа 138 Москва",0,1531,"Matyukova",NA
"D1736",7134,7134,"Dream Scent парфюмерное ателье Азербайджан",0,1736,"Hangoutset7",NA
"D1733",7144,7144,"Нейроморфное обучение",0,1733,"Кузнецов Кирилл",NA
"D1744",7145,7145,"Опсуимолог. Психолог Коротков. Аристотель XXI века",0,1744,"Uzufa",NA
"D3",7146,7146,"Школа 285 Москва",0,3,"Patarakin",NA
"D1221",7146,7146,"Школа 285 Москва",0,1221,"Хачатрян",NA
"D1256",7147,7147,"Роман ""Война и мир"": от текста к киноэкрану",0,1256,"Семенова Вероника",NA
"D3",7156,7156,"Type-Token Ratio",0,3,"Patarakin",NA
"D3",7157,7157,"Токен",0,3,"Patarakin",NA
"D3",7160,7160,"TTR",0,3,"Patarakin",NA
"D3",7161,7161,"Token",0,3,"Patarakin",NA
"D3",7164,7164,"Эксперименты с моделью School Choice ABM",0,3,"Patarakin",NA
"D1201",7164,7164,"Эксперименты с моделью School Choice ABM",0,1201,"OlesyaPirozhkova",NA
"D1204",7164,7164,"Эксперименты с моделью School Choice ABM",0,1204,"Хлебова Екатерина",NA
"D1204",7165,7165,"KhlebovaEkaterina/Project",0,1204,"Хлебова Екатерина",NA
"D1509",7167,7167,"Образ Петра I как Антихриста в народных представлениях",0,1509,"Рытова Татьяна",NA
"D1509",7168,7168,"Образ Петра I как Антихриста в старообрядческой среде",0,1509,"Рытова Татьяна",NA
"D1758",7170,7170,"Нужна хорошая автошкола? Узнайте, как ее найти!",0,1758,"Awinu",NA
"D1256",7171,7171,"Искусство чтения: как научиться понимать художественную литературу",0,1256,"Семенова Вероника",NA
"D1760",7177,7177,"Оценка столыпинских реформ в советских изданиях",0,1760,"Буленко Марина",NA
"D1761",7179,7179,"Платежный агент: безопасно и надежно",0,1761,"Edutynede",NA
"D3",7191,7191,"Манна-Уитни",0,3,"Patarakin",NA
"D1773",7202,7202,"Как вывезти старый советский шкаф из хрущёвки? Личная сага с трещиной в стене",0,1773,"Emexowehi",NA
"D1244",7207,7207,"РУССКАЯ ЛИТЕРАТУРА: ДИАЛОГ ЭПОХ И ХУДОЖЕСТВЕННЫХ СИСТЕМ»",0,1244,"Климкина Полина",NA
"D3",7212,7212,"Становление и развитие научной исторической школы В. В. Рябова и его последователей",0,3,"Patarakin",NA
"D430",7212,7212,"Становление и развитие научной исторической школы В. В. Рябова и его последователей",0,430,"Зинаида Новикова",NA
"D1502",7212,7212,"Становление и развитие научной исторической школы В. В. Рябова и его последователей",0,1502,"Валерия Гвоздева",NA
"D1590",7212,7212,"Становление и развитие научной исторической школы В. В. Рябова и его последователей",0,1590,"Кантемирова Александра",NA
"D1777",7214,7214,"This material highlights how Vavada Casino established itself as an international platform. Its steady growth made the brand recognizable among Hungarian audiences.",0,1777,"Ycuxur",NA
"D3",7229,7229,"Csv",0,3,"Patarakin",NA
"D3",7235,7235,"Median",0,3,"Patarakin",NA
"D3",7237,7237,"P-value",0,3,"Patarakin",NA
"D3",7240,7240,"SPSS",0,3,"Patarakin",NA
"D3",7243,7243,"Ассистент учителя",0,3,"Patarakin",NA
"D1490",7245,7245,"Советская и французская молодежь 1956-1969: кульутрное взаимовлияние",0,1490,"Дудник Петр",NA
"D3",7248,7248,"Подготовка ВКР при помощи Perplexity",0,3,"Patarakin",NA
"D1641",7251,7251,"Политика антибольшевиков Сибири в 1918-1919 гг.",0,1641,"Туманов Даниил",NA
"D3",7252,7252,"Особенности самопрезентации психолога в цифровой среде/Lesson",0,3,"Patarakin",NA
"D3",7261,7261,"Считать данные в R",0,3,"Patarakin",NA
"D3",7263,7263,"Сравнить тексты нескольких датасетов",0,3,"Patarakin",NA
"D1805",7282,7282,"Клубника казино - официальный сайт",0,1805,"Empirecurse8",NA
"D3",7287,7287,"Как найти статьи, которые есть в одной категории и отсутствуют в другой",0,3,"Patarakin",NA
"D3",7288,7288,"Танцы",0,3,"Patarakin",NA
"D1223",7289,7289,"Театр",0,1223,"Кекелева",NA
"D1223",7293,7293,"Танец",0,1223,"Кекелева",NA
"D3",7295,7295,"Хореография",0,3,"Patarakin",NA
"D1223",7295,7295,"Хореография",0,1223,"Кекелева",NA
"D3",7298,7298,"Движение",0,3,"Patarakin",NA
"D1223",7298,7298,"Движение",0,1223,"Кекелева",NA
"D3",7299,7299,"Движения",0,3,"Patarakin",NA
"D1223",7300,7300,"Танцевальная студия",0,1223,"Кекелева",NA
"D1223",7301,7301,"Философия",0,1223,"Кекелева",NA
"D1223",7304,7304,"Пространство",0,1223,"Кекелева",NA
"D1223",7308,7308,"Энергия",0,1223,"Кекелева",NA
"D3",7309,7309,"Анализ абстрактов статей",0,3,"Patarakin",NA
"D1810",7311,7311,"Advanced Modern Innovation",0,1810,"Odafapy",NA
"D3",7313,7313,"Obsidian",0,3,"Patarakin",NA
"D1233",7313,7313,"Obsidian",0,1233,"Infectedsword64",NA
"D3",7315,7315,"Транспорт",0,3,"Patarakin",NA
"D3",7316,7316,"Анализ викитекста",0,3,"Patarakin",NA
"D1231",7316,7316,"Анализ викитекста",0,1231,"Ключникова Дарья",NA
"D1237",7317,7317,"Business",0,1237,"Виталий Егоров",NA
"D1237",7318,7318,"AI in education",0,1237,"Виталий Егоров",NA
"D1788",7319,7319,"Анализ читательских предпочтений по странам",0,1788,"Петрова Ульяна",NA
"D1398",7320,7320,"Анализ статей википедии об ИИ",0,1398,"Арина Климова",NA
"D1756",7321,7321,"Алгебра",0,1756,"Шалюкова Анна",NA
"D1756",7324,7324,"Фитнес (фитнес)",0,1756,"Шалюкова Анна",NA
"D1812",7326,7326,"Ask Task",0,1812,"Celltowel3",NA
"D3",7327,7327,"Сбор и анализ статей об искусстве",0,3,"Patarakin",NA
"D1788",7327,7327,"Сбор и анализ статей об искусстве",0,1788,"Петрова Ульяна",NA
"D1258",7342,7342,"Разбор драматургии А.А. Милна: особенности стиля, структура пьес, проблематика",0,1258,"Камилла Порохня",NA
"D1815",7346,7346,"Купить отзывы от живых людей с гарантией",0,1815,"Kettlenearby",NA
"D1757",7357,7357,"Хазарские походы князя Святослава",0,1757,"Дмитрий Шалатонов",NA
"D1823",7362,7362,"Автосалон Вертикаль Авто",0,1823,"Regretsave8",NA
"D1826",7365,7365,"Кадровый электронный документооборот",0,1826,"Monthwhine7",NA
"D3",7379,7379,"Сделать тезаурус для VOSviewer",0,3,"Patarakin",NA
"D1836",7389,7389,"Химчистка новой одежды",0,1836,"Azisusu",NA
"D2169",7389,7389,"Химчистка новой одежды",0,2169,"Okytocixivi",NA
"D3",7390,7390,"Учебное взаимодействие с искусственным интеллектом",0,3,"Patarakin",NA
"D1197",7391,7391,"Glagolenko/SimpleEconomy",0,1197,"Григорий Глаголенко",NA
"D1843",7407,7407,"Вашунина Ирина Владимировна",0,1843,"Novikova Evgeniia",NA
"D1172",7413,7413,"Эльконин",0,1172,"Антюхова Эльза",NA
"D1515",7416,7416,"Поведение инвесторов в кризис на рубеже XIX – XX вв.",0,1515,"Evstepanov",NA
"D1172",7423,7423,"Давыдов",0,1172,"Антюхова Эльза",NA
"D1172",7424,7424,"Занков",0,1172,"Антюхова Эльза",NA
"D1848",7425,7425,"Перевозка токарных станков",0,1848,"Ucycepo",NA
"D1491",7428,7428,"Источники и историография по теме: ""Антисионитская пропаганда в советском дискурсе с 1967 по 1988 годах""",0,1491,"Антоненко Илья",NA
"D3",7439,7439,"Руденко",0,3,"Patarakin",NA
"D3",7441,7441,"Stack Overflow",0,3,"Patarakin",NA
"D3",7446,7446,"Персептроны",0,3,"Patarakin",NA
"D3",7447,7447,"Всемирная паутина",0,3,"Patarakin",NA
"D1776",7450,7450,"""Фронт в тылу"": общество и экономика Смоленска в условиях Великой Отечественной войны.",0,1776,"Dgavrilovaaa",NA
"D3",7452,7452,"Сравнительный анализ психологических школ",0,3,"Patarakin",NA
"D1173",7452,7452,"Сравнительный анализ психологических школ",0,1173,"Айжан Ужинкина",NA
"D1497",7454,7454,"Источники и историография по теме: ""Образ бюрократии в публицистике начала XX века""",0,1497,"Кочемазов Александр",NA
"D1872",7465,7465,"Центр сертификации продукции и услуг Роспромтест",0,1872,"Lackfuck5",NA
"D3",7467,7467,"Скаутское движение в Москве в 1917-1922 гг.",0,3,"Patarakin",NA
"D1511",7467,7467,"Скаутское движение в Москве в 1917-1922 гг.",0,1511,"Шелепень-Овчаров Виталий",NA
"D1873",7470,7470,"Advanced Modern Modern Technology",0,1873,"Iqimebecy",NA
"D1652",7472,7472,"Трансформация доноса в России из правового инструмента государства в политический. 17 век",0,1652,"Роман",NA
"D1179",7478,7478,"Саморегуляция",0,1179,"Грабаровская Анастасия",NA
"D3",7479,7479,"Трансформация картины мира старшеклассников в процессе овладения иноязычной письменной речью",0,3,"Patarakin",NA
"D1176",7479,7479,"Трансформация картины мира старшеклассников в процессе овладения иноязычной письменной речью",0,1176,"Столярова Софья",NA
"D1179",7480,7480,"Стороннее чтение",0,1179,"Грабаровская Анастасия",NA
"D1179",7481,7481,"Эвристика",0,1179,"Грабаровская Анастасия",NA
"D1503",7485,7485,"Советский Союз и Лига Наций: политика и дипломатия в 1920-е годы",0,1503,"Лапкин Виталий",NA
"D1874",7487,7487,"Здравоохранение в Каспийском макрорегионе Российской империи в 1861 -1917 гг.",0,1874,"Александр Игоревич Шкурин",NA
"D3",7490,7490,"Репрезентация мотивов самостоятельной учебной работы в личностных нарративах студентов",0,3,"Patarakin",NA
"D1345",7490,7490,"Репрезентация мотивов самостоятельной учебной работы в личностных нарративах студентов",0,1345,"Ищенко Анастасия",NA
"D1887",7501,7501,"Искала в интернете сведения по поводу этой проблемы и обнаружила на портал",0,1887,"Ekybunoc",NA
"D3",7507,7507,"Эксперименты с моделью Urban Suite - Economic Disparity",0,3,"Patarakin",NA
"D1198",7507,7507,"Эксперименты с моделью Urban Suite - Economic Disparity",0,1198,"KryuchkovSR",NA
"D1203",7507,7507,"Эксперименты с моделью Urban Suite - Economic Disparity",0,1203,"Егор Жильцов",NA
"D1535",7507,7507,"Эксперименты с моделью Urban Suite - Economic Disparity",0,1535,"ZatsepinNA",NA
"D1888",7509,7509,"Money-x",0,1888,"Akoneqi",NA
"D1890",7512,7512,"Money x casino",0,1890,"Ageqyn",NA
"D3",7514,7514,"Моделировать классы и школы",0,3,"Patarakin",NA
"D1223",7532,7532,"Этноцентризм",0,1223,"Кекелева",NA
"D1197",7576,7576,"Исследование зависимости числа переездов агентов от установленного порога толерантности на базе модели Segregation",0,1197,"Григорий Глаголенко",NA
"D1172",7577,7577,"И.Г Песталоцци",0,1172,"Антюхова Эльза",NA
"D1172",7578,7578,"В.В. Давыдов",0,1172,"Антюхова Эльза",NA
"D1172",7580,7580,"А. Дистервег",0,1172,"Антюхова Эльза",NA
"D1172",7581,7581,"К.Д. Ушинский",0,1172,"Антюхова Эльза",NA
"D1172",7583,7583,"Л.С. Выготский",0,1172,"Антюхова Эльза",NA
"D1172",7584,7584,"Д.Б. Эльконин",0,1172,"Антюхова Эльза",NA
"D1172",7587,7587,"Г.К. Селевко",0,1172,"Антюхова Эльза",NA
"D1172",7588,7588,"И.С. Якиманская",0,1172,"Антюхова Эльза",NA
"D3",7589,7589,"Дескриптивный анализ",0,3,"Patarakin",NA
"D1909",7595,7595,"Payday loans Lincoln",0,1909,"Azyqygax",NA
"D3",7599,7599,"Gini-coefficient",0,3,"Patarakin",NA
"D3",7600,7600,"Gini Coefficient",0,3,"Patarakin",NA
"D3",7601,7601,"KhlebovaPirozhkova/School Choice ABM",0,3,"Patarakin",NA
"D3",7619,7619,"Эксперименты с моделью Segregation",0,3,"Patarakin",NA
"D1529",7619,7619,"Эксперименты с моделью Segregation",0,1529,"DolzhenkovaPV",NA
"D1670",7619,7619,"Эксперименты с моделью Segregation",0,1670,"Демина Валерия",NA
"D3",7627,7627,"Исследование зависимости времени достижения стабильной сегрегации от порога толерантности на базе модели Segregation",0,3,"Patarakin",NA
"D1197",7627,7627,"Исследование зависимости времени достижения стабильной сегрегации от порога толерантности на базе модели Segregation",0,1197,"Григорий Глаголенко",NA
"D3",7636,7636,"Standard deviation",0,3,"Patarakin",NA
"D1911",7637,7637,"Финансовый сервис Здесь Легко в Москве",0,1911,"Coffinblow6",NA
"D1921",7649,7649,"Строительная компания ЮБКа-Строй",0,1921,"Eachbase3",NA
"D1345",7658,7658,"Дэн МакАдамс",0,1345,"Ищенко Анастасия",NA
"D1345",7659,7659,"Самоопределение (самоопределение)",0,1345,"Ищенко Анастасия",NA
"D1345",7660,7660,"Рубинштейн",0,1345,"Ищенко Анастасия",NA
"D1345",7661,7661,"Мотивация (мотивация)",0,1345,"Ищенко Анастасия",NA
"D1345",7662,7662,"Леонтьев А.Н.",0,1345,"Ищенко Анастасия",NA
"D1175",7670,7670,"Гентарный стереотип",0,1175,"Демина Виктория",NA
"D3",7671,7671,"Жаргонизация",0,3,"Patarakin",NA
"D1175",7671,7671,"Жаргонизация",0,1175,"Демина Виктория",NA
"D1178",7672,7672,"Брендинг",0,1178,"Анастасия Синенькая",NA
"D1178",7676,7676,"Визуальная коммуникация",0,1178,"Анастасия Синенькая",NA
"D1937",7677,7677,"Рейтинг лучших проп-компаний для трейдеров в России и мире",0,1937,"Kindweary1",NA
"D3",7678,7678,"Теоретический анализ проблемы речевого развития подростков в условиях интенсивной интернет-коммуникации",0,3,"Patarakin",NA
"D1938",7681,7681,"Щебень Домодедово",0,1938,"Ejoboseb",NA
"D3",7682,7682,"Теория личностных нарративов",0,3,"Patarakin",NA
"D1942",7694,7694,"Семиотические средства оценки эмоционального состояния говорящего в русскоязычной профессиональной коммуникации",0,1942,"София Новацкая",NA
"D3",7703,7703,"Teacher Satisfaction (model)",0,3,"Patarakin",NA
"D1211",7704,7704,"Психика",0,1211,"Соколова Елена",NA
"D1495",7709,7709,"Исторические источники (отечественные и зарубежные) по проблеме «особого пути» России в журнальной периодике 30-х—50-х гг. XIX века",0,1495,"Емельянова Лидия",NA
"D2211",7709,7709,"Исторические источники (отечественные и зарубежные) по проблеме «особого пути» России в журнальной периодике 30-х—50-х гг. XIX века",0,2211,"Лидия Емельянова",NA
"D1495",7712,7712,"Статья",0,1495,"Емельянова Лидия",NA
"D1828",7713,7713,"Степень влияния немецкого населения Сарепты на развитие медицины в Царицыне",0,1828,"MargaritaKalinina",NA
"D1497",7714,7714,"Государственная власть и общественные институты в публицистике М.О. Меньшикова в 1902-1907 годах",0,1497,"Кочемазов Александр",NA
"D1517",7720,7720,"Человек на сломе эпох: фельдмаршал Б. П. Шереметев и его время",0,1517,"Котов Степан",NA
"D1497",7735,7735,"Публицистические произведения Михаила Осиповича Меньшикова",0,1497,"Кочемазов Александр",NA
"D1497",7736,7736,"Источники и историография проблема бюрократизма в публицистических произведениях Михаила Осиповича Меньшикова",0,1497,"Кочемазов Александр",NA
"D1952",7737,7737,"Payday loans Victorville",0,1952,"Ocugyjaw",NA
"D1969",7757,7757,"Осциллографы",0,1969,"Yxaxe",NA
"D1977",7762,7762,"~ Deleted 3",0,1977,"Ogero",NA
"D1980",7762,7762,"~ Deleted 3",0,1980,"Moderator",NA
"D1980",7770,7770,"Payday loans Palm Bay",0,1980,"Moderator",NA
"D1980",7772,7772,"~ Deleted 5",0,1980,"Moderator",NA
"D1983",7772,7772,"~ Deleted 5",0,1983,"Ezedy",NA
"D3",7782,7782,"Bootstrap",0,3,"Patarakin",NA
"D3",7783,7783,"Бутстрэп",0,3,"Patarakin",NA
"D3",7789,7789,"ЦПТ",0,3,"Patarakin",NA
"D3",7790,7790,"Confidence Interval",0,3,"Patarakin",NA
"D3",7791,7791,"Доверительный интервал",0,3,"Patarakin",NA
"D3",7792,7792,"CI",0,3,"Patarakin",NA
"D1997",7794,7794,"История карточных игр: от китайских императоров до покерных турниров",0,1997,"Ecihy",NA
"D2004",7813,7813,"Payday loans Norfolk",0,2004,"Apuka",NA
"D3",7817,7817,"Госсет",0,3,"Patarakin",NA
"D3",7818,7818,"Стьюдент",0,3,"Patarakin",NA
"D3",7819,7819,"Распределение Стьюдента",0,3,"Patarakin",NA
"D3",7820,7820,"Фишер",0,3,"Patarakin",NA
"D3",7825,7825,"Индекс Дункана",0,3,"Patarakin",NA
"D1535",7825,7825,"Индекс Дункана",0,1535,"ZatsepinNA",NA
"D3",7826,7826,"Эксперименты с моделью FIRE",0,3,"Patarakin",NA
"D1863",7826,7826,"Эксперименты с моделью FIRE",0,1863,"Kokotanov ABP231",NA
"D3",7828,7828,"Брэдли",0,3,"Patarakin",NA
"D2018",7835,7835,"Mikipedia Music",0,2018,"Osusityle",NA
"D2019",7836,7836,"Iphone 15 купить уфа",0,2019,"Ybaxobyhubyd",NA
"D2029",7836,7836,"Iphone 15 купить уфа",0,2029,"Ihycelycoti",NA
"D2021",7837,7837,"Iphone 16e уфа",0,2021,"Atibiwumohis",NA
"D3",7840,7840,"Digida2026",0,3,"Patarakin",NA
"D2030",7852,7852,"Payday loans Newport News",0,2030,"Enicav",NA
"D2031",7853,7853,"Mini plan de compras: lo necesario y lo opcional",0,2031,"Otutetuxy",NA
"D2035",7857,7857,"Payday loans Round Rock",0,2035,"Ificadanor",NA
"D3",7865,7865,"Психолингвистический навык",0,3,"Patarakin",NA
"D2045",7865,7865,"Психолингвистический навык",0,2045,"AskerovaMary",NA
"D3",7866,7866,"Формирование психолингвистических навыков цифровыми средствами",0,3,"Patarakin",NA
"D2049",7870,7870,"Правовой проект для рекламы услуг профессионалов.",0,2049,"Erihavedi",NA
"D2056",7876,7876,"Заказ тканых ярлыков для брендовой одежды",0,2056,"Ojilejeq",NA
"D2062",7876,7876,"Заказ тканых ярлыков для брендовой одежды",0,2062,"Eneduqeho",NA
"D2059",7879,7879,"Комплексная продукция для каналов и мостов от производителя",0,2059,"Imyvybilyzyt",NA
"D2060",7881,7881,"Заказ тканых ярлыков для корпоративной униформы",0,2060,"Yzokubiko",NA
"D2061",7890,7890,"Производство тканых ярлыков для брендовой одежды",0,2061,"Ibazuhatytug",NA
"D2065",7902,7902,"Автоломбард в Сочи: деньги под ПТС быстро",0,2065,"Acoleqoji",NA
"D2066",7904,7904,"Интернет-магазин ""Originalam.net"" - лазерное МФУ цена в Москве",0,2066,"Dulljudge7",NA
"D1590",7916,7916,"Становление и развитие научной исторической школы В. В. Рябова и его последователей (c 1995- 2025 гг.)",0,1590,"Кантемирова Александра",NA
"D2078",7919,7919,"RTP",0,2078,"Efopezowi",NA
"D2080",7925,7925,"Где размещать предложения о товарах и услугах",0,2080,"Enyloruxozi",NA
"D1246",7928,7928,"Эволюция российского театра в призме русской литературы",0,1246,"Алина Борискина",NA
"D3",7930,7930,"Duncan-index",0,3,"Patarakin",NA
"D2083",7935,7935,"Iphone 17 ульяновск",0,2083,"Yhiwerulid",NA
"D2086",7938,7938,"Автомобильные весы",0,2086,"Osegomybyv",NA
"D2092",7943,7943,"Line Style - дизайн жилого помещения в Туле",0,2092,"Prettybranch6",NA
"D2093",7944,7944,"Payday loans Augusta",0,2093,"Inycojuk",NA
"D2122",7972,7972,"Завод №1 материалы для кровли и фасада в Воронеже и регионах России",0,2122,"Whileslight8",NA
"D2123",7973,7973,"Как срочно получить водительское удостоверение",0,2123,"Yqyfo",NA
"D1175",7985,7985,"Медиа",0,1175,"Демина Виктория",NA
"D1175",7986,7986,"Гипертекстуальность",0,1175,"Демина Виктория",NA
"D1175",7987,7987,"Понятие совместной деятельности.",0,1175,"Демина Виктория",NA
"D3",7988,7988,"Lens Psych Collab",0,3,"Patarakin",NA
"D1175",7989,7989,"Культура и коммуникация в цифровой среде.",0,1175,"Демина Виктория",NA
"D1175",7990,7990,".Инструментарий для текстового анализа",0,1175,"Демина Виктория",NA
"D1175",7991,7991,".Веб-коммуникации",0,1175,"Демина Виктория",NA
"D1175",7992,7992,"Функциональные характеристики",0,1175,"Демина Виктория",NA
"D1175",7993,7993,"Типология воздействия в цифровой среде",0,1175,"Демина Виктория",NA
"D1175",7994,7994,"Цифровой контент как объект исследований",0,1175,"Демина Виктория",NA
"D1175",7995,7995,"Особенности современной цифровой среды",0,1175,"Демина Виктория",NA
"D1175",7996,7996,"Воздействие",0,1175,"Демина Виктория",NA
"D1175",7997,7997,"Лингвистические и психолингвистические аспекты государственного",0,1175,"Демина Виктория",NA
"D1175",7998,7998,"Вовлечение членов общества",0,1175,"Демина Виктория",NA
"D1175",7999,7999,"Политическая агитация и пропаганда.",0,1175,"Демина Виктория",NA
"D1175",8000,8000,"Имплицитность и эксплицитность политического текста.",0,1175,"Демина Виктория",NA
"D1175",8001,8001,"Мифологическая парадигма в политическом тексте.",0,1175,"Демина Виктория",NA
"D1175",8002,8002,"Лингвистические и психологические подходы к",0,1175,"Демина Виктория",NA
"D1175",8003,8003,"Политическая реклама.",0,1175,"Демина Виктория",NA
"D1175",8004,8004,"Политический нарратив.",0,1175,"Демина Виктория",NA
"D1175",8005,8005,"Политическая метафора.",0,1175,"Демина Виктория",NA
"D1175",8006,8006,"Комплексного воздействия",0,1175,"Демина Виктория",NA
"D1175",8007,8007,"Политический креолизованный текст.",0,1175,"Демина Виктория",NA
"D1175",8008,8008,"Методы сбора и анализа",0,1175,"Демина Виктория",NA
"D1175",8009,8009,"Диаграммы в научной деятельности.",0,1175,"Демина Виктория",NA
"D1175",8010,8010,"Многоагентные модели",0,1175,"Демина Виктория",NA
"D1175",8011,8011,"Токенизация текста",0,1175,"Демина Виктория",NA
"D1175",8012,8012,"Стоп-слова",0,1175,"Демина Виктория",NA
"D1175",8013,8013,"Метрика TF-IDF",0,1175,"Демина Виктория",NA
"D1175",8014,8014,"Инструменты научной визуализации",0,1175,"Демина Виктория",NA
"D1175",8015,8015,"Теория мультимодальности",0,1175,"Демина Виктория",NA
"D1175",8016,8016,"Среды создания игр",0,1175,"Демина Виктория",NA
"D2126",8019,8019,"Фермерское оливковое масло премиального качества из Греции",0,2126,"Lanegoods4",NA
"D2127",8019,8019,"Фермерское оливковое масло премиального качества из Греции",0,2127,"Calmcheek5",NA
"D1491",8020,8020,"Культурные центры как инструмент российско-израильского взаимодействия (1994–2020 гг.)",0,1491,"Антоненко Илья",NA
"D2128",8021,8021,"Айфон 16 челябинск",0,2128,"Epyjycicuw",NA
"D2145",8021,8021,"Айфон 16 челябинск",0,2145,"Omigydiva",NA
"D2134",8026,8026,"Официальный поставщик Foton в России",0,2134,"Seasondenote7",NA
"D2135",8027,8027,"Дрова Домодедово",0,2135,"Avorokaqev",NA
"D2136",8028,8028,"Лучший маркетплейс цифровых товаров",0,2136,"Directrise4",NA
"D1491",8035,8035,"Культурные центры как инструмент российско-израильского взаимодействия (1996–2020 гг.)",0,1491,"Антоненко Илья",NA
"D2161",8044,8044,"Vavada Casino emphasizes fair gaming",0,2161,"Oxipawobu",NA
"D1175",8051,8051,"Понятие «картина мира» в лингвистике.",0,1175,"Демина Виктория",NA
"D1175",8052,8052,"Концепция организационной психолингвистики:",0,1175,"Демина Виктория",NA
"D1175",8053,8053,"Основные теории и подходы к изучению языковой личности.",0,1175,"Демина Виктория",NA
"D1175",8054,8054,"Основные языковые факты",0,1175,"Демина Виктория",NA
"D1175",8056,8056,"Профессиональный образ мира.",0,1175,"Демина Виктория",NA
"D1175",8057,8057,"Теории художественной речи В.В. Виноградова.",0,1175,"Демина Виктория",NA
"D1175",8058,8058,"«Художественная коммуникация» по А.А. Леонтьеву.",0,1175,"Демина Виктория",NA
"D1175",8059,8059,"Методологические основания организационной психолингвистики.",0,1175,"Демина Виктория",NA
"D1175",8060,8060,"Языковая картина мира.",0,1175,"Демина Виктория",NA
"D1175",8061,8061,"Эмпирические исследования восприятия",0,1175,"Демина Виктория",NA
"D1175",8062,8062,"Методологическое обоснование",0,1175,"Демина Виктория",NA
"D1175",8064,8064,"Системе «автор – текст – читатель».",0,1175,"Демина Виктория",NA
"D1175",8065,8065,"Системы «автор–текст–читатель» и её составляющих.",0,1175,"Демина Виктория",NA
"D1175",8066,8066,"Диалектика понимания художественного",0,1175,"Демина Виктория",NA
"D1175",8067,8067,"Уровни адресата в коммуникации читателя",0,1175,"Демина Виктория",NA
"D1175",8068,8068,"Понятие о взаимодействии в психологии.",0,1175,"Демина Виктория",NA
"D2168",8069,8069,"Payday loans Bridgeport",0,2168,"Akowotubev",NA
"D1175",8070,8070,"Основные проблемы изучения коммуникативного",0,1175,"Демина Виктория",NA
"D1175",8071,8071,"История исследования интеллекта.",0,1175,"Демина Виктория",NA
"D1175",8073,8073,"Понятие и структура вербального интеллекта.",0,1175,"Демина Виктория",NA
"D1175",8074,8074,"Методы диагностики вербального интеллекта.",0,1175,"Демина Виктория",NA
"D1175",8075,8075,"Типология публичных выступлений.",0,1175,"Демина Виктория",NA
"D1175",8076,8076,"Профессиональные навыки и личные характеристики спичрайтера.",0,1175,"Демина Виктория",NA
"D1175",8077,8077,"Заказчик: образ заказчика,",0,1175,"Демина Виктория",NA
"D1175",8078,8078,"Аргументация речи.",0,1175,"Демина Виктория",NA
"D1175",8079,8079,"Характеристика дискурса активного воздействия.",0,1175,"Демина Виктория",NA
"D1175",8080,8080,"Проблемы регулирования контента.",0,1175,"Демина Виктория",NA
"D1175",8081,8081,"Спичрайтинг как вид деятельности.",0,1175,"Демина Виктория",NA
"D1175",8082,8082,"Требования к тексту публичного выступления.",0,1175,"Демина Виктория",NA
"D1175",8083,8083,"Техника публичного выступления.",0,1175,"Демина Виктория",NA
"D1175",8084,8084,"Что такое профессиональные деструкции и чем они отличаются от профессиональных деформаций?",0,1175,"Демина Виктория",NA
"D1175",8085,8085,"Назовите основные психологические детерминанты",0,1175,"Демина Виктория",NA
"D1175",8086,8086,"Какие уровни профессиональных деформаций",0,1175,"Демина Виктория",NA
"D1175",8087,8087,"Опишите синдром «эмоционального выгорания»",0,1175,"Демина Виктория",NA
"D1175",8088,8088,"Какие пути профессиональной реабилитации",0,1175,"Демина Виктория",NA
"D1175",8089,8089,"Что понимается под психологическим сопровождением",0,1175,"Демина Виктория",NA
"D1175",8090,8090,"Назовите основные функции психологического сопровождения",0,1175,"Демина Виктория",NA
"D1175",8091,8091,"Как осуществляется психологическое сопровождение",0,1175,"Демина Виктория",NA
"D1175",8092,8092,"Какие виды адаптации выделяются на стадии профессиональной",0,1175,"Демина Виктория",NA
"D1175",8093,8093,"В чём заключается специфика психологического сопровождения на этапе прекращения",0,1175,"Демина Виктория",NA
"D2171",8096,8096,"Дезинсекция От Клопов Холодным Туманом",0,2171,"Ugujinepe",NA
"D2173",8098,8098,"Seo directory",0,2173,"Ymajelit",NA
"D1497",8101,8101,"Источники и историография проблемы бюрократизма в публицистических произведениях Михаила Осиповича Меньшикова",0,1497,"Кочемазов Александр",NA
"D1497",8102,8102,"Источники и историография бюрократия в публицистических произведениях Михаила Осиповича Меньшикова",0,1497,"Кочемазов Александр",NA
"D1497",8106,8106,"Источники и историография образа бюрократии в публицистических произведениях Михаила Осиповича Меньшикова",0,1497,"Кочемазов Александр",NA
"D2193",8123,8123,"Выгодный маршрут из/до аэропорта Краснодар",0,2193,"Enacigaq",NA
"D1518",8135,8135,"Хиппи как негативное явление в советском обществе 1970-х годов: анализ роли и восприятия",0,1518,"Дарья Крымова",NA
"D2206",8137,8137,"Zumospin trustpilot",0,2206,"Ucohijapy",NA
"D2208",8142,8142,"Подготовка поверхности: какие реагенты нужны для чистого результата",0,2208,"Ufawykaty",NA
"D2209",8143,8143,"Автозалог онлайн в Москве",0,2209,"Bindworth5",NA
"D3",8193,8193,"Практикум по эконометрике (syllabus)",0,3,"Patarakin",NA
"D3",8194,8194,"Программирование и лингвистические данные (syllabus)",0,3,"Patarakin",NA
"D3",8195,8195,"MapReduce",0,3,"Patarakin",NA
"D447",8195,8195,"MapReduce",0,447,"Afonbro",NA
"D1897",8196,8196,"À la carte",0,1897,"ShepelAM612",NA
"D3",8197,8197,"Прикладная образовательная эконометрика",0,3,"Patarakin",NA
"D3",8202,8202,"Программирование (syllabus) 2026",0,3,"Patarakin",NA
"D3",8232,8232,"Телеграм-бот для поиска фотографий через API-ключ фотостока",0,3,"Patarakin",NA
"D889",8232,8232,"Телеграм-бот для поиска фотографий через API-ключ фотостока",0,889,"CherenkovIR",NA
"D3",8234,8234,"Аналитика сообщества с помощью VK API",0,3,"Patarakin",NA
"D891",8234,8234,"Аналитика сообщества с помощью VK API",0,891,"DzhamalovaSS",NA
"D3",8235,8235,"Леонтьев Алексей Николаевич",0,3,"Patarakin",NA
"D3",8236,8236,"Методы обработки больших данных (syllabus)",0,3,"Patarakin",NA
"D3",8237,8237,"SMW",0,3,"Patarakin",NA
"D3",8238,8238,"Java for BigData",0,3,"Patarakin",NA
"D447",8238,8238,"Java for BigData",0,447,"Afonbro",NA
"D3",8239,8239,"R for Big Data",0,3,"Patarakin",NA
"D447",8239,8239,"R for Big Data",0,447,"Afonbro",NA
"D3",8240,8240,"Язык программирования R (syllabus) 2026",0,3,"Patarakin",NA
"D3",8244,8244,"Говорящая машина Фабера",0,3,"Patarakin",NA
"D3",8245,8245,"Три закона роботехники",0,3,"Patarakin",NA
"D3",8246,8246,"Автопилот",0,3,"Patarakin",NA
"D3",8247,8247,"Многоагентная система",0,3,"Patarakin",NA
"D3",8248,8248,"Экзоскелет",0,3,"Patarakin",NA
"D3",8249,8249,"Автоматическое планирование и диспетчеризация",0,3,"Patarakin",NA
"D3",8251,8251,"Дистанционное управление",0,3,"Patarakin",NA
"D3",8252,8252,"Шесть степеней свободы",0,3,"Patarakin",NA
"D3",8253,8253,"Аппаратура управления радиомоделью",0,3,"Patarakin",NA
"D3",8254,8254,"Энгельбергер, Джозеф",0,3,"Patarakin",NA
"D3",8255,8255,"Обнаружение столкновений",0,3,"Patarakin",NA
"D3",8256,8256,"Зловещая долина",0,3,"Patarakin",NA
"D3",8257,8257,"Радиоуправление",0,3,"Patarakin",NA
"D3",8258,8258,"Голосовое управление",0,3,"Patarakin",NA
"D3",8259,8259,"Умная пыль",0,3,"Patarakin",NA
"D3",8260,8260,"Прямая кинематика",0,3,"Patarakin",NA
"D3",8261,8261,"Инверсная кинематика",0,3,"Patarakin",NA
"D3",8262,8262,"Рациональный агент",0,3,"Patarakin",NA
"D3",8263,8263,"Электроактивные полимеры",0,3,"Patarakin",NA
"D3",8264,8264,"Воздушные мышцы",0,3,"Patarakin",NA
"D3",8265,8265,"Трёхмерная реконструкция",0,3,"Patarakin",NA
"D3",8266,8266,"SOLO-TREC",0,3,"Patarakin",NA
"D3",8268,8268,"Клэйтроника",0,3,"Patarakin",NA
"D3",8269,8269,"Одометрия",0,3,"Patarakin",NA
"D3",8270,8270,"Визуальная одометрия",0,3,"Patarakin",NA
"D3",8271,8271,"Групповая робототехника",0,3,"Patarakin",NA
"D3",8273,8273,"SLAM (метод)",0,3,"Patarakin",NA
"D3",8274,8274,"ROS (операционная система)",0,3,"Patarakin",NA
"D3",8275,8275,"Шаробот",0,3,"Patarakin",NA
"D3",8276,8276,"Полётный контроллер",0,3,"Patarakin",NA
"D3",8277,8277,"Kanguera",0,3,"Patarakin",NA
"D3",8278,8278,"Geminoid",0,3,"Patarakin",NA
"D3",8279,8279,"Интеллектуальная робототехника",0,3,"Patarakin",NA
"D3",8281,8281,"AnyWalker",0,3,"Patarakin",NA
"D3",8282,8282,"Технологическая безработица",0,3,"Patarakin",NA
"D3",8283,8283,"DP-SLAM",0,3,"Patarakin",NA
"D3",8285,8285,"Самовоспроизводящаяся машина",0,3,"Patarakin",NA
"D3",8286,8286,"Машинка Брайтенберга",0,3,"Patarakin",NA
"D3",8287,8287,"Смертоносная автономная система вооружений",0,3,"Patarakin",NA
"D3",8289,8289,"Робоэтика",0,3,"Patarakin",NA
"D3",8290,8290,"Модель полицейских участков",0,3,"Patarakin",NA
"D3",8291,8291,"Мягкая робототехника",0,3,"Patarakin",NA
"D3",8292,8292,"Биоробототехника",0,3,"Patarakin",NA
"D3",8293,8293,"Telegarden",0,3,"Patarakin",NA
"D3",8294,8294,"Теледроид",0,3,"Patarakin",NA
"D3",8295,8295,"Clicbot",0,3,"Patarakin",NA
"D3",8296,8296,"Сервисный робот",0,3,"Patarakin",NA
"D3",8297,8297,"Milrem Robotics",0,3,"Patarakin",NA
"D3",8298,8298,"Адаптивная роботизация",0,3,"Patarakin",NA
"D3",8299,8299,"Искусственный мозг",0,3,"Patarakin",NA
"D3",8300,8300,"Адаптивный робот",0,3,"Patarakin",NA
"D3",8301,8301,"Точка нулевого момента",0,3,"Patarakin",NA
"D3",8302,8302,"Компьютерное зрение",0,3,"Patarakin",NA
"D3",8303,8303,"Figure AI",0,3,"Patarakin",NA
"D3",8304,8304,"Яндекс Роботикс",0,3,"Patarakin",NA
"D3",8305,8305,"Вики как лаборатория совместной деятельности",0,3,"Patarakin",NA
"D3",8332,8332,"Изучение Small group discussion",0,3,"Patarakin",NA
"D3",8334,8334,"Screen-Writing 2026",0,3,"Patarakin",NA
"D3",8335,8335,"Рубцов, Виталий Владимирович",0,3,"Patarakin",NA
"D3",8336,8336,"Hadoop",0,3,"Patarakin",NA
"D3",8337,8337,"GitLab",0,3,"Patarakin",NA
"D3",8338,8338,"DigidaCollab 02 2026",0,3,"Patarakin",NA
"D3",8340,8340,"Как провести анализ тональности текста",0,3,"Patarakin",NA
"D3",8343,8343,"Анализ частот встречаемости слов",0,3,"Patarakin",NA
"D3",8346,8346,"Spark&R",0,3,"Patarakin",NA
"D3",8347,8347,"Шаблон",0,3,"Patarakin",NA
"D3",8348,8348,"Каннингем",0,3,"Patarakin",NA
"D3",8349,8349,"Lua/Test",0,3,"Patarakin",NA
"D3",8357,8357,"Сравнение агентных моделей информационных систем",0,3,"Patarakin",NA
"D3",8360,8360,"ScratchWikis2026",0,3,"Patarakin",NA
"D3",8361,8361,"Сравнение Scratch wikis",0,3,"Patarakin",NA
"D3",8364,8364,"Компьютерное моделирование",0,3,"Patarakin",NA
"D2302",8364,8364,"Компьютерное моделирование",0,2302,"Видинеев Леонид",NA
"D890",8365,8365,"Карта друзей",0,890,"MukhanovaAI",NA
"D890",8366,8366,"Проект: Карта друзей (API соц. сетей)",0,890,"MukhanovaAI",NA
"D3",8368,8368,"BugHuntPredator",0,3,"Patarakin",NA
"D3",8369,8369,"FishTankGeneticDrift",0,3,"Patarakin",NA
"D3",8371,8371,"PISA",0,3,"Patarakin",NA
"D3",8372,8372,"ОЭСР",0,3,"Patarakin",NA
"D3",8373,8373,"Организация экономического сотрудничества и развития",0,3,"Patarakin",NA
"D3",8374,8374,"Organisation for Economic Co-operation and Development",0,3,"Patarakin",NA
"D3",8375,8375,"OECD",0,3,"Patarakin",NA
"D3",8376,8376,"Методы обработки больших данных (syllabus)/Webinars",0,3,"Patarakin",NA
"D3",8380,8380,"Mastering Spark with R",0,3,"Patarakin",NA
"D3",8381,8381,"Pivot в R",0,3,"Patarakin",NA
"D3",8382,8382,"Pipe",0,3,"Patarakin",NA
"D3",8383,8383,"Как провести сравнительный анализ поведения на поле цифровой дидактики (R)",0,3,"Patarakin",NA
"D3",8384,8384,"Аналитический инструмент «Золотой час контента»",0,3,"Patarakin",NA
"D901",8384,8384,"Аналитический инструмент «Золотой час контента»",0,901,"FedyshinaSP",NA
"D3",8386,8386,"Как изучить данные PISA learningtower package",0,3,"Patarakin",NA
"D3",8389,8389,"Психологические школы России (датасет)",0,3,"Patarakin",NA
"D418",8389,8389,"Психологические школы России (датасет)",0,418,"Fedorovaai",NA
"D2303",8394,8394,"TurtleForage Clash",0,2303,"AkkermanPD",NA
"D3",8395,8395,"Figure 03",0,3,"Patarakin",NA
"D2303",8395,8395,"Figure 03",0,2303,"AkkermanPD",NA
"D3",8422,8422,"Как собрать данные Scratch Wiki при помощи MediaWiki API",0,3,"Patarakin",NA
"D3",8423,8423,"Mutualistic network (model)",0,3,"Patarakin",NA
"D3",8424,8424,"Симбиоз",0,3,"Patarakin",NA
"D3",8425,8425,"Мутуализм",0,3,"Patarakin",NA
"D3",8426,8426,"MigrAgent (model)",0,3,"Patarakin",NA
"D3",8427,8427,"Как очистить датасет от дублей имен авторов в OpenRefine",0,3,"Patarakin",NA
"D3",8428,8428,"Power Point",0,3,"Patarakin",NA
"D3",8429,8429,"PowerPoint",0,3,"Patarakin",NA
"D3",8430,8430,"Как объединить видео PowerPoint и видео вебинара Переговорка",0,3,"Patarakin",NA
"D3",8436,8436,"Стигмергия",0,3,"Patarakin",NA
"D3",8437,8437,"Двудольный граф",0,3,"Patarakin",NA
"D3",8438,8438,"Wiki (model)",0,3,"Patarakin",NA
"D3",8441,8441,"GitLab example",0,3,"Patarakin",NA
"D3",8442,8442,"Principia Cybernetica",0,3,"Patarakin",NA
"D3",8445,8445,"Как посчитать метрики командности (GitLab)",0,3,"Patarakin",NA
"D3",8447,8447,"Ants",0,3,"Patarakin",NA
"D3",8448,8448,"Telegram",0,3,"Patarakin",NA
"D889",8448,8448,"Telegram",0,889,"CherenkovIR",NA
"D3",8449,8449,"ТГ",0,3,"Patarakin",NA
"D3",8450,8450,"Как представить графы совместной деятельности в R",0,3,"Patarakin",NA
"D3",8451,8451,"Как посчитать метрики командности (GitLab)/Code",0,3,"Patarakin",NA
"D3",8455,8455,"Stigmergy",0,3,"Patarakin",NA
"D3",8456,8456,"Бутстрап",0,3,"Patarakin",NA
"D3",8457,8457,"Изучение Lens Psych Collab",0,3,"Patarakin",NA
"D3",8459,8459,"CryptoBento with API",0,3,"Patarakin",NA
"D1005",8459,8459,"CryptoBento with API",0,1005,"SemenyachenkoDY",NA
"D3",8462,8462,"Как изучить студию с помощью Scratch API",0,3,"Patarakin",NA
"D890",8464,8464,"Карта друзей (API соц. сетей)",0,890,"MukhanovaAI",NA
"D3",8473,8473,"DBSCAN",0,3,"Patarakin",NA
"D1253",8474,8474,"История русской литературы XVIII века",0,1253,"Петров Николай",NA
"D3",8475,8475,"Redditometrics",0,3,"Patarakin",NA
"D895",8475,8475,"Redditometrics",0,895,"TyapkinaPA",NA
"D3",8480,8480,"Работа в вики-среде (с упражнениями)/Предисловие",0,3,"Patarakin",NA
"D3",8481,8481,"Работа в вики-среде (с упражнениями)/Википедия",0,3,"Patarakin",NA
"D3",8482,8482,"Работа в вики-среде (с упражнениями)/Терминологический минимум",0,3,"Patarakin",NA
"D3",8483,8483,"Работа в вики-среде (с упражнениями)/Качество статей Википедии",0,3,"Patarakin",NA
"D3",8484,8484,"Работа в вики-среде (с упражнениями)/Альтернативы Википедии",0,3,"Patarakin",NA
"D3",8485,8485,"Работа в вики-среде (с упражнениями)/Рефераты против Википедии",0,3,"Patarakin",NA
"D3",8486,8486,"Работа в вики-среде (с упражнениями)/Энциклопедический стиль статей (идеалы и нейтральность)",0,3,"Patarakin",NA
"D3",8487,8487,"Работа в вики-среде (с упражнениями)/Основы работы в Википедии",0,3,"Patarakin",NA
"D3",8488,8488,"Работа в вики-среде (с упражнениями)/Личная страница участника",0,3,"Patarakin",NA
"D3",8489,8489,"Работа в вики-среде (с упражнениями)/Страница обсуждения",0,3,"Patarakin",NA
"D3",8490,8490,"Работа в вики-среде (с упражнениями)/Лицензии, авторские права",0,3,"Patarakin",NA
"D3",8491,8491,"Работа в вики-среде (с упражнениями)/Предупреждение",0,3,"Patarakin",NA
"D3",8493,8493,"Работа в вики-среде (с упражнениями)/Свобода панорамы",0,3,"Patarakin",NA
"D3",8494,8494,"Работа в вики-среде (с упражнениями)/Социальные сети",0,3,"Patarakin",NA
"D3",8495,8495,"Работа в вики-среде (с упражнениями)/Борьба с вандализмом",0,3,"Patarakin",NA
"D3",8496,8496,"Работа в вики-среде (с упражнениями)/Регистрация",0,3,"Patarakin",NA
"D3",8497,8497,"Работа в вики-среде (с упражнениями)/Задание 5. Формулировка главного определения",0,3,"Patarakin",NA
"D3",8498,8498,"Работа в вики-среде (с упражнениями)/Публичный характер Википедии",0,3,"Patarakin",NA
"D3",8499,8499,"Работа в вики-среде (с упражнениями)/Интерфейс Википедии",0,3,"Patarakin",NA
"D3",8500,8500,"Работа в вики-среде (с упражнениями)/Статья Википедии",0,3,"Patarakin",NA
"D3",8501,8501,"Работа в вики-среде (с упражнениями)/Подход к онлайновой работе со студентами в вики-среде",0,3,"Patarakin",NA
"D3",8502,8502,"Работа в вики-среде (с упражнениями)/История изменений статьи",0,3,"Patarakin",NA
"D3",8503,8503,"Работа в вики-среде (с упражнениями)/Методика",0,3,"Patarakin",NA
"D3",8504,8504,"Работа в вики-среде (с упражнениями)/Командная работа студентов",0,3,"Patarakin",NA
"D3",8505,8505,"Работа в вики-среде (с упражнениями)/Подходы принятия работы",0,3,"Patarakin",NA
"D3",8506,8506,"Работа в вики-среде (с упражнениями)/Современные подходы к преподаванию",0,3,"Patarakin",NA
"D3",8507,8507,"Работа в вики-среде (с упражнениями)/Задание 1. Выбор темы студентом",0,3,"Patarakin",NA
"D3",8509,8509,"Работа в вики-среде (с упражнениями)/Страница настроек",0,3,"Patarakin",NA
"D3",8510,8510,"Работа в вики-среде (с упражнениями)/Проекты Википедии",0,3,"Patarakin",NA
"D3",8511,8511,"Работа в вики-среде (с упражнениями)/Задание 0. Выбор тем преподавателем",0,3,"Patarakin",NA
"D3",8512,8512,"Работа в вики-среде (с упражнениями)/Поиск тем в Английской Википедии",0,3,"Patarakin",NA
"D3",8513,8513,"Работа в вики-среде (с упражнениями)/Задание 6. Викификация — связывание с тематически близкими статьями",0,3,"Patarakin",NA
"D3",8514,8514,"Работа в вики-среде (с упражнениями)/О Википедии детям",0,3,"Patarakin",NA
"D3",8516,8516,"Работа в вики-среде (с упражнениями)/Категории статей и запросы на создание",0,3,"Patarakin",NA
"D2305",8534,8534,"Анализ целевой аудитории сообщества VK",0,2305,"Sabitova Alina",NA
"D894",8535,8535,"Telegram-бот с погодой",0,894,"PrishletsovaKS",NA
"D3",8543,8543,"ВК-бот для напоминаний",0,3,"Patarakin",NA
"D939",8543,8543,"ВК-бот для напоминаний",0,939,"TatarinovaEM",NA
"D3",8548,8548,"Wekan",0,3,"Patarakin",NA
"D1042",8551,8551,"Аналитический инструмент ScratchAPI",0,1042,"Boiko Konstantin",NA
"D889",8553,8553,"Unsplash",0,889,"CherenkovIR",NA
"D896",8556,8556,"Агрегатор ленты VK",0,896,"DulisKS",NA
"D3",8567,8567,"Аналитика профиля ВК",0,3,"Patarakin",NA
"D898",8567,8567,"Аналитика профиля ВК",0,898,"Arlinskaya Alexandra",NA
"D2306",8577,8577,"Анализ видеоконтента",0,2306,"Sseliverstova",NA
"D3",8591,8591,"EduVK",0,3,"Patarakin",NA
"D892",8591,8591,"EduVK",0,892,"BashashkinAM",NA
"D3",8600,8600,"Автопостер ВКонтакте",0,3,"Patarakin",NA
"D1045",8600,8600,"Автопостер ВКонтакте",0,1045,"IlinaAS",NA
"D3",8601,8601,"Nexia",0,3,"Patarakin",NA
"D2307",8601,8601,"Nexia",0,2307,"Харламова Анна",NA
"D2308",8603,8603,"VK Radar",0,2308,"GutnikovaMaria",NA
"D3",8612,8612,"Анализ неактивных подписчиков VK",0,3,"Patarakin",NA
"D1041",8612,8612,"Анализ неактивных подписчиков VK",0,1041,"VoznesenskayaVE",NA
"D1005",8623,8623,"CryptoMonitor",0,1005,"SemenyachenkoDY",NA
"D890",8628,8628,"Проект:Карта друзей/Зеленоградск",0,890,"MukhanovaAI",NA
"D890",8629,8629,"Проект:Карта друзей/Санкт-Петербург",0,890,"MukhanovaAI",NA
"D890",8630,8630,"Проект:Карта друзей/Сочи",0,890,"MukhanovaAI",NA
"D895",8632,8632,"Reddit",0,895,"TyapkinaPA",NA
"D895",8633,8633,"Communalytic",0,895,"TyapkinaPA",NA
"D3",8635,8635,"Как оценить командность в студиях Scratch",0,3,"Patarakin",NA
"D3",8638,8638,"Инструмент или соавтор? Роль генеративного искусственного интеллекта в работе над групповыми письменными",0,3,"Patarakin",NA
"D3",8639,8639,"Лаборатории изучения командного творчества подростков в цифровых средах",0,3,"Patarakin",NA
"D3",8640,8640,"Как проанализировать комментарии отдельной студии Scratch",0,3,"Patarakin",NA
"D3",8641,8641,"Как исследовать данные из Wealth Distribution в R",0,3,"Patarakin",NA
"D3",8643,8643,"История цифровых сред коллективного познания от идей Выготского к Wiki и Git",0,3,"Patarakin",NA
"D3",8645,8645,"Индекс Морана",0,3,"Patarakin",NA
"D3",8648,8648,"Spatial Eviction (model)",0,3,"Patarakin",NA
"D3",8649,8649,"Moran’s I",0,3,"Patarakin",NA
"D3",8659,8659,"Perplexity",0,3,"Patarakin",NA
"D3",8660,8660,"Командность",0,3,"Patarakin",NA
"D3",8661,8661,"Рубцов",0,3,"Patarakin",NA
"D3",8669,8669,"Как использовать данные в модели NetLogo",0,3,"Patarakin",NA
"D3",8670,8670,"Изучение данных ScratchWikis2026",0,3,"Patarakin",NA
"D2267",8670,8670,"Изучение данных ScratchWikis2026",0,2267,"Gorskina Tatyana Vladimirovna",NA
"D2268",8670,8670,"Изучение данных ScratchWikis2026",0,2268,"Ольга Лапшенкова",NA
"D2273",8670,8670,"Изучение данных ScratchWikis2026",0,2273,"Vika Ikryannikova",NA
"D2280",8670,8670,"Изучение данных ScratchWikis2026",0,2280,"Дарья",NA
"D3",935,935,"Обсуждение:Диаграмма формирования экологической культуры",1,3,"Patarakin",NA
"D8",935,935,"Обсуждение:Диаграмма формирования экологической культуры",1,8,"FortunatovAA",NA
"D3",975,975,"Обсуждение:Как пользоваться различными пространствами вики",1,3,"Patarakin",NA
"D3",1018,1018,"Обсуждение:Заглавная страница",1,3,"Patarakin",NA
"D8",1018,1018,"Обсуждение:Заглавная страница",1,8,"FortunatovAA",NA
"D20",1018,1018,"Обсуждение:Заглавная страница",1,20,"RodionAndreevich",NA
"D40",1018,1018,"Обсуждение:Заглавная страница",1,40,"Беликова",NA
"D72",1018,1018,"Обсуждение:Заглавная страница",1,72,"Рожкова",NA
"D998",1018,1018,"Обсуждение:Заглавная страница",1,998,"Tsarkovaoi",NA
"D1023",1018,1018,"Обсуждение:Заглавная страница",1,1023,"Ильмира",NA
"D1058",1018,1018,"Обсуждение:Заглавная страница",1,1058,"IvanovaLA853",NA
"D1174",1018,1018,"Обсуждение:Заглавная страница",1,1174,"MarkovNA",NA
"D3",1178,1178,"Обсуждение:Датасет",1,3,"Patarakin",NA
"D44",1178,1178,"Обсуждение:Датасет",1,44,"Ольга Балдина",NA
"D3",1230,1230,"Обсуждение:Как добавить видео на страницу вики",1,3,"Patarakin",NA
"D10",1230,1230,"Обсуждение:Как добавить видео на страницу вики",1,10,"RomanovaMI",NA
"D12",1230,1230,"Обсуждение:Как добавить видео на страницу вики",1,12,"RomanovSA",NA
"D3",1263,1263,"Обсуждение:Graphviz",1,3,"Patarakin",NA
"D194",1263,1263,"Обсуждение:Graphviz",1,194,"VolkovAJ",NA
"D195",1263,1263,"Обсуждение:Graphviz",1,195,"Vera Safonova",NA
"D10",1267,1267,"Обсуждение:Блок-схемы и данные",1,10,"RomanovaMI",NA
"D12",1267,1267,"Обсуждение:Блок-схемы и данные",1,12,"RomanovSA",NA
"D3",1271,1271,"Обсуждение:Mermaid/SequenceDiagram",1,3,"Patarakin",NA
"D3",1282,1282,"Обсуждение:Типы данных и датасеты",1,3,"Patarakin",NA
"D3",1436,1436,"Обсуждение:ZooUniverse Diagram",1,3,"Patarakin",NA
"D3",1441,1441,"Обсуждение:Алгоритмы и структуры данных - промежуточный отчёт",1,3,"Patarakin",NA
"D3",1446,1446,"Обсуждение:Как обратиться к внешним данным из вики",1,3,"Patarakin",NA
"D3",1457,1457,"Обсуждение:Построение сетевых сообществ. Введение",1,3,"Patarakin",NA
"D3",1458,1458,"Обсуждение:Продвижение участника",1,3,"Patarakin",NA
"D3",1465,1465,"Обсуждение:Программирование робототехнических устройств",1,3,"Patarakin",NA
"D3",1553,1553,"Обсуждение:Анализ и интерпретация данных (syllabus)",1,3,"Patarakin",NA
"D123",1553,1553,"Обсуждение:Анализ и интерпретация данных (syllabus)",1,123,"Zraeva",NA
"D124",1553,1553,"Обсуждение:Анализ и интерпретация данных (syllabus)",1,124,"Новикова Анна Адександровна",NA
"D125",1553,1553,"Обсуждение:Анализ и интерпретация данных (syllabus)",1,125,"Анна Новожилова",NA
"D127",1553,1553,"Обсуждение:Анализ и интерпретация данных (syllabus)",1,127,"Якушева Татьяна Сергеевна",NA
"D128",1553,1553,"Обсуждение:Анализ и интерпретация данных (syllabus)",1,128,"Елена Котова",NA
"D131",1553,1553,"Обсуждение:Анализ и интерпретация данных (syllabus)",1,131,"Маниева Сабина Рафиговна",NA
"D134",1553,1553,"Обсуждение:Анализ и интерпретация данных (syllabus)",1,134,"Юлия Хурманенок",NA
"D3",1561,1561,"Обсуждение:Карта счастья",1,3,"Patarakin",NA
"D124",1561,1561,"Обсуждение:Карта счастья",1,124,"Новикова Анна Адександровна",NA
"D3",1656,1656,"Обсуждение:R",1,3,"Patarakin",NA
"D3",1657,1657,"Обсуждение:Mermaid",1,3,"Patarakin",NA
"D3",1689,1689,"Обсуждение:Binary search (diagram)",1,3,"Patarakin",NA
"D3",1743,1743,"Обсуждение:Bills of Mortality (dataset)",1,3,"Patarakin",NA
"D136",1753,1753,"Обсуждение:Basic",1,136,"Gaidukovd",NA
"D3",1759,1759,"Обсуждение:Books (dataset)",1,3,"Patarakin",NA
"D3",1864,1864,"Обсуждение:Нейронная сеть",1,3,"Patarakin",NA
"D3",1911,1911,"Обсуждение:Таксономия Толлингеровой",1,3,"Patarakin",NA
"D3",1962,1962,"Обсуждение:ChatGPT",1,3,"Patarakin",NA
"D3",2074,2074,"Обсуждение:Flocking (model)",1,3,"Patarakin",NA
"D3",2079,2079,"Обсуждение:Signature pedagogy",1,3,"Patarakin",NA
"D3",2086,2086,"Обсуждение:Клон",1,3,"Patarakin",NA
"D3",2124,2124,"Обсуждение:Forum (dataset)",1,3,"Patarakin",NA
"D3",2132,2132,"Обсуждение:Таксономия Бартла",1,3,"Patarakin",NA
"D3",2137,2137,"Обсуждение:Stack OverFlow",1,3,"Patarakin",NA
"D3",2140,2140,"Обсуждение:Представить данные датасета в виде графа",1,3,"Patarakin",NA
"D3",2144,2144,"Обсуждение:Изучить информатиков МЭШ",1,3,"Patarakin",NA
"D3",2148,2148,"Обсуждение:Генеративный искусственный интеллект",1,3,"Patarakin",NA
"D3",2155,2155,"Обсуждение:SLAM",1,3,"Patarakin",NA
"D3",2162,2162,"Обсуждение:GeoGebra",1,3,"Patarakin",NA
"D3",2173,2173,"Обсуждение:Java",1,3,"Patarakin",NA
"D3",2183,2183,"Обсуждение:Схема алгоритма для робота-геолога",1,3,"Patarakin",NA
"D3",2187,2187,"Обсуждение:Задача",1,3,"Patarakin",NA
"D3",2190,2190,"Обсуждение:Как вставлять химические формулы в тексты вики статей",1,3,"Patarakin",NA
"D3",2200,2200,"Обсуждение:Scratch",1,3,"Patarakin",NA
"D3",2201,2201,"Обсуждение:Prolog",1,3,"Patarakin",NA
"D3",2205,2205,"Обсуждение:География",1,3,"Patarakin",NA
"D3",2207,2207,"Обсуждение:Вольфрам, Стивен",1,3,"Patarakin",NA
"D3",2223,2223,"Обсуждение:Ontology of geographic literacy",1,3,"Patarakin",NA
"D3",2236,2236,"Обсуждение:Диаграмма курса «Технологии программирования»",1,3,"Patarakin",NA
"D3",2238,2238,"Обсуждение:Технологии программирования (факультатив)/03.05.2023",1,3,"Patarakin",NA
"D3",2254,2254,"Обсуждение:Технологии программирования (факультатив)/10.05.2023",1,3,"Patarakin",NA
"D3",2274,2274,"Обсуждение:Models Communities",1,3,"Patarakin",NA
"D3",2278,2278,"Обсуждение:Сообщество GeoGebra",1,3,"Patarakin",NA
"D3",2279,2279,"Обсуждение:Сообщество Scratch",1,3,"Patarakin",NA
"D3",2280,2280,"Обсуждение:Data in Education Seminar/31 05 2023",1,3,"Patarakin",NA
"D3",2286,2286,"Обсуждение:Butterfly model",1,3,"Patarakin",NA
"D3",2288,2288,"Обсуждение:Artificial Anasazi",1,3,"Patarakin",NA
"D3",2289,2289,"Обсуждение:Growing Artificial Societies: Social Science From the Bottom Up (Complex Adaptive Systems)",1,3,"Patarakin",NA
"D3",2315,2315,"Обсуждение:Poe",1,3,"Patarakin",NA
"D3",2325,2325,"Обсуждение:Ora",1,3,"Patarakin",NA
"D3",2355,2355,"Обсуждение:Face generator",1,3,"Patarakin",NA
"D3",2364,2364,"Обсуждение:AI content generation 06062023",1,3,"Patarakin",NA
"D177",2364,2364,"Обсуждение:AI content generation 06062023",1,177,"Azevichai",NA
"D3",2368,2368,"Обсуждение:Генерировать изображения",1,3,"Patarakin",NA
"D3",2378,2378,"Обсуждение:Семиосфера",1,3,"Patarakin",NA
"D3",2405,2405,"Обсуждение:AI content generation 28062023",1,3,"Patarakin",NA
"D3",2424,2424,"Обсуждение:Цифровая грамотность",1,3,"Patarakin",NA
"D1367",2424,2424,"Обсуждение:Цифровая грамотность",1,1367,"Alishari",NA
"D3",2433,2433,"Обсуждение:Облачные технологии",1,3,"Patarakin",NA
"D3",2436,2436,"Обсуждение:Jupyter",1,3,"Patarakin",NA
"D3",2439,2439,"Обсуждение:MQTT",1,3,"Patarakin",NA
"D3",2440,2440,"Обсуждение:Интернет вещей",1,3,"Patarakin",NA
"D3",2441,2441,"Обсуждение:API",1,3,"Patarakin",NA
"D3",2442,2442,"Обсуждение:Cloud technologies (syllabus)",1,3,"Patarakin",NA
"D3",2443,2443,"Обсуждение:Программирование на языках высокого уровня",1,3,"Patarakin",NA
"D189",2443,2443,"Обсуждение:Программирование на языках высокого уровня",1,189,"Черная Ксения",NA
"D3",2446,2446,"Обсуждение:Построение сетевых сообществ",1,3,"Patarakin",NA
"D3",2449,2449,"Обсуждение:Алгоритмы и структуры данных (syllabus)",1,3,"Patarakin",NA
"D143",2449,2449,"Обсуждение:Алгоритмы и структуры данных (syllabus)",1,143,"Die Toten Engel",NA
"D3",2451,2451,"Обсуждение:Проектирование и разработка приложений (syllabus)",1,3,"Patarakin",NA
"D3",2453,2453,"Обсуждение:Обработка больших данных (syllabus)",1,3,"Patarakin",NA
"D3",2456,2456,"Обсуждение:Lua",1,3,"Patarakin",NA
"D3",2460,2460,"Обсуждение:Mastering Shiny: Build Interactive Apps, Reports, and Dashboards Powered by R",1,3,"Patarakin",NA
"D3",2468,2468,"Обсуждение:Thunkable",1,3,"Patarakin",NA
"D3",2506,2506,"Обсуждение:App Inventor",1,3,"Patarakin",NA
"D3",2508,2508,"Обсуждение:Bubble.io",1,3,"Patarakin",NA
"D3",2560,2560,"Обсуждение:Разработка мобильных приложений (syllabus)",1,3,"Patarakin",NA
"D3",2598,2598,"Обсуждение:Генерация учебных задач при помощи генеративных моделей",1,3,"Patarakin",NA
"D3",2612,2612,"Обсуждение:Как собрать своё первое приложение Shinу",1,3,"Patarakin",NA
"D3",2617,2617,"Обсуждение:Как создать первое мобильное приложение в App Inventor",1,3,"Patarakin",NA
"D212",2617,2617,"Обсуждение:Как создать первое мобильное приложение в App Inventor",1,212,"Татьяна М",NA
"D3",2620,2620,"Обсуждение:Как строить графики на вики страницах",1,3,"Patarakin",NA
"D3",2651,2651,"Обсуждение:Snap!",1,3,"Patarakin",NA
"D3",2673,2673,"Обсуждение:Взаимное копирование МЭШ (датасет)",1,3,"Patarakin",NA
"D3",2703,2703,"Обсуждение:JavaScript",1,3,"Patarakin",NA
"D3",2716,2716,"Обсуждение:Процедура",1,3,"Patarakin",NA
"D3",2759,2759,"Обсуждение:Multiple choice",1,3,"Patarakin",NA
"D3",2760,2760,"Обсуждение:PlantUML",1,3,"Patarakin",NA
"D3",2761,2761,"Обсуждение:JSON",1,3,"Patarakin",NA
"D3",2762,2762,"Обсуждение:Papert",1,3,"Patarakin",NA
"D3",2763,2763,"Обсуждение:Sprite",1,3,"Patarakin",NA
"D3",2765,2765,"Обсуждение:Сценарий урока/PlanUML",1,3,"Patarakin",NA
"D3",2779,2779,"Обсуждение:Как представить JSON из API в виде диаграммы PlantUML",1,3,"Patarakin",NA
"D3",2804,2804,"Обсуждение:Как использовать песочницу MediaWiki API",1,3,"Patarakin",NA
"D3",2833,2833,"Обсуждение:Use Case Diagram",1,3,"Patarakin",NA
"D3",2838,2838,"Обсуждение:1 ученик:1 компьютер",1,3,"Patarakin",NA
"D3",2842,2842,"Обсуждение:Как использовать рюкзак в App Inventor",1,3,"Patarakin",NA
"D3",2851,2851,"Обсуждение:TinyDB",1,3,"Patarakin",NA
"D3",2878,2878,"Обсуждение:Диаграмма классов",1,3,"Patarakin",NA
"D3",2882,2882,"Обсуждение:Как представить вики статью в App Inventor",1,3,"Patarakin",NA
"D3",2942,2942,"Обсуждение:Mermaid/ClassDiagram",1,3,"Patarakin",NA
"D3",2982,2982,"Обсуждение:Vygotsky as a person to think with about computer science and psychology",1,3,"Patarakin",NA
"D3",2991,2991,"Обсуждение:Турчин",1,3,"Patarakin",NA
"D224",2996,2996,"Обсуждение:Модель формирования экологической культуры старшеклассников во внеурочной деятельности с помощью проектных технологий",1,224,"Fortunatov A.A.",NA
"D3",3116,3116,"Обсуждение:Использование генеративного искусственного интеллекта для формирования вычислительного мышления школьников",1,3,"Patarakin",NA
"D3",3130,3130,"Обсуждение:NetsBlox",1,3,"Patarakin",NA
"D3",3131,3131,"Обсуждение:Использование сред агентного моделирования для изучения городской среды",1,3,"Patarakin",NA
"D3",3211,3211,"Обсуждение:GoogleSchool 01(dataset)",1,3,"Patarakin",NA
"D3",3222,3222,"Обсуждение:Как подготовить данные для библиометрического исследования",1,3,"Patarakin",NA
"D3",3239,3239,"Обсуждение:Цифровые инструменты учителей",1,3,"Patarakin",NA
"D3",3353,3353,"Обсуждение:AI content generation 27032024",1,3,"Patarakin",NA
"D3",3415,3415,"Обсуждение:ODD принципы",1,3,"Patarakin",NA
"D3",3430,3430,"Обсуждение:Julia",1,3,"Patarakin",NA
"D3",3440,3440,"Обсуждение:Диаграмма деятельности",1,3,"Patarakin",NA
"D3",3444,3444,"Обсуждение:Development of computational thinking based on collective interaction in MediaWiki and multi-agent approach",1,3,"Patarakin",NA
"D3",3454,3454,"Обсуждение:Среды блочного программирования для вычислительной географии",1,3,"Patarakin",NA
"D3",3477,3477,"Обсуждение:Leaders & Followers (model)",1,3,"Patarakin",NA
"D1383",3477,3477,"Обсуждение:Leaders & Followers (model)",1,1383,"Dilyara",NA
"D1898",3477,3477,"Обсуждение:Leaders & Followers (model)",1,1898,"Диляра888",NA
"D3",3511,3511,"Обсуждение:Типология участников сообществ",1,3,"Patarakin",NA
"D3",3668,3668,"Обсуждение:Мотивация – как фактор управления профессиональным развитием педагогических работников общеобразовательной организации",1,3,"Patarakin",NA
"D293",3671,3671,"Обсуждение:Piaget-Vygotsky (model)",1,293,"Юлия",NA
"D293",3672,3672,"Обсуждение:Термиты",1,293,"Юлия",NA
"D1287",3672,3672,"Обсуждение:Термиты",1,1287,"KhlopkovVE518",NA
"D3",3691,3691,"Обсуждение:Сложная адаптивная система",1,3,"Patarakin",NA
"D3",3700,3700,"Обсуждение:DREAM",1,3,"Patarakin",NA
"D3",3890,3890,"Обсуждение:Подчиняться клавишам клавиатуры",1,3,"Patarakin",NA
"D417",3890,3890,"Обсуждение:Подчиняться клавишам клавиатуры",1,417,"GrigorevaSofy",NA
"D418",3890,3890,"Обсуждение:Подчиняться клавишам клавиатуры",1,418,"Fedorovaai",NA
"D420",3890,3890,"Обсуждение:Подчиняться клавишам клавиатуры",1,420,"Zanmly",NA
"D3",3891,3891,"Обсуждение:Перемещаться случайным образом",1,3,"Patarakin",NA
"D359",3891,3891,"Обсуждение:Перемещаться случайным образом",1,359,"Lera Kitya",NA
"D419",3891,3891,"Обсуждение:Перемещаться случайным образом",1,419,"Гудилин Кирилл",NA
"D363",3892,3892,"Обсуждение:Преследовать другого агента",1,363,"Арзамаскина Виктория",NA
"D366",3892,3892,"Обсуждение:Преследовать другого агента",1,366,"Sofya Motspan",NA
"D367",3892,3892,"Обсуждение:Преследовать другого агента",1,367,"Сычёва Ксения",NA
"D370",3892,3892,"Обсуждение:Преследовать другого агента",1,370,"Гренадер Дмитрий",NA
"D360",3893,3893,"Обсуждение:Перевозить другого агента на себе",1,360,"Kseniya",NA
"D356",3894,3894,"Обсуждение:Накапливать энергию",1,356,"Ir.riss",NA
"D367",3894,3894,"Обсуждение:Накапливать энергию",1,367,"Сычёва Ксения",NA
"D418",3894,3894,"Обсуждение:Накапливать энергию",1,418,"Fedorovaai",NA
"D359",3896,3896,"Обсуждение:Сталкиваться",1,359,"Lera Kitya",NA
"D3",3905,3905,"Обсуждение:Поглощать агентов",1,3,"Patarakin",NA
"D369",3905,3905,"Обсуждение:Поглощать агентов",1,369,"Наталья Захарова",NA
"D370",3905,3905,"Обсуждение:Поглощать агентов",1,370,"Гренадер Дмитрий",NA
"D361",3906,3906,"Обсуждение:Превращаться в другого агента",1,361,"Тимошенко Софья",NA
"D370",3906,3906,"Обсуждение:Превращаться в другого агента",1,370,"Гренадер Дмитрий",NA
"D3",3907,3907,"Обсуждение:Генерировать новых агентов",1,3,"Patarakin",NA
"D354",3907,3907,"Обсуждение:Генерировать новых агентов",1,354,"Drel'Tar",NA
"D3",3911,3911,"Обсуждение:Тишина как общинное достояние",1,3,"Patarakin",NA
"D438",3966,3966,"Обсуждение:Эсхатологический миф в текстах альбома ""Клубника со льдом или Любовь до гроба"" группы ""Крематорий""",1,438,"Мухлаев Даниил",NA
"D433",3970,3970,"Обсуждение:Роль А.В. Никитенко в издании романа Н.В. Гоголя ""Мёртвые души""",1,433,"Отиашвили Маргарита",NA
"D439",4047,4047,"Обсуждение:Стилистическое новаторство И.А. Бродского в преподавании литературы на примере опубликованных лекций",1,439,"Стариков Андрей",NA
"D435",4050,4050,"Обсуждение:Николай Гумилев и Африка: путешествия как источник вдохновения",1,435,"Александр Куроптев",NA
"D437",4053,4053,"Обсуждение:Феминизация архетипа ""дева в беде"" в русской литературе в историческом контексте",1,437,"Синькова Анастасия",NA
"D435",4055,4055,"Обсуждение:Николай Гумилев и Африка: Путешествия как источник вдохновения",1,435,"Александр Куроптев",NA
"D436",4058,4058,"Обсуждение:Креолизованный текст на уроке литературы как способ повышения читательской грамотности в 8-9 классах",1,436,"Михайлова Елизавета",NA
"D3",4071,4071,"Обсуждение:Как посчитать несчастливых горожан",1,3,"Patarakin",NA
"D290",4071,4071,"Обсуждение:Как посчитать несчастливых горожан",1,290,"Козлова Марина",NA
"D292",4071,4071,"Обсуждение:Как посчитать несчастливых горожан",1,292,"Ирина К",NA
"D296",4071,4071,"Обсуждение:Как посчитать несчастливых горожан",1,296,"МарияЧ",NA
"D298",4071,4071,"Обсуждение:Как посчитать несчастливых горожан",1,298,"Zalimovich",NA
"D300",4071,4071,"Обсуждение:Как посчитать несчастливых горожан",1,300,"Татьяна",NA
"D309",4071,4071,"Обсуждение:Как посчитать несчастливых горожан",1,309,"GorevaYV",NA
"D381",4071,4071,"Обсуждение:Как посчитать несчастливых горожан",1,381,"ИВА",NA
"D384",4071,4071,"Обсуждение:Как посчитать несчастливых горожан",1,384,"EgorovSN",NA
"D475",4071,4071,"Обсуждение:Как посчитать несчастливых горожан",1,475,"AlexandraSemina2",NA
"D495",4071,4071,"Обсуждение:Как посчитать несчастливых горожан",1,495,"Евгения Фридрихсен",NA
"D3",4091,4091,"Обсуждение:Dashboard",1,3,"Patarakin",NA
"D458",4105,4105,"Обсуждение:Влияние книдского мифа на формирование образов героев в повести И.С. Тургенева ""Клара Милич""",1,458,"Светлана Ефимова",NA
"D3",4114,4114,"Обсуждение:Диаграмма учебного курса",1,3,"Patarakin",NA
"D3",4163,4163,"Обсуждение:Мифопоэтика инсектного кода в романе В. Пелевина ""Жизнь насекомых""",1,3,"Patarakin",NA
"D470",4163,4163,"Обсуждение:Мифопоэтика инсектного кода в романе В. Пелевина ""Жизнь насекомых""",1,470,"Богданова Снежанна",NA
"D510",4175,4175,"Обсуждение:Life (model)",1,510,"Yulia",NA
"D418",4176,4176,"Обсуждение:Fire (model)",1,418,"Fedorovaai",NA
"D374",4177,4177,"Обсуждение:CODAP",1,374,"PolezhaevaMA",NA
"D418",4177,4177,"Обсуждение:CODAP",1,418,"Fedorovaai",NA
"D418",4189,4189,"Обсуждение:Процесс отбора и появления новых пород",1,418,"Fedorovaai",NA
"D408",4241,4241,"Обсуждение:Психология собак",1,408,"Mouse",NA
"D3",4306,4306,"Обсуждение:Игра",1,3,"Patarakin",NA
"D3",4518,4518,"Обсуждение:Творчество Ивана Александровича Гончарова",1,3,"Patarakin",NA
"D3",4528,4528,"Обсуждение:Социотехническая система",1,3,"Patarakin",NA
"D553",4532,4532,"Обсуждение:Сравнение досуга столичного и московского дворянства второй половины XVIII века",1,553,"Валерия Назмиева",NA
"D552",4533,4533,"Обсуждение:Взаимодействие опричной и земской администраций",1,552,"Синицын Иван",NA
"D3",4534,4534,"Обсуждение:Бургхард Кристоф Миних. Историография",1,3,"Patarakin",NA
"D430",4534,4534,"Обсуждение:Бургхард Кристоф Миних. Историография",1,430,"Зинаида Новикова",NA
"D546",4534,4534,"Обсуждение:Бургхард Кристоф Миних. Историография",1,546,"Мария Плебух",NA
"D559",4549,4549,"Обсуждение:Создание гимназий, уездных и приходских училищ в Московском учебном округе в 1803-1825",1,559,"Волков Павел",NA
"D3",4550,4550,"Обсуждение:Деятельность великого князя Сергея Александровича на посту генерал-губернатора Москвы",1,3,"Patarakin",NA
"D569",4550,4550,"Обсуждение:Деятельность великого князя Сергея Александровича на посту генерал-губернатора Москвы",1,569,"Ольга Травкина",NA
"D539",4590,4590,"Обсуждение:Человеческие пороки в ""Маленьких трагедиях"" А.С. Пушкина",1,539,"Аннамурадов Довлет",NA
"D3",4665,4665,"Обсуждение:Дуальность города в текстах рэп-исполнителей",1,3,"Patarakin",NA
"D430",4683,4683,"Обсуждение:Новелла Серебряного века: проблемы классификации",1,430,"Зинаида Новикова",NA
"D469",4683,4683,"Обсуждение:Новелла Серебряного века: проблемы классификации",1,469,"Марина Луканина",NA
"D571",4700,4700,"Обсуждение:Явление ""нетчиков"" в службе провинциального дворянства в России в XVII в.",1,571,"Поздняков Глеб",NA
"D558",4730,4730,"Обсуждение:Обсуждение концепции ""Москва - Третий Рим"" на страницах журнала ""Русская беседа"" в период 1856—1860 гг.",1,558,"Сухоцкая Олеся",NA
"D3",4744,4744,"Обсуждение:Робот",1,3,"Patarakin",NA
"D3",4896,4896,"Обсуждение:The ABCs of How We Learn",1,3,"Patarakin",NA
"D3",4904,4904,"Обсуждение:How to Design Programs",1,3,"Patarakin",NA
"D3",4905,4905,"Обсуждение:Функция",1,3,"Patarakin",NA
"D3",4918,4918,"Обсуждение:LÖVE",1,3,"Patarakin",NA
"D437",4921,4921,"Обсуждение:Феминизация архетипа ""дева в беде"" в славянской мифологии в историческом контексте",1,437,"Синькова Анастасия",NA
"D3",4928,4928,"Обсуждение:Инженерное мышление",1,3,"Patarakin",NA
"D3",4966,4966,"Обсуждение:Data in Education Seminar/19 12 2024",1,3,"Patarakin",NA
"D3",4975,4975,"Обсуждение:Программирование — вторая грамотность",1,3,"Patarakin",NA
"D843",5015,5015,"Обсуждение:Wiki (инструмент)",1,843,"Катальникова Ирина",NA
"D3",5090,5090,"Обсуждение:Kodular",1,3,"Patarakin",NA
"D3",5173,5173,"Обсуждение:Как написать курсовую работу по программированию",1,3,"Patarakin",NA
"D3",5193,5193,"Обсуждение:Dart",1,3,"Patarakin",NA
"D3",5196,5196,"Обсуждение:Flutter",1,3,"Patarakin",NA
"D3",5205,5205,"Обсуждение:Android Studio",1,3,"Patarakin",NA
"D3",5213,5213,"Обсуждение:Жест",1,3,"Patarakin",NA
"D3",5217,5217,"Обсуждение:Computer graphics in Snap!",1,3,"Patarakin",NA
"D3",5219,5219,"Обсуждение:Субъектность",1,3,"Patarakin",NA
"D3",5245,5245,"Обсуждение:Schedule - приложение",1,3,"Patarakin",NA
"D3",5261,5261,"Обсуждение:Команды с мячиками",1,3,"Patarakin",NA
"D856",5261,5261,"Обсуждение:Команды с мячиками",1,856,"Склезнева Ксения",NA
"D3",5264,5264,"Обсуждение:Программирование (математики и физики)",1,3,"Patarakin",NA
"D3",5289,5289,"Обсуждение:Arduino",1,3,"Patarakin",NA
"D3",5392,5392,"Обсуждение:Трекер настроения",1,3,"Patarakin",NA
"D3",5702,5702,"Обсуждение:Линейная регрессия",1,3,"Patarakin",NA
"D3",5738,5738,"Обсуждение:Основы компьютерного моделирования (Syllabus)",1,3,"Patarakin",NA
"D3",5752,5752,"Обсуждение:Социально-экономическая статистика и эконометрика (syllabus)",1,3,"Patarakin",NA
"D1659",5752,5752,"Обсуждение:Социально-экономическая статистика и эконометрика (syllabus)",1,1659,"Губайдуллина Алина",NA
"D1174",5770,5770,"Обсуждение:Как скопировать данные в буфер обмена в Snap!",1,1174,"MarkovNA",NA
"D3",5843,5843,"Обсуждение:Аналитика мультимодальная",1,3,"Patarakin",NA
"D3",5849,5849,"Обсуждение:Технологии и инструменты цифрового образования (syllabus) 2025",1,3,"Patarakin",NA
"D3",5877,5877,"Обсуждение:Участники:Mironov",1,3,"Patarakin",NA
"D3",5977,5977,"Обсуждение:Методы информационного анализа текста (syllabus) 2025",1,3,"Patarakin",NA
"D3",5997,5997,"Обсуждение:Основы компьютерного моделирования (Syllabus) 2025",1,3,"Patarakin",NA
"D3",6033,6033,"Обсуждение:Систематизация образовательных практик взаимодействия людей и генеративных ИИ-агентов",1,3,"Patarakin",NA
"D1246",6080,6080,"Обсуждение:Русская классика на театральной сцене",1,1246,"Алина Борискина",NA
"D3",6248,6248,"Обсуждение:Исключение тенденции",1,3,"Patarakin",NA
"D7",6265,6265,"Обсуждение:Учи.ру",1,7,"Yarmakhov",NA
"D3",6283,6283,"Обсуждение:Метод наименьших квадратов",1,3,"Patarakin",NA
"D3",6284,6284,"Обсуждение:Multi-mediator model",1,3,"Patarakin",NA
"D3",6285,6285,"Обсуждение:Информационно-коммуникативные технологии в научной деятельности (syllabus) 2025",1,3,"Patarakin",NA
"D1171",6285,6285,"Обсуждение:Информационно-коммуникативные технологии в научной деятельности (syllabus) 2025",1,1171,"GawainGabhann",NA
"D3",6290,6290,"Обсуждение:Облачные технологии (Syllabus) 2025",1,3,"Patarakin",NA
"D7",6356,6356,"Обсуждение:Character.ai",1,7,"Yarmakhov",NA
"D1370",6356,6356,"Обсуждение:Character.ai",1,1370,"Маргарита",NA
"D1376",6356,6356,"Обсуждение:Character.ai",1,1376,"OksanaOS036",NA
"D1733",6356,6356,"Обсуждение:Character.ai",1,1733,"Кузнецов Кирилл",NA
"D1821",6356,6356,"Обсуждение:Character.ai",1,1821,"KornevaNS",NA
"D1254",6359,6359,"Обсуждение:Литература как терапия: как читать тексты для самопознания и снятия стресса",1,1254,"Подгорнова Инесса",NA
"D1369",6367,6367,"Обсуждение:Галлюцинация нейросетей",1,1369,"MrleN19",NA
"D1375",6367,6367,"Обсуждение:Галлюцинация нейросетей",1,1375,"Елизавета Ефимова-Финкель",NA
"D7",6369,6369,"Обсуждение:Персонализация (тренд)",1,7,"Yarmakhov",NA
"D1369",6369,6369,"Обсуждение:Персонализация (тренд)",1,1369,"MrleN19",NA
"D1375",6369,6369,"Обсуждение:Персонализация (тренд)",1,1375,"Елизавета Ефимова-Финкель",NA
"D7",6374,6374,"Обсуждение:ИИ-агент (Ростелеком Лицей)",1,7,"Yarmakhov",NA
"D1368",6374,6374,"Обсуждение:ИИ-агент (Ростелеком Лицей)",1,1368,"Анастасия014",NA
"D1371",6374,6374,"Обсуждение:ИИ-агент (Ростелеком Лицей)",1,1371,"KhazanovaAA",NA
"D1255",6380,6380,"Обсуждение:Психология повседневности в прозе Антона Чехова и Ги де Мопассана",1,1255,"Эскина Мария",NA
"D1255",6382,6382,"Обсуждение:Внедрение искусственного интеллекта в профессиональную деятельность филолога",1,1255,"Эскина Мария",NA
"D3",6400,6400,"Обсуждение:«Художественная речь»",1,3,"Patarakin",NA
"D3",6438,6438,"Обсуждение:Робототехника",1,3,"Patarakin",NA
"D3",6439,6439,"Обсуждение:Что делают в МЭШ учителя английского языка",1,3,"Patarakin",NA
"D3",6446,6446,"Обсуждение:Как провести регрессионный анализ",1,3,"Patarakin",NA
"D1193",6446,6446,"Обсуждение:Как провести регрессионный анализ",1,1193,"Kate",NA
"D1194",6446,6446,"Обсуждение:Как провести регрессионный анализ",1,1194,"Malena Buzdugan",NA
"D1195",6446,6446,"Обсуждение:Как провести регрессионный анализ",1,1195,"GavrikovVI843",NA
"D1197",6446,6446,"Обсуждение:Как провести регрессионный анализ",1,1197,"Григорий Глаголенко",NA
"D1198",6446,6446,"Обсуждение:Как провести регрессионный анализ",1,1198,"KryuchkovSR",NA
"D1199",6446,6446,"Обсуждение:Как провести регрессионный анализ",1,1199,"Евгения Будянская",NA
"D1200",6446,6446,"Обсуждение:Как провести регрессионный анализ",1,1200,"PanshinaZina",NA
"D1201",6446,6446,"Обсуждение:Как провести регрессионный анализ",1,1201,"OlesyaPirozhkova",NA
"D1202",6446,6446,"Обсуждение:Как провести регрессионный анализ",1,1202,"Дамдинова Кристина",NA
"D1204",6446,6446,"Обсуждение:Как провести регрессионный анализ",1,1204,"Хлебова Екатерина",NA
"D1205",6446,6446,"Обсуждение:Как провести регрессионный анализ",1,1205,"TyulenevAV",NA
"D1529",6446,6446,"Обсуждение:Как провести регрессионный анализ",1,1529,"DolzhenkovaPV",NA
"D1535",6446,6446,"Обсуждение:Как провести регрессионный анализ",1,1535,"ZatsepinNA",NA
"D1659",6446,6446,"Обсуждение:Как провести регрессионный анализ",1,1659,"Губайдуллина Алина",NA
"D1670",6446,6446,"Обсуждение:Как провести регрессионный анализ",1,1670,"Демина Валерия",NA
"D3",6448,6448,"Обсуждение:Minority Game",1,3,"Patarakin",NA
"D1290",6448,6448,"Обсуждение:Minority Game",1,1290,"Павлов Алексей",NA
"D3",6454,6454,"Обсуждение:Взаимосвязь развития математической компетентности и особенностей письменной и устной речи",1,3,"Patarakin",NA
"D3",6459,6459,"Обсуждение:Dynamic Learning Environments: Creating Courses with Semantic MediaWiki/Diagram",1,3,"Patarakin",NA
"D3",6467,6467,"Обсуждение:Влияние параметров визуальной составляющей креолизованного текста на восприятие бренда и потребительское поведение",1,3,"Patarakin",NA
"D1178",6467,6467,"Обсуждение:Влияние параметров визуальной составляющей креолизованного текста на восприятие бренда и потребительское поведение",1,1178,"Анастасия Синенькая",NA
"D3",6474,6474,"Обсуждение:Роль научно-психологических метафор в становлении профессионально-понятий",1,3,"Patarakin",NA
"D1170",6474,6474,"Обсуждение:Роль научно-психологических метафор в становлении профессионально-понятий",1,1170,"Аэлина Габидуллина",NA
"D3",6476,6476,"Обсуждение:Анализ временных рядов",1,3,"Patarakin",NA
"D3",6482,6482,"Обсуждение:Информационные системы (Syllabus) 2025",1,3,"Patarakin",NA
"D1367",6493,6493,"Обсуждение:SEL (social-emotional learning)",1,1367,"Alishari",NA
"D3",6495,6495,"Обсуждение:Wolf-Sheep Predation",1,3,"Patarakin",NA
"D1197",6495,6495,"Обсуждение:Wolf-Sheep Predation",1,1197,"Григорий Глаголенко",NA
"D1200",6495,6495,"Обсуждение:Wolf-Sheep Predation",1,1200,"PanshinaZina",NA
"D1377",6496,6496,"Обсуждение:Цифровой помощник (тренд)",1,1377,"Юлия Бусыгина",NA
"D1372",6503,6503,"Обсуждение:Педагогическая симуляция",1,1372,"DmitryRz",NA
"D1378",6503,6503,"Обсуждение:Педагогическая симуляция",1,1378,"Iulija 1998",NA
"D7",6504,6504,"Обсуждение:Цифровое зеркало",1,7,"Yarmakhov",NA
"D1372",6504,6504,"Обсуждение:Цифровое зеркало",1,1372,"DmitryRz",NA
"D1378",6504,6504,"Обсуждение:Цифровое зеркало",1,1378,"Iulija 1998",NA
"D1374",6515,6515,"Обсуждение:Мягкая саморегуляция",1,1374,"Tasya-Fe",NA
"D1376",6515,6515,"Обсуждение:Мягкая саморегуляция",1,1376,"OksanaOS036",NA
"D3",6530,6530,"Обсуждение:Матрица смежности",1,3,"Patarakin",NA
"D3",6537,6537,"Обсуждение:Small group discussion",1,3,"Patarakin",NA
"D1181",6542,6542,"Обсуждение:Взаимосвязь мотивации и речи у студентов в контексте получения высшего образования",1,1181,"Ирина Фейнберг",NA
"D3",6562,6562,"Обсуждение:Особенности самопрезентации психолога в цифровой среде",1,3,"Patarakin",NA
"D1173",6562,6562,"Обсуждение:Особенности самопрезентации психолога в цифровой среде",1,1173,"Айжан Ужинкина",NA
"D3",6580,6580,"Обсуждение:Практическое задание по анализу временных рядов",1,3,"Patarakin",NA
"D1193",6580,6580,"Обсуждение:Практическое задание по анализу временных рядов",1,1193,"Kate",NA
"D1194",6580,6580,"Обсуждение:Практическое задание по анализу временных рядов",1,1194,"Malena Buzdugan",NA
"D1195",6580,6580,"Обсуждение:Практическое задание по анализу временных рядов",1,1195,"GavrikovVI843",NA
"D1197",6580,6580,"Обсуждение:Практическое задание по анализу временных рядов",1,1197,"Григорий Глаголенко",NA
"D1198",6580,6580,"Обсуждение:Практическое задание по анализу временных рядов",1,1198,"KryuchkovSR",NA
"D1199",6580,6580,"Обсуждение:Практическое задание по анализу временных рядов",1,1199,"Евгения Будянская",NA
"D1200",6580,6580,"Обсуждение:Практическое задание по анализу временных рядов",1,1200,"PanshinaZina",NA
"D1201",6580,6580,"Обсуждение:Практическое задание по анализу временных рядов",1,1201,"OlesyaPirozhkova",NA
"D1202",6580,6580,"Обсуждение:Практическое задание по анализу временных рядов",1,1202,"Дамдинова Кристина",NA
"D1204",6580,6580,"Обсуждение:Практическое задание по анализу временных рядов",1,1204,"Хлебова Екатерина",NA
"D1205",6580,6580,"Обсуждение:Практическое задание по анализу временных рядов",1,1205,"TyulenevAV",NA
"D1529",6580,6580,"Обсуждение:Практическое задание по анализу временных рядов",1,1529,"DolzhenkovaPV",NA
"D1535",6580,6580,"Обсуждение:Практическое задание по анализу временных рядов",1,1535,"ZatsepinNA",NA
"D1659",6580,6580,"Обсуждение:Практическое задание по анализу временных рядов",1,1659,"Губайдуллина Алина",NA
"D1670",6580,6580,"Обсуждение:Практическое задание по анализу временных рядов",1,1670,"Демина Валерия",NA
"D1280",6740,6740,"Обсуждение:Проектный метод в дифференцированном обучении умным системам учащихся 5",1,1280,"Pospelov",NA
"D3",6786,6786,"Обсуждение:Методы анализа больших данных (Syllabus) 2025",1,3,"Patarakin",NA
"D1371",6823,6823,"Обсуждение:ИИ-агент (МГПУ)",1,1371,"KhazanovaAA",NA
"D1287",6835,6835,"Обсуждение:Air Pollution - Buses and Cars",1,1287,"KhlopkovVE518",NA
"D1397",6850,6850,"Обсуждение:Перевернутый класс",1,1397,"Денис Осокин",NA
"D1631",6850,6850,"Обсуждение:Перевернутый класс",1,1631,"Grrbasis",NA
"D1642",6914,6914,"Обсуждение:Ассинхронное обучение",1,1642,"Перепелятникова Анастасия",NA
"D1643",6914,6914,"Обсуждение:Ассинхронное обучение",1,1643,"Середняк Ярослав",NA
"D1642",6916,6916,"Обсуждение:Varvara VR",1,1642,"Перепелятникова Анастасия",NA
"D1643",6916,6916,"Обсуждение:Varvara VR",1,1643,"Середняк Ярослав",NA
"D3",6948,6948,"Обсуждение:Wealth Distribution",1,3,"Patarakin",NA
"D1193",6948,6948,"Обсуждение:Wealth Distribution",1,1193,"Kate",NA
"D1194",6948,6948,"Обсуждение:Wealth Distribution",1,1194,"Malena Buzdugan",NA
"D1197",6948,6948,"Обсуждение:Wealth Distribution",1,1197,"Григорий Глаголенко",NA
"D1200",6948,6948,"Обсуждение:Wealth Distribution",1,1200,"PanshinaZina",NA
"D1204",6948,6948,"Обсуждение:Wealth Distribution",1,1204,"Хлебова Екатерина",NA
"D3",6981,6981,"Обсуждение:Проект для курса социально-экономической статистики и эконометрики",1,3,"Patarakin",NA
"D3",6997,6997,"Обсуждение:Психологические стратегии критического игнорирования в интернет-среде",1,3,"Patarakin",NA
"D3",7051,7051,"Обсуждение:VOYANT Tools",1,3,"Patarakin",NA
"D3",7069,7069,"Обсуждение:Ethnocentrism (model)",1,3,"Patarakin",NA
"D1193",7069,7069,"Обсуждение:Ethnocentrism (model)",1,1193,"Kate",NA
"D1194",7069,7069,"Обсуждение:Ethnocentrism (model)",1,1194,"Malena Buzdugan",NA
"D1200",7069,7069,"Обсуждение:Ethnocentrism (model)",1,1200,"PanshinaZina",NA
"D1201",7069,7069,"Обсуждение:Ethnocentrism (model)",1,1201,"OlesyaPirozhkova",NA
"D3",7080,7080,"Обсуждение:Team Assembly (model)",1,3,"Patarakin",NA
"D1288",7081,7081,"Обсуждение:Segregation (model)",1,1288,"Artomchik mgpuev",NA
"D3",7102,7102,"Обсуждение:Butterfly model new",1,3,"Patarakin",NA
"D1288",7102,7102,"Обсуждение:Butterfly model new",1,1288,"Artomchik mgpuev",NA
"D1296",7102,7102,"Обсуждение:Butterfly model new",1,1296,"Полина Чижикова",NA
"D3",7120,7120,"Обсуждение:School Choice ABM",1,3,"Patarakin",NA
"D1195",7120,7120,"Обсуждение:School Choice ABM",1,1195,"GavrikovVI843",NA
"D1295",7120,7120,"Обсуждение:School Choice ABM",1,1295,"Irina",NA
"D3",7163,7163,"Обсуждение:Language Change",1,3,"Patarakin",NA
"D1244",7204,7204,"Обсуждение:РУССКАЯ ЛИТЕРАТУРА: Серебряный век русской литературы: поэзия, бунт и пророчество на пороге катастрофы",1,1244,"Климкина Полина",NA
"D1244",7206,7206,"Обсуждение:РУССКАЯ ЛИТЕРАТУРА: ДИАЛОГ ЭПОХ И ХУДОЖЕСТВЕННЫХ СИСТЕМ»",1,1244,"Климкина Полина",NA
"D1516",7242,7242,"Обсуждение:Национальный вопрос в годы Великой российской революции 1917 года",1,1516,"Ковалев Никита",NA
"D3",7244,7244,"Обсуждение:Эксперименты с моделью School Choice ABM",1,3,"Patarakin",NA
"D1201",7244,7244,"Обсуждение:Эксперименты с моделью School Choice ABM",1,1201,"OlesyaPirozhkova",NA
"D1204",7244,7244,"Обсуждение:Эксперименты с моделью School Choice ABM",1,1204,"Хлебова Екатерина",NA
"D3",7296,7296,"Обсуждение:Московское купечество",1,3,"Patarakin",NA
"D1288",7417,7417,"Обсуждение:Traffic jams",1,1288,"Artomchik mgpuev",NA
"D1292",7417,7417,"Обсуждение:Traffic jams",1,1292,"Daria",NA
"D1641",7488,7488,"Обсуждение:Политика антибольшевиков Сибири в 1918-1919 гг.",1,1641,"Туманов Даниил",NA
"D1294",7506,7506,"Обсуждение:Модель Лотки — Вольтерры",1,1294,"Kalinina",NA
"D3",7508,7508,"Обсуждение:Simple Economy",1,3,"Patarakin",NA
"D1287",7508,7508,"Обсуждение:Simple Economy",1,1287,"KhlopkovVE518",NA
"D1298",7508,7508,"Обсуждение:Simple Economy",1,1298,"Daria Mukomolova",NA
"D3",7523,7523,"Обсуждение:Random Basic Advanced",1,3,"Patarakin",NA
"D1563",7523,7523,"Обсуждение:Random Basic Advanced",1,1563,"Maria Ledneva",NA
"D3",7534,7534,"Обсуждение:Flocking(model)",1,3,"Patarakin",NA
"D1199",7534,7534,"Обсуждение:Flocking(model)",1,1199,"Евгения Будянская",NA
"D1202",7534,7534,"Обсуждение:Flocking(model)",1,1202,"Дамдинова Кристина",NA
"D1659",7534,7534,"Обсуждение:Flocking(model)",1,1659,"Губайдуллина Алина",NA
"D1289",7543,7543,"Обсуждение:Virus on a Network",1,1289,"Yana",NA
"D3",7596,7596,"Обсуждение:KryuchkovZatsepinZhiltsov/Urban Suite - Economic Disparity",1,3,"Patarakin",NA
"D3",7602,7602,"Обсуждение:KhlebovaPirozhkova/School Choice ABM",1,3,"Patarakin",NA
"D3",7642,7642,"Обсуждение:Segregation(model)",1,3,"Patarakin",NA
"D1176",7707,7707,"Обсуждение:Трансформация картины мира старшеклассников в процессе овладения иноязычной письменной речью",1,1176,"Столярова Софья",NA
"D1929",7747,7747,"Обсуждение:School Education Competition",1,1929,"Alekseichevama",NA
"D3",7775,7775,"Обсуждение:Дисперсионный анализ",1,3,"Patarakin",NA
"D3",7811,7811,"Обсуждение:StatKey",1,3,"Patarakin",NA
"D1246",7929,7929,"Обсуждение:Эволюция российского театра в призме русской литературы",1,1246,"Алина Борискина",NA
"D1179",8017,8017,"Обсуждение:Гипертекст",1,1179,"Грабаровская Анастасия",NA
"D3",8199,8199,"Обсуждение:Программирование и лингвистические данные (syllabus)",1,3,"Patarakin",NA
"D3",8201,8201,"Обсуждение:MediaWiki API",1,3,"Patarakin",NA
"D3",8233,8233,"Обсуждение:Телеграм-бот для поиска фотографий через API-ключ фотостока",1,3,"Patarakin",NA
"D3",8243,8243,"Обсуждение:Методы обработки больших данных (syllabus)",1,3,"Patarakin",NA
"D3",8344,8344,"Обсуждение:Анализ частот встречаемости слов",1,3,"Patarakin",NA
"D3",8345,8345,"Обсуждение:Как провести семантический анализ текста",1,3,"Patarakin",NA
"D3",8352,8352,"Обсуждение:Lua/Test",1,3,"Patarakin",NA
"D3",8353,8353,"Обсуждение:Digida2026",1,3,"Patarakin",NA
"D3",8354,8354,"Обсуждение:DigidaCollab 02 2026",1,3,"Patarakin",NA
"D3",8362,8362,"Обсуждение:ScratchWikis2026",1,3,"Patarakin",NA
"D3",8363,8363,"Обсуждение:Сравнение агентных моделей информационных систем",1,3,"Patarakin",NA
"D2302",8363,8363,"Обсуждение:Сравнение агентных моделей информационных систем",1,2302,"Видинеев Леонид",NA
"D3",8440,8440,"Обсуждение:Стигмергия",1,3,"Patarakin",NA
"D3",8446,8446,"Обсуждение:Как посчитать метрики командности (GitLab)",1,3,"Patarakin",NA
"D3",8477,8477,"Обсуждение:Краткая история русской литературы XVIII века",1,3,"Patarakin",NA
"D3",8547,8547,"Обсуждение:Активное эссе",1,3,"Patarakin",NA
"D3",8650,8650,"Обсуждение:Изучение Small group discussion",1,3,"Patarakin",NA
"D3",8651,8651,"Обсуждение:Макроскоп",1,3,"Patarakin",NA
"D2283",8652,8652,"Обсуждение:Индекс Морана",1,2283,"Софронова Кира",NA
"D2283",8653,8653,"Обсуждение:Социальная статистика",1,2283,"Софронова Кира",NA
"D2267",8673,8673,"Обсуждение:Изучение данных ScratchWikis2026",1,2267,"Gorskina Tatyana Vladimirovna",NA
"D2268",8673,8673,"Обсуждение:Изучение данных ScratchWikis2026",1,2268,"Ольга Лапшенкова",NA
